S1,S2,S3,S4,S5,S6,S7,S8
1.000297912,1.000771268,1.00033946,1.000257009,0.998080341,1.000014136,1.004135525,1.000755235
1.000640149,1.001150622,1.000613513,1.00024761,0.997360571,1.000195346,1.003892208,1.000738073
1.000086502,1.001542431,1.001062142,1.000016226,0.997120661,1.000114994,1.003648898,1.000744505
0.999036448,1.001917914,1.001537649,1.000477922,0.997600488,1.000012158,1.004378848,1.000763695
0.998861603,1.00236288,1.002173206,1.000691031,0.997360571,0.999960941,1.004622177,1.000715268
0.998670343,1.002863021,1.0027504,1.000689424,0.997360571,0.999870512,1.004622177,1.000825523
0.998666406,1.003240217,1.003297849,1.000220904,0.996880756,0.999769364,1.005108854,1.000781538
0.99814172,1.002910873,1.003314227,1.000220107,0.997600488,0.999731546,1.005352203,1.000997806
0.998133119,1.002802503,1.00351816,1.000218032,0.997840411,0.999604464,1.005108854,1.000778414
0.997761757,1.00244091,1.00375209,0.999986742,0.997360571,0.999348459,1.004865513,1.000738808
0.99705569,1.002003734,1.003653584,1.000205765,0.997360571,0.999367017,1.004865513,1.000752887
0.996879323,1.002115179,1.003604847,1.000663822,0.997360571,0.998991248,1.004135525,1.000840271
0.996340398,1.002272695,1.003534093,1.000658439,0.996880756,0.99863427,1.004865513,1.000788769
0.995988792,1.002537265,1.003506646,0.999964324,0.996640858,0.998297091,1.004378848,1.000548679
0.995620414,1.00264515,1.003446168,0.999257181,0.997600488,0.997982144,1.003648898,1.000553818
0.995616785,1.002959903,1.00346593,0.999487449,0.997120661,0.997551919,1.003892208,1.000612169
0.995263166,1.003516134,1.003404204,0.999486583,0.997840411,0.997290689,1.003892208,1.000631658
0.995429885,1.003779013,1.003051148,0.999716836,0.999280081,0.996843757,1.003405594,1.000638987
0.995946447,1.003917995,1.002869401,0.999945698,0.999520048,0.996428202,1.00267572,1.000552091
0.996229904,1.003664768,1.002457909,1.000405166,1.000239985,0.996111104,1.001702642,1.000362115
0.996576278,1.003251258,1.001835974,1.000617644,1.000719975,0.99584249,1.000729666,1.000095902
0.9962261,1.002695212,1.001316347,1.002001283,1.001680029,0.995676137,1.000486438,1.000172282
0.996216871,1.002106761,1.000861341,1.001996819,1.002640182,0.995364676,0.999756791,1.000176274
0.996893031,1.001522644,1.000398309,1.002919455,1.003360363,0.995204457,0.999513587,1.000068414
0.99792421,1.001026671,0.999939161,1.002221051,1.003600435,0.995003314,0.999513587,0.999939244
0.997744689,1.000776839,0.999472104,1.002449778,1.003600435,0.994520699,0.998540838,0.999609966
0.997913127,1.000069196,0.999239886,1.002677836,1.003840514,0.994095687,0.998297667,0.999031072
0.997713753,0.999435871,0.998888189,1.002213257,1.00432069,0.99372666,0.997811342,0.998686839
0.997697365,0.999407872,0.999187419,1.001741285,1.004800892,0.993366196,0.997325043,0.99812919
0.997684012,0.999214364,0.999267685,1.001508118,1.004560788,0.993063878,0.997811342,0.997918747
0.997291561,0.998982671,0.999275099,1.002198163,1.005041002,0.992916205,0.997811342,0.997593478
0.997456247,0.998689384,0.999281996,1.001265869,1.004560788,0.992598342,0.99756819,0.997216865
0.997445648,0.998547065,0.999329729,1.000800081,1.004560788,0.992565279,0.99756819,0.996936538
0.99778454,0.998550957,0.999388306,1.000798969,1.005281118,0.992242882,0.997325043,0.996554082
0.998303139,0.99846203,0.999029244,1.000798035,1.005041002,0.992136918,0.996595642,0.996173584
0.99811434,0.998538503,0.998781631,1.001252572,1.004800892,0.991778564,0.996595642,0.995734992
0.998623619,0.998569146,0.998750531,1.000553701,1.004800892,0.991472914,0.996352521,0.995290793
0.99861841,0.998434252,0.99864741,1.000546415,1.004080599,0.991005107,0.995866297,0.994993624
0.998423064,0.998552572,0.998728638,0.999608201,1.003120296,0.990776788,0.995866297,0.994668652
0.998075033,0.998602109,0.998650972,0.999144664,1.003120296,0.990509723,0.996838769,0.994350362
0.998057855,0.998661287,0.998662901,0.999137867,1.002640182,0.9901001,0.996838769,0.994114025
0.997664791,0.998561609,0.998775422,0.998432966,1.002160093,0.989858799,0.997081903,0.993909582
0.998000765,0.998614673,0.998939508,0.998199204,1.001440006,0.989629135,0.997325043,0.993578488
0.997975669,0.998336975,0.998839742,0.998429196,1.000959979,0.989583328,0.998297667,0.993139117
0.997274043,0.997986915,0.998618378,0.99819777,1,0.989515144,0.999513587,0.992824868
0.996519994,0.997712821,0.998388831,0.99888558,0.999760021,0.989632448,0.9990272,0.99246904
0.996848614,0.997126441,0.997986169,0.998420171,0.999520048,0.989952371,0.998540838,0.992195428
0.996674554,0.996978895,0.997498145,0.998414757,0.999280081,0.990072083,0.998784016,0.99220445
0.99660743,0.996772955,0.997036556,0.999336103,0.999280081,0.990189764,0.998297667,0.99209983
0.996605051,0.99665304,0.996585188,0.99978688,0.998560218,0.990249391,0.9990272,0.991950886
0.996257092,0.996500753,0.996026768,0.999783292,0.998800166,0.990492047,0.998540838,0.991676843
0.996423601,0.996466768,0.99562851,0.998624759,0.998320276,0.990578574,0.998054501,0.991509758
0.996419487,0.996659477,0.995194177,0.999315868,0.998320276,0.990965322,0.99756819,0.991261309
0.996760555,0.997237866,0.995050055,0.999297381,0.998320276,0.99119252,0.998054501,0.991028171
0.996717528,0.997654343,0.994956049,0.99951954,0.998320276,0.991307964,0.997811342,0.99091779
0.996699328,0.998225181,0.995266999,0.999981774,0.997840411,0.991161467,0.998297667,0.990878224
0.996850121,0.998510842,0.995444654,0.999745753,0.998080341,0.991341422,0.998297667,0.990835153
0.996803125,0.998841192,0.995470505,1.000205491,0.998560218,0.991619071,0.997811342,0.990790173
0.997145234,0.999177067,0.995582075,1.000202533,0.998800166,0.9917906,0.997811342,0.990540644
0.997314344,0.999578613,0.995671229,1.000661785,0.998800166,0.991960715,0.998054501,0.990340876
0.997661132,0.99996037,0.995887808,1.000425576,0.998320276,0.992188304,0.998054501,0.990182185
0.997651522,0.99966418,0.995968858,1.000654891,0.999040121,0.992408002,0.998297667,0.990083806
0.997467291,0.999230907,0.996091584,1.001116961,0.999520048,0.992966006,0.998784016,0.989974638
0.99676679,0.998744707,0.996093119,1.00042303,0.999280081,0.993513957,0.999513587,0.990004598
0.996411277,0.998553648,0.996384519,1.000186856,0.998800166,0.99383062,0.999270391,0.990013361
0.996362622,0.998395487,0.996757903,0.999952793,0.999040121,0.994155123,0.998784016,0.989808987
0.996183927,0.998247092,0.997178799,0.999712069,0.999040121,0.994378269,0.999270391,0.989912771
0.995479034,0.998097839,0.997666668,0.999474718,0.999280081,0.994752464,1.000972901,0.989971347
0.99547421,0.997896703,0.998036635,0.99900174,0.999040121,0.995030171,1.001459389,0.989838252
0.99512442,0.997695138,0.998443867,0.998998638,0.999280081,0.995310415,1.002432441,0.989683404
0.995095649,0.997819092,0.999054278,0.99922956,0.999280081,0.995486249,1.001459389,0.989526598
0.99561709,0.997950251,0.999477021,0.999688838,0.999280081,0.99564892,1.001216142,0.989541429
0.996129463,0.99814409,0.999906674,1.000377476,1,0.995871501,1.001945902,0.989482444
0.996295018,0.998031612,1.000248878,1.000139326,0.999760021,0.995827528,1.001702642,0.989541855
0.995946654,0.997477311,1.000263477,0.99967222,0.999760021,0.996057533,1.001216142,0.989559128
0.995932267,0.996865673,1.000213356,0.999204293,0.999040121,0.996236031,1.001216142,0.98954943
0.995925582,0.996313247,1.000371586,0.998509727,0.999520048,0.996507568,1.000972901,0.989663807
0.995729907,0.995862555,1.000410019,0.998732793,0.998800166,0.996783421,1.000729666,0.989732592
0.995709563,0.99531096,1.000332282,0.998484674,0.998800166,0.99703659,1.000729666,0.989661692
0.995356057,0.994666444,0.999827084,0.998477837,0.998560218,0.996938386,1.000486438,0.989664869
0.995510172,0.994035936,0.999677272,0.998010951,0.998560218,0.996674365,1.000729666,0.989613281
0.99549613,0.993403013,0.999320779,0.998008213,0.998320276,0.996356331,0.999756791,0.989567394
0.995315495,0.993462535,0.999173972,0.998001463,0.997840411,0.9961585,0.999756791,0.989486828
0.99566047,0.993731941,0.998934507,0.99776881,0.996880756,0.995565425,0.999513587,0.989546027
0.996171133,0.993925101,0.998691464,0.997994651,0.996880756,0.995042827,0.999756791,0.989411722
0.996155379,0.994201468,0.998393819,0.998222105,0.997120661,0.994538692,0.999513587,0.989209165
0.996320877,0.994407087,0.99808899,0.997751539,0.996880756,0.994013827,0.998540838,0.989167917
0.996312694,0.994692856,0.997785772,0.997275845,0.996400966,0.993506156,0.997811342,0.989010884
0.996473565,0.994645346,0.997487023,0.99727293,0.99616108,0.993165062,0.997325043,0.989015999
0.996992963,0.995418413,0.997096624,0.997728794,0.99616108,0.992416132,0.996838769,0.98886637
0.997677273,0.996156044,0.996707218,0.997495931,0.9959212,0.991648492,0.997081903,0.988789334
0.998017287,0.996669154,0.996224996,0.997495704,0.996640858,0.991087157,0.99756819,0.98880365
0.997842461,0.99715415,0.995818373,0.997027691,0.99616108,0.990480578,0.997811342,0.98867968
0.998013496,0.997717293,0.995393989,0.997248896,0.9959212,0.989747685,0.998054501,0.98857293
0.998342664,0.998298555,0.994989562,0.99701545,0.9959212,0.989094001,0.998540838,0.988481244
0.999012955,0.998825426,0.994664661,0.997236178,0.996400966,0.988398858,0.998540838,0.9885183
0.999703165,0.999284868,0.994251621,0.997465854,0.996880756,0.987767569,0.998784016,0.988397935
0.999694072,0.998878148,0.993964694,0.997927179,0.997120661,0.987506075,0.999513587,0.988376808
1.000213914,0.998676096,0.993558348,0.997927112,0.997360571,0.987208667,0.999513587,0.988183274
1.000178666,0.998651072,0.993199495,0.997917333,0.997600488,0.986957676,0.999270391,0.987931203
1.000523424,0.998662995,0.993099781,0.997452274,0.997360571,0.987011849,0.999270391,0.987904261
1.000515491,0.998567786,0.992924378,0.997675649,0.997360571,0.987250509,0.998784016,0.987783098
1.00033926,0.998571989,0.992843905,0.997883648,0.997360571,0.987467404,1,0.987620305
1.000686116,0.998477398,0.992589336,0.997646204,0.997360571,0.987762099,0.999513587,0.987577562
1.000650573,0.998430274,0.992497347,0.997406802,0.997360571,0.987960245,0.999270391,0.98739071
1.000994025,0.998460408,0.992480368,0.997856942,0.998080341,0.988199045,0.9990272,0.987516631
1.000983411,0.998564661,0.992496774,0.997157796,0.998080341,0.988145393,0.999270391,0.987364725
1.001327865,0.998615178,0.992701319,0.997844131,0.998560218,0.988147316,1,0.98728016
1.001663118,0.998537085,0.992729357,0.998074928,0.998800166,0.988158916,1,0.987251293
1.002184898,0.998703362,0.992884164,0.998536095,0.999280081,0.987948327,1,0.987273054
1.001626379,0.998069905,0.993101502,0.998517888,0.999760021,0.988220063,0.999756791,0.987309473
1.00179347,0.997463098,0.99330929,0.998505495,0.999520048,0.988492655,0.999513587,0.987217746
1.001428108,0.996881721,0.993547136,0.998021015,0.998560218,0.988692218,0.999513587,0.987234606
1.001233314,0.996366584,0.993709212,0.99801742,0.998560218,0.988987158,0.999513587,0.987106888
1.000795925,0.995758178,0.99393133,0.998244524,0.998560218,0.989331521,0.999270391,0.986992042
1.000094727,0.995058055,0.994084404,0.998237037,0.998800166,0.989523704,0.9990272,0.986851646
0.999569271,0.994188523,0.994032532,0.998697023,0.998080341,0.989705656,0.999513587,0.986836781
0.999390282,0.993421531,0.994042507,0.999145447,0.997840411,0.989871388,1,0.986787629
0.998842109,0.993544634,0.993900298,0.99844348,0.997840411,0.989659191,0.999270391,0.986568606
0.998663781,0.993395094,0.99396028,0.998442898,0.997120661,0.989446109,0.998784016,0.986603683
0.998489585,0.993295029,0.99391478,0.998442674,0.996640858,0.989193333,0.998784016,0.986667702
0.997959664,0.993144218,0.993918299,0.998899892,0.997120661,0.989049786,0.998784016,0.986540106
0.997587813,0.992996292,0.993975172,0.999359471,0.997120661,0.988872013,0.9990272,0.98643071
0.997397392,0.992891259,0.993885174,0.999815285,0.997360571,0.988694149,0.998784016,0.98652407
0.996855942,0.992443606,0.993739519,0.999120281,0.996880756,0.988457876,0.999270391,0.986505995
0.997185557,0.992097234,0.993379494,0.999576626,0.997600488,0.988249322,0.999270391,0.986458594
0.997011265,0.991750251,0.993055202,0.999326105,0.996640858,0.988018349,0.998540838,0.986195639
0.997523495,0.991308581,0.99257234,1.000008707,0.99616108,0.987965926,0.998784016,0.986093625
0.997346451,0.990910405,0.991893349,0.999770809,0.995681327,0.987915495,0.998297667,0.985875447
0.997518538,0.990514907,0.991434563,1.000233216,0.99544146,0.98785145,0.998540838,0.985579689
0.997509539,0.990215865,0.99092515,0.999997663,0.995201599,0.98785527,0.998054501,0.985333116
0.998205102,0.990069831,0.990372762,0.999989001,0.994961744,0.98776347,0.998540838,0.98513941
0.997828794,0.989818964,0.989905173,0.99975219,0.99544146,0.987805088,0.998297667,0.985038283
0.997987727,0.989747898,0.989718422,0.999741221,0.99544146,0.987916025,0.998054501,0.984787229
0.998159509,0.989462485,0.989966322,1.000192574,0.99544146,0.987882309,0.997325043,0.984645756
0.997810308,0.989160131,0.990167425,0.999262288,0.995201599,0.987837264,0.997325043,0.984499943
0.998331458,0.989086178,0.99053499,0.999012439,0.994961744,0.988015733,0.997325043,0.984320054
0.998154394,0.989102605,0.991017747,0.998540838,0.995201599,0.988244783,0.997081903,0.984065243
0.997969908,0.989104083,0.991449034,0.998770975,0.995201599,0.988420918,0.996352521,0.983859546
0.998143421,0.989010309,0.99188475,0.999224218,0.994961744,0.988498344,0.996838769,0.983852654
0.998316443,0.988969903,0.992261884,0.999917735,0.995681327,0.988594999,0.998297667,0.983702306
0.998466949,0.988822372,0.99262334,0.999915757,0.9959212,0.988729341,0.998784016,0.983591093
0.998755108,0.989289941,0.992579102,1.000143769,0.9959212,0.98852081,0.998784016,0.98351523
0.998518865,0.98994744,0.992337476,0.99898073,0.99544146,0.988340627,0.9990272,0.983362088
0.998683052,0.990669858,0.992176788,0.998747254,0.995201599,0.98813645,0.998540838,0.983035294
0.998681353,0.991668868,0.992030909,0.998967944,0.995201599,0.987900404,0.998784016,0.982906764
0.998146533,0.992576563,0.992085434,0.998498771,0.994961744,0.987703551,0.998540838,0.982788947
0.997768864,0.99329843,0.992154051,0.998031196,0.995201599,0.987491511,0.998054501,0.982699168
0.997226483,0.994039246,0.992191874,0.997792614,0.99544146,0.987329414,0.998297667,0.982541102
0.99677738,0.994899134,0.992416708,0.997552688,0.994961744,0.987173879,0.998297667,0.982500198
0.996601789,0.995834227,0.992417721,0.997087384,0.99544146,0.987053603,0.998054501,0.982413282
0.996053293,0.995749269,0.991666171,0.996624326,0.994961744,0.985805097,0.997811342,0.982101139
1.012597392,0.999245438,0.993537698,1.002631418,0.997360571,0.985065711,0.997811342,0.981799165
1.029710205,1.002604904,0.995398305,1.009336373,0.999520048,0.984332358,0.997811342,0.981341144
1.0468624,1.005935477,0.996964017,1.016283275,1.002640182,0.98362932,0.998540838,0.980980102
1.063712797,1.009417157,0.998104086,1.02253781,1.00552124,0.982962436,0.999756791,0.980685831
1.081126282,1.012771525,0.999299805,1.029494391,1.008403196,0.982262068,0.999513587,0.980368445
1.098400298,1.016077927,1.000448821,1.036917292,1.011286049,0.981356842,0.999513587,0.980054805
1.115902099,1.019512625,1.001568581,1.043646965,1.014169801,0.980642356,0.999513587,0.979503334
1.132565618,1.022899228,1.002685563,1.04922442,1.016573614,0.979857326,0.999513587,0.979141856
1.143540936,1.025778085,1.003667223,1.053393697,1.017535314,0.97988441,0.999270391,0.979013588
1.155290106,1.028677887,1.004919741,1.057349337,1.018737579,0.980260268,0.999270391,0.97892882
1.166871977,1.031923674,1.006291894,1.061771027,1.020421013,0.980676368,0.999270391,0.978725582
1.179520232,1.034327687,1.008077098,1.066194954,1.0218642,0.981228736,0.999756791,0.978529803
1.192402773,1.036638771,1.010136419,1.071540772,1.024510627,0.981817235,1,0.978378741
1.204959892,1.038803543,1.01208203,1.075267438,1.026435777,0.982461724,1.000972901,0.978446774
1.2177066,1.041009741,1.014087943,1.079924081,1.028361326,0.983235881,1.001216142,0.978293404
1.230121822,1.04334349,1.016175601,1.084821972,1.030528048,0.983901603,1.001945902,0.978264781
1.242716999,1.045727841,1.018186205,1.08994617,1.032936111,0.984628225,1.003405594,0.978218224
1.257898364,1.048328782,1.020628449,1.095086215,1.035103903,0.985518479,1.003162296,0.978289283
1.273837631,1.051450032,1.023099935,1.101155342,1.038236053,0.986276201,1.004378848,0.978469177
1.289439066,1.054259594,1.02547236,1.106767614,1.039923035,0.98701572,1.005108854,0.978749514
1.305615143,1.058158466,1.028802186,1.112619345,1.042815717,0.988856158,1.005595557,0.979109532
1.303417638,1.058329416,1.02937889,1.111677053,1.041851389,0.990103707,1.005352203,0.979534717
1.301040101,1.058512049,1.029941876,1.110037875,1.041851389,0.991413117,1.004865513,0.980090472
1.29866638,1.058489364,1.030518909,1.108160771,1.040887162,0.992548405,1.004865513,0.980661627
1.297198355,1.058646997,1.031119416,1.106988058,1.040405086,0.993757288,1.004378848,0.981083869
1.294825478,1.058704241,1.031682362,1.105580045,1.039441009,0.994998829,1.004378848,0.981695995
1.293186208,1.059128114,1.032406452,1.103472578,1.038477032,0.996863369,1.004135525,0.982406867
1.292627051,1.058962773,1.033177806,1.102299746,1.037513156,0.998465306,1.004378848,0.983100615
1.292438574,1.058952831,1.033985703,1.101593629,1.037513156,1.000058028,1.004378848,0.983711958
1.298600723,1.059436749,1.035121744,1.102525404,1.038959008,1.00082135,1.004622177,0.984100022
1.303883818,1.059848819,1.035848065,1.102983504,1.039200005,1.001217784,1.004865513,0.984509824
1.309532695,1.060035405,1.03649604,1.104602472,1.039441009,1.001545322,1.005108854,0.984963143
1.313887754,1.060471429,1.037265337,1.105525365,1.039923035,1.001981773,1.005595557,0.985387839
1.318450907,1.06080692,1.0379175,1.10598865,1.039441009,1.002422387,1.005838918,0.985888634
1.323017901,1.061234982,1.038685924,1.107158563,1.039441009,1.002788054,1.004865513,0.986250387
1.328303185,1.061645696,1.039090664,1.107844636,1.039923035,1.003374808,1.004865513,0.986675682
1.333235484,1.062118347,1.039530757,1.109716787,1.038718017,1.003705634,1.005595557,0.98730717
1.337808955,1.062570502,1.039915008,1.110862274,1.038718017,1.00405952,1.005352203,0.987833451
1.340552404,1.062737198,1.039922092,1.112265701,1.038959008,1.004348896,1.005838918,0.988281097
1.342195023,1.062421542,1.039895086,1.112254844,1.038718017,1.004690316,1.005595557,0.988603179
1.343837499,1.062415748,1.039915671,1.112951523,1.038477032,1.004981576,1.005838918,0.988905306
1.345105962,1.062273582,1.039873801,1.113870457,1.037754115,1.005271703,1.006325658,0.989266415
1.346743586,1.062128466,1.039875859,1.114556081,1.037995081,1.005608473,1.007299215,0.989685466
1.348393122,1.061987509,1.040010839,1.115958639,1.037031255,1.005887966,1.009246632,0.990098288
1.350961532,1.062216967,1.040283057,1.116425939,1.036308451,1.006330378,1.009003183,0.99036808
1.35260506,1.062922466,1.040668293,1.116654998,1.036308451,1.006658053,1.009003183,0.990930971
1.35517526,1.063757325,1.041211309,1.11758809,1.037272202,1.007052424,1.009490087,0.991230165
1.356446808,1.064287895,1.041536274,1.118288734,1.037754115,1.007024658,1.010463972,0.991511207
1.356993257,1.065407112,1.041813097,1.118513949,1.038236053,1.007119339,1.01070746,0.991779443
1.357535879,1.066361457,1.041989746,1.118978006,1.038236053,1.007195943,1.01070746,0.992121082
1.358085983,1.067550956,1.042287499,1.12013979,1.038236053,1.007231415,1.010950953,0.992382768
1.358228242,1.068495319,1.042418124,1.120831998,1.038959008,1.007287908,1.010220492,0.992517519
1.358208196,1.069550721,1.042656936,1.12034705,1.039200005,1.007468519,1.011194453,0.992811199
1.360196236,1.0705194,1.043029647,1.12128361,1.040405086,1.007881197,1.009977017,0.993401629
1.361841553,1.071352406,1.043322548,1.122218028,1.041610323,1.008116087,1.009003183,0.994082901
1.363310434,1.072340704,1.043544181,1.123390045,1.042092461,1.008505318,1.009490087,0.994762676
1.363837942,1.07307083,1.044115115,1.123852771,1.041851389,1.008692932,1.008516303,0.995320592
1.365108726,1.07375084,1.044565841,1.123124508,1.043297918,1.009106482,1.00754262,0.995818384
1.36657921,1.074564797,1.04514069,1.122883216,1.043297918,1.009439353,1.006569038,0.996164506
1.367490473,1.075367659,1.045638573,1.121704592,1.043297918,1.009712011,1.006082285,0.996623141
1.368773193,1.076221468,1.046136705,1.121936498,1.044021267,1.009997116,1.006082285,0.997158712
1.370059028,1.07693576,1.046645364,1.121934695,1.045226975,1.010423029,1.005108854,0.997649894
1.371889965,1.077635297,1.047147091,1.120979192,1.044985821,1.011295984,1.004378848,0.998193778
1.373721962,1.078325999,1.047871101,1.120958782,1.045468135,1.012499471,1.003405594,0.998775959
1.375171825,1.079016336,1.048573377,1.120254816,1.046191653,1.013652421,1.001945902,0.999319639
1.37608943,1.079523825,1.048969429,1.120721752,1.04763886,1.014726688,1.001702642,0.999990841
1.377180168,1.079425699,1.049339065,1.121183757,1.048121312,1.015894819,1.001945902,1.000400687
1.378096478,1.079227406,1.049450848,1.121416284,1.047880083,1.017018884,1.001216142,1.00109716
1.37883129,1.079118305,1.049717402,1.120946194,1.047880083,1.018065153,1.000243216,1.001704788
1.37956431,1.078961812,1.050048772,1.120464259,1.047156433,1.019176822,1.000243216,1.002159326
1.380115862,1.078833943,1.050451455,1.119990728,1.046915228,1.020369742,1.000243216,1.002618086
1.381029867,1.078784642,1.050589543,1.119520142,1.046191653,1.021718278,1.000243216,1.003391849
1.382125166,1.079333077,1.050869158,1.119984511,1.046191653,1.022819533,1.000486438,1.004391049
1.383230191,1.079974676,1.050942116,1.120441702,1.046191653,1.02392132,0.999756791,1.004957283
1.382676811,1.080549957,1.051166009,1.119501959,1.045226975,1.024756065,1.000486438,1.005369568
1.382115743,1.081322127,1.051241603,1.119719158,1.044985821,1.025720507,1.001459389,1.005802303
1.381929423,1.08195245,1.051387897,1.119718876,1.045468135,1.026555953,1.001945902,1.00626474
1.381740849,1.082717563,1.051459846,1.119706418,1.045950474,1.02750063,1.00267572,1.006725356
1.381725217,1.083595763,1.051613911,1.120643794,1.046432839,1.02838733,1.003162296,1.007121026
1.381725213,1.084228163,1.051729149,1.120877091,1.047156433,1.029318069,1.004135525,1.007749085
1.381896824,1.084299599,1.052128297,1.12134429,1.046432839,1.030048312,1.004622177,1.008332811
1.381524655,1.084474225,1.052375171,1.121335581,1.045468135,1.030772468,1.004622177,1.00887046
1.380769651,1.084905404,1.052679609,1.121804075,1.044262396,1.031501309,1.005595557,1.009288674
1.37941916,1.085473738,1.052982667,1.122738203,1.044985821,1.031739416,1.006325658,1.00993682
1.378127196,1.085991048,1.053040491,1.122972121,1.044744673,1.031541709,1.006569038,1.010288719
1.377380411,1.086384017,1.053118593,1.122724355,1.044021267,1.031378182,1.007055817,1.010666705
1.376997881,1.086696305,1.053182332,1.122956284,1.044021267,1.031478997,1.00754262,1.010991218
1.376628209,1.086984123,1.053122423,1.122483464,1.043539028,1.031423827,1.007299215,1.011217464
1.375889241,1.087172009,1.053168839,1.122013743,1.043297918,1.031315222,1.008272873,1.011522121
1.376248536,1.087491954,1.053124431,1.122242295,1.043297918,1.031317202,1.009003183,1.012039477
1.377512341,1.087274239,1.052811059,1.122942644,1.044021267,1.031272883,1.00875974,1.01258635
1.378985948,1.087004967,1.052548914,1.123878991,1.044744673,1.031183886,1.008029449,1.013044903
1.380085935,1.086612567,1.052442633,1.124308144,1.045226975,1.031035707,1.007786032,1.013232983
1.380814074,1.085676946,1.052354658,1.123835949,1.045226975,1.031073908,1.007299215,1.013539126
1.382099854,1.084758027,1.052328877,1.124302117,1.045709301,1.031053812,1.006569038,1.01384796
1.383754577,1.083898682,1.052061862,1.125003216,1.045950474,1.031012508,1.005838918,1.013996331
1.385412451,1.082946779,1.052108753,1.124978109,1.046191653,1.030969398,1.005108854,1.014007822
1.386687079,1.08204481,1.05206535,1.12497725,1.045950474,1.030941087,1.004865513,1.01401963
1.370281532,1.078655319,1.050550268,1.119339469,1.044021267,1.030346875,1.004865513,1.014020338
1.352788697,1.075499944,1.048807355,1.113244926,1.041128209,1.029386042,1.005108854,1.014247082
1.335001216,1.072466878,1.047142274,1.107149913,1.038718017,1.02845288,1.004865513,1.014247521
1.317442772,1.069887409,1.04504283,1.101519562,1.037513156,1.027588201,1.004135525,1.01414774
1.299721064,1.06719401,1.04326084,1.094954164,1.034863012,1.026718565,1.003892208,1.014113886
1.282951706,1.064446442,1.041618455,1.088644177,1.032936111,1.025787869,1.003405594,1.014138033
1.266397619,1.0617926,1.039814705,1.082339047,1.030287276,1.024807425,1.002919005,1.01410445
1.24954883,1.05915048,1.038059311,1.075803285,1.027879901,1.023872828,1.00267572,1.014161339
1.232378279,1.056517154,1.036192377,1.069738922,1.026195111,1.022940339,1.002432441,1.014213018
1.214727524,1.053461813,1.034350753,1.063679717,1.023307612,1.022180534,1.001945902,1.014226079
1.196921575,1.049859604,1.032423966,1.057852071,1.021142579,1.021415579,1.001459389,1.014297462
1.17936197,1.046427991,1.030289374,1.051567973,1.018737579,1.020791788,1.000243216,1.014168852
1.161646601,1.042808034,1.028241056,1.046198003,1.017054452,1.020080934,1,1.013919996
1.142556344,1.039753689,1.026439586,1.039917826,1.014650514,1.019457313,0.999756791,1.013859129
1.124059205,1.036770064,1.024531346,1.033415723,1.0122472,1.018778069,1.000486438,1.013816812
1.10506839,1.033802251,1.022635623,1.028302573,1.010565252,1.017931946,1.000243216,1.013974137
1.08722013,1.030838688,1.020790866,1.023180032,1.0086434,1.017187355,1.000729666,1.013837986
1.068515892,1.027893799,1.018969038,1.017151772,1.006241645,1.016431742,1.000972901,1.013882858
1.049353241,1.025426026,1.017448663,1.010895472,1.003840514,1.015636621,1.001459389,1.014012197
1.030762944,1.023010065,1.015820878,1.004873219,1.001920058,1.015098471,1.002189168,1.014375228
1.012754971,1.020651719,1.014323041,1.000014114,0.999760021,1.014537976,1.001459389,1.014735595
1.011001069,1.020627756,1.014240242,1.000702128,1,1.014444169,1.001216142,1.015078748
1.010471375,1.020330698,1.014318201,1.000462774,1.000719975,1.014883843,1.000972901,1.015286086
1.010286201,1.020053208,1.014346703,1.001141351,1.000959979,1.015331183,1.001216142,1.015600153
1.00958804,1.01971173,1.014598282,1.001600878,1.001440006,1.01583923,1.001702642,1.0159423
1.009929433,1.019508626,1.014685226,1.002281184,1.002640182,1.016284205,1.001945902,1.016286546
1.009565889,1.019161167,1.014715085,1.002028973,1.002880236,1.016691149,1.002432441,1.016632519
1.008516416,1.018480117,1.014636033,1.001553772,1.002880236,1.017581494,1.001945902,1.016829704
1.007638601,1.017567848,1.014615569,1.00201343,1.003360363,1.018335155,1.001945902,1.017146695
1.007403672,1.016789411,1.014621702,1.002703586,1.003600435,1.019006245,1.001702642,1.017539436
1.006856941,1.016343807,1.014782267,1.002444113,1.004080599,1.019480052,1.001945902,1.017953692
1.006507832,1.016579297,1.01506939,1.00267434,1.004560788,1.020042917,1.002432441,1.01846263
1.006507596,1.016676377,1.015432505,1.002674171,1.005041002,1.020383322,1.00267572,1.01899792
1.006156632,1.016790325,1.015787142,1.003128342,1.005041002,1.020778175,1.002919005,1.019564129
1.006316813,1.016806463,1.016058822,1.003354127,1.004560788,1.021340783,1.002919005,1.020161794
1.006118676,1.016874178,1.016306101,1.003342501,1.00432069,1.021744457,1.00267572,1.020449372
1.005414967,1.017117303,1.016507545,1.001952161,1.003360363,1.022132588,1.002919005,1.020562762
1.004195168,1.017707866,1.016804374,1.001715017,1.003120296,1.022310197,1.003162296,1.021024042
1.003839304,1.018315044,1.017153676,1.001709675,1.003120296,1.022559751,1.004378848,1.021431622
1.004008677,1.018433653,1.017188446,1.002634567,1.003600435,1.022913476,1.004865513,1.02180733
1.004002418,1.018452931,1.017260122,1.002854011,1.002880236,1.022999099,1.004865513,1.02193304
1.003653284,1.018404634,1.017207926,1.001229514,1.002880236,1.023086473,1.006082285,1.022016959
1.003473833,1.018537157,1.017178072,1.000993736,1.002160093,1.023282487,1.006325658,1.022099671
1.003298421,1.018491948,1.017128593,1.00121916,1.002160093,1.023245001,1.006082285,1.022333048
1.003117033,1.018448621,1.016981968,1.00075639,1.002400134,1.023305887,1.005838918,1.02251252
1.002766746,1.018139738,1.016738245,0.999597536,1.002160093,1.023272905,1.005352203,1.022692232
1.002231386,1.017327667,1.01629032,0.999597408,1.001920058,1.023731784,1.004378848,1.022957173
1.001878555,1.016699497,1.01605172,0.999826488,1.001680029,1.024263607,1.003892208,1.023088748
1.002565367,1.016446291,1.015800541,1.000518291,1.002400134,1.024269153,1.004135525,1.023536263
1.002893282,1.01647334,1.015634178,1.000974735,1.002880236,1.024542526,1.004622177,1.02377254
1.002543061,1.016272916,1.015332102,1.000970983,1.003120296,1.024865051,1.004865513,1.023946013
1.002882409,1.016228816,1.015034845,1.001431258,1.002880236,1.025126453,1.005108854,1.024177662
1.003212251,1.016026544,1.014818191,1.001649117,1.002640182,1.02530417,1.005108854,1.024336936
1.00338085,1.015965061,1.01456785,1.002566321,1.003120296,1.025656211,1.005595557,1.024650778
1.00372636,1.015629596,1.014164368,1.001870926,1.003120296,1.025960068,1.005108854,1.024721991
1.003540418,1.01579114,1.013941444,1.002331731,1.003600435,1.025888992,1.005838918,1.024827246
1.003011596,1.015962622,1.013741235,1.002563052,1.003600435,1.025912584,1.007055817,1.024873019
1.00351494,1.01597169,1.013597672,1.002787014,1.004080599,1.026084728,1.007299215,1.024893631
1.003858283,1.015671691,1.013297341,1.002078059,1.003840514,1.026234262,1.007055817,1.024876256
1.003855317,1.015262064,1.012941204,1.002308645,1.003120296,1.026465636,1.006812424,1.024811044
1.002809184,1.014796009,1.012694265,1.001376673,1.002400134,1.026682943,1.007055817,1.02474054
1.002460367,1.014560438,1.012463535,1.000447163,1.001920058,1.026856126,1.006082285,1.024420313
1.001757791,1.014304208,1.012210006,1.000213614,1.001440006,1.027093405,1.005595557,1.024341094
1.001746638,1.01411702,1.011935137,1.000211603,1.001199989,1.026986194,1.006325658,1.024345004
1.001395984,1.013561222,1.011508684,0.99974606,1,1.02711788,1.007055817,1.024009598
1.001213985,1.01308464,1.011161653,0.999505476,0.999520048,1.027183287,1.007786032,1.023792112
1.001029588,1.01284837,1.010952223,0.998802384,0.998560218,1.027245696,1.009003183,1.023683916
1.000504901,1.01328372,1.011068199,0.998796443,0.998320276,1.026949268,1.010220492,1.023559578
1.000489248,1.013383532,1.010912676,0.997868274,0.998320276,1.026577511,1.011194453,1.023335705
0.99960153,1.013453595,1.010960604,0.996940954,0.996640858,1.026291878,1.012168515,1.023066908
0.999078168,1.013528204,1.010806773,0.995765042,0.99616108,1.025929768,1.011681471,1.022751352
0.998892497,1.013823879,1.01070993,0.995296423,0.99544146,1.025610075,1.012168515,1.022611744
0.99852625,1.01403741,1.010700839,0.994370229,0.99544146,1.025122213,1.011681471,1.022419285
0.997998639,1.014379184,1.010651812,0.994137362,0.99544146,1.024578703,1.011681471,1.022109011
0.998169951,1.014698202,1.010747947,0.993425544,0.994961744,1.0239419,1.011681471,1.021751225
0.99764099,1.015323673,1.010893659,0.993644816,0.994721896,1.023237335,1.012412046,1.02169924
0.997632003,1.015540151,1.010826701,0.992942638,0.994002388,1.022914152,1.012168515,1.021479982
0.997228604,1.015546708,1.010794319,0.992016821,0.993522747,1.022563454,1.011437959,1.021315972
0.997207388,1.015671165,1.010764338,0.992709141,0.993762564,1.022119305,1.011437959,1.021331229
0.996678532,1.015736854,1.010722805,0.99317112,0.993762564,1.021858802,1.012168515,1.021262035
0.996494317,1.015916186,1.010707197,0.992706572,0.994002388,1.021437544,1.011194453,1.021172411
0.997359245,1.015577205,1.010824503,0.992473477,0.994242217,1.021393193,1.01070746,1.020909752
0.997010754,1.015316805,1.010919649,0.993158176,0.994721896,1.021461255,1.011194453,1.020913444
0.997159575,1.01501937,1.010922661,0.993380047,0.995201599,1.021526195,1.01070746,1.02075597
0.997469789,1.014626364,1.011062142,0.992915605,0.995201599,1.021819513,1.009246632,1.020528291
0.997291872,1.01467882,1.011219909,0.99337553,0.9959212,1.022043109,1.008516303,1.020551569
0.997106682,1.014714468,1.011429175,0.993604844,0.9959212,1.022265193,1.007786032,1.020454971
0.99688626,1.014591476,1.011668673,0.995210832,0.996640858,1.022439372,1.005838918,1.020293775
0.99722028,1.014392336,1.011835997,0.995438726,0.996640858,1.022501706,1.005352203,1.020132495
0.99686936,1.014511541,1.01205723,0.996131846,0.997120661,1.022749787,1.004378848,1.019991793
0.996509736,1.014679489,1.012487107,0.996129021,0.998080341,1.022611655,1.003892208,1.020203508
0.996674268,1.014853764,1.01288187,0.997281498,0.998560218,1.022550195,1.004378848,1.020300012
0.997013159,1.014969852,1.013280182,0.998180274,0.999040121,1.022394745,1.003405594,1.020320347
0.997185618,1.01497307,1.013605723,0.998858903,0.999760021,1.022430389,1.004135525,1.020498742
0.997356865,1.014948055,1.013925269,0.99885573,1,1.022684228,1.003405594,1.020637667
0.997162821,1.014847628,1.014045252,0.999316193,0.999760021,1.022798706,1.003405594,1.020824361
0.997162484,1.01471603,1.01429374,0.999083433,0.999760021,1.022991368,1.001945902,1.02083427
0.996633908,1.014562839,1.014572306,0.999760876,1.000959979,1.023179606,1.001702642,1.020960232
0.997147374,1.01458086,1.014742789,1.000210673,1.001440006,1.023290336,1.001216142,1.021201974
0.997109527,1.014063609,1.014792365,1.000203338,1.001680029,1.023614307,1.001216142,1.021264978
0.997264377,1.013868697,1.014846569,1.000434129,1.002160093,1.023788685,1.000729666,1.021096549
0.997423867,1.013651135,1.014855502,1.00043251,1.002640182,1.02396217,1.000729666,1.020986854
0.99671783,1.013874458,1.014660558,1.000653207,1.002880236,1.023743284,1.000729666,1.021302699
0.996526213,1.013971551,1.014603464,1.000872103,1.002880236,1.02342322,1.000729666,1.021489987
0.99634749,1.014075748,1.014612924,1.001557048,1.002400134,1.023259983,1.000972901,1.021589457
0.995639424,1.014190462,1.014522342,1.001324845,1.002880236,1.022952115,1.000972901,1.021711074
0.995983003,1.014358261,1.014519839,1.00108234,1.003120296,1.022726904,1.000972901,1.021744348
0.9959796,1.014475747,1.014433412,1.000618739,1.003120296,1.022551567,1.000729666,1.021919555
0.99632358,1.014283865,1.014320891,1.00061118,1.003360363,1.022226484,1.001459389,1.022106042
0.996651764,1.014404842,1.014357043,1.000146492,1.003600435,1.022196265,1.000972901,1.02209965
0.99697738,1.014405536,1.014376974,1.001069746,1.003360363,1.022105244,1.000243216,1.022261508
0.998021753,1.014306711,1.014235832,1.001754063,1.004080599,1.022425693,1,1.022324914
0.998367739,1.014103805,1.014119576,1.001049033,1.003360363,1.02265801,0.9990272,1.022136285
0.998013155,1.013909342,1.014091778,1.000581948,1.003600435,1.022887741,0.999270391,1.021805681
0.998013135,1.013761077,1.01405225,1.000341078,1.002640182,1.023221533,0.9990272,1.021549267
0.998012332,1.013614949,1.013919559,1.000104426,1.002400134,1.023557898,0.999270391,1.021471113
0.998164638,1.013574959,1.013993761,1.000102507,1.002400134,1.023850416,0.998540838,1.021373319
0.998334981,1.013380609,1.01402903,1.000100133,1.001920058,1.023943628,0.999513587,1.021401263
0.998500198,1.013024219,1.013936718,1.000310754,1.001199989,1.023892374,1,1.021184532
0.998321691,1.012666514,1.013839608,1.000071798,1.001440006,1.023686798,1,1.020959556
0.997951108,1.012678025,1.013920486,0.999605102,1.000959979,1.023395803,0.999513587,1.020709815
0.998110223,1.01255184,1.013980346,0.999604731,1.001680029,1.023128059,0.999270391,1.020762855
0.997586794,1.012298767,1.014179604,0.999585343,1.001680029,1.022964319,0.999513587,1.020841012
0.997908606,1.012092523,1.014338007,0.999805454,1.001440006,1.022736885,0.999513587,1.020858696
0.998247646,1.011894052,1.014394331,0.999341063,1.001440006,1.022648275,0.999513587,1.020736543
0.998033893,1.011695399,1.014419127,0.999340651,1.002160093,1.022332373,0.999513587,1.020874238
0.998381552,1.011824805,1.014429311,1.000032368,1.001680029,1.021815393,1.000243216,1.020776451
0.998538855,1.012003293,1.014459484,1.000262738,1.001440006,1.02132603,1.000243216,1.020763672
0.998356274,1.01240643,1.014463657,1.000260901,1.000719975,1.020833481,1.000729666,1.020499157
0.99797366,1.013052395,1.014481204,0.999319481,1.000479977,1.020482884,1.000972901,1.020523779
0.99760872,1.013273488,1.014252063,0.999319207,0.999760021,1.019837162,1.001945902,1.020697489
0.99740918,1.013355358,1.01407329,0.998625195,0.999040121,1.019104638,1.002432441,1.020904783
0.997059769,1.013562036,1.013833783,0.998855641,0.998080341,1.018568592,1.002189168,1.020852211
0.996529602,1.013873761,1.013757953,0.999307311,0.997840411,1.017872827,1.002919005,1.02087363
0.996170015,1.014100488,1.013518544,0.998836865,0.997360571,1.017171824,1.002919005,1.020817233
0.996161483,1.013498058,1.013258532,0.999061724,0.997600488,1.016686211,1.00267572,1.020764583
0.996823988,1.013421075,1.013076238,0.999053011,0.997360571,1.01589427,1.003162296,1.020561689
0.996649223,1.013380759,1.012925379,0.998798914,0.997360571,1.015154838,1.003405594,1.020338052
0.996988993,1.013364755,1.012702214,0.99926122,0.997360571,1.014456459,1.003892208,1.020115933
0.996984085,1.013321841,1.012563693,0.999260846,0.997600488,1.01413875,1.003162296,1.020013972
0.997498193,1.01348594,1.012419198,0.999491691,0.997120661,1.013838684,1.002919005,1.01988063
0.998015513,1.0136941,1.012352145,0.999713727,0.996880756,1.013596931,1.002919005,1.019813394
0.998161938,1.013755211,1.012206607,0.999238358,0.99544146,1.013292938,1.002432441,1.019512029
0.998822743,1.013878475,1.012005988,0.998767199,0.994961744,1.012895986,1.00267572,1.019318558
0.998817355,1.01394727,1.011562291,0.998061372,0.994721896,1.012763637,1.001945902,1.018989436
0.99858357,1.014575175,1.01138471,0.998744179,0.994721896,1.012142345,1.001702642,1.018827417
0.999099892,1.015159636,1.011350254,0.998743752,0.995201599,1.011515149,1.002189168,1.018495466
0.999099255,1.015455696,1.011345839,0.998273397,0.99544146,1.011369026,1.001702642,1.018339443
0.998906741,1.015562598,1.011407119,0.998023721,0.995201599,1.011055467,1.001216142,1.018016628
0.999577529,1.015682331,1.011433702,0.998717111,0.9959212,1.010698173,1.000486438,1.017930295
1.000090366,1.015925241,1.011482752,0.999173929,0.9959212,1.01041616,1.000729666,1.017714982
1.000044546,1.016187943,1.011535274,0.999403857,0.996640858,1.010152729,1.000243216,1.017507005
1.000035358,1.016568102,1.011593309,0.999865349,0.997600488,1.009948729,1.000486438,1.017450993
0.999835524,1.016516805,1.011789895,0.999402451,0.998080341,1.010296684,1.000972901,1.01740981
1.000009047,1.01654841,1.011899846,0.999169426,0.998320276,1.01056887,1.001459389,1.017368219
1.000676995,1.016504846,1.012104815,1.00031337,0.999280081,1.010886083,1.001702642,1.017369844
1.000311109,1.017234439,1.012369455,1.000078727,0.999040121,1.010957113,1.001702642,1.017303253
0.999786241,1.017427571,1.012444718,1.00076607,0.999040121,1.011460497,1.002432441,1.017393306
0.999074313,1.017540379,1.012603522,1.00122547,0.998800166,1.011732556,1.003648898,1.017450553
0.998200653,1.017811451,1.01278907,1.001224385,0.999040121,1.012179805,1.00267572,1.017645312
0.998199215,1.018080831,1.012895672,1.00052857,0.999280081,1.012529061,1.003405594,1.017654797
0.997671964,1.018707651,1.013000697,1.000282618,0.999040121,1.012362423,1.004135525,1.017505749
0.997308419,1.018743787,1.012975006,0.999579559,1,1.0124971,1.003892208,1.01757089
0.996784063,1.018770342,1.012966324,1.000504524,1.000479977,1.012786907,1.003892208,1.017686252
0.996594103,1.018825097,1.013074051,1.000957026,1.001680029,1.012976878,1.003648898,1.017568454
0.99621496,1.01898037,1.013236152,1.000945686,1.002400134,1.013027689,1.004135525,1.017649327
0.996554304,1.018573174,1.013293821,1.000248429,1.002640182,1.013602028,1.004622177,1.017545986
0.996204398,1.018164228,1.013304138,1.000015945,1.002640182,1.014048583,1.003892208,1.017505422
0.996204163,1.017710214,1.013265461,1.000938226,1.003360363,1.01452852,1.004622177,1.017512815
0.996201472,1.017272049,1.013187469,1.000703857,1.003840514,1.014980442,1.004865513,1.017571201
0.995649165,1.016647739,1.013147732,1.000459229,1.003840514,1.015491076,1.005108854,1.017516898
0.995293876,1.016050733,1.013180286,1.000442463,1.003840514,1.015649376,1.004622177,1.017426796
0.995441352,1.015329755,1.013160343,0.999748148,1.003600435,1.015672385,1.004135525,1.017235922
0.995434993,1.014815026,1.013130106,0.999053465,1.003840514,1.015729276,1.003648898,1.017109904
0.995769172,1.014536671,1.01298332,0.999047373,1.00432069,1.015212447,1.004135525,1.016903284
0.996112751,1.01408957,1.012828791,0.99904697,1.004560788,1.014734472,1.003405594,1.016754802
0.996281357,1.013750791,1.012782892,0.998575492,1.00432069,1.014329418,1.003162296,1.016577152
0.996621012,1.013394798,1.012565128,0.999265381,1.005041002,1.013941942,1.002919005,1.016390408
0.995924379,1.012887841,1.012467256,0.998563254,1.004800892,1.013714703,1.001702642,1.016078381
0.995899643,1.012229406,1.012471907,0.998328883,1.005041002,1.013413702,1.000243216,1.015750898
0.996059482,1.011548912,1.012539571,0.998095685,1.005281118,1.013096402,1.001216142,1.015395403
0.996024615,1.010989613,1.012553556,0.998543003,1.005041002,1.012788687,1.000729666,1.015159826
0.995667252,1.009959597,1.012482274,0.999233555,1.005761369,1.012954237,1.000243216,1.015135297
0.995825215,1.009480865,1.012648747,1.000385185,1.004800892,1.012823576,1.000972901,1.015015912
0.995812769,1.009021537,1.012913991,0.999453073,1.004560788,1.012715237,1.000729666,1.014763149
0.995456358,1.00846592,1.013100494,1.000139474,1.003120296,1.012512415,1.000729666,1.014719457
0.995622632,1.008369803,1.013243988,1.000833029,1.002400134,1.012557836,1.000972901,1.014552247
0.996137308,1.008442794,1.013199346,1.000364592,1.002400134,1.012525549,1.000486438,1.014345078
0.997006919,1.008455601,1.013156197,0.999878451,1.001680029,1.012439887,1.000486438,1.014082837
0.997329003,1.008525961,1.012966038,0.99895128,1.000719975,1.0123814,0.999756791,1.013687665
0.997495972,1.008608641,1.013070551,0.999175193,1.000479977,1.012371919,0.999513587,1.013301256
0.998003582,1.008947126,1.012917163,0.998935868,1.000479977,1.012272489,0.999756791,1.013079911
0.998341731,1.009150388,1.012709081,0.998236344,1.000479977,1.01254932,0.999270391,1.012742476
0.998509891,1.009464453,1.012773328,0.998928646,1.000959979,1.012877112,1,1.012491074
1.001107781,1.0092964,1.011844732,1.00123929,1.000719975,1.012334543,1.000243216,1.011988446
1.054974178,1.017550269,1.017697016,1.020676824,1.009604276,1.013228262,1.001459389,1.012032334
1.108745808,1.025923853,1.023533296,1.039931786,1.018256655,1.014196057,1.00267572,1.011988377
1.162759313,1.034342815,1.029375753,1.058769375,1.026435777,1.015019934,1.003648898,1.01196952
1.217970073,1.042857055,1.035314074,1.078334188,1.034863012,1.01586891,1.005352203,1.01208009
1.273985361,1.051652013,1.041382126,1.098180509,1.043539028,1.016481316,1.007299215,1.012389522
1.330658938,1.060682435,1.04730534,1.117597012,1.051981835,1.017294077,1.008516303,1.012466373
1.38728076,1.069821557,1.05311842,1.136830832,1.060432333,1.018028523,1.009003183,1.012553263
1.439353932,1.079046145,1.058849854,1.154462318,1.067440009,1.01951119,1.009733549,1.013220734
1.494642614,1.088130449,1.064915729,1.171185002,1.0754207,1.021056374,1.01070746,1.013678532
1.54960721,1.09735132,1.071002069,1.187684375,1.084376911,1.022687106,1.011681471,1.013910554
1.606177379,1.106664535,1.076926337,1.204941845,1.092614561,1.024233088,1.013142678,1.014381488
1.663030167,1.116138012,1.082923492,1.221024084,1.101344742,1.025846949,1.013629797,1.014732559
1.720166107,1.125160415,1.089113959,1.23810735,1.109840283,1.027225959,1.014360524,1.015255359
1.776767397,1.134032649,1.095407778,1.256170086,1.118100527,1.028654362,1.015334914,1.015941792
1.834060033,1.14315826,1.101962359,1.274031688,1.12612484,1.030173682,1.017040341,1.016625253
1.89460176,1.152493656,1.108700099,1.292402478,1.133669134,1.031621094,1.018258692,1.017557509
1.955271563,1.16224563,1.115762738,1.311050344,1.140244952,1.032952611,1.019477202,1.018516518
2.016478218,1.172146343,1.122864054,1.329264474,1.147313039,1.034304845,1.019477202,1.019424713
2.078217248,1.182122786,1.130057074,1.348477938,1.154142488,1.035617104,1.020452124,1.020340703
2.140292339,1.19204521,1.137105958,1.367477882,1.160976941,1.036889278,1.020208384,1.021259375
2.200431563,1.202655673,1.145266949,1.383857728,1.168060764,1.039068695,1.021183381,1.022470185
2.199996824,1.203102433,1.145749377,1.382402464,1.165617459,1.039821775,1.019233488,1.02295001
2.199575529,1.203610797,1.146293122,1.381434698,1.164396046,1.040543599,1.018502382,1.023692139
2.208280215,1.204254557,1.147110142,1.379731493,1.162686337,1.042134182,1.018502382,1.024542853
2.217632159,1.204584737,1.148024537,1.377318147,1.1604886,1.043536594,1.017771333,1.025522889
2.227796666,1.205051912,1.148750667,1.375138913,1.159511994,1.04498238,1.016553044,1.026317087
2.237788689,1.205502276,1.149567554,1.372962223,1.158047277,1.046430485,1.016553044,1.027338318
2.248214367,1.205981675,1.150417025,1.371267179,1.156582789,1.047914333,1.016309406,1.028280699
2.263481923,1.206172406,1.151542707,1.371484334,1.156826855,1.048649178,1.015822147,1.028558801
2.276032363,1.206677888,1.152462992,1.372205184,1.154874511,1.049265332,1.016065773,1.029216267
2.288835544,1.20718795,1.153374853,1.372205002,1.152922577,1.049868568,1.015334914,1.029830042
2.299956916,1.208070683,1.154088597,1.374603782,1.152434657,1.050263504,1.015334914,1.030658846
2.313823082,1.208612212,1.154749086,1.377254925,1.151458894,1.05077621,1.016065773,1.031381308
2.327115628,1.209207144,1.155134954,1.378460279,1.150483233,1.051335342,1.015578528,1.031946641
2.340644356,1.209781988,1.155561663,1.37990036,1.1492638,1.051976284,1.015822147,1.032481973
2.353977331,1.210357185,1.155943525,1.381106788,1.148532217,1.052538307,1.014847706,1.033030759
2.36500449,1.210801701,1.156229914,1.382062362,1.148288369,1.053097666,1.014847706,1.033371997
2.37626045,1.210886655,1.156197631,1.382541698,1.148776072,1.053724414,1.014604112,1.033841007
2.387742471,1.210776706,1.156150571,1.383743351,1.148288369,1.054381654,1.015334914,1.034299854
2.403293982,1.210931442,1.156133882,1.383980351,1.147069223,1.054815034,1.016065773,1.034759851
2.419306329,1.210870593,1.156178877,1.382530663,1.146337812,1.055445206,1.016553044,1.035155283
2.435141048,1.210923495,1.156025772,1.381564612,1.145850237,1.055952262,1.01679669,1.035462563
2.451024299,1.210864244,1.155975986,1.381076265,1.145606459,1.056576414,1.017771333,1.0360106
2.46715703,1.210844034,1.15586975,1.379866837,1.14463141,1.05707795,1.017771333,1.036436355
2.473814956,1.210659579,1.155449645,1.379621445,1.144143924,1.056800693,1.017283999,1.036708416
2.479636148,1.21079243,1.15500089,1.379131848,1.14390019,1.056665195,1.017040341,1.0369379
2.485028921,1.210800125,1.154610122,1.378879026,1.14292532,1.056387791,1.017283999,1.037006275
2.4921364,1.210557746,1.154149197,1.380564009,1.143412742,1.056335231,1.01679669,1.036913281
2.501813701,1.210334758,1.153621319,1.382246942,1.141219542,1.056115115,1.01679669,1.036753358
2.511771559,1.210085733,1.15303177,1.382961273,1.139757695,1.05583942,1.01679669,1.036872067
2.522179726,1.209844756,1.152436784,1.38513265,1.138539664,1.055618194,1.01679669,1.03682915
2.532587451,1.209665084,1.151848557,1.387043188,1.137078238,1.055485846,1.017283999,1.03685751
2.54409485,1.209154513,1.151754794,1.387275172,1.134399551,1.055543464,1.017040341,1.036615381
2.552333847,1.20897774,1.151685073,1.387509514,1.132451899,1.055494967,1.01679669,1.036410716
2.561487136,1.208733573,1.151645024,1.388230611,1.131234823,1.055508707,1.01679669,1.03641865
2.568249588,1.20895252,1.151581025,1.388468524,1.131478225,1.05532775,1.01679669,1.03639739
2.579831102,1.208902749,1.151484104,1.389917066,1.130261277,1.055118717,1.017527663,1.036327242
2.591863908,1.208851312,1.151400978,1.390624398,1.129287832,1.054915752,1.017283999,1.03623093
2.603906414,1.208839535,1.151226943,1.39134433,1.127827856,1.054643629,1.01801501,1.036111012
2.61554011,1.208975837,1.151181125,1.391344173,1.126854666,1.054310208,1.018258692,1.035887324
2.622995799,1.208860128,1.151144196,1.392064378,1.127097954,1.054380367,1.01801501,1.035703732
2.630698825,1.209013029,1.150993566,1.394958509,1.126611384,1.054172875,1.018258692,1.035605341
2.638151063,1.209053006,1.150958994,1.397363237,1.12612484,1.054112792,1.018502382,1.035402933
2.644325827,1.20855377,1.15067947,1.400258404,1.126854666,1.053835844,1.018746077,1.03502245
2.646076551,1.208736035,1.150523118,1.401949597,1.127341248,1.053362209,1.018989779,1.034776446
2.647840589,1.208799383,1.150358268,1.403389141,1.127827856,1.052824151,1.019233488,1.034442862
2.649367735,1.208893073,1.150186012,1.404840206,1.128801148,1.052218439,1.019233488,1.034102382
2.650467085,1.208986996,1.149976866,1.406040051,1.129287832,1.051622163,1.019477202,1.033853265
2.649583385,1.209367388,1.149857202,1.40579531,1.129044487,1.050923902,1.020452124,1.033585146
2.646449299,1.20977745,1.149760056,1.405550907,1.131721634,1.050534646,1.020452124,1.033520418
2.643784285,1.210260644,1.149707196,1.405550132,1.133182221,1.049971083,1.020452124,1.033333449
2.641777305,1.210326631,1.149369894,1.40602581,1.134886528,1.049547143,1.019720923,1.033025037
2.647939854,1.210290203,1.148865745,1.407231697,1.136347611,1.049194721,1.019477202,1.032761001
2.653895095,1.210038151,1.148281238,1.407471354,1.137565355,1.048914549,1.019477202,1.032547565
2.660494193,1.209855229,1.147777338,1.407948108,1.138539664,1.04853078,1.019477202,1.032342884
2.667110105,1.209819808,1.147181514,1.409148914,1.139270464,1.048113875,1.01996465,1.032089175
2.676183619,1.209318909,1.146744489,1.410357544,1.138296077,1.047831154,1.01996465,1.031704389
2.679924554,1.208953994,1.146167095,1.410354784,1.138052497,1.047632738,1.018989779,1.031455628
2.683014233,1.208685557,1.145659925,1.411564324,1.139026858,1.047372416,1.018989779,1.031118689
2.688336959,1.208266571,1.145339592,1.410586735,1.14048859,1.047040815,1.017771333,1.030511284
2.693661857,1.208215134,1.145363939,1.412281161,1.142437923,1.046518669,1.017283999,1.030372361
2.699882824,1.208273964,1.145269115,1.413241602,1.14463141,1.045893619,1.017040341,1.030162164
2.704993841,1.208191448,1.145329124,1.41347947,1.145850237,1.045300064,1.01679669,1.029653822
2.710102094,1.208133335,1.145321127,1.413473066,1.146337812,1.044640178,1.016553044,1.029558786
2.717221769,1.208643718,1.145476735,1.412742659,1.145850237,1.044087602,1.015334914,1.02962902
2.728367604,1.208519247,1.145573848,1.414186006,1.145850237,1.043834625,1.015334914,1.029475348
2.739975621,1.208364958,1.145592486,1.414901326,1.146094021,1.043594307,1.015091307,1.029360646
2.693173524,1.20510458,1.143573057,1.402546508,1.140732234,1.043430094,1.015334914,1.028867677
2.619344156,1.197322373,1.138495963,1.38512781,1.1339126,1.042447694,1.013873366,1.02820715
2.545813963,1.189633626,1.133450645,1.367503259,1.126611384,1.041349541,1.012168515,1.027436755
2.472577224,1.181914779,1.128365132,1.349678799,1.119315888,1.040083064,1.011437959,1.026718561
2.399856471,1.17428548,1.123344089,1.332137121,1.112269005,1.03899937,1.010463972,1.025884441
2.327219388,1.167163607,1.118694048,1.313663484,1.105955644,1.037788503,1.010220492,1.025191075
2.247793843,1.160199586,1.114138266,1.29547414,1.099889143,1.036606758,1.009246632,1.024657989
2.168398154,1.153325062,1.109771516,1.277534158,1.093826596,1.03530932,1.00875974,1.023997383
2.084566135,1.144691693,1.103383418,1.257730437,1.087283483,1.032768574,1.008516303,1.022953586
2.000897117,1.135641724,1.096630319,1.237751698,1.080987059,1.030130549,1.007055817,1.021631373
1.918223325,1.126730126,1.09005714,1.217342592,1.074211064,1.027486438,1.006082285,1.020342181
1.836108976,1.117915334,1.083568997,1.197918551,1.068648764,1.024753901,1.005352203,1.018914824
1.755351795,1.10912396,1.077030295,1.177603143,1.062364956,1.022155051,1.004622177,1.017607012
1.67379053,1.100548526,1.070427287,1.159449865,1.05536111,1.019792553,1.004378848,1.016575137
1.593191032,1.091745831,1.063504415,1.13922031,1.048362548,1.017569311,1.003405594,1.015344635
1.513511664,1.082940894,1.056712661,1.119498632,1.040164057,1.015291104,1.002919005,1.013986137
1.434023262,1.073555574,1.049725825,1.098892059,1.033176952,1.012849997,1.001459389,1.012561165
1.354722008,1.064935079,1.042673074,1.07949856,1.025473152,1.01013208,1.000486438,1.010795105
1.276530177,1.056555908,1.035601438,1.060148085,1.018737579,1.007456346,0.999513587,1.009104033
1.19906038,1.048143064,1.028506564,1.040138072,1.011526328,1.004792135,0.998540838,1.007278684
1.122484006,1.039889006,1.021622225,1.021334363,1.004080599,1.00219149,0.997811342,1.005627159
1.093083501,1.034276158,1.016492802,1.01460725,1.001680029,0.999455743,0.996838769,1.004371236
1.085840443,1.032499031,1.014162458,1.012982701,1.001199989,0.997579258,0.997081903,1.003269398
1.078769079,1.030719632,1.011773207,1.011359617,1.000959979,0.995894703,0.997325043,1.002294906
1.072421626,1.027995681,1.009548482,1.009968742,1.000239985,0.993918942,0.997081903,1.001237737
1.065022844,1.024856402,1.007026795,1.008112496,0.999760021,0.992288929,0.997811342,0.999913976
1.057283353,1.021675732,1.004454248,1.005562168,0.998560218,0.990691321,0.997811342,0.99837694
1.049901271,1.018470357,1.001856438,1.002781462,0.997360571,0.989022615,0.998297667,0.997140095
1.043233977,1.015311621,0.999206115,1.000003283,0.996640858,0.987337627,0.997811342,0.995716769
1.040772522,1.013794433,0.998341225,0.999535295,0.996400966,0.986921904,0.996838769,0.994625839
1.038829384,1.012532286,0.997890902,0.999064223,0.995681327,0.986563251,0.997325043,0.99385675
1.037076955,1.011272676,0.997282683,0.998830953,0.994961744,0.986232731,0.99756819,0.993053819
1.035663772,1.010224056,0.996520804,0.997665738,0.994242217,0.985542657,0.997325043,0.992276705
1.034259915,1.009067777,0.995837642,0.997886746,0.994242217,0.984913578,0.997325043,0.991374557
1.033018972,1.007795306,0.995130869,0.996959316,0.994242217,0.984305475,0.997325043,0.990507845
1.03159829,1.006582446,0.994332865,0.996727302,0.993522747,0.983628024,0.997325043,0.989433389
1.02931517,1.005373264,0.99371074,0.996494415,0.993282935,0.983021231,0.996838769,0.988505898
1.028260632,1.004766166,0.993122621,0.996493779,0.993282935,0.982509922,0.997081903,0.987928303
1.028248025,1.00359519,0.992737303,0.996258108,0.994482053,0.982359156,0.996838769,0.987319921
1.027361144,1.00216699,0.992450125,0.995331205,0.994002388,0.982293838,0.99756819,0.986781491
1.027010486,1.000794329,0.992173372,0.995549422,0.993762564,0.981996902,0.997325043,0.986159902
1.025766486,0.99925051,0.991818399,0.994617096,0.993762564,0.982381098,0.996838769,0.985283271
1.02471021,0.997689773,0.991475177,0.994831051,0.994242217,0.982641691,0.996352521,0.984467522
1.023984524,0.996178795,0.991126516,0.994360771,0.994002388,0.982988755,0.996352521,0.983793582
1.022929196,0.994643969,0.990890846,0.994115438,0.994242217,0.983348721,0.997081903,0.982980774
1.021163829,0.993966807,0.990571986,0.993647112,0.994242217,0.98384118,0.997081903,0.982345055
1.020814235,0.993731057,0.990475148,0.993637215,0.994242217,0.983975646,0.996109406,0.981933043
1.020464507,0.993535141,0.99027387,0.993379405,0.994242217,0.984044881,0.995623195,0.981557653
1.019399197,0.99348237,0.990463474,0.9936049,0.994482053,0.983971614,0.995380099,0.981234716
1.019039438,0.993810108,0.990514126,0.994063643,0.99544146,0.983922614,0.995380099,0.981016861
1.019173766,0.994133018,0.990529537,0.993364701,0.995681327,0.983874699,0.995137009,0.980844
1.018998088,0.994426402,0.990586803,0.993362464,0.996400966,0.983836038,0.995137009,0.980734729
1.018464881,0.99471404,0.990588712,0.993821698,0.997120661,0.983896612,0.994650849,0.980577687
1.018433348,0.994833244,0.990825187,0.995204017,0.997360571,0.984230928,0.995866297,0.980490778
1.018069804,0.995121565,0.991071149,0.994506862,0.996400966,0.98458346,0.995866297,0.980391635
1.017363937,0.995375092,0.991266115,0.99472292,0.996400966,0.984856327,0.996109406,0.98034358
1.016982083,0.996054419,0.991775677,0.994941709,0.996400966,0.985335519,0.996352521,0.980456475
1.016621088,0.996621949,0.992336677,0.994710348,0.996640858,0.98584302,0.996838769,0.980678377
1.015745352,0.997254788,0.992979869,0.995169841,0.996880756,0.986375669,0.996838769,0.980777869
1.014847422,0.997853894,0.993622805,0.995862576,0.996640858,0.986864658,0.99756819,0.980998004
1.014480381,0.998490743,0.994206608,0.996324777,0.997120661,0.987349715,0.998540838,0.981276072
1.014304555,0.999222984,0.99481919,0.99628454,0.997600488,0.987974354,0.999270391,0.981686366
1.014294752,1.000168779,0.995338145,0.996509316,0.997600488,0.987942189,0.999513587,0.982057069
1.013917584,1.00098669,0.996106795,0.996274891,0.997600488,0.988135496,1,0.982285728
1.01391498,1.001207765,0.996758396,0.996964961,0.998320276,0.988299889,1.001216142,0.982672978
1.01426142,1.001809955,0.996866743,0.996964803,0.998080341,0.988306574,1.000729666,0.983171835
1.014435724,1.002545936,0.997031938,0.99719312,0.998320276,0.988204597,1.000729666,0.983603042
1.014607278,1.003221837,0.997204494,0.997883527,0.998560218,0.988248803,1.001702642,0.984165537
1.014774126,1.003885763,0.997444431,0.998571392,0.999280081,0.988267166,1.001945902,0.984769143
1.015287608,1.004508846,0.997444673,0.99902489,0.999760021,0.988523061,1.002189168,0.98523724
1.015111947,1.004673217,0.997598986,0.999486608,0.999520048,0.98871519,1.00267572,0.985528624
1.014227488,1.004912872,0.997681113,0.999715996,0.999040121,0.988881854,1.003892208,0.98587771
1.01316731,1.004828268,0.998000132,0.999248687,0.997840411,0.989153371,1.003405594,0.98620774
1.012811443,1.004373094,0.998375498,0.999479566,0.998080341,0.989504254,1.003405594,0.986557613
1.012260866,1.00379752,0.998832125,0.99924758,0.998560218,0.989937154,1.003162296,0.98700248
1.012067716,1.00321136,0.999158197,0.999240109,0.999040121,0.990282543,1.00267572,0.987334432
1.01188501,1.002677178,0.999426742,0.999469535,0.998560218,0.990638773,1.00267572,0.987779868
1.011531006,1.001746616,0.999512466,0.999468658,0.998320276,0.990727908,1.002919005,0.98802715
1.011155797,1.000760024,0.999482165,0.999464691,0.998080341,0.990917676,1.00267572,0.988123676
1.01097735,0.999872529,0.999334941,0.999460668,0.997600488,0.991111247,1.003162296,0.988235677
1.010964582,0.999265979,0.999229218,0.998997044,0.997600488,0.99165193,1.001702642,0.988451213
1.010596099,0.998882729,0.999224312,0.99945807,0.998080341,0.99220684,1.000729666,0.988593341
1.01039844,0.998491103,0.999122783,0.999686947,0.998320276,0.992751314,1.000972901,0.988796156
1.010734337,0.998100191,0.999112035,0.999686322,0.998560218,0.993243643,1.001702642,0.989171877
1.010885085,0.997919212,0.99903831,0.999912655,0.998560218,0.993771372,1.001459389,0.989484923
1.010504132,0.998182466,0.998937072,0.999654386,0.997840411,0.994185944,1.000729666,0.989743504
1.009971424,0.99805741,0.999278179,0.999190452,0.997840411,0.994761465,1.000243216,0.989822668
1.009268589,0.997804455,0.999587968,0.998715343,0.998080341,0.9955086,1.000243216,0.989991917
1.008919556,0.998151138,0.999694998,0.997778089,0.998320276,0.99603469,1.000243216,0.99007271
1.00854093,0.998372636,1.000059816,0.997545333,0.997840411,0.99631878,1.000729666,0.990229882
1.007821167,0.998586006,1.000330889,0.997544423,0.997600488,0.996646717,1.000486438,0.990379403
1.007624773,0.998816224,1.00058643,0.997534662,0.997600488,0.996916075,1.000243216,0.990710823
1.007973419,0.99893737,1.000905169,0.998225839,0.998560218,0.997301135,0.999513587,0.990965899
1.008671174,0.999395498,1.000975721,0.998683957,0.999520048,0.997533897,1,0.991143616
1.008667759,1.000312718,1.001130911,0.997985213,0.998800166,0.997648846,1,0.991265563
1.008665163,1.001381844,1.00123072,0.997053854,0.998560218,0.997714505,0.999513587,0.99133175
1.008111468,1.001537278,1.001334589,0.997048438,0.998320276,0.998369028,1.000486438,0.991611853
1.007932874,1.002089939,1.001256822,0.996569111,0.998560218,0.998962616,1.000972901,0.991722988
1.007568108,1.002485474,1.001318205,0.996106213,0.999040121,0.999693034,1.000972901,0.992025636
1.007392287,1.002900572,1.00117208,0.996330725,0.999520048,1.00029832,1.000972901,0.992322534
1.007557904,1.003308423,1.00108521,0.995861194,0.998560218,1.000917092,1.000729666,0.992615746
1.007188559,1.003380327,1.000996899,0.995394804,0.998560218,1.001271896,1.001702642,0.992784412
1.007179582,1.003179129,1.000756972,0.994930441,0.997600488,1.001490106,1.001216142,0.992983315
1.006826509,1.002951387,1.000564096,0.994003841,0.997600488,1.001655433,1.000486438,0.993155134
1.005935796,1.003313851,1.000516259,0.994461658,0.997840411,1.001133164,1,0.993180814
1.005583253,1.003294465,1.000439577,0.994455536,0.997840411,1.00086515,1.000729666,0.993387832
1.005055432,1.003301275,1.000294124,0.994454543,0.998320276,1.000495017,1.000243216,0.993583635
1.005392094,1.003361941,1.000261384,0.995129573,0.998560218,1.000249041,1.000729666,0.993856766
1.005734925,1.00341984,1.000159537,0.995355347,0.998800166,1.000071351,1.000972901,0.99409409
1.00573067,1.003009388,1.000403209,0.996047897,0.999040121,0.999923181,1.000486438,0.994427199
1.006078708,1.00252974,1.000313341,0.9967293,0.999520048,0.999923939,1.000486438,0.994480495
1.005897614,1.002021888,1.000213423,0.996491417,0.999760021,0.999944046,1.000486438,0.994605049
1.005547783,1.001718905,1.000162554,0.995329164,0.999520048,1.000025506,0.999513587,0.994629293
1.004848286,1.00148401,1.000177499,0.995082644,0.999040121,1.000141716,0.999270391,0.994861338
1.004657194,1.00135023,1.000389831,0.995077707,0.999280081,1.000313091,0.999513587,0.995042813
1.004462215,1.001179856,1.000397219,0.995534566,0.999760021,1.000579332,0.999756791,0.995276897
1.004443951,1.001037539,1.000554684,0.996224003,0.999760021,1.000854632,0.999513587,0.995572878
1.004255713,1.001626315,1.000765606,0.996451199,0.999520048,1.00055715,0.999513587,0.995906709
1.003715628,1.001987971,1.001074137,0.996665213,0.999280081,1.000333286,0.999270391,0.996041907
1.003704596,1.002475553,1.001597115,0.996427145,0.999040121,1.000528036,0.998540838,0.996283156
1.00369987,1.002645548,1.002048703,0.996194452,0.998800166,1.000665897,0.999513587,0.996635165
1.002993276,1.002678824,1.002458573,0.997113675,0.999280081,1.000766918,1,0.997069561
1.002816643,1.00289262,1.002947242,0.998033079,0.998800166,1.000780037,0.999756791,0.997518742
1.001922279,1.002999163,1.003456934,0.998946197,0.999280081,1.000846306,1,0.997815878
1.00139588,1.003134299,1.003984514,0.999150691,0.998800166,1.000959234,1,0.99803776
1.001392309,1.002789532,1.004253899,0.99914843,0.998320276,1.00194049,0.999756791,0.998373916
1.000856475,1.002823611,1.00464508,0.998916952,0.997840411,1.002616496,0.999756791,0.998751802
1.000682126,1.00270261,1.005067618,0.998680503,0.997840411,1.003320526,0.999756791,0.998976291
1.000151281,1.002908484,1.005500091,0.998215782,0.997840411,1.00404959,0.999513587,0.999203885
1.000132367,1.003017584,1.005971449,0.999134314,0.997840411,1.004506846,0.998540838,0.999455381
1.000100165,1.003179452,1.006284357,0.998897448,0.997360571,1.005180875,0.998540838,0.999593705
0.999750321,1.003312839,1.006828494,0.998429161,0.997600488,1.005851281,0.997811342,0.999981288
0.999924294,1.003415861,1.007345991,0.998196879,0.997600488,1.006471882,0.998054501,1.000296024
0.999918657,1.003392913,1.007656252,0.999577802,0.997120661,1.00707628,0.9990272,1.000585778
0.999563465,1.003625098,1.008031743,0.999562039,0.997120661,1.007140103,0.999756791,1.000820575
0.999381865,1.003718815,1.008172286,0.999793212,0.996880756,1.00756858,0.999270391,1.001207009
0.999368549,1.003822468,1.008354949,0.999549202,0.996880756,1.008069193,0.9990272,1.001538261
0.999018991,1.00393053,1.008577023,0.999313708,0.997120661,1.008394885,0.999270391,1.001891429
0.999363301,1.003985496,1.008634543,0.998610404,0.997360571,1.00884978,0.9990272,1.002100302
0.999362278,1.003986284,1.008868902,0.999299644,0.997360571,1.009230718,0.998784016,1.0024355
0.999011098,1.003901872,1.008730632,0.999756282,0.997120661,1.009161477,1,1.002606277
0.998994892,1.004235423,1.008798005,1.000449783,0.997360571,1.009144289,0.999513587,1.002792294
0.999514298,1.004544752,1.008807084,0.999522181,0.997840411,1.009132433,0.999756791,1.002962247
1.000184653,1.005464626,1.008652897,0.999053392,0.998320276,1.008720615,0.9990272,1.003100444
1.001221232,1.006441137,1.008513797,0.99835765,0.998320276,1.008343723,0.999270391,1.003309781
1.001741446,1.007421289,1.008342542,0.998115815,0.998560218,1.00795464,0.999270391,1.003600496
1.001553506,1.008295228,1.008141682,0.997420909,0.998320276,1.007438316,1,1.003973589
1.002067744,1.009243153,1.007967734,0.997419649,0.998800166,1.00701063,1,1.004226906
1.002232235,1.01041352,1.007854735,0.997394005,0.998800166,1.006552927,1,1.004550427
1.002403846,1.011139371,1.00775565,0.997623831,0.998560218,1.006151348,1.000243216,1.004721634
1.002224505,1.011186124,1.007757638,0.996465754,0.997600488,1.006315407,1.001702642,1.005112586
1.002039692,1.011497677,1.007684008,0.99623413,0.998080341,1.006766309,1.001702642,1.00551413
1.002202787,1.011935275,1.007587052,0.996001351,0.997840411,1.007158397,1.001945902,1.006004245
1.002189499,1.01236257,1.007439495,0.99622628,0.997840411,1.007485149,1.001945902,1.006403563
1.002501987,1.012793863,1.007341533,0.995994885,0.998800166,1.007864699,1.001945902,1.006796418
1.003015272,1.012846444,1.007123355,0.995762974,0.999040121,1.00860426,1.001459389,1.007175131
1.003187297,1.013104167,1.007102402,0.995294762,0.998800166,1.008999903,1.001702642,1.007459522
1.003181148,1.012707806,1.007344131,0.995509344,0.998560218,1.009116183,1.002189168,1.007961124
1.003001673,1.012717464,1.007560841,0.995277929,0.997840411,1.009108877,1.002432441,1.00816346
1.002640594,1.012730907,1.007877113,0.99573406,0.997360571,1.009068323,1.002432441,1.008618054
1.002984871,1.012776875,1.008055098,0.995501615,0.997600488,1.009048479,1.002432441,1.008919051
1.003497904,1.012848703,1.008403697,0.995724786,0.998080341,1.009001044,1.001702642,1.009145318
1.003664017,1.012869349,1.008663976,0.995492572,0.997840411,1.008948029,1.001702642,1.009496141
1.003827738,1.013130733,1.008935618,0.996149144,0.998320276,1.00895711,1.000972901,1.009735418
1.003293316,1.012438893,1.009374437,0.996145575,0.998320276,1.009281355,1.001945902,1.009913376
1.003113888,1.011823747,1.009548223,0.996144629,0.998320276,1.010374448,1.001945902,1.010203167
1.002732515,1.011156525,1.009946698,0.996604982,0.998320276,1.011403412,1.002189168,1.010398576
1.003074566,1.010418466,1.010455486,0.996824977,0.999040121,1.012400524,1.001216142,1.010640507
1.002893977,1.009640461,1.010842495,0.996820089,0.999040121,1.013340653,1.001216142,1.010868512
1.00306619,1.008923716,1.011369375,0.997269174,0.999280081,1.014319143,1.001702642,1.011275703
1.002681982,1.008218055,1.01168544,0.997035586,0.999280081,1.015258494,1.001459389,1.011579065
1.003188728,1.008336122,1.011942762,0.997035141,0.999760021,1.01570025,1.000729666,1.011711162
1.003187773,1.008137041,1.012376512,0.997023205,1,1.015669723,1.000729666,1.011794588
1.002838071,1.007850628,1.012629324,0.9974781,0.999280081,1.015906102,1.000729666,1.011927019
1.002469915,1.00751718,1.012942544,0.997243421,0.999040121,1.016143862,1.000243216,1.012028912
1.001556993,1.007191359,1.013118277,0.997236771,0.998320276,1.016311065,1.000243216,1.012108832
1.001187816,1.006886731,1.013504256,0.99746055,0.998080341,1.016488159,0.999513587,1.01211322
1.000632599,1.006553824,1.0137599,0.997451288,0.998320276,1.016730111,0.999513587,1.012352794
1.00045318,1.00687216,1.013929678,0.997671334,0.999040121,1.017056271,0.9990272,1.01234744
1.000097034,1.006623189,1.013862014,0.998132582,0.999760021,1.017675852,0.998540838,1.012600168
1.000096699,1.007097453,1.014199674,0.998357804,1.000239985,1.018187206,0.998784016,1.012823643
1.000266604,1.007720675,1.014596735,0.998581692,1.000959979,1.018404678,0.9990272,1.01301809
0.999723541,1.008416041,1.014851188,0.998348389,1.001199989,1.018621832,0.999513587,1.013465788
0.999539863,1.009070691,1.015112745,0.99833983,1.001680029,1.018820083,0.999270391,1.013748308
0.999006873,1.00967384,1.015470551,0.997405216,1.001440006,1.018989201,0.999513587,1.014167056
0.998818684,1.010328374,1.015848842,0.997403327,1.001199989,1.019264114,0.999513587,1.014455648
0.998278739,1.010909508,1.016564363,0.997863587,1.001440006,1.018669507,1,1.014631062
0.998448786,1.011626948,1.017011956,0.99786358,1.000959979,1.018256961,1,1.015074452
1.092827696,1.024389566,1.026500235,1.035634465,1.019459014,1.020105667,1.002189168,1.015882176
1.19163073,1.039066443,1.037365769,1.073106725,1.030287276,1.022989758,1.003648898,1.017358449
1.291387853,1.053920058,1.048494228,1.110497919,1.041610323,1.025952022,1.005352203,1.018826133
1.393025538,1.069117544,1.059675466,1.148519634,1.053429945,1.028860686,1.007299215,1.020170681
1.49584197,1.084489314,1.070865951,1.18693871,1.065506328,1.03183954,1.009733549,1.021684141
1.600422373,1.100014501,1.08208256,1.224576075,1.076146558,1.034914639,1.011437959,1.023092411
1.70603582,1.115789961,1.09357234,1.262600876,1.088010268,1.037730837,1.013386234,1.024544889
1.827261278,1.132847306,1.105939977,1.303666972,1.106926652,1.041892303,1.015578528,1.0266371
1.959869944,1.150233982,1.118656107,1.34323143,1.121747085,1.04605337,1.017527663,1.029068631
2.095225265,1.168021181,1.131512006,1.383216475,1.136834689,1.050303587,1.020208384,1.031333441
2.233000327,1.186049241,1.144579416,1.423860439,1.152190707,1.05448762,1.02215848,1.033644753
2.373060208,1.204453263,1.157654166,1.463951162,1.167083365,1.058850001,1.024352823,1.036022279
2.516743302,1.223220083,1.170941952,1.50422307,1.182244556,1.063129521,1.026547678,1.038345346
2.662854157,1.241538021,1.183978399,1.545657078,1.197920672,1.067573533,1.028011199,1.040458125
2.810577087,1.260038565,1.197480138,1.58702987,1.213132019,1.072663019,1.028987007,1.043019267
2.968191733,1.278998478,1.211026135,1.63008086,1.226646687,1.077723707,1.030206909,1.0455428
3.129182473,1.298316592,1.22482682,1.672578543,1.24018089,1.082685609,1.032159082,1.048239123
3.294130461,1.31786004,1.238627213,1.716781201,1.254227906,1.08782709,1.033379397,1.050838927
3.462691892,1.337828832,1.252780332,1.760944875,1.268789998,1.092802235,1.035332229,1.053591449
3.634976713,1.358149101,1.266971641,1.805320952,1.282385211,1.097914108,1.037285467,1.056342476
3.810609344,1.378800826,1.281471527,1.849907669,1.296743334,1.103023768,1.038994883,1.059013235
3.842772343,1.382703264,1.284345841,1.853716719,1.296743334,1.105956889,1.038750662,1.061375531
3.883630783,1.384185437,1.285624162,1.857522557,1.304922414,1.107478996,1.038262238,1.063121791
3.925214843,1.385675696,1.286929933,1.860803414,1.312612279,1.109034492,1.038262238,1.064918882
3.966771108,1.387206198,1.288119991,1.864108877,1.31981172,1.110657682,1.03777384,1.066826509
4.008530179,1.388700244,1.28936143,1.867912862,1.326768134,1.112205966,1.037285467,1.068561323
4.050257696,1.390188041,1.290729415,1.871982028,1.334227145,1.113814854,1.03752965,1.070388925
4.093268037,1.391784008,1.292133641,1.875033604,1.341692069,1.115481093,1.037285467,1.072134023
4.121797365,1.39221638,1.292482964,1.876560525,1.337958868,1.115948545,1.037285467,1.073547265
4.140512119,1.392498859,1.292847956,1.879601897,1.33870539,1.116365959,1.03704129,1.074897268
4.158465084,1.392694909,1.293136869,1.882393954,1.339700844,1.116933724,1.036552955,1.076235635
4.176728546,1.39294294,1.293514438,1.885179792,1.340198611,1.117477239,1.036552955,1.07753231
4.195831926,1.393185075,1.293820312,1.887469836,1.340198611,1.118012817,1.036064645,1.078724112
4.214455612,1.393412936,1.29430307,1.890528465,1.340696404,1.118506756,1.035332229,1.079664329
4.233111697,1.393601049,1.294559069,1.89255831,1.340696404,1.118938206,1.035332229,1.080922216
4.260512684,1.393538541,1.294377504,1.894595992,1.340696404,1.118596236,1.035576361,1.081753492
4.282249747,1.393627786,1.294582983,1.895611125,1.339700844,1.118192386,1.0358205,1.08234238
4.302978799,1.393644272,1.294560647,1.897138276,1.338954244,1.117921708,1.035576361,1.083129022
4.323765489,1.393794031,1.294714475,1.897896675,1.33771004,1.117558945,1.035576361,1.083877861
4.345152704,1.394028372,1.294739515,1.898661344,1.336217213,1.117226888,1.035576361,1.084650595
4.366312477,1.394332234,1.294952514,1.898654706,1.334973372,1.116864576,1.0358205,1.085312948
4.38808319,1.394652648,1.295106239,1.898394118,1.333729694,1.116523906,1.035576361,1.085976905
4.415170408,1.394529104,1.294980168,1.899914745,1.330248271,1.11617457,1.035088103,1.086346256
4.43040753,1.394286939,1.29498777,1.901176509,1.326768134,1.116179518,1.035576361,1.086896374
4.445948152,1.394018357,1.2949505,1.902960888,1.323040844,1.116132876,1.0358205,1.087310068
4.461239139,1.39379985,1.295100541,1.903981861,1.319066694,1.116148509,1.0358205,1.087723247
4.47628811,1.393581415,1.294982189,1.904743367,1.31559069,1.116155571,1.035576361,1.088359463
4.491923947,1.393323542,1.294845522,1.9065255,1.312612279,1.116186342,1.034843983,1.088852553
4.507025306,1.393035542,1.294767405,1.908314078,1.309634811,1.116245471,1.034843983,1.089395086
4.534791529,1.393194027,1.295298973,1.909332413,1.308394477,1.116130327,1.034355762,1.089525124
4.549976169,1.393544986,1.295714125,1.912142346,1.309138658,1.116322016,1.033867567,1.089592377
4.565184175,1.393850186,1.296133152,1.915465044,1.309138658,1.116462793,1.033623478,1.08978005
4.580987172,1.394179649,1.296582572,1.918018655,1.308394477,1.116592244,1.033135321,1.089899745
4.595385562,1.394493618,1.297104702,1.922111753,1.309634811,1.116767811,1.033135321,1.09010249
4.61066197,1.394988318,1.297591021,1.92518308,1.308890591,1.11699228,1.033135321,1.090597379
4.625407474,1.395401862,1.298232361,1.927487543,1.308642531,1.117226141,1.033135321,1.090779038
4.637328385,1.396018122,1.299213048,1.928255694,1.309882897,1.117650305,1.032647189,1.091023917
4.644993879,1.396334892,1.299762188,1.928510076,1.312860444,1.118150696,1.032891252,1.091551998
4.653248939,1.396754449,1.300402556,1.928507415,1.314845998,1.118617747,1.032403133,1.091789154
4.662062601,1.39718149,1.300962373,1.92927475,1.317825117,1.119094733,1.032647189,1.092304863
4.670047384,1.397413459,1.301643418,1.929267906,1.320805178,1.119586717,1.031915039,1.092646826
4.678616178,1.397666724,1.302225335,1.929767927,1.323537731,1.120073627,1.030938927,1.093060577
4.686336678,1.397950286,1.302586273,1.930277018,1.326519602,1.120542657,1.030450909,1.093371179
4.699495672,1.398600527,1.303210145,1.928989908,1.329005217,1.120816774,1.030450909,1.093749733
4.708381166,1.399001878,1.303650494,1.92924163,1.330248271,1.121013267,1.029474949,1.093930502
4.716985181,1.399469793,1.304083343,1.930263712,1.332237498,1.121152332,1.028743046,1.094239828
4.72588567,1.399775848,1.304505453,1.931540242,1.333978416,1.121224885,1.028255142,1.094495329
4.734785893,1.400208586,1.304934294,1.932563998,1.335470889,1.121303325,1.027523333,1.094737914
4.743421105,1.40062348,1.305354915,1.933332279,1.336714796,1.121574421,1.028011199,1.094927538
4.752626993,1.401021898,1.3058373,1.934089945,1.337958868,1.121717035,1.028499091,1.095242402
4.754930488,1.401161807,1.305754924,1.935363429,1.339949724,1.121723746,1.028011199,1.095734801
4.771671655,1.401344609,1.305631019,1.935355261,1.337461219,1.12150244,1.028255142,1.096055876
4.788448223,1.401357621,1.305518833,1.934585913,1.334475881,1.121114365,1.028987007,1.096380835
4.804678143,1.401340984,1.305274261,1.934578292,1.332237498,1.120709408,1.029230975,1.096638692
4.821501524,1.401367598,1.305080382,1.932782817,1.328259464,1.120308189,1.029230975,1.096858112
4.837786345,1.401284527,1.304809545,1.932523988,1.326271077,1.119979637,1.029962916,1.097179589
4.854382983,1.401386373,1.304541592,1.932241606,1.323289284,1.119579982,1.029962916,1.097534967
4.864302355,1.400997102,1.303898807,1.931469392,1.321550341,1.119534299,1.030694915,1.09781729
4.886820151,1.400647132,1.303625156,1.933507385,1.320060074,1.119381989,1.030206909,1.097733534
4.90910426,1.400162985,1.303507566,1.935813027,1.319315029,1.119175069,1.030450909,1.097774738
4.931140963,1.399765623,1.303391443,1.93734594,1.317576821,1.118953758,1.030206909,1.09760555
4.952952677,1.399283008,1.303204129,1.939139241,1.316087183,1.118871194,1.029962916,1.097488947
4.974812432,1.398721829,1.302939058,1.940676139,1.315094222,1.118708753,1.029718929,1.097199564
4.997333669,1.398286073,1.302872755,1.942467196,1.313853169,1.118594204,1.029718929,1.097085188
4.782801576,1.382357828,1.291050277,1.900491751,1.296495594,1.115989219,1.029474949,1.095732053
4.570189751,1.365265014,1.278310541,1.856416734,1.279417303,1.112510213,1.028499091,1.094046242
4.362324394,1.348299986,1.265809157,1.811791761,1.26261686,1.109105514,1.027523333,1.092376379
4.160919456,1.331652855,1.253354578,1.76813422,1.246092858,1.105700783,1.026547678,1.090625898
3.963588962,1.315309852,1.24126249,1.724934275,1.229351963,1.102340634,1.025084384,1.088881334
3.770988042,1.299156118,1.22908692,1.681180415,1.212886478,1.098889461,1.023621318,1.087243062
3.582679146,1.283302309,1.217118419,1.637638567,1.196449919,1.095565697,1.021183381,1.085466891
3.385145924,1.265837638,1.204167244,1.592310365,1.180531575,1.091572727,1.01996465,1.082870871
3.189205278,1.247777694,1.190867417,1.547464731,1.167327705,1.087358588,1.018746077,1.080239737
2.997711671,1.230013038,1.177755003,1.502587683,1.155118532,1.083281625,1.017283999,1.077508994
2.811628486,1.212579578,1.164920361,1.458175501,1.142681618,1.079142551,1.015578528,1.074970081
2.629842221,1.195373599,1.152122591,1.414707579,1.130991427,1.07507424,1.014360524,1.072417157
2.452879107,1.178566121,1.139564946,1.370454607,1.118343587,1.071036659,1.013142678,1.06986325
2.279901685,1.161939675,1.127316713,1.327401704,1.106198387,1.067066192,1.011681471,1.067137653
2.110981607,1.145318915,1.115161698,1.285964978,1.091160327,1.062526116,1.010220492,1.064184801
1.938380489,1.129152338,1.102603574,1.242121246,1.077114456,1.058167987,1.008029449,1.061264588
1.770496039,1.113225719,1.090232302,1.198481513,1.062848175,1.053792054,1.006325658,1.058393032
1.605819706,1.097456145,1.077941558,1.155293996,1.049086292,1.049396426,1.004622177,1.055416434
1.445554975,1.082034913,1.065887746,1.112082383,1.035585703,1.04504255,1.003648898,1.052565764
1.289352687,1.066974986,1.053943951,1.069310393,1.021623654,1.040691993,1.002432441,1.04981472
1.136720991,1.05205818,1.042148342,1.026968232,1.007202272,1.036301192,1.001459389,1.047053238
1.126398933,1.048394711,1.039659452,1.024402395,1.006241645,1.034349766,1.001459389,1.045234202
1.119470262,1.045979136,1.038054704,1.022536147,1.006001504,1.033120269,1.001702642,1.043911343
1.113437458,1.043767809,1.036322124,1.021376205,1.00552124,1.031861458,1.001702642,1.042327593
1.106318059,1.041413589,1.034585741,1.019970351,1.005281118,1.030573689,1.002189168,1.040864773
1.099762259,1.039183493,1.032871941,1.018106332,1.005761369,1.029278183,1.002919005,1.039339395
1.093391271,1.036889899,1.031265335,1.016474702,1.00552124,1.027929614,1.002919005,1.037793648
1.086839909,1.034600471,1.029677454,1.01507559,1.005041002,1.026795979,1.003405594,1.036435504
1.083648876,1.033295205,1.028987933,1.015536789,1.004560788,1.026418403,1.003162296,1.035552904
1.080999221,1.032777021,1.028360995,1.014375869,1.00432069,1.0262925,1.002432441,1.034775952
1.078694698,1.03237284,1.027810841,1.013447807,1.003600435,1.026131294,1.001459389,1.034000999
1.076396836,1.031918351,1.027296863,1.012748947,1.003360363,1.02608304,1.001216142,1.033135866
1.07374564,1.031475715,1.026687773,1.011574726,1.002640182,1.025812596,1.000486438,1.032485868
1.071083525,1.030984247,1.026247072,1.010634971,1.002160093,1.025572177,0.999756791,1.031492018
1.068237246,1.030389545,1.025656328,1.009469015,1.002160093,1.025367441,0.999513587,1.030811661
1.066115411,1.029721821,1.025104647,1.009469005,1.001920058,1.025388928,1,1.030373837
1.064334261,1.029275139,1.024896798,1.009223223,1.001920058,1.025262275,1.000243216,1.02981446
1.062740022,1.028837981,1.02470142,1.009221832,1.002400134,1.025135751,1.000243216,1.029348579
1.061138639,1.028393458,1.024551793,1.008756253,1.002400134,1.025125684,1.000729666,1.028983163
1.059377437,1.02803304,1.024397238,1.008516354,1.002160093,1.024929075,1.000486438,1.02842938
1.057085821,1.027462605,1.024171856,1.008051682,1.001920058,1.024711432,1.000243216,1.027887164
1.05462261,1.026949897,1.023998689,1.007586069,1.002640182,1.024536887,1.000243216,1.027328304
1.053742199,1.026676263,1.023323161,1.007118653,1.002880236,1.024242118,0.999270391,1.026890209
1.052685588,1.025657356,1.022454681,1.007117772,1.003120296,1.02426318,0.998784016,1.026352606
1.051103206,1.024466906,1.021640233,1.006184947,1.002880236,1.024330766,0.998540838,1.02608629
1.050216624,1.023399447,1.020837952,1.005233726,1.002880236,1.024402424,0.997811342,1.025714402
1.048808068,1.022231999,1.020094875,1.004986297,1.001920058,1.024568807,0.997811342,1.025439977
1.047401859,1.021121538,1.019223749,1.004977352,1.000959979,1.024635792,0.99756819,1.02506136
1.046343308,1.019958178,1.018415676,1.004503372,1.000719975,1.024635861,0.99756819,1.024725491
1.04523569,1.019464112,1.01785242,1.003568118,1.001440006,1.024366566,0.99756819,1.024351236
1.043812597,1.018770273,1.01752741,1.003330647,1.000959979,1.023758932,0.998054501,1.023947562
1.042931661,1.018105084,1.017190405,1.003096901,1.000719975,1.023077888,0.998784016,1.023689604
1.041692729,1.017489643,1.016804125,1.002623806,1,1.022415807,0.998297667,1.023363259
1.04077055,1.016827785,1.016543504,1.003304767,1,1.02176539,0.998540838,1.023018742
1.039715121,1.016238932,1.016138119,1.003303036,0.999760021,1.021181175,0.998540838,1.022857792
1.038833703,1.015699831,1.015782879,1.003748849,0.999520048,1.020535477,0.998540838,1.022579759
1.037599889,1.015603911,1.015234962,1.002585451,0.999520048,1.020213733,0.99756819,1.02225716
1.037061621,1.015314897,1.014674575,1.002804598,0.999520048,1.019844413,0.998297667,1.021983495
1.036171871,1.015167448,1.014137148,1.001877021,0.998800166,1.019558788,0.998784016,1.021745275
1.035988719,1.014930962,1.013577553,1.001876452,0.998800166,1.019180164,0.998784016,1.021418076
1.035811713,1.014739963,1.012977547,1.002098149,0.998800166,1.01888046,0.999513587,1.021147165
1.035447409,1.014548507,1.012429482,1.002558859,0.999040121,1.018620885,1,1.021000029
1.035259496,1.014367702,1.011882629,1.003018923,0.998800166,1.018254772,0.999756791,1.020615382
1.034373366,1.014487588,1.011740759,1.003478841,0.998560218,1.017651336,1,1.020279227
1.034000929,1.014492826,1.011794837,1.003011893,0.998320276,1.016787372,1.000243216,1.019843512
1.033472333,1.014661571,1.011876194,1.00347177,0.997840411,1.015892061,1.000486438,1.019295648
1.032421342,1.014774898,1.011879421,1.003700489,0.997600488,1.015093575,1.000972901,1.01899239
1.031894044,1.01488654,1.011871146,1.003232069,0.997600488,1.014299414,1,1.018450551
1.03133146,1.014988693,1.011862826,1.002296271,0.997600488,1.013448318,1.000486438,1.018173088
1.030793129,1.0151425,1.011816111,1.002277265,0.997120661,1.012481416,1.000486438,1.017784447
1.030440099,1.014755432,1.011423084,1.002024662,0.99616108,1.01149295,1.000243216,1.017419868
1.029714961,1.014093485,1.011022473,1.001790178,0.99616108,1.010970889,1.000243216,1.017110061
1.028659805,1.013329889,1.010633485,1.001320732,0.996640858,1.010550119,0.999513587,1.01650641
1.02743323,1.012634337,1.010224199,1.001083527,0.996880756,1.010068326,0.999756791,1.015963968
1.026359386,1.011872424,1.009816437,1.000151973,0.996640858,1.009650138,0.999756791,1.015589098
1.025483253,1.011060425,1.009419927,0.999451826,0.996640858,1.009126235,0.999756791,1.01499201
1.024746536,1.010350562,1.00899946,0.99829083,0.996880756,1.00864322,0.999756791,1.014510615
1.024210527,1.00970943,1.008870495,0.998038753,0.996640858,1.007786514,1,1.013888352
1.024030876,1.009099178,1.008633318,0.997341505,0.996400966,1.006880773,0.999756791,1.013372236
1.023501038,1.008490872,1.008392605,0.997793434,0.996880756,1.006046986,0.999513587,1.012891174
1.023114371,1.007945165,1.008036648,0.997095503,0.996400966,1.005187949,0.998784016,1.012250557
1.022231574,1.007297953,1.007731901,0.996401501,0.99616108,1.00435343,0.998540838,1.011724501
1.021877745,1.006897444,1.007478183,0.995936618,0.99616108,1.003483436,0.998297667,1.010921209
1.021123312,1.006420563,1.007102297,0.99546938,0.99616108,1.002669229,0.998054501,1.010375244
1.020941947,1.00538537,1.006930034,0.995005059,0.996400966,1.00256687,0.997325043,1.009897638
1.020590164,1.005342849,1.006938025,0.9954638,0.996640858,1.00249313,0.997081903,1.009457704
1.020586266,1.005425324,1.006879089,0.995000624,0.996640858,1.002467879,0.996838769,1.009062934
1.020934033,1.005538078,1.006889347,0.994537105,0.997120661,1.002433881,0.996595642,1.008682943
1.021436129,1.005449646,1.006744865,0.995215343,0.996880756,1.002274724,0.997811342,1.008487986
1.021609888,1.005360044,1.006762503,0.995446045,0.997120661,1.002330861,0.99756819,1.008047167
1.021431475,1.005287073,1.006776764,0.995212562,0.997120661,1.00227807,0.997081903,1.00757961
1.02123591,1.005242888,1.006596661,0.994748743,0.998080341,1.002444288,0.99756819,1.007372439
1.021570373,1.005182872,1.006549041,0.994978021,0.998320276,1.002126001,0.998054501,1.006996197
1.021561389,1.00512368,1.006442491,0.995663568,0.998080341,1.001758343,0.998540838,1.006751536
1.021905095,1.005087059,1.006346643,0.995431151,0.998080341,1.001509773,0.998784016,1.006484993
1.022252989,1.005028305,1.00621196,0.995196339,0.997600488,1.001102306,0.999513587,1.006010387
1.022246842,1.004936069,1.006126659,0.995649781,0.998080341,1.00086055,0.999270391,1.005793011
1.022417445,1.004869967,1.006035236,0.996570617,0.997600488,1.000513425,0.9990272,1.005601292
1.022058032,1.004828728,1.005445736,0.99633174,0.997600488,1.000333687,0.9990272,1.005441233
1.021160841,1.004344916,1.005106798,0.995636494,0.997840411,1.00071478,0.998784016,1.005061527
1.021142597,1.003798114,1.004669925,0.995398645,0.997600488,1.001000765,0.998784016,1.004639675
1.020785999,1.0033622,1.004320884,0.995390278,0.997360571,1.001329635,0.999270391,1.004357338
1.020575448,1.002931228,1.003994497,0.995620434,0.997600488,1.001598906,0.998297667,1.003910776
1.019873784,1.002334181,1.003565922,0.995385182,0.997120661,1.00199194,0.997811342,1.003739831
1.019493642,1.001761365,1.003343555,0.995148952,0.996640858,1.002320979,0.998054501,1.003384853
1.019115864,1.001560736,1.003024213,0.995367618,0.996640858,1.002194813,0.999513587,1.002891419
1.018749294,1.001109149,1.002583924,0.994890131,0.99616108,1.002096311,1,1.002573228
1.018223769,1.000380891,1.002082056,0.99442591,0.9959212,1.001940669,0.999270391,1.002468689
1.017864622,0.99972873,1.001591528,0.994656196,0.995201599,1.001731198,0.9990272,1.00186415
1.01679996,0.999140162,1.00122745,0.993950425,0.99544146,1.001579233,0.998540838,1.001318773
1.016433185,0.998598622,1.000755632,0.994643115,0.99544146,1.001326664,0.998540838,1.000880554
1.015728322,0.997939094,1.000213913,0.994409235,0.995681327,1.001161037,0.998540838,1.000490055
1.015028345,0.997486718,1.000358931,0.994620746,0.994961744,1.000640545,0.998054501,0.999816417
1.014145154,0.997208582,1.000093714,0.994156967,0.994961744,1.000321401,0.996838769,0.99927432
1.013611599,0.996890004,0.999845253,0.993689887,0.994721896,1.000003547,0.996352521,0.998838125
1.01325473,0.99660992,0.999594467,0.993689263,0.994961744,0.99972279,0.995866297,0.998394747
1.012726975,0.996365641,0.999567688,0.994613827,0.99544146,0.999494558,0.994893926,0.9979361
1.01252788,0.996233842,0.999404002,0.99459608,0.99544146,0.999185436,0.994650849,0.997331928
1.012151797,0.996019859,0.9992285,0.994132142,0.9959212,0.998869911,0.995137009,0.996855854
1.012668367,0.995387866,0.999518791,0.994824919,0.99616108,0.99884428,0.995137009,0.99631784
1.012820669,0.995093362,0.999334999,0.995515955,0.99544146,0.998625156,0.995623195,0.996116033
1.012118947,0.99470623,0.999355204,0.995956775,0.99544146,0.998435697,0.995623195,0.995631634
1.011418516,0.994211762,0.999349306,0.995953848,0.995681327,0.998235091,0.995623195,0.995112671
1.011064239,0.993863523,0.999267171,0.995488867,0.99544146,0.998031761,0.995866297,0.994872052
1.01088039,0.993589202,0.999263854,0.99547894,0.9959212,0.997772333,0.996352521,0.99466663
1.010879763,0.993351633,0.999154536,0.99523587,0.9959212,0.9975173,0.996109406,0.994348043
1.010693222,0.993182869,0.999191086,0.994541042,0.995681327,0.997251761,0.994893926,0.994028045
1.011002119,0.993000271,0.998991667,0.995230083,0.99616108,0.996955413,0.994650849,0.993779537
1.010995592,0.99301078,0.998769088,0.995225618,0.996640858,0.996700318,0.994650849,0.993277359
1.010291782,0.992906552,0.998596066,0.99522159,0.997120661,0.996347786,0.995137009,0.992845296
1.010442265,0.99276917,0.998363441,0.995213237,0.996880756,0.996051658,0.995137009,0.992495343
1.009905815,0.992519758,0.998112751,0.994748969,0.996880756,0.995746222,0.994407778,0.99195384
1.010240078,0.992461974,0.99789911,0.995207144,0.996400966,0.995434682,0.994164714,0.991541936
1.010408442,0.992575815,0.997115294,0.996130407,0.996880756,0.995373751,0.994893926,0.99129199
1.011096291,0.992613499,0.996731176,0.996127327,0.997120661,0.995435498,0.995380099,0.991174226
1.01142867,0.992684222,0.996430747,0.996588681,0.997120661,0.995466443,0.995623195,0.990796073
1.01177588,0.992705085,0.996023952,0.996126098,0.996640858,0.99546756,0.996595642,0.990745348
1.012094362,0.992801862,0.995642216,0.995890952,0.996400966,0.995554728,0.996352521,0.990503695
1.011911006,0.992905711,0.995274855,0.99611656,0.9959212,0.995558012,0.996838769,0.990292877
1.011905064,0.992962148,0.994845142,0.995647492,0.9959212,0.995646767,0.996109406,0.990042565
1.011362172,0.993363126,0.994669884,0.99494824,0.995201599,0.995807805,0.995623195,0.989922372
1.01116834,0.993858848,0.994880399,0.994715377,0.9959212,0.995919744,0.995380099,0.989708365
1.011493071,0.99436349,0.9949682,0.994714059,0.995681327,0.996028693,0.995380099,0.989674731
1.011834054,0.994878443,0.995103435,0.995404923,0.9959212,0.996149753,0.996109406,0.989828639
1.012183085,0.99528198,0.995279345,0.996091338,0.99616108,0.996260218,0.996838769,0.989795179
1.012175817,0.995685547,0.995390404,0.995854752,0.9959212,0.996317669,0.997081903,0.989649802
1.011825526,0.996144238,0.99552088,0.996313105,0.996400966,0.996444963,0.997325043,0.98961326
1.011427264,0.996653391,0.995373264,0.996537221,0.99616108,0.995865685,0.998054501,0.989615898
1.011225693,0.997426314,0.995164529,0.996531582,0.995681327,0.995342111,0.998540838,0.989508248
1.011049659,0.998009456,0.995088853,0.997450352,0.9959212,0.99481328,0.999270391,0.989572026
1.011395613,0.998711747,0.994903832,0.996982965,0.995681327,0.994339685,0.9990272,0.989626405
1.011211984,0.999372727,0.99475791,0.996981063,0.995681327,0.993855963,0.999270391,0.989601135
1.01119402,1.000131169,0.994599206,0.996747106,0.99616108,0.993394112,0.999756791,0.989604281
1.011352768,1.000891114,0.994258232,0.996280747,0.997120661,0.99298135,1.000486438,0.989719512
1.011351554,1.000755314,0.994516368,0.995337024,0.99616108,0.99283931,0.999756791,0.989583162
1.010816914,1.000915889,0.995260039,0.99509605,0.9959212,0.992394193,1.000243216,0.989427101
1.010461628,1.000875368,0.995823826,0.995089797,0.9959212,0.991883166,1.000486438,0.989573816
1.009937819,1.000936074,0.996535631,0.996474376,0.996400966,0.991388662,1.000486438,0.989356411
1.009235767,1.000967097,0.997090852,0.995996992,0.997360571,0.990989033,1.001459389,0.989205243
1.008885943,1.000969483,0.997759998,0.995532488,0.996880756,0.990642569,1.001702642,0.989157387
1.008361497,1.001014645,0.99847969,0.995300872,0.996880756,0.99017752,1.001459389,0.989057195
1.008696849,1.000919259,0.998735192,0.995978396,0.997360571,0.989611932,1.001945902,0.989180576
1.008517683,1.000739268,0.998811742,0.99643273,0.997120661,0.989031392,1.001945902,0.988943188
1.008342096,1.000541221,0.998889703,0.995503928,0.996880756,0.988400965,1.001459389,0.988702223
1.007814896,1.000309279,0.998908473,0.99503061,0.996400966,0.98786099,1.000729666,0.988382456
1.007465097,1.000129022,0.998994468,0.994327042,0.995681327,0.987245056,1,0.988222078
1.007107263,1.000036076,0.99909934,0.99455173,0.9959212,0.986669488,0.999513587,0.987903475
1.007272902,0.999937922,0.999150545,0.994316236,0.995681327,0.986094293,0.999513587,0.987565381
1.007919703,0.999488246,0.99866952,0.994527072,0.99616108,0.985811978,0.999270391,0.987394132
1.007395901,0.998535829,0.998735651,0.99452101,0.996640858,0.985606755,0.9990272,0.987048668
1.007383919,0.997644668,0.998688341,0.994276702,0.996640858,0.985343638,0.9990272,0.986685868
1.007183925,0.996855143,0.998704224,0.994954396,0.997120661,0.98514482,0.9990272,0.986539016
1.007167575,0.996007333,0.998701303,0.994719566,0.997120661,0.985002838,0.998784016,0.986136387
1.006804827,0.995120679,0.99871423,0.995176462,0.997120661,0.984853957,0.999270391,0.985946505
1.00643224,0.994273647,0.998933813,0.99584875,0.996880756,0.984751338,0.999513587,0.985674535
1.143413547,1.009054736,1.010318489,1.052686947,1.022345313,0.986660768,1.00267572,0.986456114
1.29526068,1.027561654,1.024201286,1.11223394,1.040887162,0.990518648,1.005108854,0.987950283
1.450688574,1.046621758,1.038245246,1.171708848,1.058741617,0.994632365,1.007299215,0.98931113
1.609748957,1.065909807,1.052498544,1.22967481,1.077356447,0.998678967,1.009003183,0.990633044
1.772798242,1.08554793,1.066989878,1.289694812,1.095281247,1.002638689,1.011194453,0.992217879
1.939371097,1.105601301,1.08166275,1.350336301,1.113483604,1.006467207,1.013629797,0.993639995
2.118805706,1.127777334,1.098059185,1.413344721,1.139514076,1.012706776,1.016309406,0.996623455
2.310062362,1.150634397,1.115093855,1.476541895,1.163419031,1.018981243,1.018502382,0.999405759
2.506314024,1.173917865,1.132520833,1.53993494,1.186895659,1.02528303,1.02069587,1.002449155
2.707981197,1.197862194,1.150300523,1.60451122,1.21190438,1.031667907,1.022402271,1.005493251
2.915747753,1.222246965,1.168350571,1.669538925,1.23624165,1.038068091,1.024108981,1.008470978
3.128955759,1.24719959,1.186767032,1.735027612,1.260642313,1.044513847,1.026791582,1.01175124
3.348549708,1.272779588,1.205486862,1.800735004,1.284611757,1.051000485,1.028743046,1.014800724
3.579544621,1.299119344,1.224779776,1.867414157,1.309386731,1.057799088,1.031182945,1.019021178
3.821163848,1.325952695,1.245162636,1.931999866,1.330994182,1.065117872,1.033623478,1.023308395
4.071129144,1.353537571,1.265551154,1.997041357,1.352900557,1.072424034,1.035088103,1.027699524
4.328528345,1.381971114,1.2865325,2.063066703,1.375357589,1.079753824,1.036552955,1.032102924
4.594244077,1.411005653,1.307857636,2.129296468,1.397868187,1.087123552,1.038262238,1.036309642
4.86870024,1.44082798,1.329531802,2.196771854,1.420934586,1.094554198,1.040216085,1.040814974
5.157156183,1.471635384,1.35190053,2.263679517,1.44632241,1.102469755,1.041926034,1.045796492
5.47279547,1.503355594,1.374858031,2.331588826,1.472535626,1.110278139,1.044124997,1.051021688
5.551226439,1.511745917,1.381630829,2.334794735,1.47228323,1.115615576,1.043391953,1.055064048
5.608983049,1.514579796,1.384289213,2.33532227,1.478342577,1.119115338,1.042903288,1.058428621
5.667136982,1.517303149,1.386953003,2.33638819,1.485669454,1.122486877,1.042903288,1.061811696
5.725333976,1.520051237,1.389718,2.338527714,1.49199027,1.125823702,1.042903288,1.065330899
5.784880153,1.522819144,1.392618897,2.339862974,1.497809139,1.129125777,1.041926034,1.068605046
5.836349574,1.526050315,1.395972143,2.343337956,1.504897793,1.132899742,1.041437446,1.072492956
5.903239196,1.526910136,1.397039791,2.346282117,1.500087058,1.134251508,1.041681737,1.074859316
5.958340814,1.527757053,1.398086045,2.348413753,1.498315296,1.135427268,1.041437446,1.077288506
6.015145278,1.528750163,1.399038824,2.350286846,1.496290829,1.136606171,1.040948882,1.079776609
6.0719657,1.529688549,1.400099085,2.35295829,1.493507892,1.137737634,1.041193161,1.082168046
6.129153038,1.530730858,1.401293057,2.354565014,1.490978657,1.138878201,1.041193161,1.084619972
6.187032078,1.531677585,1.402340029,2.356974389,1.488955753,1.140043188,1.040948882,1.087028957
6.240164172,1.532620817,1.403591506,2.358842542,1.487438858,1.141295747,1.040460344,1.089723242
6.268558883,1.533309242,1.404266396,2.362316566,1.489461439,1.142524414,1.039727585,1.091558888
6.291191392,1.534231629,1.405178737,2.368217633,1.494266794,1.143741228,1.039727585,1.0931553
6.314224997,1.535245935,1.406046179,2.373046636,1.498568384,1.144883897,1.039727585,1.094841232
6.337670327,1.536090369,1.406728697,2.377877955,1.50261872,1.146097776,1.039483345,1.0963931
6.361144721,1.53695874,1.407418285,2.382711238,1.506417479,1.147166259,1.039483345,1.098095945
6.384706825,1.5379268,1.408246105,2.387815933,1.510977995,1.148234271,1.039483345,1.099735604
6.43132057,1.538790983,1.408925199,2.393452211,1.50768407,1.148890908,1.038506447,1.100980881
6.456439871,1.539482749,1.409483072,2.400441842,1.502871924,1.149690172,1.038506447,1.102365105
6.481649095,1.54011811,1.409944226,2.407710611,1.498568384,1.150463119,1.038750662,1.103659496
6.506912775,1.54065006,1.410375515,2.415253545,1.493760852,1.151112482,1.038506447,1.105000892
6.533291223,1.541153712,1.410919426,2.422259426,1.488702921,1.151835911,1.038750662,1.106511638
6.559056477,1.54173861,1.411357256,2.428462958,1.483394991,1.152522311,1.038506447,1.107826504
6.584170088,1.542337379,1.411823157,2.435482119,1.479605428,1.153312978,1.038750662,1.109257397
6.621456813,1.542342406,1.411453157,2.439532946,1.476574868,1.15396573,1.038750662,1.110378301
6.617894186,1.54237863,1.411566687,2.443313876,1.480868448,1.154603853,1.038750662,1.111324604
6.615403884,1.542058928,1.411495197,2.446557499,1.484405796,1.155334254,1.039239111,1.112318036
6.612183749,1.541930503,1.411369642,2.451155123,1.488702921,1.155965725,1.039727585,1.113090267
6.608267068,1.541711982,1.411183637,2.45467212,1.493001991,1.156630183,1.040216085,1.113960328
6.605067007,1.541596411,1.410736183,2.458454667,1.498062214,1.157257694,1.040948882,1.114849845
6.600780922,1.541557671,1.410668965,2.461687218,1.502365524,1.157998489,1.040948882,1.115748993
6.596511624,1.541474258,1.410616007,2.466021214,1.502365524,1.158795793,1.041926034,1.116498101
6.602878897,1.541558074,1.410940055,2.467376407,1.498315296,1.159217865,1.041926034,1.117159632
6.609978863,1.541499919,1.411113563,2.470076439,1.494772762,1.159647324,1.041193161,1.117833684
6.616372367,1.541538475,1.411391754,2.47305624,1.491737356,1.160066065,1.041437446,1.118611771
6.622414557,1.541632347,1.411621093,2.47548623,1.488450095,1.160574006,1.042170338,1.119283614
6.62846294,1.541751993,1.411885322,2.477924028,1.484911239,1.161057475,1.042658965,1.12006603
6.634159301,1.54169343,1.412111414,2.480093906,1.48061583,1.161608829,1.042414648,1.12063811
6.642710812,1.541612768,1.412178617,2.484427846,1.480110616,1.161683287,1.042903288,1.121102127
6.649847967,1.541494544,1.412041554,2.487413295,1.478595134,1.161684919,1.042170338,1.121566779
6.657699742,1.541521018,1.411908279,2.490127416,1.477079894,1.161745258,1.041926034,1.122008733
6.665561576,1.541363089,1.411953223,2.492301128,1.476069869,1.161935487,1.042170338,1.12233588
6.673071365,1.541283422,1.411968651,2.494747593,1.474807488,1.162007193,1.042170338,1.122695613
6.6812919,1.541133256,1.411896114,2.49882499,1.474555032,1.162148576,1.042170338,1.123277626
6.68915206,1.540908029,1.411828683,2.502089029,1.47228323,1.162348536,1.042658965,1.123574941
6.67657707,1.540931835,1.412000561,2.505626524,1.476574868,1.162392674,1.042658965,1.123842791
6.694116291,1.540857758,1.411927103,2.50942897,1.468245815,1.162762417,1.041681737,1.12418656
6.710624373,1.540870188,1.4120228,2.514055665,1.460428211,1.16311548,1.040948882,1.124548133
6.72786956,1.541018033,1.412194685,2.51814225,1.452113323,1.163555164,1.040948882,1.125058692
6.745875548,1.541031605,1.412285436,2.522770831,1.443805726,1.163900837,1.041193161,1.125618536
6.762464952,1.541099749,1.412592787,2.527664199,1.435002593,1.164217714,1.040460344,1.12603321
6.780182319,1.541236016,1.412744392,2.532838386,1.426458809,1.164530178,1.040216085,1.12643929
6.735036916,1.540076964,1.411993049,2.505302752,1.420432543,1.164203569,1.040216085,1.12668153
6.446259929,1.525624858,1.401717298,2.438846808,1.399871728,1.161872063,1.038994883,1.125988793
6.164847961,1.511335809,1.391757143,2.371771097,1.379855417,1.159668521,1.03777384,1.125343044
5.892832633,1.497356044,1.381655395,2.305159166,1.35913326,1.157367113,1.036552955,1.124643951
5.629105779,1.483598841,1.371652374,2.239010313,1.338456543,1.15502352,1.035576361,1.123996052
5.372688529,1.470002653,1.361889956,2.174371247,1.318570044,1.152767372,1.033867567,1.12322559
5.123884208,1.456420318,1.352224009,2.109374441,1.298973286,1.150394505,1.032647189,1.122703859
4.808556873,1.432382841,1.334268277,2.037314225,1.278675472,1.145965067,1.031671001,1.120508667
4.50400868,1.407908837,1.316004422,1.96450209,1.260395524,1.141587908,1.030206909,1.117899839
4.20996995,1.383909668,1.297984446,1.893027205,1.241904829,1.136998145,1.028743046,1.115628343
3.926155544,1.360568513,1.280190346,1.822096214,1.223696367,1.132538832,1.026547678,1.113171132
3.65179676,1.337618829,1.26268131,1.751201485,1.206013954,1.128097511,1.025084384,1.110584199
3.386669294,1.315277848,1.245605077,1.680585955,1.187140518,1.12366557,1.022889871,1.107945053
3.13077539,1.293468625,1.228801101,1.610012796,1.16879388,1.11916178,1.020939623,1.105803962
2.89138504,1.270724312,1.211536179,1.539979084,1.143656463,1.113835468,1.019233488,1.102689566
2.645499044,1.248102773,1.194480383,1.469016409,1.126611384,1.107940758,1.018502382,1.099490211
2.407761958,1.2259766,1.177692769,1.398340148,1.109111789,1.102024542,1.01679669,1.096212775
2.177348834,1.204167241,1.161195154,1.328228347,1.091887416,1.096205785,1.014360524,1.092832633
1.954144728,1.182943794,1.145053057,1.257937696,1.074936827,1.090339223,1.012412046,1.089623632
1.738185601,1.162106048,1.129086903,1.188412351,1.058258612,1.084575458,1.010950953,1.086195429
1.528386766,1.141604619,1.113312815,1.119420586,1.041610323,1.078796058,1.009246632,1.082863816
1.35859047,1.121919443,1.097892052,1.078238664,1.025232512,1.07324027,1.007055817,1.079432618
1.321324951,1.111519532,1.089484396,1.071235216,1.023307612,1.069169246,1.007299215,1.076547295
1.284635275,1.101438422,1.081003574,1.063538712,1.020421013,1.06512764,1.00754262,1.073711254
1.248146102,1.091318318,1.072642302,1.056540284,1.018978051,1.061067823,1.007055817,1.07085074
1.211855479,1.081196786,1.064307738,1.049548559,1.016573614,1.057036255,1.005838918,1.067962268
1.175942643,1.071185073,1.056052096,1.042105298,1.014169801,1.052953844,1.005595557,1.065188523
1.13986716,1.061311827,1.047891854,1.035356953,1.011286049,1.048995442,1.005108854,1.062491023
1.132860435,1.059116828,1.045845765,1.033261653,1.010805512,1.047137527,1.004865513,1.060935899
1.127502779,1.057219778,1.044538772,1.031865875,1.010324999,1.045387545,1.005108854,1.059526909
1.121622198,1.055336678,1.043330898,1.029542495,1.009604276,1.043638427,1.004865513,1.058194872
1.115748467,1.053434683,1.042130273,1.027438651,1.009364047,1.04187173,1.004622177,1.056726599
1.110043723,1.051583348,1.040911817,1.025810908,1.008403196,1.040089846,1.003892208,1.055195105
1.104372404,1.049590442,1.039618982,1.023720359,1.007442444,1.038316461,1.004135525,1.053860594
1.098527898,1.047551938,1.038230261,1.022322818,1.007442444,1.036675903,1.003648898,1.05227506
1.09481167,1.046510588,1.037210438,1.020463593,1.006721946,1.036045416,1.003162296,1.051064264
1.091800465,1.044972126,1.03621925,1.019293219,1.006001504,1.035681532,1.002432441,1.050035713
1.088595798,1.043520222,1.035198723,1.018348355,1.00552124,1.035419184,1.002189168,1.048929788
1.085407353,1.042055321,1.034107532,1.016718491,1.005281118,1.035070819,1.001702642,1.048070113
1.082039079,1.040539076,1.033117699,1.016246619,1.004800892,1.034746736,1.001216142,1.046930717
1.079038185,1.039087798,1.032091856,1.015312688,1.00432069,1.034431707,1.000972901,1.045986323
1.076708714,1.037648198,1.031037935,1.01438077,1.004080599,1.034155189,1.000729666,1.045148764
1.074743101,1.037289172,1.030442929,1.014148841,1.00432069,1.033338971,1.000486438,1.044319244
1.072887271,1.036914197,1.029980535,1.013434718,1.003840514,1.033104846,1,1.043699277
1.070760902,1.036343428,1.029594142,1.01297038,1.003600435,1.032789136,0.999513587,1.043219396
1.068465686,1.035873317,1.029243537,1.01249845,1.002400134,1.03256657,0.999270391,1.042683684
1.066526553,1.035520772,1.028856947,1.012257344,1.002640182,1.03233987,1,1.042191721
1.064401669,1.035208924,1.028488793,1.012018272,1.002640182,1.032157184,1,1.041634653
1.062285387,1.034748778,1.028130003,1.011315659,1.002640182,1.031863976,1,1.041229056
1.060524893,1.034098173,1.028120076,1.01061802,1.002400134,1.031758693,1,1.040846093
1.058588077,1.033116963,1.027731897,1.009908659,1.001680029,1.032105588,0.999756791,1.040559082
1.057173678,1.032185265,1.02730979,1.009426073,1.001440006,1.032433205,0.999756791,1.040158301
1.055932189,1.031153985,1.026858475,1.009424422,1.000959979,1.032718783,0.999756791,1.039892701
1.054696095,1.030227015,1.026463512,1.009188752,1.001199989,1.033170191,0.999756791,1.039619035
1.053430239,1.029327167,1.026011603,1.008721001,1.001199989,1.033501759,1,1.039237955
1.052023951,1.028416451,1.025761001,1.008486804,1.001680029,1.033833351,1.000243216,1.038746162
1.050902743,1.027454834,1.025481062,1.008715951,1.001920058,1.03373428,1.000486438,1.038773085
1.049828632,1.027629593,1.025395363,1.008020834,1.001920058,1.033561457,1.000486438,1.038661714
1.048593799,1.027732404,1.025520661,1.008017956,1.002640182,1.033441993,1.000243216,1.038519377
1.047539297,1.027849199,1.025579832,1.008480058,1.002880236,1.033175584,1.000972901,1.038513317
1.047005552,1.027955871,1.025536225,1.008248182,1.003360363,1.033013012,1.000729666,1.038473452
1.0461202,1.028043015,1.025491973,1.008708589,1.003360363,1.032762835,1.001216142,1.038434882
1.044522229,1.028100211,1.025595497,1.008935624,1.003120296,1.032554692,1.001216142,1.038244888
1.043643063,1.027290042,1.025604784,1.007775213,1.002400134,1.033079585,1.000486438,1.038199148
1.042589754,1.026575474,1.025609429,1.006843884,1.002640182,1.033192548,1.000243216,1.038158876
1.04221295,1.025980182,1.025719402,1.006378714,1.002640182,1.033271201,1,1.038106933
1.041502519,1.025340346,1.025781514,1.0059131,1.003120296,1.03344304,0.999756791,1.03805446
1.040448286,1.02469862,1.025949526,1.005678511,1.002400134,1.033508569,0.998784016,1.037949776
1.039562849,1.023941148,1.026009472,1.005212196,1.001680029,1.033579609,0.998540838,1.037895354
1.038654667,1.023428051,1.026186325,1.005442599,1.002400134,1.0336925,0.999270391,1.037792629
1.038654181,1.023327261,1.025728637,1.00566673,1.001920058,1.033962333,0.998540838,1.037686254
1.038110983,1.023653614,1.025488755,1.005199373,1.002160093,1.033553517,0.998054501,1.037750281
1.037213796,1.02384492,1.025234965,1.004730242,1.001680029,1.033229076,0.998540838,1.037823073
1.036826196,1.024122154,1.025042524,1.00495989,1.001680029,1.03285025,0.998784016,1.037862413
1.03611348,1.024293653,1.024794374,1.004719259,1.000719975,1.032473168,0.998054501,1.037954247
1.035748276,1.024465602,1.024614121,1.004945911,1.000719975,1.032153077,0.998054501,1.037942501
1.035213599,1.024832972,1.024158602,1.004712576,1.000479977,1.031774163,0.997811342,1.038025675
1.034510507,1.025168727,1.024277425,1.004480927,1.000719975,1.031672781,0.997811342,1.038013621
1.033803527,1.02486399,1.024196304,1.005405889,1.000959979,1.030965324,0.998540838,1.038054318
1.033440992,1.024662511,1.024188247,1.004933492,1.000719975,1.030213723,0.998784016,1.037976583
1.03307823,1.024449309,1.024077785,1.005150811,1.000719975,1.029486716,0.999270391,1.037898153
1.032710713,1.02414333,1.023940342,1.004918473,1,1.028636907,0.999756791,1.03787787
1.032000019,1.02389421,1.023858942,1.004446609,1,1.027892832,0.999756791,1.037839375
1.031471969,1.023674135,1.023669765,1.00374813,1,1.027202274,1.000243216,1.037973703
1.0311049,1.02372688,1.023423732,1.003978741,1.000959979,1.026932949,1.000972901,1.037881869
1.030571759,1.023492939,1.023104846,1.004426763,1.000719975,1.02683281,1.001702642,1.037662505
1.03004405,1.023332967,1.022702548,1.004194973,1.000479977,1.026788178,1.001702642,1.037459492
1.029151704,1.023054222,1.022312355,1.003729082,0.999760021,1.026632515,1.001702642,1.037183053
1.028626275,1.022745344,1.021872408,1.003265051,0.999760021,1.026535106,1.001945902,1.037131685
1.02809496,1.022556827,1.021515867,1.003018344,0.999760021,1.026458061,1.002919005,1.037041851
1.027732852,1.022307164,1.021041841,1.002550327,0.998800166,1.026332981,1.001945902,1.036958668
1.026857349,1.021340588,1.021131139,1.002549036,0.998800166,1.026360559,1.002432441,1.036872529
1.026153503,1.020938214,1.020927691,1.002993511,0.998800166,1.026335379,1.00267572,1.036544207
1.026319884,1.020725782,1.02082841,1.003213713,0.999760021,1.026367255,1.001945902,1.036214601
1.025444198,1.020371805,1.020697292,1.00343901,0.999760021,1.026212841,1.001216142,1.03596778
1.025265172,1.020137045,1.020703358,1.003430809,1.000719975,1.026162052,1.001216142,1.035707866
1.024553706,1.019831774,1.020550688,1.003891563,1.000959979,1.02615234,1.001459389,1.035542497
1.024197899,1.019304002,1.020211613,1.004558409,1.000959979,1.026268182,1.001945902,1.035328545
1.023658631,1.018755023,1.019617487,1.00409532,1.000959979,1.026084472,1.001702642,1.034774582
1.02329874,1.018395633,1.019070612,1.00292935,1.000479977,1.02642011,1.001216142,1.034497378
1.023283442,1.018003635,1.018437539,1.002928348,1.000719975,1.026808265,1.001216142,1.034059194
1.023093445,1.0177242,1.018004774,1.001769051,1.000959979,1.027191175,1,1.033803718
1.022734994,1.017318992,1.017500912,1.001994208,1.000719975,1.027607281,1,1.033603227
1.022513758,1.016829044,1.016868292,1.001521813,1.000719975,1.028003047,0.999270391,1.033102569
1.022161887,1.016657005,1.016393133,1.001975728,1.000479977,1.028137592,0.999513587,1.032579481
1.021803555,1.016599145,1.015813313,1.001743324,1.000719975,1.027700956,0.999756791,1.032083471
1.021971115,1.017073018,1.015437156,1.001510377,1.001199989,1.027384654,1,1.031848946
1.021964237,1.017298895,1.015052881,1.001971906,1.001680029,1.027071883,1.000486438,1.031526748
1.022279199,1.01758431,1.014621522,1.002886586,1.002160093,1.026858213,1.000972901,1.031253498
1.022263115,1.01789474,1.014268189,1.003346346,1.002640182,1.026558525,1.001945902,1.030871476
1.022254666,1.018174829,1.013812896,1.003795638,1.003360363,1.026324743,1.001702642,1.030428456
1.022246081,1.018294783,1.013969466,1.003786867,1.003600435,1.026103517,1.001702642,1.029929481
1.021714307,1.019389406,1.014277573,1.003085921,1.003600435,1.025565988,1.001945902,1.02955351
1.022232873,1.020128282,1.014764539,1.003081308,1.003840514,1.02525093,1.001702642,1.029292053
1.022039073,1.020820866,1.015193958,1.003307696,1.003600435,1.024884665,1.002189168,1.029097525
1.022213233,1.021544683,1.015613636,1.002607968,1.003600435,1.024646126,1.003162296,1.028804267
1.022372339,1.022356025,1.016024103,1.002835704,1.003360363,1.024290784,1.003892208,1.028616997
1.022363448,1.023230979,1.016485898,1.001907477,1.003360363,1.023905809,1.003405594,1.028401388
1.022362272,1.024121194,1.017098762,1.001674703,1.003120296,1.023342401,1.002919005,1.028181526
1.022703929,1.024798626,1.017824066,1.001670248,1.003120296,1.023089169,1.00267572,1.028263619
1.022871813,1.025498242,1.018444386,1.00190074,1.003840514,1.022842408,1.002432441,1.028299322
1.022680784,1.026135281,1.019175997,1.001895034,1.003360363,1.022433499,1.00267572,1.028644796
1.022499284,1.026658867,1.01990659,1.00280823,1.003360363,1.022121647,1.004135525,1.028721364
1.022133473,1.027175971,1.020687716,1.001875693,1.003600435,1.021747374,1.004622177,1.028801732
1.02230723,1.027847403,1.021545766,1.002093776,1.003600435,1.021413497,1.004865513,1.029034264
1.022470479,1.028471882,1.022142156,1.001854455,1.003840514,1.02137972,1.004378848,1.029210027
1.021929659,1.028394676,1.022779683,1.002085833,1.003120296,1.021058699,1.004622177,1.0294074
1.021209001,1.028143319,1.023349446,1.001849995,1.002640182,1.020692938,1.003405594,1.029588722
1.020823428,1.028190559,1.023966764,1.002080319,1.002880236,1.020375396,1.003405594,1.029761336
1.020819429,1.028055536,1.024651382,1.001834958,1.002400134,1.020057628,1.00267572,1.029962663
1.020466364,1.028002523,1.02523273,1.001115146,1.002160093,1.019825432,1.001945902,1.030075321
1.020114221,1.027864473,1.025904404,1.000417933,1.001680029,1.019455088,1.001216142,1.030277796
1.019759253,1.028186656,1.025794598,0.999938826,1.001199989,1.019447754,1.001702642,1.030457479
1.019750875,1.027373667,1.025312442,1.000169383,1.001680029,1.019596648,1.001216142,1.030481031
1.019388614,1.026401347,1.02482418,1.000631766,1.001680029,1.01974013,1.001702642,1.030608521
1.018861921,1.025479656,1.024218851,0.999690126,1.001440006,1.019740797,1.001702642,1.030730237
1.018858872,1.024478539,1.023718198,0.999456254,1.001440006,1.019867798,1.001459389,1.030794567
1.018155408,1.023463772,1.023106197,0.999218717,1.001680029,1.020012292,1.001459389,1.030927555
1.017621117,1.022408864,1.022581846,0.999902547,1.002160093,1.020192801,1.001945902,1.031267496
1.017620534,1.021330389,1.02226721,0.999202268,1.002160093,1.020684378,1.001702642,1.031267634
1.017060249,1.020624908,1.021712661,1.000126257,1.002880236,1.021185638,1.001702642,1.031187942
1.016529335,1.0198229,1.0212162,1.000126256,1.002160093,1.021628715,1.001216142,1.030895347
1.016169797,1.019074518,1.020665433,1.000355834,1.002400134,1.022127101,1.000972901,1.030489853
1.015989792,1.018328428,1.020098893,1.000109845,1.002160093,1.022662869,0.999513587,1.03014334
1.015463816,1.017736573,1.019435558,1.000322308,1.002160093,1.023199508,0.998540838,1.029703448
1.014399204,1.017088277,1.018856644,1.000320918,1.002400134,1.023709933,0.998297667,1.029314972
1.014217759,1.016464374,1.018412148,1.000084556,1.002400134,1.024089727,0.998054501,1.029124471
1.013512692,1.015814982,1.018222976,0.99985277,1.002640182,1.024525443,0.998054501,1.028942633
1.013503169,1.015258148,1.018086908,1.000543416,1.002880236,1.024984346,0.998540838,1.028662514
1.012977165,1.01465737,1.017909429,1.000311856,1.001920058,1.025378237,0.998054501,1.028271518
1.012622551,1.014120455,1.01762572,0.99960167,1.001680029,1.025761429,0.998540838,1.027890281
1.012094643,1.013470818,1.017325366,0.999349894,1.001680029,1.026109017,0.998540838,1.027585466
1.012034783,1.013015232,1.017047468,0.999115262,1.001680029,1.026586528,0.998297667,1.027269046
1.012011912,1.012007067,1.01665158,0.998652304,1.002640182,1.026595244,0.997325043,1.027040083
1.011655183,1.01153816,1.016377791,0.998187983,1.001920058,1.026485641,0.997325043,1.026796035
1.010955073,1.011234813,1.016073003,0.997030688,1.000959979,1.026348966,0.996352521,1.026523098
1.010951858,1.0108941,1.015920696,0.997261057,1.001199989,1.026272879,0.996352521,1.026182112
1.010427523,1.010600493,1.015775261,0.997027488,1.001199989,1.026177635,0.996352521,1.02586433
1.009900269,1.010305953,1.015625354,0.996320272,1.000719975,1.026028574,0.995866297,1.025429041
1.010062344,1.010045428,1.015379342,0.995852893,1.000479977,1.025873717,0.995137009,1.024996648
1.009709741,1.009940722,1.015436401,0.995843547,1.000719975,1.025453261,0.995380099,1.024820394
1.009323102,1.010466619,1.015473106,0.994684847,0.999520048,1.025195023,0.995380099,1.024547506
1.009839483,1.010957764,1.015326684,0.995126707,1.000479977,1.024834304,0.995866297,1.024372889
1.009655267,1.011415434,1.015290649,0.995357516,1.000239985,1.024667495,0.996109406,1.024438927
1.009293968,1.011876788,1.015248662,0.994662947,1.000239985,1.02444793,0.99756819,1.024222544
1.009284158,1.012243093,1.015317873,0.994890073,1.000239985,1.024222688,0.99756819,1.024104423
1.009416507,1.012565128,1.015306084,0.99442471,0.999280081,1.023928735,0.997811342,1.023868112
1.009240841,1.012543741,1.015620473,0.994185554,0.999280081,1.023633178,0.997811342,1.023820134
1.009237118,1.012787952,1.014876388,0.994183893,0.999040121,1.023205403,0.997811342,1.023704696
1.009059944,1.012856597,1.014043572,0.993712864,0.999040121,1.02279037,0.997325043,1.023433039
1.009049349,1.012932527,1.013221856,0.993712434,0.999520048,1.022353154,0.997811342,1.023615641
1.008341884,1.012990395,1.012289788,0.994163865,1.000479977,1.021988345,0.997325043,1.023479341
1.008510546,1.013146326,1.011450004,0.994392534,1.000719975,1.021580257,0.996838769,1.023433845
1.007972048,1.01321011,1.010697647,0.994623486,1.000479977,1.021100181,0.996838769,1.023320834
1.184910631,1.035989648,1.028547316,1.07289354,1.032454448,1.026879882,1.000729666,1.026042863
1.385905056,1.060062197,1.047441684,1.156804878,1.062364956,1.033954616,1.003405594,1.029603842
1.593601857,1.084675629,1.066850071,1.242215124,1.092856955,1.040892707,1.006812424,1.033079554
1.806652253,1.109889363,1.086422291,1.328210126,1.122719741,1.048015503,1.009490087,1.036436223
2.026823171,1.135799878,1.106351163,1.415026227,1.152190707,1.055074147,1.012168515,1.040097219
2.254300145,1.162267243,1.126742959,1.501946679,1.181755101,1.062178054,1.014847706,1.043596417
2.48856797,1.189437957,1.147696897,1.589945352,1.211167874,1.069324652,1.01801501,1.047087298
2.731034503,1.217793312,1.169473681,1.683277603,1.244614516,1.077659416,1.020939623,1.051956896
2.990955797,1.246230358,1.191877763,1.7753087,1.272001635,1.085805448,1.023377496,1.057341689
3.258943138,1.27563929,1.214807173,1.86673057,1.298477696,1.094082154,1.026059888,1.062750717
3.537619036,1.305967738,1.238137725,1.959570293,1.326271077,1.102359869,1.028743046,1.068062906
3.826323067,1.336986434,1.262013609,2.054637069,1.354146768,1.110760395,1.030450909,1.073665897
4.12615577,1.368901953,1.286389716,2.150150342,1.381605152,1.119143321,1.033623478,1.079183983
4.437481695,1.401889713,1.311389141,2.24636705,1.409895808,1.127676452,1.036308797,1.084665676
4.774282878,1.436452776,1.336909115,2.351867039,1.439528896,1.136556448,1.039239111,1.090714801
5.122657302,1.472282259,1.364217904,2.456366119,1.485416709,1.14595126,1.040948882,1.096848619
5.4850822,1.509217466,1.392276383,2.562295491,1.531019502,1.155485669,1.043880643,1.103217279
5.862741971,1.547424265,1.420974697,2.669391507,1.576331557,1.165025169,1.046324475,1.10932801
6.257664449,1.586728909,1.450815506,2.777403528,1.621347147,1.174582277,1.049502406,1.115710196
6.669987075,1.627448275,1.481396099,2.886906514,1.667348495,1.18431556,1.052192264,1.122111711
7.101613803,1.669524731,1.512495707,2.997924684,1.714089443,1.194073591,1.055616832,1.128464254
7.193804005,1.671976063,1.514877536,3.017407166,1.71875018,1.196881398,1.054638257,1.132356874
7.246868815,1.673016464,1.516330102,3.032324716,1.727559967,1.198509129,1.054638257,1.135410192
7.300243724,1.6740746,1.517564282,3.047272666,1.73715627,1.200230139,1.054638257,1.138526676
7.355436898,1.675126935,1.518997992,3.062232213,1.746242674,1.201961047,1.054393629,1.141649544
7.41013479,1.676250768,1.520437125,3.077223456,1.75585764,1.203565814,1.054149008,1.14456039
7.465187769,1.677519315,1.521867869,3.092818776,1.765742476,1.205246071,1.054393629,1.14770379
7.520937204,1.678826168,1.523121753,3.107851272,1.775376941,1.206945376,1.055372179,1.150757624
7.579770453,1.679384213,1.523487051,3.116537976,1.778503702,1.207391329,1.054638257,1.152610247
7.597082134,1.679686568,1.523998829,3.128419254,1.794413769,1.207706932,1.055372179,1.154158528
7.615615889,1.680110773,1.524659152,3.141474797,1.810873069,1.208100525,1.055616832,1.155492179
7.633395595,1.680208136,1.52526602,3.153388004,1.826312819,1.208431452,1.055372179,1.156889983
7.651980218,1.680770635,1.525789342,3.164730823,1.841777278,1.208702589,1.055127532,1.158165274
7.669826941,1.6810612,1.526306612,3.176673768,1.858054758,1.209104253,1.054149008,1.159688983
7.687697402,1.681397705,1.526878439,3.188922101,1.873833267,1.209357189,1.054149008,1.161164985
7.724351607,1.68149362,1.526986498,3.196216492,1.875149304,1.209172964,1.054393629,1.162084134
7.762331948,1.681820264,1.527122367,3.205856539,1.863837226,1.209331008,1.054638257,1.16293967
7.800850112,1.682204902,1.527269361,3.216091179,1.853063588,1.20940349,1.054393629,1.16356018
7.839537159,1.682433342,1.527353761,3.226039115,1.842826612,1.209462178,1.054149008,1.164273744
7.878363013,1.682818287,1.527209031,3.235701062,1.833124616,1.209545104,1.054149008,1.165065478
7.916948246,1.682959961,1.527160638,3.245670135,1.822908719,1.209572376,1.053659784,1.165658515
7.945475029,1.683265748,1.527273222,3.254478264,1.819505819,1.209699197,1.053415181,1.166467159
7.950780413,1.683362263,1.527448604,3.259172212,1.81322669,1.209663569,1.053904392,1.166602441
7.95646466,1.683300601,1.527425993,3.262397447,1.806167547,1.209621457,1.053659784,1.166860448
7.962175251,1.68321025,1.527373667,3.265337574,1.797807835,1.209533415,1.053415181,1.16717662
7.967488848,1.683212136,1.527291415,3.267686814,1.789977177,1.20932028,1.052925995,1.167577218
7.972796319,1.68314558,1.527235117,3.270618224,1.782935017,1.209282651,1.053415181,1.1679011
8.010930512,1.68361343,1.527821725,3.272381211,1.786846693,1.209410796,1.053415181,1.168328662
8.024081199,1.684392831,1.528586767,3.279736511,1.787890075,1.209549084,1.052436835,1.168768866
8.032719765,1.685158153,1.529344726,3.287985529,1.7915428,1.20965093,1.053415181,1.169029493
8.069809921,1.685884088,1.529956431,3.296534156,1.788672685,1.209797078,1.052681412,1.169162937
8.107040318,1.686783798,1.530474817,3.304794098,1.786325045,1.210017878,1.052681412,1.169364626
8.144848885,1.687552334,1.531065078,3.313063281,1.784760268,1.21016894,1.053170585,1.169744098
8.208321874,1.688445496,1.531735841,3.324001001,1.775897997,1.21023294,1.053904392,1.170070123
8.248617431,1.689297728,1.532439563,3.333464152,1.774334912,1.210549028,1.054393629,1.17033849
8.288225092,1.690144083,1.53302282,3.343824535,1.773292997,1.210870551,1.054638257,1.17066239
8.287801842,1.690627462,1.533699006,3.349454207,1.783977976,1.211266885,1.053904392,1.170758196
8.291999695,1.691102112,1.534515073,3.355385099,1.791020898,1.211595753,1.053904392,1.170891666
8.294955865,1.691703263,1.535107283,3.361022004,1.797285593,1.211733741,1.054149008,1.171244908
8.274272082,1.692270477,1.535868121,3.363394312,1.811919052,1.211512489,1.054149008,1.171460018
8.280175344,1.693035705,1.536622402,3.36486672,1.825789033,1.211084541,1.054393629,1.171593947
8.286503908,1.693914418,1.537225035,3.365739039,1.839941218,1.210767971,1.054882891,1.171791139
8.304247216,1.694724503,1.537823653,3.3675117,1.846500178,1.21033944,1.054149008,1.171872443
8.316085742,1.695387046,1.538246909,3.369885815,1.863574312,1.210172416,1.054393629,1.172133424
8.329205298,1.696237869,1.538934295,3.37166816,1.880151875,1.209838061,1.054638257,1.172275991
8.341499934,1.697089798,1.539468831,3.373153845,1.897021664,1.209603838,1.054882891,1.172467448
8.380195063,1.697915941,1.540062475,3.379388713,1.897021664,1.209329873,1.054882891,1.172522419
8.401091167,1.698487004,1.540589687,3.382660663,1.907052005,1.208972153,1.054393629,1.172681699
8.387434344,1.698629761,1.540528275,3.387416654,1.905203531,1.20836337,1.053904392,1.172505663
8.39978182,1.698354208,1.540304293,3.386226076,1.907052005,1.207689937,1.053170585,1.172358394
8.413016824,1.698456413,1.540176159,3.385321748,1.908636692,1.207076936,1.052436835,1.172236727
8.426258494,1.698575278,1.539926087,3.383831211,1.911014207,1.206484464,1.052681412,1.172123813
7.951727834,1.669083299,1.518141855,3.263443913,1.870675508,1.201347826,1.049746907,1.169560786
7.484911731,1.635961175,1.493743737,3.143323933,1.829194147,1.19567777,1.046813318,1.166216424
7.0163433,1.603780364,1.469861233,3.022037339,1.794413769,1.190088545,1.044369358,1.163139243
6.589156848,1.572346785,1.44644456,2.903364424,1.752998134,1.18446447,1.042903288,1.159985765
6.180266882,1.541702761,1.423645486,2.784983713,1.711501122,1.178803926,1.040216085,1.15684051
5.789851104,1.511890007,1.401434602,2.669395647,1.670697998,1.173260527,1.038506447,1.153734301
5.400200793,1.478553744,1.376160818,2.551886527,1.628528314,1.165726854,1.036064645,1.149178921
5.025364504,1.445986571,1.351333779,2.434973926,1.587821044,1.157742401,1.033379397,1.144163662
4.682249825,1.414090197,1.326870287,2.322395843,1.539149612,1.150112366,1.030694915,1.139173701
4.335026711,1.383003866,1.303070598,2.212175096,1.49072577,1.142597785,1.027523333,1.134226723
4.00158976,1.352835992,1.279961949,2.103757739,1.442296036,1.135167047,1.025572123,1.12921693
3.681169469,1.323465692,1.257300213,1.996824333,1.395364358,1.127730494,1.02313368,1.124371363
3.370572717,1.293751564,1.233897516,1.890072082,1.347170109,1.118951706,1.020452124,1.118656197
3.070788558,1.264502542,1.210666053,1.784780737,1.299964546,1.110324005,1.017527663,1.112951019
2.782836699,1.235867431,1.18808624,1.679917086,1.2525017,1.101754817,1.014847706,1.106857043
2.492385105,1.208236875,1.165869552,1.572779877,1.221975777,1.093306918,1.01192499,1.101037675
2.221577437,1.181433144,1.144256555,1.468814763,1.181265671,1.084984189,1.009246632,1.095230554
1.960843542,1.155242802,1.123068273,1.366515683,1.141219542,1.076784973,1.006812424,1.089535766
1.708456934,1.129382253,1.102070072,1.264636617,1.099889143,1.067764005,1.005108854,1.083407904
1.464030076,1.104432195,1.081383781,1.163655814,1.058983129,1.058631498,1.002432441,1.076874327
1.228286666,1.080207685,1.061336025,1.06450176,1.018497114,1.04969662,1.000243216,1.070564479
1.207009726,1.07341955,1.055292248,1.059360872,1.016333205,1.044671681,1.000729666,1.066480249
1.191905802,1.069305783,1.051194601,1.055629575,1.01489088,1.040199026,1.000243216,1.063025706
1.176658118,1.065103267,1.047102985,1.051902249,1.014169801,1.035879253,0.999513587,1.059340872
1.161022096,1.059932936,1.04288988,1.047015173,1.012487504,1.031676119,0.998540838,1.055397268
1.145835995,1.054722378,1.038432013,1.043519403,1.011045777,1.026984674,0.998297667,1.05141301
1.130693972,1.0497106,1.034024408,1.038864032,1.009364047,1.022300999,0.997811342,1.047475794
1.123925594,1.047491714,1.031971761,1.035840192,1.009123825,1.019480727,0.997811342,1.044812416
1.118585383,1.045442409,1.030062228,1.033980637,1.008162999,1.017252928,0.997811342,1.042630917
1.11342603,1.04364415,1.028276113,1.032116098,1.006962106,1.015059084,0.998054501,1.040399618
1.108091373,1.041229271,1.026509249,1.029997363,1.006481793,1.013323749,0.999270391,1.038114566
1.102771845,1.039091333,1.024688868,1.028370462,1.005761369,1.011371929,0.999513587,1.035834939
1.096895542,1.036912325,1.022911591,1.026267502,1.004800892,1.00943593,0.999756791,1.033532787
1.093693792,1.035710441,1.022108595,1.024868374,1.004800892,1.008701677,0.999270391,1.031869334
1.091203591,1.034636575,1.021451626,1.023681496,1.004560788,1.007969415,1,1.030514532
1.088191874,1.033791954,1.020753963,1.023212524,1.004800892,1.007255781,1.000243216,1.029161486
1.084608966,1.032051691,1.019895387,1.022051898,1.003840514,1.006749346,1.000972901,1.027604954
1.08141001,1.030633023,1.01901007,1.020425582,1.002160093,1.005847972,1.001459389,1.026019539
1.077873283,1.029149274,1.018184186,1.019265329,1.001680029,1.004976604,1.002189168,1.024326995
1.07539639,1.028159194,1.017474071,1.018794528,1.002160093,1.00497811,1.001702642,1.023112014
1.073620801,1.026716534,1.016885644,1.018098716,1.001680029,1.00512679,1.002432441,1.022384505
1.072033335,1.025356842,1.016289903,1.017631917,1.001920058,1.005141124,1.002919005,1.021450207
1.069739095,1.024270953,1.015637354,1.017123055,1.002160093,1.004770921,1.003162296,1.020396129
1.067446815,1.022666692,1.015157759,1.016185163,1.002160093,1.004261677,1.003162296,1.019171546
1.065666952,1.021040766,1.014557199,1.015022934,1.002400134,1.003699967,1.003162296,1.018093444
1.064250312,1.020436268,1.014205928,1.015707591,1.002160093,1.002925863,1.003405594,1.017395778
1.063015843,1.019997737,1.014099881,1.015011127,1.002160093,1.002564299,1.004135525,1.016801406
1.061045158,1.0193171,1.013779423,1.014765029,1.002400134,1.002244795,1.004378848,1.016042986
1.059423593,1.018225031,1.013300134,1.01498859,1.002160093,1.002163996,1.004378848,1.015274948
1.057464566,1.017322965,1.012964233,1.014054385,1.002160093,1.001909225,1.004378848,1.014178613
1.055831987,1.016284612,1.012625903,1.013119037,1.002640182,1.001651945,1.004378848,1.013248706
1.054588338,1.01581776,1.012264808,1.012190863,1.002160093,1.000989536,1.003405594,1.01231978
1.053166136,1.015013813,1.011824623,1.011954735,1.002400134,1.000560073,1.002432441,1.011653863
1.052250335,1.014270327,1.011353506,1.010532541,1.001920058,0.999991393,1.002189168,1.010833809
1.050644985,1.013368636,1.010552116,1.009835611,1.001920058,0.999494038,1.002189168,1.00984796
1.04888352,1.01234914,1.009861919,1.00844388,1.001680029,0.998753589,1.001945902,1.008985344
1.047455364,1.011360544,1.009221009,1.006586601,1.001199989,0.99785756,1.002189168,1.008194094
1.046201276,1.011059741,1.00875085,1.006348918,1.000959979,0.996853325,1.002432441,1.007491953
1.044970293,1.010462728,1.008356986,1.006115921,1.002160093,0.996120589,1.001459389,1.006841502
1.044430967,1.009965433,1.007854564,1.004957336,1.001920058,0.995396858,1.000972901,1.006287569
1.042847009,1.009347073,1.007360873,1.004262012,1.001440006,0.994712452,1.000972901,1.00564026
1.041262821,1.008766512,1.00700986,1.004488755,1.001920058,0.993791159,1.000729666,1.00487877
1.039493388,1.008067695,1.006669797,1.003790152,1.001440006,0.992742299,0.999513587,1.00434787
1.038262223,1.007008403,1.0063815,1.003554496,1.000959979,0.992167529,0.998540838,1.003832645
1.037207835,1.006418218,1.005888388,1.002852374,1.000959979,0.99192125,0.9990272,1.003504112
1.035627106,1.00585332,1.005663304,1.003078441,1.000479977,0.99156039,0.999270391,1.002956251
1.034736252,1.005208327,1.004926231,1.001916899,1.000959979,0.991185844,0.998784016,1.002279962
1.033842397,1.004821231,1.00412769,1.00191596,1.000959979,0.990696814,0.997811342,1.001546312
1.032963281,1.004474563,1.003491503,1.002147421,1.000959979,0.990340198,0.997811342,1.000804026
1.032418841,1.004634911,1.00304337,1.002144797,1.001199989,0.989659772,0.998297667,1.000102108
1.03238827,1.00470139,1.002444894,1.002132543,1.001440006,0.989079662,0.998054501,0.99975017
1.031681121,1.004770419,1.001861274,1.002588536,1.001440006,0.988433023,0.998054501,0.999323953
1.030973739,1.004051144,1.000913988,1.003738492,1.001680029,0.988048735,0.998540838,0.998839483
1.030074607,1.003105213,1.000211494,1.003734538,1.001199989,0.987913714,0.9990272,0.998047011
1.029182004,1.002177244,0.999414969,1.003965848,1.001199989,0.987779693,0.999756791,0.997520884
1.028460009,1.001326438,0.998996697,1.003959272,1.000239985,0.98755705,0.999513587,0.997075245
1.027552615,1.000679506,0.998565984,1.004190525,0.999760021,0.987617392,0.999513587,0.996483727
1.026841615,0.999943311,0.997933777,1.004652341,0.999760021,0.987788338,0.9990272,0.995840157
1.025964988,0.999647891,0.997344689,1.00394885,0.999760021,0.987330363,0.998054501,0.995141508
1.02542757,0.999429989,0.997130808,1.004170325,0.999520048,0.98705088,0.998540838,0.994493702
1.024021612,0.999149745,0.996843022,1.004631832,0.999760021,0.986830972,0.9990272,0.993870296
1.023668106,0.999001555,0.996648735,1.004620721,1.000239985,0.986521533,0.999756791,0.993393332
1.023666519,0.998763784,0.996308491,1.004152339,1.000239985,0.98636583,0.999270391,0.992799897
1.02313213,0.998682791,0.996042189,1.003685214,0.999760021,0.986373173,1.000243216,0.991919976
1.022950018,0.998597356,0.99566411,1.002755564,0.999280081,0.986387582,1.000729666,0.991328327
1.022759473,0.998389266,0.995441806,1.002968114,0.999280081,0.986218918,1.000243216,0.99082008
1.022561009,0.998237936,0.995123434,1.002040622,0.999040121,0.986034346,1.000243216,0.990468183
1.02219186,0.998157999,0.99526215,1.002501771,0.999280081,0.986048289,1.000243216,0.990270598
1.02184012,0.997663606,0.995310494,1.002023922,0.999760021,0.98611061,1.000729666,0.990326661
1.021486093,0.997190381,0.99531059,1.001554602,1,0.986110807,1,0.990088373
1.020939639,0.996790467,0.995085714,1.001773583,1.000239985,0.986489363,1,0.990008803
1.019687973,0.996600491,0.994938684,1.002235552,1,0.986606624,1.000243216,0.989754088
1.018974931,0.996515018,0.994741797,1.002226441,0.999760021,0.986617341,0.999513587,0.989493111
1.018056221,0.997174242,0.995019059,1.001278844,0.999760021,0.986480943,0.999513587,0.989279698
1.017323339,0.997870349,0.995129166,1.001277638,1.000479977,0.98616197,0.999756791,0.989282185
1.016617676,0.998616623,0.995231575,1.00173193,1.000239985,0.985803872,0.999513587,0.989284306
1.015726237,0.998765682,0.995337072,1.001260307,1,0.98569021,0.999756791,0.989178092
1.015357644,0.999130506,0.995241212,1.001487447,1.000479977,0.985539932,0.999756791,0.989059875
1.014656001,0.999443927,0.995202099,1.0014853,1,0.985445845,1,0.989039165
1.014825616,0.999296499,0.995237588,1.001947222,1.000239985,0.985971435,1.000486438,0.988986394
1.014294635,0.99926843,0.994958716,1.001940423,1.000239985,0.986236646,1.000243216,0.989006623
1.014288962,0.999094426,0.994564814,1.00147013,1,0.986504852,0.999756791,0.988964197
1.014087789,0.998654971,0.994609337,1.000759587,0.999040121,0.986774666,0.9990272,0.988771531
1.013718762,0.998379017,0.994446041,1.000294543,0.999280081,0.987188324,0.9990272,0.988794262
1.013711763,0.998006628,0.994100089,1.000752701,1,0.987507035,0.998540838,0.988850738
1.013533459,0.997768587,0.993951847,1.001210266,1.000719975,0.987794733,0.998540838,0.988723238
1.013352645,0.997610946,0.993756577,1.00097106,1.001199989,0.988323874,0.998784016,0.988581417
1.013176393,0.997558195,0.993362317,1.000967829,1.001199989,0.988757688,0.9990272,0.988285497
1.01263036,0.997478982,0.993281472,1.000503416,1.001199989,0.989038111,0.9990272,0.987869228
1.011927395,0.997610251,0.993189408,1.000497009,1.000479977,0.989393712,0.9990272,0.987678578
1.011571868,0.997776896,0.993098511,1.000260382,0.999760021,0.989709125,0.999270391,0.987548991
1.011033264,0.997789242,0.993222996,1.000258588,0.999760021,0.98967753,0.999270391,0.987525279
1.011202904,0.997613594,0.993276937,1.000249663,0.999760021,0.989906009,0.999756791,0.987436985
1.010825788,0.997271913,0.99335432,0.999781682,1.000479977,0.990233809,1.000729666,0.987279321
1.010471265,0.996842792,0.993760446,1.000463938,1.000479977,0.99030193,1.000243216,0.987234838
1.010470795,0.996514033,0.993888513,1.000231523,0.999760021,0.990373174,1,0.987208391
1.010111372,0.996158428,0.993968176,1.000230245,1.000239985,0.990443804,0.999756791,0.986901705
1.009929052,0.996375436,0.994041422,1.000460842,1.000959979,0.99039348,1.000486438,0.986857208
1.010097957,0.996554217,0.994307459,1.000207162,1.001199989,0.990276906,1.000729666,0.986924651
1.010076145,0.996656798,0.994615093,1.000891173,1.001920058,0.990200821,1.000243216,0.986781403
1.009712722,0.996571172,0.99459591,1.000889567,1.001440006,0.990052848,1.000243216,0.986775339
1.009881927,0.996429208,0.994817969,1.001112779,1.001680029,0.989605658,1.000243216,0.986861906
1.00967041,0.996290622,0.995077156,1.001341648,1.001680029,0.989187631,0.999513587,0.98675447
1.009306239,0.996347463,0.995084153,1.001797975,1.002400134,0.98879736,0.998784016,0.986796005
1.009119217,0.996437541,0.995257289,1.002027201,1.002400134,0.988280373,0.998540838,0.986700299
1.008412208,0.996488858,0.995425326,1.001561073,1.002160093,0.987770558,0.998297667,0.986657573
1.008236397,0.996144106,0.995210546,1.001559855,1.001680029,0.987520486,0.998054501,0.986664808
1.007884319,0.995898376,0.994823087,1.001090354,1.001440006,0.98706999,0.998784016,0.986611672
1.007532742,0.995582081,0.994597449,1.001540567,1.001199989,0.986714705,0.998054501,0.986608526
1.007345273,0.995238593,0.994128317,1.001771005,1.000719975,0.986457936,0.998054501,0.986858146
1.007284617,0.994708665,0.993628801,1.001060767,1.001199989,0.986168701,0.99756819,0.986718905
1.007281266,0.994124908,0.993104947,1.000352633,1.001440006,0.985868518,0.997811342,0.986684837
1.006930625,0.993649909,0.99291098,0.999424696,1.001199989,0.985751736,0.997811342,0.986557417
1.006544897,0.993281863,0.993024679,0.999181443,1.000959979,0.985598241,0.998054501,0.986506554
1.006717249,0.993058057,0.993252618,0.998949916,1.000239985,0.985495646,0.997325043,0.986507372
1.006884939,0.992881754,0.993055588,0.998024244,1,0.98562172,0.997325043,0.986410165
1.006492652,0.992686798,0.993087568,0.997327721,1,0.985695475,0.996838769,0.986264452
1.007012877,0.992516962,0.993167603,0.997326672,0.999520048,0.985658629,0.996838769,0.986286751
1.007326928,0.992733108,0.99328536,0.997321331,1,0.985632948,0.996352521,0.986252986
1.006802825,0.992698228,0.99316323,0.997321118,0.999760021,0.98558281,0.995866297,0.986084204
1.006453227,0.992652506,0.99292232,0.99616064,1.000479977,0.985539839,0.995623195,0.986063868
1.006095759,0.992702647,0.993157397,0.996144885,1.000479977,0.985466834,0.995623195,0.98608494
1.005729955,0.992802427,0.993083122,0.996143783,1.000719975,0.985737298,0.995623195,0.985933241
1.005706919,0.992929248,0.992997103,0.995910961,1.001199989,0.986014542,0.996595642,0.986019037
1.005705875,0.992882062,0.993083489,0.995904915,1.000719975,0.986716569,0.997325043,0.986049642
1.005689668,0.993043032,0.993133337,0.996123951,1.000719975,0.987675345,0.997811342,0.98617149
1.005615224,0.993219126,0.993138768,0.995886791,1.000239985,0.988626113,0.998297667,0.986256511
1.005224944,0.993689918,0.993593995,0.995631557,1.000479977,0.989264923,0.998054501,0.986268281
1.004696772,0.994036033,0.994105478,0.996090451,1.000959979,0.990061472,0.997081903,0.986222226
1.004514843,0.994428567,0.994687736,0.995859021,1.000479977,0.990856758,0.997811342,0.986257704
1.003985282,0.994791286,0.995169014,0.995160139,1,0.99111921,0.998054501,0.986321417
1.004146088,0.995102874,0.995614477,0.995839179,0.999520048,0.991497508,0.998297667,0.98661326
1.00413557,0.995349645,0.995980007,0.996300154,0.999520048,0.9919702,0.997811342,0.98669877
1.004307687,0.995515118,0.996177223,0.996513624,0.999040121,0.992240626,0.997811342,0.986827997
1.003935418,0.995695855,0.996057999,0.996281213,0.998800166,0.992463791,0.99756819,0.98700262
1.003917825,0.995623165,0.995967371,0.996503352,0.999280081,0.992684138,0.998054501,0.987089809
1.003202301,0.995433856,0.995891627,0.996501562,0.999520048,0.992843047,0.998540838,0.987295367
1.003536165,0.995024827,0.995916692,0.996496882,0.999520048,0.993107279,0.998784016,0.987409386
1.002663031,0.994621133,0.995885426,0.996262713,1,0.993498611,0.9990272,0.987558602
1.002484699,0.993766503,0.995806541,0.996023269,0.999760021,0.993961019,0.999270391,0.987807581
1.002484273,0.993223162,0.996017461,0.996713475,0.999520048,0.994388323,0.999270391,0.988044157
1.003161665,0.992706204,0.99627581,0.997403269,0.998560218,0.994761861,0.999270391,0.988201011
1.236070352,1.020365237,1.018662001,1.121350949,1.056326844,1.001988364,1.003648898,0.991539575
1.478518079,1.049956536,1.043062126,1.257993991,1.122719741,1.010795863,1.008029449,0.99572504
1.729914133,1.080645899,1.068131713,1.397700373,1.190324269,1.019709072,1.01192499,0.9999854
1.990400614,1.112587105,1.093688025,1.539096555,1.258914926,1.028147078,1.016553044,1.004187097
2.260255378,1.145250191,1.119913428,1.682160837,1.327265218,1.036387185,1.02069587,1.008336066
2.541306907,1.179077969,1.146949048,1.828534709,1.397367368,1.044659381,1.025084384,1.012551336
2.864004981,1.215101189,1.175942756,1.990649809,1.462192913,1.055258328,1.029474949,1.019042772
3.204330603,1.252626425,1.206066996,2.155871198,1.531019502,1.066190538,1.033135321,1.026102953
3.560228821,1.291463028,1.236798962,2.324552024,1.602906023,1.077224996,1.036308797,1.033304624
3.933327086,1.331678978,1.268615359,2.496806722,1.674564265,1.08885693,1.04070461,1.040304009
4.323508629,1.373731147,1.301658688,2.671088194,1.746242674,1.100481385,1.044369358,1.047137453
4.733445253,1.417432946,1.33575964,2.848261804,1.818459014,1.112222711,1.048279998,1.054217021
5.180086328,1.4634751,1.371245134,3.033291669,1.887792361,1.125073104,1.051214045,1.062459718
5.662933954,1.511417005,1.407828335,3.223002657,1.942770159,1.137830731,1.054393629,1.071136953
6.172496537,1.561409953,1.445734901,3.41606164,1.997260963,1.150636526,1.058308439,1.080026915
6.713218304,1.614155558,1.484762558,3.613507937,2.052594196,1.163695489,1.061735234,1.088879973
7.285765531,1.669473135,1.525217196,3.814855548,2.108512008,1.176756128,1.066142947,1.09793227
7.896256796,1.727345155,1.567168391,4.019892168,2.163666032,1.189830371,1.069817619,1.107156855
8.503207858,1.787629696,1.610784305,4.229692764,2.231408331,1.203148441,1.072758389,1.11670614
9.146294766,1.850615528,1.656056314,4.445411999,2.306218466,1.216661567,1.076926052,1.126664699
9.828844877,1.91660117,1.702772574,4.666608535,2.381598057,1.230302951,1.080604934,1.136777846
9.894010748,1.921767428,1.708263862,4.710451899,2.390193937,1.236006221,1.080114333,1.143286575
9.956106218,1.924119194,1.711140878,4.739211232,2.388807002,1.239825687,1.07937848,1.149022976
10.01902652,1.926490335,1.714055711,4.766013389,2.386588308,1.243613912,1.078397432,1.154685339
10.11284837,1.930093832,1.717833434,4.79015297,2.386033712,1.248054354,1.077416486,1.160855172
10.22721669,1.93390294,1.721793076,4.820493735,2.390471347,1.252475013,1.077171266,1.167168946
10.34277063,1.937612759,1.725968322,4.850583666,2.394355903,1.256906028,1.076680844,1.173499532
10.38889277,1.939549066,1.727932319,4.862570673,2.404351731,1.258933176,1.076435643,1.177296672
10.43006451,1.941273179,1.729613828,4.8745738,2.409631358,1.260548619,1.076926052,1.180666688
10.4713817,1.943096062,1.73158545,4.885544668,2.414079532,1.262140311,1.077416486,1.183919082
10.52221638,1.945143059,1.733251692,4.898942099,2.409353413,1.263654398,1.076435643,1.187491765
10.55135459,1.946619859,1.734733601,4.904760989,2.40657439,1.265379151,1.076680844,1.19146562
10.58058062,1.948216167,1.736435929,4.910609541,2.402962821,1.267142579,1.077171266,1.195284633
10.58317995,1.949172633,1.737652315,4.910600662,2.403518362,1.267814689,1.077416486,1.197763895
10.56645376,1.949976625,1.738862722,4.909911722,2.419642547,1.268658863,1.077416486,1.199784404
10.54975301,1.950774127,1.740062779,4.908867584,2.435235535,1.269451633,1.076926052,1.201903231
10.52892388,1.951459631,1.741396746,4.907832982,2.460905655,1.270286587,1.077171266,1.20389618
10.50034424,1.951913988,1.742581046,4.910587104,2.486081781,1.270866788,1.076435643,1.205955283
10.4713113,1.952492512,1.743569709,4.91368398,2.51216392,1.271571457,1.076190448,1.208028472
10.49254361,1.953401227,1.7445379,4.915740212,2.524808765,1.272024777,1.076435643,1.20971967
10.51589435,1.954548704,1.745328798,4.915047098,2.531559219,1.272428819,1.075454901,1.210927096
10.53929658,1.955572723,1.746460239,4.913667491,2.538314225,1.272911049,1.075454901,1.212115524
10.53564224,1.956173029,1.747352464,4.916420161,2.527620901,1.273333427,1.075700077,1.213495229
10.57735962,1.957323292,1.748074265,4.917088808,2.520592041,1.273724288,1.075945259,1.214942735
10.61970813,1.958601967,1.7487874,4.919155396,2.514129847,1.274290349,1.075700077,1.216428778
10.63070772,1.958419676,1.748670145,4.924669482,2.506549113,1.274127364,1.075209732,1.217438718
10.62229872,1.957892862,1.748276844,4.924666448,2.494487943,1.273944873,1.074964569,1.21840716
10.6139062,1.957676111,1.747796646,4.923971271,2.481601385,1.273837638,1.074719412,1.219416409
10.57984249,1.957011148,1.747528117,4.924999414,2.45755363,1.273518313,1.074229118,1.220339797
10.56414423,1.956232402,1.747367031,4.928101546,2.432727873,1.273262957,1.073493725,1.221041888
10.54797111,1.955580032,1.747174875,4.93120153,2.407685906,1.272885821,1.073248606,1.221734328
10.52348793,1.954795936,1.747209275,4.931534592,2.392690907,1.272704036,1.074229118,1.222448499
10.52140779,1.954634246,1.747335135,4.940502848,2.375779261,1.272440302,1.074229118,1.222643572
10.51775534,1.954205216,1.747395235,4.950165999,2.359725983,1.272000251,1.074229118,1.222980747
10.46744049,1.953772077,1.747463917,4.959141792,2.351709065,1.271430599,1.074474262,1.223355408
10.47105694,1.953694802,1.747290635,4.95257037,2.353643591,1.270771374,1.074229118,1.223820577
10.47467088,1.95351543,1.747109483,4.946681588,2.356407853,1.270206354,1.07398398,1.224290082
10.48347443,1.95341087,1.746920965,4.939769467,2.348669858,1.269582379,1.073003494,1.224683574
10.50004371,1.953414086,1.746642746,4.929752628,2.341489976,1.269232596,1.072268196,1.225070356
10.51560593,1.953446808,1.746507346,4.91906469,2.334039441,1.268768037,1.07202311,1.225388368
10.53430464,1.95351406,1.746217831,4.919059615,2.324940826,1.268646132,1.07202311,1.225664341
10.53065781,1.953419964,1.745925645,4.925590837,2.31254707,1.268476975,1.072513289,1.225917264
10.52750927,1.953316692,1.745729904,4.932827063,2.300993538,1.268373748,1.073003494,1.226238165
10.55146091,1.95378005,1.745539035,4.936615475,2.306218466,1.268203666,1.072268196,1.226482988
10.53114814,1.953741883,1.745565302,4.941438826,2.308144135,1.268092536,1.07177803,1.226507366
10.50982691,1.953548117,1.74559963,4.946959225,2.309519842,1.267845119,1.072268196,1.226652009
10.47195889,1.953326273,1.745601732,4.923829914,2.32797277,1.267974628,1.073003494,1.226733105
10.38426636,1.953165287,1.745523051,4.905229347,2.335418747,1.267790661,1.073003494,1.226792518
10.29728879,1.952754168,1.745447585,4.886660567,2.343146411,1.267538041,1.073003494,1.226753128
10.23680384,1.952535473,1.745061666,4.865719166,2.361662072,1.267506217,1.073493725,1.226600825
10.15698814,1.952451994,1.744769989,4.842749531,2.381320894,1.267401211,1.074474262,1.226487123
10.07924376,1.952468352,1.744291856,4.820530338,2.401018672,1.267413433,1.074229118,1.226499522
9.40610122,1.903518517,1.708175037,4.602146294,2.34646011,1.25956128,1.069817619,1.222443861
8.760652508,1.852140735,1.670633692,4.386511658,2.292199887,1.250660535,1.066632821,1.217550382
8.153600302,1.803001484,1.634186844,4.17485303,2.239328356,1.241800119,1.06246971,1.212521278
7.615561182,1.755458176,1.598617914,3.968634333,2.178046078,1.233292369,1.059287396,1.207671802
7.068298426,1.709323464,1.564339478,3.77972914,2.107703228,1.225006283,1.055616832,1.202699071
6.54949622,1.664797427,1.53101673,3.594225753,2.037861513,1.2165851,1.0519477,1.197672043
6.044977283,1.617227717,1.495153678,3.409945673,1.967718326,1.205983842,1.049013424,1.190967283
5.5641879,1.57092983,1.459749797,3.226632306,1.897021664,1.195379839,1.046080063,1.183752982
5.109663877,1.526270828,1.425396504,3.047472884,1.82709855,1.184852434,1.043391953,1.176601045
4.67619768,1.48337,1.392143039,2.863581113,1.760538666,1.174009953,1.040216085,1.169447149
4.275772058,1.442071017,1.359807628,2.678069508,1.696760995,1.163359876,1.036552955,1.162428259
3.893730047,1.402234324,1.328285789,2.495480749,1.632634261,1.152695396,1.033379397,1.155444172
3.525617278,1.362885325,1.29681135,2.315745964,1.569954484,1.141089533,1.030694915,1.147434398
3.173567921,1.324545474,1.265919216,2.139061047,1.506417479,1.129409613,1.028743046,1.139360108
2.836808393,1.287492132,1.235807961,1.964850732,1.443554094,1.117913218,1.025084384,1.131201182
2.521512582,1.251680923,1.206612115,1.815561366,1.365869209,1.106200141,1.021427147,1.123190333
2.240113889,1.2173226,1.178279437,1.663646435,1.297486593,1.094916277,1.017771333,1.115263625
1.969118481,1.183902289,1.150715538,1.515166225,1.230335894,1.083636287,1.014116942,1.107212767
1.706235613,1.150744664,1.123514319,1.369526801,1.164151783,1.072304735,1.010220492,1.098860245
1.453555195,1.118653616,1.096777252,1.225484494,1.098191231,1.061161945,1.006325658,1.090428332
1.209401091,1.087418509,1.070817498,1.083929959,1.032695277,1.050123568,1.003648898,1.081889791
1.192093441,1.080648893,1.065011469,1.079023971,1.031491198,1.045843563,1.003648898,1.076942062
1.179159491,1.075884081,1.060544667,1.07458283,1.030528048,1.042380984,1.003648898,1.072902972
1.166598231,1.07107474,1.056120533,1.07037977,1.028120611,1.039034277,1.004378848,1.069009988
1.153174623,1.065990474,1.051644922,1.065477355,1.026195111,1.035193158,1.003162296,1.064455737
1.139059945,1.06081731,1.046967894,1.060808631,1.024029403,1.031425489,1.003405594,1.059857451
1.125521367,1.055576676,1.042459861,1.05590843,1.021383113,1.027794781,1.003892208,1.055476495
1.119298797,1.05304679,1.040045411,1.053809497,1.020421013,1.026027825,1.003648898,1.052670802
1.114134085,1.050888557,1.03814957,1.052642438,1.020180504,1.024432217,1.004135525,1.050337475
1.10844469,1.048829256,1.036254005,1.051234303,1.020180504,1.022797959,1.004135525,1.047930515
1.102043622,1.046404392,1.03409344,1.049369049,1.018978051,1.021514091,1.004622177,1.045334255
1.09598264,1.04383658,1.031962648,1.047025546,1.018016202,1.019964996,1.004865513,1.042608458
1.089953447,1.041162748,1.029719593,1.044697397,1.017535314,1.018497682,1.003892208,1.039841511
1.086942098,1.03925305,1.028244717,1.043058627,1.016333205,1.017965516,1.003162296,1.037975471
1.083561363,1.037615816,1.02707722,1.040958751,1.016092802,1.017539425,1.002189168,1.036431854
1.080717419,1.036135379,1.025972677,1.039328466,1.015612014,1.017151924,1.00267572,1.035021207
1.077524947,1.034493228,1.024489476,1.037001325,1.01489088,1.016949271,1.001945902,1.03312732
1.073639736,1.032719753,1.023101965,1.036300665,1.014410154,1.016501904,1.001702642,1.031285429
1.069928762,1.030974629,1.021716684,1.034207532,1.014169801,1.016199208,1.001216142,1.029635275
1.067610923,1.029928404,1.020701098,1.033274313,1.013208451,1.015938589,1.000729666,1.028392852
1.06544886,1.0289732,1.019749766,1.032107744,1.011766612,1.015764029,1.000486438,1.027235624
1.063154563,1.028068329,1.018890163,1.030708957,1.011045777,1.015613677,0.999513587,1.026194224
1.060668578,1.026909818,1.018103114,1.029308911,1.010565252,1.015034262,0.999756791,1.02507804
1.058365237,1.025447405,1.017009662,1.027676775,1.009844511,1.01473188,0.9990272,1.023710943
1.055016066,1.02403878,1.015803832,1.026740894,1.009364047,1.014392226,0.998784016,1.022619725
1.05325412,1.022775911,1.014857643,1.026043778,1.009364047,1.014393633,0.999270391,1.021816807
1.051661258,1.021625182,1.01396593,1.025100224,1.008883609,1.014396283,0.9990272,1.021006146
1.050076043,1.020596257,1.01307655,1.024159426,1.008162999,1.014361918,0.999513587,1.020172315
1.048137489,1.01995934,1.012374405,1.024158034,1.008403196,1.013654474,0.999513587,1.019311471
1.046552421,1.019316131,1.011435064,1.022532351,1.007922808,1.013006446,0.998540838,1.018327297
1.044794466,1.018515823,1.010512119,1.021357764,1.007442444,1.012372188,0.997811342,1.01736662
1.043900275,1.01797007,1.010022104,1.01996525,1.007682623,1.011524416,0.996595642,1.016524282
1.042837278,1.017611777,1.009441404,1.019494217,1.007922808,1.010835422,0.996109406,1.015899557
1.0421002,1.017354958,1.009019454,1.01902887,1.007922808,1.010117849,0.996109406,1.01518623
1.040343291,1.017054538,1.009083604,1.018092135,1.007922808,1.009742758,0.996109406,1.014507195
1.038752621,1.016675272,1.008851803,1.018319711,1.007682623,1.009481474,0.996109406,1.013654508
1.036269985,1.016305791,1.008711685,1.017618736,1.007202272,1.009113017,0.996109406,1.012900385
1.035034336,1.016009991,1.008914665,1.016921969,1.006962106,1.008611196,0.997081903,1.012431864
1.033623334,1.015703789,1.008989771,1.016215782,1.006721946,1.008226789,0.997081903,1.011973249
1.032343287,1.015474298,1.009219697,1.015979584,1.006241645,1.007775305,0.997325043,1.011343941
1.031110425,1.015095843,1.009147405,1.014817622,1.00552124,1.007210982,0.998054501,1.010959266
1.029875791,1.014904353,1.008933147,1.013871655,1.006241645,1.006312919,0.998054501,1.010385938
1.028648355,1.014716833,1.008769916,1.012942131,1.006481793,1.005436743,0.998054501,1.009859116
1.02723809,1.014634527,1.008423302,1.012241136,1.006241645,1.004905045,0.99756819,1.009500689
1.026501599,1.014797049,1.008292739,1.012002913,1.006241645,1.004080056,0.997811342,1.00937409
1.026136757,1.015093633,1.008225725,1.011306081,1.006241645,1.003256899,0.997081903,1.008998453
1.024903207,1.015203026,1.008215108,1.01105726,1.00552124,1.002626871,0.997811342,1.00881249
1.024019995,1.015413074,1.008601138,1.010127863,1.005281118,1.002059761,0.998540838,1.008724539
1.02278692,1.015507494,1.008829439,1.009894294,1.00552124,1.001594335,0.997811342,1.008317595
1.021725108,1.015275946,1.009182201,1.008038325,1.00432069,1.001833916,0.998054501,1.008010822
1.020846665,1.015082234,1.00945534,1.00757123,1.004080599,1.001946214,0.999270391,1.00770359
1.019572176,1.014883889,1.009776312,1.006640981,1.003360363,1.002105672,0.999513587,1.007522475
1.018695017,1.014334541,1.00994929,1.00709873,1.003600435,1.002215307,0.999756791,1.007470165
1.01711902,1.013701461,1.01000759,1.006168792,1.002880236,1.002231058,1.000243216,1.007258558
1.015718937,1.013060364,1.009978435,1.005703945,1.001680029,1.002333887,1.000729666,1.007106626
1.014657775,1.012449107,1.009294457,1.005470002,1.001440006,1.002119191,1.000729666,1.006945438
1.013778942,1.01187363,1.008798318,1.004540344,1.001199989,1.001794543,1.000729666,1.00696189
1.013770128,1.011309415,1.008364913,1.005215654,1.001440006,1.001607809,1.000243216,1.006860557
1.012716677,1.010923403,1.007683895,1.004983364,1.000959979,1.001583,1,1.006541316
1.012522844,1.010602672,1.007136768,1.004283393,1.001680029,1.001712639,1,1.006333867
1.01182031,1.010214847,1.006612182,1.00451439,1.001680029,1.001847777,1.000486438,1.006262821
1.011455626,1.010043892,1.006344023,1.004280683,1.001920058,1.002111607,1.000486438,1.006178332
1.010914548,1.009644377,1.006201682,1.004277291,1.001920058,1.002701102,1.000243216,1.006088169
1.011260713,1.00931427,1.006102909,1.003810492,1.001920058,1.003266145,1.000243216,1.00598126
1.01050261,1.008457134,1.005954311,1.004269932,1.001440006,1.003330827,1.000972901,1.005884646
1.009451503,1.007918373,1.005769315,1.004492467,1.001199989,1.003444067,1.000729666,1.005527736
1.008728149,1.007417432,1.005497394,1.004025997,1.001199989,1.003616366,1.000729666,1.005259495
1.008355934,1.007102828,1.005268614,1.003329763,1.001199989,1.003551644,1.000243216,1.005119581
1.007984602,1.006660097,1.004673595,1.003561184,1.001920058,1.003422346,1,1.004847799
1.007983122,1.006363735,1.004143134,1.003329506,1.002400134,1.003325571,1,1.004663069
1.007442668,1.005833427,1.003167317,1.003092612,1.002160093,1.003309451,0.9990272,1.004385776
1.006735963,1.005152989,1.002352508,1.004247225,1.002880236,1.003169747,0.999270391,1.004402341
1.00707613,1.00454058,1.001479462,1.004463368,1.002880236,1.002916468,0.999513587,1.004273264
1.006715606,1.004294367,1.000800022,1.003989521,1.002400134,1.002657044,0.999756791,1.004056717
1.006873834,1.004125332,1.000193905,1.004218227,1.002640182,1.002469574,1.000243216,1.003849182
1.006515108,1.003948978,0.999626745,1.004216504,1.003840514,1.002344753,1.000243216,1.003815509
1.006327994,1.003649789,0.999426009,1.003973088,1.003360363,1.00202915,1.000486438,1.003569368
1.005961304,1.003287445,0.999007336,1.003971099,1.003600435,1.001867481,1.000243216,1.003093045
1.005083427,1.002873296,0.998526173,1.003274928,1.003360363,1.00172865,0.999513587,1.002623049
1.004721081,1.002309509,0.998204136,1.003505461,1.004080599,1.00132431,0.999270391,1.002357768
1.003628374,1.0016418,0.997814562,1.003267612,1.003120296,1.001073119,0.999270391,1.002146613
1.003089082,1.00116717,0.997234464,1.003487993,1.002880236,1.000603831,0.998784016,1.001791065
1.002322209,1.000834723,0.996898889,1.003251685,1.002880236,1.000356265,0.998784016,1.001483067
1.001607214,1.000643498,0.996856424,1.002552969,1.001920058,1.000082824,0.998540838,1.001258582
1.0007338,1.000394823,0.996729633,1.002320383,1.001199989,0.99980711,0.998297667,1.000886167
1.00073298,1.000698825,0.996882118,1.001392026,1.001680029,1.00012662,0.997811342,1.000662193
1.000367994,1.000637001,0.996970649,1.00069509,1.001680029,1.000299755,0.997811342,1.000569344