S1,S2,S3,S4,S5,S6,S7,S8
1.00539849,1.000267803,1.000265678,1.000078459,1.001806507,1.000099456,1.000226145,1.000042398
1.005218471,0.999974117,1.000533273,0.999578907,1.001806507,1.00102689,0.999971037,1.000009589
1.005038456,1.000005456,1.001032433,0.999077954,1.001806507,1.002115735,0.999974019,1.00042265
1.004858447,1.000026952,1.001692203,0.99934447,1.001548414,1.003320285,1.000785419,1.000494387
1.004858447,1.000058264,1.002199358,0.998590298,1.001806507,1.00461097,0.999739868,1.000662515
1.004858447,1.000304284,1.002872449,0.998346198,1.002064606,1.005711234,0.999751359,1.000803589
1.004678442,1.000364143,1.003437257,0.998103174,1.001806507,1.006859274,0.999524968,1.000971887
1.004678442,1.000863689,1.004318203,0.998857572,1.001548414,1.007485532,1.000314984,1.001171078
1.004858447,1.000552925,1.005146243,0.99961556,1.001548414,1.008157014,0.999797132,1.001573498
1.003778489,1.000382117,1.005861938,1.000121819,1.001548414,1.008846853,0.999277117,1.001926472
1.004138456,1.000501235,1.006219592,0.999881712,1.001548414,1.009321288,0.998237957,1.002153507
1.004498441,0.999712701,1.006021343,1.000636787,1.002580825,1.009832428,0.997717752,1.002477671
1.004678442,0.998981108,1.005927412,1.000388253,1.00309707,1.010355091,0.996410568,1.002870283
1.005218471,0.998219415,1.005807389,1.000389557,1.003355203,1.010903609,0.99588667,1.003507152
1.00539849,0.997512495,1.005762637,1.001148405,1.003355203,1.011405402,0.99510913,1.003878274
1.00539849,0.996807967,1.006083523,1.00115213,1.004129641,1.011883859,0.99537336,1.004351511
1.005218471,0.995976929,1.005515918,1.000901798,1.004645967,1.012201485,0.994596864,1.004966837
1.00539849,0.995266213,1.005310731,1.00140553,1.005678699,1.012384846,0.993285458,1.005035508
1.005218471,0.994560784,1.004977005,1.000920961,1.006195106,1.01276783,0.991713221,1.005220463
1.005578514,0.994531758,1.004667789,1.00092545,1.005678699,1.012063524,0.990944879,1.005254383
1.00539849,0.994422088,1.00467105,1.000676273,1.005678699,1.01121903,0.991753356,1.005354186
1.00539849,0.994383698,1.00450781,1.001187379,1.005936899,1.010458218,0.990708394,1.005452156
1.004678442,0.994163401,1.004477118,1.00194894,1.006195106,1.009614245,0.990197997,1.005783165
1.004498441,0.993969207,1.00459723,1.002200829,1.005678699,1.008835426,0.989937567,1.005696881
1.004678442,0.993889634,1.004800719,1.002453191,1.00516232,1.007985769,0.989419133,1.005699935
1.004498441,0.994514228,1.005279834,1.002958832,1.00516232,1.006846071,0.991267172,1.005859179
1.004678442,0.994362513,1.005250258,1.003465107,1.005420506,1.006090822,0.991792365,1.00588071
1.004678442,0.994257096,1.005290328,1.003727288,1.005420506,1.005261103,0.992056315,1.005696648
1.004858447,0.99381403,1.005222604,1.003246831,1.00516232,1.005265093,0.992065011,1.005700407
1.005038456,0.994118975,1.005504146,1.003265809,1.005420506,1.0049739,0.992855741,1.005461359
1.005758543,0.994234511,1.005342082,1.002011056,1.00490414,1.00458739,0.993122825,1.00537446
1.006118616,0.99430424,1.005335148,1.002786773,1.00490414,1.004419085,0.99313148,1.005152468
1.005758543,0.994478061,1.00533663,1.002288226,1.004645967,1.004220318,0.993138011,1.004774065
1.005938577,0.994504878,1.005207047,1.001788668,1.004645967,1.004060145,0.992909212,1.004550404
1.006118616,0.994680769,1.004919257,1.00179342,1.004129641,1.003520621,0.993481248,1.004533869
1.006118616,0.994659039,1.00465803,1.00054268,1.004387801,1.003121125,0.993761335,1.004323937
1.006118616,0.994664334,1.00418618,1.000295436,1.004645967,1.002835024,0.993259588,1.004143198
1.006658761,0.994682839,1.00420949,1.001309912,1.004645967,1.00272072,0.993007172,1.003924888
1.006298659,0.994636265,1.004014283,1.00080746,1.003355203,1.002606982,0.993008512,1.003806709
1.007018881,0.99452703,1.003922801,1.000810282,1.003871489,1.002548294,0.992756179,1.003752261
1.006658761,0.99441857,1.003799543,1.000561386,1.004129641,1.002498345,0.993286727,1.003775678
1.006478708,0.994313091,1.003886072,1.000064637,1.004129641,1.002452046,0.992500463,1.003718024
1.006478708,0.994313534,1.003749199,1.000330094,1.003355203,1.00241436,0.993813123,1.003546815
1.007198949,0.994174973,1.003079188,1.000087282,1.003355203,1.002652423,0.994347015,1.003259674
1.007379021,0.993897465,1.002119499,1.000607134,1.004129641,1.002486061,0.994366627,1.002755726
1.007379021,0.993574455,1.001556193,1.000357889,1.004387801,1.002323287,0.99489387,1.002513671
1.007379021,0.992570604,1.000496742,1.000862552,1.004387801,1.00240975,0.993847829,1.002137339
1.006838818,0.992210114,0.999776474,1.001876262,1.004129641,1.002172177,0.993862066,1.001858583
1.006658761,0.991829722,0.999294858,1.001885585,1.004129641,1.001966623,0.993864411,1.001625898
1.006298659,0.991506265,0.998541779,1.002141662,1.004387801,1.00163234,0.993354913,1.001090792
1.005938577,0.991105257,0.997724396,1.001648868,1.004129641,1.001429121,0.993371169,1.000843474
1.005578514,0.990777859,0.997014137,1.002156142,1.003871489,1.001291972,0.993897516,1.000376738
1.005758543,0.990057372,0.996280077,1.001913568,1.004387801,1.00127059,0.994162568,1.000067223
1.005578514,0.989108795,0.995464454,1.00166545,1.004129641,1.001155987,0.994165818,0.999754967
1.00539849,0.988151558,0.994566653,1.002432743,1.003613342,1.000989675,0.994693639,0.999463225
1.004498441,0.98710805,0.993919021,1.001931222,1.003871489,1.001154353,0.994705484,0.999105327
1.00395847,0.986114805,0.993125701,1.002943504,1.003355203,1.001253967,0.995233976,0.998941289
1.004138456,0.985190022,0.992582812,1.002950404,1.002580825,1.001131975,0.995768923,0.998712565
1.003598513,0.984254442,0.992064813,1.002704938,1.002322712,1.001242737,0.995246097,0.998554549
1.004138456,0.9833127,0.991312498,1.002456053,1.002580825,1.001267566,0.995267949,0.998241685
1.003598513,0.982432405,0.990568783,1.00270956,1.002064606,1.001155048,0.996078001,0.998189555
1.003778489,0.982043775,0.99037108,1.002709932,1.001806507,1.001130393,0.99530488,0.997919696
1.004138456,0.981614179,0.990564133,1.003467408,1.002064606,1.001338936,0.99559301,0.997886695
1.00395847,0.981127036,0.990820611,1.002969504,1.002322712,1.001551122,0.995331234,0.997761839
1.003598513,0.980804911,0.991856595,1.003221798,1.002064606,1.001875428,0.995334584,0.99765335
1.003598513,0.980620948,0.992905024,1.002722262,1.001806507,1.002249491,0.995344904,0.99783737
1.003598513,0.980502537,0.993783381,1.002471592,1.001806507,1.002700718,0.995097603,0.997831305
1.003418542,0.980322554,0.994698897,1.001968644,1.001548414,1.003057848,0.995390362,0.997672967
1.003418542,0.980127121,0.995471252,1.000720937,1.001806507,1.003434242,0.995677846,0.9977202
1.003778489,0.979968945,0.99652485,1.000721769,1.001806507,1.003815682,0.994899363,0.997806841
1.003598513,0.980109307,0.996945559,1.0009812,1.001548414,1.003711647,0.995173781,0.998212119
1.003418542,0.980288146,0.997212124,1.001232775,1.001548414,1.003777863,0.994654342,0.998471209
1.003778489,0.980446039,0.997440462,1.001490698,1.001806507,1.003839809,0.99386821,0.998741117
1.003598513,0.98102503,0.99807726,1.000763478,1.001032249,1.003895033,0.994921426,0.999032316
1.003598513,0.981693615,0.998510739,1.001017922,1.001290329,1.003940672,0.995184055,0.999237774
1.003778489,0.982539823,0.998873313,1.000774906,1.002580825,1.004042706,0.994422903,0.999340604
1.004678442,0.983394527,0.999325865,1.001029538,1.003355203,1.00412568,0.994434526,0.999563056
1.005218471,0.98424573,0.999885483,1.000784121,1.003871489,1.00413913,0.993915735,0.999877019
1.005218471,0.985038444,1.00030168,1.000786832,1.00490414,1.004230432,0.993664754,1.000109691
1.005578514,0.985346255,1.00057785,1.000284912,1.005420506,1.004256357,0.994199236,1.000126646
1.005578514,0.985930425,1.000953216,1.000795782,1.00516232,1.004531077,0.994206321,1.00028282
1.00539849,0.98640885,1.001675781,1.000818064,1.00490414,1.004807061,0.99394526,1.000468287
1.00539849,0.986485522,1.001788313,1.001829851,1.00490414,1.005029302,0.994996324,1.000620389
1.005038456,0.986541784,1.001441995,1.002102133,1.00516232,1.00507443,0.995522004,1.00070535
1.005218471,0.986667645,1.001356344,1.001868521,1.00490414,1.005193063,0.995800479,1.000681507
1.00539849,0.986852175,1.001650399,1.002127046,1.004645967,1.00528501,0.995548935,1.000876906
1.005218471,0.987034609,1.001499235,1.002891119,1.004645967,1.005256962,0.995030342,1.000943623
1.004678442,0.987107472,1.00115376,1.003651831,1.00490414,1.005409817,0.995298193,1.001270096
1.004138456,0.987538966,1.000917835,1.003655492,1.005678699,1.005006757,0.995300757,1.00146241
1.004318446,0.987832056,1.000517738,1.003658271,1.00490414,1.0050717,0.994043163,1.001353973
1.00395847,0.988178998,0.9998369,1.003688695,1.00490414,1.005074506,0.994579779,1.001529194
1.004138456,0.988186204,0.999556038,1.003210064,1.005420506,1.005479942,0.994055296,1.001360088
1.00395847,0.988096807,0.999632955,1.00270735,1.00490414,1.005672894,0.9938066,1.001157912
1.00395847,0.987998946,0.999711119,1.002959694,1.005678699,1.005865721,0.99461997,1.001100948
1.003598513,0.987929748,0.999701976,1.002964104,1.005936899,1.005994577,0.993578069,1.000942275
1.003598513,0.987969534,0.999470563,1.003472582,1.006195106,1.006365118,0.993579979,1.001109421
1.003418542,0.987961612,0.999385125,1.003475915,1.005678699,1.006548085,0.993600513,1.000986211
1.003058613,0.988199023,0.999185844,1.003729419,1.005420506,1.005917571,0.99387496,1.001169691
1.002698704,0.988167456,0.999375795,1.003983152,1.00516232,1.005938924,0.994940526,1.001128756
1.002518757,0.988110229,0.998982002,1.004004108,1.004645967,1.005883804,0.995203338,1.001023423
1.002878656,0.988563022,0.998956053,1.00375482,1.004129641,1.005878782,0.994953324,1.001083278
1.002698704,0.988792248,0.998795812,1.003524897,1.004387801,1.005676992,0.995216963,1.001038694
1.002878656,0.989044327,0.99843571,1.003027403,1.004387801,1.00544568,0.99628162,1.001004849
1.002698704,0.989270859,0.998007605,1.002025799,1.004129641,1.005302912,0.996032506,1.001080619
1.002698704,0.989512054,0.997592488,1.001524939,1.003355203,1.005199586,0.996307953,1.001181084
1.002878656,0.989683597,0.997329098,1.00185833,1.003355203,1.004944323,0.996313026,1.001120495
1.003058613,0.989472769,0.997107124,1.001365551,1.004129641,1.00404598,0.9968408,1.000935673
1.003418542,0.989142608,0.99673662,1.000867464,1.004129641,1.003787272,0.997628269,1.000689084
1.003598513,0.988758483,0.996127742,1.000365127,1.003613342,1.003221571,0.996854916,1.0004693
1.004318446,0.988033166,0.995590982,1.000114155,1.003355203,1.003290002,0.997123145,1.000376397
1.004678442,0.9873748,0.995359038,1.000620861,1.004387801,1.00293296,0.997654318,1.000669375
1.005038456,0.986672647,0.995091423,1.001382169,1.004387801,1.002706522,0.997918816,1.000637704
1.005218471,0.985972233,0.994726312,1.001633936,1.004387801,1.002407246,0.997919974,1.000546814
1.00539849,0.985446413,0.99440694,1.002148558,1.004645967,1.002153147,0.998460697,1.000564944
1.005218471,0.984837441,0.994323972,1.001396389,1.003871489,1.001951478,0.997938003,1.000541398
1.005218471,0.984831043,0.994048372,1.00165378,1.003871489,1.001372127,0.998207415,1.000367334
1.005578514,0.984962009,0.994287859,1.001403939,1.003355203,1.000369263,0.997948322,1.000127408
1.006118616,0.985145254,0.994368429,1.000667321,1.002838944,0.999407042,0.998483858,1.00007109
1.006118616,0.985108437,0.994446097,1.000417782,1.001806507,0.99931407,0.998497563,0.999890897
1.006118616,0.985302052,0.994261194,0.999936133,1.001548414,0.998600118,0.99719067,0.999509922
1.006118616,0.985570695,0.994251397,0.999702346,1.001290329,0.998002064,0.99692871,0.99935
1.005758543,0.985757975,0.994153149,0.999206752,1.001290329,0.997357779,0.996950464,0.999512697
1.005758543,0.985938223,0.993914559,0.999462358,1.001290329,0.996833328,0.996695394,0.999494012
1.006118616,0.986227588,0.993734795,0.999717669,1.001032249,0.996185344,0.995649283,0.999278232
1.023785763,0.99253739,0.994555685,1.00323932,1.001806507,0.996075331,0.995396701,0.998605147
1.029564662,1.000060283,0.99659536,1.004508059,1.001806507,0.996253797,0.995147937,0.997924962
1.035167692,1.00754485,0.998584188,1.005515721,1.002580825,0.996377987,0.994374384,0.997607437
1.0413183,1.015482045,1.001284852,1.00653359,1.002322712,0.997234995,0.994116347,0.99740557
1.046749961,1.023537303,1.003418003,1.007793054,1.002580825,0.997438481,0.994380659,0.997296864
1.05309242,1.031908053,1.005764443,1.008815962,1.003355203,0.997714419,0.995169813,0.997192337
1.058714998,1.040203003,1.007854658,1.010077635,1.003613342,0.998022128,0.994909065,0.996810202
1.064705462,1.048630824,1.010364033,1.01083689,1.003613342,0.998251849,0.995978734,0.996247125
1.070519465,1.057315248,1.012560095,1.011360707,1.004129641,0.998442697,0.995196971,0.995983057
1.077975958,1.065220139,1.015357037,1.012872781,1.004645967,0.999527897,0.995723528,0.996314175
1.086169371,1.073694766,1.018201254,1.01388089,1.00516232,1.000985253,0.996248533,0.996742465
1.094372699,1.082459628,1.02119374,1.015411383,1.005420506,1.002483202,0.997038833,0.997065286
1.102585959,1.090642033,1.024249625,1.016673454,1.006711539,1.004324939,0.997586676,0.997602773
1.110992021,1.098658482,1.027178794,1.017935384,1.007227999,1.006456244,0.998115769,0.998179978
1.1194085,1.106549643,1.030179843,1.019703743,1.007486239,1.008577701,0.998650176,0.998767633
1.128018725,1.114471099,1.033241444,1.021229252,1.008519266,1.010629919,0.998396533,0.999411985
1.136639866,1.122571951,1.036310489,1.023260561,1.008519266,1.012775548,0.998659246,1.00016397
1.145088168,1.130715154,1.039176767,1.024773414,1.00877754,1.014995605,0.998922739,1.000733542
1.154651063,1.140296591,1.042831067,1.0273034,1.009294107,1.017553106,0.999449133,1.001702922
1.164780289,1.150379432,1.046686771,1.02856958,1.009552401,1.020289106,0.999981743,1.002681226
1.174370871,1.160601872,1.0507184,1.029833655,1.010327322,1.022934518,1.000250418,1.003707875
1.166807941,1.16383684,1.053672848,1.028354829,1.010069008,1.025065958,1.000778643,1.005778491
1.170865056,1.165834543,1.055309799,1.02887215,1.011102304,1.026998509,1.001591703,1.007202748
1.175478344,1.167898463,1.057286256,1.03013702,1.011618992,1.028841205,1.002641838,1.008473962
1.179355918,1.169901575,1.058861314,1.030646083,1.012135707,1.030899387,1.002382119,1.009703736
1.18379013,1.172018816,1.060600499,1.03089884,1.011618992,1.032820171,1.003188529,1.01100692
1.187672429,1.173949688,1.062399706,1.031405995,1.011102304,1.034871969,1.002663753,1.012235198
1.192852262,1.177007613,1.064079102,1.032675834,1.011618992,1.036431836,1.003202214,1.013819943
1.198036026,1.18065231,1.065975465,1.033940147,1.011877346,1.037906119,1.002418402,1.015362845
1.203223723,1.184266785,1.068111091,1.034705872,1.012652449,1.039380767,1.003208829,1.017035003
1.20674619,1.188628681,1.069675901,1.034717824,1.01291083,1.04005023,1.0026852,1.01794537
1.209899408,1.19240728,1.07111099,1.035728238,1.013169218,1.040262315,1.00242525,1.018787546
1.212497269,1.196065531,1.073012159,1.036993682,1.014461257,1.040414424,1.001376145,1.019786175
1.21546746,1.199809659,1.074479763,1.037499796,1.013427612,1.040689694,1.000851438,1.020827727
1.218067435,1.2035752,1.07588145,1.038264491,1.013427612,1.040919258,1.000068649,1.021485355
1.220482583,1.207394269,1.077283767,1.03955037,1.014202835,1.041236554,0.99981086,1.022349979
1.224199858,1.211646598,1.078605295,1.039826207,1.014461257,1.041497953,1.000340619,1.023397411
1.228477221,1.216405462,1.079999533,1.04033188,1.015236561,1.04165107,1.000618549,1.024218184
1.232384973,1.221050485,1.08169781,1.04084064,1.016011925,1.0418016,1.000094087,1.025261671
1.23573625,1.224248395,1.082905674,1.040863632,1.016011925,1.041352354,1.000096902,1.025961645
1.238157636,1.226820988,1.083512142,1.041122847,1.016011925,1.040802531,0.999310444,1.026285892
1.240207169,1.229492959,1.08432366,1.041630682,1.016011925,1.040367308,0.999573274,1.026862941
1.242816552,1.232213343,1.085186092,1.041895906,1.016528869,1.039769577,0.998788837,1.027192419
1.245426928,1.234920982,1.086058208,1.042414905,1.015753464,1.039246374,0.996957021,1.027719908
1.247851739,1.237378644,1.086656953,1.042424125,1.016270394,1.038578421,0.996442548,1.028240009
1.251583892,1.240378915,1.087623581,1.04343996,1.01678735,1.038097388,0.996711163,1.028789898
1.254384339,1.243909844,1.08838312,1.043949037,1.017821344,1.037836042,0.995410416,1.029329691
1.256999121,1.247527069,1.089210613,1.044707084,1.019372537,1.037392734,0.995691491,1.029744106
1.258493729,1.25002531,1.090116911,1.044725168,1.019372537,1.037430538,0.995695866,1.029917469
1.259988663,1.251977369,1.090596119,1.045231593,1.019889655,1.037525885,0.996230987,1.03025495
1.261857788,1.253919709,1.090914392,1.045238835,1.018855446,1.0375732,0.995713895,1.030502736
1.263914414,1.255892628,1.091352157,1.0447468,1.01859691,1.037549953,0.995976542,1.030767031
1.265223496,1.25783872,1.091798028,1.044254698,1.019113988,1.037569987,0.995453993,1.030778702
1.267468218,1.259557594,1.091955752,1.043497173,1.01859691,1.037468695,0.995457347,1.030843524
1.270275152,1.261574458,1.091976193,1.044766786,1.019113988,1.037631264,0.995457395,1.031137395
1.27327048,1.264002072,1.092060656,1.044520827,1.020148224,1.038167409,0.995726747,1.031345024
1.276454446,1.26610107,1.092023894,1.044773643,1.0204068,1.038495641,0.994682495,1.031481963
1.278328057,1.268125581,1.092110594,1.045292947,1.0204068,1.038893488,0.994946757,1.031640151
1.280014743,1.269430516,1.092067525,1.045043314,1.020665382,1.039388299,0.995220029,1.031948569
1.28207681,1.271013902,1.092204234,1.045299257,1.020923971,1.039915985,0.995752738,1.032077984
1.283201835,1.272566723,1.092210056,1.045310037,1.02144117,1.040470946,0.996024216,1.032093133
1.285077285,1.274161518,1.092345435,1.046075422,1.021958395,1.04110743,0.996556153,1.032179879
1.287703774,1.275687448,1.092313325,1.046848913,1.022734284,1.041598937,0.997345956,1.032208522
1.289580452,1.277438105,1.09269581,1.046852519,1.022475648,1.042222684,0.997873816,1.032199155
1.292020899,1.279547942,1.093038153,1.046600718,1.022734284,1.042376724,0.998924527,1.032177343
1.293898755,1.281731427,1.093508918,1.04737238,1.022475648,1.042631625,0.99919356,1.032125734
1.294837875,1.283512485,1.09370342,1.047626611,1.022475648,1.042574642,0.999457118,1.032125829
1.29690439,1.284626459,1.093795144,1.048150442,1.022734284,1.042543875,0.999999228,1.032112348
1.298971526,1.285868089,1.094086892,1.048416413,1.022475648,1.042531007,1.000272089,1.032272264
1.301415304,1.287180922,1.094302218,1.047658735,1.022217018,1.042478313,1.000019082,1.032392105
1.303295725,1.288366808,1.094374436,1.047155301,1.021958395,1.042565001,1.000032464,1.0324825
1.305176658,1.289619275,1.094844025,1.047661902,1.022734284,1.042662732,1.001095418,1.032576064
1.30762264,1.291459632,1.095347389,1.049179592,1.022992927,1.042923211,1.001095684,1.032794995
1.311010818,1.293517367,1.096249139,1.050207289,1.022217018,1.043514723,1.001628934,1.033083493
1.314212295,1.295855073,1.097325688,1.051476216,1.021699779,1.044238252,1.001642516,1.033239921
1.316473056,1.297921198,1.098396018,1.050730197,1.021958395,1.044581779,1.001653132,1.033374851
1.318546072,1.299618968,1.099762785,1.051528773,1.02144117,1.044807601,1.001666577,1.033591592
1.320242639,1.301420533,1.101172642,1.05229941,1.021958395,1.045130436,1.00271901,1.033681321
1.322316789,1.303074186,1.102392255,1.053066863,1.022475648,1.045351792,1.001685259,1.033837165
1.324014284,1.304806511,1.103687552,1.053334738,1.022475648,1.045672603,1.001428276,1.033860925
1.32552352,1.30657246,1.104792062,1.054353873,1.021958395,1.045910403,1.001434153,1.034038915
1.327787993,1.30850579,1.106098864,1.055118108,1.021182567,1.04603765,1.000919881,1.03430015
1.329864412,1.310595478,1.107074873,1.055119037,1.020923971,1.045674012,1.000939168,1.034572504
1.331374928,1.312538044,1.108086398,1.054868835,1.020665382,1.045527209,1.000154066,1.03479056
1.333074654,1.314249286,1.108660325,1.055892033,1.020665382,1.045162846,0.99989508,1.035179259
1.334585872,1.315606915,1.109283577,1.056415119,1.020665382,1.045409422,1.000171412,1.035688441
1.336286389,1.317039098,1.109919607,1.056670902,1.020148224,1.045711797,1.000177995,1.036038248
1.337798311,1.318430126,1.11077943,1.055920803,1.019889655,1.045844633,1.000451522,1.036534062
1.339121514,1.319657697,1.111277122,1.055923093,1.019631092,1.045995788,0.99994158,1.036911267
1.340823148,1.320875386,1.112099872,1.056936203,1.019631092,1.046011385,0.99941708,1.037301418
1.339688679,1.322219779,1.112033677,1.057452499,1.018855446,1.045582209,0.999685724,1.037398937
1.326089568,1.313473525,1.109804556,1.05568652,1.01807986,1.045340844,0.99916927,1.037357545
1.312705532,1.304738446,1.107538535,1.053669491,1.017045839,1.045049743,0.9986494,1.037243116
1.298783579,1.2953767,1.104937193,1.050135321,1.015753464,1.044443859,0.99865937,1.037126277
1.283951953,1.285886315,1.101993462,1.04736496,1.015495009,1.043503403,0.99841578,1.036920104
1.26933938,1.276380342,1.098962455,1.044081705,1.014978119,1.042428441,0.998682543,1.036571394
1.254571076,1.266868439,1.096201373,1.04155707,1.013686013,1.041505595,0.998710112,1.036490535
1.240207169,1.257586223,1.093397801,1.038780111,1.012652449,1.040538525,0.99897354,1.036296722
1.225687334,1.248375106,1.090439402,1.035758053,1.011618992,1.03959652,0.998978944,1.036243036
1.210084937,1.233869316,1.085490258,1.032730657,1.010585643,1.038629892,0.999243649,1.035993497
1.194147834,1.218564542,1.080103775,1.030964871,1.010069008,1.03742914,0.999000079,1.035737089
1.178063149,1.203327142,1.074723576,1.027436331,1.00903582,1.036542848,0.99848237,1.035413335
1.161832052,1.188176985,1.069543063,1.024915385,1.009294107,1.035592001,0.998228534,1.034917469
1.146190894,1.173149801,1.06461344,1.02215163,1.00903582,1.035067324,0.998497434,1.03454177
1.130585582,1.15830555,1.059563034,1.019638537,1.007744486,1.034639924,0.998499421,1.034145625
1.115015992,1.143736884,1.054909044,1.017120475,1.007744486,1.034282877,0.999288194,1.033708514
1.099116925,1.129364213,1.050113303,1.014356608,1.007227999,1.033679331,0.998791333,1.033011718
1.083255023,1.115319076,1.045370019,1.011593371,1.006711539,1.033032636,0.998535944,1.03241426
1.067066798,1.100273155,1.040600146,1.009836283,1.006195106,1.032884828,0.997234131,1.03146174
1.051460934,1.085762263,1.035671785,1.006821716,1.005420506,1.032534674,0.997532838,1.030658482
1.035167692,1.071444708,1.030624784,1.002804346,1.004387801,1.032201455,0.997288323,1.029645138
1.021800409,1.057231765,1.026089282,1.000574615,1.004387801,1.032324349,0.996515252,1.029043737
1.020717734,1.051079678,1.023789199,1.000343916,1.004129641,1.032276278,0.997320405,1.028595099
1.019094048,1.044978778,1.021453976,1.000095028,1.004645967,1.032348492,0.997063867,1.028149365
1.017110074,1.038983872,1.019090573,1.000857991,1.00516232,1.032316862,0.996542416,1.027785181
1.015847849,1.033140355,1.016663031,1.000607752,1.00516232,1.032328061,0.996021303,1.027470029
1.01458586,1.027072887,1.014326151,1.000862346,1.005420506,1.032450044,0.995768952,1.027438098
1.013143875,1.021091099,1.011708255,1.001373204,1.005420506,1.032139356,0.996299943,1.026938664
1.011341829,1.014975478,1.008573483,1.001882916,1.006453319,1.03133217,0.996303808,1.026371985
1.009900538,1.008954237,1.005492816,1.001390248,1.006195106,1.030449343,0.996317734,1.025800944
1.009180008,1.007300616,1.004338931,1.00090823,1.006195106,1.029555027,0.99712717,1.025449999
1.008819772,1.006465421,1.003496235,1.000161005,1.006195106,1.028793978,0.997393192,1.025101938
1.008999888,1.005740963,1.00281873,1.00066553,1.007227999,1.028189927,0.998211939,1.024791479
1.008999888,1.004859908,1.00219389,0.999922917,1.006711539,1.02746323,0.998212198,1.024386131
1.008099358,1.00407692,1.001491517,0.99942008,1.006969765,1.026844667,0.998483684,1.024164378
1.00773918,1.003264655,1.000819653,0.999429745,1.006453319,1.02618044,0.997979866,1.023735277
1.006838818,1.00212763,0.999631656,0.998927166,1.006195106,1.025042507,0.996951417,1.023226452
1.006658761,1.001161369,0.998763986,0.999437543,1.006453319,1.02409774,0.996715736,1.022726736
1.006658761,1.000209041,0.998219143,0.999941959,1.007227999,1.023287736,0.996716367,1.022322231
1.007198949,1.000275085,0.99732099,0.999691033,1.006711539,1.021903284,0.997000773,1.022073427
1.007018881,1.000115694,0.996790068,1.000203186,1.007227999,1.02097325,0.996742295,1.021862715
1.007198949,0.99985436,0.996205034,1.000718849,1.006969765,1.019994938,0.996490048,1.021579264
1.007198949,0.99957774,0.995475015,1.000973396,1.007486239,1.019069048,0.99675392,1.021300389
1.006838818,0.999362738,0.994678703,1.000727596,1.007744486,1.017982297,0.995994502,1.021134429
1.006658761,0.999243786,0.994175619,1.001230671,1.007227999,1.017011102,0.996002436,1.021059615
1.006478708,0.998130028,0.99379002,1.000731356,1.006711539,1.016140866,0.996793582,1.020533255
1.006118616,0.997161338,0.993455837,1.001234735,1.005420506,1.015587191,0.997580899,1.020059095
1.005218471,0.996219061,0.992917747,1.000991933,1.005420506,1.015440662,0.99759374,1.019433821
1.004498441,0.995237644,0.992598239,1.001004577,1.005678699,1.015283258,0.997336334,1.01912898
1.00395847,0.994288725,0.992909973,1.000514616,1.004387801,1.015529683,0.997081144,1.018937659
1.003418542,0.993595591,0.993441976,1.000013232,1.003871489,1.016046495,0.997089835,1.018548527
1.003238575,0.992713333,0.993664672,1.000014602,1.00309707,1.016378113,0.996306045,1.0179906
1.002878656,0.991825657,0.993898361,1.000266611,1.00309707,1.01671729,0.996047151,1.017746262
1.002518757,0.99097419,0.994174084,1.000019693,1.00309707,1.016847782,0.995526805,1.017188045
1.002338815,0.990621552,0.994415477,1.00052266,1.002580825,1.016411318,0.996318691,1.016800196
1.002698704,0.990616398,0.994604033,1.00127717,1.002322712,1.015974433,0.995282228,1.016344127
1.002698704,0.990763402,0.994704845,1.001026735,1.00309707,1.015389867,0.995042458,1.016008649
1.002698704,0.991023354,0.99487592,1.001530711,1.00309707,1.015384847,0.995332604,1.015563744
1.002338815,0.991175525,0.995020005,1.002038854,1.003355203,1.015234597,0.995334773,1.015285276
1.001799016,0.991325488,0.995268253,1.00153815,1.002322712,1.014894951,0.995598104,1.014913916
1.000899448,0.991452581,0.995386581,1.001043811,1.002064606,1.014654264,0.99587055,1.014680984
1.000719549,0.991651426,0.995265129,1.000296787,1.001290329,1.014316296,0.996939386,1.01472186
1.000719549,0.991914312,0.995604775,1.000555096,1.001290329,1.014021305,0.99748789,1.01474878
1,0.991489873,0.995347848,1.000058184,1.001032249,1.01463702,0.996705033,1.014411486
1.000359765,0.990986644,0.995225378,0.999569761,1.000774177,1.015019276,0.996453606,1.014035874
1.00017988,0.990540814,0.995248917,0.998569995,1.001032249,1.015335773,0.996198323,1.013624343
1.000359765,0.991001278,0.994956205,0.998863255,1.001548414,1.015417914,0.995421699,1.013589843
1.000539654,0.991243399,0.994533799,0.997864396,1.002322712,1.015512259,0.994640616,1.013476575
1.000899448,0.991527278,0.994252785,0.998155281,1.002322712,1.015368782,0.99518765,1.0134715
1.001439174,0.991821956,0.993946175,0.997904226,1.002838944,1.015274466,0.995194906,1.013602024
1.001619093,0.992103067,0.993947795,0.997922259,1.004129641,1.015129914,0.995486515,1.013356606
1.001799016,0.992224988,0.993656353,0.997922458,1.004387801,1.014969156,0.994965942,1.013168829
1.001619093,0.992563472,0.993222175,0.997933354,1.005420506,1.014714605,0.995753483,1.013270474
1.002338815,0.992846523,0.993086204,0.998187673,1.005420506,1.014503198,0.995504022,1.012989055
1.002158877,0.992967251,0.992770231,0.997945085,1.00516232,1.014224139,0.995783325,1.012902247
1.001978944,0.992647152,0.992569946,0.997950165,1.00516232,1.014832588,0.995007245,1.012661507
1.001619093,0.991930736,0.992577628,0.998453879,1.005420506,1.015265129,0.995273833,1.01233037
1.001619093,0.991154438,0.992540184,0.998202683,1.00516232,1.015799255,0.99501288,1.012317539
1.001259261,0.9905175,0.992584158,0.997450738,1.005420506,1.016440905,0.994757455,1.012171306
1.001079352,0.989823379,0.992538841,0.996697057,1.00516232,1.016992723,0.995295831,1.012184863
1.001439174,0.989160293,0.992611215,0.996463692,1.005420506,1.017523783,0.995303258,1.012123203
1.001978944,0.988858281,0.992627254,0.997224284,1.005420506,1.017855931,0.99530819,1.01206282
1.001619093,0.988201831,0.992666495,0.997487024,1.005420506,1.017978887,0.993999337,1.011755548
1.001439174,0.987673881,0.992540358,0.997511139,1.005420506,1.018132227,0.993755575,1.011811703
1.001439174,0.987807177,0.992640938,0.997529759,1.004645967,1.017416289,0.994564852,1.012077202
1.001079352,0.987878872,0.992579577,0.998286072,1.00490414,1.016900249,0.994840517,1.012219396
1.001439174,0.987954478,0.992743472,0.998792135,1.00490414,1.016353193,0.995377031,1.012415832
1.001619093,0.988067717,0.993089285,0.998800138,1.00490414,1.01597451,0.995651207,1.012369035
1.001619093,0.988142924,0.993271785,1.000058146,1.005936899,1.015449349,0.995914817,1.012468148
1.001439174,0.988230622,0.993526868,1.000330196,1.005936899,1.01493492,0.995655688,1.012415641
1.001799016,0.988977437,0.994156505,1.000840602,1.005420506,1.014455485,0.995142549,1.012603704
1.001799016,0.988467854,0.994369702,1.000842453,1.004387801,1.014709978,0.994884624,1.013170806
1.001439174,0.987930748,0.994671895,1.000853918,1.004387801,1.014840222,0.99489897,1.013301245
1.001619093,0.987459625,0.995066608,1.001110912,1.004129641,1.015088699,0.993594622,1.013444907
1.000899448,0.986969771,0.995229944,1.000634884,1.004129641,1.015379224,0.994124889,1.013636068
1.000719549,0.986651794,0.995767195,1.000659717,1.004387801,1.01566275,0.993645288,1.013641088
1.000539654,0.98629427,0.995792229,1.000669113,1.00516232,1.016270151,0.993384296,1.01385006
1.00017988,0.985853409,0.995923798,0.999667547,1.004387801,1.016510245,0.993395053,1.014492847
0.999820125,0.985494397,0.995938215,0.999432218,1.004387801,1.016765448,0.993956658,1.014752913
0.999640254,0.985046698,0.995949757,0.999435477,1.003871489,1.017234925,0.994220876,1.015104106
0.999820125,0.984639003,0.995297377,0.999199758,1.003871489,1.017914056,0.994221449,1.01561925
0.999640254,0.984200516,0.995021007,0.998948676,1.003613342,1.01853474,0.993173324,1.01581673
0.999460389,0.983380231,0.994562608,0.998449633,1.003613342,1.01935621,0.992946009,1.015921863
0.999460389,0.982847022,0.994159771,0.998964962,1.004387801,1.020577105,0.993224136,1.016184103
0.999640254,0.982357227,0.993727349,0.998462905,1.004129641,1.021563811,0.993764492,1.016325983
0.999820125,0.981815238,0.993435287,0.998715597,1.00490414,1.022547491,0.994313751,1.016457247
0.999460389,0.981266224,0.993212351,0.998718447,1.00490414,1.023613926,0.994839634,1.01659337
0.999100672,0.980722655,0.992803653,0.997713136,1.004645967,1.024690454,0.994847317,1.016743888
0.999100672,0.980657232,0.993007786,0.997970459,1.004387801,1.024750821,0.995376954,1.016962342
0.999100672,0.980421594,0.993148434,0.997720456,1.003613342,1.025181206,0.995116508,1.017029571
0.999460389,0.980268197,0.993254886,0.997997837,1.003613342,1.025665238,0.994604681,1.017315319
0.999280528,0.979488051,0.993000422,0.998260552,1.003355203,1.026225025,0.995396563,1.017337219
0.999280528,0.979885885,0.993192749,0.99780042,1.003355203,1.025886826,0.995924598,1.017444841
0.999820125,0.980343048,0.99347731,0.998806002,1.003613342,1.025681548,0.996196899,1.017451676
0.999820125,0.980624392,0.993491866,0.998584362,1.00309707,1.025539811,0.996201832,1.017414675
1.00017988,0.98095888,0.993532357,0.999107733,1.002580825,1.025232688,0.996469062,1.017237925
1.000539654,0.981320183,0.993691342,0.99911687,1.001806507,1.025028555,0.996733381,1.017410769
1.000539654,0.981816214,0.994080806,0.999369393,1.001548414,1.025273547,0.997279012,1.017533431
1.000719549,0.982248461,0.994300242,1.00038439,1.002064606,1.025418864,0.997281081,1.017421082
1.000719549,0.982589739,0.994826545,1.000897999,1.002064606,1.025485324,0.997293282,1.017440485
1.001259261,0.983045265,0.995218304,1.001154354,1.001806507,1.025342111,0.99730147,1.017382887
1.001079352,0.983444211,0.996167425,1.001910632,1.001548414,1.025044715,0.997052077,1.017452008
1.000899448,0.983840709,0.997158884,1.001911309,1.001032249,1.024810792,0.997843997,1.017615379
1.001259261,0.9842314,0.997876884,1.002674256,1.001290329,1.024520041,0.998107537,1.017863612
1.001439174,0.984566571,0.998546807,1.002930794,1.001032249,1.024188091,0.997846571,1.017863906
1.001079352,0.98496813,0.999382151,1.00318274,1.001290329,1.024004647,0.997860425,1.017985594
1.001079352,0.985081279,0.999873075,1.003183542,1.001032249,1.023791877,0.997600174,1.01784414
1.000899448,0.985306221,1.000625412,1.00344377,1.001290329,1.023493256,0.997604065,1.01792227
1.000899448,0.985699837,1.001345033,1.004464002,1.001290329,1.023240993,0.997080776,1.017797511
1.000359765,0.985509038,1.00161587,1.003976866,1.001032249,1.023981999,0.996032613,1.017943482
0.999820125,0.985412507,1.001562813,1.003229899,1.001032249,1.024295933,0.997096215,1.018155234
0.998920821,0.985196719,1.001579563,1.003234299,1.000774177,1.024617716,0.99816613,1.018289756
0.998201464,0.985024786,1.001808068,1.002237342,1.000516111,1.02493375,0.997648957,1.018542494
0.998561133,0.985394399,1.001392728,1.003259282,1.001290329,1.025432474,0.997387809,1.01874486
0.998201464,0.985018818,1.001108844,1.00326767,1.001032249,1.025733389,0.997659767,1.018864165
0.998561133,0.984782358,1.001245832,1.003774736,1.001290329,1.025909457,0.997927907,1.018929804
0.998201464,0.984535646,1.001311426,1.003530152,1.001548414,1.026214711,0.997412525,1.019037078
0.998381296,0.984222138,1.001152924,1.004033259,1.001806507,1.026341604,0.997169101,1.018981605
0.998561133,0.983874821,1.000789134,1.003785025,1.001548414,1.026031467,0.996647419,1.019189643
0.998561133,0.983513406,1.000662022,1.00303084,1.001032249,1.026088539,0.996385123,1.019255433
0.998381296,0.983186582,1.000614449,1.002789419,1.001032249,1.026062793,0.996387053,1.019405961
0.998021637,0.982636259,1.00025196,1.002799556,1.001290329,1.025712002,0.997179665,1.019499939
0.998201464,0.981706754,1.000168513,1.002301045,1.001290329,1.025545549,0.997181972,1.019693867
0.998021637,0.980700047,1.000140643,1.002580162,1.002322712,1.025426613,0.997187796,1.01965444
0.997841815,0.979731952,1.000090881,1.002343693,1.002838944,1.02537399,0.997202115,1.019691609
0.998021637,0.978831626,0.999911495,1.002095063,1.002838944,1.025202875,0.998255305,1.019713944
0.998381296,0.977765208,0.999638107,1.002610272,1.003355203,1.025269425,0.998786394,1.019572222
0.998381296,0.976897457,0.999460091,1.002615629,1.003871489,1.025119892,0.998271338,1.019518912
0.998920821,0.976132589,0.999252811,1.002115433,1.003613342,1.02501885,0.997484556,1.019288195
0.999100672,0.975680583,0.998819624,1.001621311,1.003355203,1.024357496,0.997753594,1.01900648
0.999280528,0.975378289,0.998640492,1.001874317,1.003355203,1.023419222,0.998297334,1.018994685
0.999640254,0.975117169,0.998662586,1.002127337,1.002838944,1.022566126,0.99725134,1.018502231
1.00017988,0.974684952,0.998521938,1.001380941,1.002322712,1.021756332,0.996730123,1.018212265
1.000539654,0.974476827,0.998466319,1.000889347,1.002580825,1.020853827,0.997000127,1.018069976
1,0.973598168,0.999490042,1.000892184,1.001806507,1.020076893,0.997537214,1.01786356
1.00017988,0.973438497,0.999815204,1.000393698,1.001548414,1.019454467,0.997813021,1.0178115
0.999460389,0.973171618,0.999978265,1.000142914,1.001032249,1.018729534,0.998075706,1.017599983
0.999460389,0.973301542,0.99950412,0.999646119,1.001290329,1.018162494,0.997814787,1.017284009
0.999100672,0.973142417,0.999088858,0.999408029,1.001290329,1.017674362,0.997596094,1.017042935
0.999100672,0.972988376,0.998596168,0.998905883,1.001290329,1.017019945,0.997600705,1.016794314
0.999640254,0.972830106,0.998004031,0.99941094,1.001290329,1.01639725,0.998410598,1.016727209
0.999640254,0.972673727,0.997726115,0.999662417,1.001032249,1.015641238,0.998413861,1.016235712
0.999640254,0.972725821,0.997258113,0.999665396,1.001032249,1.015282622,0.99736587,1.015985131
0.999280528,0.973184808,0.996767911,0.998915945,1.000516111,1.014633178,0.997372317,1.015834301
0.999460389,0.973730056,0.996110753,0.998166061,1,1.013997325,0.998163968,1.015739987
0.999460389,0.974344958,0.995911408,0.99817252,0.998967858,1.012654816,0.998433414,1.015439905
0.999280528,0.974965916,0.995548779,0.998696652,0.998967858,1.011515142,0.997917062,1.015087146
0.998920821,0.975696874,0.995317389,0.998449808,0.998709839,1.010282447,0.99744132,1.014597578
0.999100672,0.976418705,0.995003783,0.998702044,0.998709839,1.009105865,0.997184329,1.014032438
0.998920821,0.977077544,0.994550687,0.998710996,0.998967858,1.007872243,0.997193071,1.013530047
0.998920821,0.977350433,0.994296262,0.999231561,0.999741954,1.007264676,0.997214687,1.013154235
0.999100672,0.977592236,0.994232626,0.999487908,1.000258052,1.006748375,0.996955544,1.012684141
0.998920821,0.977977297,0.99380845,0.999759458,1.001032249,1.00633918,0.99695741,1.012353437
0.998920821,0.978098767,0.993807196,1.000270611,1.001806507,1.006537072,0.996961161,1.011838704
0.998740974,0.978651426,0.994075243,1.001045556,1.001548414,1.006569617,0.996750052,1.011388206
0.999100672,0.97965894,0.994845034,1.000291594,1.002064606,1.006468558,0.99597397,1.011030564
0.999100672,0.980350598,0.995145566,1.00004492,1.002580825,1.006378515,0.995713356,1.010902078
0.999820125,0.981012232,0.995580843,1.00080034,1.002580825,1.00628862,0.995461292,1.010590936
1.000359765,0.981399739,0.996518914,1.001305682,1.002064606,1.006089338,0.996256467,1.010365594
1.000539654,0.982066087,0.997582451,1.001311175,1.002064606,1.006177543,0.997047512,1.010086381
1.000539654,0.982711226,0.998698084,1.001815016,1.001806507,1.006066504,0.99784893,1.009884622
0.999820125,0.983328975,0.999838776,1.002079611,1.002322712,1.006413505,0.997595341,1.010185
1.00017988,0.983688066,1.001014523,1.002848566,1.002838944,1.006607756,0.997074235,1.010469986
1.00017988,0.984214938,1.001919369,1.002854556,1.002580825,1.006743522,0.997338439,1.010576478
1.000359765,0.984606216,1.002735241,1.003879937,1.003355203,1.006869356,0.997340038,1.010801201
1.000359765,0.98503495,1.003843246,1.004635107,1.003613342,1.007025141,0.996291195,1.010871946
1.00017988,0.985489619,1.004527119,1.004135949,1.004129641,1.007862176,0.996298009,1.011210516
0.999640254,0.985717879,1.005175116,1.003638192,1.004129641,1.008518711,0.996579607,1.011718648
1,0.985962629,1.005845711,1.003643851,1.003871489,1.009267453,0.995534491,1.012333092
1,0.986238628,1.006055196,1.003147872,1.003355203,1.010212719,0.996067618,1.013061715
0.999820125,0.986577483,1.00631592,1.003402073,1.002838944,1.011090523,0.996350752,1.013582028
0.999640254,0.986872948,1.007262566,1.002903841,1.002322712,1.011873955,0.996626878,1.014183543
0.999640254,0.987118675,1.007406546,1.003163306,1.002322712,1.012802924,0.996633317,1.015171582
1,0.987405246,1.007572384,1.003165951,1.002580825,1.013643591,0.996376062,1.015872537
1.00017988,0.987993235,1.007549085,1.002915398,1.002064606,1.013843773,0.996379008,1.016483275
1.000719549,0.987875403,1.007032309,1.002968158,1.003355203,1.014327642,0.995881848,1.016939088
1.00017988,0.987643847,1.006389572,1.002975727,1.00309707,1.014782624,0.99640846,1.017596501
1.00395847,0.986900172,1.004904708,1.003736708,1.003355203,1.014288119,0.995889523,1.017762342
1.048742664,1.018627226,1.01654283,1.010550928,1.006195106,1.015402173,0.99641658,1.018099684
1.094372699,1.051242257,1.028327503,1.018105271,1.00903582,1.016305351,0.996441058,1.018623764
1.140311752,1.084836115,1.040159564,1.025162655,1.011360645,1.017373943,0.995922716,1.018960586
1.186562975,1.119645503,1.052157226,1.032984434,1.014719685,1.018445079,0.995671346,1.019300002
1.23312956,1.155726646,1.064426953,1.03980387,1.01678735,1.019249251,0.996488617,1.019600441
1.279827313,1.193196108,1.076955985,1.046626492,1.019372537,1.020200064,0.997546638,1.019575439
1.327599258,1.231787762,1.090145781,1.053967086,1.022217018,1.021012109,0.998073253,1.019612671
1.380837507,1.276509337,1.107281701,1.061565948,1.025062313,1.0236755,0.998079634,1.020276637
1.435254826,1.323183217,1.125333243,1.070180519,1.027908422,1.026525215,0.998869325,1.02100063
1.490294552,1.371394935,1.143678084,1.07906072,1.030755345,1.029501954,0.999136649,1.021885443
1.546355913,1.42196987,1.162418093,1.087178868,1.033603083,1.032368835,0.998875256,1.022629803
1.601887657,1.474727713,1.181547725,1.095303654,1.036451635,1.035343095,1.000722182,1.023592956
1.658058977,1.529711478,1.201473702,1.103942214,1.039560077,1.038291504,1.000727567,1.024281449
1.714680458,1.587053427,1.222072354,1.112334932,1.041892045,1.041024968,1.001780595,1.02525726
1.771757535,1.647022843,1.242739487,1.121524597,1.044224559,1.043819792,1.00178067,1.025991868
1.833553777,1.710496445,1.264418476,1.12968981,1.04655762,1.047559212,1.002076728,1.027265227
1.896911596,1.776628317,1.286618455,1.138115164,1.049150551,1.051361751,1.002611343,1.028439638
1.961246016,1.846207163,1.309044225,1.146290577,1.052003554,1.055290595,1.002640391,1.029653756
2.024909275,1.919054264,1.332058118,1.154729177,1.054078979,1.05923334,1.003431986,1.031036621
2.090187385,1.995801407,1.355538962,1.163435128,1.056933395,1.063122028,1.00265416,1.032232559
2.151603855,2.078189064,1.380798406,1.172134501,1.059009847,1.068012377,1.002933808,1.033655485
2.164968483,2.087493867,1.387578362,1.173415896,1.059529027,1.071304054,1.002696618,1.035092055
2.17771943,2.096952499,1.394697301,1.174698548,1.059788628,1.074611968,1.002696642,1.036476604
2.190492612,2.106198868,1.4017321,1.175995602,1.060827097,1.078161067,1.003753836,1.038368707
2.203074645,2.115530007,1.408437401,1.176512505,1.060307849,1.081856086,1.004018944,1.040338303
2.215892098,2.125052715,1.415272333,1.177541255,1.06056747,1.085564371,1.003762022,1.04210849
2.22873196,2.134731517,1.422311412,1.179362532,1.061086731,1.089433668,1.002986624,1.043869955
2.241594289,2.144527036,1.429378031,1.180909648,1.06160602,1.093187992,1.002738679,1.045687926
2.248248648,2.145342666,1.430905369,1.182192738,1.061086731,1.095153009,1.0040574,1.046931128
2.253834366,2.145888811,1.432223771,1.181431719,1.061086731,1.096906286,1.003542533,1.047909995
2.258779113,2.146592542,1.432830939,1.181696822,1.061086731,1.098494726,1.003810745,1.048941018
2.268893929,2.147409412,1.433752965,1.182214288,1.061346372,1.10001719,1.003554832,1.050310618
2.276004125,2.148132355,1.434550563,1.182216537,1.06160602,1.102110402,1.00250885,1.051355743
2.282689651,2.148843148,1.435384174,1.181962813,1.061086731,1.104088782,1.002513448,1.052537658
2.290245114,2.149608421,1.435918641,1.181966797,1.062125336,1.106268702,1.001465428,1.053573467
2.29759212,2.150293767,1.436697603,1.181459028,1.062644679,1.108282934,1.001211474,1.054751856
2.300186927,2.150224449,1.436832502,1.181719306,1.062644679,1.109581829,1.001475172,1.055481911
2.301700985,2.150414751,1.437044529,1.181985754,1.062644679,1.110483829,1.00174471,1.056262267
2.302566301,2.150436974,1.437343054,1.181990286,1.062125336,1.111480605,1.001223858,1.057030051
2.303864465,2.150303896,1.437853939,1.181746971,1.062644679,1.111908067,1.0007011,1.05791334
2.309059401,2.150589827,1.438799367,1.182016132,1.06160602,1.11267741,1.001234657,1.05892615
2.313824636,2.150726145,1.43952984,1.182276102,1.060827097,1.113528577,1.002030154,1.059918527
2.318592944,2.151176955,1.440200462,1.182797872,1.060827097,1.114311611,1.002304701,1.061148028
2.323798243,2.151450517,1.440885763,1.183313469,1.06056747,1.115141846,1.00257002,1.062057069
2.328572987,2.152004237,1.441546801,1.184380082,1.060048235,1.115856235,1.002056098,1.062652228
2.333785315,2.152568501,1.442500338,1.18489622,1.060307849,1.116363742,1.002076521,1.063230362
2.339001315,2.152866543,1.443322936,1.185420492,1.060048235,1.116838345,1.001817642,1.063715527
2.347702819,2.154264983,1.444299251,1.184432578,1.060048235,1.117616182,1.001830532,1.064174055
2.357504241,2.155546494,1.445389911,1.183922649,1.060307849,1.118276153,1.002095904,1.065152237
2.367536881,2.156951742,1.446749562,1.183667906,1.06056747,1.118690282,1.000785589,1.065945126
2.37714603,2.158351035,1.447865164,1.184183472,1.060048235,1.119142202,1.001048105,1.066791187
2.387205272,2.159731585,1.448966845,1.18393456,1.059788628,1.11954749,1.000534521,1.067255244
2.392021034,2.160711138,1.45018376,1.184207281,1.059009847,1.120217929,1.0013237,1.067908318
2.400784965,2.161820359,1.45108805,1.184984094,1.058490693,1.12022808,1.002115336,1.068708301
2.409339754,2.162932596,1.45228697,1.186021423,1.058490693,1.120251932,1.00265832,1.069194894
2.416805808,2.16380308,1.453436545,1.185781999,1.057712013,1.120151831,1.003478965,1.069662908
2.428459022,2.165126515,1.454677515,1.18527077,1.057712013,1.120287148,1.004005619,1.070064316
2.440350883,2.166408272,1.455791397,1.185534847,1.057192927,1.120293075,1.004272625,1.070581913
2.451599527,2.167516686,1.457328843,1.185798527,1.056673869,1.120278633,1.004540769,1.071109506
2.463749451,2.168759868,1.458248724,1.186319935,1.056933395,1.120215312,1.005078298,1.071626544
2.476140625,2.17016147,1.459071957,1.186067504,1.055895331,1.120667649,1.005873131,1.072041518
2.485004059,2.171413356,1.459675462,1.185560848,1.056933395,1.120743791,1.00640714,1.07227242
2.493212098,2.172381516,1.460333038,1.185561936,1.057192927,1.120761737,1.006408894,1.072694037
2.500540386,2.173765172,1.461090055,1.185313588,1.057452467,1.121288215,1.006938129,1.073091674
2.506319245,2.174897864,1.461639232,1.184802294,1.057452467,1.121816019,1.006156993,1.073333057
2.513437813,2.176008463,1.462217294,1.183778405,1.057192927,1.12224981,1.005634266,1.073896442
2.520563151,2.177136546,1.462531153,1.1837926,1.057192927,1.122959184,1.005389126,1.074489909
2.528141251,2.178529729,1.46302829,1.184309785,1.057712013,1.123427763,1.004617082,1.074821434
2.531263872,2.178498912,1.463394399,1.185335903,1.057192927,1.123447157,1.005143129,1.075223964
2.533495112,2.178784964,1.463658127,1.185852197,1.055635832,1.123869818,1.004621002,1.075289212
2.535727015,2.179085204,1.463579434,1.185611733,1.055635832,1.1244453,1.004399589,1.075445221
2.533271958,2.179265502,1.463297056,1.185869782,1.055635832,1.124586649,1.004404182,1.075518127
2.539299442,2.179015009,1.463393728,1.186157732,1.054857375,1.124374715,1.004408388,1.075818032
2.545555282,2.179022354,1.463112665,1.185666607,1.054857375,1.124128614,1.003884354,1.075897804
2.55159264,2.178887344,1.462984949,1.186183199,1.054597903,1.124069965,1.003889789,1.075909914
2.558082619,2.178631344,1.462526724,1.185676694,1.055376339,1.123988124,1.003633081,1.076059126
2.564802293,2.178792626,1.462501043,1.186460589,1.055376339,1.12389855,1.00337311,1.076241159
2.566819367,2.178547511,1.462158957,1.18748765,1.054857375,1.123590119,1.003391573,1.076452138
2.569061195,2.178160173,1.461981828,1.187489571,1.055376339,1.12347023,1.003130061,1.076623298
2.571752271,2.178459405,1.461884783,1.187491577,1.055376339,1.123391091,1.003418341,1.076537243
2.573546857,2.179317517,1.461922955,1.186980583,1.055376339,1.123494194,1.003944915,1.076480231
2.575566278,2.180148997,1.461724449,1.187505072,1.055376339,1.123625606,1.003687482,1.076342447
2.577361774,2.180727927,1.461697851,1.188535264,1.054857375,1.123629187,1.003434365,1.076280575
2.579382219,2.18128971,1.461854644,1.188023022,1.055116854,1.123697317,1.002940502,1.076154528
2.582301597,2.181469918,1.46173894,1.187775574,1.054338438,1.123357428,1.002943037,1.075852322
2.586570419,2.182033252,1.461614019,1.18779421,1.053819528,1.122932694,1.003207722,1.075576752
2.589942252,2.182450539,1.46146159,1.187559817,1.053041213,1.122638261,1.003477282,1.075236016
2.5232369,2.149241209,1.45076081,1.180644537,1.050966004,1.121200417,1.003221933,1.074543443
2.448730614,2.095513854,1.433330794,1.172216652,1.048631911,1.118335619,1.003233905,1.07355869
2.37517951,2.043785138,1.416048738,1.163519849,1.046039115,1.115559811,1.003250654,1.072587114
2.301917305,1.993413604,1.399136639,1.155862538,1.044483761,1.11279635,1.00378655,1.071918026
2.229160342,1.944958823,1.382601199,1.147955156,1.041892045,1.110009647,1.004313165,1.070838556
2.162420957,1.897983433,1.366443361,1.139544873,1.039819157,1.107518287,1.004063256,1.069811135
2.08829613,1.852670317,1.350510183,1.131910319,1.038523822,1.105321937,1.003036245,1.068740412
2.014502409,1.808845244,1.334794602,1.12428252,1.036192642,1.103193299,1.003301804,1.067605979
1.937953513,1.752995583,1.313857148,1.114372355,1.033603083,1.099044953,1.003303114,1.065874999
1.862005698,1.696730094,1.292548036,1.105987622,1.030755345,1.094756253,1.003576467,1.063953693
1.786451236,1.642587748,1.271278004,1.097097026,1.028943573,1.090310476,1.003331606,1.06201235
1.712885474,1.59040765,1.250571544,1.087961164,1.026614635,1.085876517,1.002022399,1.060250575
1.639877537,1.540318506,1.230355056,1.078836194,1.023768897,1.081647778,1.002291858,1.058360216
1.567421905,1.491697677,1.21023963,1.069464797,1.020665382,1.077221169,1.002299167,1.0566006
1.495899839,1.444546232,1.190474486,1.061115254,1.01807986,1.072603379,1.001518728,1.054888919
1.425102778,1.399095489,1.171142898,1.052520524,1.015753464,1.067982003,1.001005917,1.053190593
1.35293576,1.353412,1.151737295,1.043680348,1.013169218,1.06314612,1.000494246,1.051026892
1.282826806,1.309207112,1.132256284,1.034091532,1.010327322,1.057949218,0.999974279,1.048508794
1.213054081,1.26652686,1.113154856,1.025019867,1.008002739,1.05293891,0.998669323,1.046017713
1.144720633,1.225360673,1.094407273,1.015456886,1.005678699,1.04776266,0.998685975,1.043728717
1.076884251,1.185699304,1.076021897,1.006668067,1.003613342,1.042762713,0.998955015,1.041604781
1.066340146,1.16319095,1.065739558,1.004415213,1.002838944,1.038937178,0.999498306,1.039516926
1.062344949,1.151284336,1.060322066,1.003410995,1.002064606,1.03615283,0.999776221,1.038000771
1.058533552,1.139549101,1.054583148,1.002656746,1.002064606,1.033466066,1.000050434,1.036418894
1.054180296,1.127124614,1.04838609,1.000902869,1.001290329,1.030407157,0.999274422,1.034195439
1.050192272,1.114016227,1.041958784,0.999414734,1.001290329,1.027261032,0.9982371,1.031980535
1.046025487,1.101054694,1.035740858,0.998916152,1.001032249,1.024125799,0.997460356,1.02966037
1.04186127,1.08820535,1.029469335,0.997408139,1.000774177,1.0210916,0.997986024,1.027594836
1.037880506,1.075535904,1.023180893,0.996161402,1.000258052,1.017886451,0.997217833,1.025551068
1.036433536,1.070542938,1.021006938,0.996416808,1.000258052,1.016690874,0.996433776,1.023992308
1.035348513,1.067210201,1.019642874,0.996169329,1.000258052,1.015628103,0.995395048,1.022861964
1.035167692,1.064009919,1.018197286,0.995673201,0.999741954,1.014709597,0.995419089,1.021665748
1.033359755,1.060504382,1.01648094,0.995423501,1,1.01379303,0.996735012,1.020317524
1.031552302,1.056165837,1.014404159,0.995193488,1.000258052,1.012764513,0.996746145,1.018623889
1.029926008,1.051806255,1.012353332,0.994945921,1.000516111,1.011740858,0.995697809,1.016962626
1.028119473,1.04748263,1.010393902,0.994702321,1.000516111,1.010572792,0.99543999,1.015298483
1.026855187,1.043190475,1.008215376,0.994707897,1.000258052,1.009462325,0.994662338,1.013599442
1.026674594,1.040339978,1.0064433,0.993707686,1,1.008564469,0.994152985,1.012431929
1.025771701,1.037756626,1.005173382,0.994717289,1.000516111,1.008060478,0.99442181,1.011566526
1.025410578,1.035140471,1.004111975,0.994218812,1.000516111,1.007620613,0.994690998,1.010751159
1.02486893,1.032266134,1.002351501,0.994981787,1.000516111,1.006500345,0.99469853,1.009729318
1.024146799,1.02924376,1.000616563,0.994986587,1.000258052,1.005969699,0.994189826,1.008253508
1.022883257,1.026215296,0.999268764,0.994990721,1.000516111,1.005439546,0.993693588,1.007036724
1.021619951,1.023298557,0.997653024,0.99449917,1,1.004813514,0.993697081,1.005487539
1.020537305,1.020290491,0.995999751,0.993997546,1,1.0042341,0.993698615,1.004082209
1.020176462,1.018060438,0.994789846,0.99425628,1,1.003989265,0.993446621,1.002965159
1.019454834,1.016453839,0.993937521,0.994258308,0.999483915,1.003737088,0.993972866,1.002213975
1.018733282,1.014489467,0.993158114,0.994523513,0.999225883,1.00301784,0.994250732,1.00156537
1.018192169,1.012857542,0.991773544,0.993775427,0.998967858,1.002129971,0.994296297,1.000757248
1.017470753,1.011214317,0.990488935,0.993525712,0.998709839,1.001266838,0.99456536,1.000030058
1.016929742,1.009606099,0.989152983,0.993279843,0.998709839,1.0003735,0.994830306,0.9993379
1.016388773,1.007929565,0.987821427,0.993030332,0.998193821,0.999614185,0.994847537,0.998616307
1.015847849,1.006250289,0.986398628,0.993282653,0.998451827,0.998881515,0.995150943,0.99783948
1.016388773,1.004822865,0.985263004,0.993790542,0.998193821,0.998167708,0.994366171,0.997243448
1.01620846,1.004169341,0.98464656,0.994293394,0.997677831,0.997506724,0.993842935,0.996970696
1.015847849,1.002829885,0.983986595,0.994557829,0.997419845,0.997017104,0.994105739,0.996300467
1.015847849,1.001354323,0.982683643,0.994307419,0.997419845,0.996101892,0.993859529,0.995746773
1.015306967,0.999954286,0.981625474,0.994308251,0.997161867,0.995117843,0.994124825,0.995090282
1.014946404,0.998561491,0.980421961,0.994319592,0.997161867,0.994218743,0.994911556,0.994441426
1.014766129,0.997122891,0.979320592,0.993566285,0.997161867,0.993237936,0.994664617,0.993772286
1.014045079,0.995795914,0.97800046,0.993826806,0.996903895,0.992251606,0.995190853,0.993091035
1.012783428,0.994532726,0.977125623,0.993830246,0.997161867,0.991951187,0.994935129,0.992823395
1.012422999,0.993419138,0.976651014,0.994081522,0.997419845,0.990864802,0.995460729,0.992287533
1.012783428,0.992526877,0.975586705,0.993580329,0.997161867,0.989658937,0.995199693,0.991546293
1.012783428,0.991619426,0.974706129,0.993341616,0.997677831,0.988519641,0.994676291,0.990998325
1.012963649,0.990762039,0.973599,0.993341712,0.997677831,0.987327699,0.994153219,0.990233669
1.012603211,0.989848285,0.972578981,0.993847223,0.998193821,0.986107493,0.994680559,0.989626821
1.012422999,0.989071947,0.971912758,0.994111809,0.998709839,0.985208715,0.994684396,0.989113474
1.012422999,0.988724845,0.971008602,0.99411527,0.998709839,0.984726512,0.995212584,0.988539526
1.012242792,0.987904702,0.970451215,0.99436919,0.998451827,0.984280864,0.994435429,0.988122298
1.01206259,0.987081196,0.969777265,0.994139716,0.998451827,0.984266525,0.994445665,0.987391274
1.011882392,0.986163914,0.969166565,0.993650767,0.998451827,0.984272316,0.994198084,0.98680999
1.011522012,0.985354927,0.968773198,0.993402306,0.997935823,0.984344251,0.994468015,0.986213985
1.010621145,0.984489928,0.96843164,0.993440709,0.997419845,0.984313077,0.993684248,0.985646428
1.010260832,0.983601606,0.967805515,0.993944758,0.997161867,0.984284607,0.993699908,0.985114343
1.010080683,0.982775442,0.967402641,0.993445432,0.997935823,0.984392864,0.994225198,0.984626929
1.010260832,0.982786926,0.967010551,0.993703933,0.998193821,0.984218104,0.993701534,0.984308659
1.010621145,0.982819904,0.967275402,0.994214681,0.998193821,0.984504323,0.994230853,0.98398316
1.010981477,0.982617763,0.967366282,0.993964061,0.998967858,0.984631076,0.99528483,0.983795382
1.0117022,0.982479061,0.967488385,0.994970054,0.999741954,0.984483154,0.994760891,0.983430237
1.011882392,0.982191089,0.967516721,0.995477959,1.000516111,0.984265845,0.994786503,0.983208948
1.012242792,0.981980637,0.967798582,0.995729416,1.001032249,0.984001615,0.99426257,0.983073622
1.012963649,0.981906609,0.967991205,0.995483018,1.001806507,0.983854138,0.994269817,0.982641051
1.013143875,0.9817509,0.96800683,0.995508633,1.001806507,0.983773572,0.99297813,0.982408901
1.012963649,0.981426111,0.968210739,0.996265156,1.002580825,0.983890805,0.993785604,0.982545802
1.012783428,0.98116448,0.968530744,0.997044687,1.003355203,0.984004195,0.993266169,0.982884261
1.01206259,0.980403787,0.968444679,0.997550226,1.003355203,0.984013229,0.993805784,0.982856234
1.012242792,0.979591019,0.968631482,0.997811297,1.00309707,0.984046382,0.993811177,0.982566658
1.01206259,0.978558942,0.968732662,0.998577493,1.00309707,0.984138225,0.993549318,0.982261888
1.011522012,0.977697345,0.968987215,0.998076609,1.00309707,0.984183185,0.993564112,0.981838961
1.010981477,0.976838633,0.96901667,0.997828779,1.003355203,0.984125676,0.993844184,0.981636237
1.010621145,0.976041507,0.968974532,0.997591313,1.003613342,0.983697218,0.993320984,0.981385777
1.009900538,0.97517478,0.96885512,0.99734654,1.003355203,0.983271119,0.993325717,0.981255377
1.009900538,0.974327403,0.969295913,0.997107408,1.003355203,0.98287946,0.993326409,0.981108514
1.010260832,0.973360351,0.968951146,0.996618708,1.00309707,0.982200574,0.993326464,0.980971435
1.009540264,0.972880667,0.969089777,0.995867194,1.003355203,0.981554797,0.993590382,0.980902736
1.009540264,0.972341082,0.968993312,0.995378097,1.002838944,0.981016881,0.992543735,0.980568588
1.009360134,0.971806544,0.968942951,0.995380922,1.00309707,0.980508962,0.992828633,0.980459871
1.008819772,0.971216661,0.968904544,0.99513059,1.00309707,0.979827278,0.99283084,0.980221828
1.008639662,0.970897051,0.968667072,0.995382494,1.002580825,0.979303695,0.991794428,0.980168938
1.008279454,0.970535076,0.968693295,0.994638529,1.002064606,0.979031404,0.991794586,0.979926393
1.008099358,0.969970138,0.968064803,0.994389864,1.000774177,0.978432818,0.991803638,0.979640817
1.007198949,0.969094955,0.967675884,0.993640423,1,0.978168707,0.991283967,0.979170243
1.006298659,0.968237065,0.967211654,0.993142627,0.998451827,0.977897435,0.991300785,0.978939417
1.005758543,0.967469135,0.967331432,0.992649127,0.997935823,0.977555924,0.992615764,0.978592668
1.004858447,0.966652652,0.96697414,0.99164471,0.996387971,0.977372733,0.992355273,0.978647849
1.004858447,0.965892562,0.967081292,0.990643776,0.99484036,0.977112217,0.993177649,0.978323934
1.005038456,0.965524482,0.967028508,0.990645408,0.995098279,0.976848537,0.992657113,0.978295133
1.005218471,0.965317056,0.966388841,0.990147421,0.995356204,0.976252599,0.993184062,0.97810955
1.005218471,0.964836642,0.965895223,0.989429438,0.995356204,0.975852936,0.993197182,0.9779975
1.005218471,0.964256005,0.965354369,0.989932687,0.995356204,0.975382226,0.992935692,0.977996329
1.005218471,0.963752738,0.964689358,0.990435596,0.995098279,0.975018462,0.99319999,0.977810329
1.004858447,0.963057052,0.964153468,0.991440594,0.995614136,0.974623388,0.994263625,0.97774808
1.005218471,0.962595085,0.963769193,0.991969315,0.995872074,0.974052325,0.994263995,0.977429381
1.005218471,0.962028376,0.963270056,0.992485533,0.996130019,0.973536537,0.993481052,0.977428313
1.004678442,0.962291187,0.962938516,0.992744947,0.996130019,0.973389156,0.993481798,0.977136889
1.004858447,0.961978824,0.962216559,0.993249379,0.996130019,0.973433902,0.992964688,0.976528644
1.004678442,0.961660233,0.961779822,0.994254393,0.996130019,0.973318359,0.993492477,0.97620191
1.004858447,0.961465334,0.961322032,0.993755029,0.996130019,0.973285063,0.993756316,0.975720116
1.004678442,0.961254796,0.960816598,0.993771941,0.996387971,0.973225509,0.993239836,0.975409751
1.004498441,0.960991364,0.960389076,0.9932754,0.996130019,0.973399933,0.993767826,0.974877866
1.004318446,0.960708298,0.959834706,0.993041354,0.995872074,0.973331335,0.994292975,0.974572901
1.004138456,0.960452592,0.959660332,0.993551175,0.996130019,0.973297663,0.994818981,0.974354663
1.005038456,0.960432959,0.959137907,0.994308953,0.996387971,0.97290109,0.994857365,0.974014078
1.00539849,0.960289259,0.958804723,0.994813476,0.996903895,0.972361802,0.995150038,0.973837242
1.00539849,0.960141192,0.958487296,0.995575648,0.997935823,0.971908972,0.99437869,0.973668061
1.006118616,0.960025118,0.958288946,0.996335902,0.998967858,0.971421448,0.994124277,0.973474691
1.005938577,0.959849707,0.957771536,0.997096054,0.999741954,0.971110929,0.994651851,0.973190999
1.005938577,0.959643052,0.9574903,0.996605663,0.998709839,0.970676781,0.99491508,0.972778422
1.005038456,0.959493958,0.957563541,0.996365599,0.998193821,0.970673127,0.994672525,0.972640838
1.004858447,0.959599565,0.957822479,0.996879978,0.997935823,0.970795043,0.995234631,0.97240926
1.005038456,0.959873495,0.958009482,0.996642857,0.998193821,0.97099392,0.994975927,0.972232023
1.005218471,0.960040209,0.958277209,0.996911003,0.998193821,0.971246566,0.994982688,0.972075833
1.00539849,0.960322685,0.958653103,0.996665156,0.997935823,0.971618512,0.993935758,0.97196399
1.005758543,0.960595804,0.958810613,0.996451366,0.997677831,0.971791408,0.993679065,0.971874951
1.005578514,0.96079073,0.959016944,0.996206479,0.997419845,0.972107952,0.994205366,0.971725687
1.006118616,0.960387185,0.959305381,0.995455258,0.996903895,0.97229856,0.993944795,0.971717017
1.005758543,0.9598516,0.960059616,0.994718216,0.996903895,0.972206793,0.994208478,0.971781303
1.005578514,0.959842873,0.96071129,0.994216125,0.996387971,0.972309907,0.995258907,0.971977451
1.005038456,0.959735696,0.961417709,0.994971446,0.995872074,0.972389555,0.996312676,0.972326392
1.005038456,0.959747832,0.962230621,0.995725845,0.995356204,0.972450697,0.997903102,0.972641802
1.004858447,0.959650962,0.963015447,0.995744658,0.995098279,0.97253602,0.998699748,0.972849735
1.004498441,0.959460707,0.963588189,0.996510751,0.995098279,0.972467546,0.998702134,0.972948699
1.004498441,0.959570445,0.964078873,0.996268225,0.99484036,0.972861363,0.999498928,0.973037861
1.004498441,0.959517504,0.964360223,0.997277194,0.995098279,0.972879817,1.000300443,0.973514645
1.004498441,0.959526516,0.96468464,0.997283285,0.99484036,0.972944276,1.000828372,0.973973829
1.004678442,0.959529336,0.965027367,0.997788038,0.994324544,0.973005321,1.001884991,0.974259499
1.004498441,0.959617885,0.965370206,0.997805628,0.993550869,0.97310086,1.001640103,0.974600575
1.004858447,0.959643523,0.965742618,0.99781463,0.994066645,0.973101155,1.001121172,0.974860664
1.005038456,0.959633979,0.966051566,0.998069382,0.995098279,0.973159622,1.001124703,0.975271474
1.005578514,0.959617342,0.966216175,0.997835692,0.995614136,0.973235738,1.000360378,0.975515582
1.005758543,0.959260991,0.966133616,0.997584675,0.995098279,0.973003178,0.999575105,0.975417527
1.00539849,0.958490241,0.965901126,0.997840866,0.99484036,0.972589523,0.99958128,0.975430145
1.004858447,0.95778909,0.965913349,0.997353308,0.994582449,0.972373313,0.999860034,0.975335015
1.004318446,0.957076584,0.965783814,0.997106059,0.994582449,0.971941893,0.99986016,0.975205504
1.003778489,0.956250822,0.965545185,0.997614491,0.99484036,0.971515745,0.999860986,0.975026654
1.003418542,0.955454802,0.965277327,0.997115426,0.994582449,0.971059732,0.999355856,0.974960324
1.002698704,0.954664451,0.96502385,0.997375578,0.995098279,0.970620537,0.999642297,0.974862194
1.002338815,0.954189035,0.964540014,0.996623886,0.99484036,0.970393177,0.999388466,0.97454216
1.002518757,0.953175647,0.963811558,0.996372867,0.995098279,0.970275824,0.998612657,0.974009963
1.002878656,0.952196909,0.963124018,0.996136529,0.995614136,0.970059268,0.997576895,0.973461024
1.003418542,0.951149874,0.962363932,0.995383028,0.996130019,0.970009104,0.996528564,0.973000636
1.003598513,0.950148992,0.961535786,0.995644893,0.996387971,0.96975924,0.995481875,0.972430184
1.00395847,0.94929898,0.960927505,0.996152396,0.996903895,0.969715516,0.994958572,0.972385002
1.004138456,0.948292395,0.960319463,0.995661387,0.997677831,0.969662458,0.993662778,0.972221398
1.003598513,0.947327318,0.959949363,0.995158946,0.997161867,0.968930738,0.993143174,0.971431326
1.003418542,0.946727883,0.959188284,0.995667658,0.997677831,0.968530674,0.991838885,0.97066012
1.002878656,0.946137686,0.958552961,0.994669254,0.996903895,0.968101459,0.991322143,0.969954603
1.003058613,0.945514853,0.957963756,0.994929824,0.997419845,0.967609186,0.991591997,0.969276153
1.002518757,0.944836292,0.957323075,0.994701865,0.996387971,0.967297434,0.992385699,0.968754889
1.002878656,0.944237798,0.956682083,0.99495587,0.995872074,0.966894445,0.992129334,0.968007287
1.002698704,0.943662531,0.956047139,0.995226977,0.995614136,0.966574635,0.993184796,0.967348346
1.002698704,0.943820675,0.955370436,0.995235112,0.995872074,0.966177963,0.994235766,0.966813295
1.002518757,0.943587552,0.955119765,0.99523889,0.995872074,0.965778313,0.994247153,0.966368856
1.002338815,0.943426044,0.954654656,0.996248804,0.996387971,0.96549354,0.994252639,0.965834365
1.002698704,0.943303998,0.954324711,0.996503956,0.995356204,0.965127758,0.99451481,0.965558911
1.002698704,0.943201305,0.953858113,0.996254044,0.994582449,0.96490518,0.99478225,0.965238637
1.003058613,0.943105199,0.953562567,0.997767802,0.995098279,0.964575681,0.995309839,0.964891301
1.003058613,0.942981533,0.95328066,0.998522601,0.995098279,0.964379574,0.995312182,0.964415357
1.003598513,0.942789164,0.952746852,0.999788859,0.995614136,0.964318309,0.995840033,0.964163927
1.003598513,0.943000799,0.952595325,1.000551029,0.996130019,0.963921308,0.995857547,0.963966622
1.003238575,0.943185841,0.952397685,1.000817117,0.996387971,0.963358145,0.996382635,0.964040427
1.002698704,0.943448776,0.952431667,1.0010797,0.996903895,0.962751197,0.995859038,0.963691179
1.002338815,0.943744618,0.952662168,1.000833465,0.996903895,0.962313673,0.99638897,0.963442396
1.002158877,0.944008591,0.952607673,1.000080505,0.996645929,0.96206053,0.996670086,0.963470107
1.001978944,0.944470568,0.952387446,1.000584725,0.996387971,0.961571163,0.997467652,0.963263504
1.106787689,0.990867872,0.977691147,1.015433049,1.002064606,0.96520514,0.998782658,0.963587863
1.212682868,1.039952112,1.004845547,1.029801499,1.006453319,0.969777508,0.99930976,0.964565793
1.320619711,1.091455307,1.032685352,1.045458146,1.012135707,0.974357618,0.999584979,0.965302041
1.429123514,1.145577021,1.061367163,1.060370332,1.017821344,0.979025225,0.999585529,0.966149953
1.539737104,1.202777909,1.090930459,1.075815504,1.022992927,0.983455177,0.999852271,0.966961283
1.651729686,1.26291007,1.121525351,1.09103892,1.0281672,0.988088702,1.000120371,0.96774766
1.765928712,1.326280835,1.152842455,1.10627765,1.032308556,0.992670772,0.999599205,0.968603728
1.877702547,1.393178845,1.186839821,1.121796281,1.037487675,0.999784457,1.000386699,0.97094576
2.003279762,1.464943895,1.222071516,1.136850838,1.042410334,1.007520825,1.00171471,0.973625878
2.13107422,1.541002555,1.258500985,1.151139277,1.047076152,1.015254437,1.002768259,0.976556101
2.261145166,1.621792892,1.296069192,1.166219719,1.053300644,1.023011222,1.004091922,0.979397355
2.393553976,1.707811753,1.335031374,1.18157539,1.059009847,1.030726169,1.004627131,0.982156082
2.527918256,1.799676415,1.375344612,1.196188993,1.06420287,1.038510152,1.005677452,0.984985752
2.665414823,1.897851794,1.41720171,1.211078964,1.069138749,1.046345416,1.007267093,0.987914497
2.804067569,2.004525061,1.461973159,1.226762046,1.073817099,1.055334503,1.008064296,0.991722835
2.950939554,2.117701039,1.507922459,1.242216868,1.078757739,1.064862185,1.008869962,0.996107809
3.10090343,2.239920623,1.556038523,1.257177579,1.082920177,1.07430527,1.008882583,1.000120807
3.253567096,2.371829376,1.60641018,1.272680974,1.087084352,1.083864351,1.009934617,1.004490759
3.409253484,2.514733324,1.658218051,1.288734955,1.09281293,1.093364417,1.010722361,1.008828895
3.568053267,2.670184402,1.71265282,1.305584368,1.098023582,1.102923864,1.010722497,1.013148462
3.730320949,2.839768729,1.769168451,1.321422666,1.102976221,1.112703585,1.011254216,1.017407026
3.748553577,2.845797189,1.775814186,1.321430757,1.101933356,1.119730567,1.011000579,1.021967238
3.76891833,2.848429371,1.779853533,1.321174352,1.101933356,1.125127648,1.01205258,1.026194404
3.788810154,2.851074719,1.783582711,1.321968008,1.101411965,1.130618459,1.012316408,1.030448049
3.809801625,2.853709782,1.787526943,1.321969663,1.100629928,1.136101821,1.013902884,1.034562727
3.831374201,2.856209029,1.791481026,1.322233488,1.100629928,1.141814994,1.013668204,1.038671378
3.852475777,2.858649976,1.795496787,1.322505447,1.100629928,1.147409359,1.014719157,1.042982468
3.873632047,2.861079276,1.799545296,1.322768163,1.1008906,1.153101701,1.015245156,1.047308807
3.90972383,2.863729924,1.801644639,1.322771181,1.100629928,1.156430959,1.014458126,1.050684148
3.908925969,2.865794772,1.80357261,1.323293193,1.100629928,1.159373217,1.013943347,1.053690116
3.908128185,2.867887444,1.805636364,1.324085865,1.1008906,1.162541452,1.013422884,1.056563967
3.907330479,2.87012869,1.807567579,1.324108132,1.100108604,1.165587446,1.013425735,1.05939507
3.906532851,2.872200471,1.809943251,1.323849822,1.100108604,1.168673067,1.013963179,1.062472954
3.906001142,2.874055253,1.81193704,1.323851668,1.099587308,1.171775008,1.014231704,1.065381653
3.905469468,2.876162246,1.81378455,1.32489122,1.09932667,1.174803113,1.013714445,1.068388012
3.918771693,2.875756349,1.814074351,1.324372201,1.099066039,1.176335046,1.013458933,1.070394146
3.927563004,2.876178012,1.814651941,1.323856379,1.098544797,1.177784625,1.012937136,1.072448114
3.936096923,2.876425744,1.815301173,1.324380541,1.098805414,1.179316034,1.012948294,1.074344879
3.944906834,2.876021235,1.815756652,1.324132087,1.098544797,1.180882339,1.012688812,1.076212253
3.953726211,2.87605598,1.816512549,1.324161017,1.098284186,1.182412614,1.011907181,1.078191649
3.962822757,2.876074767,1.817102395,1.322863239,1.097762985,1.183895625,1.012961755,1.079990072
3.971125453,2.875873537,1.817669449,1.322352747,1.097241811,1.185289675,1.012965828,1.08216015
3.978900088,2.875528289,1.818096743,1.322615304,1.098023582,1.186445187,1.012722122,1.083320847
3.984534587,2.876374364,1.81852183,1.323144378,1.098023582,1.187517821,1.012722133,1.08455653
3.990172947,2.87719636,1.81920173,1.321850239,1.098284186,1.188588702,1.013002941,1.085816412
3.996083946,2.878226444,1.820057069,1.322112302,1.098805414,1.189718617,1.012216968,1.087119629
4.001192317,2.879048259,1.820510528,1.321599815,1.099066039,1.190882716,1.012742308,1.088411464
4.006572974,2.87988999,1.821066055,1.321355548,1.098544797,1.192051255,1.011954699,1.089656397
4.011687855,2.880728835,1.821565447,1.321618572,1.098805414,1.193209894,1.012219218,1.090976319
4.012226448,2.881158884,1.822012296,1.321637888,1.099066039,1.193907271,1.012490132,1.091959975
4.034879189,2.881568571,1.822068353,1.321383985,1.099587308,1.194411438,1.012764632,1.093074372
4.057865068,2.8819804,1.822479245,1.321645225,1.099847953,1.194925576,1.013296241,1.094210005
4.0806435,2.882249934,1.822963986,1.322170498,1.100108604,1.195354196,1.0127884,1.095139664
4.102940222,2.882681719,1.822764421,1.32270008,1.1008906,1.195845336,1.012274455,1.096046485
4.125024083,2.883136601,1.823106839,1.32324236,1.101672657,1.196276614,1.010967242,1.09704442
4.146619423,2.88361512,1.82353805,1.322735863,1.102194062,1.196977134,1.011246282,1.098109023
4.151000008,2.884291802,1.823984214,1.322750907,1.102454775,1.197646542,1.01124634,1.098926481
4.161687364,2.884711645,1.824192011,1.322758996,1.102454775,1.198206445,1.011775752,1.099751205
4.17266304,2.885138138,1.824236057,1.322500248,1.102454775,1.198770776,1.012306212,1.100901232
4.183653209,2.885770788,1.824417285,1.322814244,1.102715495,1.199372949,1.012325893,1.10173672
4.194382607,2.886232721,1.824447158,1.322556577,1.101933356,1.200148981,1.012853141,1.102783519
4.205125836,2.887216722,1.824801318,1.323350515,1.102715495,1.200808995,1.012592445,1.103742534
4.216434944,2.887873566,1.825121664,1.323107973,1.102715495,1.20135588,1.012874023,1.10455736
4.212295687,2.888497794,1.825542769,1.323111564,1.102976221,1.202249251,1.013140894,1.105450705
4.212847469,2.889002998,1.826078277,1.323117355,1.102976221,1.202856176,1.012359885,1.106075588
4.213951144,2.88922283,1.826389732,1.323120561,1.102976221,1.203765142,1.011836738,1.10674402
4.215054964,2.889256355,1.826737625,1.322880171,1.102454775,1.204507624,1.011575292,1.10753619
4.21615893,2.889526352,1.82707634,1.323145146,1.102976221,1.205289627,1.011051387,1.108282505
4.216987,2.889735112,1.82757129,1.322885389,1.102715495,1.206055262,1.012113776,1.10907125
4.218091222,2.88994874,1.827836379,1.322367128,1.102976221,1.20688618,1.011876863,1.109632868
4.210088923,2.88956501,1.828537579,1.321849067,1.102715495,1.207566056,1.011889271,1.11037844
4.214227085,2.890215238,1.830140377,1.322108989,1.102454775,1.208057409,1.012680109,1.111402592
4.218367301,2.890891983,1.831187107,1.322628707,1.101933356,1.20848551,1.012157711,1.112097897
4.222509571,2.89151602,1.83284408,1.323168555,1.101672657,1.209020443,1.012426655,1.1130402
4.227483011,2.892235754,1.834156012,1.323430716,1.101411965,1.209428008,1.012164342,1.113897302
4.232459415,2.892892327,1.835113931,1.323171781,1.100629928,1.209859697,1.012964073,1.114628567
4.237715504,2.893725161,1.836039499,1.322655204,1.100108604,1.210270751,1.012445501,1.115328045
4.240206385,2.895379761,1.837486567,1.322137243,1.100108604,1.211152256,1.012195775,1.116205543
4.101578946,2.862912638,1.825886237,1.312791089,1.097762985,1.210835388,1.011934242,1.116816523
3.96550013,2.83079522,1.814274045,1.302688229,1.094636349,1.210506187,1.011411642,1.11734666
3.83084736,2.799418606,1.803081761,1.293114798,1.091771126,1.210335463,1.011682636,1.118154313
3.698641861,2.768513939,1.791519543,1.283799777,1.089427464,1.209959757,1.011695182,1.118649734
3.568053267,2.737789444,1.779991551,1.273476626,1.086043145,1.209545656,1.011179213,1.11930969
3.440309694,2.707865988,1.768499922,1.263940238,1.083961058,1.209212694,1.010132135,1.119713904
3.28549319,2.604342523,1.729641432,1.248974563,1.079017841,1.204335314,1.009887073,1.119002688
3.12907553,2.499715886,1.689019681,1.234305276,1.075377037,1.198599381,1.009891645,1.117961378
2.975496143,2.401274866,1.649726037,1.220934789,1.071217744,1.192826541,1.009893658,1.116660752
2.823983339,2.30813761,1.611843596,1.206808825,1.066540613,1.187093466,1.009381373,1.11528347
2.675868546,2.219910815,1.57506977,1.19170229,1.06160602,1.181377436,1.008858542,1.113976145
2.530817704,2.136346595,1.539186399,1.176588825,1.057192927,1.175741968,1.00729735,1.112779357
2.388518352,2.057012192,1.504683849,1.161760446,1.052781788,1.169959888,1.006510165,1.111575506
2.2503965,1.971498974,1.466848011,1.147461408,1.048372601,1.162629729,1.00599,1.10898535
2.104913939,1.88873538,1.429045431,1.132429391,1.043446994,1.154993369,1.004158766,1.106282497
1.962071909,1.810603842,1.392511403,1.115887153,1.038782875,1.147509458,1.003114877,1.103518033
1.822204608,1.736452678,1.357106342,1.100148359,1.034638826,1.139950051,1.002873121,1.100722872
1.684823233,1.66618665,1.322643355,1.085432279,1.029461188,1.132449084,1.002095625,1.097809218
1.549667663,1.599302619,1.289442232,1.069734138,1.025321017,1.125114279,1.001333901,1.095034506
1.41725947,1.535520068,1.25707033,1.055592349,1.020923971,1.117797671,1.000290859,1.092173787
1.2912699,1.471193208,1.223974664,1.041448892,1.016011925,1.109712013,0.999783626,1.088327581
1.257559561,1.422758987,1.19909758,1.035899946,1.014202835,1.102716776,0.999006842,1.084305805
1.223642138,1.376041699,1.174797419,1.031366231,1.01291083,1.09569399,0.999032454,1.080513137
1.190631853,1.331057052,1.150818378,1.025575003,1.011618992,1.088701425,0.998246838,1.076417021
1.157227983,1.287772332,1.127590829,1.020042976,1.010327322,1.081852116,0.997204221,1.072558381
1.12508636,1.246153802,1.105718457,1.01402229,1.00877754,1.075072783,0.996701102,1.068700509
1.092001829,1.205865055,1.083514769,1.008995592,1.006711539,1.068165872,0.995919412,1.064980892
1.087444793,1.193047185,1.076266263,1.00749625,1.006195106,1.064453819,0.995409795,1.061632485
1.083072917,1.182682965,1.070182378,1.005491589,1.00516232,1.061148331,0.995936004,1.058401341
1.078885848,1.172112947,1.064073619,1.00448804,1.00490414,1.057888352,0.995417398,1.055434308
1.075428915,1.161769652,1.057984019,1.003499223,1.00490414,1.054616567,0.995433764,1.052917239
1.071791943,1.151424875,1.052006626,1.003502602,1.004645967,1.05113451,0.995696139,1.050324757
1.068156924,1.141279856,1.046005772,1.003503794,1.00490414,1.047715332,0.996231576,1.047454716
1.064523855,1.131173334,1.039942022,1.002508962,1.004387801,1.044384717,0.997019636,1.044662815
1.061618803,1.125437973,1.03595694,1.001509392,1.003613342,1.041833022,0.997031175,1.04233982
1.059622303,1.11953648,1.032295808,1.001274529,1.003871489,1.039863886,0.997307308,1.040142527
1.057989241,1.113562026,1.028607638,1.001279239,1.004129641,1.037873675,0.99757445,1.038077745
1.05617519,1.107614634,1.025066825,1.001295802,1.004129641,1.035939777,0.997326636,1.035956754
1.054361626,1.101574452,1.021433966,1.000574067,1.003613342,1.034065673,0.998117762,1.03399333
1.052548547,1.09566201,1.017959578,1.000835772,1.003355203,1.032181485,0.998654344,1.031910223
1.050917192,1.089767622,1.014365715,0.99958512,1.003355203,1.030240361,0.998916667,1.030003709
1.049286231,1.085568096,1.012470266,0.999615018,1.003613342,1.029190184,0.999451358,1.028486646
1.047836817,1.081943373,1.011109296,0.999366106,1.003355203,1.02741572,0.998948697,1.027269195
1.046749961,1.078519155,1.009667068,0.998362634,1.00309707,1.025776294,0.998429089,1.025944623
1.044938923,1.074960201,1.008372805,0.998615776,1.002580825,1.024025983,0.998967917,1.024932992
1.043852532,1.071408711,1.00696802,0.998393736,1.001548414,1.022274176,0.999509981,1.023517606
1.041680275,1.067930643,1.005845281,0.998649076,1.001032249,1.020566089,0.999779096,1.022116957
1.040232492,1.064536312,1.004406782,0.998649508,1.000516111,1.018912747,1.000305003,1.02074675
1.039327785,1.061877539,1.003921185,0.998906704,1.000258052,1.018285115,1.00008626,1.020117681
1.038965936,1.058834429,1.003820492,1.00066823,1.000258052,1.018583873,0.999312674,1.019392748
1.038061399,1.055933292,1.003771726,1.000670089,1.000516111,1.018774388,0.999062343,1.018695344
1.037337856,1.052988134,1.003530471,0.999926401,1.000258052,1.019102136,0.999064989,1.017848105
1.03661439,1.050148655,1.003308294,0.999424686,1.000774177,1.019350001,0.999069812,1.01722411
1.035710168,1.047301741,1.003140089,0.999678777,1.000774177,1.019653664,0.999073794,1.016485807
1.03462526,1.044474564,1.002998636,1.000192385,1.001032249,1.020075839,0.999345577,1.015717281
1.034444459,1.042520823,1.003506772,1.000460066,1.001032249,1.020670838,0.999345815,1.015721717
1.033721304,1.04097853,1.003839118,0.999206298,1.000258052,1.021028144,0.999086443,1.015501115
1.032455968,1.039332177,1.004408251,0.999225499,1,1.021378462,0.999620975,1.015338182
1.031733026,1.037754526,1.005015177,0.998996327,0.999483915,1.021633069,0.999101704,1.015166474
1.030648757,1.03630301,1.005459358,0.998497004,1,1.021819616,0.999117999,1.014995323
1.030106688,1.034736476,1.005885464,0.998251236,0.999741954,1.022126276,0.998856064,1.014922604
1.02902268,1.03327022,1.006288352,0.998506498,0.999225883,1.0223561,0.999120567,1.014740438
1.028661383,1.03207761,1.00585392,0.997754182,0.998709839,1.02224842,0.998337795,1.014783076
1.027938847,1.03038533,1.005357718,0.997762389,0.998709839,1.022847271,0.998079094,1.014703474
1.027035785,1.028575687,1.004945369,0.998271947,0.998451827,1.023463851,0.998342561,1.014616377
1.026674594,1.026844816,1.004552951,0.998045027,0.998451827,1.024194663,0.997557652,1.014685206
1.02595227,1.025096659,1.004057911,0.998296586,0.998451827,1.02486674,0.997834964,1.014759212
1.025591137,1.023358181,1.003608451,0.999057498,0.998967858,1.025604169,0.99836009,1.014893579
1.025049474,1.021593518,1.003346955,0.998807907,0.999225883,1.026307859,0.998098881,1.015031376
1.024146799,1.020069683,1.002718996,0.998812701,0.999483915,1.025961983,0.998889495,1.0147803
1.023785763,1.018880655,1.001574642,0.998815681,0.999741954,1.025080929,0.998632557,1.014562319
1.023605252,1.01765192,1.000429026,0.998073577,0.999225883,1.024285163,0.998908825,1.014395008
1.023244245,1.016372962,0.999495813,0.998329561,0.998709839,1.023345207,0.998911545,1.014462259
1.023063748,1.015129631,0.998697754,0.998844445,0.997935823,1.02263907,0.998391696,1.014096402
1.02270277,1.013903055,0.997598253,0.99859591,0.997935823,1.021770878,0.997349723,1.013771703
1.022341811,1.012784416,0.996371788,0.998597285,0.997935823,1.020924271,0.995781379,1.013585227
1.021619951,1.011021737,0.995270701,0.998364531,0.997935823,1.02011245,0.99583565,1.012925555
1.02125905,1.009988425,0.994054991,0.999123014,0.998193821,1.019360198,0.996625904,1.012552234
1.021439498,1.00893162,0.992759989,0.999627289,0.998709839,1.018558457,0.996127198,1.011969905
1.020717734,1.007875638,0.991344665,0.999629109,0.998967858,1.017784327,0.996391074,1.011510906
1.020717734,1.006718555,0.989994184,1.000651998,0.998709839,1.016951943,0.996683471,1.011115708
1.020537305,1.005740385,0.988931381,1.000653987,0.998451827,1.016087537,0.996422629,1.010647078
1.020356881,1.004644456,0.987590408,1.000159224,0.999225883,1.015281166,0.997210229,1.010104929
1.020176462,1.003713724,0.986968071,1.000664683,0.999225883,1.013973857,0.996688081,1.009653412
1.019454834,1.00310171,0.986419724,1.000673989,0.999225883,1.012674612,0.997488886,1.009273592
1.018913663,1.00249436,0.985764773,1.000173266,0.998451827,1.011419735,0.99776587,1.008988554
1.018552907,1.001942124,0.985193942,0.999672298,0.997677831,1.010166755,0.998820648,1.008742466
1.018372536,1.001499463,0.984421652,0.999424218,0.998193821,1.008853278,0.998301425,1.008323033
1.0176511,1.000811256,0.983802481,0.998170152,0.997161867,1.00747105,0.998584917,1.007898719
1.017110074,1.000240126,0.983165146,0.997427568,0.996387971,1.006147339,0.99885375,1.007458584
1.017110074,0.999197622,0.982826762,0.997944199,0.995872074,1.005218087,0.99859675,1.007096179
1.016569091,0.998347287,0.982911697,0.997698867,0.996130019,1.004170539,0.998611894,1.00677319
1.016569091,0.997619033,0.982725354,0.997959737,0.996387971,1.003129998,0.998374048,1.006588226
1.016028152,0.996899238,0.982496936,0.998243167,0.996645929,1.002107454,0.998379082,1.00623318
1.016028152,0.996137704,0.982550766,0.997741763,0.996903895,1.001109545,0.998905776,1.005874438
1.015847849,0.99537315,0.982194497,0.997239837,0.996645929,1.000172031,0.99969742,1.005658012
1.016028152,0.994501944,0.981845098,0.99703401,0.996387971,0.999243343,1.000231051,1.005575286
1.016028152,0.993901981,0.981272415,0.997539868,0.996645929,0.99891936,0.999976254,1.00533923
1.016028152,0.992685108,0.980706243,0.99757066,0.996903895,0.998827741,0.998941537,1.005043534
1.015847849,0.991326642,0.98021057,0.997323591,0.996130019,0.998678325,0.999216942,1.004923878
1.015847849,0.990095204,0.979666102,0.997325638,0.996387971,0.998506874,0.999222516,1.004576698
1.015126683,0.988818052,0.979314907,0.99632166,0.996130019,0.998454765,0.998178719,1.004265097
1.01458586,0.987567753,0.979018749,0.996073827,0.995872074,0.998396342,0.998442556,1.004085862
1.014946404,0.986344486,0.978474252,0.996327177,0.995356204,0.998345463,0.998181596,1.003948182
1.01458586,0.985389498,0.97781594,0.996582965,0.995614136,0.997877762,0.998444632,1.00357156
1.015126683,0.984164217,0.977117964,0.996083744,0.995614136,0.997318143,0.99818318,1.003250324
1.015126683,0.98293326,0.976289607,0.996092181,0.996387971,0.996824672,0.997931823,1.002879171
1.015126683,0.981694585,0.975446274,0.996347042,0.997161867,0.996513405,0.997145547,1.002381398
1.014766129,0.980473799,0.974703844,0.99585395,0.996387971,0.99602935,0.996624434,1.002016075
1.015126683,0.979241666,0.974008129,0.996370637,0.997161867,0.995552749,0.996373124,1.001618962
1.015126683,0.97808229,0.973248499,0.99688872,0.997419845,0.994979465,0.996423372,1.001273963
1.01458586,0.977114894,0.973039189,0.996894621,0.997935823,0.994192597,0.996432011,1.000739802
1.01458586,0.976270237,0.973073563,0.99690377,0.997419845,0.994012815,0.996452646,1.000322644
1.014045079,0.9753898,0.973003612,0.997184208,0.997419845,0.993766841,0.996464204,0.999606745
1.013864829,0.974626411,0.97299186,0.996440293,0.997677831,0.993643596,0.995687181,0.999156825
1.013324107,0.973693191,0.972806178,0.996695641,0.997419845,0.993301242,0.99542522,0.998758279
1.012603211,0.972685489,0.972913762,0.996948756,0.997677831,0.992970549,0.995707291,0.998256526
1.011882392,0.971739818,0.972741223,0.997203369,0.997161867,0.992664602,0.996500222,0.997720068
1.0117022,0.971280791,0.972690726,0.996453203,0.997419845,0.992733605,0.996254845,0.997420159
1.011882392,0.971047477,0.973055443,0.996202639,0.997161867,0.992334654,0.996782784,0.997091183
1.011522012,0.970777805,0.973800312,0.996455948,0.996645929,0.992005377,0.996797313,0.996740939
1.011341829,0.970536221,0.974331105,0.996961608,0.996130019,0.991667161,0.99758441,0.996468186
1.011341829,0.970296176,0.974846701,0.997473225,0.996130019,0.991149366,0.998375137,0.996141216
1.011161651,0.970015978,0.975323458,0.998228435,0.996645929,0.990888024,0.99811358,0.995834846
1.010621145,0.969642283,0.975690275,0.999233856,0.996903895,0.990485753,0.997865965,0.995470865
1.010621145,0.969185579,0.975994895,0.99873725,0.996387971,0.990663819,0.997606967,0.995705289
1.010440986,0.969257505,0.975758903,0.999241716,0.995872074,0.990558254,0.996823151,0.995414177
1.010621145,0.969226845,0.975612546,0.999749652,0.996387971,0.990469231,0.996050374,0.995061389
1.010260832,0.96913031,0.975512002,0.999750175,0.996130019,0.990374792,0.996070297,0.994891232
1.010801309,0.96914682,0.975586541,1.000003297,0.996645929,0.990302622,0.996071762,0.994869495
1.010801309,0.96924036,0.975430624,0.999754902,0.996387971,0.990247596,0.995559959,0.994543464
1.010440986,0.969300483,0.975251398,0.999755261,0.996903895,0.99031372,0.995570811,0.99427438
1.010440986,0.968893266,0.97506436,0.999264943,0.996903895,0.990592112,0.99557355,0.994199905
1.010080683,0.968093178,0.974409043,0.99851347,0.997161867,0.9910365,0.996098935,0.993918496
1.009900538,0.967413938,0.974237768,0.998263637,0.996903895,0.991489673,0.996100745,0.993739424
1.009720398,0.966510199,0.973761658,0.998769219,0.996130019,0.991784167,0.996627117,0.993439793
1.009360134,0.965719604,0.973264203,0.998268959,0.996130019,0.992262542,0.996656599,0.993143708
1.009900538,0.965031511,0.972740956,0.998521488,0.996130019,0.992559309,0.995347657,0.992849676
1.009720398,0.964317747,0.972333847,0.998781365,0.997161867,0.992947935,0.99482879,0.992553448
1.009540264,0.963470534,0.971930266,0.999287853,0.996903895,0.992485801,0.994841525,0.992340643
1.008639662,0.962492439,0.971189644,0.999310795,0.996903895,0.991978862,0.995107145,0.991973502
1.008459556,0.961632707,0.970496541,0.999076997,0.997935823,0.991558872,0.995905375,0.991679431
1.008459556,0.960683485,0.969794808,0.998581811,0.997935823,0.991107508,0.995401132,0.991323958
1.008459556,0.959890047,0.969360247,0.998845648,0.998451827,0.990788185,0.995690692,0.991061587
1.008819772,0.959008018,0.968720162,0.998594914,0.998451827,0.990279534,0.995435893,0.990679614
1.008459556,0.958078496,0.968135248,0.997602707,0.997935823,0.989737564,0.995706478,0.990253798
1.008459556,0.957409228,0.967452186,0.997861775,0.998193821,0.989343142,0.996493885,0.98987525
1.008279454,0.956369032,0.966912929,0.998370128,0.997935823,0.988835807,0.997809552,0.989469102
1.007919267,0.955394945,0.966383234,0.998147303,0.997161867,0.988197653,0.997812402,0.989050765
1.00773918,0.954399269,0.965890946,0.998414173,0.997161867,0.987632056,0.997304632,0.988669711
1.007559098,0.953378453,0.965298456,0.998673042,0.997677831,0.9871239,0.99783792,0.988158119
1.007018881,0.95240398,0.964953996,0.999439912,0.997935823,0.986576013,0.997586738,0.987645699
1.006838818,0.951421652,0.964697004,0.999695289,0.997161867,0.985963974,0.998112493,0.987317498
1.006838818,0.951161615,0.964398907,0.999699182,0.997419845,0.985057125,0.997860246,0.986817412
1.007379021,0.950911141,0.963810701,1.000454512,0.997161867,0.983456111,0.997074471,0.986414522
1.007559098,0.950655572,0.963188877,1.000462399,0.997161867,0.98191143,0.997599998,0.986049683
1.008099358,0.950415816,0.962496643,0.999718584,0.997677831,0.980381566,0.998135139,0.98582138
1.008279454,0.95020267,0.961850216,1.000225776,0.997161867,0.978749216,0.997873156,0.985386542
1.00773918,0.94989963,0.961270828,0.999730081,0.996387971,0.977269407,0.998664218,0.984864512
1.00773918,0.949645735,0.960579708,0.999730256,0.995356204,0.975670612,0.998140388,0.984429079
1.00773918,0.948613295,0.959840616,0.999736594,0.995872074,0.975108984,0.998962749,0.983919432
1.008459556,0.948592367,0.959519281,0.99974748,0.996387971,0.974212737,0.998442942,0.98339857
1.008999888,0.94854708,0.959673875,0.999753339,0.996130019,0.973313217,0.998208993,0.982786643
1.009540264,0.948508161,0.95975334,1.000029323,0.996130019,0.972311814,0.99771221,0.98223226
1.009540264,0.948306152,0.959467285,0.999531571,0.995872074,0.971474112,0.997201679,0.981530357
1.009540264,0.948225558,0.959057228,0.999050794,0.995356204,0.970516268,0.997731094,0.980996889
1.009900538,0.948205294,0.958545621,0.998804776,0.996130019,0.969682553,0.996954158,0.980390724
1.009360134,0.947527646,0.958505357,0.99782039,0.996130019,0.969274573,0.997219086,0.979804796
1.009360134,0.948163783,0.958523017,0.996827729,0.996387971,0.968837909,0.996179104,0.97936632
1.009720398,0.948834288,0.958496334,0.996327247,0.996387971,0.968529556,0.99618105,0.978849295
1.010440986,0.949466518,0.958470609,0.996343865,0.996645929,0.968064915,0.997042082,0.978369051
1.010801309,0.950061322,0.958547839,0.996346905,0.996387971,0.967567214,0.997312605,0.977961337
1.011341829,0.950659857,0.958605539,0.995605407,0.995872074,0.967249848,0.997340837,0.977873221
1.011522012,0.951300978,0.958625959,0.99537083,0.995872074,0.966748887,0.996822876,0.977281193
1.011341829,0.951272845,0.958624927,0.995129693,0.995356204,0.966484098,0.996826786,0.976938766
1.044576773,0.959025369,0.960711108,1.000909058,0.997161867,0.966124975,0.997618177,0.976467305
1.078157926,0.96685285,0.962798245,1.007201,0.998967858,0.965835402,0.997362524,0.975839594
1.11190635,0.97477145,0.9650412,1.013746049,1.000774177,0.965457273,0.996583316,0.975070908
1.145823299,0.982696289,0.967009642,1.01954741,1.00309707,0.96522336,0.996586236,0.974571687
1.180279475,0.990792192,0.968967063,1.025595367,1.00490414,0.964823513,0.996062391,0.974229898
1.214724791,0.998947583,0.971158171,1.031400508,1.007227999,0.964569,0.996607417,0.973647185
1.34536289,1.05428062,1.004895153,1.049327153,1.01291083,0.971204623,0.996878626,0.975072355
1.488555895,1.112412826,1.039722021,1.068544623,1.019372537,0.979585194,0.99793212,0.977337571
1.634550556,1.174000951,1.075412094,1.087040416,1.025579727,0.988207944,0.998483413,0.979708768
1.783429509,1.239145921,1.112595662,1.105327821,1.032308556,0.996641722,0.999286299,0.981730932
1.936101589,1.30841081,1.151159811,1.124157222,1.039041936,1.005182677,0.999817432,0.983886566
2.091658701,1.381747827,1.191141889,1.143533582,1.046039115,1.013821773,1.000888549,0.985947267
2.251040977,1.45995449,1.233002714,1.163452915,1.052262959,1.022415582,1.001958998,0.988203472
2.422300335,1.544537558,1.277230327,1.182640735,1.057712013,1.033303139,1.002238836,0.992440832
2.59556533,1.63297196,1.323300757,1.20187896,1.063683446,1.045146387,1.003552288,0.997198353
2.772908828,1.727708386,1.371413099,1.220912201,1.069398599,1.057099622,1.004872355,1.001900772
2.9542407,1.829445162,1.421680709,1.23918337,1.074337051,1.069161204,1.005398923,1.006531635
3.139696557,1.939068331,1.474231621,1.258271427,1.08031845,1.08139006,1.006456285,1.011290482
3.330655613,2.057269554,1.529524546,1.277915619,1.086563735,1.093509704,1.007244221,1.01592478
3.526597599,2.185425493,1.587286614,1.297089468,1.09281293,1.105791064,1.007519386,1.020900659
3.747510607,2.326132899,1.648310014,1.316546644,1.098805414,1.119120687,1.007804094,1.026765858
3.920103104,2.456117041,1.708528363,1.32902923,1.103497694,1.133407385,1.008857707,1.033226789
4.096680204,2.596842974,1.772302072,1.341520201,1.10819218,1.147701513,1.009910064,1.039735562
4.275712805,2.749005082,1.838522205,1.355064084,1.112888871,1.162051104,1.01174796,1.046324303
4.459508947,2.914508216,1.908850577,1.368117548,1.116804468,1.176473485,1.012798807,1.052780248
4.647674317,3.094920623,1.982488396,1.381439674,1.12202765,1.191191095,1.014646091,1.059644228
4.840960012,3.292596985,2.06043561,1.395041313,1.126730849,1.205870335,1.015697302,1.066390878
4.885933144,3.296337959,2.064101004,1.395829034,1.126208162,1.21247451,1.015449935,1.071746875
4.913748278,3.299354934,2.066642522,1.395071052,1.124640265,1.217771959,1.015450114,1.07658831
4.942554331,3.302391041,2.069421924,1.395615354,1.124117688,1.223021675,1.015187811,1.081336014
4.971455996,3.305664342,2.072075582,1.396154415,1.123333873,1.228421868,1.015221867,1.086457379
5.00045375,3.308682711,2.074719838,1.395913824,1.122811363,1.23369534,1.015223405,1.091308697
5.029851649,3.312244778,2.077223251,1.396186884,1.12202765,1.239054039,1.01470256,1.096315866
5.058434871,3.315038409,2.079563359,1.395675867,1.120982796,1.244376471,1.01444019,1.101188627
5.088333972,3.317305185,2.081581016,1.395160544,1.121766426,1.247136189,1.014177785,1.104680036
5.114962639,3.319875331,2.082980753,1.395422738,1.122288881,1.249141363,1.014441221,1.10746289
5.141364719,3.32216637,2.084754726,1.396208643,1.122811363,1.251140202,1.014711339,1.110432486
5.168154581,3.324692308,2.086450515,1.397781881,1.124117688,1.253095874,1.015249433,1.113464098
5.194407404,3.32701496,2.088045866,1.397520492,1.123856409,1.255255421,1.014989872,1.116575836
5.220118027,3.32930129,2.089667067,1.397791887,1.124117688,1.257338289,1.015258455,1.11979982
5.245903593,3.331606285,2.091212647,1.398845296,1.124378973,1.259408637,1.016316073,1.122831431
5.247459341,3.333132575,2.093042798,1.399109681,1.124378973,1.261233628,1.017367282,1.125065473
5.249015361,3.334681334,2.094731543,1.399634128,1.123856409,1.262729818,1.017106749,1.126822083
5.250882947,3.336235941,2.096024347,1.400164025,1.123333873,1.264267855,1.01634033,1.128871707
5.253062295,3.337773505,2.097491928,1.400691111,1.123333873,1.26586137,1.016354585,1.130875547
5.255242179,3.33982612,2.098974212,1.401482261,1.123856409,1.267533073,1.016624396,1.132858065
5.256488068,3.341357427,2.100449233,1.401492243,1.123333873,1.269114315,1.016100673,1.134646711
5.256488068,3.342895014,2.101538114,1.40096946,1.122550119,1.270648565,1.016102628,1.136377262
5.267397069,3.34520838,2.103558906,1.400980433,1.123333873,1.271705707,1.016372793,1.138241518
5.26989244,3.347013017,2.105727965,1.402295417,1.123856409,1.27265492,1.016110913,1.139724959
5.272076466,3.348575388,2.10759597,1.403091001,1.124117688,1.273632379,1.016899903,1.141369785
5.274261029,3.350655144,2.109824735,1.404147612,1.124640265,1.274403994,1.017435176,1.142676761
5.275509593,3.351971903,2.111714634,1.405982054,1.12516287,1.275371145,1.017989905,1.144059036
5.277382767,3.353516837,2.113756987,1.40598965,1.124901564,1.276215587,1.018267297,1.145316141
5.279880949,3.355328997,2.115884235,1.40677806,1.125424183,1.277119451,1.018540451,1.146793986
5.274573153,3.357143257,2.118058684,1.408354893,1.125946829,1.278038667,1.019081174,1.147754317
5.293946332,3.359973428,2.120406331,1.408365163,1.125946829,1.27889363,1.019346676,1.148904265
5.312421416,3.363641654,2.12231615,1.407583434,1.126208162,1.279848101,1.019614043,1.149775153
5.330306755,3.366840851,2.124315604,1.406798886,1.125946829,1.2807458,1.018829843,1.150788794
5.349801873,3.369978462,2.126462623,1.407329491,1.126730849,1.28179239,1.018305317,1.151720394
5.368708812,3.373078602,2.128796267,1.407087839,1.126992202,1.282581938,1.018580003,1.152614272
5.388288172,3.376192473,2.130916963,1.406301889,1.12751493,1.283353037,1.018610552,1.15335223
5.392082691,3.378532458,2.13294279,1.407354379,1.128037685,1.284084644,1.018102765,1.154274731
5.412664383,3.381914375,2.134846267,1.4081527,1.128037685,1.28492877,1.018379251,1.155373787
5.433611298,3.384783206,2.136591231,1.408944443,1.128299073,1.286036169,1.019696672,1.156246583
5.454288847,3.388166778,2.138931343,1.408431956,1.128037685,1.286832797,1.019698868,1.157138317
5.474056598,3.391054647,2.140411674,1.407651867,1.128037685,1.287774034,1.019466654,1.158263729
5.495147649,3.394475232,2.142291011,1.408177452,1.128037685,1.28849711,1.019994223,1.158937575
5.516288331,3.397629455,2.144048095,1.408707452,1.128037685,1.289351163,1.020257548,1.159876323
5.530088591,3.400044611,2.145365661,1.408970568,1.12751493,1.290375751,1.020799086,1.160297272
5.541658591,3.401883682,2.146377582,1.409240834,1.12751493,1.291458779,1.021331922,1.160713953
5.55292147,3.403740028,2.14722181,1.408198975,1.127253563,1.292178103,1.020285871,1.160975112
5.564198441,3.405064856,2.148340285,1.407677112,1.126469502,1.293073136,1.020299966,1.161518811
5.576780841,3.407455767,2.150087073,1.406893064,1.125685502,1.293854061,1.020064645,1.162062375
5.588734229,3.409298863,2.151217142,1.406903129,1.126469502,1.294720124,1.020074844,1.162617555
5.59973239,3.41117603,2.152327225,1.407166189,1.125946829,1.295593569,1.020083747,1.163002683
5.611068027,3.413017302,2.153190992,1.40769107,1.125685502,1.296386692,1.020348947,1.163412454
5.541980192,3.410136603,2.151935453,1.404292935,1.125424183,1.296869853,1.020372905,1.163566225
5.474056598,3.40647981,2.150401398,1.400640159,1.123856409,1.297249113,1.019854756,1.163879198
5.407276901,3.403358023,2.148568121,1.397236997,1.123072614,1.29770345,1.019866925,1.164014042
5.340992342,3.400224413,2.147068923,1.393836853,1.121505209,1.298069705,1.019891037,1.164245079
5.274261029,3.397361698,2.145576783,1.390184678,1.120199226,1.298476689,1.019372042,1.164514378
5.208337617,3.394235761,2.143738755,1.386263133,1.119154562,1.298932849,1.018589672,1.164798209
4.96000429,3.259577961,2.088916234,1.368504892,1.113671868,1.292254807,1.01833577,1.163135444
4.703918792,3.11286171,2.028760536,1.349472971,1.108453049,1.283470092,1.017289994,1.160506871
4.454680319,2.975641483,1.971001641,1.329958791,1.102715495,1.27471149,1.015727383,1.157829605
4.213123374,2.847414972,1.915606756,1.311779681,1.098023582,1.266145158,1.014940779,1.155574606
3.97970478,2.727348668,1.862478033,1.293638532,1.092031566,1.25759863,1.013896332,1.153013348
3.751683291,2.614133207,1.811222183,1.275271456,1.086563735,1.249157514,1.012592024,1.150647632
3.53065738,2.507689905,1.762328323,1.257452635,1.081359059,1.240571512,1.0112797,1.148194917
3.306438125,2.390687191,1.707043136,1.238381333,1.07589707,1.229145139,1.009980254,1.143622625
3.097298979,2.27782612,1.65252728,1.219362767,1.069918321,1.217206663,1.009205904,1.13838638
2.893865335,2.172169819,1.600846886,1.200630077,1.06420287,1.205385853,1.008420305,1.133196902
2.695451242,2.072802723,1.550895386,1.181416704,1.058490693,1.193566863,1.007111222,1.127956644
2.501873573,1.979451691,1.50293666,1.162506143,1.05252237,1.181970718,1.005544963,1.122677172
2.31317465,1.891626743,1.457104483,1.144132041,1.04655762,1.170603719,1.004505216,1.117755403
2.129806238,1.808873219,1.41291475,1.125022808,1.04163291,1.159127067,1.003720493,1.112816229
1.947014217,1.724950717,1.367873462,1.105954708,1.035674676,1.146562779,1.002419607,1.10646308
1.805416603,1.646399887,1.325501536,1.090242736,1.029720006,1.133938516,1.001371892,1.100028285
1.666969144,1.572465167,1.284485572,1.07554549,1.025838444,1.121409464,1.000323547,1.093633317
1.53098652,1.502422122,1.245064156,1.060614512,1.020923971,1.109018753,0.999811599,1.08735005
1.397022618,1.436125585,1.207056413,1.045719621,1.015753464,1.096764423,0.998794229,1.080907496
1.266906969,1.373234129,1.170489936,1.030583804,1.010327322,1.084543671,0.999061829,1.074497275
1.13829197,1.313378639,1.135257985,1.016251648,1.00516232,1.072339489,0.999325134,1.068192666
1.13003546,1.291707787,1.123162128,1.013744891,1.004387801,1.06565125,0.998827567,1.063051161
1.123803848,1.274822178,1.114060881,1.013019204,1.004129641,1.060961663,0.999098207,1.058701908
1.117760977,1.258288514,1.105115897,1.012768637,1.003871489,1.056252482,0.999107209,1.054361687
1.112089231,1.241812998,1.096560028,1.012519278,1.002580825,1.051501503,0.999118846,1.050044498
1.105691335,1.225571658,1.087864844,1.012270093,1.002064606,1.046756284,1.000437581,1.04560476
1.099299462,1.209627657,1.079469296,1.012078639,1.001548414,1.042013939,1.000447087,1.041225551
1.093278348,1.193963061,1.070730315,1.010821548,1.001548414,1.037415476,1.000712744,1.0368915
1.090178647,1.184701704,1.065626647,1.010829698,1.001290329,1.034799879,1.000720243,1.033868118
1.087080362,1.176508544,1.061079668,1.010076639,1.001290329,1.032476902,1.000216995,1.031424725
1.084529896,1.168388929,1.056475317,1.009831,1.001290329,1.030214829,1.000487769,1.029091108
1.081434191,1.160447681,1.052062392,1.009838541,1.001290329,1.027865405,1.000757072,1.026736179
1.078157926,1.152524021,1.047555823,1.009626014,1.001290329,1.025459148,1.001808909,1.024377198
1.07524702,1.144691042,1.042953707,1.008632614,1.000774177,1.023120562,1.001810093,1.021813053
1.072519182,1.136912653,1.038672969,1.008135135,1,1.020761579,1.001548861,1.01923442
1.070155943,1.131517591,1.035979984,1.007893214,1,1.018779622,1.00233703,1.017576178
1.068702052,1.126405803,1.033311866,1.008658796,0.999741954,1.017032727,1.002346274,1.016247409
1.066703462,1.121218913,1.030781652,1.008659257,0.999483915,1.015523625,1.00261062,1.0149252
1.065068691,1.116129055,1.028429704,1.008660306,0.999483915,1.013912353,1.002895241,1.013410707
1.06288961,1.111013525,1.025836671,1.008162557,0.999741954,1.012201806,1.003449035,1.011982325
1.06071123,1.105971005,1.023431514,1.008415509,0.999741954,1.010418099,1.003190875,1.010609907
1.059077905,1.101042925,1.02090348,1.008419252,0.999741954,1.008842587,1.002159721,1.009095381
1.057989241,1.096807299,1.018919002,1.009177686,0.999741954,1.00765995,1.002948132,1.008016718
1.057082155,1.093145155,1.017345995,1.00895102,0.999225883,1.006704504,1.002953733,1.006870241
1.055993812,1.089661832,1.015796978,1.007704255,0.998709839,1.005782708,1.002955323,1.005661663
1.0547243,1.085982598,1.014100609,1.00670342,0.998709839,1.00491474,1.00165736,1.004302732
1.053455026,1.082379011,1.012388642,1.005449508,0.998709839,1.004078711,0.999825453,1.003305338
1.05218599,1.078852056,1.01068577,1.004446122,0.999483915,1.003154526,0.999563464,1.002075275
1.050554722,1.075351145,1.009437755,1.003700983,0.999225883,1.00219795,1.000090398,1.000870449
1.050192272,1.071351152,1.008455558,1.003200135,0.999483915,1.001380413,0.999568046,0.999929629
1.049467429,1.067958236,1.006887837,1.002456727,0.999483915,1.000911939,1.000098361,0.999027556
1.048199142,1.064606036,1.005443503,1.001970619,0.998709839,1.000503804,1.000908645,0.997886498
1.047474513,1.061147798,1.00401907,1.001225865,0.998193821,1.000065123,1.000912417,0.996874779
1.046749961,1.057767148,1.002872928,1.000737271,0.998451827,0.999609918,1.001441197,0.995790407
1.045844381,1.054247849,1.001372748,1.000266002,0.998709839,0.999157837,1.001973616,0.994861021
1.044938923,1.050794225,0.999965214,1.000018537,0.999483915,0.998786158,1.003037024,0.994091063
1.043852532,1.047701231,0.998508909,0.999016615,0.998967858,0.998216368,1.001999022,0.992970497
1.04294734,1.04427113,0.997671196,0.998766178,0.999483915,0.997884995,1.001752123,0.991891613
1.04204227,1.04079238,0.996587906,0.99826479,0.999225883,0.997658883,1.00227727,0.991120389
1.040594409,1.03720491,0.995618014,0.997262173,0.998709839,0.997216823,1.002542995,0.990025654
1.040051541,1.033725754,0.994755204,0.996518271,0.998709839,0.996901933,1.002026703,0.989092776
1.039327785,1.030162746,0.993971395,0.996268518,0.998709839,0.99662723,1.001503947,0.98797424
1.038604106,1.026577419,0.992822113,0.995014049,0.998193821,0.996326995,1.002031909,0.987142635
1.037880506,1.023888019,0.991531888,0.994517471,0.998709839,0.995832279,1.001249953,0.98612417
1.037699617,1.021142249,0.990134863,0.994029119,0.998709839,0.994963,0.999942765,0.985149863
1.037699617,1.018411171,0.988462901,0.994802796,0.999483915,0.993950344,0.999431213,0.984540487
1.037156982,1.015657708,0.986893512,0.994811992,1,0.992978358,0.999700447,0.983858135
1.037156982,1.012994623,0.985328649,0.995077578,1.000774177,0.991890769,0.999444433,0.982957921
1.037156982,1.010253407,0.983913196,0.994861833,1.000258052,0.990872437,0.998972475,0.982197086
1.037337856,1.007604998,0.982385701,0.994868506,1.000516111,0.989996203,0.998186722,0.981383207
1.036795249,1.006359416,0.981717385,0.994878088,1.000516111,0.989189558,0.998450554,0.980262141
1.03661439,1.005070894,0.981201427,0.996145237,1,0.987952591,0.998189218,0.979548326
1.035891003,1.003807331,0.980701216,0.996900322,1.000774177,0.986712672,0.998196198,0.978904089
1.035710168,1.002609174,0.980174965,0.997158013,1.001032249,0.985444494,0.997414194,0.978456878
1.035529338,1.001379031,0.979638787,0.99665575,1.000774177,0.984107244,0.996368422,0.977620738
1.035167692,1.000155115,0.979315187,0.997428049,1.000774177,0.982792286,0.996376031,0.976785896
1.034082872,0.998798603,0.97891621,0.997449033,1.000258052,0.98134364,0.99585751,0.97604085
1.033902085,0.997285651,0.978566004,0.997700779,1.000258052,0.980784,0.996400055,0.975645986
1.033359755,0.99669218,0.977735021,0.997452035,0.999741954,0.979821809,0.996422608,0.975292205
1.033178988,0.996163122,0.976749642,0.998229611,1,0.978894024,0.995902922,0.975022394
1.033540527,0.995643265,0.975810068,0.998732318,0.999741954,0.977987228,0.995120079,0.974857302
1.033540527,0.995108162,0.974854391,0.999487694,0.999741954,0.977155673,0.995652471,0.974723264
1.032998226,0.994522447,0.974058776,0.998989172,1.000258052,0.976442622,0.995392302,0.974643099
1.032636716,0.994226201,0.973504885,0.999996902,1.001032249,0.975484757,0.995137633,0.974246774
1.032275225,0.993748565,0.973086649,0.999499114,1,0.974762758,0.995138077,0.973898023
1.03101016,0.993616074,0.973137635,0.99975474,0.999741954,0.973814099,0.995926105,0.973695184
1.029926008,0.993420933,0.973207001,0.999010833,0.999483915,0.972871922,0.995668184,0.973418993
1.029383997,0.993507716,0.97323375,0.999014164,0.998967858,0.972029579,0.996198954,0.973289512
1.028300105,0.993322338,0.973356524,0.998763385,0.997935823,0.971148002,0.996209479,0.973186764
1.027396995,0.993149218,0.973510574,0.999019088,0.997935823,0.970251039,0.997520227,0.972776864
1.026132844,0.992890924,0.973702447,0.999523609,0.998193821,0.96946437,0.997007425,0.972542512
1.025591137,0.991595341,0.973304786,0.999524085,0.997161867,0.969296426,0.996486397,0.972684643
1.02486893,0.990491356,0.972813747,0.998778262,0.997935823,0.969187861,0.995997021,0.972454567
1.02486893,0.989542796,0.972417243,0.998800915,0.997677831,0.968992382,0.994954964,0.972528774
1.024146799,0.988368327,0.971823267,0.999330429,0.997935823,0.969000759,0.995761736,0.972600615
1.023605252,0.987143217,0.971190955,1.00034842,0.997677831,0.968685691,0.995240314,0.972623448
1.023244245,0.986124063,0.970626106,0.999374183,0.997161867,0.968539539,0.994459713,0.972906812
1.023244245,0.985177337,0.970139102,0.999377687,0.996903895,0.96834756,0.993713454,0.972697862
1.02270277,0.984282935,0.969567585,0.999128674,0.996645929,0.967908405,0.993453806,0.972403441
1.022341811,0.983195836,0.969073898,0.998881101,0.996387971,0.967665881,0.99319976,0.972005313
1.021980871,0.982062274,0.968422315,0.998136243,0.995098279,0.967462273,0.992682436,0.971805494
1.021439498,0.980999163,0.968096494,0.997889237,0.995098279,0.967294176,0.99271312,0.971324386
1.020537305,0.979955837,0.967592496,0.997391875,0.994582449,0.967220898,0.99271562,0.970939551
1.020176462,0.978977118,0.967033109,0.997899521,0.994324544,0.966958037,0.992198102,0.970624329
1.019996048,0.97769389,0.966424263,0.997675289,0.993550869,0.966749327,0.991938815,0.970204709
1.019635234,0.97669816,0.965857334,0.998187531,0.993808754,0.966644839,0.991944319,0.969968705
1.019635234,0.975527392,0.965362777,0.998465415,0.994066645,0.966676938,0.991421503,0.969735212
1.019274439,0.974254496,0.965003863,0.999223514,0.994066645,0.966698199,0.992486024,0.969459995
1.018552907,0.973028184,0.964399592,0.999226546,0.993808754,0.966706761,0.992225147,0.969074938
1.018733282,0.97193166,0.963713541,0.999984523,0.994324544,0.966749635,0.993821766,0.968780293
1.018733282,0.970774333,0.963154768,0.99999442,0.994066645,0.966896947,0.99358498,0.96831165
1.018552907,0.969629763,0.962521999,1.000001209,0.993292991,0.966916036,0.99385989,0.967985285
1.018372536,0.969211239,0.961978323,1.000259366,0.994324544,0.96626048,0.993598143,0.967730867
1.018372536,0.9683818,0.961303101,1.000027656,0.994324544,0.965830577,0.994650805,0.967451342
1.017831452,0.967449949,0.960665489,0.999525346,0.994324544,0.965465888,0.99465128,0.967106831
1.017831452,0.966608047,0.960122449,0.999536248,0.994066645,0.965025768,0.994131953,0.966708877
1.0176511,0.965741827,0.959495386,0.998789085,0.994324544,0.96470704,0.994662269,0.966325216
1.017110074,0.964702437,0.959021757,0.999041316,0.994582449,0.96440426,0.994400902,0.965969607
1.016388773,0.96371531,0.958504167,0.999044685,0.995356204,0.964041369,0.995721371,0.965785146
1.016929742,0.963251389,0.958125283,0.999299606,0.995614136,0.963890709,0.996256982,0.965892732
1.017110074,0.962516559,0.95779978,0.999057558,0.996387971,0.964183804,0.995997155,0.965727873
1.017470753,0.961841962,0.957735612,0.998807208,0.997161867,0.964387864,0.99600664,0.965409322
1.017110074,0.960970585,0.957533426,0.999067841,0.997935823,0.964642755,0.995482911,0.965187563
1.017290411,0.960203599,0.957422702,0.998821094,0.997935823,0.96495859,0.995484493,0.965027262
1.017110074,0.959347637,0.957240935,0.999079965,0.997935823,0.96544643,0.99602288,0.964735223
1.017110074,0.958568212,0.957018675,0.998352702,0.997935823,0.965672897,0.995762788,0.964461015
1.016929742,0.957481734,0.956755091,0.998412073,0.998451827,0.965339981,0.995240879,0.964348119
1.016929742,0.9570667,0.956635745,0.998413396,0.998451827,0.965358869,0.996293787,0.964284631
1.017470753,0.956681595,0.956536515,0.998166752,0.998193821,0.965432001,0.995787333,0.964077426
1.018011808,0.956243485,0.956520646,0.99816687,0.998709839,0.965398061,0.99527329,0.964141658
1.018192169,0.955896277,0.956454668,0.997923439,0.998967858,0.965411595,0.994489942,0.963989928
1.018372536,0.955479531,0.95644349,0.997422639,0.999225883,0.965451275,0.993969891,0.964085533
1.018913663,0.955053076,0.956350335,0.997180708,0.999225883,0.965372845,0.993970945,0.963922053
1.018733282,0.954276497,0.956582897,0.99768333,0.998451827,0.965291491,0.994242842,0.963890904
1.018552907,0.954452232,0.956585702,0.997936785,0.998451827,0.964912555,0.993472109,0.963909134
1.018192169,0.954611662,0.956536475,0.997712924,0.998193821,0.964486211,0.993478463,0.963856569
1.018011808,0.954820518,0.956460198,0.996714548,0.998193821,0.964154425,0.994005796,0.963845521
1.018192169,0.955196949,0.9567724,0.996725821,0.998709839,0.964104785,0.994009615,0.963849732
1.018192169,0.955624501,0.956969014,0.997757331,0.998967858,0.963781269,0.994797483,0.963891048
1.018913663,0.955834622,0.956969464,0.99776023,0.998193821,0.963452582,0.994030191,0.963875881
1.018192169,0.955252436,0.956810608,0.99826434,0.998193821,0.962962288,0.993769093,0.963848666
1.018011808,0.955307322,0.956882696,0.998782222,0.997935823,0.962128429,0.994555759,0.963654673
1.017470753,0.955333531,0.95697956,0.998786883,0.997419845,0.961442592,0.994823126,0.963597324
1.017470753,0.955534863,0.957326425,0.998552255,0.996645929,0.960691137,0.995629327,0.963423846
1.017110074,0.955663538,0.95744743,0.998061454,0.996903895,0.959839924,0.995374077,0.963229153
1.017110074,0.955777465,0.957404655,0.997309281,0.996130019,0.959037007,0.995636878,0.963236855
1.016749414,0.955845399,0.957381826,0.997314561,0.996645929,0.958273771,0.996168326,0.963143527
1.016749414,0.955795823,0.958021438,0.997064245,0.996387971,0.958431521,0.996453214,0.963302245
1.016749414,0.955669435,0.957901172,0.996319128,0.996645929,0.958291672,0.995415825,0.963221397
1.016569091,0.955652022,0.957650045,0.996824508,0.996645929,0.958175593,0.994902416,0.963129708
1.016569091,0.955666342,0.957471405,0.996847359,0.996903895,0.958023186,0.994904623,0.962932921
1.016028152,0.95557598,0.957219723,0.996345134,0.996903895,0.957802624,0.99491556,0.963031622
1.01620846,0.955538412,0.95720299,0.997350346,0.996903895,0.957676517,0.994395195,0.962862272
1.01566755,0.955381639,0.956874943,0.996867559,0.996903895,0.957469382,0.993609217,0.962688477
1.01458586,0.955455809,0.95693307,0.995617351,0.996645929,0.957347316,0.99466122,0.962753868
1.014045079,0.954111707,0.957080712,0.995130824,0.995872074,0.957552431,0.994668822,0.962816829
1.014045079,0.952870042,0.957335256,0.99513382,0.995872074,0.957817284,0.995193627,0.962865119
1.014225335,0.951578815,0.957785703,0.995935896,0.996645929,0.958080602,0.994673396,0.96269248
1.013504343,0.95015109,0.95797956,0.996214347,0.996130019,0.958293912,0.994687621,0.962634868
1.013504343,0.94880088,0.95815357,0.995213473,0.996387971,0.958465648,0.994166838,0.962759251
1.012603211,0.947408675,0.9583757,0.994719214,0.996387971,0.958667912,0.993380971,0.962732825
1.012422999,0.947152043,0.95884593,0.994221384,0.996130019,0.958947674,0.993137983,0.962415328
1.012783428,0.945870753,0.957680878,0.994221661,0.996645929,0.958448713,0.99288864,0.962405757
1.012963649,0.944527749,0.956453668,0.994485089,0.996903895,0.957901339,0.992635393,0.962230193
1.013143875,0.943189733,0.955221267,0.994487958,0.997419845,0.957361834,0.992644389,0.962124126
1.013684583,0.941814237,0.954139928,0.995759092,0.997419845,0.956811837,0.992906682,0.962193052
1.01458586,0.94055724,0.953085375,0.996268758,0.998193821,0.956317775,0.992399223,0.962070214
1.188597111,0.995900944,0.989834291,1.018905135,1.005420506,0.964302322,0.993448346,0.963865556
1.364120907,1.055338111,1.028798465,1.041338027,1.01291083,0.973512701,0.994244353,0.96612263
1.544408556,1.118125393,1.06987311,1.064335575,1.020148224,0.982795048,0.995294405,0.96829726
1.728856834,1.184714758,1.112205256,1.086876639,1.0281672,0.992143604,0.996610511,0.970651792
1.917608502,1.255513052,1.15644206,1.109485712,1.035415704,1.001567517,0.998728602,0.972941373
2.112077588,1.33112101,1.202753132,1.133155975,1.042410334,1.011029617,1.000039672,0.975123843
2.311008444,1.411901153,1.251399641,1.15560146,1.049409881,1.020516536,1.001879509,0.977427678
2.532156288,1.498928001,1.303519887,1.178624738,1.057192927,1.033984419,1.003457158,0.98197403
2.765541678,1.592324136,1.358501593,1.202457595,1.065241799,1.048650318,1.003989356,0.987142404
3.005352356,1.694159121,1.415765207,1.22533536,1.073037221,1.063352451,1.005308826,0.992424039
3.253076936,1.804229235,1.475902006,1.24876674,1.080578592,1.078337525,1.005834886,0.997573154
3.507847874,1.923576513,1.539364697,1.270986124,1.087604996,1.093350426,1.007422659,1.002822897
3.772055908,2.053692302,1.606467837,1.294281424,1.095678452,1.108395148,1.008488763,1.008110713
4.044606576,2.195589029,1.67770676,1.318396256,1.103236954,1.123697716,1.010330882,1.01335884
4.317514362,2.352078489,1.753586247,1.342060777,1.110279326,1.140600645,1.012171894,1.019919284
4.611153437,2.524666113,1.835209547,1.366031105,1.117848886,1.158472891,1.013500188,1.027487305
4.913748278,2.718074558,1.924844112,1.390064357,1.124901564,1.1770616,1.015602943,1.034937154
5.227876862,2.934222468,2.021103517,1.414417126,1.133005222,1.195833701,1.016916765,1.042383511
5.553243473,3.17677705,2.12407054,1.438841836,1.140068599,1.214832139,1.018498701,1.049853963
5.89012751,3.450436158,2.234898259,1.463578115,1.147922647,1.234205443,1.019824159,1.057319768
6.219046215,3.762535285,2.355787713,1.487061938,1.154996562,1.254455516,1.021666478,1.065990997
6.258948385,3.770485646,2.363293285,1.488396108,1.154734476,1.264572962,1.021416927,1.072752854
6.304260827,3.775395785,2.36899376,1.489467899,1.154210325,1.272948369,1.021417408,1.078996288
6.349090862,3.780934897,2.374846915,1.49080405,1.154210325,1.281314723,1.021943125,1.085307049
6.395546593,3.786188712,2.380526434,1.490540623,1.153424149,1.289927895,1.023000894,1.091464448
6.44258678,3.791761452,2.386340557,1.491072246,1.152900066,1.298456495,1.023282438,1.097778539
6.48095774,3.798570739,2.39204725,1.491337409,1.152900066,1.307437861,1.023548255,1.104850149
6.523775138,3.804774218,2.39777999,1.491867359,1.152638035,1.316854124,1.023285632,1.111913228
6.540598057,3.809439366,2.401472478,1.492411527,1.151327982,1.321706934,1.023295966,1.116722804
6.550993028,3.814746407,2.404728381,1.49320725,1.150804009,1.325675789,1.023562591,1.1210537
6.561758414,3.820403054,2.408016717,1.494002013,1.150542033,1.329643184,1.023301856,1.125095105
6.571457685,3.8254127,2.411468917,1.494535946,1.150280063,1.333512318,1.02358476,1.129144182
6.579368106,3.828563992,2.415239602,1.49586008,1.149756145,1.337397204,1.023850612,1.133642186
6.600614897,3.832653517,2.418942173,1.496400438,1.148970319,1.341788026,1.024118624,1.13816726
6.621186513,3.837457647,2.422488534,1.496930768,1.148708391,1.34592606,1.02334324,1.142938788
6.654846164,3.840614639,2.424976878,1.497736742,1.148970319,1.348481684,1.023397083,1.146008917
6.672991851,3.841919466,2.426497128,1.49774215,1.148708391,1.350300126,1.023144499,1.14862641
6.691899923,3.843882998,2.428028202,1.498015648,1.147922647,1.352266106,1.022360593,1.151312179
6.700275027,3.846094639,2.429769887,1.498281494,1.147398852,1.354443192,1.02316285,1.154290169
6.718872047,3.847677998,2.431466489,1.498554977,1.147660746,1.356516367,1.023693812,1.157179072
6.738236627,3.849647458,2.433072943,1.498028558,1.147398852,1.358372058,1.023711695,1.16018583
6.778552248,3.851270634,2.433648395,1.498825562,1.147660746,1.359537761,1.023741634,1.161793604
6.783328004,3.852265971,2.434423632,1.499373368,1.148446469,1.360565285,1.024793847,1.163634167
6.789209113,3.853552482,2.43538777,1.499905459,1.148708391,1.361466883,1.025325525,1.165214038
6.79435803,3.855139124,2.43633601,1.49966044,1.147660746,1.362646384,1.025330238,1.167125333
6.811295301,3.858065791,2.437327938,1.501253121,1.147660746,1.363966499,1.025072966,1.168931342
6.829000753,3.860937552,2.438583582,1.502316655,1.147660746,1.365379661,1.025083316,1.170609827
6.854509376,3.862538508,2.440124007,1.502062413,1.147136965,1.366226012,1.02455766,1.171640541
6.876003623,3.864805724,2.441196426,1.502602388,1.147660746,1.366857402,1.024826611,1.172707935
6.898289419,3.867085547,2.442185439,1.503680527,1.147922647,1.367374294,1.02562315,1.173654969
6.920626612,3.868686741,2.44318518,1.503690805,1.147660746,1.36796564,1.025627824,1.174611843
6.929575921,3.868380824,2.443846561,1.503177671,1.147660746,1.368414409,1.026694143,1.175560849
6.938906904,3.868384718,2.444450969,1.503181775,1.147660746,1.369050589,1.026987648,1.176589443
6.950863668,3.870345469,2.444655209,1.503733221,1.147398852,1.36957971,1.027524227,1.177267446
6.949368267,3.871390022,2.445370815,1.503469544,1.146613211,1.369874419,1.027787476,1.177854276
6.947125597,3.872188972,2.445976654,1.503748851,1.146875084,1.370273266,1.028081622,1.178241118
6.953855161,3.873814608,2.447010261,1.504278494,1.146351344,1.370608316,1.028083788,1.178924823
6.952359299,3.876746372,2.447789625,1.504281151,1.146613211,1.371307512,1.02861095,1.179531593
6.950489796,3.878998689,2.448668418,1.503491836,1.147398852,1.37191897,1.028887121,1.180164432
6.959840912,3.880615289,2.449377901,1.503242798,1.147398852,1.372595429,1.028117252,1.180450459
6.958718303,3.882900955,2.450017332,1.502716386,1.147398852,1.373108218,1.027593625,1.180990908
6.957595823,3.88552594,2.450614108,1.502191353,1.147398852,1.373726796,1.02787174,1.181220738
6.943762564,3.886494023,2.451299446,1.502202249,1.147136965,1.374435784,1.027881328,1.181539299
6.948246867,3.886832528,2.452076739,1.501949496,1.145565785,1.375032996,1.027362295,1.181685549
6.95198537,3.887164197,2.452771053,1.500896977,1.145565785,1.375769057,1.027892546,1.182153179
6.956847575,3.887171018,2.453696443,1.501177374,1.146613211,1.376294913,1.028420751,1.182481355
6.948994453,3.885566376,2.454371744,1.500655471,1.146351344,1.376518787,1.028430352,1.182581142
6.941147676,3.883991006,2.454588079,1.500127733,1.146089485,1.376813758,1.028702626,1.182826853
6.918763212,3.883391293,2.45505899,1.500658078,1.146089485,1.377038617,1.029238708,1.183111778
6.805032407,3.876701812,2.452136562,1.494318309,1.143994853,1.377150358,1.030031559,1.183326668
6.692263906,3.870023263,2.449395527,1.487738535,1.142947701,1.377498856,1.029253407,1.183503509
6.579727826,3.864006859,2.446377385,1.481669033,1.142162409,1.377734832,1.028996337,1.183648751
6.481669781,3.859563111,2.443553269,1.476662876,1.141115449,1.377963318,1.028474465,1.183660301
6.384263552,3.855152093,2.440956047,1.470343287,1.140330301,1.378199378,1.027957983,1.183762952
6.038004166,3.697911613,2.372966912,1.448749916,1.135097555,1.370324343,1.02693115,1.181754905
5.700631008,3.53433582,2.301563057,1.427207073,1.129344693,1.360637207,1.025897947,1.179208339
5.375967113,3.382234016,2.233215222,1.404929962,1.122550119,1.351104786,1.025671555,1.176724921
5.05447631,3.23926972,2.168209741,1.382699271,1.117065562,1.341551954,1.025152326,1.174243388
4.752003273,3.104720363,2.10581488,1.361580496,1.11080118,1.331784529,1.023855644,1.171780218
4.459508947,2.978274773,2.045788542,1.339712901,1.104019195,1.322120915,1.022559539,1.169034173
4.169917763,2.832846345,1.974833538,1.316586495,1.096981234,1.308453351,1.021252261,1.164280297
3.888739374,2.694100727,1.905717635,1.29352178,1.089687843,1.293796055,1.019419708,1.159291401
3.616904347,2.564939697,1.839894994,1.270772648,1.082659974,1.279331647,1.018370663,1.154178999
3.362895797,2.445151512,1.777268708,1.248323874,1.076157097,1.264793387,1.017321759,1.14939119
3.104990493,2.333301895,1.717508231,1.22515581,1.07043807,1.250625123,1.015746729,1.14445344
2.856049949,2.228411233,1.660438078,1.203588672,1.063943154,1.236515678,1.01417297,1.13939428
2.612008772,2.121482654,1.602147106,1.180546241,1.056673869,1.221163293,1.01207351,1.132834965
2.375397986,2.02031867,1.545540898,1.157035854,1.049669218,1.205723484,1.010239496,1.126198847
2.147154401,1.925458622,1.491717846,1.134337483,1.043187819,1.190361862,1.008147474,1.119637315
1.933427429,1.836012692,1.44000004,1.111694946,1.036969641,1.175327525,1.007098198,1.113028188
1.775377825,1.753578673,1.392264429,1.094434423,1.03204967,1.160385472,1.005285955,1.106390204
1.620955416,1.675802789,1.346501241,1.077712008,1.026873379,1.1456322,1.005040822,1.100038414
1.468881331,1.598117864,1.300096073,1.059747486,1.02144117,1.130135396,1.003484324,1.092643563
1.319865588,1.524413127,1.255631969,1.042581335,1.015236561,1.114481071,1.002714298,1.085081224
1.173817201,1.454763519,1.212664076,1.025941537,1.00903582,1.099030388,1.001666293,1.077544874
1.163306011,1.428086887,1.196635404,1.023677109,1.007227999,1.09039448,1.001143827,1.071834416
1.154467034,1.406475851,1.183600248,1.021425627,1.005936899,1.083436121,1.001152994,1.066722003
1.146007094,1.385234241,1.170533864,1.019417201,1.00490414,1.076436903,1.000637521,1.061886943
1.137557652,1.361682242,1.156094849,1.017667627,1.003355203,1.068590934,0.999594006,1.056087413
1.128385359,1.337625805,1.142210941,1.015406331,1.002838944,1.060784335,0.999596278,1.050511229
1.119591582,1.314006207,1.128339507,1.014149825,1.002322712,1.053056064,0.999600229,1.045043659
1.115381926,1.300497249,1.12132922,1.013913808,1.002580825,1.048771995,1.000928421,1.041536327
1.112089231,1.288432655,1.114914884,1.014172722,1.00309707,1.045442409,1.002255066,1.038239446
1.108432552,1.276547569,1.108472732,1.013425774,1.00309707,1.042049534,1.001211288,1.034993507
1.104047135,1.262971922,1.101441539,1.012182886,1.002838944,1.038821683,1.000689525,1.031266768
1.09966455,1.249015419,1.094229124,1.011684303,1.002064606,1.035847803,1.001224465,1.027506573
1.094555108,1.235223109,1.087330911,1.010427544,1.001806507,1.03297319,1.001503705,1.023842858
1.091819489,1.22599156,1.082667764,1.010187263,1.001806507,1.031167392,1.002295428,1.021345841
1.089631788,1.217340961,1.078436775,1.009938598,1.002838944,1.029754321,1.002558263,1.019246718
1.086351559,1.208788177,1.074412215,1.009456659,1.00309707,1.028379511,1.002831232,1.017055039
1.083801367,1.199225719,1.070177004,1.00921263,1.003355203,1.026319087,1.002324194,1.014706382
1.080523958,1.189232519,1.065968951,1.008466168,1.002838944,1.02384921,1.002068901,1.012299106
1.076884251,1.179476546,1.061534563,1.007971906,1.002064606,1.021370401,1.00181538,1.009660488
1.074519489,1.172506607,1.058925426,1.008226718,1.002064606,1.019766739,1.001842282,1.008161912
1.072337365,1.16586456,1.056880433,1.007734371,1.002580825,1.018333378,1.000800136,1.006888247
1.070701233,1.159252441,1.054609612,1.007989017,1.002838944,1.016900224,1.00081295,1.005541761
1.068702052,1.152016884,1.051288302,1.007239364,1.003613342,1.015472057,1.000296427,1.003887467
1.066703462,1.144644875,1.04766356,1.007240388,1.005420506,1.013917649,0.999781053,1.002111064
1.064887074,1.137233823,1.04421145,1.007240643,1.005936899,1.012303298,1.000053262,1.000309629
1.063252741,1.132220121,1.041986072,1.007015163,1.006453319,1.011420915,1.000841617,0.999053632
1.061618803,1.127845955,1.03971154,1.006527811,1.006453319,1.010517971,1.001113488,0.997865435
1.060166745,1.123445301,1.037538383,1.006780966,1.005936899,1.00959147,1.001118209,0.996751301
1.057989241,1.11845184,1.035723632,1.006530755,1.005420506,1.008726403,1.000077056,0.995479264
1.05617519,1.113260838,1.033717893,1.006305683,1.004645967,1.007709897,0.999302472,0.994344753
1.054180296,1.108058784,1.031913951,1.006563209,1.003871489,1.006706964,0.999830264,0.993182385
1.052911124,1.104461903,1.030678177,1.007071949,1.004129641,1.005566688,1.000374409,0.992347047
1.051823452,1.101339736,1.029301336,1.006573822,1.003871489,1.004213349,0.999593177,0.991738932
1.050917192,1.098286935,1.02792737,1.005834123,1.00309707,1.002780089,0.999884352,0.991035678
1.049829841,1.094521194,1.026177617,1.005092799,1.003355203,1.000623173,0.999637143,0.990118535
1.048199142,1.090828999,1.02450642,1.005597862,1.001806507,0.998246803,0.999928249,0.989349886
1.046568835,1.087162964,1.022773201,1.005854477,1.000774177,0.996044712,0.999671847,0.988523653
1.045301091,1.084574218,1.021306891,1.006106927,1,0.994497429,0.999166286,0.987729973
1.044395706,1.082396527,1.019791087,1.006614738,0.999483915,0.993285755,0.999428712,0.987063249
1.043671484,1.080138388,1.018477107,1.006622233,0.999741954,0.991946335,0.999464289,0.986604466
1.04294734,1.077126904,1.016565681,1.007144348,0.999483915,0.990623809,1.000520974,0.985868585
1.04204227,1.073852628,1.014801143,1.006893845,0.998967858,0.989478543,1.0010697,0.984972803
1.0413183,1.070780915,1.012908891,1.006397991,0.998451827,0.98827633,1.00108325,0.984237484
1.040775374,1.068161339,1.012139095,1.006399882,0.998193821,0.987248646,1.000584987,0.983648607
1.040413448,1.065799341,1.011620643,1.006400968,0.997161867,0.986575385,1.000890359,0.983125398
1.039689653,1.063431954,1.011150533,1.006150312,0.996130019,0.985662569,1.000106189,0.982534161
1.038965936,1.060523685,1.010148141,1.006173854,0.995356204,0.984568241,1.000124986,0.981884863
1.038242296,1.05770227,1.009156061,1.00592516,0.99484036,0.983409052,0.999367794,0.981123947
1.037337856,1.054948325,1.008276162,1.005424329,0.99484036,0.982241929,0.998583039,0.980488434
1.036976113,1.05277471,1.007440437,1.005177175,0.995098279,0.980950675,0.998585362,0.979932076
1.036433536,1.050814548,1.006266328,1.003928665,0.995098279,0.979846164,0.999128299,0.979223021
1.036252687,1.04874299,1.005069099,1.003688401,0.995614136,0.978732994,0.998087612,0.978626632
1.035167692,1.0460097,1.00364978,1.002936759,0.995098279,0.977765713,0.997316845,0.977803531
1.034444459,1.043019215,1.002497087,1.002686092,0.995098279,0.976734782,0.997857114,0.976978887
1.033721304,1.040089103,1.001137183,1.002941786,0.995356204,0.975660744,0.997334455,0.975993342
1.032998226,1.037668008,1.000336133,1.003699312,0.995098279,0.975376703,0.997080818,0.975518209
1.032817468,1.035303194,0.999470958,1.003202029,0.995872074,0.975368836,0.996557186,0.97480724
1.032275225,1.03272368,0.998702366,1.002701993,0.996130019,0.975106081,0.996302043,0.974266684
1.031371583,1.030491099,0.997838793,1.001960573,0.996645929,0.974605855,0.996831653,0.973697032
1.031552302,1.028261381,0.996705718,1.001461463,0.997419845,0.97450258,0.99630762,0.972976764
1.031552302,1.026151533,0.995687264,1.001480015,0.997419845,0.974412644,0.996856728,0.972331118
1.03101016,1.024684369,0.995106821,1.000740416,0.996645929,0.974247827,0.996858062,0.971805567
1.03101016,1.02340546,0.994406302,1.000994097,0.996903895,0.974036638,0.996338561,0.971768389
1.030648757,1.022092087,0.993733008,1.001005038,0.997161867,0.97414603,0.996863044,0.971304697
1.029564662,1.020155652,0.993186384,1.000756867,0.996903895,0.97441447,0.997127937,0.970856624
1.028661383,1.018455347,0.992704506,1.00126267,0.996903895,0.974807877,0.997399212,0.970467582
1.028119473,1.016721368,0.992190983,1.001013702,0.997677831,0.975213406,0.998190057,0.970211485
1.027216388,1.015430698,0.992019372,1.000771617,0.997935823,0.976065726,0.998190489,0.970130142
1.026494006,1.014113914,0.99217652,1.000775033,0.997677831,0.976801205,0.998977317,0.970039152
1.02595227,1.012807433,0.991896009,1.001281743,0.998451827,0.977640866,1.000027099,0.970121484
1.025410578,1.011414964,0.99121722,1.001540797,0.998193821,0.977711097,1.000292473,0.970007096
1.02486893,1.009931089,0.990686292,1.001792807,0.998451827,0.977490975,0.99924797,0.96966873
1.02468839,1.008465899,0.990120918,1.001548249,0.997935823,0.977272326,1.000297412,0.969323114
1.025049474,1.00764425,0.990036594,1.002053045,0.997935823,0.977002577,1.001084746,0.969089494
1.023785763,1.007075133,0.989708358,1.002811432,0.997419845,0.976741952,1.001361533,0.969000959
1.023063748,1.006571446,0.989336659,1.002574887,0.996903895,0.976475087,1.001365658,0.969064059
1.023063748,1.005708184,0.988846846,1.00157572,0.996903895,0.976340992,1.001105817,0.968888395
1.022522288,1.005422597,0.988196481,1.001580961,0.996387971,0.975749196,1.001650401,0.968844852
1.022522288,1.0054054,0.987587769,1.002335195,0.996645929,0.975084541,1.001403831,0.968699955
1.022161339,1.004864167,0.986850111,1.002095231,0.996387971,0.974674414,1.001670851,0.968841073
1.021439498,1.004382052,0.986565111,1.002097269,0.996130019,0.974036727,1.001673245,0.968927014
1.020717734,1.003981318,0.986096972,1.001846952,0.995614136,0.973326818,1.000890827,0.968981752
1.019635234,1.003002999,0.986104747,1.002126714,0.996130019,0.973470358,1.000372328,0.969186837
1.019094048,1.001865135,0.986185402,1.002146097,0.995614136,0.973486501,1.000635695,0.969482723
1.018913663,1.000760862,0.986048516,1.001895752,0.995872074,0.973503896,1.000641,0.969593598
1.019454834,1.000343939,0.985962519,1.002147834,0.995872074,0.972896604,1.001167239,0.969822436
1.019274439,0.999692565,0.985768822,1.001395988,0.995614136,0.972173507,1.000643903,0.969990043
1.018913663,0.999044464,0.985294596,1.001649674,0.994582449,0.971465332,1.000647465,0.970141716
1.019274439,0.998215673,0.984980959,1.001905059,0.995356204,0.970850892,1.000393692,0.970169191
1.019094048,0.997039693,0.984585081,1.002917247,0.995098279,0.969975275,0.999608718,0.970166165
1.018372536,0.995983825,0.984167357,1.001665869,0.994324544,0.969189189,0.999120658,0.97021038
1.018192169,0.994987027,0.984150338,1.001167601,0.994324544,0.96908356,0.998339226,0.970400381
1.0176511,0.994204783,0.984122216,1.001172451,0.993808754,0.969195979,0.99809398,0.970566643
1.016929742,0.993341632,0.984180772,1.001442871,0.994582449,0.969284152,0.997575756,0.970929979
1.016388773,0.992009711,0.983939292,1.000213575,0.994582449,0.969567289,0.997059844,0.971225226
1.016929742,0.990804506,0.983568282,0.999725806,0.995356204,0.970084048,0.996538278,0.97146806
1.017110074,0.989528313,0.9830601,1.000229012,0.995614136,0.970374762,0.996043513,0.97158013
1.01620846,0.988421219,0.982768998,1.00025414,0.995356204,0.970573135,0.996318472,0.971692979
1.015487256,0.986712734,0.982760382,1.00050891,0.995614136,0.971304169,0.995802325,0.97171352
1.015126683,0.985116818,0.982656519,0.999505052,0.99484036,0.972045471,0.996597559,0.971948619
1.015306967,0.983743413,0.982742593,0.999254072,0.994582449,0.972342409,0.996086532,0.972240974
1.014946404,0.982110343,0.982541959,0.999270067,0.994582449,0.972630412,0.996618485,0.972622807
1.015126683,0.980306598,0.982709173,0.999523273,0.995614136,0.972972545,0.996357408,0.972686065
1.01566755,0.979047746,0.982120779,0.999528087,0.996130019,0.972633657,0.996368142,0.972688605
1.015306967,0.978020084,0.981728304,0.99953774,0.996645929,0.972158891,0.996639366,0.972561494
1.014405595,0.97695787,0.981625739,0.999043134,0.996387971,0.971793801,0.996640725,0.972521713
1.013684583,0.975407347,0.981086559,0.998802799,0.996130019,0.971598409,0.99638528,0.972289848
1.013684583,0.974281924,0.980496369,0.999309689,0.996387971,0.9713014,0.996648491,0.972095649
1.013504343,0.973145554,0.979968424,1.000066304,0.997677831,0.97101059,0.99586428,0.971888073
1.012963649,0.972074022,0.979313364,0.999815663,0.997419845,0.970550861,0.99613188,0.971756092
1.013504343,0.971452588,0.97870019,0.999315853,0.998709839,0.970530739,0.996918885,0.971684923
1.013684583,0.970722233,0.978131408,0.999571506,0.998709839,0.970330173,0.997460437,0.971419765
1.013143875,0.969837407,0.977463871,0.99957423,0.998451827,0.970093922,0.997998596,0.971352393
1.013324107,0.969160334,0.976560865,0.999827276,0.998451827,0.96977217,0.998291851,0.971309431
1.013324107,0.968630558,0.975653108,0.999827375,0.998193821,0.969458922,0.99829363,0.971229681
1.012963649,0.968314946,0.974794885,1.001339239,0.998451827,0.969018169,0.998301197,0.970962346
1.012603211,0.968001959,0.974175482,1.001841955,0.998709839,0.968586919,0.998580891,0.971013718
1.012242792,0.967660435,0.973544951,1.002108605,0.998967858,0.968046071,0.998604466,0.97100519
1.012242792,0.967336296,0.973260351,1.002618818,0.998709839,0.9675139,0.998870248,0.97114167
1.012242792,0.96656212,0.973221258,1.002876248,0.998967858,0.967019327,0.999401903,0.971150875
1.011522012,0.965658895,0.97279787,1.003128419,0.999483915,0.966555996,0.999402111,0.971189595
1.011522012,0.964708226,0.972225167,1.003637939,1,0.966533548,1.000450841,0.971084096
1.011341829,0.964056682,0.972187899,1.004140645,0.999741954,0.966656961,0.999953869,0.970951422
1.010801309,0.963566472,0.971695537,1.003902145,0.999483915,0.966611341,1.000489902,0.971071844
1.010621145,0.963010627,0.971315139,1.003675898,0.998451827,0.966870129,1.000753502,0.97087854
1.010621145,0.961915315,0.971000548,1.00317562,0.997935823,0.967181338,1.000232211,0.970708738
1.010801309,0.960841457,0.970568092,1.003933115,0.998451827,0.967555505,0.999972513,0.970462465
1.010801309,0.960383805,0.970515397,1.004437765,0.998451827,0.9678168,1.0002446,0.970368013
1.010440986,0.959426548,0.970319604,1.003941709,0.997677831,0.967988278,0.999736794,0.970217365
1.010440986,0.958443944,0.969991672,1.003193684,0.996903895,0.968154921,0.999744248,0.970156112
1.010621145,0.95838433,0.970133788,1.00346313,0.996387971,0.968169456,0.99897343,0.97015795
1.010080683,0.957897358,0.970413392,1.003724566,0.995872074,0.968377953,0.998457325,0.970221852
1.009900538,0.957586978,0.970858992,1.004491,0.996645929,0.968693966,0.998461685,0.970339736
1.010621145,0.957340505,0.971328376,1.004996391,0.996645929,0.96912605,0.998735636,0.97047895
1.010801309,0.956883714,0.972065411,1.005499963,0.997161867,0.969698633,0.999281195,0.971015645
1.010981477,0.956422265,0.972837136,1.005006683,0.997161867,0.970212067,0.999811293,0.971076869
1.010440986,0.955710252,0.973168347,1.004014625,0.996387971,0.969945285,1.000337534,0.971249807
1.162753239,0.999831914,0.996951202,1.02691385,1.00309707,0.971131183,1.000604047,0.971273549
1.318546072,1.046104509,1.021559143,1.049868998,1.010327322,0.972606307,1.001917184,0.971482154
1.477940168,1.094526268,1.046302883,1.072645584,1.017562836,0.974142703,1.002445816,0.97151783
1.641259262,1.145759677,1.072021353,1.095711396,1.024027566,0.975497839,1.003261,0.971813335
1.808649776,1.199732269,1.098342748,1.119339774,1.031273055,0.976880248,1.003274098,0.972088802
2.047230281,1.277517921,1.148146602,1.148641139,1.040078245,0.989970529,1.005116699,0.975187594
2.293269466,1.36120854,1.201010514,1.178022667,1.049409881,1.004923336,1.008005521,0.979210021
2.547790775,1.451154072,1.256861064,1.207797532,1.058750266,1.020093326,1.009324873,0.982994741
2.811009038,1.548332406,1.316227829,1.237371937,1.068359237,1.035155126,1.010649722,0.987291094
3.083617268,1.654270127,1.378961634,1.267543662,1.078497644,1.050392628,1.013015325,0.991407708
3.366127052,1.769375697,1.445545111,1.296766188,1.08734467,1.065713562,1.015133072,0.995449735
3.669151843,1.895440259,1.517381611,1.326347817,1.096460101,1.085084306,1.016727251,1.00203283
3.985876704,2.033420601,1.593674778,1.355746865,1.10558386,1.105262842,1.019090772,1.009353643
4.314721101,2.185093912,1.675240562,1.384980892,1.114454926,1.125868257,1.020931596,1.016728075
4.657265126,2.3503215,1.761913075,1.414838737,1.124117688,1.146864938,1.023308718,1.023816419
5.01468575,2.5343576,1.854126069,1.444257084,1.132743711,1.167822824,1.024888449,1.030885593
5.387972035,2.739308644,1.953098593,1.473485426,1.141115449,1.189028109,1.026485026,1.038056603
5.7953839,2.970800808,2.060690329,1.502828145,1.150280063,1.212367218,1.028588046,1.047109926
6.197604193,3.23169976,2.176927416,1.533026677,1.158928675,1.236235302,1.030167655,1.056555723
6.617574249,3.529186717,2.302899568,1.564380374,1.167847182,1.260468346,1.031753052,1.065838119
7.059141085,3.873573681,2.441852869,1.595034889,1.177036297,1.285938866,1.032819337,1.07531312
7.194280677,3.976704268,2.510802019,1.60117773,1.17861242,1.310050836,1.033885963,1.08469081
7.330914709,4.083909322,2.582299883,1.607600131,1.179926045,1.334496881,1.034940684,1.094087085
7.486421713,4.196570724,2.657606903,1.614553772,1.182028203,1.360061479,1.036269059,1.104777883
7.661650469,4.315445474,2.736538763,1.620979841,1.18360511,1.386309238,1.036795429,1.11550839
7.840392221,4.439452096,2.819188652,1.626886509,1.18465652,1.412869398,1.037849391,1.126420652
7.886704203,4.44630206,2.824694959,1.626888444,1.183867952,1.424210283,1.036537955,1.133998205
7.935291326,4.451078868,2.828657504,1.62689021,1.183342275,1.433181183,1.035752842,1.140905735
7.984110911,4.456270346,2.832854858,1.627170341,1.182291003,1.4419923,1.035759536,1.148014065
8.015677888,4.460684997,2.83719912,1.627717824,1.181502622,1.451276738,1.036559059,1.155833816
8.048177039,4.465498943,2.841196613,1.628255597,1.180714302,1.460856441,1.036565142,1.163749406
8.081616779,4.470738749,2.845320271,1.629607146,1.18018879,1.470503978,1.036303548,1.17168073
8.098377552,4.472787918,2.846968766,1.629878583,1.18018879,1.475266684,1.036073027,1.17669347
8.112645716,4.475693276,2.84887555,1.630694378,1.179663306,1.479309953,1.036074086,1.181304769
8.127774773,4.478133275,2.851147059,1.632044013,1.179663306,1.483300973,1.036348171,1.186035177
8.160208913,4.481367643,2.853616505,1.632318663,1.17861242,1.487429639,1.036094355,1.190880116
8.153882567,4.482988469,2.85598492,1.63178587,1.177824327,1.491629345,1.036100498,1.195953249
8.147138738,4.485024058,2.858609923,1.632328095,1.177824327,1.49582134,1.035587531,1.201003129
8.115585736,4.484222791,2.859590225,1.63313967,1.177036297,1.498000066,1.03533607,1.20405011
8.113485636,4.484670291,2.860586923,1.632336116,1.176510978,1.499746394,1.035600227,1.20692442
8.112645716,4.48548996,2.861559004,1.6315337,1.175985686,1.50140666,1.035339595,1.209675248
8.130298445,4.485102664,2.862285655,1.63180216,1.175985686,1.503296835,1.03560758,1.212882263
8.14545347,4.485510679,2.863022955,1.631803599,1.17572305,1.505333769,1.035617377,1.215850294
8.160630808,4.485925308,2.863995631,1.631537232,1.175460422,1.507402001,1.034829805,1.218882341
8.157256135,4.485971753,2.864792892,1.630734209,1.174409976,1.508699078,1.034043704,1.220727285
8.135347644,4.48479314,2.865096325,1.629666306,1.174147382,1.509744996,1.034312576,1.222441177
8.113905621,4.483254897,2.866046962,1.629674582,1.173884794,1.510898213,1.034604943,1.224084738
8.097958199,4.484498878,2.867741921,1.629955067,1.173884794,1.512480054,1.034625466,1.226404272
8.083291627,4.486522319,2.869710789,1.62915684,1.17335964,1.51425004,1.035164771,1.228499025
8.069064113,4.488168841,2.871452064,1.628631485,1.173097073,1.516020084,1.035447893,1.230652396
8.071991697,4.490629273,2.872912318,1.628371753,1.173622214,1.517289441,1.035189,1.231976227
8.073664977,4.492706773,2.874844218,1.628112619,1.17335964,1.518294932,1.035189369,1.233373815
8.074501719,4.494381446,2.876709231,1.627309833,1.173097073,1.519330444,1.03520225,1.23464098
8.082035466,4.498086729,2.878993548,1.627581061,1.172834514,1.520694702,1.036261405,1.236425263
8.083710382,4.499342496,2.880532913,1.628129625,1.173622214,1.522211408,1.03626968,1.238189508
8.085385571,4.500972483,2.882541297,1.628399945,1.17335964,1.523646963,1.037065807,1.239904595
8.068645954,4.501858239,2.883801379,1.628935618,1.173622214,1.525023455,1.037883067,1.241325185
8.090412778,4.503887907,2.885165222,1.630545565,1.173884794,1.526309338,1.03867628,1.242469567
8.112225781,4.505918764,2.88647704,1.631645597,1.173622214,1.52767548,1.03923966,1.243765279
8.102572016,4.508517996,2.888302575,1.631120061,1.174409976,1.529037007,1.039505591,1.245151415
8.131560512,4.511425635,2.890235624,1.632493041,1.174147382,1.530232221,1.040035788,1.246494379
8.159787036,4.513902027,2.891893863,1.633847943,1.173884794,1.531611747,1.040300057,1.247988413
8.168650082,4.518004277,2.893824629,1.634652109,1.17335964,1.532734853,1.040340622,1.248959714
8.180902051,4.520864435,2.895572457,1.634654886,1.17335964,1.533806489,1.040610869,1.250116849
8.193168574,4.523733805,2.897337157,1.635996211,1.173622214,1.534788761,1.041951604,1.251290553
8.165272786,4.527033763,2.899477352,1.636801128,1.173884794,1.53601328,1.043004643,1.252426748
8.170339144,4.531128763,2.901554016,1.637615011,1.174409976,1.537383068,1.043533544,1.253567097
8.174985492,4.535276805,2.903208639,1.637638791,1.174935185,1.538628048,1.044061297,1.254784427
8.173718099,4.536597273,2.904094238,1.63711352,1.1751978,1.539533787,1.044861568,1.255562709
8.172450861,4.537454964,2.904641308,1.638202239,1.17572305,1.540188132,1.044869067,1.256143927
8.170339144,4.538314885,2.905172762,1.638740894,1.176248328,1.540897278,1.045399171,1.256781492
7.847346041,4.491963094,2.881892225,1.620545246,1.171259299,1.539197712,1.044873435,1.256851634
7.431697585,4.379613209,2.826829607,1.596770187,1.165485628,1.533470158,1.043833951,1.255822788
7.032712756,4.271418256,2.773585795,1.572249965,1.159453073,1.527655221,1.04278386,1.254864261
6.644337418,4.166019981,2.721477253,1.548321633,1.153162104,1.521680097,1.040682338,1.253752684
6.275653643,4.06647295,2.671023487,1.524444094,1.146875084,1.515518766,1.039368177,1.252694303
5.920921587,3.970663668,2.622113644,1.499833086,1.141638916,1.509512742,1.036742115,1.251342048
5.535871733,3.787638142,2.531553765,1.471850639,1.134312879,1.492887041,1.03412135,1.246705939
5.164454583,3.604743728,2.43938871,1.443429985,1.127253563,1.474975432,1.032289735,1.241395399
4.807752696,3.435308895,2.352122231,1.415097024,1.11993805,1.457220909,1.030187928,1.235901404
4.487113319,3.277580517,2.269397865,1.387632528,1.111844971,1.439587393,1.028624484,1.230368163
4.153465102,3.130907918,2.190698411,1.359207147,1.104279955,1.422413838,1.026273925,1.224900789
3.832427984,2.99389707,2.116118835,1.330587752,1.096720664,1.405150927,1.024707925,1.21933659
3.518737632,2.845311863,2.034686478,1.301791013,1.089167091,1.384406144,1.022619229,1.211634007
3.216401795,2.702894907,1.954934531,1.273602542,1.081098897,1.36365058,1.021047437,1.203801036
2.925520978,2.570822174,1.879590584,1.243683362,1.072517337,1.343196369,1.019473507,1.195591088
2.667004676,2.447538212,1.808235026,1.214879241,1.06420287,1.322782596,1.017904782,1.187474649
2.399469717,2.332121189,1.740437665,1.18667793,1.055895331,1.302671828,1.015837408,1.179358516
2.141226005,2.223971426,1.67628198,1.158816199,1.047854001,1.282683775,1.014297915,1.171258254
1.890366574,2.114879871,1.610334993,1.130530206,1.039301003,1.261343161,1.012199831,1.161710435
1.64757917,2.010804714,1.547409967,1.10206227,1.030755345,1.239923033,1.009841216,1.151936286
1.41286344,1.913327549,1.487460063,1.073419651,1.021699779,1.218805838,1.007748894,1.142212664
1.330808446,1.834739378,1.439350856,1.062296765,1.018338382,1.200035179,1.005916204,1.132882408
1.298031842,1.777608422,1.404796192,1.057250181,1.016270394,1.184528364,1.004868818,1.124564726
1.265036469,1.722874748,1.371418481,1.052199097,1.01291083,1.169295256,1.004086308,1.116552211
1.231454354,1.666780556,1.337612469,1.04614092,1.011360645,1.153703822,1.004091635,1.107430595
1.198591662,1.611924135,1.304854536,1.040115337,1.00877754,1.138084411,1.003054296,1.098163091
1.165517547,1.559232582,1.273130786,1.034064091,1.005936899,1.122584208,1.003345444,1.089044278
1.157043885,1.53338855,1.258243657,1.031308245,1.00490414,1.115542578,1.003618466,1.082922914
1.149867937,1.512204134,1.246231568,1.029040527,1.003871489,1.109721009,1.003375801,1.077492652
1.142883252,1.49105673,1.234296594,1.026773821,1.002322712,1.103807409,1.003383281,1.072397299
1.135355174,1.468350594,1.221246144,1.025516435,1.001806507,1.097407864,1.002608146,1.066854959
1.127102225,1.444634724,1.207786424,1.023506006,1.001548414,1.090826689,1.002093964,1.06121663
1.118859281,1.421256338,1.194643367,1.022251173,1.001032249,1.084279076,1.001324287,1.055544546
1.114284184,1.406110651,1.186975553,1.020501884,1.000258052,1.080829653,1.001861438,1.051990923
1.110260646,1.393226122,1.180560357,1.019499855,1.000774177,1.077773145,1.001875682,1.04886249
1.10623949,1.380340565,1.173986773,1.019001665,1.001032249,1.074560488,1.001652818,1.045921659
1.101125097,1.365542765,1.166385375,1.017502846,1.000774177,1.071103265,1.001409603,1.042439612
1.096744397,1.350429396,1.158608543,1.015743106,1.000774177,1.06763883,1.001696654,1.038917975
1.092366524,1.335505506,1.150852386,1.01473786,1.000258052,1.064219375,1.001180267,1.035315702
1.089996356,1.325058166,1.146731221,1.01449175,1,1.062249744,1.00172677,1.033150971
1.086898154,1.316069449,1.14262879,1.013756923,1.000516111,1.060649665,1.002276373,1.031254399
1.084165622,1.307000129,1.138570339,1.012759462,1.001032249,1.059001436,1.002019053,1.029273593
1.080523958,1.297083607,1.134120775,1.012761238,1.000258052,1.056452532,1.003074861,1.027189234
1.077248134,1.286809038,1.129876683,1.011505635,1.000258052,1.053657742,1.003606986,1.025203329
1.074701365,1.276696289,1.125349631,1.010499868,1.001548414,1.050952473,1.003082588,1.023141861
1.072519182,1.269203968,1.121882261,1.010012464,1.000774177,1.04865269,1.00310489,1.021820252
1.069428959,1.262546059,1.118557514,1.009278221,1.001032249,1.046486398,1.003108655,1.020570431
1.066703462,1.255874897,1.115282224,1.009280717,1.001290329,1.044207973,1.002328017,1.019418428
1.064342253,1.247553143,1.111222132,1.009029623,1.000774177,1.041913776,1.002595877,1.018308244
1.061981866,1.239011424,1.107294907,1.009306799,1.000774177,1.038954299,1.002340052,1.017142408
1.059803779,1.230953125,1.103096372,1.009314575,1.001290329,1.036049441,1.001828178,1.015694234
1.057807814,1.224418431,1.099868745,1.009324452,1.001290329,1.033878129,1.001844483,1.014495083
1.056356574,1.219034693,1.097195328,1.009837206,1.001290329,1.0317304,1.002898108,1.013356935
1.0547243,1.213771094,1.0944095,1.00958708,1.001032249,1.02955803,1.003429075,1.012350859
1.05327372,1.207572801,1.09099248,1.010107314,1.001548414,1.027448338,1.002906882,1.011033039
1.051279682,1.201233611,1.087976266,1.009364622,1.000774177,1.02550832,1.002907001,1.009904157
1.049105037,1.195000724,1.08493068,1.00810968,1.000774177,1.023495101,1.001596424,1.008634392
1.047836817,1.190556526,1.082822131,1.008120049,1.000774177,1.021782841,1.000549182,1.007803847
1.046387715,1.186622686,1.080884919,1.007878813,1.000258052,1.019976916,0.999763879,1.007007579
1.044757845,1.182695679,1.079043339,1.007380036,1.000258052,1.018370867,1.000298396,1.006283384
1.042585298,1.177762094,1.076856038,1.006635742,1,1.017095417,0.999517119,1.005349316
1.0413183,1.172793661,1.074470278,1.006642977,0.999483915,1.015762547,0.999042536,1.004605107
1.039870595,1.168033067,1.072086289,1.007170673,0.999225883,1.014334757,0.999317494,1.0039091
1.039508717,1.163963773,1.070175089,1.006676291,0.999483915,1.01396498,0.998278898,1.00314252
1.038423199,1.160281584,1.06852966,1.00667634,0.999225883,1.013693027,0.998026327,1.002733419
1.037156982,1.156601957,1.06690408,1.00743503,0.998709839,1.013489711,0.999084702,1.002227175
1.035529338,1.151899443,1.064242591,1.007436967,0.998451827,1.013492419,0.999100314,1.001696262
1.03462526,1.147607278,1.06167743,1.007186006,0.998451827,1.013113659,0.999888355,1.001154765
1.033721304,1.143261612,1.059198754,1.007196673,0.998709839,1.012724881,1.000938401,1.000579035
1.032998226,1.140484037,1.057552278,1.0079573,0.999225883,1.012576076,1.000680292,1.000098878
1.031913754,1.13774114,1.056083682,1.007459269,0.999225883,1.012865737,1.00094882,0.999701116
1.03101016,1.134795784,1.054671988,1.0074613,0.998967858,1.013249282,1.00201626,0.999480004
1.029926008,1.131003596,1.053141579,1.007214049,0.998967858,1.01357903,1.002549051,0.999166678
1.02902268,1.127289302,1.051843252,1.007472772,0.999225883,1.013636575,1.002549961,0.998910544
1.028300105,1.123637145,1.050543589,1.00772551,0.999741954,1.013762017,1.002817693,0.998697543
1.027216388,1.12054162,1.049872549,1.007484813,0.999741954,1.013832921,1.003094136,0.998532506
1.026674594,1.117910165,1.049103366,1.007495692,0.999483915,1.013728129,1.002046755,0.998417016
1.026494006,1.115090971,1.048192532,1.008503295,0.998967858,1.013598795,1.002849112,0.998278877
1.026132844,1.111922881,1.04694914,1.009258273,0.999483915,1.013895744,1.003902409,0.998395032
1.025230024,1.10810511,1.0460593,1.009765142,0.999741954,1.014306196,1.004174494,0.998364786
1.02486893,1.104410664,1.044667363,1.009270744,1.000516111,1.014769134,1.003413812,0.998401806
1.024327325,1.101632105,1.043679404,1.009525314,1.001032249,1.01472023,1.003415236,0.99850093
1.023966279,1.098919236,1.042771264,1.00902356,1.001290329,1.014952452,1.003969321,0.998533854
1.023424746,1.096210727,1.041793624,1.009276668,1.001548414,1.015087287,1.003453314,0.998356939
1.022161339,1.093192213,1.040452081,1.008775373,1.001806507,1.014878602,1.003734683,0.998467771
1.021619951,1.08974658,1.038980071,1.008021484,1.001032249,1.014313009,1.003744637,0.998317271
1.020898168,1.086338757,1.037599838,1.007023356,1.001290329,1.013816198,1.002444033,0.998127065
1.020898168,1.083767315,1.036795338,1.00678177,1.001806507,1.013230078,1.002201809,0.998026415
1.020898168,1.080960717,1.036609565,1.007540838,1.002064606,1.012900074,1.001417863,0.997947316
1.020176462,1.078172202,1.03575801,1.007546197,1.001806507,1.012666569,1.001164658,0.997977636
1.019454834,1.075807843,1.034955447,1.006798542,1.001032249,1.011984609,1.000918153,0.998387345
1.019454834,1.07373321,1.03448128,1.007308802,1.001548414,1.011619399,1.001202479,0.998422862
1.018552907,1.071629482,1.033727237,1.007057926,1.001806507,1.011175176,1.000679917,0.998225666
1.018372536,1.07036901,1.033291478,1.007069597,1.001290329,1.010958851,1.000178547,0.998134827
1.0176511,1.069083452,1.032440366,1.006581193,1.000774177,1.010775313,0.999139681,0.998064365
1.017290411,1.067665649,1.031478495,1.006339373,1.000258052,1.010461221,0.998883554,0.997890171
1.017110074,1.065776054,1.030094029,1.006853537,0.999741954,1.009995884,0.998896319,0.998061561
1.017110074,1.063304309,1.028772961,1.006602585,0.999741954,1.009512192,0.999704938,0.998030694
1.016749414,1.060999283,1.027468338,1.006855923,1.000516111,1.009259246,0.998924299,0.998115655
1.016388773,1.059048099,1.02625853,1.007112863,1.000774177,1.008615267,0.99868667,0.99811171
1.016028152,1.057698372,1.025330748,1.007378385,1.000516111,1.007718285,0.997903406,0.997934333
1.01566755,1.056295359,1.024399641,1.007382634,0.999225883,1.006724237,0.997642965,0.99793859
1.015487256,1.05462354,1.023308191,1.007641272,0.999225883,1.005665255,0.997653926,0.997873387
1.01458586,1.053000612,1.02232723,1.00766924,0.998967858,1.004767194,0.997657398,0.997843362
1.014225335,1.051319172,1.021643261,1.006672057,0.998709839,1.003868496,0.998188597,0.997882487
1.013504343,1.049906749,1.021166779,1.006423252,0.998709839,1.00359307,0.998206742,0.997927916
1.013143875,1.049069141,1.020662059,1.006426113,0.998709839,1.003489797,0.997966396,0.998121916
1.012603211,1.04813328,1.020304754,1.006428039,0.998193821,1.003270129,0.997974504,0.997963537
1.01206259,1.046910002,1.019995177,1.006682786,0.998451827,1.003091298,0.997451478,0.997983703
1.011882392,1.045746833,1.019398884,1.006685574,0.998709839,1.002812134,0.997230459,0.998260691
1.012242792,1.044516537,1.018723246,1.006435857,0.998967858,1.002631135,0.995924565,0.998126676
1.012963649,1.042951477,1.018154217,1.006436723,1.001032249,1.002721296,0.994877474,0.998180402
1.013143875,1.041158258,1.017367453,1.006689608,1.001290329,1.00251983,0.993575658,0.998222798
1.013684583,1.039526566,1.016413894,1.006692482,1.002322712,1.002391888,0.992006091,0.998283428
1.013504343,1.037525422,1.015234435,1.006699264,1.002838944,1.002046667,0.992545382,0.998424057
1.013324107,1.03554478,1.014189865,1.006453311,1.003355203,1.001449705,0.992295398,0.998487146
1.012963649,1.033576536,1.013284286,1.005954347,1.003355203,1.00094994,0.992560479,0.998506736
1.012603211,1.032359906,1.012817927,1.004949989,1.003871489,1.000655931,0.992572922,0.998337081
1.0117022,1.031400082,1.012467163,1.005454778,1.004387801,1.000386028,0.992837188,0.998267665
1.010621145,1.030358493,1.01198168,1.004464505,1.003871489,1.000160707,0.993374983,0.998179464
1.009720398,1.029084149,1.011848549,1.003719891,1.002838944,1.000178475,0.993644747,0.997972228
1.009720398,1.02793061,1.011536576,1.003479755,1.00309707,1.000190205,0.994956731,0.997980346
1.009360134,1.026873686,1.010974857,1.004259679,1.004129641,1.000192378,0.995780297,0.997906233
1.008639662,1.026024771,1.010479778,1.004036955,1.004387801,1.000339632,0.995815222,0.997735763
1.008279454,1.025068687,1.010007303,1.004813175,1.004129641,1.000134948,0.996079879,0.997626942
1.007379021,1.024020682,1.009495987,1.005073766,1.003613342,0.999978604,0.995822427,0.997545383
1.007379021,1.022756221,1.009543451,1.006085704,1.003871489,1.000004553,0.995822726,0.997724351
1.006658761,1.021993037,1.009342599,1.006096666,1.004387801,0.999822265,0.996086648,0.997804887
1.006298659,1.021293862,1.009192101,1.007108095,1.004387801,0.999633227,0.996613191,0.998097084
1.006298659,1.020891135,1.008818743,1.007361554,1.003355203,0.999472547,0.997151203,0.998303936
1.005218471,1.020452183,1.008651618,1.007113709,1.002580825,0.999331599,0.997151605,0.998376441
1.005038456,1.020133284,1.008437752,1.007373074,1.002064606,0.99911606,0.997414535,0.998687466
1.003598513,1.018992534,1.00805022,1.007124002,1.001032249,0.998989612,0.998489281,0.998904052
1.002338815,1.01764304,1.007602506,1.006629016,1.000516111,0.999034608,0.999801894,0.998979751
1.001619093,1.016237584,1.007456581,1.006632967,1,0.999095293,1.001912609,0.999175001
1.001079352,1.015039878,1.007532563,1.005881241,0.999741954,0.99944671,1.001128522,0.999295261
1.000719549,1.013881127,1.007700925,1.005383842,0.999741954,0.999789305,1.001928424,0.999546554
1.000719549,1.012804111,1.007644715,1.004635562,0.999741954,1.000098665,1.002190827,0.999893609
1,1.011626529,1.00811509,1.005392788,0.998709839,1.000559705,1.00326261,1.000330743
1,1.010497559,1.008121363,1.004649673,0.998709839,1.001330178,1.003535436,1.000632116
0.999640254,1.00936562,1.008114436,1.004916223,0.998451827,1.002011498,1.003551796,1.000887175
0.999820125,1.008526291,1.008060838,1.004454775,0.999225883,1.002347135,1.002765325,1.000945784
0.999460389,1.007560269,1.008164436,1.003953179,0.999741954,1.002799745,1.002506484,1.001134733
0.999640254,1.006595751,1.008238499,1.003713091,0.999483915,1.003266495,1.001722719,1.001436511
0.999820125,1.005597587,1.008291383,1.003222261,0.998709839,1.003396466,1.002534542,1.001568359
1.00017988,1.004734274,1.008359207,1.002468649,0.999741954,1.003342126,1.001234073,1.001784846
1.000539654,1.003927705,1.008413934,1.003232023,1.000258052,1.003176106,1.000985778,1.002080506
1.000359765,1.003323094,1.007844553,1.00222822,0.999483915,1.002992997,1.000209899,1.002015382
1.000539654,1.002360973,1.007694457,1.002247719,0.999741954,1.003016639,0.999712229,1.001967163
1.000539654,1.001340877,1.00731764,1.001248236,1,1.002917131,0.999720479,1.002026487
1,0.999940315,1.006997941,1.000494931,1,1.002964738,0.999999332,1.001900978