S1,S2,S3,S4,S5,S6,S7,S8
1.004548947,1.008615951,1.004522733,1.002734126,1,1.006671886,1.003880438,1.006759726
1.005036536,1.00844327,1.004276653,1.002734126,0.999785973,1.00659992,1.003880438,1.006461115
1.004874002,1.008360705,1.00388304,1.002313431,0.999571951,1.00605833,1.003449188,1.006206992
1.004548947,1.008114491,1.003538746,1.002523776,0.999143924,1.005688126,1.003233572,1.005993492
1.004548947,1.007928576,1.003243722,1.002523776,0.999571951,1.005412907,1.003233572,1.005736021
1.003898889,1.007781339,1.002899629,1.002523776,1.000214033,1.005099101,1.003017961,1.005575834
1.003573886,1.007632825,1.002555643,1.002313431,0.999571951,1.004688367,1.002802356,1.005468643
1.003411391,1.007435642,1.00216265,1.002734126,0.999357935,1.004385716,1.002155574,1.005145656
1.002761454,1.006895304,1.001720701,1.002523776,0.99892992,1.004287555,1.001939991,1.00499183
1.002436512,1.006698594,1.001377087,1.002734126,0.999571951,1.004129738,1.001293277,1.004723544
1.001949132,1.006698433,1.001082646,1.002313431,0.999571951,1.003860102,1.001724414,1.004502093
1.001949132,1.00642314,1.000935456,1.002103091,0.999143924,1.003747618,1.002586756,1.004309314
1.001624233,1.006190391,1.00083734,1.002313431,0.999143924,1.003856806,1.002371162,1.004000711
1.001299351,1.005899163,1.000690182,1.002103091,0.99892992,1.004126801,1.002802356,1.003954574
1.000974488,1.005651057,1.000543045,1.001682429,0.999143924,1.004190152,1.002155574,1.003955832
1.000649641,1.005317976,1.000494003,1.001892757,0.999357935,1.004314537,1.002155574,1.003863349
1.000487224,1.005171106,1.000395927,1.001892757,1.000214033,1.004451567,1.002155574,1.003915874
1.000324812,1.004490955,1.000346892,1.001472106,1.000214033,1.004651047,1.002586756,1.003933342
0.999837601,1.004071947,1.000494003,1.001261789,0.999571951,1.005145581,1.002371162,1.00390838
0.999837601,1.003687168,1.000690182,1.00063087,0.99892992,1.005685757,1.003233572,1.003596695
0.999512815,1.003543027,1.00103358,1.000210284,0.999143924,1.006013194,1.003449188,1.003493497
0.999350429,1.003352398,1.001426168,0.999579448,0.99892992,1.006460627,1.00366481,1.003501947
0.998863295,1.003005539,1.001720701,0.999789721,0.99892992,1.007019385,1.00366481,1.003553145
0.998863295,1.002811485,1.002113536,1.000210284,0.99871592,1.007688294,1.003017961,1.003503879
0.998538562,1.00261761,1.002408254,1.000210284,0.99892992,1.008235768,1.003233572,1.003400573
0.997889147,1.002490095,1.002653914,1,0.99871592,1.008751568,1.002586756,1.003422245
0.998051494,1.002567944,1.002653914,0.999789721,0.998501927,1.009275911,1.002586756,1.003287817
0.997726804,1.002278939,1.002801336,1.000420574,0.998501927,1.009620869,1.002586756,1.003242965
0.997889147,1.002058468,1.002948778,1.000420574,0.99871592,1.009994632,1.002586756,1.003216869
0.997889147,1.002171692,1.003194559,1.00084117,0.999357935,1.01010943,1.002155574,1.003068159
0.997726804,1.001886368,1.003292887,1.00063087,0.999143924,1.010296263,1.002371162,1.003081054
0.997726804,1.001361948,1.003391224,1.001051477,0.999143924,1.010580726,1.001724414,1.003103174
0.997239801,1.000945296,1.00348957,1.001472106,0.999357935,1.010827397,1.000646613,1.003133505
0.997239801,1.000654334,1.003538746,1.001892757,1.000214033,1.011050333,1.000646613,1.00319461
0.997402131,1.000263202,1.003686287,1.002103091,1.000428071,1.011228845,1.00043107,1.003092215
0.996915154,0.999969267,1.00388304,1.002103091,1.00107022,1.011506885,1.000646613,1.002879344
0.997077475,0.99993704,1.004030629,1.002734126,1.00107022,1.011562356,1.000215532,1.002788414
0.997402131,0.99996694,1.004276653,1.002944482,1.00107022,1.011677052,1.001077716,1.002710006
0.997726804,1.000424,1.004276653,1.003154843,1.000856165,1.011654587,1.000215532,1.002341459
0.998051494,1.000640241,1.004079829,1.003785961,1.00171242,1.01135981,1.00043107,1.002196755
0.997726804,1.000964009,1.003833849,1.004206733,1.00171242,1.011145858,1,1.002272304
0.998700926,1.001222802,1.00348957,1.004206733,1.001926497,1.010832395,0.999568953,1.002174564
0.999188046,1.001543909,1.003145399,1.003996344,1.001926497,1.01058459,0.999568953,1.002143549
0.999512815,1.001938448,1.00299793,1.004417127,1.002354669,1.01021294,0.999137928,1.002027964
0.999675206,1.002319693,1.002752193,1.004206733,1.002782864,1.009794531,1,1.001899001
1.000487224,1.002735762,1.002604777,1.004206733,1.002996969,1.009518509,0.999784474,1.00180917
1.000649641,1.003015784,1.002506511,1.004417127,1.003211081,1.009212786,1.000215532,1.001786469
1.001299351,1.003116192,1.002653914,1.004206733,1.002782864,1.009024177,1,1.001787416
1.001949132,1.003593954,1.002752193,1.003996344,1.003211081,1.008941342,0.999784474,1.001650838
1.002111587,1.004065573,1.002801336,1.003785961,1.003853448,1.008837382,1,1.001566437
1.002111587,1.00452681,1.002801336,1.003154843,1.003211081,1.008677452,1.000215532,1.001525585
1.002598981,1.004936457,1.002899629,1.003785961,1.003853448,1.008544734,1.000215532,1.001374602
1.002598981,1.005537906,1.00299793,1.004206733,1.004067581,1.008394916,1.000646613,1.001324179
1.002923932,1.005604578,1.00309624,1.003996344,1.003425197,1.008130088,1.001077716,1.001124692
1.0032489,1.006014487,1.003292887,1.003996344,1.002996969,1.007810143,1.001724414,1.001185741
1.003411391,1.006416748,1.003391224,1.003996344,1.002782864,1.0076034,1.001508842,1.001026952
1.003898889,1.006618911,1.003587924,1.003785961,1.002354669,1.007385944,1.001077716,1.000975582
1.004061397,1.006593425,1.003735472,1.00336521,1.00214058,1.007282589,1.000862162,1.000945895
1.004061397,1.00644769,1.003833849,1.002944482,1.001284281,1.007173557,1.00043107,1.001057894
1.003736385,1.006366247,1.00398143,1.003154843,1.00171242,1.007135596,1.000646613,1.001346556
1.004061397,1.006373148,1.004129032,1.002523776,1.00171242,1.006982532,0.999784474,1.001245296
1.004386426,1.006293824,1.004325865,1.002103091,1.001926497,1.006729261,0.999784474,1.001103457
1.003736385,1.005948507,1.004424294,1.002944482,1.00171242,1.006633579,0.999784474,1.000994688
1.003411391,1.005780442,1.004473513,1.004206733,1.002354669,1.006362469,1.00043107,1.000863761
1.0032489,1.005636388,1.004375078,1.00336521,1.001926497,1.00609498,1.001508842,1.000815122
1.002923932,1.005204155,1.004178237,1.003575583,1.001926497,1.005996187,1.000646613,1.000777142
1.002274048,1.004834009,1.004030629,1.00336521,1.002354669,1.005791483,1,1.000697245
1.002761454,1.004705397,1.00398143,1.00336521,1.002996969,1.005580315,1.000646613,1.000555833
1.002111587,1.004408379,1.00388304,1.003996344,1.003853448,1.005372879,1.000862162,1.000233216
1.001299351,1.004164959,1.003686287,1.003785961,1.00363932,1.00515671,1.001724414,1.000130542
1.000974488,1.003891903,1.003637105,1.003785961,1.003211081,1.004950804,1.001508842,1.000101962
1.001624233,1.00371402,1.003440396,1.003154843,1.003425197,1.005049321,1.001508842,0.999852923
1.000974488,1.003101377,1.003194559,1.002313431,1.002568764,1.004947139,1.001724414,0.999724631
1.000812062,1.002311372,1.002948778,1.001892757,1.002354669,1.004625962,1.001077716,0.99940567
1.000812062,1.001946462,1.002703052,1.002313431,1.003211081,1.004526044,1.000862162,0.999330106
1.000324812,1.001319843,1.002408254,1.002103091,1.003425197,1.004454379,0.999568953,0.999078927
0.999512815,1.000702701,1.00216265,1.002313431,1.003211081,1.00434758,0.999784474,0.998944882
0.999350429,1.000228227,1.001769798,1.003154843,1.002996969,1.004186544,0.999568953,0.998800039
0.998376202,0.999739408,1.001426168,1.00336521,1.00363932,1.004092489,1.000215532,0.998752973
0.997889147,0.99929526,1.001082646,1.004206733,1.004067581,1.0040064,0.999784474,0.998588477
0.998213846,0.999359139,1.000886397,1.004837933,1.004495865,1.004061155,1.000215532,0.998279072
0.997889147,0.99982436,1.000788285,1.00525876,1.004495865,1.004012294,1.00043107,0.998293927
0.997564465,1.000223724,1.000788285,1.005469182,1.004067581,1.004035432,1.000215532,0.998134905
0.997239801,1.000940656,1.000788285,1.005048344,1.003853448,1.00400763,1.000215532,0.998103618
0.997402131,1.001373592,1.000984517,1.00525876,1.003853448,1.00417067,0.999784474,0.998031764
0.997402131,1.001772153,1.001082646,1.006100481,1.004067581,1.004292801,0.999568953,0.997871478
0.997402131,1.002439008,1.001278931,1.006100481,1.003853448,1.004363883,1,0.997946785
0.997726804,1.003122167,1.001377087,1.006521375,1.00363932,1.004428848,1.000862162,0.997930181
0.997889147,1.003689373,1.001426168,1.006942291,1.002782864,1.004491637,1.00043107,0.997788858
0.998376202,1.004010186,1.001720701,1.006942291,1.002782864,1.004859402,0.999784474,0.997919193
0.998538562,1.003966009,1.00216265,1.006521375,1.002354669,1.005457219,0.999568953,0.997974468
0.998700926,1.003917482,1.002457382,1.006521375,1.001926497,1.006022919,0.999353438,0.997921736
0.998376202,1.003729188,1.002850481,1.007573705,1.00171242,1.006394043,0.999137928,0.998094103
0.999025669,1.004081192,1.003342054,1.00820517,1.00171242,1.006901078,0.999137928,0.998098062
0.999512815,1.004325449,1.003686287,1.008415669,1.001498348,1.007521218,0.999137928,0.998197325
0.999350429,1.004614648,1.004030629,1.007784188,1.00107022,1.008079451,0.999137928,0.998345689
0.999675206,1.004935363,1.004424294,1.007152757,1.000428071,1.008695115,1,0.998367887
1.000162404,1.005284448,1.004818102,1.006942291,1.00107022,1.00929556,1.00043107,0.998526261
1.000324812,1.00564133,1.005359819,1.00673183,1.00214058,1.009793281,1.001508842,0.99864258
1.001299351,1.006099595,1.005556873,1.006942291,1.001498348,1.00996995,1.001293277,0.998544795
1.001136917,1.006727008,1.005852521,1.006100481,1.000856165,1.010138384,1.001293277,0.998520455
1.000974488,1.00671152,1.006049665,1.004837933,0.999785973,1.010084474,1.000646613,0.998608738
1.000974488,1.00641771,1.00614825,1.004627527,0.999571951,1.0102924,1.001293277,0.998667802
1.001136917,1.006177246,1.006098956,1.004417127,1,1.01046873,1.001939991,0.998991791
1.00146179,1.005967773,1.006246843,1.004206733,0.999571951,1.010583024,1.002586756,0.999193165
1.001299351,1.005749133,1.006246843,1.003996344,0.99892992,1.010663672,1.002586756,0.999385336
1.001299351,1.005531559,1.006296143,1.003785961,0.999143924,1.010788573,1.002371162,0.999524571
1.00146179,1.005116826,1.006394751,1.003575583,0.999143924,1.010626074,1.002371162,0.999503712
1.00146179,1.004778707,1.006493367,1.00336521,0.99892992,1.010409197,1.002371162,0.999567767
1.00146179,1.004534792,1.006591992,1.002734126,0.99892992,1.010155786,1.002155574,0.999784148
1.001136917,1.004349322,1.006444058,1.002523776,0.998287938,1.009617437,1.003017961,0.999959491
1.00178668,1.004724681,1.006345446,1.003575583,0.99871592,1.008862826,1.003233572,1.000252458
1.001949132,1.004974942,1.00614825,1.003154843,0.99892992,1.008102024,1.004743006,1.000362035
1.00146179,1.005176566,1.006000375,1.003154843,0.999357935,1.007234027,1.004743006,1.000472678
1.00146179,1.005432778,1.005803241,1.002734126,0.999357935,1.006486175,1.004096071,1.000588127
1.00146179,1.005904791,1.005753963,1.002313431,0.999571951,1.00581728,1.004527355,1.000720247
1.00178668,1.005711052,1.005064303,1.002734126,1.000428071,1.004901617,1.00366481,1.000455596
1.003086414,1.005961413,1.004965816,1.00336521,1.00107022,1.004203117,1.003880438,1.000452876
1.004711472,1.006134379,1.004818102,1.004206733,1.000428071,1.003529248,1.003017961,1.000364317
1.006011832,1.00614312,1.004522733,1.004417127,0.999571951,1.002933004,1.002155574,1.000265089
1.007149876,1.006050191,1.004571955,1.004417127,0.999571951,1.002627427,1.002371162,1.000267508
1.008613387,1.005778644,1.004522733,1.004837933,1.000428071,1.002446255,1.002586756,1.000186609
1.010077252,1.005698006,1.004522733,1.005890043,1.001284281,1.002176813,1.003017961,1.000151514
1.011216057,1.005531384,1.004424294,1.006310925,1.001284281,1.001851892,1.003017961,1.000125706
1.013006039,1.005376915,1.004473513,1.00673183,1.000856165,1.001537168,1.003017961,1.000062269
1.014308175,1.005227816,1.004867338,1.006942291,1.001498348,1.001612781,1.002155574,0.999954447
1.015773412,1.005958502,1.005261305,1.007152757,1.001498348,1.001804067,1.001939991,0.999988678
1.016913284,1.006608464,1.005507606,1.007363228,1.001284281,1.001988667,1.001293277,0.999991567
1.018542045,1.007373053,1.005803241,1.008415669,1.001926497,1.002599056,1.001077716,1.000009096
1.020008302,1.008030756,1.006000375,1.008415669,1.001926497,1.003164618,1.000862162,1.000018968
1.021148969,1.008600154,1.006345446,1.008836684,1.002354669,1.003826848,1.000862162,0.999985965
1.02245285,1.009360324,1.006690625,1.009047199,1.00214058,1.004438374,1.000215532,0.999782027
1.023430944,1.010060643,1.007035914,1.008626174,1.00214058,1.00505242,1,0.999675627
1.024735315,1.010813924,1.007430662,1.00967878,1.002568764,1.005675073,0.999568953,0.999733669
1.026692395,1.011255864,1.008072432,1.010310409,1.003211081,1.0065788,1.000215532,0.99999167
1.028160618,1.011762144,1.008665169,1.010520964,1.003425197,1.007198306,1.000646613,1.000267882
1.029955594,1.012277755,1.009258226,1.01115266,1.003211081,1.007747334,0.999784474,1.000391337
1.031914353,1.013414765,1.010494795,1.01115266,1.00214058,1.008564986,1.001077716,1.000967223
1.032240875,1.014019354,1.011088843,1.011363236,1.00171242,1.009121904,1.000646613,1.001348863
1.032404142,1.014799226,1.011683213,1.011573818,1.002354669,1.009665449,1.000862162,1.001809243
1.033220543,1.01567018,1.012277906,1.011573818,1.002782864,1.010284155,1.001508842,1.002260045
1.03420037,1.016533304,1.012773729,1.011363236,1.003425197,1.010860163,1.001293277,1.002702536
1.035180354,1.017250601,1.013369012,1.011784405,1.004067581,1.011322854,1.001293277,1.003203473
1.0353437,1.017452598,1.013815687,1.011573818,1.00363932,1.012090276,1.001293277,1.003583112
1.035997128,1.017948059,1.014659901,1.011784405,1.004067581,1.013131281,1.000862162,1.004005047
1.035833764,1.018354445,1.015355624,1.0124162,1.004924172,1.014131777,1.000862162,1.004550455
1.036323868,1.018614898,1.015604203,1.013048045,1.005566673,1.014843497,1.001293277,1.004776036
1.036650626,1.018129615,1.015902573,1.01262681,1.005995036,1.015391142,1.001077716,1.005009966
1.037140795,1.017686441,1.016400035,1.012837425,1.005995036,1.015950448,1.001508842,1.005289734
1.037304194,1.0173182,1.016798167,1.011573818,1.005138333,1.016402444,1.001724414,1.005702408
1.037140795,1.01693142,1.017345833,1.01115266,1.004924172,1.01692717,1.001939991,1.006042333
1.037467597,1.016581524,1.017744308,1.011363236,1.005352501,1.017412255,1.001939991,1.006423076
1.037631004,1.016433248,1.018441985,1.011363236,1.004924172,1.018312749,1.002802356,1.007021528
1.037794416,1.016348377,1.018840856,1.011994998,1.004710016,1.019065884,1.002586756,1.007416528
1.037304194,1.016211063,1.01928976,1.011363236,1.004067581,1.019783968,1.002155574,1.007855455
1.036977401,1.016316081,1.019539229,1.010310409,1.003425197,1.020400348,1.001724414,1.008077082
1.036814011,1.016351487,1.019788756,1.010520964,1.002996969,1.021150538,1.001939991,1.008220976
1.036323868,1.016307854,1.019988417,1.010520964,1.003425197,1.022027595,1.003449188,1.008715812
1.035833764,1.016317597,1.020188115,1.010942089,1.003211081,1.022832275,1.00366481,1.008942627
1.035997128,1.01637022,1.020437789,1.011573818,1.003211081,1.023645305,1.003449188,1.009162182
1.035670405,1.016390606,1.020837384,1.01115266,1.002568764,1.024373936,1.003880438,1.009399704
1.036323868,1.016573486,1.021037236,1.01115266,1.002354669,1.024880531,1.003017961,1.009757819
1.036323868,1.016582433,1.021287102,1.011363236,1.002354669,1.025501601,1.003233572,1.010197096
1.035997128,1.016625722,1.021437048,1.010942089,1.001498348,1.026292161,1.003233572,1.010457657
1.036487245,1.017101066,1.021787003,1.010520964,1.001926497,1.026747242,1.003449188,1.010915958
1.036977401,1.017386066,1.021737003,1.010520964,1.00171242,1.026920063,1.003233572,1.011276013
1.037304194,1.017727264,1.021737003,1.009889317,1.001926497,1.027087914,1.002586756,1.011424635
1.037631004,1.017934752,1.021837006,1.009468247,1.00171242,1.027254162,1.003017961,1.011811755
1.037631004,1.018318719,1.021937018,1.009468247,1.001498348,1.027422509,1.002802356,1.01222056
1.037631004,1.018586897,1.021987027,1.009889317,1.00171242,1.027610033,1.002802356,1.012618219
1.038121252,1.018849987,1.021937018,1.010520964,1.002354669,1.027703298,1.002586756,1.013065246
1.038448107,1.01918608,1.021937018,1.010942089,1.002996969,1.027890826,1.002586756,1.013589505
1.038448107,1.019496686,1.021887011,1.011363236,1.002996969,1.028119275,1.003233572,1.014197262
1.038938421,1.019598625,1.021587015,1.011573818,1.003853448,1.02788096,1.002802356,1.014575654
1.039265319,1.019584136,1.021487035,1.010942089,1.003425197,1.027810183,1.003233572,1.014992742
1.039919168,1.019549884,1.021487035,1.011784405,1.003853448,1.027781434,1.003233572,1.015335675
1.040246118,1.019556144,1.021337082,1.012837425,1.004067581,1.027673858,1.003017961,1.015668906
1.040900072,1.019515604,1.021187148,1.012837425,1.004924172,1.027625662,1.003017961,1.016055976
1.041063572,1.019625273,1.021087204,1.013048045,1.004924172,1.027484527,1.002586756,1.016174109
1.041390584,1.019587942,1.020987269,1.012837425,1.005138333,1.027502308,1.002155574,1.016623266
1.041554096,1.019735538,1.020937305,1.012205596,1.005352501,1.027283106,1.002586756,1.017215726
1.041881135,1.019786972,1.020687519,1.011573818,1.005352501,1.027177972,1.001724414,1.017544229
1.040736577,1.019596777,1.020737471,1.011363236,1.004924172,1.027124444,1.001939991,1.017773455
1.040246118,1.019696983,1.020737471,1.01115266,1.004281721,1.026972563,1.002155574,1.018096273
1.0404096,1.019927663,1.020787426,1.011573818,1.004710016,1.026828286,1.002371162,1.018558231
1.0404096,1.020076434,1.020787426,1.011784405,1.004281721,1.026728687,1.002155574,1.018770222
1.039755699,1.020287048,1.020887343,1.011784405,1.004495865,1.02667597,1.002586756,1.018993767
1.039428774,1.020341124,1.020987269,1.011784405,1.004281721,1.026828708,1.003017961,1.019215999
1.039919168,1.020913675,1.020937305,1.011994998,1.003853448,1.026785835,1.002586756,1.019562843
1.039919168,1.021064672,1.020737471,1.0124162,1.004281721,1.027001312,1.002586756,1.019726754
1.039755699,1.021215812,1.02048773,1.011994998,1.004495865,1.027172106,1.002371162,1.019945452
1.039265319,1.021383316,1.020337913,1.011994998,1.004067581,1.027470153,1.002371162,1.02006692
1.039265319,1.021460687,1.020088262,1.012205596,1.003853448,1.027584422,1.001939991,1.020148595
1.038774978,1.021413519,1.019838668,1.011573818,1.003425197,1.027696232,1.001939991,1.020097123
1.038284677,1.021444057,1.019639033,1.011363236,1.002782864,1.027862016,1.001939991,1.020182309
1.038121252,1.02159943,1.019439435,1.01115266,1.003211081,1.028004055,1.001939991,1.020186645
1.037957832,1.021755124,1.019239872,1.010520964,1.003853448,1.028070921,1.001939991,1.020300585
1.037794416,1.021916768,1.019239872,1.00967878,1.003425197,1.028073308,1.002371162,1.020306862
1.037467597,1.022590258,1.01928976,1.00967878,1.002782864,1.027883156,1.002802356,1.020380153
1.037957832,1.023050333,1.019239872,1.009468247,1.00214058,1.027796421,1.002371162,1.02049597
1.037957832,1.023611717,1.01928976,1.009889317,1.002568764,1.027642236,1.002371162,1.020448105
1.037794416,1.024038507,1.019189988,1.010310409,1.002996969,1.027558947,1.001939991,1.020362087
1.037957832,1.024570417,1.01928976,1.011363236,1.003425197,1.027469085,1.002586756,1.020444079
1.038121252,1.025046611,1.019140105,1.011363236,1.00363932,1.027476885,1.002586756,1.020520633
1.038284677,1.025514953,1.019140105,1.011994998,1.004281721,1.027539921,1.002802356,1.02053451
1.038284677,1.025972615,1.019090224,1.011784405,1.00363932,1.027490383,1.003233572,1.020642713
1.038121252,1.025736078,1.018840856,1.012837425,1.003853448,1.027354746,1.003233572,1.020549453
1.037467597,1.025855684,1.018292445,1.011994998,1.002782864,1.026989106,1.003449188,1.02051338
1.036323868,1.025965822,1.017794127,1.011994998,1.00214058,1.026464539,1.003449188,1.020631786
1.03420037,1.025729156,1.017345833,1.011784405,1.00214058,1.025983288,1.00366481,1.020593043
1.033220543,1.025899932,1.016997287,1.011573818,1.001926497,1.025353138,1.00366481,1.020721589
1.032567413,1.025961527,1.01669862,1.010520964,1.001284281,1.02470138,1.003880438,1.020732666
1.031261364,1.026074639,1.016449793,1.009889317,1.001284281,1.024111546,1.004311711,1.020690081
1.0301188,1.026132189,1.016201023,1.009889317,1.00107022,1.023513862,1.004743006,1.020642453
1.029466002,1.026284136,1.016101531,1.010099861,1.001498348,1.022911509,1.004958662,1.020642816
1.028323776,1.025780703,1.016250773,1.00967878,1.002354669,1.022729668,1.004958662,1.020535289
1.026366171,1.025180365,1.016250773,1.009257721,1.00214058,1.022298087,1.004311711,1.020376981
1.025061451,1.024678981,1.016250773,1.009257721,1.00107022,1.021981066,1.003880438,1.020216417
1.023757011,1.024364395,1.016151276,1.009047199,1.001498348,1.021766209,1.003449188,1.020200387
1.021800874,1.023459915,1.016051788,1.008415669,1.00214058,1.021725515,1.002802356,1.02003974
1.019682436,1.022566958,1.016002047,1.007994676,1.00214058,1.021628883,1.002802356,1.019994942
1.017890488,1.021611309,1.015753378,1.006942291,1.001498348,1.021476973,1.003233572,1.019886695
1.016587585,1.020723582,1.015604203,1.005890043,1.000428071,1.021432687,1.003233572,1.019795324
1.014959348,1.019777742,1.015355624,1.00525876,1.000428071,1.021390687,1.003449188,1.019695416
1.013331547,1.018880545,1.015107101,1.004837933,1.000642115,1.021352024,1.004096071,1.019593185
1.011541469,1.018030006,1.014659901,1.003785961,1.00107022,1.021368468,1.003233572,1.019432157
1.009914583,1.017261865,1.014262543,1.00336521,1.000856165,1.021429731,1.003017961,1.019248198
1.008288132,1.017128235,1.014063918,1.002734126,1.00107022,1.0215424,1.003017961,1.019374183
1.007637674,1.01648953,1.014113571,1.00336521,1.00171242,1.021889868,1.003233572,1.019441691
1.007312471,1.01589963,1.014113571,1.003154843,1.00214058,1.022291207,1.003233572,1.019289174
1.006987285,1.015451261,1.014163226,1.003154843,1.00214058,1.022595345,1.003233572,1.019291487
1.006174397,1.014751902,1.014212884,1.002944482,1.00171242,1.022894425,1.003449188,1.019292851
1.006011832,1.014255755,1.014312205,1.003996344,1.002354669,1.023187252,1.003449188,1.019296969
1.005524165,1.013421566,1.014262543,1.004206733,1.002568764,1.023298471,1.003233572,1.019258157
1.004711472,1.012727728,1.014113571,1.003575583,1.00214058,1.023305918,1.003017961,1.019154659
1.003736385,1.012035992,1.013865329,1.003154843,1.001926497,1.023217901,1.002371162,1.019052862
1.003086414,1.011916807,1.013369012,1.00336521,1.00171242,1.022845395,1.001939991,1.018974269
1.003086414,1.011840044,1.012922519,1.003575583,1.001926497,1.022692606,1.002586756,1.019106496
1.002761454,1.011746162,1.012476208,1.00336521,1.002354669,1.022449591,1.003017961,1.019221605
1.002761454,1.011616036,1.012030078,1.003575583,1.00171242,1.022272428,1.003233572,1.019236504
1.002923932,1.011467692,1.011534591,1.003575583,1.00107022,1.022139708,1.003449188,1.019237848
1.002598981,1.011468476,1.011138362,1.003575583,1.00171242,1.02186596,1.004096071,1.01934311
1.002598981,1.011172031,1.011039327,1.004206733,1.00171242,1.021611673,1.003233572,1.01934126
1.002274048,1.010773794,1.010692775,1.004417127,1.00214058,1.021395876,1.003017961,1.019287379
1.002111587,1.010386022,1.010346333,1.004206733,1.001284281,1.021137172,1.002371162,1.01918925
1.001624233,1.009890175,1.010098941,1.004417127,1.00107022,1.020885885,1.002371162,1.019191724
1.001299351,1.009351161,1.01,1.004417127,1.000428071,1.020517903,1.002586756,1.019200623
1.000812062,1.008919693,1.009752686,1.004417127,1.00107022,1.020144705,1.001939991,1.01921726
0.999837601,1.008483659,1.009653777,1.004417127,1.000856165,1.019806334,1.001508842,1.019010858
0.999025669,1.008095018,1.009505429,1.004417127,1.000856165,1.019480626,1.001293277,1.018911102
0.999188046,1.007860294,1.009455984,1.004627527,1.000642115,1.019012913,1.001077716,1.018925075
0.999350429,1.008261946,1.009307662,1.004837933,1.000428071,1.018314849,1.001077716,1.018655973
1,1.007882127,1.009159361,1.003996344,1.000428071,1.017988662,1.001293277,1.018237697
0.999188046,1.007452048,1.009060505,1.003996344,1.000214033,1.01791233,1.002371162,1.018036993
0.999512815,1.007305333,1.009159361,1.003785961,1,1.017868307,1.001939991,1.017821298
0.999512815,1.007126538,1.009357101,1.003996344,1.00107022,1.017889238,1.002371162,1.017841324
0.999675206,1.006735727,1.009406541,1.003996344,1.001498348,1.017999673,1.002371162,1.017684487
1.000162404,1.006448985,1.009455984,1.004206733,1.001284281,1.018118952,1.002371162,1.017477754
1.000324812,1.00615565,1.009653777,1.004627527,1.00171242,1.018186868,1.002155574,1.017155383
1.000487224,1.005813715,1.009752686,1.004206733,1.001498348,1.018303703,1.002155574,1.016888543
1.000487224,1.005784984,1.009505429,1.004206733,1.00214058,1.018166925,1.002155574,1.016745997
1.000649641,1.006057713,1.009208793,1.004206733,1.001498348,1.01774224,1.001939991,1.016607046
1.001136917,1.006218417,1.008862819,1.004837933,1.001498348,1.017485977,1.001508842,1.01634642
1.000974488,1.00668936,1.00836876,1.005048344,1.002354669,1.017278749,1.001724414,1.016152491
1.000649641,1.00714485,1.008121814,1.00567961,1.002568764,1.016965328,1.001939991,1.015834076
1.000487224,1.007646684,1.007825553,1.005890043,1.003211081,1.016707402,1.002155574,1.015621066
1.000812062,1.008221416,1.007578729,1.006100481,1.002782864,1.016441765,1.001724414,1.015267757
1.000812062,1.008782805,1.00723327,1.006310925,1.002354669,1.016170601,1.001508842,1.01490095
1.001136917,1.009232411,1.006937249,1.005890043,1.00214058,1.015975288,1.001939991,1.014630574
1.00146179,1.009433003,1.006690625,1.005469182,1.001926497,1.015655293,1.002155574,1.014523224
1.00178668,1.009243695,1.006345446,1.00525876,1.002568764,1.015373247,1.001508842,1.014369881
1.00146179,1.008942197,1.005951089,1.005048344,1.002354669,1.015171784,1.001293277,1.014144879
1.001299351,1.007932181,1.005655414,1.004417127,1.002568764,1.015344495,1.001293277,1.014016392
1.000974488,1.007786132,1.005359819,1.005048344,1.002782864,1.015126183,1.000215532,1.013965131
1.00146179,1.007590999,1.005064303,1.004837933,1.002782864,1.014759928,0.998706926,1.013805744
1.001136917,1.007343802,1.004571955,1.005048344,1.002782864,1.014378751,0.999137928,1.013698339
1.00146179,1.007269636,1.004325865,1.005890043,1.00214058,1.01395127,0.998706926,1.013442466
1.00146179,1.007434272,1.004276653,1.005890043,1.00171242,1.013647907,0.998491434,1.013240643
1.001624233,1.007634701,1.004276653,1.00567961,1.00171242,1.013229742,0.998706926,1.013133591
1.00178668,1.007771083,1.004227444,1.004837933,1.000642115,1.012871844,0.998275947,1.013116223
1.001949132,1.007936142,1.004227444,1.004837933,1.000642115,1.012493221,0.998060465,1.012969151
1.001624233,1.007775696,1.004522733,1.004627527,1,1.012399,0.997629519,1.012790254
1.00146179,1.007336112,1.004867338,1.00525876,1.000856165,1.012472827,0.997844989,1.012739003
1.00146179,1.006954181,1.00511355,1.004417127,1.000214033,1.012504858,0.997629519,1.012537248
1.001624233,1.006769721,1.005310561,1.003996344,0.999571951,1.012403044,0.998275947,1.012605761
1.00178668,1.006129715,1.005507606,1.003154843,0.999357935,1.012382915,0.998060465,1.012556872
1.00146179,1.005490078,1.005803241,1.00336521,0.999785973,1.01234833,0.998491434,1.012562311
1.001624233,1.005035922,1.006098956,1.002944482,1.000214033,1.012244513,0.998491434,1.012495517
1.001299351,1.004404775,1.006444058,1.002944482,1.000214033,1.012139386,0.998922424,1.012563132
1.000974488,1.003706871,1.006789268,1.003996344,1.000428071,1.012043095,0.998491434,1.01249979
1.001299351,1.003371683,1.00688792,1.00336521,1.000856165,1.012111719,0.998491434,1.01223977
1.000812062,1.003388183,1.007134587,1.002734126,1,1.012031252,0.998491434,1.012093403
1.000812062,1.003234005,1.00723327,1.002944482,1.000428071,1.011926597,0.998922424,1.012028699
1.000812062,1.003150997,1.007381311,1.00336521,1.000214033,1.011609078,0.998922424,1.012153268
1.001136917,1.003151866,1.007529371,1.002944482,1,1.011393254,1.00043107,1.012208424
1.000812062,1.003154552,1.00762809,1.002734126,1.000214033,1.011132739,1.001293277,1.0122654
1.001624233,1.003248677,1.008023052,1.002944482,1.000428071,1.010933822,1.001508842,1.012255732
1.001949132,1.003271911,1.007973674,1.002313431,1.000428071,1.010938175,1.001077716,1.012278966
1.002274048,1.003034025,1.007924298,1.002734126,0.999785973,1.01083845,1.001508842,1.012392359
1.001949132,1.002729352,1.007677452,1.002944482,0.999785973,1.010691695,1.001508842,1.01243408
1.002274048,1.003131973,1.007331962,1.003154843,1.000642115,1.010694722,1.001077716,1.012332238
1.001624233,1.003034271,1.007035914,1.003575583,1.000856165,1.010450655,1.001508842,1.01233352
1.001299351,1.002995872,1.006690625,1.004206733,1.001498348,1.01024817,1.001939991,1.012290325
1.001136917,1.002962612,1.006444058,1.003575583,1.001926497,1.010154278,1.001077716,1.012252268
1.000974488,1.002987823,1.006246843,1.003785961,1.00214058,1.009964265,1.001939991,1.012331762
1.000649641,1.002709767,1.006000375,1.003575583,1.002354669,1.009870473,1.000862162,1.012079189
1.000812062,1.002924125,1.005852521,1.004206733,1.00214058,1.009710248,1.000862162,1.012041363
1.000974488,1.003092469,1.005655414,1.003996344,1.001926497,1.009580414,1.00043107,1.011893667
1.000812062,1.003476363,1.005409079,1.004417127,1.001926497,1.009388007,1.001077716,1.011822585
1.00146179,1.003804438,1.005212051,1.004417127,1.00214058,1.009259091,1.001077716,1.011582346
1.00178668,1.00416077,1.0051628,1.003785961,1.00171242,1.009121672,1.001508842,1.011483542
1.00178668,1.004410079,1.00511355,1.004206733,1.001284281,1.008977293,1.001939991,1.011430945
1.002274048,1.004713153,1.005064303,1.004837933,1.001284281,1.008941531,1.002371162,1.011328273
1.002761454,1.005365527,1.0051628,1.004627527,1.000856165,1.008837066,1.002586756,1.011282085
1.003411391,1.005930968,1.005261305,1.003996344,1.000856165,1.008843978,1.002802356,1.011139351
1.002923932,1.006223618,1.005261305,1.004837933,1.001284281,1.008829517,1.002155574,1.01102129
1.0032489,1.006205603,1.00511355,1.004627527,1.00107022,1.008782545,1.001508842,1.010727564
1.002598981,1.006218421,1.004916576,1.003785961,1.000856165,1.00900154,1.001508842,1.010631958
1.002111587,1.006180736,1.004867338,1.00336521,1.000642115,1.009153699,1.001508842,1.010589671
1.00178668,1.006164389,1.004768868,1.002944482,1.00107022,1.00926422,1.001293277,1.010351913
1.001949132,1.006072433,1.004818102,1.002523776,1.000642115,1.009487025,1.001508842,1.010354561
1.001624233,1.00530737,1.004965816,1.002313431,1.000428071,1.009440477,1.002371162,1.010382792
1.002111587,1.005086194,1.00511355,1.002523776,1.000428071,1.009726011,1.001508842,1.010246834
1.002761454,1.004856044,1.005212051,1.002313431,1.000642115,1.01005431,1.001939991,1.01031397
1.002761454,1.00414354,1.005015059,1.002734126,1.000642115,1.010385062,1.002155574,1.010127613
1.002761454,1.003822619,1.004916576,1.002523776,1.000856165,1.010580906,1.001293277,1.009990679
1.003086414,1.003602657,1.004916576,1.003575583,1.000856165,1.010799859,1.001939991,1.009801484
1.003086414,1.003411357,1.004768868,1.003154843,1.001498348,1.011060768,1.002371162,1.009645615
1.003411391,1.003257357,1.004522733,1.002734126,1.00171242,1.011279947,1.002586756,1.009527032
1.003736385,1.002827536,1.004276653,1.002523776,1.00171242,1.011557208,1.001939991,1.009483494
1.004061397,1.002558395,1.00398143,1.002313431,1.00214058,1.01185234,1.002802356,1.009511007
1.004061397,1.00231341,1.003686287,1.002734126,1.002782864,1.012139323,1.002802356,1.009404879
1.003898889,1.001899511,1.003391224,1.002944482,1.002782864,1.012357448,1.002586756,1.009381585
1.004223909,1.001366344,1.002899629,1.002944482,1.002782864,1.012420226,1.002371162,1.009175208
1.003411391,1.000824378,1.002506511,1.00336521,1.002996969,1.012540691,1.001939991,1.009063308
1.002598981,1.000217143,1.001917101,1.003154843,1.002782864,1.012672649,1.000862162,1.00866459
1.002274048,0.99977021,1.001524337,1.002944482,1.002782864,1.012854111,1.000646613,1.008332125
1.00178668,0.999566551,1.001229857,1.003154843,1.002354669,1.013021291,1.000646613,1.008158613
1.001624233,0.99934192,1.000690182,1.003575583,1.00214058,1.012921045,1.000646613,1.007855941
1.001624233,0.999193113,1.000297859,1.003996344,1.002354669,1.012871234,1.001293277,1.007687975
1.00146179,0.999191434,1.000101751,1.003575583,1.002782864,1.012855604,1.001293277,1.007573365
1.001299351,0.999706017,1.00000371,1.003785961,1.002782864,1.012623856,1.000862162,1.007216593
1.001136917,1.000170925,0.999856664,1.004206733,1.002568764,1.012543381,1.000862162,1.007075538
1.001299351,1.000572817,0.999709639,1.004417127,1.002568764,1.012404515,1.001508842,1.006920658
1.000974488,1.001054799,0.999660635,1.003996344,1.00214058,1.012085596,1.001293277,1.006688329
1.001299351,1.002090027,0.999905677,1.003785961,1.001498348,1.011677908,1.001293277,1.006569304
1.00146179,1.002655621,1.000052729,1.003996344,1.00171242,1.011546147,1.001939991,1.00658682
1.001136917,1.003070395,1.000150775,1.00336521,1.001498348,1.011347591,1.001939991,1.006606202
1.000649641,1.003615633,1.000199801,1.003575583,1.00107022,1.011243307,1.001939991,1.006553538
1.000649641,1.003419694,1.000297859,1.004417127,1.00107022,1.01121513,1.001508842,1.006658869
1.000487224,1.003257333,1.000543045,1.003785961,1.000428071,1.011107306,1.000862162,1.006635665
0.999512815,1.002953738,1.000739233,1.004206733,1.000428071,1.011065194,0.999568953,1.006516013
0.999025669,1.002687454,1.000886397,1.00336521,1,1.010974372,0.999353438,1.00643819
0.999188046,1.002568472,1.00103358,1.003575583,1.000428071,1.010921264,0.999784474,1.006305404
0.999025669,1.002675527,1.001475251,1.003996344,1.000428071,1.011033444,0.999568953,1.006417061
0.999350429,1.002693742,1.001769798,1.003785961,1.000642115,1.011123078,0.999784474,1.006381272
0.999512815,1.002807121,1.002015314,1.004417127,1.001284281,1.011127012,1.00043107,1.006611867
0.999837601,1.003131676,1.002457382,1.004417127,1.000856165,1.011260218,1.000215532,1.00680198
1.000162404,1.003548957,1.002899629,1.004417127,1.001284281,1.011406641,1.00043107,1.006877854
1.000162404,1.003975393,1.003440396,1.00336521,1.001284281,1.011580902,1.000215532,1.006962752
1.000162404,1.004275886,1.003932234,1.002944482,1.00107022,1.011739052,0.999568953,1.006858453
0.999837601,1.004552746,1.004079829,1.003575583,1.000642115,1.011911437,1,1.006941979
0.999512815,1.004223388,1.004227444,1.00336521,1.000642115,1.012270563,1,1.00717499
0.999512815,1.004030168,1.004375078,1.00336521,1.000642115,1.012438631,1.000215532,1.007017527
0.999025669,1.003584238,1.004276653,1.002313431,1,1.012894424,1.000215532,1.007012004
0.998700926,1.003177979,1.004325865,1.002734126,0.999571951,1.013150181,1.000646613,1.007104571
0.998538562,1.002690332,1.004325865,1.002523776,0.999571951,1.013442795,1.001077716,1.007381087
0.998376202,1.002164586,1.004276653,1.002313431,0.999143924,1.013686714,1.00043107,1.007290484
0.998376202,1.001787865,1.004276653,1.001892757,0.999143924,1.013907445,1.000646613,1.00730399
0.998538562,1.001149718,1.004325865,1.001261789,0.999357935,1.014023908,1.000646613,1.007145181
0.998376202,1.001399853,1.004424294,1.00084117,0.999571951,1.014082413,1.000862162,1.007197998
0.998376202,1.001666437,1.004473513,1.001682429,1.000214033,1.014201241,1.001724414,1.007321251
0.998700926,1.002167071,1.004522733,1.001472106,0.999785973,1.014049991,1.001293277,1.007166312
0.999350429,1.002615653,1.004522733,1.002103091,1,1.014007159,1.001293277,1.007116535
0.999675206,1.003116371,1.004522733,1.001892757,0.999357935,1.013844199,1.001293277,1.007177356
0.999675206,1.003470002,1.004473513,1.001682429,0.999785973,1.013819064,1.002586756,1.007185127
1.000162404,1.003824304,1.004424294,1.001682429,0.999571951,1.013665422,1.002155574,1.007085442
1.000324812,1.004089685,1.004522733,1.001472106,0.999143924,1.013666575,1.001724414,1.00688762
1.000649641,1.004193702,1.004375078,1.001682429,0.999357935,1.013456146,1.002155574,1.006730753
1.000649641,1.004302323,1.004325865,1.001892757,0.99892992,1.013302557,1.002371162,1.006686484
1.000487224,1.004070484,1.004129032,1.003154843,0.99892992,1.012986459,1.002371162,1.006755859
1.000324812,1.003831155,1.00388304,1.00336521,0.99892992,1.012660308,1.003017961,1.006763697
1.000812062,1.003635732,1.003833849,1.003154843,0.999143924,1.012283151,1.003017961,1.006765969
1.001136917,1.003538998,1.003637105,1.00336521,0.999785973,1.011909443,1.003233572,1.006714076
1.001136917,1.003354132,1.00348957,1.003785961,1.000214033,1.011594067,1.003017961,1.00688885
1.001136917,1.003407479,1.003587924,1.004627527,1.000856165,1.011033691,1.002802356,1.00694679
1.001299351,1.003415237,1.003440396,1.003996344,1.001284281,1.010831547,1.001939991,1.007062557
1.00146179,1.003524108,1.003440396,1.004627527,1.001498348,1.010565411,1.001939991,1.006856594
1.001299351,1.003437733,1.003194559,1.004837933,1.001284281,1.010250977,1.002371162,1.006869042
1.00146179,1.003342214,1.002752193,1.00525876,1.001926497,1.009933962,1.002371162,1.006872338
1.001624233,1.003203498,1.002310006,1.005469182,1.001498348,1.009627271,1.001508842,1.006827832
1.001624233,1.003117326,1.001867997,1.004837933,1.00107022,1.009317834,1.001724414,1.006570496
1.00146179,1.002957653,1.001426168,1.004837933,1.001284281,1.009071229,1.001293277,1.006446436
1.001299351,1.002521696,1.000984517,1.005048344,1.00171242,1.008964584,1.001293277,1.006454878
1.000812062,1.002204791,1.000543045,1.005048344,1.001498348,1.00878768,1.000862162,1.006375545
1,1.001723749,1.000199801,1.004627527,1.00214058,1.00868241,1.00043107,1.006226021
0.999675206,1.001237495,1.000052729,1.005048344,1.00171242,1.00847989,0.999568953,1.006071096
0.999350429,1.000698156,0.999758645,1.00525876,1.00214058,1.008543482,1,1.006020113
0.999025669,1.000088373,0.999562634,1.005469182,1.002782864,1.008547527,1.001077716,1.005996971
0.998538562,0.999503076,0.999366657,1.004837933,1.002568764,1.008604343,1.001293277,1.00611062
0.998538562,0.998962835,0.999121736,1.00525876,1.003425197,1.008646844,1.001508842,1.005950001
0.998863295,0.998571545,0.99887687,1.004837933,1.00363932,1.008779732,1.001293277,1.005574716
0.998863295,0.998299269,0.998778939,1.005469182,1.004067581,1.008997308,1.001293277,1.005435779
0.998700926,0.998032789,0.998632058,1.005469182,1.00363932,1.009094785,1.001077716,1.005464391
1.007312471,0.998165781,0.999121736,1.007994676,1.004495865,1.009402093,1.001508842,1.005283287
1.014959348,0.998560383,1.00000371,1.00967878,1.004710016,1.010291403,1.001293277,1.00511787
1.022615855,0.999001893,1.00083734,1.010942089,1.004924172,1.011121292,1.001293277,1.005057918
1.03028201,0.999400152,1.001769798,1.013048045,1.005780852,1.011897028,1.001724414,1.004792854
1.037467597,0.99984127,1.002604777,1.014522543,1.006423421,1.012634246,1.002155574,1.004786183
1.044825271,1.000359139,1.003686287,1.015997311,1.007494481,1.01354462,1.002586756,1.004649802
1.052683259,1.000905001,1.005015059,1.017261613,1.007280258,1.014314415,1.002371162,1.004599736
1.060387362,1.001459087,1.006197545,1.019369225,1.008137184,1.015089968,1.003449188,1.004611548
1.068101204,1.002604316,1.007677452,1.021055713,1.008779938,1.016300695,1.003233572,1.004941005
1.075167095,1.003791888,1.00901108,1.021899089,1.0089942,1.017611181,1.003449188,1.0053209
1.082405778,1.004949455,1.01029685,1.023164319,1.008779938,1.018922785,1.004311711,1.005773092
1.089653041,1.006039402,1.011584129,1.024007916,1.0089942,1.020266379,1.004527355,1.006152245
1.097073908,1.007265542,1.012972121,1.025906334,1.009208468,1.021638746,1.004743006,1.006567602
1.104668993,1.008597019,1.014163226,1.027172194,1.010279892,1.023010296,1.004527355,1.006880051
1.111281079,1.009923083,1.015405336,1.02822723,1.010708501,1.024170352,1.003880438,1.007185737
1.118893809,1.011172766,1.016549317,1.029704513,1.010922814,1.025383596,1.002802356,1.007517395
1.126184405,1.012565993,1.017744308,1.031182066,1.011565786,1.026685165,1.003017961,1.007896101
1.133151702,1.013861974,1.01928976,1.032237628,1.011351457,1.027911998,1.003017961,1.00849179
1.140126915,1.015312901,1.020987269,1.034137987,1.011565786,1.029139611,1.00366481,1.009307874
1.147609158,1.016768231,1.022437215,1.03477154,1.011780122,1.03033177,1.003449188,1.009910693
1.155766862,1.018226626,1.023838973,1.036250024,1.013066251,1.031624007,1.003233572,1.010244544
1.154101145,1.019283983,1.024590648,1.035405143,1.012423161,1.032733282,1.003017961,1.010792537
1.153768056,1.020023462,1.025041899,1.03477154,1.012637519,1.033424766,1.003017961,1.011318349
1.153934598,1.020891037,1.025443166,1.034349166,1.012208809,1.033980671,1.002802356,1.011817646
1.153601518,1.021700517,1.025794395,1.034137987,1.011780122,1.034478637,1.003017961,1.012475126
1.153434985,1.022518586,1.026145735,1.033293328,1.011137133,1.034814815,1.002802356,1.013086745
1.153434985,1.023453523,1.026597622,1.033504484,1.010922814,1.035037486,1.001939991,1.013768738
1.153101932,1.024279102,1.026898982,1.032659891,1.010922814,1.035345305,1.001724414,1.014441472
1.153101932,1.025125137,1.027351178,1.032237628,1.010708501,1.035631447,1.001293277,1.015242955
1.152935412,1.025283477,1.027501951,1.032448757,1.010708501,1.03552855,1.001508842,1.015793289
1.153768056,1.025489898,1.027753285,1.033082177,1.011137133,1.035324411,1.001508842,1.016124353
1.154267697,1.025694002,1.028004676,1.032871031,1.011565786,1.035104445,1.000862162,1.016453138
1.154933947,1.025826853,1.028457324,1.033715646,1.011565786,1.034775951,1.001293277,1.016811326
1.155433683,1.025639506,1.028708875,1.033293328,1.011565786,1.034725126,1.001077716,1.017255846
1.156266665,1.025445444,1.029010812,1.033082177,1.011351457,1.034682592,1.001293277,1.01775213
1.15743303,1.025356298,1.029312831,1.032871031,1.010708501,1.034630236,1.001508842,1.018307279
1.157766318,1.025312634,1.029715652,1.032659891,1.010708501,1.034581481,1.001724414,1.018640228
1.158432948,1.025267206,1.029917118,1.032448757,1.010279892,1.034492921,1.001508842,1.01885855
1.15876629,1.025173619,1.029866748,1.032659891,1.010494194,1.034391756,1.000862162,1.01902459
1.159433028,1.024930744,1.029766015,1.032026504,1.010708501,1.034361188,1.000646613,1.019196264
1.160266552,1.02509339,1.02996749,1.031815387,1.010494194,1.034209744,1.000862162,1.019530463
1.159599724,1.025407684,1.030017864,1.031604274,1.009208468,1.033772831,1.000862162,1.019974404
1.160099838,1.02564041,1.030017864,1.031182066,1.0089942,1.033348836,1.000646613,1.020223769
1.160099838,1.025854909,1.02981638,1.030970971,1.00835143,1.032855439,1.000215532,1.020454905
1.159933129,1.026007963,1.02981638,1.031815387,1.009422742,1.032482306,1.000215532,1.02083828
1.160266552,1.026164,1.02981638,1.031815387,1.009208468,1.032178406,1.00043107,1.021166066
1.160933453,1.026242493,1.029715652,1.032659891,1.009851306,1.032026785,1.00043107,1.021575631
1.161600426,1.026292568,1.029564577,1.032448757,1.009851306,1.031908229,1.000862162,1.021898176
1.162100703,1.025779953,1.029413523,1.032659891,1.010065596,1.032098922,1.000862162,1.021884283
1.162434244,1.025293763,1.029010812,1.032659891,1.010922814,1.032684831,1.001077716,1.021900799
1.162767803,1.024893222,1.028759192,1.032448757,1.010279892,1.03312697,1.001293277,1.022174781
1.162601021,1.024515529,1.02840702,1.031815387,1.009851306,1.033610821,1.001508842,1.022417011
1.162934589,1.024188802,1.028105248,1.032237628,1.009851306,1.034094824,1.002802356,1.02255085
1.16310138,1.023887954,1.027552213,1.031393167,1.009851306,1.034705372,1.003233572,1.022769326
1.163768588,1.024085094,1.027150179,1.031604274,1.009422742,1.034981228,1.003449188,1.022866064
1.163768588,1.024142565,1.026698066,1.031182066,1.009422742,1.035314716,1.00366481,1.02292786
1.163935401,1.024726044,1.026446972,1.030970971,1.009637021,1.035459979,1.00366481,1.022958954
1.164435868,1.025493915,1.02639676,1.03075988,1.009422742,1.035674508,1.004311711,1.02313676
1.164102219,1.025888133,1.026446972,1.030548796,1.009637021,1.035772649,1.003880438,1.023342722
1.1646027,1.026553933,1.026547403,1.030548796,1.009637021,1.035908634,1.004311711,1.023463859
1.164435868,1.027231832,1.026547403,1.030970971,1.009637021,1.036033845,1.003880438,1.023651296
1.164769535,1.027540923,1.02639676,1.031182066,1.009637021,1.036207,1.00366481,1.023767477
1.165436924,1.027547044,1.02639676,1.030970971,1.010065596,1.036654586,1.003449188,1.023773599
1.165436924,1.0276112,1.026497186,1.031393167,1.010494194,1.037114945,1.00366481,1.02400565
1.166438144,1.027890634,1.027099935,1.031815387,1.010922814,1.038226791,1.004096071,1.024197035
1.167105713,1.028453327,1.027552213,1.031182066,1.010279892,1.039507153,1.004527355,1.024423989
1.168107204,1.029040232,1.028054961,1.030970971,1.010279892,1.04078708,1.00366481,1.024565762
1.168441071,1.02959643,1.028557937,1.030126643,1.009422742,1.042121504,1.003233572,1.024731168
1.169442778,1.030315863,1.029161811,1.030126643,1.009422742,1.043360893,1.003017961,1.025126608
1.169943694,1.03155611,1.02981638,1.030970971,1.009637021,1.044416379,1.003233572,1.025756073
1.170444649,1.03281156,1.03067294,1.031604274,1.009208468,1.045036619,1.002802356,1.026235831
1.171279666,1.034056694,1.031429279,1.032026504,1.009851306,1.045775732,1.002371162,1.026266988
1.171613705,1.034319158,1.03223661,1.031815387,1.009851306,1.046406283,1.002371162,1.026604265
1.171947761,1.03524131,1.032994018,1.031182066,1.010065596,1.046743697,1.001293277,1.026942887
1.172782982,1.036206597,1.033903592,1.031393167,1.010708501,1.047031233,1.000646613,1.027382687
1.172782982,1.037095115,1.03466214,1.031182066,1.010708501,1.047266332,1.000215532,1.028002711
1.173117102,1.037926745,1.035421208,1.031604274,1.010279892,1.047566449,0.999568953,1.028460048
1.173618316,1.038203829,1.036079487,1.032026504,1.010279892,1.048071337,0.999784474,1.028921075
1.17345124,1.038331728,1.036535448,1.032448757,1.010279892,1.048481477,0.999568953,1.029385338
1.174286665,1.038647371,1.036940903,1.033504484,1.010922814,1.048989403,1,1.029779553
1.174620867,1.038650195,1.036890213,1.033715646,1.010922814,1.049337518,1.000215532,1.030330101
1.174955087,1.038549059,1.036940903,1.033715646,1.011137133,1.049394108,1.000646613,1.030714071
1.174286665,1.038355106,1.036839526,1.033082177,1.010922814,1.049589775,1.000215532,1.031216504
1.174286665,1.0383377,1.03678884,1.033293328,1.011565786,1.049827307,1.000862162,1.031688461
1.174286665,1.038267942,1.036738157,1.033293328,1.011565786,1.050052716,1.00043107,1.032104121
1.174119571,1.038172591,1.036332775,1.033293328,1.011994463,1.049574862,1,1.032545047
1.173952482,1.037616213,1.035826256,1.033715646,1.012208809,1.048917686,1.00043107,1.032821291
1.173785397,1.03738318,1.035421208,1.034137987,1.013066251,1.048196599,1.000862162,1.033162901
1.166104386,1.035741738,1.03410582,1.033293328,1.013280626,1.046809095,1.000862162,1.033029681
1.157766318,1.033825926,1.032640497,1.031604274,1.012423161,1.045551603,1.001077716,1.032762964
1.149439537,1.031987599,1.031177108,1.030126643,1.011137133,1.044179681,1.001077716,1.032355663
1.141456426,1.030136935,1.02981638,1.027594192,1.010065596,1.042800025,1.001293277,1.032262257
1.133317686,1.028216847,1.02830642,1.025695376,1.009208468,1.041433982,1.001508842,1.032357221
1.125852827,1.027162378,1.02679852,1.024640673,1.00835143,1.040106155,1.001508842,1.032030288
1.118562624,1.025562502,1.025493335,1.023797009,1.007494481,1.039124613,1.001724414,1.031869517
1.110288811,1.023850748,1.024089475,1.022531679,1.006637622,1.038094549,1.002155574,1.031420862
1.102686758,1.022880533,1.022687398,1.020844882,1.006209226,1.03682677,1.002371162,1.030905224
1.094269411,1.021497177,1.021187148,1.019158439,1.005780852,1.035560639,1.003449188,1.030426282
1.085863628,1.020102122,1.019688938,1.017261613,1.005780852,1.034367964,1.003449188,1.029884097
1.077798351,1.01871282,1.018242603,1.015575921,1.004710016,1.03312213,1.002586756,1.02939615
1.06941517,1.017317526,1.01669862,1.01262681,1.003425197,1.031912791,1.002802356,1.0289602
1.06104348,1.016069683,1.015504765,1.010520964,1.002782864,1.030838284,1.002371162,1.028406518
1.053338549,1.015040744,1.014361869,1.008836684,1.00171242,1.029968338,1.001939991,1.027821766
1.045970597,1.014031806,1.013269776,1.008415669,1.001926497,1.029090704,1.002155574,1.027201704
1.038448107,1.012932255,1.012377052,1.007152757,1.00107022,1.027899181,1.002586756,1.026808226
1.030608444,1.01161214,1.011485054,1.005890043,1.000214033,1.026643629,1.002802356,1.026118719
1.022289849,1.010187469,1.010395818,1.004417127,0.999143924,1.0255112,1.003233572,1.025531752
1.014145393,1.008760558,1.009455984,1.002944482,0.99871592,1.024307176,1.002586756,1.024886501
1.005686716,1.00723776,1.008516954,1.001682429,0.997646008,1.023178961,1.002586756,1.024351847
1.004874002,1.006949765,1.008467554,1.001682429,0.997646008,1.022698301,1.003017961,1.02419686
1.004223909,1.006881047,1.008467554,1.001472106,0.998073956,1.022326077,1.003233572,1.024008917
1.003411391,1.006841342,1.008467554,1.001261789,0.998501927,1.021780368,1.002802356,1.024117462
1.0032489,1.006614675,1.008121814,1.001261789,0.998501927,1.021514084,1.002586756,1.023642209
1.002598981,1.00626644,1.007874924,1.001682429,0.99892992,1.020928326,1.001939991,1.023089818
1.002436512,1.005840223,1.007529371,1.001472106,0.999143924,1.020493095,1.001293277,1.022617824
1.001299351,1.005352527,1.007183928,1.00084117,0.999571951,1.0199631,1.001293277,1.022133696
1.000649641,1.005007096,1.006789268,1.00063087,0.999571951,1.019437959,1.000862162,1.021856394
1.000162404,1.004053806,1.006444058,1.00084117,0.999357935,1.01916696,1.000646613,1.021617197
1.000324812,1.003419696,1.006246843,1.001051477,0.999357935,1.018925717,0.999784474,1.021297224
1.000324812,1.00273377,1.006049665,1.001472106,0.99892992,1.018615947,1,1.021028785
1.000812062,1.002332832,1.005753963,1.001472106,0.999785973,1.018290306,1.000862162,1.020690178
1.001136917,1.002203056,1.005556873,1.002103091,1.000214033,1.017942132,1.000215532,1.02027309
1.001624233,1.002120897,1.005310561,1.002313431,1.000428071,1.017621178,1,1.020017568
1.001624233,1.002089347,1.005064303,1.002944482,1.001284281,1.017326787,1,1.01970402
1.00146179,1.00199837,1.004818102,1.002944482,1.001284281,1.017014582,1.00043107,1.019385458
1.001299351,1.001865954,1.004375078,1.002734126,1.001284281,1.016855109,1,1.018748876
1.000974488,1.00204046,1.003932234,1.002944482,1.001284281,1.016768357,1,1.01839575
1.001136917,1.002161903,1.003587924,1.003154843,1.001284281,1.016731642,1,1.018038842
1.001136917,1.002220611,1.003391224,1.002734126,1.000856165,1.016625823,1.000215532,1.017777014
1.001624233,1.002246299,1.003047084,1.002523776,1.00107022,1.016585158,1.000215532,1.017422916
1.001624233,1.002270029,1.002604777,1.002103091,1.000856165,1.016487894,1.000215532,1.016850038
1.00146179,1.002195963,1.002310006,1.002523776,1.000428071,1.01622376,1.000215532,1.016494839
1.00146179,1.002209208,1.002015314,1.002313431,1.000214033,1.016224738,1.001077716,1.016123649
1.000974488,1.002296475,1.001966206,1.002734126,1.000428071,1.015913697,1.001508842,1.015999139
1.000974488,1.00255541,1.001867997,1.002313431,1.000428071,1.015921205,1.001939991,1.016012057
1.000487224,1.002855976,1.001966206,1.002103091,1.000642115,1.015806065,1.002802356,1.015963146
1.000487224,1.003299759,1.001917101,1.002523776,1.000214033,1.015773644,1.002586756,1.015692942
1.000974488,1.003842616,1.002015314,1.003154843,1,1.01593927,1.002371162,1.015423178
1.001136917,1.00445245,1.002113536,1.00336521,1.000214033,1.016059339,1.002586756,1.015279227
1.000812062,1.005050063,1.002211766,1.00336521,1.000856165,1.016147651,1.003233572,1.015231094
1.000812062,1.005747838,1.002260885,1.002944482,1.00107022,1.016265118,1.00366481,1.015129998
1,1.006071123,1.002211766,1.003575583,1.001284281,1.016385829,1.003233572,1.015048899
1,1.006173719,1.002260885,1.00336521,1.00107022,1.016452885,1.003449188,1.01489034
0.999837601,1.006384543,1.002310006,1.00336521,1.001284281,1.016300019,1.003880438,1.014953085
0.999675206,1.00640434,1.002359129,1.002944482,1.000642115,1.016186797,1.00366481,1.014810454
0.999512815,1.006328918,1.002359129,1.002103091,1,1.015969264,1.003017961,1.014725476
0.999675206,1.00644055,1.002457382,1.001892757,0.999785973,1.015861413,1.002371162,1.014792524
1.000162404,1.006515377,1.002408254,1.001051477,1,1.015715073,1.002371162,1.014763851
1.000162404,1.006586711,1.002408254,1.000420574,1.000428071,1.015524985,1.001724414,1.01467755
1.000487224,1.006736884,1.002211766,1.000210284,1.000428071,1.015365789,1.001293277,1.014571354
1.000324812,1.006748043,1.001917101,1.000210284,1,1.015374151,1.001293277,1.014474261
1.000649641,1.006405293,1.002015314,1.00063087,1.000214033,1.015324445,1.001508842,1.014422946
1.000812062,1.005976025,1.002015314,1.00084117,1.000856165,1.015335026,1.001293277,1.014221346
1.001299351,1.005828655,1.001867997,1.00063087,1.000856165,1.015230615,1.000862162,1.014108985
1.001136917,1.005788714,1.001917101,1.001051477,1.000428071,1.015180682,1.001077716,1.014010163
1.001299351,1.005505621,1.002015314,1.001472106,1.000214033,1.015126555,1.001293277,1.013914805
1.00146179,1.005219462,1.002064423,1.002313431,1.000428071,1.015084413,1.000862162,1.013762221
1.002274048,1.005377874,1.00216265,1.002944482,1.001284281,1.014877891,1.001724414,1.013718615
1.001624233,1.004936472,1.002211766,1.001892757,1.000856165,1.014721474,1.002371162,1.013504577
1.001624233,1.004358087,1.002211766,1.001892757,1.00107022,1.014514456,1.002371162,1.013355311
1.001624233,1.003817586,1.002260885,1.001892757,1.000428071,1.01431578,1.001939991,1.013140336
1.00146179,1.00321464,1.002260885,1.001892757,1,1.014071543,1.001077716,1.012961142
1.001624233,1.002828935,1.002310006,1.002103091,0.999357935,1.013912314,1.001293277,1.012806944
1.001299351,1.002336618,1.002359129,1.002944482,0.999571951,1.013863611,1.001293277,1.012747622
1.000812062,1.001796766,1.002457382,1.002523776,0.999571951,1.013974643,1.001293277,1.012478389
1.001299351,1.001618418,1.002457382,1.002523776,0.999785973,1.013757543,1.001939991,1.012388573
1.001624233,1.001614766,1.002408254,1.002944482,1.000214033,1.013564573,1.002586756,1.012271964
1.00146179,1.001575416,1.002260885,1.00336521,1.000856165,1.013456976,1.002802356,1.012109908
1.00146179,1.001430964,1.002211766,1.00336521,1.000428071,1.013298063,1.003017961,1.011950812
1.001624233,1.001422563,1.00216265,1.003785961,1.000214033,1.013141196,1.003449188,1.011829504
1.001299351,1.001396834,1.00216265,1.004206733,1.000642115,1.012987398,1.00366481,1.011582879
1.001136917,1.001416802,1.002260885,1.003785961,1.000856165,1.012679163,1.003449188,1.011440854
1.001136917,1.001882299,1.002113536,1.003575583,1.000642115,1.012415942,1.003017961,1.01146409
1.00146179,1.002178148,1.001818896,1.003575583,1.000214033,1.012158591,1.002586756,1.01135702
1.001624233,1.002209031,1.001818896,1.004206733,1.000214033,1.011839085,1.002802356,1.011117974
1.00178668,1.002132244,1.001622514,1.004206733,1.000214033,1.01153991,1.002371162,1.010815657
1.001299351,1.002244157,1.001426168,1.004206733,1,1.01117422,1.002586756,1.010505473
1.001136917,1.002346295,1.001180784,1.003785961,0.999785973,1.010853974,1.002586756,1.010185578
1.000487224,1.001813392,1.000935456,1.002944482,0.999143924,1.010730297,1.002371162,1.009977609
1.000812062,1.00177426,1.000641134,1.003154843,0.999785973,1.010366705,1.002155574,1.009825817
1.000649641,1.001943595,1.000248829,1.002734126,0.999357935,1.010212659,1.002155574,1.009578088
1.000649641,1.002034762,1.000052729,1.002734126,0.999571951,1.010163494,1.002586756,1.009296615
1.000162404,1.001994475,0.999905677,1.002944482,1,1.010116264,1.003233572,1.009143757
1.000324812,1.002066234,0.999807654,1.002103091,1,1.009911124,1.003233572,1.009058565
1.000162404,1.002084022,0.999660635,1.001892757,0.999571951,1.009761043,1.003017961,1.008752992
1,1.002036148,0.999464641,1.002523776,0.999571951,1.009599123,1.002802356,1.008538732
0.999512815,1.001703157,0.999317668,1.001682429,0.999143924,1.009770748,1.002371162,1.008334219
0.999188046,1.001469204,0.999562634,1.002103091,0.999143924,1.01020507,1.002155574,1.008179556
0.999025669,1.001238124,0.999856664,1.001892757,0.998501927,1.010547432,1.002802356,1.008194055
0.999350429,1.000958364,1.000052729,1.002313431,0.99871592,1.010964794,1.002586756,1.008047339
0.999512815,1.000628023,1.000101751,1.002313431,0.998501927,1.011415222,1.003233572,1.008114496
0.999837601,1.000452007,1.000150775,1.002313431,0.997859979,1.011900464,1.003017961,1.008080941
0.999837601,1.000293316,1.000248829,1.002944482,0.997859979,1.012241604,1.003017961,1.00806468
0.999350429,1.000049406,1.000395927,1.002734126,0.997859979,1.012591751,1.003880438,1.007958377
0.999025669,1.000149837,1.000690182,1.003154843,0.998073956,1.013246745,1.004096071,1.007960688
0.998538562,1.000216786,1.000788285,1.002944482,0.998287938,1.013741875,1.003880438,1.008032427
0.998376202,1.000331117,1.000935456,1.002523776,0.99871592,1.014188087,1.00366481,1.008048627
0.998376202,1.000482989,1.001082646,1.002313431,0.998501927,1.014650944,1.003449188,1.008107141
0.998213846,1.000448555,1.001278931,1.002734126,0.99871592,1.015169705,1.00366481,1.008337219
0.997889147,1.000575653,1.001475251,1.003575583,0.99871592,1.01562354,1.003017961,1.008420034
0.997564465,1.000631288,1.001671607,1.003996344,0.998501927,1.016139468,1.003233572,1.008426592
0.997726804,1.000946471,1.002015314,1.004417127,0.999143924,1.016367613,1.002802356,1.008550227
0.997889147,1.001411188,1.002015314,1.004417127,0.999143924,1.016335852,1.002155574,1.008680807
0.998376202,1.002000831,1.002064423,1.004417127,0.999357935,1.016316677,1.002155574,1.00884265
0.998376202,1.002509002,1.00216265,1.004627527,0.999571951,1.016386564,1.002371162,1.008913287
0.998700926,1.003116205,1.002260885,1.004837933,1.000428071,1.016450255,1.003017961,1.00914606
0.999188046,1.00361324,1.002310006,1.004837933,1.000214033,1.016458572,1.003449188,1.009205123
0.999350429,1.004245197,1.002457382,1.005469182,1.00107022,1.016467758,1.004096071,1.009516049
0.999025669,1.004050493,1.002211766,1.005048344,1.000642115,1.016374025,1.004958662,1.009626015
0.999350429,1.004200062,1.002113536,1.005048344,1.000856165,1.016052024,1.003880438,1.009520134
0.999025669,1.004329538,1.002064423,1.005048344,1.001284281,1.015804473,1.003449188,1.009551168
0.999025669,1.004392405,1.00216265,1.004837933,1.001498348,1.015484757,1.003017961,1.009403122
0.999188046,1.004396532,1.002260885,1.00525876,1.001926497,1.015115281,1.003880438,1.009461143
0.999350429,1.004457229,1.002457382,1.005469182,1.00214058,1.014875016,1.00366481,1.009364827
0.999512815,1.004467833,1.002555643,1.005890043,1.001926497,1.014547978,1.003449188,1.009429324
0.999512815,1.004029021,1.002359129,1.00567961,1.001926497,1.013580074,1.00366481,1.009271801
1.000649641,1.003920824,1.002211766,1.00525876,1.001926497,1.012955263,1.00366481,1.009203449
1.001299351,1.003741296,1.002064423,1.005048344,1.00171242,1.012291073,1.003449188,1.009166832
1.001299351,1.003480332,1.001769798,1.00525876,1.002354669,1.011764239,1.003449188,1.00903936
1.00178668,1.003420375,1.001377087,1.004837933,1.00214058,1.011092593,1.002802356,1.008862277
1.002274048,1.0031305,1.00103358,1.004206733,1.00171242,1.010422828,1.003017961,1.008813566
1.002923932,1.002988349,1.000641134,1.004206733,1.001926497,1.009765605,1.002586756,1.008814197
1.002761454,1.002602846,1.000690182,1.004627527,1.002354669,1.009387307,1.003449188,1.008875754
1.002923932,1.002126423,1.000592088,1.004206733,1.002354669,1.009128847,1.003449188,1.00889064
1.003411391,1.001694839,1.000543045,1.004837933,1.001926497,1.008860433,1.003449188,1.008685613
1.003411391,1.001293618,1.000444964,1.003996344,1.00171242,1.008538231,1.003449188,1.008672375
1.003411391,1.000817761,1.000346892,1.004206733,1.001284281,1.008223228,1.002802356,1.008682465
1.003411391,1.000346704,1.000248829,1.004206733,1.00214058,1.007960053,1.002155574,1.00864807
1.003898889,0.999860975,1.000150775,1.003996344,1.001498348,1.007694282,1.001939991,1.008437261
1.004386426,0.999942342,1.00000371,1.004417127,1.00214058,1.007383963,1.001508842,1.008469606
1.004061397,0.999273273,0.999709639,1.004627527,1.00171242,1.007335528,1.002155574,1.008325138
1.003736385,0.998722457,0.999415648,1.003996344,1.001284281,1.007202245,1.002371162,1.008200605
1.003411391,0.998202927,0.999072758,1.004206733,1.001498348,1.007048066,1.002371162,1.008058136
1.0032489,0.997672905,0.998729976,1.003996344,1.001284281,1.006889151,1.001293277,1.007743497
1.002923932,0.997150884,0.998485198,1.003785961,1.00107022,1.006728599,1.001293277,1.007759535
1.003086414,0.996682325,0.998093667,1.003154843,1.001284281,1.006733526,1,1.007452137
1.003411391,0.996928509,0.997800111,1.002944482,1.001284281,1.006904198,0.999568953,1.007238705
1.002923932,0.997321614,0.997800111,1.003575583,1.001498348,1.006904295,0.999568953,1.007079247
1.003086414,0.997814033,0.997653362,1.004206733,1.001284281,1.006998129,1.000215532,1.006921141
1.004223909,0.998306151,0.997653362,1.003785961,1.001498348,1.006999163,1,1.006601233
1.004386426,0.998779491,0.997800111,1.003575583,1.001498348,1.007111912,1.000215532,1.0064189
1.004874002,0.999387242,0.997897954,1.002944482,1.00171242,1.007249321,1.000646613,1.006385151
1.004874002,0.999879635,0.998044735,1.00336521,1.002354669,1.00727057,1.000862162,1.006172517
1.004548947,1.000335251,0.997897954,1.003154843,1.00171242,1.006762462,1.000646613,1.005918223
1.004711472,1.000606156,0.997897954,1.003154843,1.001926497,1.00644439,1.000646613,1.005621545
1.004386426,1.000809917,0.997946879,1.002734126,1.001926497,1.006140808,1.00043107,1.005517
1.004223909,1.000896962,0.997897954,1.003575583,1.002354669,1.005936815,1.000215532,1.005125274
1.004061397,1.001004408,0.997849031,1.003154843,1.002568764,1.005765508,1.000646613,1.004812411
1.003736385,1.001107159,0.997897954,1.003154843,1.001926497,1.005573435,1.00043107,1.0045486
1.003411391,1.001312723,0.997849031,1.003575583,1.002782864,1.005354836,0.999784474,1.00428952
1.002923932,1.001429959,0.998093667,1.002734126,1.00214058,1.004924725,0.999353438,1.003986604
1.002923932,1.00182113,0.998191536,1.002313431,1.002354669,1.004660533,0.999568953,1.004029668
1.003086414,1.00211906,0.998289415,1.002523776,1.001926497,1.004445182,1.00043107,1.004033081
1.002923932,1.00228624,0.998485198,1.002523776,1.001284281,1.004242698,1.000862162,1.004106639
1.002598981,1.002452271,0.998632058,1.002103091,1.001284281,1.004083962,1.001293277,1.004125365
1.002761454,1.002748186,0.998583103,1.001682429,1.001498348,1.003879396,1.000646613,1.00385832
1.002436512,1.002950458,0.998778939,1.002103091,1.001284281,1.003634795,1.001077716,1.003864109
1.002111587,1.003000278,0.999268682,1.002103091,1.001498348,1.003429503,1.000862162,1.003909399
1.00178668,1.002904045,0.99897481,1.001682429,1.001498348,1.003321978,1.000646613,1.003857756
1.000812062,1.002684759,0.999121736,1.001261789,1.001926497,1.003272674,1.000215532,1.003830389
1,1.002516721,0.999072758,1.001472106,1.00107022,1.00307651,1,1.00396607
0.999350429,1.00233405,0.998925838,1.001472106,1.000642115,1.002823144,1.000215532,1.004033438
0.998863295,1.002183021,0.998827903,1.002313431,1.000642115,1.00255607,0.999568953,1.003810514
0.998213846,1.001994265,0.998729976,1.002103091,0.999785973,1.002470135,0.998922424,1.003925371
0.998051494,1.001723192,0.998729976,1.001892757,0.999785973,1.00274727,0.999137928,1.00378778
0.997402131,1.001391918,0.998583103,1.001892757,0.999357935,1.0027063,0.999353438,1.003853546
0.996915154,1.001063545,0.998387302,1.001682429,0.999571951,1.002495399,0.998275947,1.003653907
0.996752837,1.000909811,0.998289415,1.001472106,0.999571951,1.002321342,0.998275947,1.003749934
0.996590525,1.000716892,0.998142601,1.001261789,0.99892992,1.002034207,0.998060465,1.003699471
0.996103613,1.000591935,0.998093667,1.001051477,0.998501927,1.001717333,0.998491434,1.003663303
0.99529218,1.000265678,0.997946879,1.001051477,0.997859979,1.001459382,0.999353438,1.003733706
1.008125511,1.001794934,0.999464641,1.004627527,0.999357935,1.002875358,1.000215532,1.004011288
1.020986003,1.00395951,1.001377087,1.00820517,1.000428071,1.004088346,1.00043107,1.004498149
1.034037054,1.006091828,1.003292887,1.01115266,1.00171242,1.005335363,1.000215532,1.005051877
1.04760715,1.00842532,1.00511355,1.01367994,1.002996969,1.006628282,1,1.005552174
1.061207521,1.010604545,1.006937249,1.016208014,1.004281721,1.007883454,1.000215532,1.005880966
1.07434506,1.012834167,1.008813403,1.018736884,1.005138333,1.009144188,1.001293277,1.006367904
1.08751091,1.015079002,1.010643277,1.021688237,1.005566673,1.010398515,1.001724414,1.006597322
1.100705164,1.017169983,1.012426629,1.024007916,1.006423421,1.012295469,1.002371162,1.007462912
1.114755283,1.018783804,1.014610224,1.026961204,1.00770871,1.014361633,1.002371162,1.008292123
1.128837681,1.020427284,1.016449793,1.029282404,1.008565681,1.016591342,1.002802356,1.00904565
1.142619984,1.022097223,1.018541689,1.031604274,1.009637021,1.01877659,1.003233572,1.009877609
1.156433275,1.023702101,1.020737471,1.033926814,1.010279892,1.021036929,1.003449188,1.010692648
1.170110674,1.025355581,1.022937638,1.036038796,1.011137133,1.023292645,1.00366481,1.011450641
1.183483822,1.027008854,1.02509205,1.038151331,1.011780122,1.02549269,1.003880438,1.012206533
1.198563374,1.028197741,1.02684875,1.04047576,1.012208809,1.027862131,1.00366481,1.013375621
1.213343538,1.02973456,1.028910157,1.042378065,1.013280626,1.030495922,1.004096071,1.014162809
1.227822028,1.031231062,1.031076256,1.045126632,1.013923783,1.033258566,1.004958662,1.015120576
1.242334484,1.032589507,1.03304453,1.047030035,1.014352583,1.035992396,1.00538999,1.01609384
1.256881025,1.033909711,1.035016307,1.048933888,1.015210249,1.038714499,1.004958662,1.017024244
1.271631517,1.035324722,1.03704229,1.051473058,1.016496917,1.041497046,1.005174323,1.018052301
1.286417141,1.036662904,1.039122768,1.053589645,1.017140327,1.04421044,1.004743006,1.018998947
1.287438137,1.037176151,1.039224355,1.052319626,1.016496917,1.045287168,1.00366481,1.019765824
1.28914017,1.037067792,1.03917356,1.051473058,1.016711382,1.046400153,1.003233572,1.020405484
1.290672399,1.037018341,1.03917356,1.050414973,1.016711382,1.047399671,1.003017961,1.020891002
1.291694094,1.03681645,1.03917356,1.050414973,1.016711382,1.048457166,1.002586756,1.021379483
1.293056616,1.036660113,1.039071978,1.050414973,1.016711382,1.049471858,1.001939991,1.021967933
1.294419437,1.036390426,1.039021191,1.050414973,1.016496917,1.050540642,1.001293277,1.022544173
1.295782556,1.036093801,1.038919623,1.049780189,1.017569295,1.051610575,1.001293277,1.023310928
1.297145973,1.035710245,1.038919623,1.049357027,1.017569295,1.05218936,1.000646613,1.023657132
1.297657332,1.035938972,1.038970406,1.049145455,1.017569295,1.052622651,1.001077716,1.024010148
1.298168733,1.03599488,1.039021191,1.049145455,1.017569295,1.052944074,1.001077716,1.024446628
1.299021161,1.036111493,1.039021191,1.048933888,1.018212789,1.053346535,1.001293277,1.024842981
1.300044229,1.036240241,1.039021191,1.049780189,1.019285391,1.053742205,1.001293277,1.025142757
1.300896914,1.036397764,1.039021191,1.050203373,1.019714471,1.054137427,1.001724414,1.025584108
1.302432042,1.036489182,1.039071978,1.050414973,1.020358133,1.054552068,1.002155574,1.02595157
1.302773233,1.037085161,1.03957998,1.050414973,1.020572699,1.054967501,1.002371162,1.026264296
1.303455671,1.037955075,1.040088215,1.051049808,1.020358133,1.055123192,1.001293277,1.026928726
1.304138183,1.038862832,1.040342419,1.050626579,1.020572699,1.055249228,1.001939991,1.027685161
1.30499143,1.039725417,1.040952747,1.052107976,1.021001846,1.055480672,1.001508842,1.028178111
1.305674111,1.040658958,1.041512508,1.052954611,1.02164561,1.055655548,1.001939991,1.028799964
1.306698273,1.041677797,1.041868867,1.052531282,1.021001846,1.055773794,1.001724414,1.02929619
1.30755187,1.042714907,1.042480033,1.052954611,1.021216429,1.055998543,1.001939991,1.029755433
1.308917869,1.042516282,1.042938628,1.053589645,1.021431016,1.056118563,1.002371162,1.030141717
1.309430196,1.042545458,1.043244463,1.053377961,1.021431016,1.056355447,1.002155574,1.030607564
1.309600981,1.042579998,1.043601377,1.053377961,1.021431016,1.056623683,1.002371162,1.031078905
1.309771771,1.042614668,1.043958405,1.052954611,1.02164561,1.05680374,1.003233572,1.031441261
1.309600981,1.042717202,1.044366578,1.052742944,1.021216429,1.057114014,1.003880438,1.032097925
1.310113364,1.042815779,1.044723852,1.052319626,1.021001846,1.05729637,1.004096071,1.032637652
1.310454976,1.042972152,1.045183372,1.052531282,1.020358133,1.057465691,1.00366481,1.032969826
1.311309089,1.043388794,1.045285513,1.052954611,1.020358133,1.057522626,1.00366481,1.033308562
1.311650766,1.043361793,1.045489824,1.053166283,1.019499928,1.05760547,1.00366481,1.033820634
1.312334178,1.043423518,1.045694172,1.053589645,1.019714471,1.05772208,1.00366481,1.034159861
1.312505043,1.043530582,1.046000765,1.053589645,1.019714471,1.05781459,1.00366481,1.034548468
1.312505043,1.043582247,1.046154093,1.052742944,1.019070859,1.057879576,1.003880438,1.034932529
1.312675912,1.043550597,1.046307442,1.052742944,1.018856333,1.057888972,1.003880438,1.03528014
1.312846786,1.043633835,1.046409687,1.052531282,1.018641813,1.05796277,1.004311711,1.035805504
1.312675912,1.044065866,1.046460813,1.052107976,1.018641813,1.057690783,1.004311711,1.035995703
1.313701227,1.043871132,1.046460813,1.052319626,1.018641813,1.057864607,1.004958662,1.036168418
1.314384863,1.043691453,1.046614204,1.052742944,1.018641813,1.058033524,1.004743006,1.036410967
1.31489764,1.043544806,1.046614204,1.052107976,1.018427298,1.058147356,1.004527355,1.036580989
1.315410459,1.043413177,1.046665339,1.052107976,1.018212789,1.058260351,1.004096071,1.036766028
1.316265251,1.043116976,1.046665339,1.052107976,1.018856333,1.058325226,1.003880438,1.036993527
1.31694917,1.04286633,1.046511941,1.051473058,1.018856333,1.058381168,1.003449188,1.03716099
1.317120161,1.043069795,1.046614204,1.051473058,1.019070859,1.058429053,1.002802356,1.037435666
1.316778183,1.043537071,1.046665339,1.051684692,1.018427298,1.058095664,1.001939991,1.037446248
1.31694917,1.044048255,1.046716476,1.052107976,1.018856333,1.057881459,1.001724414,1.037665068
1.31694917,1.044567927,1.046818758,1.052742944,1.019070859,1.057725766,1.000862162,1.037841428
1.317291157,1.045191968,1.047023351,1.052531282,1.018856333,1.057470893,1.000862162,1.03791063
1.317291157,1.045839922,1.04722798,1.053166283,1.018856333,1.057194248,1.001293277,1.038277701
1.317633163,1.046451148,1.047381477,1.053589645,1.019499928,1.056916226,1.001939991,1.038552939
1.316778183,1.046453375,1.04748382,1.053377961,1.019070859,1.056581958,1.002802356,1.038880401
1.31694917,1.04635819,1.047534995,1.052531282,1.019285391,1.05620694,1.002371162,1.03910648
1.316778183,1.046266146,1.047637352,1.052531282,1.019070859,1.055847872,1.001939991,1.039390618
1.317462158,1.046081219,1.047534995,1.052107976,1.018427298,1.055475608,1.001077716,1.039464014
1.317804173,1.046122474,1.047637352,1.052742944,1.018212789,1.055086464,1,1.03966592
1.317975188,1.045984691,1.047586173,1.052319626,1.018212789,1.054793993,0.999784474,1.039951146
1.318317231,1.045836696,1.047637352,1.052742944,1.017998285,1.054416116,0.999353438,1.039955665
1.311138257,1.044722022,1.046665339,1.051049808,1.017140327,1.053971976,0.999137928,1.039958839
1.297145973,1.043177195,1.044825951,1.047876136,1.016496917,1.052863138,0.999137928,1.039603074
1.283695304,1.04163546,1.042989595,1.045549571,1.015639116,1.051648425,0.998491434,1.039083808
1.270273686,1.040069881,1.041156264,1.043012266,1.014781405,1.050492517,0.998706926,1.038868019
1.256711683,1.038639737,1.039376752,1.04047576,1.01413818,1.049440005,0.999353438,1.038629741
1.24368621,1.037186239,1.037600085,1.037940052,1.012637519,1.048336163,0.999784474,1.038256679
1.230182203,1.035740491,1.035876898,1.036038796,1.011565786,1.047264653,1,1.037940083
1.215193547,1.033679927,1.033448711,1.033293328,1.010922814,1.045610149,1.00043107,1.037227114
1.200576769,1.03117596,1.030924996,1.03075988,1.010494194,1.044290222,1.001077716,1.036359596
1.18582711,1.028522295,1.02830642,1.02822723,1.009208468,1.042870427,1.000646613,1.035378459
1.171279666,1.02599828,1.025593679,1.025062538,1.00770871,1.041388183,1.00043107,1.03453115
1.15659989,1.023216555,1.022887586,1.02232081,1.006637622,1.039996424,0.999568953,1.033451936
1.141622635,1.020451658,1.020088262,1.019369225,1.005995036,1.03870635,0.999353438,1.032493058
1.127013431,1.017800157,1.017395635,1.016208014,1.004710016,1.037330357,0.998275947,1.031542429
1.113100655,1.015824436,1.014958014,1.013890582,1.004067581,1.035647436,0.997414055,1.030295828
1.098394115,1.0139305,1.012575373,1.011573818,1.003425197,1.034000316,0.997844989,1.028970312
1.084546121,1.012086364,1.010148415,1.00820517,1.002354669,1.032263432,0.998275947,1.027643318
1.070236542,1.010169694,1.007825553,1.006310925,1.001498348,1.030516126,0.998275947,1.026345789
1.055796512,1.008175975,1.005458341,1.003154843,1.00107022,1.028797757,0.999137928,1.02512207
1.041554096,1.006379976,1.003194559,1.00084117,1.000642115,1.027179087,0.998922424,1.02395136
1.02750803,1.004524715,1.000935456,0.997897459,1,1.025489213,0.998491434,1.022768649
1.019682436,1.003159714,0.999415648,0.998107688,1.000214033,1.02393035,0.997844989,1.021584054
1.017401867,1.00288546,0.998827903,0.998528164,1.000214033,1.022623983,0.997629519,1.02073679
1.01528496,1.002612268,0.998142601,0.997687235,1,1.021342426,0.998275947,1.019891024
1.01251781,1.00227844,0.997359925,0.997266804,1.000214033,1.020055373,0.997844989,1.018817602
1.010727971,1.00193911,0.996626676,0.996846395,1.000214033,1.018765192,0.997844989,1.017631243
1.008125511,1.00152219,0.996040432,0.997266804,1,1.017481044,0.997414055,1.016628145
1.006174397,1.001213227,0.99535688,0.996846395,0.999785973,1.016138829,0.997198596,1.01574366
1.006011832,1.001384863,0.99521046,0.997056597,0.999571951,1.015110787,0.997414055,1.014904833
1.005524165,1.001444353,0.995259264,0.997056597,0.999143924,1.01400242,0.997629519,1.014375863
1.004874002,1.001599427,0.99535688,0.997477017,0.999143924,1.012975974,0.998060465,1.013736928
1.005036536,1.001716742,0.995600956,0.997897459,0.999357935,1.011910412,0.998060465,1.013001679
1.004386426,1.001909438,0.995698602,0.998107688,0.999357935,1.010868782,0.998706926,1.012454821
1.004548947,1.002236434,0.995991593,0.998107688,0.999143924,1.009698572,0.998491434,1.011836847
1.004548947,1.00229356,0.996089274,0.998317923,0.999571951,1.008627392,0.998491434,1.011306674
1.003898889,1.002443204,0.996040432,0.998107688,0.999571951,1.008188749,0.998491434,1.010771252
1.003898889,1.002475898,0.996089274,0.998317923,0.999571951,1.00745735,0.997844989,1.01026602
1.003086414,1.00242956,0.996186964,0.999158918,1.000214033,1.006784948,0.997414055,1.009887449
1.002761454,1.002395312,0.996480086,0.999579448,1.000642115,1.0061428,0.998275947,1.00952586
1.002923932,1.002448145,0.99657781,1.00063087,1.000642115,1.005453201,0.998060465,1.009046016
1.002598981,1.002407907,0.99657781,1.00063087,1,1.004700164,0.998491434,1.008508028
1.001949132,1.002341633,0.99657781,1.000420574,1,1.003984502,0.998922424,1.008002682
1.002274048,1.002394336,0.996528947,0.999789721,0.999785973,1.003242188,1,1.007684298
1.002436512,1.002062359,0.996284662,1,0.999571951,1.002630434,1,1.007212035
1.002761454,1.001837398,0.996040432,1.00063087,0.99892992,1.002122099,0.999353438,1.006802604
1.004548947,1.001692937,0.995845088,1.000420574,0.998501927,1.001515996,1.000215532,1.006429499
1.004223909,1.00140339,0.995454504,1.001261789,0.997859979,1.00087293,1.00043107,1.006165427
1.004061397,1.001162994,0.995112858,1.001472106,0.998287938,1.000341544,1.00043107,1.005740733
1.004386426,1.00092282,0.99486889,1.002103091,0.99892992,0.999811694,1.00043107,1.005369929
1.004386426,1.000540425,0.994917679,1.002313431,0.999357935,0.99981954,1.000215532,1.005164385
1.004548947,1.000599431,0.994820103,1.002313431,0.999571951,0.999664257,1.000215532,1.004853019
1.005199075,1.000693448,0.994722536,1.002523776,0.999357935,0.999401954,1.000215532,1.00468386
1.004711472,1.000618279,0.994576201,1.002103091,0.999143924,0.999243039,1.00043107,1.004492234
1.004874002,1.000667564,0.994576201,1.002313431,0.999357935,0.999097793,1.000215532,1.004327301
1.004548947,1.000678959,0.994381119,1.002523776,0.999143924,0.999051875,1.000215532,1.003856824
1.003898889,1.000741781,0.994332354,1.002944482,0.99892992,0.998903544,1.000215532,1.003544965
1.003898889,1.000393332,0.994283591,1.003785961,0.99892992,0.99851345,1.000215532,1.003213013
1.003573886,1.000303899,0.993942312,1.003996344,0.998501927,0.99852748,1,1.002953828
1.003411391,1.000314775,0.993503682,1.003575583,0.998287938,0.998439502,0.999568953,1.002643768
1.003086414,1.000222074,0.992967819,1.002944482,0.997859979,0.998332527,0.999137928,1.002274472
1.002761454,1.000186393,0.992724332,1.001682429,0.997859979,0.998291927,0.999353438,1.002020334
1.002761454,1.00013766,0.992480899,1.001472106,0.998501927,0.998159122,0.999353438,1.001913551
1.002923932,1.000093532,0.992188852,1.001261789,0.998287938,0.998062917,0.998922424,1.001757927
1.002923932,1.000437971,0.992042857,1.001261789,0.998501927,0.997986534,0.998275947,1.001439611
1.002761454,1.000787064,0.991994197,1.001261789,0.99892992,0.998114299,0.998275947,1.001335099
1.002598981,1.000989754,0.991994197,1.001261789,0.999571951,0.998251463,0.998706926,1.001288784
1.00146179,1.001150348,0.99209152,1.001892757,0.999785973,0.998366979,0.997844989,1.001035549
1.001624233,1.00144475,0.992334865,1.001051477,1.000214033,0.998478739,0.997414055,1.000769414
1.001624233,1.001699377,0.992432219,1.001051477,1.000214033,0.998593757,0.997629519,1.000672621
1.001299351,1.002003541,0.992529581,1.00084117,0.999785973,0.998708393,0.997844989,1.000522982
1.000974488,1.002173419,0.992578265,1.000420574,0.99892992,0.998828209,0.998060465,1.000385842
1.001136917,1.002004039,0.99282172,1.00084117,0.999357935,0.999179993,0.997844989,1.000305435
1.000812062,1.001921842,0.993113937,1.00084117,1,0.999514727,0.997844989,1.000214326
1.000487224,1.001882756,0.993357511,1.00084117,1.000428071,0.999809454,0.998491434,1.00022417
1.000649641,1.001846123,0.99355241,1.001261789,1.000642115,1.000160883,0.998706926,1.000183079
1.000974488,1.001732139,0.993796083,1.001682429,1.000642115,1.000431227,0.999568953,1.000322644
1.001136917,1.001697328,0.99399106,1.001472106,1.000642115,1.000778572,1.00043107,1.000385672
1.000812062,1.001563448,0.994332354,1.001261789,1.000856165,1.001164112,1.001077716,1.000505318
1.000974488,1.001822254,0.994722536,1.001892757,1.00107022,1.00147442,1.001939991,1.000572936
1.001949132,1.001969201,0.99521046,1.001892757,1.000642115,1.001805045,1.002586756,1.00057311
1.002274048,1.002271424,0.995649778,1.002313431,1.000856165,1.002039798,1.003017961,1.000635127
1.002598981,1.002430967,0.995796257,1.002944482,1.00107022,1.002332784,1.003233572,1.000754641
1.002761454,1.002699147,0.996089274,1.00336521,1.00107022,1.002658567,1.003449188,1.000884873
1.003086414,1.003049436,0.996480086,1.003996344,1.001284281,1.002935554,1.003880438,1.000834583
1.002598981,1.002540793,0.996626676,1.003785961,1.001284281,1.003379064,1.004096071,1.00091787
1.002923932,1.002576278,0.996871038,1.003785961,1.00107022,1.003195009,1.003880438,1.000899952
1.002923932,1.00260077,0.997115454,1.003996344,1.000642115,1.00298637,1.003449188,1.000764248
1.002761454,1.002565481,0.997359925,1.004206733,1.000642115,1.002841852,1.004096071,1.0008847
1.003086414,1.002547293,0.997604451,1.004417127,1.000428071,1.002583857,1.004096071,1.000862055
1.003086414,1.002500537,0.997800111,1.003996344,1.000642115,1.002478925,1.004311711,1.000917639
1.003411391,1.002419387,0.997995806,1.00336521,1.000642115,1.002162889,1.004527355,1.001147978
1.003411391,1.002672603,0.998044735,1.003575583,1.001498348,1.001898263,1.004311711,1.001147567
1.003898889,1.003119173,0.997995806,1.003154843,1.001284281,1.00185746,1.003880438,1.001095735
1.004548947,1.003482579,0.997849031,1.002313431,1.001284281,1.001929154,1.003880438,1.001062987
1.005849272,1.004001482,0.997702276,1.002944482,1.001284281,1.002037441,1.002802356,1.000931882
1.006499539,1.004410096,0.997555541,1.003154843,1.001498348,1.001882067,1.002371162,1.0008951
1.007312471,1.004905892,0.997408826,1.002313431,1.001926497,1.001992142,1.001508842,1.000896346
1.008125511,1.005372892,0.997359925,1.001682429,1.001498348,1.00205388,1.001508842,1.000868633
1.008450758,1.00529509,0.997164344,1.001472106,1.001498348,1.002172197,1.001293277,1.000995693
1.008613387,1.004760388,0.997164344,1.001472106,1.002354669,1.002210573,1.001293277,1.001053714
1.007962894,1.004319839,0.997213236,1.002103091,1.003211081,1.002305013,1.001724414,1.001107645
1.007312471,1.003832328,0.997066566,1.001892757,1.003211081,1.002419357,1.000862162,1.001270228
1.00747507,1.003387465,0.997213236,1.001682429,1.002782864,1.002424092,1.000215532,1.001368469
1.007312471,1.002880797,0.997164344,1.001051477,1.002782864,1.002568439,0.999784474,1.001133256
1.006987285,1.002527462,0.997164344,1.000210284,1.002782864,1.002629672,0.999784474,1.001117967
1.007962894,1.002848805,0.997311026,1.001051477,1.002996969,1.002470458,0.999568953,1.001199135
1.007800282,1.002665857,0.997311026,1.001051477,1.00363932,1.002971161,1.000215532,1.001265298
1.007962894,1.002481574,0.99726213,1.000420574,1.004281721,1.003432005,1,1.001276701
1.008125511,1.00228756,0.997066566,1.000420574,1.004495865,1.003917643,0.999784474,1.001224948
1.007962894,1.002134408,0.996919916,1.001051477,1.004924172,1.004461952,0.999784474,1.001427601
1.008288132,1.002045008,0.996871038,1.001682429,1.005138333,1.004898957,0.999784474,1.001436
1.008125511,1.001909991,0.996773286,1.002944482,1.005780852,1.005386445,1.000215532,1.001180702
1.008450758,1.001580864,0.996480086,1.002313431,1.004924172,1.005441986,1,1.001193763
1.007800282,1.001418212,0.996235812,1.002944482,1.005352501,1.005233955,1.000646613,1.001333382
1.007637674,1.001251189,0.996089274,1.003154843,1.005352501,1.004921181,1.000646613,1.001468605
1.006824699,1.000922244,0.996040432,1.002734126,1.005352501,1.004610713,1.001293277,1.001535033
1.006662117,1.00073749,0.995991593,1.002523776,1.005138333,1.004509886,1.001508842,1.001545649
1.006011832,1.000410178,0.995845088,1.002734126,1.005352501,1.004141694,1.002155574,1.001666955
1.006011832,1.000218379,0.995698602,1.003785961,1.005780852,1.003781947,1.002371162,1.00172384
1.006011832,1.000408409,0.995600956,1.004417127,1.005566673,1.003708175,1.001508842,1.001607211
1.006336966,1.000365566,0.99535688,1.003996344,1.005780852,1.003717345,1.00043107,1.001399615
1.006499539,1.000271981,0.995015264,1.003575583,1.005566673,1.0036556,1,1.001403666
1.007149876,1.000176702,0.994917679,1.004627527,1.006209226,1.00357886,1,1.001245855
1.006824699,1.000033509,0.994673756,1.00567961,1.007280258,1.003642667,0.999784474,1.001142326
1.006987285,1.000096411,0.994478656,1.006521375,1.007494481,1.003595738,0.999137928,1.001209802
1.007149876,0.99985995,0.994137316,1.007573705,1.007922944,1.003601584,0.998706926,1.001324124
1.006662117,0.999950726,0.994088562,1.007152757,1.007280258,1.003656431,0.998706926,1.001259334
1.006662117,0.999932082,0.994137316,1.007152757,1.006209226,1.003820632,0.998275947,1.001129353
1.006336966,0.99980574,0.994234831,1.006942291,1.006209226,1.004091814,0.999353438,1.000989276
1.006499539,0.999668052,0.994381119,1.006100481,1.005780852,1.004325189,0.999568953,1.000837854
1.006499539,0.999516922,0.994478656,1.00567961,1.005780852,1.004494428,0.999353438,1.000935217
1.006499539,0.999285652,0.994527428,1.00567961,1.006209226,1.004711094,0.998922424,1.000841083
1.006174397,0.999069302,0.994576201,1.005048344,1.005566673,1.004926791,0.998491434,1.000975275
1.006174397,0.999445023,0.995112858,1.005890043,1.006423421,1.005328191,0.998275947,1.00121852
1.005849272,0.999467862,0.995454504,1.00525876,1.006209226,1.005820988,0.998060465,1.00124136
1.005686716,0.999470414,0.995796257,1.005048344,1.005780852,1.006450967,0.998060465,1.00119054
1.005686716,0.999504335,0.996089274,1.005048344,1.005995036,1.007123085,0.997629519,1.001171092
1.005524165,0.999528253,0.99638237,1.004837933,1.006423421,1.007668262,0.997629519,1.001141644
1.005036536,0.999676398,0.996822161,1.004837933,1.006209226,1.008215239,0.996552253,1.001032155
1.004386426,0.999740016,0.997115454,1.003785961,1.005995036,1.008754507,0.995905961,1.001042414
1.004223909,0.999421072,0.997213236,1.002734126,1.005995036,1.008980126,0.997198596,1.001064838
1.003573886,0.999689772,0.997506634,1.002944482,1.005566673,1.009098129,0.997844989,1.001196434
1.0032489,0.999948383,0.997849031,1.002944482,1.005352501,1.009213891,0.998060465,1.00121117
1.002923932,1.000196427,0.998044735,1.001892757,1.004924172,1.009382243,0.998706926,1.001322018
1.002598981,1.000540589,0.998191536,1.00084117,1.004067581,1.009389797,0.999137928,1.001271236
1.002111587,1.000716461,0.998534149,1.000210284,1.00363932,1.009447182,0.999353438,1.001300686
1.001624233,1.001002333,0.998925838,0.999579448,1.00363932,1.009570927,0.999137928,1.001289119
1.00178668,1.000919594,0.99897481,0.999579448,1.004067581,1.009869136,0.999137928,1.001304016
1.00178668,1.000399988,0.998925838,0.99936918,1.003853448,1.010140751,1,1.001588103
1.00178668,1.000132763,0.99897481,1.000210284,1.003211081,1.010537835,0.999784474,1.002040644
1.001949132,0.999862886,0.999170716,1.001261789,1.004067581,1.010812327,0.999568953,1.002432552
1.002111587,0.999572292,0.999170716,1.001472106,1.004067581,1.011202842,1,1.00248793
1.001949132,0.999494086,0.999317668,1.001472106,1.003211081,1.01147405,1.000215532,1.002764943
1.001949132,0.999277229,0.999464641,1.001892757,1.002996969,1.011806115,0.999784474,1.002738392
1.002111587,0.999230739,0.999317668,1.002103091,1.002782864,1.012138631,1.000215532,1.002687235
1.002598981,0.999292032,0.999464641,1.002103091,1.002996969,1.012043302,1.000646613,1.002806602
1.002436512,0.999381728,0.999562634,1.002944482,1.002782864,1.011898545,1.000646613,1.002900968
1.002274048,0.999526822,0.999660635,1.00336521,1.002354669,1.011808567,1.001077716,1.003001988
1.00178668,0.999535909,0.999758645,1.00336521,1.001926497,1.011740482,1.001508842,1.003117902
1.001624233,0.999546782,0.999758645,1.003154843,1.00171242,1.01168809,1.002586756,1.003289029
1.001949132,0.999609775,0.999709639,1.003575583,1.002354669,1.011651119,1.002802356,1.003249857
1.001949132,1.000443493,1.000052729,1.004417127,1.00214058,1.011569718,1.002802356,1.003459006
1.002436512,1.000728916,1.000199801,1.003996344,1.001926497,1.011600054,1.003017961,1.003660802
1.002436512,1.000976367,1.000248829,1.003575583,1.001498348,1.011656587,1.003017961,1.003713093
1.002274048,1.001136257,1.000395927,1.004206733,1.001926497,1.011727012,1.002371162,1.003673164
1.002274048,1.001429889,1.000641134,1.004206733,1.001498348,1.011839703,1.002586756,1.003883059
1.002274048,1.001658897,1.000788285,1.004417127,1.00107022,1.011845872,1.002802356,1.004183998
1.002436512,1.001814901,1.000788285,1.004837933,1.000642115,1.011907026,1.003880438,1.004407323
1.002274048,1.002010989,1.00103358,1.004627527,1,1.011714544,1.004096071,1.004515002
1.001624233,1.002423477,1.001082646,1.004627527,0.999785973,1.011237088,1.003017961,1.004483312
1.001624233,1.002827021,1.001180784,1.004837933,0.999785973,1.010661125,1.002371162,1.004389103
1.001136917,1.003260893,1.001082646,1.004417127,0.999357935,1.010123945,1.002155574,1.004431991
1.000487224,1.003685372,1.001229857,1.003785961,0.99892992,1.009586728,1.001724414,1.004358465
1.000324812,1.004025458,1.001229857,1.00336521,0.999357935,1.009107775,1.001508842,1.004405131
1,1.004335618,1.001180784,1.002523776,0.999785973,1.0086897,1.001724414,1.004475245
1.011541469,1.003999487,1.001377087,1.007152757,1.00171242,1.008478014,1.001724414,1.004641863
1.028650104,1.005379601,1.002359129,1.01115266,1.002782864,1.009287181,1.001724414,1.004972525
1.045806965,1.006727524,1.00348957,1.014311884,1.005138333,1.010174388,1.001508842,1.005371973
1.063340448,1.008129166,1.004670407,1.017893839,1.006637622,1.010897855,1.001293277,1.005881665
1.080595303,1.009545946,1.005852521,1.021266548,1.008565681,1.011723474,1.001508842,1.006351545
1.097899004,1.010956148,1.006937249,1.025273478,1.010279892,1.012544175,1.001077716,1.006706323
1.1145898,1.012346148,1.008319367,1.028438254,1.010708501,1.013276341,1.001508842,1.007302768
1.133483675,1.014910478,1.010692775,1.030970971,1.012423161,1.015175639,1.001077716,1.007946214
1.15243588,1.017615643,1.013468258,1.03477154,1.013495006,1.017319032,1.001293277,1.00878708
1.171947761,1.020413853,1.016350279,1.0389965,1.014995824,1.019491065,1.000862162,1.009822675
1.1913541,1.023221541,1.019239872,1.041532541,1.014781405,1.021631939,1.001939991,1.010973596
1.210653603,1.025820949,1.022037039,1.045549571,1.016496917,1.023702651,1.001724414,1.011899033
1.230013589,1.028576287,1.024791182,1.049145455,1.017783787,1.025845668,1.001508842,1.012664418
1.24909607,1.03134629,1.027703013,1.052531282,1.019070859,1.027987647,1.000862162,1.013438536
1.269255507,1.034189747,1.030924996,1.056765567,1.02164561,1.031028937,1.00043107,1.014821761
1.290502133,1.037144573,1.034156383,1.059942741,1.023577203,1.034257349,1.001077716,1.016264321
1.311309089,1.039912522,1.037346507,1.062273464,1.025079869,1.037450201,1.001939991,1.017665399
1.332528616,1.042759204,1.040698403,1.066088827,1.02615337,1.040649188,1.002802356,1.019089639
1.354508613,1.045600685,1.043958405,1.070118114,1.027227011,1.043791309,1.003233572,1.020557367
1.375703102,1.048519615,1.04722798,1.073724972,1.028515566,1.046939888,1.003880438,1.021992494
1.397315986,1.051484063,1.05050717,1.077545755,1.030019137,1.050040815,1.004096071,1.023416662
1.405808608,1.054647372,1.053435828,1.07605968,1.02915992,1.053203056,1.004527355,1.024992342
1.408410691,1.055777254,1.05554716,1.075847406,1.02894513,1.055894009,1.004096071,1.026192045
1.411361022,1.057221586,1.057301047,1.075422874,1.027871263,1.058512125,1.004527355,1.02756231
1.413791748,1.058558625,1.059109392,1.074149414,1.027656507,1.061194109,1.004743006,1.028818534
1.416744609,1.059790613,1.060817079,1.074786119,1.027441756,1.063828447,1.004958662,1.030289206
1.420220342,1.061111163,1.062734854,1.073724972,1.027012272,1.066476893,1.005174323,1.031797383
1.423697999,1.062394893,1.06444807,1.073724972,1.027227011,1.06918408,1.004958662,1.033105419
1.425611531,1.062758409,1.065071706,1.07393719,1.027012272,1.070957914,1.004311711,1.034308494
1.426829537,1.062932149,1.065331657,1.073512759,1.027012272,1.072288991,1.00366481,1.035364394
1.427873729,1.06314741,1.065643677,1.07308835,1.026797538,1.073600252,1.00366481,1.036465764
1.429266256,1.063383697,1.065799719,1.072876154,1.027227011,1.074952099,1.003233572,1.037479664
1.43152977,1.063753456,1.06600781,1.072027426,1.027441756,1.076308986,1.003449188,1.038418858
1.433445688,1.064016222,1.066320017,1.071390939,1.027656507,1.077554565,1.003880438,1.039409027
1.435187938,1.064378538,1.066580256,1.070754501,1.027227011,1.078746609,1.004096071,1.04045128
1.436756376,1.064134715,1.06637206,1.069693884,1.026582809,1.079155046,1.004743006,1.04112151
1.437453585,1.064501468,1.06637206,1.069693884,1.026582809,1.079404761,1.004527355,1.041676204
1.437976542,1.064955859,1.066215938,1.070330238,1.027012272,1.079643003,1.004096071,1.042322013
1.438325205,1.065597937,1.06600781,1.069693884,1.026368087,1.079876639,1.003449188,1.04294306
1.438150871,1.065974464,1.065799719,1.068845491,1.026368087,1.080188795,1.002802356,1.043562605
1.438499543,1.06639121,1.065695689,1.069269676,1.026582809,1.080473979,1.001939991,1.044171024
1.439196945,1.066816511,1.065539661,1.068633406,1.026368087,1.080819294,1.001939991,1.044733213
1.439894425,1.067312601,1.065747703,1.068421327,1.025938658,1.080595787,1.001724414,1.045314733
1.440940789,1.06798499,1.06590376,1.067997186,1.025509252,1.080146427,1.002371162,1.045917951
1.441464037,1.068353161,1.066267977,1.068633406,1.02615337,1.079767092,1.001724414,1.046254878
1.441987328,1.06878639,1.066528204,1.069269676,1.025938658,1.079288822,1.002371162,1.046825096
1.44303404,1.069320649,1.066892623,1.068633406,1.025294558,1.078824704,1.001724414,1.047118305
1.443557461,1.069786892,1.067205077,1.069057581,1.025509252,1.078441436,1.002371162,1.047449939
1.444080926,1.070341367,1.067517617,1.068845491,1.024865185,1.078076752,1.002155574,1.047928063
1.444255424,1.070095042,1.067361336,1.068421327,1.024650508,1.077977633,1.003233572,1.04843166
1.445302514,1.070000261,1.06725716,1.067997186,1.024006508,1.078153099,1.003233572,1.048770296
1.445826124,1.069931462,1.06725716,1.067785124,1.023791853,1.078336618,1.003449188,1.04913498
1.446349778,1.069856526,1.067100916,1.067997186,1.024435836,1.078470671,1.002802356,1.04949015
1.446524339,1.069699932,1.066996765,1.067997186,1.023791853,1.078640787,1.002586756,1.049870369
1.447571806,1.069658943,1.066892623,1.067573067,1.023577203,1.078885968,1.003017961,1.050266511
1.448095605,1.069351677,1.066840556,1.067785124,1.024006508,1.079204133,1.002802356,1.050489172
1.448794071,1.069614653,1.066684369,1.067785124,1.024435836,1.079549226,1.002155574,1.050824749
1.4489687,1.069886592,1.066476154,1.067785124,1.024006508,1.079840354,1.001939991,1.051224422
1.449492615,1.070197036,1.066424106,1.067573067,1.023791853,1.080130302,1.001724414,1.051500764
1.449841916,1.070348739,1.066320017,1.067997186,1.024006508,1.080436707,1.002155574,1.051990296
1.450715253,1.070777755,1.066320017,1.068845491,1.024865185,1.080772347,1.003233572,1.052443905
1.45141401,1.071006533,1.066163903,1.067997186,1.024006508,1.081077393,1.003449188,1.052686733
1.45141401,1.071175121,1.066111869,1.068421327,1.024221169,1.08136644,1.003449188,1.053086564
1.452637022,1.070821663,1.066059838,1.068845491,1.024221169,1.082051418,1.003449188,1.053311873
1.453335992,1.070980628,1.066163903,1.068633406,1.024221169,1.082571052,1.002802356,1.053477925
1.45403504,1.070997214,1.066215938,1.067997186,1.024221169,1.083194995,1.00366481,1.053770492
1.45525856,1.071175148,1.066424106,1.067997186,1.023791853,1.083874031,1.003017961,1.053959086
1.455608181,1.071391743,1.066528204,1.068209254,1.024006508,1.084531591,1.003017961,1.054462434
1.456482318,1.07150831,1.066684369,1.068633406,1.024006508,1.085227139,1.001939991,1.054751821
1.457356577,1.071534233,1.066788491,1.069057581,1.025079869,1.085838368,1.001724414,1.054943456
1.459455292,1.07203152,1.067569715,1.070330238,1.025294558,1.086433647,1.001724414,1.055307146
1.460329963,1.072653503,1.068142958,1.070542367,1.025509252,1.086666091,1.002586756,1.055750838
1.461904677,1.0733533,1.068560045,1.070118114,1.025723952,1.086860212,1.003017961,1.055999294
1.462254667,1.074055057,1.0693425,1.069905996,1.025079869,1.086993702,1.004096071,1.056359945
1.462779688,1.074681219,1.070021067,1.070330238,1.025294558,1.087113264,1.004311711,1.056641197
1.462604676,1.075222676,1.0706478,1.070754501,1.024865185,1.087361286,1.00366481,1.056941118
1.463654821,1.075908008,1.071222612,1.070542367,1.024650508,1.087491715,1.003233572,1.057395187
1.449317972,1.074894896,1.070543321,1.068421327,1.023147921,1.086773768,1.003449188,1.057473882
1.429788533,1.07257928,1.068716492,1.065028823,1.022289424,1.085474539,1.00366481,1.057155179
1.409451826,1.070095535,1.066736429,1.061002077,1.021001846,1.084121238,1.00366481,1.056870357
1.389526757,1.067889869,1.064863789,1.05697734,1.01992902,1.08272127,1.00366481,1.056600953
1.3694924,1.065437611,1.062942378,1.053377961,1.017998285,1.081333496,1.002586756,1.056286383
1.349350106,1.063069373,1.061076046,1.050414973,1.017140327,1.079877919,1.002155574,1.0561654
1.329786551,1.060771483,1.059109392,1.047030035,1.015639116,1.07842741,1.001939991,1.05578654
1.307893342,1.058393421,1.05642376,1.04258946,1.01542468,1.076016041,1.001293277,1.054928285
1.286417141,1.055349083,1.053281497,1.0389965,1.014566991,1.073564672,1.001724414,1.054227775
1.26518446,1.052426496,1.050250636,1.036250024,1.013066251,1.070941187,1.001077716,1.053429594
1.243517228,1.049294743,1.047023351,1.032448757,1.012208809,1.068317309,1.001077716,1.05256318
1.222599128,1.046256564,1.043958405,1.029282404,1.010922814,1.065743828,1.000862162,1.051406008
1.201248046,1.043227288,1.040800134,1.024851602,1.009851306,1.063211506,1.000862162,1.050361073
1.179803312,1.040303581,1.037802989,1.020844882,1.007922944,1.060724105,1.000862162,1.049529536
1.157266393,1.037170017,1.034257516,1.015997311,1.006637622,1.057399308,1.000215532,1.048237459
1.13564194,1.034115712,1.03067294,1.01262681,1.005995036,1.054028411,0.999568953,1.046647459
1.114258848,1.031081304,1.027401433,1.00967878,1.004710016,1.050797102,0.999137928,1.045345545
1.093279896,1.028224092,1.023989267,1.007573705,1.003853448,1.047573948,0.998275947,1.043895372
1.07171529,1.025091877,1.02058762,1.003996344,1.002782864,1.044221142,0.998275947,1.042527522
1.051045343,1.022152772,1.017196443,1.001472106,1.00214058,1.040922966,0.998922424,1.041197165
1.0301188,1.01913696,1.013914973,0.998948661,1.001284281,1.03769193,0.999568953,1.039778705
1.022778864,1.017712663,1.011732759,0.998107688,1.000856165,1.035075362,1,1.038361496
1.020497133,1.016772439,1.010742276,0.997897459,1.000856165,1.033171265,0.999568953,1.037207567
1.019356588,1.016011528,1.009752686,0.998317923,1.000856165,1.031319341,0.999353438,1.036080027
1.017401867,1.014983933,1.008763989,0.998107688,1.000428071,1.029556685,0.998706926,1.034942873
1.01561059,1.014064508,1.007776184,0.997897459,1.000428071,1.027705278,0.998706926,1.033706627
1.013982615,1.013238049,1.006789268,0.997477017,1.000214033,1.025876778,0.999353438,1.032574079
1.012192345,1.012359241,1.005951089,0.997477017,1,1.024034517,0.999784474,1.031596415
1.011216057,1.01193476,1.005212051,0.998317923,0.999571951,1.023174989,1.00043107,1.030848344
1.010890662,1.011397372,1.005064303,0.998738409,0.999571951,1.022436597,1,1.029928157
1.010402603,1.010857263,1.004719637,0.998317923,0.999143924,1.021682871,1.000646613,1.029271616
1.010077252,1.010338799,1.004424294,0.998948661,0.999143924,1.020978317,1.000646613,1.028479285
1.009101303,1.009687582,1.004030629,0.998738409,0.999357935,1.020290355,1.001293277,1.027804662
1.008613387,1.009009159,1.003637105,0.999158918,0.99892992,1.01953547,1.001508842,1.027107943
1.008450758,1.008478572,1.003243722,0.99936918,0.99871592,1.018784964,1.001293277,1.026303855
1.008450758,1.008001216,1.002801336,1.000210284,0.998501927,1.01829967,1.001508842,1.025558363
1.008125511,1.007551315,1.002555643,1.000210284,0.998501927,1.017822635,1.001077716,1.024894592
1.007800282,1.007047692,1.002113536,1.000210284,0.998501927,1.01734735,1,1.024172082
1.008288132,1.006609195,1.001671607,0.999158918,0.99871592,1.016959432,1,1.023519988
1.008450758,1.006309403,1.001377087,0.999579448,0.99871592,1.016533163,0.999784474,1.02280615
1.008125511,1.005823094,1.000935456,0.998738409,0.998501927,1.016150959,0.999568953,1.022106599
1.007962894,1.005464408,1.000494003,0.998738409,0.998287938,1.015685458,0.999137928,1.02143715
1.007312471,1.005028648,1.000248829,0.998317923,0.998073956,1.015418709,0.998491434,1.020847488
1.007800282,1.00504004,1.000248829,0.99936918,0.998501927,1.014938346,0.998491434,1.020427558
1.008125511,1.005079401,1.000150775,0.999579448,0.998501927,1.014480563,0.998922424,1.019981833
1.008776022,1.00509526,0.999954692,0.999789721,0.999357935,1.014055079,0.998706926,1.01935116
1.00893866,1.005110326,0.999807654,0.999789721,0.999785973,1.01364586,0.998922424,1.018817595
1.009426602,1.004968377,0.999611633,0.999579448,1.000214033,1.013270696,0.998706926,1.018122277
1.009426602,1.004892676,0.999415648,0.999579448,1.000214033,1.012929179,0.998060465,1.017601108
1.009751918,1.004895136,0.999709639,0.999579448,1,1.012689079,0.998060465,1.017227055
1.009751918,1.005288797,0.999611633,0.999579448,1,1.01254027,0.997844989,1.016961419
1.010077252,1.005733122,0.999562634,0.999789721,1.000214033,1.012437857,0.996767695,1.016477589
1.010239925,1.006201279,0.999513636,1,1.000428071,1.012354373,0.996336817,1.016076281
1.010402603,1.006767695,0.999366657,0.999579448,1,1.01219409,0.995475128,1.015675466
1.010402603,1.007220348,0.999317668,0.999789721,0.999571951,1.011987421,0.995905961,1.015312247
1.010565285,1.007615053,0.999268682,1,1,1.011887259,0.995905961,1.014886225
1.009751918,1.007322233,0.999513636,0.99936918,0.999785973,1.01178114,0.995475128,1.014667239
1.00926395,1.006850668,0.999807654,0.999789721,0.999357935,1.012124572,0.996336817,1.014523412
1.008776022,1.006374345,0.999905677,0.99936918,0.999357935,1.012394323,0.996983143,1.014267309
1.007800282,1.00586726,1.000052729,0.999789721,0.999143924,1.012764513,0.997414055,1.014082773
1.00747507,1.005331294,1.000101751,0.999579448,0.99892992,1.013163137,0.997198596,1.013922792
1.006987285,1.00494375,1.000346892,0.999789721,0.999143924,1.013533663,0.996767695,1.013862226
1.006499539,1.004458943,1.000444964,0.99936918,0.99892992,1.013812062,0.996552253,1.013650574
1.006336966,1.004568446,1.000346892,0.999158918,0.99892992,1.013772946,0.995905961,1.013550413
1.006011832,1.004597915,1.000297859,0.998948661,0.99892992,1.014054604,0.996552253,1.013258132
1.005524165,1.004665565,1.000297859,0.998528164,0.998501927,1.01428683,0.996121386,1.01311617
1.004711472,1.004744623,1.000297859,0.998528164,0.998073956,1.014557918,0.996767695,1.013195228
1.004386426,1.004746629,1.000297859,0.998948661,0.997859979,1.014830838,0.996767695,1.013250848
1.004223909,1.004896441,1.000346892,0.998738409,0.99871592,1.015078023,0.996552253,1.013249511
1.004223909,1.005049872,1.000297859,0.998948661,0.99892992,1.015310971,0.996552253,1.013042186
1.004711472,1.005127264,1.000101751,0.999158918,0.99892992,1.015274808,0.995905961,1.012802799
1.004386426,1.005181364,0.999905677,0.999158918,0.99871592,1.015066965,0.995905961,1.012540168
1.003736385,1.005240666,0.999856664,0.99936918,0.99871592,1.01491918,0.996336817,1.012389941
1.003898889,1.005242099,0.999807654,0.99936918,0.99871592,1.014761743,0.997198596,1.012284218
1.003573886,1.005318094,0.999807654,1.000210284,0.999357935,1.014683383,0.997414055,1.012145926
1.0032489,1.005487234,0.999856664,1.000210284,0.999785973,1.014630005,0.996983143,1.011847339
1.002598981,1.005473737,0.999807654,1,0.999785973,1.014428018,0.997198596,1.01177552
1.003086414,1.006088312,0.999807654,1.000210284,1,1.014126151,0.997414055,1.011429701
1.003086414,1.005915474,0.999562634,0.999789721,1,1.014032873,0.997198596,1.011291481
1.0032489,1.005778095,0.999317668,1.000420574,1.000214033,1.01389747,0.997629519,1.011081656
1.003573886,1.005563999,0.999170716,1.000420574,1.000214033,1.013895212,0.997198596,1.011004463
1.003411391,1.005392033,0.999023783,1.000420574,1.000214033,1.013757809,0.997844989,1.011022874
1.004061397,1.005205043,0.99887687,1.00063087,1.000428071,1.013549654,0.998275947,1.010763403
1.004386426,1.004999085,0.998729976,1.001051477,1.000642115,1.013446659,0.998706926,1.010587236
1.004386426,1.004652943,0.998827903,1.001892757,1.001284281,1.01323275,0.999568953,1.010417094
1.004061397,1.004216931,0.998534149,1.001472106,1.000856165,1.012809762,0.999137928,1.010205706
1.003736385,1.0037816,0.998191536,1.001892757,1.00107022,1.012440527,0.998706926,1.00983445
1.003898889,1.003364458,0.997897954,1.001682429,1.000856165,1.012075937,0.998275947,1.009427859
1.002923932,1.00304118,0.997604451,1.001682429,1.001284281,1.011720893,0.997844989,1.009017758
1.002598981,1.002615703,0.997359925,1.001682429,1,1.011291157,0.998706926,1.008709644
1.002274048,1.002135219,0.997213236,1.001261789,0.999357935,1.010868292,0.999568953,1.008395064
1.002111587,1.001826836,0.997017681,1.00084117,0.999357935,1.010485492,0.999784474,1.008213416
1.002436512,1.001451374,0.996919916,1.00063087,1,1.010181103,1.000215532,1.007906433
1.002761454,1.001222369,0.996773286,1.000210284,1.000856165,1.009873997,1.000215532,1.007546696
1.002598981,1.000909822,0.99657781,1.000210284,1.000856165,1.00950735,1.000215532,1.007307365
1.0032489,1.000665515,0.996528947,1,1.000214033,1.009146961,1.000215532,1.007247754
1.004223909,1.000304882,0.996431227,1.000420574,1.000642115,1.00872999,0.999784474,1.007008773
1.004223909,1.000123493,0.996235812,1.001051477,1.000642115,1.008411195,1.000862162,1.006754803
1.004386426,1.000026673,0.996089274,1.001051477,1.000642115,1.008423265,1.000862162,1.006701717
1.004548947,1.000592097,0.996235812,1.001261789,1.001284281,1.007851321,1.00043107,1.006519724
1.004061397,1.001079756,0.996480086,1.001892757,1.001498348,1.007370816,1.00043107,1.006415003
1.003736385,1.001518989,0.99657781,1.001892757,1.001284281,1.006784464,1.00043107,1.006150278
1.004061397,1.00211716,0.996822161,1.002103091,1.00171242,1.006250885,1.000215532,1.005845204
1.003411391,1.002461713,0.996871038,1.001682429,1.001284281,1.005725436,1.000215532,1.005689416
1.002598981,1.002869698,0.996968797,1.002103091,1.001284281,1.005192968,0.999784474,1.005601629
1.002274048,1.003046228,0.996968797,1.002103091,1.00107022,1.004958362,1,1.005472289
1.002274048,1.003209523,0.997017681,1.002313431,1.001498348,1.004875713,1.000215532,1.005436301
1.002111587,1.003414928,0.99726213,1.002523776,1.00171242,1.004773795,1.001077716,1.005500326
1.001949132,1.003640518,0.997506634,1.003154843,1.00214058,1.004619234,1.001724414,1.005477911
1.002598981,1.003791826,0.997751192,1.002944482,1.001284281,1.004465437,1.002371162,1.005536463
1.002436512,1.003943932,0.997946879,1.003575583,1.001498348,1.004394814,1.001724414,1.005489202
1.002111587,1.004141226,0.998093667,1.003996344,1.00171242,1.004244698,1.001077716,1.005385119
1.001624233,1.004415116,0.998191536,1.004206733,1.001926497,1.004395201,1.001077716,1.00525561
1.00146179,1.004366959,0.998191536,1.004417127,1.00107022,1.004738302,1.001508842,1.005043034
1.001299351,1.004228001,0.998436249,1.004627527,1.000214033,1.004905523,1.001724414,1.005050195
1.001136917,1.004219742,0.998681016,1.004417127,1,1.005140797,1.001724414,1.005032786
1.000812062,1.004137017,0.998778939,1.003996344,1.000214033,1.005222089,1.001724414,1.004727843
1.000162404,1.004060307,0.998827903,1.003785961,0.999571951,1.005496416,1.002371162,1.004641998
1.000162404,1.003790774,0.999072758,1.002944482,0.999571951,1.005571786,1.001293277,1.004611318
1,1.00366482,0.998925838,1.003154843,1,1.00564109,1.002155574,1.004631393
1.000162404,1.00367782,0.998778939,1.00336521,0.999785973,1.005919756,1.002155574,1.004431381
1.000649641,1.003764021,0.998583103,1.002944482,1,1.006188107,1.002155574,1.004362413
1.000974488,1.003965865,0.998436249,1.003154843,1,1.006426301,1.002371162,1.004413658
1.00146179,1.003972581,0.998142601,1.002734126,1,1.006713157,1.002586756,1.004260653
1.00178668,1.004034925,0.998093667,1.00336521,1.000214033,1.007053306,1.002155574,1.004061382
1.002761454,1.004434174,0.998044735,1.002523776,0.999785973,1.007063695,1.002802356,1.003911437
1.003573886,1.004653464,0.998093667,1.002313431,0.999785973,1.007313651,1.002155574,1.00377626
1.003898889,1.004806213,0.998142601,1.002103091,0.999785973,1.007389424,1.002155574,1.003729666
1.004061397,1.004947947,0.998093667,1.001682429,1,1.007504838,1.001939991,1.003614334
1.004711472,1.005238201,0.998093667,1.001892757,1,1.007641658,1.001724414,1.003501363
1.004711472,1.005536685,0.997897954,1.001892757,1.000856165,1.007752943,1.001508842,1.003294656
1.004874002,1.005501841,0.997702276,1.001472106,1.00107022,1.00807853,1.002155574,1.003410481
1.005524165,1.005514994,0.997555541,1.001472106,1.00171242,1.008435415,1.002371162,1.003578767
1.005524165,1.005379429,0.997555541,1.001051477,1.001284281,1.00855242,1.002802356,1.003589388
1.004711472,1.005284495,0.997506634,1.001682429,1.001498348,1.008456306,1.002802356,1.003751518
1.005036536,1.005187091,0.997213236,1.001261789,1.001284281,1.008491322,1.002802356,1.003747061
1.004874002,1.005199751,0.997066566,1.001261789,1.001284281,1.008535755,1.001939991,1.003653312
1.004548947,1.004961854,0.996871038,1.001472106,1.00171242,1.00866027,1.002155574,1.003658967
1.004386426,1.0047373,0.996528947,1.001682429,1.001926497,1.008507716,1.001077716,1.003673407
1.004386426,1.004555728,0.995991593,1.001682429,1.001498348,1.008530142,1.001077716,1.003580195
1.004548947,1.004487506,0.995942756,1.001892757,1.001498348,1.008476908,1.000215532,1.003449757
1.004223909,1.004217785,0.995747429,1.001051477,1.00107022,1.008322026,1.000215532,1.003472088
1.003898889,1.003993715,0.995649778,1.001051477,1.000428071,1.008162237,1.000215532,1.003597724
1.003736385,1.003765234,0.995503319,1.001261789,1.000428071,1.008111235,1.00043107,1.003506127
1.0032489,1.00362163,0.995503319,1.001892757,1.000214033,1.007974097,1.000215532,1.003455271
1.0032489,1.003878259,0.995308071,1.001682429,0.999785973,1.007680352,1.000215532,1.003512774
1.002761454,1.003706374,0.995112858,1.001892757,1.000214033,1.007691,1.00043107,1.003375917
1.002598981,1.003484315,0.994820103,1.001682429,1.000428071,1.00771329,1.001293277,1.003503404
1.002598981,1.003339951,0.994624977,1.002313431,1.000428071,1.007719529,1.001724414,1.003340822
1.002598981,1.003107206,0.994429887,1.002734126,1.000214033,1.007623822,1.001293277,1.00329799
1.002111587,1.002867583,0.994234831,1.002734126,1.000642115,1.007520381,1.001077716,1.003195059
1.002598981,1.002966042,0.994283591,1.002523776,1.000428071,1.007522243,1.001077716,1.003036804
1.002598981,1.003114614,0.994478656,1.002944482,1,1.007418082,1.001077716,1.002880058
1.002598981,1.003264639,0.994576201,1.002734126,0.999357935,1.007438659,1.001293277,1.00277792
1.002436512,1.003294072,0.994673756,1.003785961,0.999571951,1.007391716,1.000646613,1.002807353
1.002761454,1.003457027,0.994820103,1.00336521,0.999785973,1.007366327,1.00043107,1.002771288
1.002274048,1.003709428,0.995015264,1.003996344,1,1.007369444,1.00043107,1.002780539
1.002274048,1.003876834,0.99521046,1.003996344,1,1.00753699,1.001077716,1.002908343
1.002761454,1.003996899,0.995503319,1.003785961,0.999785973,1.007810172,1.000862162,1.002931122
1.002598981,1.004005946,0.995942756,1.00336521,1,1.008217598,1.001724414,1.002993328
1.002274048,1.003909453,0.996480086,1.003785961,1.000214033,1.008620363,1.002155574,1.003100445
1.002111587,1.003940896,0.996871038,1.003996344,0.999785973,1.008926664,1.002155574,1.003185052
1.002111587,1.004038819,0.997311026,1.004627527,1,1.009306857,1.002371162,1.003287499
1.002274048,1.004504497,0.997555541,1.004206733,1.000214033,1.009566613,1.002155574,1.003262143
1.002111587,1.004944834,0.998044735,1.00336521,1.000214033,1.009796183,1.001724414,1.003419462
1.002111587,1.00514435,0.998338357,1.002734126,1.000214033,1.010007785,1.001293277,1.003424254
1.001949132,1.005256856,0.998778939,1.002734126,1.00107022,1.010412907,1.001293277,1.003492556
1.00178668,1.005344447,0.999170716,1.002523776,1.00107022,1.010753026,1.001077716,1.003637804
1.00146179,1.005446245,0.999611633,1.002523776,1.001498348,1.011110053,1.00043107,1.00380175
1.02392005,1.007326944,1.002064423,1.006100481,1.002354669,1.012890349,0.999568953,1.004362483
1.046952476,1.009871483,1.005064303,1.009468247,1.003853448,1.015211029,1.000215532,1.005113154
1.069743705,1.012340097,1.007973674,1.013048045,1.004924172,1.017486661,1,1.005827513
1.092455422,1.014448954,1.010890791,1.016629437,1.005780852,1.01970401,1.00043107,1.006680721
1.115251759,1.016880036,1.013617143,1.020423239,1.00770871,1.021792114,1.000646613,1.007287239
1.138133189,1.019379874,1.016499554,1.024851602,1.010279892,1.02388067,1.00043107,1.008015389
1.163268175,1.022348597,1.020138187,1.028438254,1.011351457,1.026833169,1.000862162,1.009198258
1.189008711,1.02517046,1.023989267,1.032237628,1.012851882,1.030000702,1.000862162,1.01064342
1.214520752,1.027937848,1.027853834,1.036250024,1.01542468,1.033169241,1.000646613,1.011967653
1.24064524,1.030855429,1.031631056,1.040898456,1.017569295,1.036315358,1.001077716,1.013287736
1.266541179,1.033923814,1.035319969,1.045126632,1.019070859,1.039188796,1.001508842,1.014763875
1.292886285,1.037222025,1.039071978,1.049357027,1.021001846,1.042063181,1.001508842,1.016159897
1.319685593,1.040932485,1.042734785,1.053166283,1.022289424,1.045591673,1.001077716,1.01755917
1.346257045,1.044777104,1.046511941,1.0565538,1.023791853,1.049179383,1.001508842,1.019411624
1.372942029,1.048779294,1.050250636,1.060790198,1.025723952,1.052784542,1.002155574,1.02120646
1.399394749,1.052275686,1.054259289,1.065240813,1.027656507,1.056557639,1.002371162,1.022883095
1.425959509,1.055769107,1.058075695,1.069481777,1.02894513,1.060184649,1.002802356,1.024707138
1.452287566,1.059339471,1.061905144,1.073724972,1.030233955,1.063955482,1.003233572,1.026606514
1.479603487,1.06287502,1.065747703,1.078182728,1.031952704,1.067926228,1.003017961,1.028673262
1.506861891,1.066947973,1.069551246,1.082430499,1.033671813,1.071849145,1.003017961,1.030760698
1.533530288,1.070828461,1.073315311,1.086042863,1.034101646,1.075781729,1.003880438,1.032742199
1.536185607,1.07297155,1.074782513,1.085830326,1.034316571,1.078222219,1.004311711,1.034511736
1.538487783,1.074379874,1.075831684,1.086255405,1.034101646,1.080150214,1.004311711,1.035995202
1.540967985,1.075796637,1.076986898,1.086680506,1.033886726,1.082088069,1.005174323,1.037650165
1.544690107,1.076376583,1.077932953,1.0873182,1.034101646,1.08441186,1.005605663,1.039295089
1.548059624,1.077519568,1.078932426,1.086893065,1.033671813,1.086468323,1.005174323,1.041042338
1.551608417,1.078491977,1.079774773,1.086680506,1.032812213,1.088525281,1.005821342,1.042666007
1.553028491,1.078997534,1.079932783,1.086255405,1.033027104,1.089730453,1.006252716,1.043797956
1.553738646,1.079638951,1.079932783,1.086893065,1.033027104,1.09064116,1.006252716,1.044747099
1.554626453,1.08032002,1.079774773,1.086680506,1.032167573,1.091558743,1.006684112,1.045739051
1.55586959,1.080903824,1.079511472,1.085830326,1.031308131,1.092588291,1.006252716,1.046847146
1.557468267,1.081545406,1.079669446,1.085830326,1.031093284,1.093688857,1.006252716,1.048016484
1.559600463,1.082221735,1.079722108,1.086255405,1.030663608,1.094779565,1.006684112,1.049224085
1.561555605,1.08249454,1.079880111,1.086467953,1.031093284,1.095126885,1.007115531,1.050169696
1.563155714,1.082547037,1.079880111,1.086467953,1.030878444,1.0954731,1.007546973,1.050828712
1.564934086,1.082500825,1.080090815,1.086042863,1.030233955,1.095824544,1.007331249,1.051548009
1.567424643,1.082627835,1.080406946,1.085617795,1.02915992,1.096285442,1.007115531,1.052449991
1.570806246,1.083099672,1.080775876,1.085830326,1.029374716,1.097026432,1.007115531,1.053388907
1.573833416,1.083609363,1.081197658,1.085830326,1.029589517,1.097769856,1.007546973,1.054418026
1.576149284,1.084040197,1.081619597,1.085830326,1.029374716,1.098176204,1.008409923,1.055093546
1.578465995,1.08393268,1.082041693,1.085830326,1.02915992,1.098585193,1.008625675,1.055802428
1.581140172,1.084027666,1.082463947,1.086680506,1.02915992,1.098987644,1.007978437,1.056448094
1.584529077,1.083370799,1.082886358,1.08710563,1.029374716,1.099506174,1.007978437,1.057292766
1.58702732,1.082908212,1.083044803,1.087530776,1.029589517,1.100000491,1.008409923,1.05823451
1.590240789,1.08244807,1.08320327,1.087530776,1.02915992,1.100463095,1.007762702,1.058958414
1.591490909,1.082763634,1.083467431,1.087743357,1.029374716,1.100525048,1.007331249,1.059624856
1.593634543,1.082719931,1.083784505,1.088381135,1.029374716,1.100928846,1.006899819,1.060347424
1.595957628,1.082714096,1.084048802,1.088381135,1.030233955,1.101297809,1.006684112,1.061166755
1.597923978,1.082928562,1.084207409,1.087743357,1.030233955,1.101526684,1.006684112,1.06183679
1.600248628,1.082770862,1.084260283,1.0873182,1.029589517,1.101861311,1.006899819,1.062546667
1.602574126,1.082511996,1.084471804,1.087530776,1.029589517,1.102190522,1.006252716,1.063266213
1.604363548,1.082157082,1.084683365,1.087530776,1.030019137,1.102374568,1.006468411,1.063827684
1.605616443,1.081908955,1.084577579,1.0873182,1.030233955,1.102605452,1.006252716,1.064281627
1.606869584,1.081612658,1.084630471,1.0873182,1.029804324,1.10277743,1.006037026,1.064791143
1.607943901,1.081935144,1.084683365,1.087530776,1.030019137,1.102895075,1.006252716,1.065408316
1.6091975,1.082121691,1.084683365,1.087743357,1.030448779,1.103010209,1.005821342,1.065827157
1.609913952,1.082271476,1.084577579,1.088381135,1.030663608,1.103087028,1.005174323,1.06642746
1.610451345,1.082281134,1.084260283,1.088381135,1.031308131,1.103041836,1.00538999,1.066880641
1.610630485,1.082159471,1.083995937,1.088381135,1.031522983,1.102885105,1.00538999,1.067191796
1.611167938,1.082122331,1.083625957,1.088381135,1.031522983,1.102660894,1.004743006,1.067591135
1.611526265,1.08204264,1.083097623,1.087530776,1.030878444,1.10226509,1.004311711,1.068003474
1.611167938,1.08215485,1.082727935,1.0873182,1.030448779,1.101754789,1.003880438,1.06828946
1.611167938,1.08229928,1.082411157,1.086893065,1.030663608,1.101240848,1.00366481,1.068718728
1.610093078,1.082873824,1.082094466,1.086255405,1.030663608,1.10066091,1.003449188,1.068722831
1.609555716,1.083344843,1.081936154,1.085192749,1.030233955,1.10009839,1.003233572,1.068782439
1.608660213,1.083816914,1.081830625,1.084767726,1.030878444,1.099654944,1.00366481,1.068953955
1.610272209,1.083238098,1.081514097,1.084130234,1.030019137,1.099271357,1.003233572,1.069108945
1.611167938,1.082778036,1.081092197,1.084130234,1.030019137,1.098979342,1.003233572,1.06917127
1.611705436,1.082410904,1.080775876,1.084342726,1.029589517,1.098638122,1.002586756,1.069163454
1.612959774,1.081752065,1.080565044,1.084980235,1.029374716,1.098426361,1.002155574,1.069233951
1.613855881,1.081501506,1.080354251,1.085192749,1.030233955,1.098250034,1.001724414,1.069242451
1.614572857,1.081272215,1.079932783,1.084342726,1.029804324,1.097915415,1.001724414,1.069272163
1.587919788,1.0792219,1.077407269,1.080306334,1.027871263,1.095768882,1.001077716,1.068510953
1.559600463,1.076592962,1.074205885,1.076484245,1.026368087,1.093101764,1.001293277,1.067683918
1.531052994,1.073920542,1.070856789,1.071603096,1.024865185,1.090380111,1.000862162,1.066748775
1.50298579,1.070916559,1.067569715,1.067361016,1.023147921,1.087667284,1.000646613,1.065891646
1.47504261,1.067739076,1.064240269,1.063545051,1.02164561,1.085054739,1.000215532,1.065062974
1.447746401,1.064628475,1.061024248,1.059095372,1.020358133,1.082531911,1.000646613,1.064131558
1.419003617,1.061160947,1.056991338,1.055283314,1.018641813,1.078704428,1.00043107,1.062584258
1.390218741,1.05755407,1.052767213,1.05126143,1.017140327,1.074947485,1.000215532,1.060926775
1.362082133,1.053905358,1.048763901,1.047453074,1.015639116,1.071150011,1.00043107,1.059273463
1.334243019,1.050326112,1.044877004,1.043857946,1.014566991,1.067584319,1,1.05746468
1.307039698,1.046554249,1.040749267,1.039419118,1.013066251,1.064246778,1.000215532,1.055821126
1.27978475,1.042779113,1.03678884,1.035193936,1.010922814,1.060856625,1.00043107,1.054104496
1.251464369,1.038328134,1.032590003,1.031393167,1.0089942,1.057451087,1.000215532,1.052077337
1.224114999,1.034059511,1.028457324,1.027805199,1.007494481,1.053907183,0.999353438,1.049899986
1.196718339,1.029706781,1.024239803,1.02337521,1.006423421,1.05031579,0.998275947,1.047730507
1.167606438,1.026369967,1.020238046,1.019580017,1.005566673,1.04665068,0.998060465,1.045520637
1.138963829,1.022891044,1.016250773,1.014943878,1.00363932,1.042967767,0.998275947,1.043474139
1.110619549,1.019414709,1.012377052,1.010520964,1.00214058,1.039245393,0.998275947,1.041477275
1.082405778,1.016432418,1.008912237,1.006521375,1.00107022,1.035553561,0.998060465,1.039362373
1.053993909,1.013397171,1.005556873,1.001892757,0.999143924,1.031878039,0.997844989,1.037135591
1.026203066,1.010519651,1.002359129,0.998107688,0.998073956,1.028350115,0.997844989,1.034698806
1.022778864,1.009356101,1.001229857,0.998317923,0.998501927,1.026588243,0.998060465,1.033242605
1.021637891,1.008676091,1.000788285,0.998528164,0.99892992,1.025243622,0.997844989,1.03189132
1.020497133,1.008094993,1.000395927,0.998528164,0.99892992,1.023983152,0.997844989,1.030591101
1.018704945,1.00725596,0.999709639,0.998528164,0.999357935,1.022578636,0.997844989,1.029169155
1.017564736,1.006684763,0.999121736,0.998107688,0.999143924,1.021154616,0.998060465,1.027616124
1.016099068,1.006206772,0.998387302,0.998107688,0.999143924,1.019640822,0.997198596,1.026006546
1.016099068,1.006162586,0.998387302,0.998107688,0.999357935,1.019396616,0.997414055,1.025089724
1.016261902,1.006125702,0.998534149,0.997897459,0.999785973,1.019020365,0.997198596,1.02429372
1.015936237,1.006053928,0.998534149,0.997687235,0.999571951,1.01880148,0.996983143,1.023511879
1.014796548,1.006008917,0.998485198,0.997056597,0.999357935,1.018322155,0.997198596,1.022762408
1.014145393,1.005801322,0.998583103,0.997266804,0.999143924,1.017954709,0.996552253,1.02177642
1.013331547,1.005659426,0.998583103,0.997897459,1,1.017678319,0.996336817,1.020867023
1.013494307,1.00621827,0.998827903,0.997897459,1.000428071,1.017426067,0.996336817,1.020354289
1.013494307,1.006678889,0.999072758,0.998107688,1.000428071,1.017274264,0.996767695,1.019894218
1.01316879,1.007135395,0.999219698,0.998317923,0.999143924,1.017190492,0.997198596,1.01943003
1.013331547,1.007930344,1.00000371,0.998528164,0.999571951,1.016988076,0.997198596,1.018909931
1.013494307,1.008660966,1.000739233,0.998738409,1.000642115,1.016721481,0.997414055,1.01858836
1.013657072,1.009350603,1.001278931,0.998528164,1,1.016427626,0.997629519,1.018059749
1.01316879,1.009647251,1.001475251,0.999158918,0.999785973,1.016190845,0.997844989,1.017688775
1.013331547,1.009845239,1.001524337,1,1.000214033,1.015933143,0.998275947,1.017423837
1.013494307,1.009955918,1.001524337,1,1.000428071,1.015565184,0.998275947,1.017222706
1.013331547,1.009618508,1.001278931,1.000210284,1.000856165,1.015302428,0.997414055,1.016851665
1.013331547,1.009374848,1.001131714,1,1.000856165,1.015202662,0.997414055,1.01636982
1.01316879,1.009127025,1.000935456,1.000210284,1.000856165,1.015109897,0.997414055,1.016141941
1.013494307,1.008992474,1.000984517,1.000210284,1.000428071,1.015179533,0.996983143,1.01577414
1.012843291,1.008664502,1.000984517,1.000420574,1.000214033,1.01525693,0.996767695,1.015466122
1.012680548,1.008261682,1.00103358,1.00063087,1.000214033,1.015377723,0.997844989,1.015287576
1.01202962,1.007991065,1.001131714,1.00063087,1.000642115,1.015328297,0.998491434,1.014988133
1.011378761,1.007831106,1.001180784,1.000420574,0.999571951,1.015248497,0.998275947,1.014702019
1.010727971,1.007670772,1.001229857,1.000420574,0.999357935,1.01509138,0.998275947,1.014410772
1.011053357,1.007383985,1.001377087,1.001051477,0.999357935,1.015159061,0.998275947,1.014148642
1.011216057,1.007238748,1.001524337,1.001472106,1.000428071,1.01506063,0.998706926,1.014042444
1.011866898,1.007076436,1.001769798,1.001682429,1.000642115,1.014996582,0.998275947,1.013802695
1.011541469,1.006946306,1.001867997,1.002313431,1.000214033,1.014943107,0.998275947,1.013604746
1.011378761,1.006911624,1.001867997,1.001892757,1.001498348,1.015052077,0.997844989,1.01351185
1.011704181,1.006916665,1.001917101,1.002103091,1.002568764,1.015167417,0.997629519,1.013410064
1.011704181,1.006680691,1.001377087,1.001892757,1.001926497,1.015484343,0.997629519,1.013310341
1.011216057,1.006348483,1.000935456,1.002103091,1.001284281,1.015828107,0.997414055,1.013104732
1.010890662,1.006143216,1.000543045,1.002103091,1.001284281,1.016235413,0.997414055,1.013035619
1.011053357,1.005922424,1.000297859,1.001472106,1.001284281,1.016533667,0.997844989,1.012950938
1.010565285,1.005683299,1.000101751,1.001261789,1.001284281,1.016774631,0.997844989,1.012527592
1.010239925,1.005374935,1.000052729,1.001472106,1.000642115,1.017052329,0.998491434,1.012452383
1.010565285,1.005576886,1.000052729,1.001261789,1.000642115,1.017221311,0.999353438,1.012353375
1.010402603,1.005788904,1.00000371,1.00063087,0.999571951,1.017281785,0.998922424,1.012312976
1.010402603,1.006057084,1.00000371,1.001051477,0.999571951,1.017378945,0.998922424,1.01207151
1.009914583,1.006022681,0.999856664,1.00084117,0.999357935,1.017381335,1,1.012139037
1.010077252,1.006704014,0.999856664,1.001472106,0.999785973,1.017414187,1,1.0120868
1.010727971,1.007495737,0.999709639,1.00084117,0.999571951,1.017439231,0.999353438,1.011989231
1.011216057,1.008031897,0.999562634,1.00063087,0.99892992,1.017554334,0.998491434,1.011936982
1.011541469,1.008580675,0.999464641,1.001051477,0.999571951,1.017667335,0.998706926,1.011843766
1.011866898,1.00911885,0.999366657,1.00084117,0.999571951,1.017831329,0.998922424,1.011793052
1.011541469,1.008719179,0.999366657,1.00063087,0.999143924,1.017995087,0.999784474,1.011831574
1.011704181,1.008570236,0.999219698,1,0.998501927,1.018058683,0.999784474,1.011823993
1.010890662,1.008426798,0.999023783,0.999579448,0.998287938,1.018223125,1.000646613,1.01193324
1.011216057,1.00828586,0.99897481,0.99936918,0.99892992,1.018344307,1.001293277,1.011991631
1.010727971,1.007904229,0.99897481,0.999579448,0.998073956,1.018292165,1.001939991,1.011999209
1.010239925,1.007671936,0.999023783,1,0.998287938,1.01821839,1.002586756,1.012010105
1.009751918,1.007238255,0.999121736,1.000420574,0.998287938,1.017901167,1.002586756,1.011960696
1.010077252,1.006965633,0.99897481,1.000210284,0.998073956,1.017532861,1.002802356,1.011659704
1.009589258,1.006642233,0.998925838,1.00063087,0.99871592,1.017233569,1.003017961,1.011569816
1.00926395,1.006263721,0.998583103,1.000210284,0.998501927,1.016917394,1.003233572,1.011313339
1.00926395,1.006024496,0.998240475,1.000210284,0.998501927,1.01665652,1.003233572,1.011530238
1.009426602,1.005789386,0.997849031,1.000210284,0.999143924,1.016339544,1.002371162,1.011377949
1.00926395,1.005985264,0.997849031,1,0.998287938,1.015917076,1.002586756,1.011272965
1.008776022,1.005707233,0.998044735,1.000420574,0.99892992,1.015597039,1.003017961,1.011339578
1.008125511,1.005370666,0.998191536,1.000210284,0.99871592,1.015304703,1.00366481,1.011396121
1.007800282,1.005288544,0.998436249,1.000210284,0.99871592,1.015148843,1.002586756,1.011197802
1.00747507,1.004597982,0.998729976,0.999579448,0.99892992,1.014992871,1.002802356,1.011341601
1.006662117,1.003832518,0.999121736,1,0.99871592,1.01479501,1.002802356,1.011298575
1.006499539,1.003143277,0.999170716,1.00063087,0.99892992,1.014503046,1.003233572,1.011389452
1.005524165,1.002518118,0.999219698,1.00084117,0.99892992,1.014239352,1.003449188,1.011340511
1.004874002,1.002073805,0.999268682,1.000420574,0.99871592,1.013984411,1.003017961,1.011273602
1.005199075,1.002579859,0.999219698,1.000210284,0.99871592,1.01366608,1.001724414,1.011290732
1.004386426,1.00282425,0.999366657,1.00063087,0.99871592,1.013467538,1.001508842,1.011239739
1.004386426,1.003116765,0.999366657,1.000420574,0.99871592,1.013199245,1.001293277,1.011135086
1.004711472,1.003549884,0.999366657,1.000420574,0.99871592,1.012879045,1.000862162,1.01112738
1.005199075,1.004034979,0.999268682,1.000420574,0.99871592,1.012652904,1.000646613,1.010861415
1.005524165,1.004313801,0.999170716,1,0.998073956,1.012403787,1.000215532,1.010679921
1.005524165,1.004706791,0.999023783,0.999789721,0.998501927,1.012413429,1.001293277,1.010685034
1.005361618,1.00526273,0.999121736,1,0.99871592,1.012373307,1.001293277,1.010751179
1.005524165,1.005775787,0.999072758,1,0.998287938,1.012281333,1.000646613,1.010774283
1.005199075,1.00607978,0.999170716,1.00084117,0.998287938,1.01195953,1.00043107,1.010787069
1.005524165,1.006180802,0.999219698,1.00063087,0.997859979,1.011714795,0.999784474,1.010524647
1.005361618,1.006247309,0.999219698,1.000420574,0.997004127,1.01145177,0.999784474,1.010542609
1.005686716,1.005978565,0.999072758,1.00084117,0.997432042,1.011310915,0.999784474,1.010565108
1.006174397,1.006170801,0.998583103,1.001051477,0.997646008,1.011160972,0.999568953,1.01039868
1.007149876,1.006335045,0.998240475,1.001261789,0.99871592,1.010982208,0.998491434,1.010257526
1.007800282,1.006456058,0.997849031,1.001472106,0.99871592,1.01060023,0.998275947,1.010174939
1.007962894,1.006406938,0.997506634,1.001472106,0.99871592,1.010163177,0.997629519,1.010009935
1.007962894,1.006320167,0.997164344,1.001261789,0.999357935,1.009689431,0.997414055,1.009913774
1.007637674,1.006288405,0.997164344,1.00063087,1,1.009390273,0.997629519,1.00971293
1.008288132,1.006047012,0.997017681,0.999789721,0.999785973,1.009080671,0.998275947,1.009607754
1.008613387,1.005770914,0.997164344,1,1,1.008662938,0.998706926,1.009516347
1.008125511,1.005049563,0.997017681,1.00063087,1.000214033,1.008587947,0.999353438,1.009459837
1.008125511,1.004440174,0.996724414,1.00084117,1.000428071,1.008598788,1.00043107,1.009374128
1.007962894,1.003617058,0.996480086,1.001472106,1.000642115,1.008653099,1.001077716,1.009374485
1.007800282,1.002845497,0.996333515,1.001051477,1.000428071,1.008665361,1.001077716,1.009164604
1.007149876,1.002032106,0.996186964,1.001051477,1,1.00866884,1.001724414,1.009173567
1.006824699,1.001279672,0.996089274,1.001051477,0.999571951,1.008736543,1.002586756,1.009141385
1.006662117,1.000604976,0.996235812,1.001682429,0.999571951,1.008956321,1.002155574,1.008983449
1.006336966,1.0002262,0.996333515,1.002313431,0.999785973,1.00896913,1.001508842,1.008937793
1.006499539,0.999850553,0.996431227,1.002103091,1.000214033,1.009077141,1.001293277,1.008735576
1.006662117,0.999677484,0.996431227,1.001472106,1.000642115,1.009566563,1.001077716,1.008649187
1.006499539,0.99968014,0.99657781,1.001051477,1.000856165,1.009949217,1.001293277,1.008598663
1.006011832,0.999778568,0.996724414,1.00084117,1.001498348,1.010219169,1.001724414,1.0083347
1.006011832,0.999875126,0.996871038,1.000420574,1.00171242,1.010500355,1.001939991,1.008228397
1.005524165,1.000084091,0.997017681,1,1.001498348,1.010602294,1.001508842,1.00819112
1.004711472,1.000231567,0.997115454,0.999789721,1.00107022,1.010606834,1.002155574,1.008300098
1.004223909,1.000453643,0.997311026,1.000210284,1.001498348,1.010786013,1.002802356,1.008435381
1.003898889,1.000708308,0.997213236,1.000210284,1.001284281,1.011054439,1.00366481,1.008395415
1.003736385,1.001059165,0.997164344,1.000210284,1.000428071,1.01132291,1.003880438,1.008461314
1.003898889,1.001211184,0.997066566,1.00063087,0.999785973,1.011825966,1.002586756,1.008415221
1.003573886,1.001395297,0.997017681,1.001472106,1.000642115,1.012187424,1.001293277,1.008401206
1.003736385,1.001708291,0.996773286,1.001051477,1.000856165,1.012555382,1.000862162,1.008317895
1.003573886,1.002434101,0.996822161,1.001261789,1.001498348,1.012573392,1.000215532,1.008212134
1.003898889,1.002924007,0.997017681,1.001472106,1.00171242,1.012476049,0.999137928,1.008319837
1.004223909,1.003604995,0.997115454,1.001051477,1.001926497,1.01238308,0.998491434,1.008216953
1.003573886,1.003910839,0.997213236,1.001261789,1.001498348,1.012386741,0.998922424,1.008285456
1.004061397,1.004362944,0.997408826,1.002313431,1.002354669,1.012231882,0.998706926,1.008301677
1.004386426,1.0048511,0.997408826,1.002523776,1.002996969,1.012022018,0.998060465,1.008252169
1.004548947,1.005254985,0.997115454,1.002103091,1.003425197,1.011674192,0.997629519,1.00831678
1.004548947,1.005169199,0.996871038,1.002103091,1.003211081,1.011503504,0.998060465,1.008381098
1.005036536,1.00508356,0.996675544,1.002313431,1.003211081,1.011253665,0.998060465,1.008392396
1.005361618,1.004763609,0.996480086,1.002734126,1.003211081,1.010985337,0.998060465,1.008305347
1.005036536,1.004390566,0.996333515,1.002944482,1.003211081,1.010726622,0.997844989,1.008266706
1.005199075,1.003916541,0.996138118,1.003575583,1.003425197,1.010590383,0.997844989,1.008276946
1.004386426,1.003371949,0.995845088,1.003785961,1.003425197,1.010454387,0.997629519,1.008206906
1.004386426,1.00279861,0.995747429,1.004206733,1.00363932,1.010474149,0.998060465,1.008214135
1.003736385,1.002169438,0.995552137,1.004627527,1.003853448,1.010552508,0.997844989,1.008102489
1.004223909,1.001555441,0.995308071,1.004206733,1.003853448,1.010294355,0.997844989,1.007851058
1.004711472,1.001413428,0.995112858,1.004417127,1.00363932,1.009996284,0.997414055,1.007588333
1.004711472,1.000983958,0.99486889,1.004837933,1.004067581,1.009797024,0.998060465,1.007381079
1.004874002,1.00085233,0.994722536,1.004837933,1.004281721,1.00934209,0.998922424,1.007181863
1.004874002,1.000585687,0.994527428,1.004837933,1.003853448,1.009029187,0.999353438,1.007045576
1.004874002,1.000258888,0.994381119,1.00525876,1.004067581,1.008712851,0.999353438,1.006897339
1.004874002,0.999499014,0.994137316,1.00525876,1.003853448,1.008743758,0.999353438,1.006798302
1.004874002,0.999124303,0.993844824,1.004627527,1.00363932,1.008728082,0.999137928,1.006650065
1.005036536,0.99869232,0.99360114,1.004837933,1.003211081,1.008588242,0.999137928,1.006651889
1.005524165,0.998377413,0.993260075,1.004206733,1.003425197,1.008444031,0.998275947,1.006408871
1.005361618,0.997995814,0.992967819,1.00336521,1.002782864,1.008454839,0.998060465,1.006306483
1.005361618,0.997672411,0.992870417,1.00336521,1.002996969,1.00845906,0.997198596,1.006320167
1.036977401,1.000763197,0.996480086,1.008415669,1.004924172,1.010986499,0.997844989,1.007068609
1.070565122,1.004458065,1.000935456,1.013258671,1.007280258,1.014265541,0.998275947,1.008199619
1.103347431,1.0081059,1.005409079,1.018526114,1.0089942,1.017503847,0.998922424,1.009268539
1.136638318,1.011762265,1.009802145,1.023797009,1.011137133,1.020586056,0.999137928,1.010335708
1.170778643,1.015576323,1.014163226,1.029282404,1.013495006,1.023776661,1.000215532,1.011461241
1.204605529,1.019495524,1.018641403,1.03477154,1.01542468,1.026926358,0.999784474,1.012529087
1.239969671,1.024572434,1.023939167,1.040053087,1.017140327,1.031384623,0.999568953,1.014143562
1.276216394,1.029595733,1.029363176,1.04491517,1.019070859,1.035983682,0.999784474,1.015890202
1.313188548,1.034948392,1.034915105,1.050414973,1.021001846,1.040739504,1.00043107,1.017748495
1.349350106,1.040214529,1.040545824,1.055706787,1.022718661,1.045848837,1.00043107,1.019713572
1.386067982,1.044978502,1.046205207,1.060790198,1.025294558,1.050940048,1.001293277,1.02181791
1.423002314,1.05005192,1.051893473,1.066512868,1.027656507,1.055972589,1.001077716,1.023645453
1.461379729,1.055402707,1.057765772,1.071178787,1.029804324,1.061640103,1.001724414,1.026177456
1.500344356,1.060880045,1.063928638,1.07627196,1.031308131,1.067315237,1.002371162,1.028873461
1.539373458,1.066241015,1.070021067,1.082218058,1.032812213,1.073014448,1.002802356,1.031589277
1.579178999,1.072299046,1.076251625,1.086680506,1.034101646,1.078455763,1.003449188,1.034317391
1.618697035,1.07801702,1.082569535,1.092421564,1.036036175,1.084037279,1.004527355,1.036878083
1.659002802,1.083615578,1.088975974,1.098166704,1.038186188,1.089712078,1.004743006,1.039343447
1.700472259,1.089218075,1.095151794,1.104341961,1.04012168,1.095868122,1.005821342,1.042280353
1.741479829,1.095053646,1.101468638,1.10988241,1.042272763,1.101985638,1.005821342,1.045275973
1.781830082,1.1009586,1.107712655,1.115000041,1.043994035,1.108172054,1.006468411,1.048264443
1.786983703,1.103177304,1.109873687,1.115426656,1.043563683,1.111443723,1.006037026,1.05046307
1.790851617,1.104967039,1.111118127,1.115426656,1.043348516,1.114054449,1.00538999,1.052269894
1.794721845,1.106685874,1.112472313,1.114786742,1.043348516,1.116779703,1.005174323,1.054110825
1.798963325,1.108650138,1.114045172,1.114786742,1.043563683,1.119724095,1.00538999,1.056427097
1.803207586,1.110584041,1.115674538,1.11436016,1.042703047,1.122677694,1.004958662,1.058764256
1.8080088,1.112489969,1.117142945,1.11372033,1.042487902,1.125792535,1.005605663,1.061076194
1.811334803,1.113285054,1.11790508,1.11436016,1.042487902,1.127485127,1.006037026,1.063000833
1.814107778,1.113827352,1.118340813,1.114573448,1.041842501,1.128936629,1.006252716,1.064667972
1.81688194,1.114413849,1.118776711,1.113933601,1.041627379,1.130296331,1.006468411,1.066162161
1.820397584,1.114681207,1.119158256,1.114146878,1.040982046,1.131957714,1.006684112,1.067877923
1.823729953,1.115088117,1.119594464,1.114146878,1.040551852,1.133645142,1.006684112,1.069684429
1.827990475,1.115459833,1.120085395,1.114146878,1.040551852,1.135339926,1.007331249,1.071568628
1.830029106,1.115383393,1.120303653,1.114146878,1.039906603,1.136335951,1.007331249,1.07292959
1.832068377,1.115337605,1.120412798,1.114573448,1.039906603,1.137346225,1.007331249,1.074158241
1.833922817,1.115304751,1.120412798,1.114786742,1.040336763,1.138413149,1.007331249,1.075345243
1.836891023,1.115217011,1.120358225,1.115000041,1.040336763,1.139473035,1.007331249,1.076642589
1.839674949,1.115418597,1.120303653,1.114786742,1.040551852,1.140413011,1.006684112,1.078020742
1.84190295,1.115529304,1.120139956,1.11436016,1.040551852,1.1413619,1.006468411,1.079362263
1.842645787,1.115874442,1.120303653,1.11372033,1.040551852,1.141778393,1.006037026,1.08050399
1.845060594,1.116037436,1.120412798,1.113933601,1.040766946,1.142206782,1.006037026,1.08140036
1.848219774,1.116158186,1.120576535,1.11372033,1.040551852,1.142769202,1.005821342,1.082419778
1.851008562,1.116318863,1.120794887,1.113293804,1.04012168,1.143020076,1.006037026,1.083426692
1.853612511,1.116355851,1.121122492,1.112867301,1.039906603,1.143434686,1.006252716,1.084413967
1.856403615,1.116360091,1.12128633,1.112867301,1.039261405,1.143728322,1.006252716,1.085536968
1.859009726,1.116423281,1.121395568,1.113293804,1.03904635,1.14390873,1.005821342,1.086218716
1.861244368,1.116487318,1.121450191,1.113507064,1.039906603,1.143971137,1.005821342,1.086789596
1.863479778,1.116501314,1.121723344,1.11372033,1.039476465,1.144050702,1.006037026,1.087360827
1.866088728,1.11673333,1.121450191,1.113293804,1.039906603,1.144300307,1.006468411,1.087940761
1.86720717,1.117318738,1.121231715,1.113933601,1.040551852,1.144192693,1.006468411,1.088502356
1.868139352,1.117805392,1.12101328,1.113933601,1.040982046,1.143958325,1.005174323,1.089458223
1.868325804,1.118556881,1.120794887,1.113933601,1.041412262,1.143448278,1.005174323,1.09007961
1.868512262,1.11925802,1.120521954,1.113933601,1.041627379,1.142937859,1.004311711,1.090369797
1.868139352,1.119797658,1.120194519,1.112867301,1.040551852,1.142422526,1.002802356,1.090714005
1.867580027,1.120197916,1.119921728,1.11308055,1.040766946,1.142334367,1.002802356,1.091190759
1.86944463,1.120425061,1.119758084,1.112227589,1.040551852,1.142057664,1.002155574,1.091541868
1.871123231,1.120573636,1.119594464,1.111801142,1.040551852,1.141755526,1.002586756,1.091977168
1.872055974,1.120803432,1.119485396,1.112227589,1.040982046,1.141469596,1.002586756,1.09216245
1.873175442,1.120618159,1.119321815,1.112654058,1.04012168,1.141246576,1.002371162,1.092358846
1.874481731,1.120817598,1.119212773,1.112440821,1.04012168,1.140980059,1.002155574,1.092676561
1.876348314,1.121195601,1.119212773,1.112654058,1.04012168,1.14081468,1.001939991,1.093015963
1.87765524,1.121850561,1.119376339,1.112014363,1.04012168,1.140827147,1.001939991,1.093312463
1.879149191,1.122461141,1.119594464,1.112440821,1.040551852,1.140835573,1.002586756,1.093561403
1.880643485,1.123065624,1.119758084,1.111801142,1.040551852,1.141169716,1.002155574,1.093635275
1.881203934,1.123737041,1.11981263,1.112227589,1.040982046,1.141358002,1.002371162,1.093834901
1.881764431,1.124549055,1.119976281,1.112654058,1.041842501,1.141552496,1.002586756,1.094067969
1.883446211,1.125111023,1.120030837,1.112014363,1.041627379,1.141320071,1.002371162,1.094433143
1.861244368,1.124205839,1.118504255,1.107111711,1.03904635,1.140285544,1.001724414,1.094436204
1.838375635,1.123250521,1.116925285,1.102637971,1.03775614,1.139182921,1.000862162,1.094610631
1.815402239,1.121923237,1.11572889,1.098166704,1.035606241,1.137859056,0.999784474,1.094616749
1.793615829,1.12041393,1.114533739,1.093485171,1.033456904,1.137109018,0.999137928,1.094652383
1.77226996,1.119161476,1.113394073,1.08944421,1.031093284,1.136309553,0.999353438,1.094561418
1.731796711,1.114448964,1.108198532,1.084130234,1.02915992,1.132415401,0.998706926,1.093279584
1.690850651,1.109605966,1.102918945,1.078395063,1.026582809,1.128016688,0.998922424,1.091952435
1.649803677,1.104721222,1.097556635,1.072663964,1.024435836,1.123665825,0.998706926,1.090505868
1.609913952,1.100159073,1.092325923,1.067997186,1.02250404,1.118937359,0.997414055,1.088877814
1.567602577,1.095811219,1.086960135,1.062909232,1.02078727,1.114508347,0.997414055,1.087407852
1.526454872,1.09154658,1.081725106,1.057400902,1.018427298,1.110092744,0.996983143,1.085902906
1.484167663,1.08639276,1.076041635,1.051473058,1.016496917,1.104961354,0.997198596,1.083976524
1.442510662,1.081014493,1.0706478,1.045761049,1.014995824,1.099889326,0.997414055,1.081900493
1.400780974,1.075648936,1.065227669,1.040264421,1.012423161,1.094931781,0.997198596,1.079700235
1.359327064,1.06981475,1.059781807,1.034982736,1.010708501,1.089856113,0.996767695,1.077363302
1.318146207,1.063612352,1.054104844,1.030126643,1.008565681,1.084521049,0.996767695,1.07520672
1.277065817,1.057612053,1.04840533,1.024429748,1.006209226,1.079246355,0.996767695,1.073016414
1.236086582,1.051476837,1.04222534,1.019790814,1.004281721,1.073609425,0.997198596,1.070427738
1.195376842,1.04541654,1.03613014,1.013890582,1.001926497,1.067988066,0.996552253,1.067671338
1.155433683,1.039387439,1.030017864,1.008415669,0.999571951,1.062361643,0.995905961,1.064755173
1.114424322,1.03352936,1.024089475,1.00336521,0.997859979,1.057056082,0.995690542,1.061781729
1.09509413,1.028959997,1.01958913,1.003154843,0.997859979,1.052600681,0.995690542,1.059170921
1.07631813,1.02451059,1.014908323,1.002103091,0.997432042,1.048093138,0.996121386,1.056623537
1.058091505,1.020293871,1.010148415,1.001051477,0.997004127,1.043777065,0.996121386,1.053668487
1.039755699,1.016149467,1.005606142,0.999789721,0.996790178,1.039129145,0.996336817,1.050727842
1.021474913,1.011968305,1.000935456,0.998948661,0.997004127,1.034666106,0.996121386,1.047790374
1.020334185,1.010811085,1.000052729,0.999158918,0.997004127,1.033144604,0.995690542,1.045947841
1.01951951,1.009857583,0.999268682,0.99936918,0.997218082,1.032127815,0.995690542,1.044273316
1.019193671,1.009036396,0.998534149,0.999789721,0.997859979,1.031156364,0.996983143,1.042755502
1.018704945,1.00805692,0.997702276,0.99936918,0.998287938,1.029746155,0.998060465,1.041111508
1.018053371,1.007185624,0.996871038,0.999579448,0.998287938,1.028188816,0.997629519,1.039106367
1.016913284,1.006314916,0.996040432,0.999579448,0.998287938,1.026513284,0.996552253,1.037103901
1.016750432,1.006219742,0.995552137,0.99936918,0.998073956,1.025513772,0.99525972,1.035699524
1.016261902,1.006590745,0.994966471,0.99936918,0.998287938,1.024640036,0.995475128,1.034483521
1.016261902,1.00674718,0.994283591,0.998948661,0.998073956,1.023709028,0.995690542,1.033415089
1.016099068,1.006995135,0.993698607,0.998948661,0.997859979,1.022850698,0.996552253,1.032228778
1.016099068,1.007131938,0.993113937,0.999158918,0.997432042,1.022043084,0.99525972,1.030652122
1.015773412,1.007193503,0.992578265,0.999158918,0.997432042,1.021126667,0.995690542,1.029104222
1.015773412,1.007194531,0.992578265,0.999158918,0.997646008,1.02070077,0.995905961,1.028029636
1.016099068,1.00731113,0.992480899,0.99936918,0.997218082,1.02026332,0.996552253,1.027189468
1.01561059,1.007361831,0.992432219,0.999579448,0.997432042,1.019781838,0.996767695,1.02643445
1.015773412,1.007212176,0.992188852,0.998948661,0.997218082,1.019137651,0.996767695,1.025619533
1.015773412,1.007393897,0.992042857,0.999158918,0.997432042,1.01833925,0.996552253,1.024636654
1.015773412,1.007645587,0.992042857,0.99936918,0.997218082,1.017540039,0.996767695,1.023627575
1.015447773,1.007663193,0.992140185,0.99936918,0.997218082,1.016793739,0.997198596,1.022948632
1.01528496,1.007560538,0.992140185,0.99936918,0.997218082,1.016109159,0.997844989,1.022295049
1.014796548,1.007492386,0.992042857,0.998528164,0.996576235,1.015374049,0.998060465,1.02162786
1.014145393,1.006955809,0.992042857,0.998107688,0.996576235,1.014947477,0.998491434,1.02086459
1.014145393,1.006679203,0.992140185,0.998317923,0.996148365,1.014518305,0.998706926,1.020129722
1.013657072,1.006354164,0.992237521,0.998317923,0.996148365,1.014099495,0.997844989,1.019395106
1.013331547,1.006163113,0.992383541,0.998107688,0.995292692,1.014057966,0.997198596,1.018756494
1.013006039,1.00583334,0.992529581,0.998317923,0.995292692,1.014167716,0.998060465,1.018444803
1.012843291,1.005514857,0.992675641,0.998107688,0.995292692,1.014330856,0.998706926,1.018139327
1.012680548,1.004915101,0.992919117,0.998528164,0.995506602,1.014549114,0.999353438,1.017687373
1.012680548,1.0044537,0.993260075,0.998528164,0.995506602,1.014607007,0.998922424,1.017068712
1.01251781,1.004028382,0.993698607,0.998948661,0.995506602,1.014721122,0.998922424,1.016491267
1.012355075,1.00366162,0.99403981,0.99936918,0.996148365,1.014753156,0.998491434,1.016084104
1.011541469,1.003305508,0.994332354,0.999579448,0.996576235,1.014807342,1,1.015847461
1.011216057,1.002946264,0.994478656,0.999789721,0.997218082,1.014961799,0.998922424,1.015554324
1.010565285,1.002755011,0.994332354,0.999158918,0.997432042,1.014707148,0.998706926,1.015129745
1.010727971,1.00223004,0.994527428,0.999158918,0.998073956,1.01467086,0.998922424,1.014602435
1.010727971,1.001823687,0.994624977,0.998948661,0.997859979,1.01461906,0.998706926,1.014203813
1.010890662,1.001653625,0.994820103,0.999789721,0.998501927,1.014784316,0.999137928,1.013902022
1.011378761,1.001139635,0.994966471,0.999158918,0.998501927,1.015179435,0.999137928,1.013651651
1.011704181,1.000575551,0.995259264,0.998948661,0.998501927,1.015505795,0.999353438,1.013345918
1.012192345,1.000385222,0.995259264,0.998738409,0.99871592,1.015495207,0.998922424,1.012922537
1.012355075,1.00004883,0.995259264,0.99936918,0.99871592,1.015532857,0.998491434,1.012497484
1.012355075,0.999782068,0.995454504,1.000210284,0.999571951,1.015587085,0.998922424,1.012296475
1.012680548,1.000042246,0.995503319,1.00063087,1,1.015287144,0.999353438,1.012156771
1.012355075,0.99996003,0.995503319,1.001051477,1.000642115,1.014992924,0.998275947,1.011953103
1.013006039,0.999718864,0.995503319,1.001472106,1.000856165,1.014676257,0.998275947,1.011681615
1.012192345,0.999187243,0.99535688,1.001261789,1.00107022,1.014586888,0.998275947,1.011408004
1.012355075,0.998936673,0.995308071,1.001051477,1.00107022,1.014276714,0.997629519,1.011015775
1.011866898,0.998628504,0.995259264,1.001051477,1.00107022,1.014008307,0.997629519,1.010619088
1.011866898,0.998504911,0.995015264,1.001261789,1.000642115,1.013692797,0.997629519,1.010427238
1.011866898,0.998221123,0.994673756,1.001051477,1.000214033,1.01344471,0.997629519,1.010272296
1.011704181,0.997983767,0.994381119,1.001051477,1.000856165,1.01319619,0.997414055,1.010009617
1.011541469,0.997702733,0.993942312,1.000420574,1.000214033,1.012624628,0.997629519,1.009592103
1.011541469,0.997444326,0.993503682,0.999789721,1.000214033,1.012142395,0.997198596,1.009144243
1.011378761,0.9971638,0.993260075,1.00063087,1.000428071,1.011555162,0.997844989,1.0088864
1.011541469,0.996801896,0.993162648,1.001051477,1.000428071,1.011293033,0.997198596,1.008696053
1.010727971,0.996620046,0.992675641,1.001051477,0.999785973,1.010816103,0.997414055,1.00849394
1.010890662,0.996452527,0.992383541,1.001051477,1,1.010504024,0.997844989,1.008253167
1.011053357,0.996422972,0.99209152,1.00084117,0.999143924,1.010193536,0.996767695,1.00784262
1.010565285,0.99613601,0.991848229,1.00084117,0.999357935,1.009800683,0.996983143,1.007472393
1.010239925,0.995803358,0.99136181,1.001472106,1.000214033,1.009374905,0.996552253,1.0071044
1.009751918,0.995311331,0.991264552,1.001472106,1,1.009196193,0.996336817,1.006922296
1.00926395,0.994919788,0.991070063,1.00084117,1.000214033,1.009055915,0.995905961,1.006591031
1.00926395,0.994402795,0.990827001,1.000420574,0.999571951,1.008899753,0.995690542,1.006229923
1.008776022,0.994511516,0.990438213,0.999579448,0.999143924,1.008753728,0.99482892,1.005713966
1.009426602,0.994628703,0.990341038,0.999789721,0.999571951,1.008659708,0.995690542,1.00547104
1.009101303,0.994779623,0.990195292,0.99936918,0.999571951,1.008517461,0.996121386,1.00516117
1.010077252,0.99526125,0.990195292,0.999789721,0.999785973,1.008115715,0.996121386,1.005000615
1.010402603,0.995527868,0.990098139,0.999579448,1.000428071,1.007867457,0.996336817,1.004869299
1.011216057,0.995796865,0.990000994,1.000420574,1.001284281,1.007676972,0.996336817,1.00474033
1.011053357,0.996150965,0.990438213,1,1.001284281,1.007417337,0.996983143,1.004547793
1.010727971,0.996796127,0.990729791,1.000420574,1.001498348,1.007099843,0.997198596,1.00440666
1.010402603,0.997329818,0.991021446,1.001261789,1.001498348,1.006892426,0.997629519,1.004148924
1.010239925,0.997859552,0.991410442,1.001472106,1.001284281,1.00684924,0.997414055,1.004098319
1.010239925,0.998534761,0.991896883,1.001472106,1.001498348,1.006765472,0.997844989,1.004260281
1.010077252,0.999230235,0.992286192,1.000420574,1.000428071,1.006694634,0.998060465,1.004283642
1.010077252,0.999328229,0.992529581,0.999789721,1.000428071,1.006758638,0.998706926,1.004338418
1.010565285,0.999619756,0.992870417,1,1.001498348,1.006782826,0.997198596,1.004236097
1.010077252,0.999925274,0.993016523,1.000420574,1.00107022,1.006582006,0.996552253,1.004248576
1.009426602,1.000081859,0.993260075,1.001051477,1.001284281,1.00637796,0.996767695,1.004313836
1.009101303,1.000535726,0.993357511,1.001261789,1.000856165,1.006278204,0.996552253,1.004488871
1.00893866,1.000791245,0.99355241,1.00084117,1.000214033,1.006178486,0.996121386,1.004609685
1.008613387,1.001055875,0.993649873,1.00084117,1.000642115,1.00643461,0.995690542,1.004686732
1.009101303,1.001696309,0.993747344,1.00063087,1.000642115,1.006381643,0.995690542,1.004860361
1.00893866,1.002439644,0.993893567,1.00063087,1.000856165,1.006388648,0.995905961,1.004987444
1.009589258,1.002503377,0.994234831,1.001472106,1.001284281,1.006304156,0.996121386,1.005214433
1.009101303,1.002539958,0.994234831,1.001051477,1.001284281,1.00621634,0.996336817,1.005515309
1.00893866,1.002735302,0.994332354,1.001682429,1.001498348,1.006228912,0.996767695,1.005676652
1.008125511,1.002565157,0.994332354,1.001261789,1.000856165,1.006286503,0.996767695,1.005804851
1.008125511,1.002297775,0.994283591,1.001892757,1.000642115,1.006609468,0.996767695,1.005932062
1.007149876,1.002069065,0.994186072,1.001051477,1,1.006942364,0.996552253,1.006049758
1.007312471,1.001789141,0.993649873,1.001261789,1,1.007275445,0.996336817,1.006058546
1.007637674,1.001290534,0.993162648,1.00063087,1.000642115,1.007653965,0.995475128,1.006137149
1.008125511,1.000820327,0.992724332,1,1.000856165,1.007948835,0.99525972,1.006359273
1.008125511,1.000234537,0.992383541,1,1.000428071,1.007908564,0.995475128,1.006345327
1.008450758,1.000027625,0.992188852,1,1.000428071,1.007810573,0.995475128,1.006320871
1.008776022,0.999815915,0.991848229,1.000210284,1.000428071,1.007706904,0.99525972,1.006137778
1.008776022,1.000234892,0.991848229,1.001051477,1.000214033,1.007387358,0.99482892,1.006013899
1.008613387,1.000489166,0.991848229,1.001472106,1.000214033,1.007085355,0.996121386,1.006239455
1.00926395,1.000743769,0.991945539,1.001472106,1.000856165,1.006956759,0.997198596,1.006306674
1.009426602,1.000947694,0.991799577,1.000420574,1.000428071,1.006968037,0.997198596,1.006318354
1.009751918,1.001195471,0.99170228,1.00063087,1.000214033,1.006767046,0.997844989,1.006426734
1.009589258,1.001630103,0.991556351,1.00063087,1.000642115,1.006775359,0.998706926,1.006375748
1.010239925,1.001976826,0.991459076,1.00084117,1,1.006359137,1.000215532,1.006491548
1.010239925,1.002025566,0.991507713,1.001472106,1.000214033,1.006217558,1.000862162,1.006593172
1.010239925,1.00213075,0.991459076,1.001682429,1.000214033,1.006091635,1.000646613,1.006698356
1.009589258,1.001747366,0.991118682,1.001261789,0.999571951,1.006258566,1.000215532,1.006646863
1.00893866,1.00119498,0.991118682,1.001051477,0.999143924,1.006481063,1,1.006512761
1.008450758,1.000428406,0.991021446,1.000420574,0.99871592,1.006537348,0.998922424,1.006356356
1.008125511,1.000093019,0.990972832,1.00063087,0.999571951,1.006652099,0.998922424,1.006304285
1.007149876,0.999791038,0.990924219,1,0.999143924,1.006504249,0.999137928,1.006232659
1.006987285,0.99951086,0.990972832,1.000420574,0.999571951,1.006187011,0.999568953,1.006134754
1.00747507,0.999581494,0.991167303,1.000420574,0.999785973,1.005933223,0.999353438,1.006157393
1.007800282,0.999649867,0.99131318,1.001472106,0.999143924,1.005672785,1.000215532,1.006225766
1.00747507,0.999444764,0.99136181,1.001051477,0.99871592,1.005495779,1.000215532,1.005996334
1.007149876,0.999495528,0.99131318,1.00084117,0.999571951,1.005748915,0.999784474,1.005946259
1.006824699,0.999176265,0.991070063,1.00084117,0.999357935,1.006130469,0.999137928,1.005804324
1.006662117,0.998796912,0.991021446,1.00084117,0.999357935,1.006508325,0.999137928,1.005803818
1.006987285,0.998691014,0.991118682,1.001051477,0.999785973,1.007100528,0.999568953,1.005894626
1.006987285,0.998116657,0.99136181,1.001051477,0.999357935,1.007643981,0.998491434,1.005684176
1.006499539,0.997616978,0.991604992,1.001261789,0.999785973,1.008129284,0.997629519,1.005711579
1.006336966,0.997252049,0.991945539,1.001892757,0.999785973,1.008344328,0.998491434,1.00583551
1.005686716,0.996786203,0.992334865,1.001472106,0.999785973,1.008783931,0.998706926,1.005742788
1.005361618,0.996118152,0.992773025,1.001261789,0.999357935,1.009165999,0.998275947,1.005639061
1.004548947,0.996008074,0.992919117,1.001892757,1.000428071,1.00967514,0.998060465,1.005619671
1.003898889,0.995485791,0.993016523,1.001892757,1.000428071,1.010353454,0.997844989,1.005464992
1.0032489,0.994912591,0.993065229,1.001892757,1.000428071,1.01089492,0.998491434,1.005412612
1.003086414,0.994758507,0.993357511,1.001892757,1.00107022,1.011297394,0.999353438,1.005555331
1.0032489,0.994813864,0.993406233,1.002103091,1.00107022,1.011622338,0.999137928,1.005562904
1.003411391,0.995067483,0.99360114,1.002523776,1.001284281,1.012056184,0.999568953,1.005630395
1.003736385,0.995743038,0.993698607,1.002523776,1.001284281,1.012164454,0.999353438,1.005636616
1.004061397,0.996295317,0.993942312,1.002944482,1.00107022,1.012218945,0.999784474,1.00571555
1.004386426,0.996848401,0.994088562,1.002523776,1.000642115,1.012342543,0.999353438,1.005742222
1.004061397,0.996955351,0.99403981,1.002523776,1.000856165,1.012457639,0.999353438,1.005700604
1.0032489,0.997159331,0.994186072,1.002313431,1.001284281,1.012524902,0.999568953,1.005765917
1.002923932,0.99746808,0.994283591,1.002734126,1.00171242,1.01258092,1.000215532,1.00609943
1.003411391,0.997731469,0.994332354,1.002944482,1.00171242,1.012609828,1.000215532,1.006176196
1.003573886,0.9983367,0.994332354,1.002734126,1.00171242,1.012453153,1.000215532,1.006259355
1.003736385,0.999010046,0.994234831,1.002944482,1.002354669,1.012245293,0.999784474,1.006473002
1.003736385,0.999316673,0.993893567,1.002313431,1.00214058,1.011938166,1,1.0064919
1.004386426,1.000041368,0.993406233,1.001892757,1.00171242,1.011619204,1.000646613,1.006655527
1.004711472,1.000770567,0.992967819,1.001472106,1.001284281,1.011308206,1.001293277,1.006611793
1.005361618,1.001156282,0.992529581,1.001051477,1.001498348,1.010942618,1.000646613,1.006507577
1.005849272,1.001262548,0.991945539,1.001892757,1.002354669,1.010536447,1.00043107,1.006570621
1.006174397,1.001521527,0.99131318,1.002313431,1.002996969,1.010004061,1.000862162,1.006483673
1.006499539,1.001240336,0.990924219,1.001261789,1.002568764,1.009503048,1.000215532,1.0063322
1.006174397,1.001387016,0.99063259,1.001051477,1.002354669,1.008832759,1.00043107,1.006435647
1.006174397,1.001541822,0.990341038,1.000420574,1.00214058,1.008174045,0.999784474,1.006287789