S1,S2,S3,S4,S5,S6,S7,S8
1.002667249,1.000979931,1.000339869,1.00013743,1.006465218,1.006558168,1.00897233,1.001119
0.997048337,0.99826042,0.999148291,0.999208931,1.006717031,1.005854724,1.00921978,1.000795806
0.991405306,0.995494277,0.998101918,0.998745901,1.005777581,1.005465242,1.00826339,1.000297045
0.985460404,0.992551276,0.99695014,0.998772944,1.006259359,1.00507092,1.008277812,0.999766924
0.979036101,0.989625391,0.995877311,0.997858798,1.005546659,1.004575885,1.008037079,0.999132673
0.973252891,0.987118379,0.994984375,0.996931947,1.005310119,1.00406772,1.008040883,0.998801722
0.967971482,0.984937256,0.994064653,0.997178148,1.005814802,1.004083522,1.007315809,0.99853369
0.962669117,0.982546446,0.992963407,0.996018741,1.00583381,1.00363966,1.006596888,0.998148307
0.956250063,0.980076462,0.991817976,0.995092603,1.005838064,1.003311632,1.00660192,0.997565379
0.950637822,0.977597109,0.990768839,0.993467307,1.005361765,1.002908942,1.005634738,0.997041123
0.950190688,0.977338931,0.990747158,0.993242467,1.005129814,1.003021868,1.005876758,0.996847697
0.95023076,0.977344983,0.990822714,0.993251283,1.005372198,1.003005583,1.005646577,0.996740278
0.949913837,0.977350128,0.990920988,0.993485028,1.005372845,1.002998591,1.005168676,0.996435532
0.949920318,0.977369167,0.991032474,0.993274708,1.004903324,1.003005585,1.004709226,0.996230435
0.949619127,0.977746506,0.990997099,0.993741587,1.004455808,1.002682337,1.004712193,0.995863676
0.949625132,0.978035327,0.991182941,0.993509957,1.004218288,1.002254901,1.004477072,0.995444614
0.950007452,0.978356595,0.991187791,0.99398813,1.005186188,1.00185456,1.004263683,0.995323167
0.950496961,0.978572823,0.991224387,0.993756008,1.006143787,1.001470356,1.003781656,0.99518669
0.951501093,0.978836356,0.991187963,0.993524951,1.006385897,1.000998172,1.003554229,0.994899529
0.952163013,0.979160707,0.991165901,0.994001881,1.00687337,1.000935919,1.002840534,0.994709566
0.952657905,0.979894119,0.991119177,0.993074073,1.007123718,1.000491316,1.002620211,0.994816502
0.953624031,0.980670392,0.991015847,0.993773959,1.006896809,1.000184962,1.002892193,0.994705589
0.953819917,0.980900926,0.990879821,0.99331214,1.007138026,1.000233624,1.002661544,0.994560515
0.953827112,0.981121277,0.990639966,0.992849316,1.007860323,1.000117708,1.002906454,0.994370659
0.954311859,0.981375133,0.990526963,0.992200156,1.007383196,1.000025497,1.001954829,0.994242641
0.955137676,0.981746619,0.99032099,0.991736346,1.007897449,0.999902915,1.001731779,0.994089621
0.955144535,0.981987686,0.990179132,0.991283394,1.007902532,1.000003305,1.001258608,0.993731178
0.954868026,0.981892765,0.989816115,0.990122773,1.008151911,0.999444053,1.000546814,0.993416877
0.954882144,0.981683576,0.989701743,0.99012721,1.008158268,0.999254765,1.00057041,0.993062826
0.9552074,0.981593094,0.989531004,0.990129327,1.008886336,0.999054038,1.000599508,0.992877111
0.954756831,0.980822767,0.989579141,0.990133751,1.009365167,0.99915938,1.000843965,0.992715622
0.954832224,0.980220953,0.989666248,0.990623976,1.009847867,0.999427847,1.000844909,0.992601093
0.954843937,0.979713995,0.989574912,0.990401249,1.009609731,0.999648713,1.000607667,0.992313543
0.954726647,0.979024742,0.989591707,0.989964114,1.009615242,0.999936971,1.00086326,0.992039455
0.954611735,0.978705962,0.989582276,0.98950762,1.009867573,1.000180223,1.000872459,0.991671768
0.954481816,0.977897133,0.98961865,0.989066466,1.009631169,1.000659593,1.001115812,0.991469121
0.954031163,0.97706474,0.989478426,0.988836014,1.010112062,1.001392083,1.001362915,0.991225142
0.953406379,0.976288973,0.989498584,0.987924028,1.009162915,1.002012048,1.00233884,0.990986374
0.953170776,0.975784737,0.989419633,0.98722831,1.008449096,1.002372539,1.002346443,0.990732425
0.952852395,0.975246401,0.989064836,0.987027198,1.008220413,1.002778716,1.002135872,0.990476684
0.952111403,0.974711259,0.988851509,0.986333054,1.008221725,1.003145681,1.002400204,0.990364988
0.951955743,0.974426332,0.988608135,0.987288204,1.008471638,1.003482914,1.003162155,0.990157501
0.951315187,0.973849085,0.988368304,0.987758022,1.008950708,1.003698329,1.003417514,0.990017582
0.950849299,0.973820903,0.988257921,0.987791984,1.008716733,1.003712983,1.002943332,0.989914828
0.950698455,0.973790995,0.988102763,0.987792581,1.008238376,1.003708037,1.002704419,0.989979457
0.950638586,0.973739119,0.987959274,0.987797732,1.008004033,1.003677669,1.002979161,0.989794997
0.950162182,0.973643862,0.988260631,0.988738987,1.007767959,1.003843968,1.003478257,0.989873481
0.950521037,0.973555231,0.988433702,0.989453017,1.008008623,1.003950148,1.003492993,0.990038632
0.950546216,0.973423733,0.988814662,0.990158664,1.007547632,1.004071283,1.004482989,0.990299642
0.950868605,0.973374771,0.988992962,0.989941013,1.007549561,1.004320222,1.00450767,0.99046203
0.950869784,0.973278487,0.989196455,0.989947595,1.006835767,1.004428102,1.003787066,0.990511437
0.95139399,0.973778567,0.989158124,0.990416148,1.007077716,1.004358898,1.004271685,0.990639392
0.951428573,0.974089723,0.989135827,0.990416484,1.007085919,1.004158533,1.003564395,0.990799072
0.951625182,0.974428717,0.989210359,0.99065441,1.00708934,1.004118331,1.003085418,0.991032211
0.951465838,0.974925128,0.989284547,0.991599093,1.00709913,1.003860265,1.002617612,0.991296835
0.951508803,0.975822317,0.98939082,0.992297146,1.007583628,1.00343343,1.003589138,0.991813019
0.951512379,0.976574169,0.989596609,0.992764803,1.007823164,1.002930271,1.003593735,0.99198801
0.952012459,0.97739735,0.989896691,0.993002633,1.007118026,1.002406441,1.003112059,0.992267557
0.952212815,0.97814854,0.989885646,0.993478963,1.007836357,1.001871457,1.00263082,0.992593816
0.951893211,0.978722366,0.990200828,0.994413316,1.008080204,1.001566231,1.003598899,0.992890182
0.951778778,0.979357892,0.990867902,0.994418986,1.008335837,1.001377946,1.004326676,0.993059218
0.951800557,0.979729075,0.99126,0.994916931,1.007863564,1.001173631,1.004109954,0.993220207
0.951554159,0.979453869,0.99186247,0.99539575,1.008105022,1.001123945,1.002929998,0.993329004
0.951669615,0.979641967,0.992595785,0.995408306,1.007639519,1.001352194,1.002701002,0.993550794
0.952151947,0.979881043,0.993290592,0.995652057,1.007886527,1.001526665,1.003434658,0.993747673
0.952215175,0.979958585,0.994050552,0.995435896,1.008129694,1.001770212,1.004163488,0.993927515
0.952271205,0.980114847,0.994755414,0.995669225,1.008849023,1.002053685,1.005145389,0.994209984
0.952610172,0.980222876,0.99503059,0.995458911,1.009348806,1.002237588,1.005156649,0.994436721
0.952635408,0.980336172,0.995346727,0.995959765,1.009833269,1.002494046,1.005892326,0.994588012
0.953195446,0.98060909,0.995845738,0.996440799,1.010801436,1.002635678,1.006140793,0.99450546
0.952557528,0.98092358,0.996119261,0.997151659,1.011041426,1.002647779,1.006866555,0.994664502
0.952113453,0.980923693,0.996175549,0.997152011,1.010802483,1.002680935,1.008327233,0.994744869
0.951800972,0.981006382,0.996454394,0.996691338,1.010808078,1.002743349,1.008331511,0.994603265
0.951825693,0.981110056,0.996616236,0.996724969,1.010099827,1.00257822,1.009300851,0.994567824
0.951073254,0.981249745,0.996776184,0.996496111,1.009384406,1.00254922,1.010040887,0.994332106
0.950926439,0.981503563,0.996931939,0.99558807,1.009392918,1.002629482,1.010527188,0.994187855
0.951093941,0.981142543,0.997127577,0.995590368,1.008681836,1.002763082,1.010044908,0.994012096
0.950619108,0.980646423,0.997263372,0.995593077,1.008456385,1.002870993,1.010298031,0.994067636
0.950684727,0.980472507,0.997169576,0.99536826,1.008460918,1.003213955,1.010313505,0.993863413
0.950723641,0.979950937,0.997315872,0.995376076,1.008227051,1.003595091,1.010318277,0.993906527
0.951215557,0.9793952,0.997460295,0.995626554,1.008711311,1.003932216,1.009839284,0.993864734
0.951541686,0.978929619,0.99757291,0.996097971,1.008956587,1.004415931,1.009368051,0.993873993
0.951892291,0.978460775,0.997789389,0.995867073,1.009197118,1.00457581,1.009368179,0.993752247
0.951946639,0.978511402,0.99778475,0.99540951,1.009198432,1.004753516,1.009617526,0.993815492
0.952115984,0.978268618,0.997609818,0.995423679,1.008970535,1.004658142,1.009380313,0.993785694
0.951832383,0.97798753,0.997377308,0.995670858,1.008738024,1.004679303,1.009144952,0.993866741
0.952161254,0.978001674,0.996858548,0.995931746,1.008271509,1.004475115,1.008669518,0.993715605
0.951896388,0.977541926,0.996227103,0.995473684,1.00804529,1.004223413,1.008934536,0.993451764
0.951594956,0.977118877,0.995635381,0.995019063,1.007811591,1.004021829,1.007967749,0.993433456
0.951421043,0.976540975,0.994916862,0.994344672,1.007572712,1.003814532,1.0077275,0.993335361
0.950968269,0.975925755,0.994290602,0.994399052,1.006855363,1.00358896,1.007004709,0.993362942
0.950658383,0.975309071,0.993736491,0.994402025,1.006626272,1.003511274,1.006281765,0.993279887
0.951002567,0.974852433,0.993410592,0.994651713,1.006866682,1.003521802,1.004846723,0.993259751
0.950686231,0.974445496,0.993114257,0.995364504,1.006629527,1.003386798,1.004373014,0.99326903
0.950690591,0.974152259,0.993072299,0.99466883,1.006631521,1.003612765,1.003899711,0.993061632
0.950853409,0.973757991,0.993028547,0.994918564,1.006633378,1.003584836,1.003434009,0.993117575
0.951349742,0.973569088,0.992887966,0.995174126,1.006880031,1.003523422,1.003435267,0.992999179
0.951061095,0.973283691,0.992768269,0.994718478,1.006883615,1.003620361,1.00392036,0.993014539
0.951708576,0.973133584,0.99263371,0.994719588,1.007128157,1.00374757,1.003444889,0.992858213
0.951611602,0.972653143,0.992869678,0.994963745,1.007851445,1.003710121,1.004182026,0.99284184
0.951627991,0.972607791,0.992885006,0.994732319,1.008092041,1.003573462,1.004669221,0.992704505
0.951490075,0.972573136,0.992897467,0.994270971,1.007619137,1.003537478,1.005179185,0.992601785
0.951033824,0.972842488,0.992853609,0.993580795,1.007646688,1.003343654,1.004706909,0.992494041
0.951547747,0.973260812,0.992808826,0.993816252,1.007890142,1.003107738,1.0049518,0.992387435
0.952041556,0.973807863,0.9927081,0.993366723,1.007415519,1.002818588,1.005195229,0.992274323
0.952540398,0.974340376,0.992666194,0.993142919,1.007657861,1.002518465,1.004988344,0.992027742
0.952861788,0.9749464,0.992624723,0.992679314,1.007663006,1.002160758,1.004266683,0.991825288
0.952931991,0.975225969,0.992889626,0.992484437,1.008149754,1.002008586,1.00427759,0.991784771
0.953422159,0.975922074,0.993254219,0.992494902,1.007910827,1.001959368,1.003069105,0.991754951
0.954335698,0.976614448,0.993773469,0.992263102,1.007483773,1.001759099,1.004036267,0.991690125
0.954046211,0.976860282,0.994933725,0.99249855,1.007007566,1.001989896,1.003801706,0.991720906
0.953763551,0.977465454,0.995855144,0.991586998,1.006532325,1.002352277,1.004556004,0.991803308
0.954254086,0.978104096,0.996720048,0.992059856,1.007490533,1.002703282,1.004799047,0.992027353
0.9545868,0.978747435,0.997565266,0.992060225,1.007257698,1.002980733,1.005045869,0.992145674
0.955072732,0.979349815,0.998417187,0.991838651,1.007259728,1.00334823,1.005801927,0.992428269
0.955437076,0.979984644,0.99893284,0.992769205,1.007980291,1.003733627,1.005804508,0.992703235
0.956111703,0.980560109,0.999496399,0.993014279,1.00893981,1.003992449,1.007034133,0.99304579
0.955951191,0.981246603,1.000143405,0.993956495,1.009422454,1.004321539,1.006815795,0.99324884
0.956281907,0.982231375,1.000374066,0.993971158,1.009903141,1.004663719,1.00609096,0.993598984
0.956943756,0.983185022,1.000975555,0.994720686,1.010384599,1.004799504,1.006575327,0.993849741
0.956993745,0.984098657,1.0013753,0.994761932,1.009694909,1.004758034,1.006116838,0.994047829
0.957715667,0.984927229,1.001831245,0.995465179,1.00922559,1.0048822,1.005930263,0.994222886
0.957737192,0.985856705,1.002327956,0.995239064,1.009475864,1.004966765,1.00569506,0.994361473
0.958286625,0.986364289,1.002762609,0.995474429,1.009487571,1.005184734,1.00593859,0.994620824
0.958009512,0.986755327,1.00305885,0.995483027,1.009487806,1.005549029,1.005711316,0.994831456
0.957698254,0.98714684,1.003552528,0.996185029,1.009495271,1.005813886,1.005712502,0.994953452
0.956785672,0.98666492,1.003944917,0.995956104,1.009018732,1.006544892,1.005718217,0.995093482
0.95654484,0.986354699,1.00417518,0.995491682,1.008779588,1.0069814,1.006209915,0.99510417
0.956238533,0.986049808,1.004355445,0.995492992,1.008782603,1.007403989,1.005982618,0.995112428
0.955622647,0.985707096,1.004598376,0.99597385,1.009503715,1.00783916,1.006728892,0.995223509
0.955185889,0.985515354,1.004901772,0.996226312,1.009746991,1.008290033,1.006490868,0.995207711
0.955672263,0.98578877,1.004571982,0.996460384,1.009988066,1.008245503,1.006255248,0.995202737
0.956168888,0.985773335,1.004636587,0.997165753,1.010706961,1.008102823,1.006041021,0.995144093
0.955849165,0.985701337,1.004437112,0.996491454,1.010004411,1.008134189,1.006045425,0.994890531
0.955688851,0.985511859,1.004076481,0.996498803,1.010488153,1.007840181,1.00604706,0.994910557
0.956030843,0.985684162,1.00366236,0.996270765,1.010971357,1.007455666,1.005322981,0.99469964
0.956207222,0.985785702,1.003582663,0.996274502,1.011212701,1.007100333,1.005081311,0.994542921
0.956551321,0.985902236,1.003226077,0.996042809,1.011225655,1.00670366,1.004359135,0.994404871
0.957385705,0.986120905,1.002807944,0.995349863,1.010748539,1.006313774,1.004602149,0.994465176
0.957070469,0.985838189,1.002860549,0.995378803,1.010513255,1.005865196,1.004602276,0.994395109
0.9565159,0.985519393,1.00267085,0.994693247,1.010047474,1.005643655,1.004119131,0.994373628
0.956534532,0.985187496,1.002633737,0.994483446,1.010048524,1.005527994,1.004364744,0.994248197
0.95589462,0.984736959,1.002510864,0.994729639,1.010048881,1.005732923,1.004610718,0.994214838
0.956232705,0.984449213,1.002619084,0.994969226,1.009818898,1.005682225,1.004856399,0.994181081
0.956459849,0.984120246,1.00269283,0.994504515,1.009829547,1.005567871,1.005101855,0.99414201
0.956951411,0.983637613,1.00279399,0.994739251,1.009831931,1.00548121,1.005119029,0.99426458
0.95740036,0.983204665,1.002708608,0.993818725,1.009832764,1.005435603,1.004882332,0.994213357
0.958050603,0.983582522,1.002686655,0.994288869,1.010312164,1.005149238,1.005130701,0.994268796
0.9582407,0.983754026,1.002902389,0.995002337,1.010322686,1.005153802,1.005389305,0.994449842
0.958766966,0.984173202,1.003162765,0.995467838,1.010087894,1.005087342,1.006116353,0.994612902
0.959249038,0.984113635,1.003135299,0.995021117,1.009611452,1.005251676,1.006133421,0.994689242
0.959344957,0.983978589,1.003013913,0.995491875,1.009616487,1.005426431,1.006391546,0.994701144
0.959715815,0.983967797,1.002858988,0.995728314,1.00961771,1.005683017,1.006394651,0.994934376
0.959921537,0.983796417,1.002687527,0.995497085,1.009144391,1.005898946,1.005239014,0.995028822
0.960736696,0.983704548,1.002586512,0.996200311,1.009399862,1.006153856,1.004998272,0.995201448
0.960780863,0.983693854,1.002753452,0.996200854,1.00940135,1.006515993,1.004762227,0.99521058
0.960641276,0.983476961,1.002976628,0.99690364,1.009411368,1.00693254,1.004768931,0.9952243
0.960507339,0.983152317,1.003033465,0.996459249,1.008711594,1.007400295,1.005019108,0.995304965
0.960191793,0.983107517,1.0030893,0.996946845,1.008736091,1.007432916,1.005030836,0.995377991
0.959756056,0.983241785,1.003245548,0.99719188,1.008992638,1.007472473,1.005280247,0.995354943
0.960562266,0.983465481,1.003279561,0.997670594,1.009002144,1.007562172,1.005282826,0.995249144
0.960895746,0.983620241,1.003348145,0.998157137,1.009010005,1.007581861,1.005043468,0.995301627
0.961256676,0.983903002,1.003344387,0.997932299,1.009249255,1.007592402,1.004810595,0.995376953
0.961635116,0.984271494,1.003429217,0.997253571,1.00902598,1.007101394,1.004328203,0.995375314
0.961504502,0.984619296,1.003226042,0.997264189,1.00903116,1.006969344,1.004356399,0.99557848
0.961542571,0.984962314,1.003186547,0.997731371,1.009514425,1.006982679,1.003632223,0.995614154
0.960912882,0.984680692,1.003139584,0.997733321,1.009515141,1.007091495,1.003879162,0.995488027
0.960442011,0.984701379,1.00315986,0.999153196,1.010235282,1.007354093,1.004606191,0.995711402
0.960638893,0.98468247,1.003236753,0.999399214,1.01047854,1.007581442,1.004607619,0.99576861
0.960799588,0.984476213,1.003134075,0.999176556,1.010960165,1.008021368,1.004851915,0.995886008
0.960209526,0.984398224,1.00301763,0.998727432,1.010500332,1.008234485,1.004612688,0.995832487
0.960388071,0.984640841,1.003181688,0.999211238,1.010742728,1.008166067,1.004618422,0.996062172
0.960629869,0.984693692,1.003291224,0.999000387,1.010265689,1.008346332,1.004618574,0.996286463
0.960005296,0.984864545,1.003355761,0.998320134,1.009794879,1.008299506,1.004873847,0.996483042
0.959854698,0.985304172,1.003801851,0.998322238,1.010039031,1.008050809,1.005848561,0.996539674
0.966940189,0.986416264,1.004220176,1.000203202,1.010764401,1.007348085,1.006334193,0.996649618
0.974991516,0.987341754,1.004433815,1.002070874,1.011008274,1.006639889,1.006576009,0.996541267
0.982725325,0.988370811,1.004747606,1.00347753,1.011969714,1.005981463,1.007305363,0.996607867
0.990496529,0.989579462,1.005028328,1.005810394,1.012695148,1.005289491,1.007552203,0.996509348
0.99827244,0.990185504,1.005413381,1.00654476,1.013179063,1.005204804,1.007314432,0.996372177
1.00636634,0.99071172,1.005627577,1.00819288,1.01317993,1.005016954,1.006606836,0.99610807
1.013693306,0.991358138,1.00586015,1.010291778,1.013659923,1.004717181,1.00709349,0.996069213
1.020391758,0.994158141,1.007618144,1.011227277,1.014381305,1.005402001,1.007836361,0.996090669
1.027708388,0.997291506,1.009548126,1.012637346,1.014382588,1.006096645,1.007846974,0.996421467
1.034886877,1.000549711,1.011554975,1.014285505,1.015343333,1.006850526,1.008822282,0.996761532
1.042414338,1.00374861,1.013509894,1.016157134,1.016075419,1.007523039,1.008348793,0.996980155
1.049113427,1.006906712,1.015532807,1.017337474,1.015836408,1.008206347,1.008844822,0.997259896
1.05698269,1.010871912,1.017408465,1.018278789,1.01607885,1.008742837,1.008362819,0.997531841
1.06417616,1.014418745,1.019423111,1.018746998,1.016080792,1.009012094,1.007893889,0.997708537
1.071401544,1.018033721,1.021187223,1.019474427,1.016082719,1.009324773,1.008644865,0.998027716
1.079669063,1.022033211,1.023253532,1.021816306,1.016567036,1.010357508,1.008895734,0.998599518
1.088694498,1.026841911,1.025345486,1.023717978,1.018243332,1.011322579,1.009137965,0.99926061
1.097479656,1.031385618,1.02729704,1.025363267,1.018971453,1.012124988,1.009144412,0.999745872
1.106368861,1.036082857,1.029221956,1.027233954,1.019936066,1.012914228,1.00964289,1.000360706
1.11576059,1.040701138,1.031281015,1.028881222,1.021377498,1.01368824,1.009891584,1.001124397
1.124892771,1.045296075,1.033083133,1.031229182,1.021859727,1.014623771,1.010389413,1.001691141
1.12605248,1.048955464,1.034825883,1.030542922,1.021627967,1.01601565,1.010635707,1.002358333
1.126769083,1.05275852,1.036660994,1.030363543,1.021873896,1.017363632,1.011366993,1.003265165
1.128273972,1.056204045,1.038588366,1.030148724,1.021395285,1.019234057,1.011372535,1.004417485
1.129965902,1.059847242,1.040394367,1.029452872,1.021655068,1.02108201,1.011374857,1.005394227
1.131786992,1.063402039,1.042167639,1.030623253,1.021416886,1.022810092,1.011875802,1.006478898
1.132803557,1.066861437,1.04403758,1.030172112,1.021660039,1.024646137,1.01237435,1.007519873
1.134138239,1.070288403,1.045862807,1.029716225,1.02166336,1.026566663,1.011914435,1.008488965
1.136132814,1.071237796,1.046146232,1.029736275,1.02190935,1.027526002,1.011915688,1.009247104
1.138122136,1.071953216,1.046345861,1.030903742,1.022389481,1.028528745,1.012161308,1.00986068
1.140319908,1.072670265,1.046435377,1.030927262,1.022629881,1.029423108,1.011922044,1.010441528
1.142473566,1.073302985,1.046557678,1.031178792,1.023113961,1.030373978,1.012427384,1.011027481
1.144806187,1.073976195,1.046676875,1.032121963,1.023602504,1.031103018,1.013396894,1.011786965
1.146963793,1.074774531,1.046682208,1.032828486,1.023847139,1.031758705,1.014126039,1.012633852
1.149617714,1.075674122,1.046799513,1.033538323,1.023864269,1.032462757,1.014377105,1.013173259
1.151111912,1.076457308,1.046900386,1.033543422,1.024119609,1.033106283,1.013910254,1.01384646
1.152290842,1.076959707,1.046696016,1.033328621,1.024122309,1.033111415,1.013676551,1.014349698
1.153126055,1.076621338,1.046551607,1.033564144,1.023416509,1.033202246,1.013925393,1.014683913
1.153794434,1.0763496,1.04652532,1.033571727,1.022940694,1.033474435,1.014410611,1.01504796
1.154312636,1.075973243,1.046313735,1.032881732,1.023190266,1.034049275,1.012974103,1.015330671
1.154816535,1.075637877,1.046010241,1.033615159,1.022724269,1.034102036,1.012749334,1.015607614
1.154995911,1.07526843,1.045855006,1.033150327,1.022727205,1.034300287,1.013235057,1.015995633
1.155888119,1.074999539,1.045653545,1.033402226,1.022968604,1.034474294,1.013486227,1.01633915
1.156405421,1.074708713,1.045497139,1.03340816,1.022972348,1.034803563,1.013252457,1.016685363
1.156242383,1.074724246,1.04514513,1.033183437,1.022738418,1.034512639,1.013022195,1.01674655
1.155917507,1.074595682,1.044878965,1.033419215,1.022506176,1.03421367,1.012789377,1.01686652
1.155773291,1.074546946,1.044743241,1.033676692,1.022290411,1.034021194,1.012791601,1.016966614
1.155957503,1.074096869,1.044724047,1.03392013,1.022300419,1.033778274,1.012799174,1.017380271
1.155792261,1.07399598,1.044793412,1.033491112,1.022073616,1.033520072,1.013055434,1.017542345
1.155999303,1.073799698,1.044781395,1.033491568,1.021370092,1.033290305,1.01281708,1.017774385
1.155679637,1.073489658,1.044789416,1.033496091,1.021849765,1.033062136,1.012824593,1.018041145
1.155375077,1.073358536,1.044914874,1.033308624,1.021614648,1.032895265,1.012829299,1.018281754
1.154757223,1.073209287,1.045015545,1.033313894,1.020916179,1.032613785,1.012593696,1.01836748
1.155259416,1.073016083,1.045110571,1.033093181,1.020928119,1.03256429,1.01211166,1.018390128
1.154987015,1.072772753,1.045271299,1.033145023,1.02071094,1.032751471,1.012127233,1.018444702
1.154841387,1.072545243,1.045398787,1.032682036,1.020979608,1.032913288,1.01165055,1.018554302
1.155038693,1.071994441,1.045619492,1.033405261,1.020753636,1.032987227,1.012140874,1.018448346
1.155106945,1.071661638,1.045852632,1.032726719,1.020761352,1.03305899,1.011419688,1.01847234
1.155301194,1.07123404,1.045986286,1.033205875,1.021484916,1.033226197,1.010941394,1.01854096
1.155322221,1.070769778,1.046232095,1.032979895,1.021039521,1.03326779,1.010458591,1.018512217
1.155205253,1.070381606,1.046682197,1.033682354,1.021282245,1.032866027,1.011198625,1.018505701
1.155219209,1.069921241,1.047026944,1.033468568,1.02152928,1.033049656,1.011690771,1.018631425
1.155767061,1.069416679,1.047336695,1.033706539,1.021293409,1.033147308,1.011455856,1.018642741
1.155971193,1.069921792,1.047946708,1.033016712,1.021056389,1.03325749,1.011219236,1.018805085
1.155982075,1.070216861,1.048359569,1.032317455,1.020824993,1.033483662,1.010983244,1.019078881
1.15636457,1.07056955,1.048810148,1.032319473,1.020826905,1.03376665,1.010742336,1.019611618
1.156381117,1.070808695,1.049284091,1.032086654,1.02107163,1.034161217,1.011226411,1.019858134
1.156742968,1.07116632,1.04972685,1.030933306,1.02107178,1.034485174,1.011768394,1.020097666
1.156264692,1.07215231,1.049967506,1.031401614,1.021083289,1.034642621,1.012513965,1.020321876
1.156648501,1.072595775,1.050182647,1.031640831,1.021586013,1.035037457,1.012521223,1.020762007
1.157025666,1.073223089,1.050539453,1.032147797,1.021586694,1.035262991,1.01276841,1.021059253
1.157865508,1.073479504,1.051024644,1.031702903,1.021120405,1.03513486,1.013019155,1.021463713
1.158041771,1.073660212,1.051202824,1.031715901,1.021123594,1.035248045,1.013024868,1.021764791
1.158707035,1.07385182,1.051467528,1.032191791,1.021130848,1.035458731,1.013267993,1.02225289
1.158546467,1.074025746,1.051640553,1.031491817,1.020895066,1.035592294,1.014242364,1.02274569
1.158884078,1.074425691,1.051848025,1.031729138,1.02137687,1.035753992,1.014734797,1.02326738
1.159239297,1.074949883,1.052215304,1.032244193,1.021637857,1.035762855,1.01522786,1.023817788
1.159406887,1.075455707,1.052452231,1.0320278,1.022134232,1.035997571,1.014988197,1.024412246
1.159771707,1.076176221,1.052620013,1.032268737,1.022141294,1.036057905,1.015473939,1.024897438
1.160106163,1.076293619,1.052854735,1.031568839,1.021902578,1.036399379,1.015722314,1.025340394
1.160274519,1.076477787,1.052825472,1.031570499,1.022862379,1.037132018,1.015743413,1.025720805
1.16077589,1.07665238,1.052796466,1.031342784,1.022876237,1.037933466,1.015751373,1.026157736
1.161295382,1.076877925,1.052851157,1.031605405,1.022405934,1.038681042,1.016237467,1.026554466
1.16139243,1.07708348,1.052844574,1.030677406,1.021944648,1.039362588,1.01552379,1.026941855
1.161566484,1.076381805,1.052689905,1.031160307,1.021708576,1.039965484,1.015055388,1.027195317
1.162074506,1.076140494,1.05249328,1.031892866,1.021950543,1.040505426,1.015550112,1.027304976
1.162281681,1.075540822,1.052399495,1.031683341,1.021953238,1.040978616,1.01604544,1.027418411
1.154991906,1.073208969,1.051028173,1.030523448,1.02099636,1.040461344,1.015803635,1.027377214
1.145566175,1.069528594,1.049269297,1.028907061,1.020764534,1.039648288,1.015082358,1.027096955
1.136968457,1.065997903,1.047265171,1.026346153,1.020289714,1.039023638,1.013883807,1.026959422
1.127722656,1.06245969,1.045233519,1.024056322,1.019333568,1.038212851,1.01413095,1.02658611
1.118379951,1.058758491,1.043234401,1.022212959,1.018855151,1.037520773,1.013651651,1.026194411
1.108540794,1.055676188,1.040818122,1.020390917,1.018143309,1.03717733,1.013412246,1.02577017
1.099169112,1.052343624,1.038792221,1.018545989,1.017667143,1.036531569,1.013181616,1.025195523
1.089488787,1.048512484,1.036425826,1.016215818,1.017198492,1.035916037,1.012942648,1.024573214
1.079837143,1.045208792,1.034261876,1.014848507,1.016962213,1.035237632,1.011975787,1.023605967
1.070367425,1.04170497,1.032226489,1.013474571,1.016981976,1.034476602,1.011512125,1.022737873
1.060898451,1.038308443,1.029942994,1.011618292,1.016506402,1.033590378,1.01224686,1.021983944
1.051928308,1.034964311,1.027691716,1.009806753,1.016039813,1.032601191,1.012249693,1.021081154
1.042655554,1.031474018,1.025395364,1.009112248,1.015562609,1.031874884,1.012009088,1.020317711
1.032909545,1.028486227,1.023073094,1.007256372,1.0153347,1.030900633,1.01177357,1.019412886
1.023337051,1.025407437,1.021007164,1.005396435,1.014157409,1.029420222,1.011788112,1.018628558
1.013614603,1.021952474,1.018901642,1.003534809,1.012968557,1.027791198,1.011546604,1.017629967
1.004391715,1.019044962,1.016934614,1.002149656,1.012971764,1.026213602,1.010105882,1.016628715
0.995034169,1.016119367,1.0149411,1.000773176,1.013452867,1.024478234,1.010595796,1.015756187
0.985559988,1.013063829,1.012887275,0.999159099,1.012512787,1.022828911,1.010629385,1.014659748
0.976137913,1.010016122,1.010972446,0.997775112,1.011802506,1.021086169,1.010152274,1.013558945
0.967004687,1.0070212,1.009136947,0.997078178,1.011085616,1.019384625,1.010163239,1.012609306
0.964944698,1.005827225,1.008285031,0.997090024,1.011328431,1.018676984,1.010414802,1.011688238
0.965115614,1.005302479,1.007927591,0.997583629,1.011568463,1.018220612,1.010673716,1.011030652
0.965286946,1.005052572,1.007901361,0.997389479,1.011574394,1.017621746,1.011402858,1.010133301
0.965151006,1.004671549,1.007862676,0.997653153,1.011575694,1.017072168,1.010683211,1.009316193
0.965480358,1.004384078,1.007801743,0.997659846,1.012294516,1.016518586,1.010926564,1.008806613
0.965321226,1.004045961,1.007701189,0.997951477,1.012058922,1.015853612,1.010695616,1.007998882
0.9655471,1.003715132,1.007655927,0.99795498,1.012059997,1.015460047,1.010458242,1.007263422
0.965400866,1.004028354,1.007767272,0.997723647,1.012303033,1.014896209,1.010469392,1.006846155
0.965730769,1.003803884,1.007899838,0.997729046,1.011588056,1.014465975,1.00975736,1.006342203
0.965105586,1.003086026,1.008333767,0.996809244,1.010635943,1.014208882,1.009517337,1.005662731
0.964790148,1.002337301,1.008758862,0.996130424,1.00968293,1.013868915,1.008553882,1.004920752
0.964322178,1.001664926,1.009245992,0.996146793,1.009228598,1.013720536,1.008589994,1.004461457
0.9639837,1.000921345,1.009695935,0.994763214,1.008754426,1.013403464,1.009074457,1.00384437
0.963827195,1.000218222,1.01032061,0.995004058,1.008280324,1.013117527,1.008593749,1.003263036
0.963707227,0.999620059,1.010706523,0.995018512,1.00875888,1.012886495,1.008355734,1.002720982
0.963563488,0.999174979,1.011244582,0.995025915,1.008760583,1.012791194,1.008363921,1.002471008
0.963405285,0.998642348,1.011784778,0.994568375,1.008764382,1.013048826,1.008863882,1.002416307
0.963408355,0.997945535,1.012077019,0.994117862,1.008532046,1.0135048,1.00839051,1.002116618
0.963703956,0.997330659,1.012338876,0.993898452,1.00949558,1.014020078,1.008633697,1.002045995
0.964034395,0.996985722,1.012614038,0.993451232,1.009283825,1.014472426,1.008880618,1.002041212
0.964360347,0.996418355,1.012808324,0.992759547,1.009764941,1.014910517,1.008412273,1.001785234
0.964890981,0.995855179,1.013166548,0.992760232,1.009768208,1.015336072,1.008422259,1.001633646
0.964913797,0.995748044,1.013490951,0.992532408,1.009294951,1.015658447,1.008927747,1.001583672
0.964942593,0.995506079,1.013581396,0.99349586,1.009799527,1.016197296,1.009174967,1.001824054
0.964786424,0.995058941,1.013579433,0.993984868,1.009807611,1.01666258,1.009426165,1.001945199
0.964191921,0.994689844,1.014055453,0.994933005,1.009808568,1.017017199,1.009911474,1.001921045
0.964206884,0.994486767,1.014509385,0.995403969,1.009827718,1.01734241,1.009920943,1.001952731
0.963597706,0.994294281,1.014895567,0.995877611,1.009840263,1.017612346,1.009947654,1.002058592
0.963447542,0.994124102,1.015428048,0.996352859,1.009843485,1.017830948,1.010202181,1.002191531
0.963200173,0.993870865,1.015810268,0.996591834,1.010106449,1.018161251,1.011419997,1.002192197
0.963589676,0.994077507,1.015787868,0.996849422,1.010365601,1.018325615,1.011183093,1.002256391
0.963595276,0.994186808,1.015860703,0.997790295,1.010856984,1.018543641,1.011433683,1.002566114
0.963603206,0.994316998,1.015827101,0.998275219,1.011815546,1.018734503,1.011683791,1.00266624
0.963966823,0.994553402,1.015709937,0.99874599,1.011822054,1.019031611,1.011691406,1.002784643
0.96413629,0.994852628,1.015505865,0.99875958,1.011840007,1.019207312,1.011934937,1.002959181
0.964522719,0.995182212,1.015379684,0.999460202,1.011606612,1.019600192,1.01217701,1.003127376
0.965195424,0.995518498,1.015218871,0.999462101,1.01137017,1.019809475,1.011936648,1.003116385
0.965064286,0.99580352,1.014933826,0.999468959,1.011376769,1.019815086,1.011706643,1.003028433
0.965399346,0.996051738,1.01491041,1.00018256,1.011137753,1.019708184,1.011950417,1.003127938
0.964757522,0.995724269,1.015432292,0.999969842,1.010909155,1.019870109,1.011470854,1.003062712
0.964660038,0.995045692,1.015454299,0.999976432,1.011148633,1.020194335,1.010991447,1.003155885
0.963862355,0.994348724,1.015502514,0.999744273,1.010672525,1.020427113,1.011236518,1.003153736
0.963239108,0.993750207,1.015505609,0.999752171,1.010201372,1.020690987,1.010776717,1.003109074
0.96244415,0.993200493,1.015527893,0.999767059,1.010707847,1.020949518,1.00983618,1.002906757
0.961824915,0.992461455,1.015594522,1.000023572,1.010714096,1.021234479,1.009377504,1.002912825
0.962000956,0.992142979,1.015713208,1.000256976,1.011195985,1.021510724,1.009861577,1.002770416
0.962331206,0.992358905,1.01555242,0.999331169,1.010245086,1.021448456,1.009637536,1.00287751
0.962173562,0.992277396,1.01528893,0.999108751,1.010494101,1.021468385,1.009645652,1.002865524
0.962549322,0.992049159,1.015048462,0.998648709,1.010265461,1.021494873,1.009419163,1.002822757
0.962644997,0.991762589,1.014797587,0.998188352,1.01002698,1.021505937,1.00893817,1.00277651
0.962600026,0.991646835,1.014619416,0.998207752,1.010027799,1.021412219,1.007971915,1.002967542
0.962609537,0.991554253,1.014508068,0.998706407,1.010271458,1.021422815,1.007741872,1.003006428
0.962173445,0.991443324,1.014266174,0.998749822,1.010275511,1.021404874,1.007263381,1.002957735
0.962082864,0.991495539,1.013569455,0.997833574,1.009083644,1.021411318,1.006298666,1.002602142
0.962265999,0.991594672,1.013185732,0.9976217,1.008852973,1.021170733,1.005819344,1.002493068
0.962276571,0.991550574,1.012858249,0.997636644,1.008854611,1.021019725,1.006088571,1.002388392
0.962021277,0.99149717,1.012507082,0.997175206,1.008861766,1.020772267,1.005621849,1.002247675
0.961602909,0.991377727,1.012207172,0.997177283,1.009103009,1.020581867,1.006108769,1.002284589
0.961454531,0.991365493,1.011911201,0.996953075,1.008867922,1.020449519,1.006595427,1.002136229
0.961146981,0.991399567,1.011533598,0.997202413,1.008884249,1.020391396,1.006599875,1.002051503
0.961468855,0.991932936,1.011093481,0.997005998,1.008172099,1.019357839,1.00708847,1.001959334
0.961044856,0.99287127,1.011042293,0.99724184,1.008656888,1.018422861,1.007582155,1.002083203
0.961485171,0.993777003,1.010953082,0.997475476,1.008897369,1.017612234,1.007356023,1.002025197
0.961340718,0.994735995,1.010857231,0.997012583,1.009621473,1.016694111,1.007116367,1.002133598
0.961833364,0.995542153,1.010773217,0.997013101,1.00938259,1.015780634,1.006883198,1.002123117
0.961854654,0.996581151,1.010739402,0.996331585,1.008669117,1.014858845,1.006166148,1.002205131
0.961873339,0.997544043,1.010695543,0.996189283,1.00843256,1.013946365,1.005927672,1.002065948
0.961720034,0.997535125,1.010281082,0.996888146,1.009395179,1.013570075,1.005953211,1.002119811
0.96190468,0.997926907,1.010397645,0.996904797,1.010119451,1.013234298,1.006206588,1.002029602
0.962078447,0.998145185,1.010632965,0.99737184,1.010121812,1.012789809,1.007416752,1.002102884
0.962595204,0.998396938,1.010784547,0.998084657,1.010601229,1.012370606,1.008145456,1.002069024
0.963124387,0.99856864,1.010846562,0.999028824,1.011086215,1.011916687,1.008629733,1.002125132
0.963376799,0.99873862,1.010910716,0.998577059,1.01061159,1.011498483,1.009115136,1.002037009
0.96404113,0.998902721,1.011023655,0.998116957,1.01085346,1.011317085,1.008874836,1.001899623
0.964597133,0.998961271,1.011789438,0.999061299,1.011096393,1.011271321,1.009366404,1.002158428
0.964297607,0.998712711,1.012765272,0.999793424,1.011819434,1.011576398,1.010348941,1.002387854
0.964331958,0.998558715,1.013648643,1.000261408,1.011827114,1.011899082,1.010838648,1.002607245
0.964852118,0.998437905,1.014628628,0.99980259,1.01206937,1.012169648,1.011331842,1.002804814
0.964537519,0.998209237,1.015547876,1.000523414,1.012310237,1.012408172,1.011339185,1.003012554
0.96441346,0.997932452,1.016526085,1.000770387,1.012075059,1.012618396,1.011346426,1.003248523
0.96395725,0.997533246,1.017420938,1.000102248,1.01231855,1.012806493,1.011363517,1.003385286
0.963960735,0.997560415,1.017940957,1.001040169,1.013056772,1.013597078,1.011635504,1.003472454
0.964035369,0.997671821,1.018152892,1.00104701,1.012586821,1.013861971,1.011408492,1.003579549
0.963405218,0.99793076,1.018390935,1.0006187,1.012589723,1.014235911,1.011416952,1.003557178
0.963735906,0.998113971,1.018540815,1.000854394,1.012120418,1.014553646,1.011661892,1.003664933
0.963255515,0.998430447,1.018687917,1.000640212,1.011409623,1.014965821,1.01190977,1.003910344
0.963297883,0.998696467,1.018959085,1.000882371,1.011649686,1.015421695,1.012152393,1.003952114
0.963185299,0.998829667,1.019129861,1.001141742,1.011411077,1.015773989,1.01191841,1.004113828
0.963189182,0.999015284,1.019936308,1.000914794,1.010471604,1.015986381,1.01167952,1.00412974
0.9634241,0.99912888,1.020220982,1.001613528,1.010475872,1.01629665,1.011694796,1.004368347
0.963337332,0.999079506,1.020448388,1.001848929,1.010490124,1.016576583,1.010982151,1.004430845
0.963204928,0.999211602,1.020678299,1.001868773,1.010011955,1.016804827,1.010525962,1.004532396
0.963210604,0.99941385,1.021046855,1.000968621,1.009774877,1.017071616,1.010528438,1.004595437
0.963089003,0.999658241,1.021430952,1.001698798,1.010500205,1.017357723,1.011508059,1.004984658
0.963259184,0.999813619,1.021644633,1.002166,1.010985923,1.017567464,1.011994047,1.005147771
0.963296162,0.999671373,1.021653927,1.002635387,1.011004846,1.017643157,1.011779136,1.005166367
0.963464808,1.000094674,1.021350596,1.002174536,1.010533845,1.017595564,1.011316093,1.005168614
0.963495271,1.000402665,1.021034108,1.001947564,1.010773394,1.017567832,1.010623092,1.005145846
0.963064031,1.000709767,1.020722652,1.002653813,1.010322621,1.017453119,1.01040167,1.005583281
0.963718586,1.001374059,1.020374308,1.001956833,1.010083614,1.017387523,1.010401675,1.005487118
0.96388437,1.001962985,1.019991476,1.002432681,1.010564077,1.017345948,1.010163545,1.005620033
0.964205708,1.002396777,1.01967369,1.002675724,1.010327916,1.017306034,1.010652684,1.005516357
0.964708097,1.002378582,1.019711394,1.002931012,1.010809788,1.017272276,1.01065696,1.005571517
0.965030576,1.002574247,1.019675162,1.003419225,1.011057272,1.017491602,1.010667556,1.005576319
0.965867617,1.002606662,1.019637841,1.004144195,1.011059134,1.017755412,1.010935908,1.006011761
0.966207311,1.00263893,1.019724631,1.004851644,1.011543071,1.017911268,1.010938693,1.006143392
0.966698022,1.002696415,1.019780617,1.005317887,1.012502868,1.018031046,1.010944571,1.006181128
0.967032851,1.002651547,1.019680955,1.00533097,1.012028688,1.01814073,1.011210719,1.006297311
0.967686183,1.002864981,1.019696506,1.005100472,1.012282128,1.018334287,1.011456921,1.006461034
0.967220755,1.002474094,1.019173248,1.005109441,1.012531918,1.018928491,1.011468423,1.006479818
0.967248593,1.002457822,1.018547111,1.004192055,1.012292771,1.019402878,1.011486502,1.006467522
0.967436321,1.002397686,1.017928533,1.003762644,1.012538435,1.019964159,1.011245959,1.006367458
0.967123169,1.002182929,1.01740791,1.003307389,1.013025704,1.020481335,1.011249496,1.006417865
0.96665088,1.001967365,1.016856376,1.003348662,1.013027333,1.020893547,1.011263082,1.006481949
0.966497613,1.001720933,1.016227931,1.002658114,1.012797468,1.021409994,1.010540362,1.006475842
0.965870572,1.001471024,1.015547543,1.002199475,1.012095052,1.021822449,1.011270287,1.006585488
0.966676771,1.002186138,1.015129798,1.001741378,1.012819187,1.022131031,1.011289123,1.006451512
0.966876977,1.002408788,1.014828528,1.001983322,1.013553782,1.02213505,1.010602184,1.006341032
0.967201726,1.002614808,1.01464061,1.002465872,1.013802469,1.022153051,1.011343778,1.006285255
0.967721174,1.002960204,1.014354306,1.002942952,1.014525825,1.022204761,1.011834858,1.00623983
0.967564287,1.003079373,1.014124817,1.003413517,1.014047497,1.022158645,1.011849061,1.006144552
0.967734924,1.003143469,1.013817433,1.003435353,1.014051154,1.022058567,1.011861204,1.005937533
0.967905653,1.003360647,1.013618889,1.004370444,1.013825171,1.0220137,1.011380353,1.005734093
0.96758933,1.00351859,1.013264372,1.004151706,1.013587648,1.021916788,1.011138978,1.005730241
0.967926799,1.003153353,1.013282702,1.003689274,1.013836056,1.021870479,1.0113819,1.005481661
0.967960271,1.002724219,1.013398728,1.003467563,1.014088306,1.02184605,1.011146789,1.005221061
0.968142523,1.002293387,1.013369122,1.002538189,1.01339479,1.021743284,1.012119524,1.005013785
0.967773839,1.001919382,1.013485497,1.002329487,1.013158351,1.02172028,1.01239619,1.004830965
0.967820564,1.001464703,1.013545954,1.002797162,1.013641608,1.021630455,1.012644991,1.004653862
0.967039502,1.000830654,1.013661897,1.002580078,1.013662312,1.021538494,1.012902826,1.004290909
0.96786311,1.001400926,1.014456007,1.002120783,1.014381414,1.021034248,1.013198689,1.004307261
0.967799555,1.001988115,1.015190881,1.002592854,1.014146488,1.020604584,1.01345959,1.004231417
0.967993998,1.002801227,1.016020274,1.003295862,1.013907361,1.020145405,1.013476186,1.004190798
0.96801063,1.003486397,1.016892264,1.003297889,1.013428888,1.01977291,1.013246711,1.004191049
0.968190787,1.004112892,1.017582495,1.003300067,1.013208329,1.019391559,1.01300977,1.004159931
0.968199462,1.004775518,1.018563094,1.003766281,1.013211909,1.018906357,1.013519219,1.004042841
0.968202506,1.005333596,1.019444578,1.003557867,1.012982225,1.01850085,1.013539654,1.003965833
0.967583758,1.005415979,1.02002975,1.003560349,1.012743159,1.018028549,1.014273741,1.004194665
0.967450029,1.005544015,1.020672907,1.003799275,1.012521022,1.017873228,1.014764103,1.004429896
0.966969811,1.005860694,1.021336236,1.003804626,1.012535804,1.017617188,1.01429611,1.00466708
0.966843668,1.006085832,1.021998452,1.003814909,1.012775093,1.017362392,1.013347213,1.004734829
0.966958293,1.006251151,1.022738075,1.00359918,1.013256684,1.017177792,1.013350274,1.004915099
0.966983265,1.006547505,1.023408274,1.003377049,1.013266418,1.016942232,1.013617218,1.005108284
0.967153943,1.006797294,1.024165326,1.003156606,1.013745793,1.016771266,1.013376551,1.005289438
0.966846512,1.007156112,1.024801675,1.002698101,1.013274399,1.016621152,1.013377491,1.005545557
0.966204339,1.007509794,1.025236298,1.002935125,1.012797564,1.01638505,1.013391587,1.00566981
0.965905214,1.007981391,1.025642881,1.003168731,1.012806897,1.016146361,1.013403016,1.005744377
0.965467089,1.00842092,1.026129617,1.003921601,1.013527397,1.015947455,1.012956823,1.005969514
0.965956139,1.008875934,1.026635406,1.004621839,1.014007362,1.015830445,1.012489458,1.00605138
0.965825124,1.009463776,1.027016675,1.004178341,1.013293178,1.015567706,1.01249109,1.006302346
0.966206279,1.009999601,1.027493578,1.004878032,1.013057099,1.0153637,1.012498702,1.006532697
0.965571684,1.009554313,1.027228372,1.004879421,1.012341011,1.015438657,1.012261304,1.006586399
0.965902547,1.009118005,1.02704121,1.004895871,1.012591656,1.016029288,1.012280316,1.006758784
0.966102157,1.008685874,1.026739043,1.004664258,1.012597474,1.016551474,1.012283045,1.006896704
0.966113089,1.008361065,1.026518434,1.005133142,1.012601928,1.017016254,1.011803142,1.007061074
0.966117266,1.007911292,1.026434678,1.005134555,1.012859544,1.017536553,1.012048435,1.007247191
0.966445425,1.007463114,1.026151588,1.004674745,1.012641311,1.018071615,1.011100042,1.007353519
0.966939454,1.007165644,1.02581494,1.005377098,1.012658503,1.018596172,1.010616556,1.007419322
0.966644356,1.006007705,1.025236201,1.005385564,1.0126604,1.018741834,1.009892984,1.007319774
1.011319715,1.01058149,1.027873972,1.015876391,1.017695169,1.019007525,1.013042735,1.007224026
1.056634923,1.014961827,1.030597827,1.026136201,1.022246348,1.019305531,1.015964801,1.007122366
1.102500184,1.019434341,1.033162596,1.036200005,1.026327517,1.019576537,1.019840694,1.007134577
1.148514305,1.024031856,1.035702044,1.046971672,1.031608142,1.019911325,1.022265187,1.007031182
1.194712202,1.028547036,1.038380707,1.05705306,1.036405008,1.020431865,1.025662315,1.007045318
1.241125123,1.033245614,1.041025639,1.066896299,1.04144592,1.020697798,1.029297906,1.007030456
1.26866153,1.039260309,1.043896246,1.072064417,1.043859464,1.021814206,1.030285744,1.007676967
1.295773223,1.045254898,1.046084232,1.07653203,1.046266754,1.023179261,1.030773823,1.008258781
1.322977671,1.051282771,1.04830913,1.081229013,1.048669212,1.024623292,1.031532368,1.009022756
1.35045667,1.057398044,1.050587803,1.086406347,1.050357641,1.025985259,1.032502651,1.009775328
1.377028342,1.063495859,1.052826542,1.090909134,1.052282084,1.027400019,1.033963285,1.010641964
1.40441127,1.069622601,1.054963692,1.096322231,1.055180243,1.028932363,1.034701907,1.011373293
1.431916275,1.07589104,1.057262232,1.102025957,1.058065941,1.030436813,1.035931521,1.012077675
1.461972781,1.082574232,1.058906696,1.107447324,1.061202268,1.031887435,1.036943341,1.013026083
1.491325672,1.089118856,1.060578821,1.112417815,1.063382398,1.032891151,1.037452901,1.014064384
1.52098658,1.095753196,1.062351749,1.117136156,1.066516787,1.03391122,1.038206171,1.015135822
1.551377052,1.102621135,1.063955517,1.1223516,1.069177817,1.034969976,1.039671689,1.016320652
1.581853395,1.10944399,1.065685594,1.128013337,1.071586317,1.03597032,1.039914715,1.017421847
1.612155347,1.1163186,1.067497356,1.133914353,1.074958752,1.036992992,1.042106304,1.018503743
1.642371946,1.1229896,1.069290376,1.139590838,1.077610023,1.038051625,1.043084726,1.01965382
1.673479778,1.13137763,1.072102794,1.145029342,1.079788889,1.040030037,1.044547846,1.020885996
1.655543009,1.133673123,1.07146222,1.139126261,1.076416912,1.041305367,1.04261287,1.022109377
1.637134763,1.13602083,1.070751729,1.133541176,1.073530277,1.042698678,1.041167303,1.023295078
1.618586476,1.13843195,1.070098242,1.128833994,1.071610554,1.043995453,1.039008063,1.024593119
1.600429605,1.140803424,1.069667078,1.123182544,1.068729216,1.045289097,1.037806118,1.025948996
1.58249202,1.143192697,1.069142977,1.11851385,1.066324031,1.046751524,1.035867711,1.027185335
1.564666044,1.145408274,1.068626157,1.113117248,1.063200309,1.048038313,1.03368795,1.028493785
1.566614659,1.146334725,1.068357959,1.113851411,1.063446447,1.048302502,1.033692863,1.029169134
1.570169189,1.147940445,1.069113201,1.114340453,1.063207276,1.048233574,1.033938807,1.029982653
1.57357095,1.149339335,1.069684091,1.114603215,1.062487845,1.048162151,1.034669293,1.030558658
1.576983825,1.150932745,1.070359127,1.114841055,1.062730165,1.048110715,1.034678981,1.031096814
1.580889953,1.152487696,1.071026294,1.114856479,1.062015828,1.048081086,1.034680067,1.031808893
1.584798943,1.153989766,1.071777942,1.114626553,1.062023538,1.048137347,1.034447897,1.032422097
1.588588904,1.155484592,1.072411738,1.113983977,1.060830208,1.048014262,1.034223614,1.032985683
1.590413715,1.157326895,1.073814802,1.114239801,1.060111089,1.04826367,1.035196727,1.033558458
1.591667327,1.159047596,1.075276805,1.114024181,1.060111625,1.04849236,1.03641524,1.034175334
1.592917087,1.160689723,1.076766244,1.114266284,1.059871665,1.048701778,1.036417648,1.03451684
1.594016273,1.162274975,1.078200948,1.113796811,1.059891017,1.048924068,1.036422624,1.034929773
1.595485232,1.163883309,1.079627803,1.113566105,1.059654355,1.049079089,1.036921464,1.035371242
1.596616803,1.165499445,1.08120275,1.113339228,1.058937713,1.04925852,1.035715892,1.036024428
1.598085162,1.167194072,1.08262748,1.112651823,1.058708237,1.049389699,1.035474245,1.036351574
1.599866326,1.168497508,1.08354376,1.112674489,1.058960239,1.049720422,1.035232701,1.036806226
1.601847301,1.169543973,1.084528614,1.11387782,1.059445545,1.050307077,1.03547653,1.037399798
1.603835713,1.170640972,1.085403966,1.113901524,1.059688222,1.05086737,1.035241021,1.038028545
1.605629909,1.171674823,1.086324571,1.113206375,1.058973744,1.051477618,1.036215627,1.038517884
1.607600827,1.172848288,1.087140576,1.113919291,1.059223896,1.052016435,1.035983771,1.038974928
1.61012,1.173893152,1.08804323,1.113919976,1.058753559,1.052674738,1.036237974,1.03950513
1.611980573,1.174908608,1.089115663,1.114886853,1.059487413,1.05329043,1.036256682,1.040039198
1.615396838,1.175328313,1.089594077,1.114676682,1.059249781,1.054367961,1.036265623,1.040482181
1.61825492,1.17561541,1.089954024,1.115415643,1.059749769,1.055406302,1.036269239,1.040847204
1.621114799,1.176097809,1.090412787,1.115665859,1.060477935,1.056520605,1.035785086,1.04120139
1.624162787,1.176627397,1.090827973,1.115440842,1.060483296,1.057563825,1.035786557,1.041473982
1.626859843,1.177078275,1.091311829,1.115912701,1.061451514,1.058647795,1.036514427,1.041927135
1.629370569,1.177377263,1.091793424,1.115945758,1.061454366,1.059612464,1.037008386,1.042372537
1.632244819,1.177762396,1.092253341,1.116656638,1.062674556,1.060665523,1.0368015,1.042702829
1.634774484,1.17759932,1.09250447,1.116660177,1.063155772,1.061250869,1.035849128,1.042961819
1.637471533,1.177790777,1.092562317,1.117139572,1.06268558,1.061648471,1.035123198,1.043105687
1.640343206,1.178029743,1.092774517,1.117634218,1.062959313,1.062042428,1.034884102,1.043297542
1.643217156,1.178221438,1.092820807,1.117665088,1.062482473,1.062382456,1.034920223,1.043410474
1.645955498,1.178627986,1.092915096,1.117670332,1.062488813,1.06287397,1.034929564,1.043559332
1.649384804,1.179073528,1.092861431,1.118142145,1.06224979,1.063210961,1.034951428,1.043668501
1.652267038,1.179277286,1.092961168,1.118619206,1.062976309,1.063690261,1.034468934,1.043855106
1.65518167,1.179150004,1.092911829,1.118888834,1.062745234,1.063541539,1.034957982,1.043862088
1.656837204,1.179017601,1.093105222,1.118654424,1.062996958,1.063692487,1.035941263,1.043941257
1.65900094,1.178829577,1.093390112,1.119133076,1.063000406,1.063858983,1.03667147,1.044148081
1.661042099,1.178484199,1.093667204,1.119375387,1.062761222,1.063912049,1.036682454,1.043993893
1.661964775,1.178133228,1.093942737,1.119423385,1.06204787,1.064044294,1.037168562,1.043967815
1.662895541,1.177832962,1.094056623,1.12014657,1.06181057,1.06415334,1.037172683,1.04400622
1.66418679,1.177527316,1.094203892,1.11992975,1.060609023,1.064153901,1.037180193,1.043871365
1.665110017,1.178192336,1.094703745,1.120171463,1.060373825,1.063325543,1.037201021,1.043887031
1.666037709,1.178169558,1.09454428,1.11946666,1.060135043,1.062935474,1.037444347,1.043791643
1.666991559,1.178124113,1.094486378,1.119709958,1.060139337,1.062477065,1.038173243,1.043861182
1.667722254,1.178038042,1.094220631,1.119247224,1.059661694,1.062031153,1.038419647,1.043811074
1.669404499,1.178004009,1.093999775,1.118781512,1.059436858,1.061594865,1.038181001,1.043615033
1.670520681,1.177994233,1.093786762,1.119488694,1.059444064,1.061126032,1.038679145,1.043575493
1.671445865,1.177945804,1.093575058,1.119024948,1.059221834,1.060726272,1.039171687,1.04378106
1.673087685,1.178519314,1.093583299,1.119497839,1.058981793,1.060054579,1.040395215,1.043781976
1.675795154,1.17866402,1.09380269,1.119510297,1.059961386,1.059488434,1.039722453,1.043690363
1.678377888,1.178984813,1.094009703,1.119746252,1.060213945,1.058912252,1.040694029,1.044014089
1.681118622,1.179164683,1.094390208,1.120219556,1.06094592,1.058363184,1.04117985,1.044033704
1.683828221,1.17948956,1.094688063,1.119984141,1.060959892,1.057728397,1.041451225,1.044283028
1.685818717,1.179615486,1.095074254,1.119998593,1.060483994,1.057189565,1.041940088,1.044248406
1.688169487,1.179967738,1.09516571,1.120476273,1.059791717,1.056555191,1.04315398,1.044298083
1.653990365,1.172561228,1.091657069,1.114590591,1.057152241,1.055264702,1.041468484,1.043497926
1.619103706,1.164796802,1.087646483,1.107796016,1.054508807,1.053324117,1.03905309,1.042695332
1.58463871,1.157216926,1.083564917,1.101914299,1.052346599,1.051429799,1.036638728,1.041807181
1.550777986,1.149537408,1.079539742,1.095811805,1.050426418,1.049461737,1.034704988,1.041055887
1.517431728,1.142128961,1.075577999,1.089948168,1.048750636,1.047697589,1.03325845,1.040253044
1.483642916,1.134802191,1.071545637,1.082929758,1.046593752,1.045809609,1.031323631,1.039455354
1.450560058,1.127491471,1.067562635,1.076835409,1.044913645,1.044019024,1.029870519,1.038802525
1.415919489,1.119002127,1.063840435,1.070982026,1.042284562,1.043167017,1.028668395,1.037857417
1.38149293,1.111541722,1.060244844,1.065362778,1.039406739,1.0418031,1.026735217,1.036674455
1.347440012,1.10400445,1.056563873,1.059044288,1.035808867,1.040516906,1.024832961,1.035469934
1.313370084,1.096524112,1.052976159,1.053196459,1.034372002,1.039212586,1.023157358,1.034444174
1.278966581,1.089028013,1.049459962,1.047584466,1.031740269,1.03778645,1.021751183,1.033333914
1.245262974,1.081800342,1.04588806,1.041046882,1.029345288,1.036587692,1.019336857,1.032303739
1.211412946,1.074496868,1.042338847,1.035457282,1.026732159,1.035354287,1.017656309,1.031112823
1.17757751,1.066640102,1.038657906,1.029880301,1.024337705,1.034107033,1.015721299,1.030131741
1.142943324,1.058890031,1.03487588,1.023823124,1.021227645,1.032966982,1.015003438,1.028889136
1.108682039,1.051476232,1.031079988,1.01730374,1.017882169,1.031665971,1.013084458,1.027579249
1.074594638,1.044061415,1.027360205,1.011488222,1.01430204,1.030364399,1.011403735,1.026406358
1.039953914,1.036641707,1.023623382,1.005912995,1.011913004,1.029125944,1.009960223,1.025163185
1.006112825,1.029176673,1.019904387,0.999184923,1.010002085,1.027798957,1.008038447,1.023734733
0.972758563,1.021662752,1.016360896,0.992909489,1.008097652,1.026511817,1.006107584,1.022404999
0.971359619,1.020432574,1.01610319,0.992680797,1.008595492,1.026415378,1.006365614,1.021828159
0.971210863,1.019899062,1.016213223,0.99293562,1.008598843,1.026955041,1.006124577,1.021100761
0.970737637,1.019053178,1.016351519,0.992717419,1.0088408,1.027379659,1.006366538,1.020412467
0.970106678,1.018305059,1.016420824,0.993425395,1.009329826,1.027954622,1.005649202,1.019687378
0.969797958,1.017659897,1.016436371,0.992266013,1.008614292,1.028407731,1.005181478,1.018937039
0.969365067,1.016854885,1.016573173,0.992503903,1.008873904,1.028870649,1.005184341,1.018202544
0.968401699,1.016082668,1.016522258,0.992507767,1.00863626,1.029372777,1.005185965,1.017534069
0.969231126,1.015837603,1.016451026,0.99276897,1.00914346,1.029064596,1.004711275,1.017087991
0.969405277,1.015363988,1.016439278,0.992537985,1.008905516,1.028941307,1.00471551,1.016827171
0.969310122,1.014665011,1.016460034,0.992319264,1.009636202,1.028758875,1.004981748,1.016409268
0.969483736,1.013874578,1.016496521,0.992345499,1.009397622,1.028505197,1.005223446,1.016097055
0.969676557,1.013189557,1.016470071,0.993056051,1.009884636,1.028485331,1.004749797,1.015799829
0.970035025,1.012528944,1.016356403,0.993766059,1.010605931,1.028379305,1.00548133,1.015328725
0.970677759,1.011809923,1.016314574,0.994014314,1.010615306,1.028079685,1.00573693,1.015134093
0.970700207,1.011728141,1.01678316,0.993789007,1.0103763,1.027885819,1.005984271,1.01469927
0.971089429,1.011380358,1.016864436,0.994033637,1.010619377,1.027945529,1.006233925,1.014444826
0.971093362,1.011045909,1.017057278,0.994047525,1.011101046,1.028000817,1.006250282,1.014205594
0.971594558,1.01072509,1.017073774,0.99382362,1.011819528,1.028117592,1.006268094,1.014072728
0.972082066,1.010347851,1.017339777,0.994540628,1.011826691,1.028189359,1.006996702,1.013882273
0.972750058,1.010032864,1.017444102,0.99525082,1.012068803,1.028344512,1.007725722,1.013831691
0.973078723,1.00979923,1.017627476,0.995490379,1.012323647,1.028552873,1.007981438,1.013701831
0.973240903,1.009887181,1.017902995,0.995540735,1.011874571,1.028256484,1.007269146,1.013381736
0.973084649,1.009897391,1.0182369,0.996250911,1.011403664,1.027810409,1.007516184,1.013299689
0.972638052,1.009909316,1.018540726,0.996720973,1.010931105,1.027206968,1.007758602,1.013175795
0.972363194,1.010065956,1.01881606,0.996736207,1.01117372,1.026624705,1.008731081,1.013183666
0.972203211,1.009988235,1.019120728,0.998384632,1.012130714,1.026146043,1.008492798,1.013117255
0.972389832,1.010055575,1.019333149,0.998389968,1.012851028,1.025704641,1.008018731,1.013153988
0.972906382,1.010155969,1.019601638,0.998627692,1.013092849,1.025190076,1.007781454,1.013015694
0.972606469,1.010002805,1.019815068,0.998171208,1.013098909,1.025166066,1.007782898,1.012904052
0.972465282,1.009965235,1.019698931,0.999360384,1.013817456,1.025368145,1.008519349,1.012703108
0.972839316,1.010013388,1.019687471,1.000065506,1.014296528,1.025600265,1.009026633,1.012650569
0.972848007,1.010291842,1.019620887,1.001000742,1.014541206,1.025972747,1.009275115,1.012399517
0.972872826,1.010260048,1.019622832,1.001013148,1.014544679,1.026191886,1.010008045,1.012171593
0.972238996,1.01018705,1.019712943,1.001289242,1.014552124,1.026436142,1.010009469,1.012021837
0.971992697,1.01020435,1.019652566,1.0010597,1.014801228,1.026646913,1.009291101,1.011542642
0.972404125,1.011016349,1.019565218,1.001062207,1.015297588,1.026569022,1.009303159,1.011489678
0.972908403,1.01136717,1.01979601,1.001063062,1.015306564,1.026786583,1.009065769,1.011368658
0.973117392,1.01161339,1.020100893,1.00154142,1.014589373,1.026993953,1.009561906,1.011214696
0.972484204,1.011827103,1.02044677,1.00130948,1.013872867,1.027259666,1.010057622,1.010743466
0.972337252,1.012109657,1.020573975,1.000180918,1.013635392,1.027497905,1.009840792,1.010582444
0.972499447,1.012374813,1.02083428,1.000181549,1.013400643,1.027778403,1.009357309,1.010301211
0.972028345,1.012535832,1.021000011,0.999735911,1.01271221,1.027997362,1.009366544,1.010124931
0.972241679,1.012904267,1.021284354,0.999767882,1.012505197,1.028106485,1.010097354,1.010113547
0.972260886,1.013413831,1.021727878,1.000004042,1.013464588,1.028211992,1.009645172,1.010201724
0.972745783,1.01406179,1.02215031,0.999797591,1.013486511,1.028489631,1.009892314,1.010282475
0.973231348,1.014745435,1.022641338,0.999132624,1.012533876,1.028619255,1.009414247,1.010135422
0.973561587,1.015808674,1.023103469,0.998670502,1.012534801,1.028686,1.009178454,1.010275602
0.973799592,1.016436224,1.023657344,0.998904438,1.011578879,1.028748513,1.009701443,1.010136403
0.973801558,1.016946939,1.024226805,0.998466246,1.011587423,1.028819612,1.009239726,1.010099241
0.973983189,1.017706923,1.024688796,0.998481568,1.011352658,1.028871241,1.009724523,1.010469612
0.974150165,1.018131047,1.025131423,0.998018859,1.01159348,1.028736655,1.009727354,1.010894771
0.973851309,1.018708498,1.025462105,0.998259493,1.011123321,1.028610663,1.009261709,1.011284328
0.973392813,1.019117201,1.025924384,0.997144791,1.010645376,1.028428626,1.009022672,1.011651452
0.973279506,1.019671577,1.026276078,0.997145464,1.01041246,1.02829951,1.008549189,1.012102146
0.973315678,1.020189194,1.026616259,0.996451057,1.009709279,1.028119068,1.008330905,1.012450053
0.973012072,1.020700275,1.026939704,0.996458,1.009481829,1.02796925,1.009314539,1.012875658
0.972726327,1.020008471,1.027335652,0.996231497,1.009257269,1.028496059,1.008832841,1.01309673
0.972408878,1.020327015,1.027712635,0.996943075,1.009270903,1.028090434,1.008841132,1.01341643
0.972574125,1.020699778,1.028061014,0.997178818,1.009510428,1.027763386,1.008600436,1.013766031
0.973153935,1.021093137,1.028462415,0.997690503,1.010491276,1.027457345,1.007888223,1.014248968
0.973958269,1.021484949,1.028885756,0.998629138,1.010977175,1.027183902,1.007648565,1.014488894
0.973690143,1.022072794,1.029364486,0.998884542,1.011474074,1.026909119,1.00789665,1.014996075
0.974554089,1.022587648,1.029745373,0.999354355,1.012192281,1.026628176,1.007655002,1.015377153
0.974730364,1.023046133,1.03012263,0.999826348,1.012673739,1.026310476,1.007688425,1.015588937
0.974735385,1.022717026,1.030232997,0.998900865,1.012206289,1.02626804,1.007688717,1.015722203
0.974468484,1.022275275,1.030381974,0.998441739,1.011734172,1.026135059,1.006522055,1.01583172
0.973992546,1.021998163,1.030380767,0.998681533,1.011977007,1.026137136,1.006042244,1.015952127
0.973513991,1.021734808,1.030431104,0.998449589,1.011978626,1.026150483,1.007011973,1.016016589
0.972893399,1.021324666,1.030383072,0.999179809,1.012222109,1.026170082,1.007255621,1.016151362
0.972898484,1.021072378,1.030353501,1.000123084,1.012704799,1.026299228,1.00822265,1.016404114
0.972754842,1.020620917,1.029935564,1.000598163,1.012947507,1.026066695,1.008708012,1.016325272
0.972608151,1.020694162,1.029867762,1.000161567,1.01247409,1.025978129,1.008508148,1.016058664
0.972955497,1.020678223,1.029832222,1.000431707,1.012717203,1.025926521,1.008519432,1.01603187
0.973611242,1.020749646,1.029702336,1.001844025,1.013203756,1.026057853,1.008279971,1.015980719
0.973773243,1.020773245,1.029711204,1.002085156,1.012965512,1.026138181,1.008779879,1.015875934
0.974096918,1.020789522,1.029710438,1.00232426,1.01296677,1.026148093,1.009287371,1.01587741
0.974741597,1.020838084,1.029747282,1.00233147,1.01393785,1.026202848,1.009048304,1.01578938
0.974936339,1.021089252,1.029497482,1.002118615,1.013947457,1.025706549,1.008816639,1.015432264
0.974796615,1.020352877,1.029283166,1.002120857,1.014206329,1.025928793,1.009059143,1.01508652
0.97417332,1.019751106,1.02897675,1.002121329,1.014207145,1.026154004,1.009789677,1.01503495
0.973722275,1.018908938,1.028593835,1.002354051,1.013971777,1.026210809,1.010278236,1.014833909
0.973270349,1.018079084,1.028232974,1.002591355,1.014231111,1.026316057,1.010285255,1.014685739
0.973001116,1.017320954,1.02793958,1.002827337,1.01423346,1.026544514,1.011018871,1.014519159
0.972530236,1.016496445,1.027743983,1.00307547,1.014238592,1.026604502,1.011052248,1.014281538
0.972064594,1.015870048,1.02722361,1.00287142,1.014251577,1.026768197,1.010814102,1.014183014
0.972397233,1.016621744,1.027403479,1.003340041,1.014015845,1.026156769,1.011072528,1.013804477
0.97272049,1.017320472,1.027460325,1.004276695,1.013543513,1.025557323,1.012288384,1.013654561
0.972913373,1.017911974,1.027557497,1.004283398,1.013306652,1.024994661,1.012787629,1.013431947
0.973076671,1.018488607,1.027664811,1.004072308,1.012597346,1.024348785,1.012072916,1.013066557
0.973252265,1.019235977,1.027751637,1.003607751,1.012845076,1.023750577,1.011833353,1.012707447
0.973114902,1.020001573,1.027881186,1.003151248,1.011890505,1.023079312,1.011353447,1.012486772
0.973920817,1.020544876,1.028050677,1.002469421,1.012130852,1.022742551,1.010628529,1.012238877
0.973931229,1.02055876,1.028380258,1.002743965,1.011902245,1.022326416,1.010880958,1.01203829
0.973937877,1.020479485,1.028584323,1.002979759,1.012150396,1.021906808,1.010668462,1.011883853
0.973474698,1.020504273,1.028805985,1.00229117,1.012392482,1.021360994,1.010690893,1.011555615
0.973805935,1.020519904,1.028915589,1.001360945,1.013357486,1.020869094,1.009970105,1.011435803
0.97382779,1.020435366,1.029090156,1.001857066,1.013372486,1.020293141,1.009733564,1.011137325
0.973347021,1.020549394,1.029307681,1.001882103,1.012897444,1.019662782,1.009495055,1.010845992
0.97336404,1.020620486,1.02986182,1.002819425,1.013376522,1.019984097,1.009990434,1.011016376
0.973723643,1.021328342,1.030865777,1.002830977,1.01314048,1.019630251,1.00951315,1.010966131
0.974224587,1.022366615,1.031918906,1.002851041,1.013143201,1.019237313,1.009318686,1.010945671
0.97474784,1.023134055,1.033013022,1.003084738,1.013632726,1.018960703,1.009820313,1.010907486
0.975007213,1.023947818,1.033919574,1.00286828,1.012915237,1.018624794,1.010310016,1.01101732
0.97521462,1.024616515,1.034838205,1.002873045,1.012919024,1.018223144,1.009600425,1.010981252
0.975303468,1.025249325,1.035690357,1.00311965,1.012211537,1.017878628,1.010572413,1.010953391
0.975539151,1.025188758,1.036104548,1.003127725,1.012690737,1.018148954,1.010822878,1.010981606
0.975068263,1.024681328,1.036132709,1.002895242,1.012932225,1.018750906,1.010601286,1.011170451
0.974921194,1.024179225,1.036265014,1.002462569,1.014128527,1.019375875,1.010123126,1.011478685
0.974925297,1.023783507,1.03639105,1.002499988,1.014140055,1.020030842,1.010128784,1.011593169
0.974767003,1.023295305,1.036507403,1.003203077,1.014379343,1.020703159,1.010618699,1.011896714
0.974937961,1.022962164,1.036685015,1.002975964,1.013901668,1.021372871,1.010877838,1.012085012
0.975111142,1.022466602,1.036746272,1.003209475,1.014620376,1.022206083,1.010880545,1.012153661
0.974469616,1.021711648,1.037206124,1.003937259,1.014623914,1.023121188,1.011130886,1.012265378
0.974651588,1.021223708,1.037506742,1.003953755,1.014867201,1.023704371,1.011375599,1.012290475
0.974229637,1.020813736,1.037932372,1.003267334,1.014677472,1.024427671,1.01161776,1.012434591
0.974564959,1.020389052,1.038177847,1.003503812,1.013972719,1.025009032,1.011625481,1.012504503
0.973941997,1.019980298,1.038499054,1.003736898,1.013018203,1.025641664,1.01162982,1.012539888
0.973621312,1.019495288,1.038831514,1.003273692,1.012783884,1.026246585,1.012121143,1.01273546
0.973488377,1.019051756,1.039098682,1.003288284,1.012067409,1.026872096,1.012129885,1.012831509
0.973571794,1.019505127,1.038845881,1.002833055,1.012074334,1.026651993,1.011903182,1.01284929
0.973587992,1.019088008,1.038387632,1.002848238,1.012075136,1.026860934,1.012876081,1.012855273
0.973461427,1.018604848,1.037930412,1.002401736,1.012316272,1.027171719,1.012644563,1.012912497
0.973315304,1.01816202,1.037555513,1.003576197,1.011363731,1.027453103,1.013135209,1.012980932
0.973185492,1.017679292,1.037201839,1.003847228,1.01163011,1.027778591,1.013377232,1.013024987
0.973517471,1.017356953,1.036929553,1.003626282,1.011152678,1.028097479,1.014111341,1.01316307
0.973518076,1.017082282,1.036584809,1.003415127,1.012118877,1.02842545,1.01362836,1.01329176
0.973364597,1.017960081,1.036767629,1.003232149,1.011643876,1.028361147,1.014600519,1.013358316
0.973704956,1.017880527,1.036690438,1.003710299,1.01188532,1.028392695,1.015812447,1.013371725
0.973544656,1.018000428,1.03653852,1.003966867,1.011897898,1.028378912,1.01607033,1.013268683
0.973599521,1.017863955,1.036437946,1.004456338,1.012149109,1.028396817,1.016094892,1.01344998
0.973605179,1.017853188,1.036287545,1.004023694,1.012164015,1.028324142,1.01561152,1.013430429
0.973627355,1.017756929,1.036202524,1.004731071,1.012644824,1.028275188,1.015129247,1.013442573
0.973837975,1.01771332,1.036080994,1.004752813,1.01293084,1.028191528,1.015132215,1.01349279
0.974178582,1.018153502,1.036166601,1.005471901,1.013420543,1.027842471,1.015374667,1.013531053
0.9744664,1.018742487,1.036065928,1.005481106,1.013425874,1.027489143,1.0156358,1.014055142
0.974648641,1.019201156,1.036014073,1.005952738,1.013666309,1.027286091,1.01613439,1.014081775
0.974674916,1.019662527,1.035938342,1.005256814,1.013189239,1.027085022,1.016137294,1.014105763
0.975066623,1.020224053,1.035728106,1.005263079,1.013211141,1.026908643,1.016866466,1.014159685
0.975393076,1.020738891,1.035581537,1.005498673,1.01346104,1.026705541,1.016384437,1.014182248
0.975717026,1.021146296,1.035468989,1.005506198,1.013473822,1.02639996,1.016904281,1.014283039
0.975717501,1.020506329,1.035433881,1.005514189,1.012762529,1.026809223,1.016906336,1.014283649
0.975772288,1.02038643,1.035552566,1.005514901,1.013481597,1.026967505,1.016690359,1.014451454
0.975965952,1.020140894,1.035519095,1.006454486,1.013242941,1.027095031,1.017205044,1.014626182
0.975690098,1.020057649,1.035505177,1.005759249,1.013725719,1.027317078,1.016733073,1.014769478
0.975706732,1.019817706,1.035523363,1.005527944,1.013508656,1.027434195,1.016022762,1.014839622
0.975386969,1.019628738,1.035474963,1.005779201,1.013996378,1.027558892,1.015567761,1.014834311
0.975434054,1.019549094,1.035373444,1.005793581,1.013280176,1.027680182,1.015570247,1.01495522
0.975501928,1.019121172,1.035386955,1.005095968,1.013058564,1.02756691,1.014378866,1.014861466
0.978240379,1.018511059,1.035322179,1.006506196,1.013066986,1.02690384,1.013659352,1.014782441
0.981469306,1.017917372,1.035134177,1.007909852,1.013308031,1.02620855,1.01344851,1.014626818
0.984691944,1.017318866,1.034951981,1.01023756,1.01402888,1.025692694,1.013207812,1.014716711
0.988273269,1.016825355,1.034899998,1.011658792,1.014990234,1.025070836,1.013692948,1.014646451
0.991659463,1.016294207,1.034828544,1.012358028,1.015718502,1.024410789,1.013937457,1.014692658
0.994752083,1.015787879,1.034683378,1.01357397,1.015724245,1.023886334,1.014683686,1.014543373
1.042051818,1.029015284,1.041333087,1.024294067,1.020752365,1.025995033,1.018084582,1.015593562
1.093152907,1.042710677,1.047729414,1.035974159,1.026980855,1.028352336,1.022216019,1.017223783
1.145171095,1.056681676,1.054230739,1.046953285,1.032015296,1.030666984,1.025610485,1.018603495
1.196985617,1.070804178,1.060586217,1.058899708,1.038491832,1.033112556,1.029488284,1.019987048
1.249740949,1.085060178,1.067046288,1.0706209,1.0442662,1.035462907,1.033623428,1.021445178
1.302582446,1.099627616,1.073604222,1.08237157,1.050029991,1.037798403,1.037266544,1.022835609
1.35622565,1.114405929,1.080137533,1.093879457,1.056043884,1.040199067,1.040907074,1.024087533
1.410548001,1.130007165,1.085769526,1.104695807,1.061574851,1.042855278,1.044546892,1.025901658
1.467782101,1.146156118,1.091743989,1.1160244,1.066633093,1.045402455,1.048678139,1.027813281
1.525956643,1.162847459,1.097645887,1.126880706,1.071938869,1.047853585,1.052815643,1.029691033
1.584758888,1.179681582,1.103573971,1.137737476,1.077488908,1.050337045,1.057194505,1.031725497
1.64397448,1.196573253,1.109369773,1.14885844,1.083272577,1.052917236,1.062074673,1.033719776
1.703551804,1.213788723,1.115222423,1.160452558,1.088095002,1.055450929,1.066699942,1.0357453
1.76386544,1.231350443,1.121063457,1.172070797,1.093172065,1.057914543,1.0715661,1.037779701
1.824928681,1.249197828,1.127906642,1.184192949,1.098972001,1.060802596,1.077166052,1.040199703
1.883230457,1.267579689,1.135345577,1.19465207,1.104286456,1.064356886,1.082541231,1.042716498
1.942439969,1.286446059,1.142896389,1.204660325,1.109371362,1.067916882,1.088640102,1.045291676
2.002044526,1.305897785,1.150552907,1.213958438,1.113483796,1.071441703,1.094513489,1.047609328
2.062390833,1.325327124,1.158246884,1.223965889,1.118573856,1.075037292,1.100142376,1.05005744
2.122686415,1.345201772,1.165820951,1.234031097,1.12269149,1.078608088,1.105271549,1.052596751
2.183586162,1.365450973,1.173689689,1.244300934,1.127779795,1.082230472,1.109935495,1.055174066
2.192357136,1.36675918,1.173831896,1.244540155,1.127780323,1.083378867,1.111898492,1.056692371
2.198834789,1.36792921,1.174687083,1.244092218,1.127296046,1.084206846,1.112878886,1.058077437
2.205112614,1.368955655,1.175306231,1.244332657,1.127300485,1.084967689,1.114595482,1.059441813
2.211773244,1.370267585,1.176107416,1.244572685,1.127068079,1.085803356,1.117285776,1.060802437
2.218432293,1.371469703,1.177066005,1.24483118,1.127559169,1.086739745,1.118514681,1.061947829
2.22509202,1.372614989,1.17774929,1.244362972,1.12731972,1.087648059,1.120735522,1.063346612
2.231412318,1.373668801,1.178489956,1.245081046,1.127332562,1.088533797,1.122467299,1.064832343
2.238512711,1.374969362,1.18096385,1.245323627,1.126611686,1.088653842,1.12491597,1.065671977
2.243428756,1.376037003,1.183239397,1.245601773,1.126143102,1.089091984,1.126139865,1.066250192
2.248386309,1.377062345,1.18589902,1.2465671,1.127375809,1.089559936,1.127129835,1.066849832
2.253513555,1.378036331,1.188245767,1.246587364,1.127387509,1.09005751,1.127867203,1.067485265
2.258241162,1.37911308,1.190787102,1.247545247,1.127881441,1.090446261,1.129354943,1.068085812
2.26343716,1.380219055,1.193170304,1.247690576,1.128619628,1.090973186,1.130099636,1.068556887
2.268370529,1.381424319,1.195686485,1.248170074,1.129856886,1.091478392,1.131084633,1.069051521
2.276736326,1.382248406,1.197634089,1.249130029,1.129616182,1.091639958,1.131331667,1.069343956
2.282472616,1.383394668,1.19919879,1.249381988,1.129380388,1.092020641,1.132077727,1.069649899
2.287438688,1.384531201,1.20084829,1.249890782,1.128663098,1.092362985,1.132328247,1.06974251
2.292204479,1.385508694,1.202521135,1.249426478,1.128670777,1.092663971,1.133078122,1.069974205
2.296577274,1.38650666,1.204195181,1.249935572,1.127460274,1.093074964,1.133323362,1.070204099
2.301974988,1.387633005,1.205904942,1.250186751,1.126977263,1.093477854,1.134060609,1.070612658
2.307342,1.388683986,1.207711953,1.250669044,1.126742609,1.09383086,1.135047125,1.070816771
2.316120101,1.389569215,1.208814788,1.250918695,1.126273121,1.094279621,1.135052218,1.070833716
2.325474877,1.390200784,1.210311477,1.251644892,1.125548546,1.095054936,1.135057641,1.070752665
2.334629129,1.390855531,1.211924627,1.252131078,1.124581131,1.095932744,1.135058452,1.070589534
2.344017318,1.391531051,1.213468411,1.252142678,1.123618127,1.096582287,1.134112811,1.070499892
2.352799669,1.392274308,1.215089931,1.252151385,1.121441711,1.097289588,1.134375355,1.070451316
2.362423802,1.392956717,1.216653992,1.252173068,1.120480088,1.098128978,1.135112416,1.0704929
2.372042228,1.393608781,1.218371795,1.252186845,1.119032598,1.098783522,1.135608526,1.070412417
2.3794594,1.394049478,1.219174345,1.252438347,1.119277659,1.099440999,1.135391496,1.070249948
2.384700998,1.394713942,1.220348987,1.252679175,1.119044689,1.09990216,1.136126944,1.070400573
2.3899578,1.395370826,1.221443345,1.252223184,1.118094069,1.100304471,1.136862239,1.070260614
2.394987948,1.396034799,1.222612304,1.252235172,1.117617583,1.100751785,1.137372963,1.070031564
2.400026439,1.39664559,1.223809244,1.251998403,1.116895444,1.101193284,1.137129527,1.069997597
2.404876335,1.397287932,1.225025003,1.252030308,1.115691031,1.101471541,1.138112224,1.069924806
2.409728236,1.398000194,1.226151303,1.251556963,1.114482922,1.101861097,1.138847863,1.069722949
2.414164502,1.399223794,1.226982034,1.251565139,1.114495906,1.102544834,1.140073778,1.06965781
2.419210231,1.400833232,1.228307697,1.252523274,1.114254079,1.102776524,1.140594798,1.069630278
2.424511971,1.402519514,1.229508061,1.252523469,1.11499666,1.1030163,1.141090288,1.069702908
2.430618861,1.404241778,1.230795817,1.253990244,1.115485435,1.103392804,1.141342269,1.069732245
2.436501632,1.405958754,1.231901247,1.254516892,1.116213094,1.103914094,1.142082497,1.069797652
2.441979211,1.407543074,1.233107299,1.255488385,1.11694202,1.104193563,1.142083775,1.069664863
2.446859165,1.409140073,1.234216751,1.255972147,1.116701368,1.104457331,1.142331895,1.069739523
2.449305187,1.410523008,1.235671407,1.256227353,1.117669962,1.104841771,1.143313136,1.069937053
2.450979357,1.412053844,1.237010835,1.256229435,1.117429231,1.104685122,1.144054186,1.070091891
2.453038497,1.413611489,1.238172318,1.256971479,1.117932582,1.104588436,1.144795073,1.070240887
2.455084828,1.415218486,1.23928844,1.257690745,1.118176779,1.104536581,1.145534489,1.070464311
2.45712001,1.41671312,1.240444502,1.258666644,1.119389583,1.104375492,1.146520622,1.070746208
2.45854179,1.418139101,1.241629282,1.259876316,1.11987985,1.104231748,1.146520754,1.070757653
2.460654449,1.419794185,1.242697936,1.260599539,1.121101442,1.10419704,1.147028337,1.070823225
2.463336481,1.420742763,1.244053438,1.261350704,1.122557592,1.103841855,1.147770148,1.071117807
2.408772694,1.415280698,1.241164806,1.251553232,1.11869319,1.102588142,1.142380053,1.070848129
2.354525068,1.409951771,1.238301208,1.241526082,1.114601648,1.101426079,1.137478997,1.070847623
2.301036187,1.404674441,1.235416494,1.232489722,1.110734056,1.100206839,1.132336092,1.070713933
2.2479696,1.399460534,1.232443358,1.222966719,1.106631769,1.099024712,1.127445433,1.070588335
2.195315609,1.394082397,1.229475302,1.212974994,1.103011615,1.097874516,1.121577299,1.070551343
2.143108018,1.388716472,1.226502828,1.202508575,1.098910126,1.096642234,1.115253023,1.070491704
2.069164874,1.370551989,1.216815964,1.189916614,1.093117428,1.093635159,1.108421707,1.069277976
1.997081913,1.351771824,1.206144143,1.176395192,1.087815807,1.090415069,1.101827717,1.067661692
1.925987234,1.333159115,1.19580791,1.164314616,1.081548215,1.08724545,1.095239027,1.066160537
1.855287023,1.314972894,1.185717719,1.151793727,1.076500984,1.084037146,1.088668348,1.064639369
1.785349138,1.296896624,1.175639062,1.139985844,1.0712137,1.080640183,1.08260021,1.063120455
1.716176225,1.27927108,1.165552238,1.127502833,1.065686705,1.077359722,1.077029506,1.06168166
1.648282551,1.261983198,1.155613837,1.114546498,1.060636954,1.074212119,1.070460434,1.060161613
1.579345113,1.244441721,1.145549011,1.101841609,1.054407326,1.070529711,1.064393454,1.058564005
1.509420953,1.226219062,1.135688377,1.089625408,1.049362885,1.067223979,1.057360252,1.056592321
1.440109443,1.208339336,1.125820126,1.076729892,1.044803344,1.063965597,1.050824269,1.054564845
1.371203921,1.190664351,1.116153614,1.063844878,1.03952792,1.060682088,1.044513847,1.052612846
1.303043683,1.173214212,1.106584723,1.051219383,1.03425428,1.057438341,1.037006491,1.050580189
1.236121469,1.156093615,1.096936942,1.037903634,1.028742383,1.054210408,1.029739962,1.048540268
1.168933445,1.139276879,1.087608981,1.024614968,1.022760757,1.050824023,1.022239146,1.046585418
1.103464663,1.122868656,1.077992666,1.012517033,1.016074655,1.047912306,1.015464659,1.044352981
1.086163659,1.111002491,1.071699207,1.009499914,1.014883514,1.046147671,1.014019304,1.042487107
1.068871854,1.099228643,1.065327404,1.007430427,1.013448343,1.044304178,1.012822083,1.040588434
1.05161246,1.087667977,1.059174705,1.004661272,1.012495402,1.042490259,1.011881323,1.038793749
1.034755198,1.076174582,1.053104886,1.002359323,1.011547659,1.04063503,1.0109151,1.037221325
1.017922745,1.064936167,1.047077641,1.000285466,1.010115856,1.038895188,1.010916024,1.035347755
1.001052215,1.053789123,1.041069634,0.998695935,1.009399633,1.037132504,1.010190801,1.033664701
0.999622836,1.051832328,1.040452609,0.998931115,1.009408424,1.036650169,1.01021264,1.032627626
0.998982513,1.050585586,1.040564263,0.998932732,1.00940994,1.036146119,1.010467597,1.031945354
0.998021611,1.049341237,1.040516172,0.999421685,1.010372551,1.035586702,1.0099918,1.031211221
0.997225216,1.047961097,1.040485774,0.999192297,1.010133545,1.035218258,1.009996243,1.030480496
0.996782891,1.046640287,1.04041318,0.999193094,1.009899813,1.034761552,1.009532519,1.02955528
0.995988072,1.045470754,1.040538432,0.999194766,1.010150419,1.034261841,1.008822634,1.028740195
0.995224872,1.044126584,1.04044948,0.999689992,1.010153125,1.033707349,1.009073668,1.027974993
0.994594724,1.042688847,1.040362534,1.000392006,1.010395394,1.034070017,1.008601577,1.027304795
0.994453335,1.042173194,1.040344523,1.000175755,1.010874075,1.034469303,1.009575892,1.026997946
0.994293015,1.041578263,1.040307864,1.000181584,1.010635094,1.03473655,1.009821898,1.026601783
0.994300523,1.040945991,1.040302112,1.00044167,1.011117314,1.03505517,1.010795475,1.026085687
0.994318515,1.040393366,1.040283708,1.000218403,1.011126056,1.035376208,1.011041325,1.025778363
0.993846109,1.039793544,1.040276965,1.000936399,1.011844279,1.035862366,1.012023963,1.025604582
0.994182272,1.039297457,1.040342417,1.001638272,1.012567742,1.03639677,1.01275413,1.025153445
0.994053441,1.039408675,1.040787011,1.001173623,1.012813617,1.036713595,1.013035163,1.025060144
0.993666132,1.040176024,1.041309348,1.00190353,1.012576799,1.037000353,1.013295415,1.024957072
0.993202972,1.040847515,1.041844307,1.001438829,1.012818968,1.037178457,1.013061171,1.024976416
0.992400681,1.041520179,1.042326955,1.00121449,1.011862553,1.037328872,1.013075428,1.024873369
0.992104713,1.042193469,1.042738528,1.000751407,1.011630492,1.037486492,1.012353676,1.024664329
0.991957829,1.042874608,1.043175536,1.001233789,1.011631988,1.037570961,1.011879307,1.024714484
0.99127374,1.04368376,1.043727838,1.00123919,1.010926091,1.037909108,1.012126751,1.024580207
0.991301571,1.04302313,1.044622991,1.002169343,1.011644222,1.038278799,1.012137932,1.025054913
0.991501144,1.042338615,1.04489907,1.002416259,1.011891423,1.039228809,1.011901033,1.025119916
0.991675383,1.041682477,1.045018726,1.001981468,1.01117727,1.040127156,1.011674594,1.025079043
0.99119342,1.041015464,1.045243595,1.001752142,1.011180942,1.041059502,1.011195411,1.025094388
0.990754755,1.040384332,1.045610782,1.001061035,1.011184131,1.04199467,1.010241607,1.025193912
0.990688285,1.039576758,1.045811496,1.001534905,1.011428975,1.04293028,1.010991719,1.025270044
0.990880297,1.039039869,1.046093476,1.001783133,1.0114321,1.043867372,1.011238667,1.025408296
0.990892238,1.039472021,1.04641326,1.001318216,1.011194911,1.044059686,1.011026794,1.025398309
0.990892944,1.039935767,1.046939193,1.001789159,1.011456989,1.043902865,1.010802147,1.025499247
0.990898119,1.040357907,1.047434603,1.002266842,1.011466154,1.043741929,1.010829811,1.025630986
0.99122456,1.040783286,1.047970536,1.002990507,1.011944927,1.043545093,1.009868018,1.025871858
0.991715936,1.041239465,1.048404035,1.004154596,1.012434776,1.043375207,1.010352903,1.025994445
0.992236757,1.041776536,1.049227142,1.004648866,1.012446587,1.043158072,1.009872156,1.026138392
0.992408032,1.042201932,1.049657068,1.004898471,1.012686122,1.042837807,1.009919742,1.026373843
0.992109292,1.041492245,1.049680188,1.005829163,1.012447372,1.04278737,1.009946429,1.02638178
0.991792477,1.040949401,1.049426259,1.004909178,1.012703848,1.042484013,1.009950615,1.026331072
0.991635882,1.040290116,1.049337142,1.004689469,1.01270472,1.042194662,1.009951005,1.026246445
0.992063609,1.039532208,1.04927695,1.004698508,1.013443141,1.041896129,1.009711315,1.026297545
0.991431877,1.038784013,1.049149861,1.004941821,1.013443756,1.041623443,1.009733456,1.026191352
0.990998521,1.038115343,1.048994842,1.003779475,1.012968048,1.04134109,1.009254823,1.025953965
0.990847449,1.037270165,1.04871931,1.003342472,1.012979458,1.040934251,1.009034093,1.025768786
0.991058789,1.037488667,1.048015191,1.00245749,1.012263003,1.040796623,1.009283134,1.025652426
0.991240221,1.037851734,1.047761922,1.002474934,1.012743852,1.04067423,1.009047967,1.025519593
0.991241198,1.038173027,1.047497258,1.00201669,1.013462995,1.040695037,1.009549675,1.025369256
0.991580351,1.038479177,1.047311265,1.002020374,1.013717471,1.04059566,1.009795011,1.025146678
0.991927836,1.038838541,1.047054289,1.002517405,1.013966657,1.040576488,1.010762673,1.025098064
0.992267223,1.039294797,1.046843889,1.00205515,1.014460356,1.040494802,1.010283533,1.02499246
0.992114349,1.039572203,1.046623975,1.001834632,1.014226352,1.040391847,1.010289606,1.02463555
0.99215088,1.039812609,1.046447916,1.002543686,1.014227149,1.039681401,1.010535614,1.024802157
0.991992433,1.039132059,1.046112056,1.003245031,1.013749357,1.039697279,1.011031542,1.02464674
0.991541948,1.03851823,1.045612592,1.002786805,1.01375018,1.039544692,1.011032728,1.024535246
0.990746105,1.037942084,1.045322572,1.002585616,1.012797828,1.039356693,1.01128056,1.024490352
0.989785904,1.037198255,1.044891243,1.001676493,1.012807081,1.039105615,1.011771289,1.024335801
0.989327207,1.03646945,1.04444712,1.000995166,1.012329425,1.039065552,1.011532277,1.024212579
0.989236038,1.035842464,1.044080918,1.000536644,1.012100832,1.0389728,1.011806868,1.023935774
0.989086419,1.035702226,1.043880622,1.000785237,1.012583383,1.038727253,1.011820674,1.023785384
0.989591927,1.035054455,1.043869096,1.001726654,1.012345425,1.038954618,1.012069938,1.023783225
0.989922227,1.034409208,1.043817583,1.003130263,1.012372875,1.039033943,1.012365406,1.023643774
0.989672782,1.033769985,1.043662377,1.003851798,1.013093707,1.039174303,1.012126015,1.023661004
0.989360216,1.03314514,1.043549319,1.004605266,1.012859553,1.039320623,1.012651205,1.023593157
0.989231754,1.032457425,1.043285856,1.005537767,1.014070869,1.03954098,1.013383956,1.023594171
0.989258385,1.031840781,1.043233693,1.00554516,1.014796064,1.039706104,1.013641287,1.023438727
0.98911352,1.031978744,1.043561919,1.006020326,1.015514653,1.039567779,1.013182716,1.023037847
0.989121427,1.03191997,1.04388185,1.006967957,1.01575931,1.039124423,1.012953433,1.023090844
0.989448987,1.03188693,1.04426902,1.008134405,1.0155274,1.038564142,1.013202696,1.023165551
0.989325113,1.031823092,1.044481812,1.008383015,1.015294904,1.038276943,1.01369072,1.023192728
0.989604799,1.031814461,1.044800292,1.007932363,1.015060704,1.037794371,1.013208383,1.023128756
0.989470663,1.03164377,1.045012831,1.00724318,1.014104415,1.037296333,1.013212836,1.023008629
0.989382648,1.031472907,1.045437461,1.007246502,1.01410602,1.037098876,1.013713307,1.023160922
0.988908888,1.03087605,1.045818433,1.007030932,1.014347933,1.037431182,1.01347227,1.022997137
0.988775661,1.031044744,1.046220184,1.006811994,1.015072024,1.037438519,1.012992764,1.02309231
0.989447571,1.031205085,1.04666503,1.007513011,1.015558908,1.037446152,1.013236068,1.023013295
0.989814737,1.031490894,1.04688024,1.007286845,1.016045715,1.037397008,1.013014606,1.022949545
0.99065041,1.03184931,1.047204311,1.006832201,1.016532403,1.037477251,1.012301295,1.022811644
0.990997716,1.032022376,1.047438403,1.007089917,1.017019961,1.037304989,1.01231716,1.022758157
0.99085159,1.032842452,1.048190047,1.006877188,1.016547812,1.036822227,1.012320487,1.022515302
0.991372784,1.033503062,1.048346385,1.006715542,1.017032355,1.036469224,1.012574268,1.022368585
0.991377942,1.034372022,1.04836038,1.006020281,1.017522135,1.035758202,1.012091373,1.022219906
0.991273268,1.035301513,1.048222129,1.00532388,1.017762438,1.035171866,1.011613803,1.022185557
0.991602616,1.036169688,1.048173312,1.005324271,1.017553001,1.034624293,1.012824982,1.022189978
0.992089273,1.037148792,1.048564871,1.005098267,1.018271659,1.034080298,1.012826868,1.02208898
0.991775724,1.038167123,1.048570193,1.005102012,1.017320131,1.033781617,1.01260764,1.022045617
0.991525402,1.038690241,1.048325188,1.005584674,1.017105402,1.033665695,1.011903671,1.022147927
0.9912138,1.038551665,1.047923053,1.004889351,1.016628231,1.033775012,1.011904012,1.022235652
0.99026111,1.03844472,1.047679362,1.003730055,1.015679933,1.034049931,1.01142426,1.022151625
0.989812594,1.038370638,1.047403888,1.003052318,1.015932551,1.034504034,1.011674425,1.022140851
0.989832761,1.038077528,1.047071253,1.003071089,1.016174828,1.034830536,1.010951448,1.022295796
0.989029994,1.037918213,1.046644489,1.003311705,1.016176459,1.035140441,1.011681276,1.022367631
0.988557469,1.037452082,1.046504323,1.003787341,1.01594078,1.035581836,1.011443392,1.022321359
0.988243823,1.037051788,1.04624837,1.004040398,1.016419451,1.0355079,1.010490464,1.022348427
0.988277836,1.036822157,1.046055521,1.003607775,1.016180811,1.035424714,1.010008781,1.022410567
0.988126627,1.036460406,1.0457722,1.003609074,1.015705733,1.035271316,1.01025051,1.022333512
0.987337784,1.03607614,1.045524541,1.003164589,1.015487002,1.035224823,1.010013208,1.022309059
0.987026411,1.03560975,1.045345265,1.003866124,1.015965828,1.035180873,1.010021202,1.022368703
0.986384427,1.035354703,1.045198154,1.004585468,1.015490391,1.035082721,1.010523402,1.022483934
0.985745349,1.035405863,1.045214859,1.004593423,1.015016852,1.035108528,1.010535311,1.022293147
0.985938469,1.034835059,1.04467478,1.005304948,1.015259043,1.035804536,1.010541336,1.022387161
0.985661093,1.034532783,1.044567502,1.005087585,1.01454134,1.036480927,1.010301931,1.022525889
0.985667049,1.034144757,1.044416212,1.006023534,1.014303613,1.037267604,1.011042662,1.02252659
0.985828936,1.033770235,1.044319892,1.006032721,1.01382646,1.038024404,1.011295094,1.022510929
0.985204374,1.033569083,1.044242849,1.005803886,1.013111586,1.038817226,1.01032971,1.022432845
0.985054288,1.033191446,1.044169808,1.005108762,1.012399043,1.039486011,1.009858175,1.022445361
0.984906746,1.032572149,1.044424928,1.005844452,1.013355817,1.03955872,1.010342703,1.022527518
0.985399177,1.032493524,1.044647916,1.005616144,1.013596644,1.039181715,1.011094958,1.02250698
0.985769826,1.032502217,1.044870344,1.005871985,1.013839194,1.038684156,1.011114697,1.022477096
0.986111061,1.032480881,1.045061541,1.006581578,1.013840008,1.038254684,1.012338027,1.022438973
0.985830779,1.032538517,1.045218776,1.006816969,1.013601725,1.037748226,1.012342348,1.022299794
0.985536323,1.032628871,1.04543242,1.007290381,1.013139297,1.037336088,1.012829261,1.022113431
0.985867811,1.032967136,1.045886675,1.0077873,1.01361879,1.037081521,1.012834213,1.022023327
0.986054246,1.032995687,1.046283735,1.008045192,1.01386004,1.036880591,1.013089323,1.022056138
0.986334721,1.033429565,1.046620108,1.007582338,1.013395159,1.037002833,1.012857911,1.021966763
0.986532726,1.033477156,1.047063567,1.008051418,1.013396323,1.037058807,1.01359913,1.021977807
0.986558509,1.03353665,1.047636536,1.008052543,1.013159162,1.037261706,1.012917209,1.021908819
0.986918544,1.033604062,1.048229023,1.007356628,1.013399632,1.037366002,1.012437721,1.021808172
0.987151783,1.033958534,1.048664644,1.0064415,1.012686188,1.037544169,1.01292501,1.021626277
0.987480609,1.034140809,1.048859741,1.00598903,1.012926691,1.037753367,1.012199853,1.021526267
0.988124252,1.03381953,1.049131114,1.006463349,1.013177914,1.0379671,1.012928903,1.021596546
0.98765918,1.033416387,1.049409557,1.006263107,1.013180281,1.038001381,1.013176234,1.021563731
0.987665589,1.032989307,1.049671606,1.006272148,1.013432109,1.038003141,1.013672521,1.021456621
0.987206583,1.032655219,1.05006342,1.006059686,1.013448444,1.038075588,1.013928838,1.021510968
0.986911407,1.032629687,1.050778829,1.006063707,1.014169025,1.038029788,1.013942124,1.021742787
0.9875671,1.032831362,1.051346397,1.005147269,1.014658918,1.037907296,1.01418565,1.021967042
0.987930973,1.03303253,1.051913209,1.005648538,1.015616087,1.037916518,1.014676652,1.022089596
0.98858124,1.033511438,1.052236946,1.004255802,1.015151483,1.038161901,1.013959652,1.02222679
0.9887514,1.034005996,1.052875573,1.004488874,1.015153649,1.038729158,1.01347722,1.022436693
0.988975538,1.034351241,1.053302836,1.004281174,1.014916892,1.03919568,1.013235946,1.022769273
0.988659965,1.034501485,1.05368284,1.003824916,1.015395386,1.039829697,1.012757463,1.022941504
0.98914537,1.034491098,1.054204572,1.003614724,1.015402029,1.04040275,1.012278648,1.023298769
0.989308272,1.034388251,1.054750239,1.003155176,1.015652198,1.041080446,1.012520775,1.023522716
0.989195862,1.034006178,1.054983117,1.002719554,1.015898249,1.041594339,1.012282574,1.023688556
0.989417754,1.034179186,1.055184192,1.003425375,1.016378346,1.041876778,1.012284886,1.02427899
0.989919854,1.034322095,1.055361812,1.00366331,1.016859763,1.042224277,1.012305492,1.024584774
0.989948492,1.034659417,1.055046041,1.00345024,1.017101667,1.042678172,1.012554111,1.024721875
0.990041687,1.035483515,1.055028555,1.003023078,1.016157476,1.042700491,1.012579105,1.024987336
0.990525877,1.036093754,1.055062548,1.003490719,1.015441071,1.042718432,1.013324578,1.025353183
0.9911854,1.036741669,1.054992567,1.003959104,1.015681056,1.042724362,1.012851861,1.025508118
0.991036975,1.037382775,1.05517382,1.00395912,1.014967705,1.042564848,1.013101247,1.025709521
0.990723913,1.038136039,1.055374605,1.00327526,1.01546049,1.042528146,1.012629629,1.025949199
1.061484862,1.048346381,1.061372541,1.019810195,1.023843466,1.043153626,1.018926574,1.026646984
1.133618333,1.063575271,1.070447138,1.034039196,1.030793159,1.044632588,1.024254675,1.027635255
1.207554476,1.078814979,1.079431756,1.049689951,1.037995801,1.046014749,1.029825459,1.028637372
1.281889683,1.094155595,1.0882269,1.064896963,1.043757089,1.047479808,1.036129211,1.029357827
1.356647007,1.109392432,1.097190815,1.081080625,1.050977063,1.049027472,1.041966408,1.030202147
1.432828371,1.124980285,1.106124441,1.096581954,1.05770862,1.050539505,1.047801993,1.031108517
1.518178207,1.142802846,1.113186442,1.114234399,1.06517361,1.054095156,1.060448139,1.033355978
1.606714731,1.160386143,1.119588177,1.131925968,1.073843403,1.057989529,1.073824296,1.035459615
1.696125416,1.178464165,1.125961342,1.149638539,1.082780385,1.062071958,1.087471249,1.037567561
1.787513172,1.197064481,1.132535225,1.166691716,1.090496819,1.066032154,1.100897263,1.03973976
1.879723325,1.216396214,1.139057996,1.183518667,1.098701211,1.069925972,1.114584602,1.042035614
1.973596131,1.235886085,1.145516733,1.201349769,1.107399841,1.073777023,1.127799378,1.044272402
2.069462703,1.254785275,1.151385197,1.21824311,1.115388772,1.077984292,1.144463463,1.046880481
2.17005615,1.273803503,1.157375729,1.235404382,1.123390514,1.082053264,1.16190347,1.049496296
2.271375869,1.293123109,1.163546333,1.253325495,1.131625669,1.086048571,1.179863956,1.052325985
2.374880286,1.312586143,1.170169514,1.27055933,1.139869969,1.090041951,1.19736375,1.0550569
2.480611783,1.331689457,1.17644312,1.288099842,1.149100691,1.094291721,1.215139548,1.057914972
2.586389492,1.351251135,1.182722656,1.305894367,1.157611316,1.098583815,1.231959691,1.060562422
2.692146748,1.369564712,1.18933168,1.323477718,1.166119894,1.103041893,1.252030018,1.06369003
2.805561674,1.388474438,1.195579051,1.340860805,1.175371822,1.107495681,1.271397708,1.066736055
2.920882879,1.407648381,1.201950078,1.358742061,1.183900244,1.112024171,1.291309162,1.069605754
2.942419778,1.413961488,1.201455732,1.358267695,1.185365367,1.115678339,1.303529621,1.071961218
2.962689829,1.413164119,1.197777926,1.360722894,1.187316045,1.118432741,1.316757638,1.074133535
2.982262186,1.412443961,1.193887875,1.361694753,1.189027591,1.121283716,1.330022538,1.076333566
3.000230733,1.411093672,1.190037518,1.363154918,1.190978002,1.123694615,1.345549083,1.078575908
3.023320513,1.409342658,1.186584985,1.365096059,1.191715328,1.126061671,1.360841325,1.080751377
3.045804438,1.407430757,1.18323935,1.366793374,1.191959845,1.12842102,1.376182506,1.083066827
3.058197432,1.403186521,1.182178699,1.366077312,1.192448601,1.128773175,1.38448717,1.084080144
3.068384369,1.399670122,1.181763648,1.365363184,1.191722076,1.128672928,1.392054175,1.085037418
3.078815146,1.395912515,1.181402607,1.364883221,1.191742536,1.128514939,1.399868974,1.086145737
3.091963226,1.392091777,1.181349323,1.364653907,1.191255035,1.128161537,1.407180387,1.087133004
3.101761429,1.388005873,1.181380216,1.364682906,1.190289641,1.12801642,1.415516145,1.088264238
3.111785486,1.383998334,1.181624352,1.364220427,1.188830807,1.12774728,1.424871494,1.089374353
3.12094343,1.381170554,1.182551958,1.364959884,1.188115408,1.127335349,1.429939443,1.090116119
3.126769281,1.378382802,1.183233586,1.363993549,1.188115742,1.127014617,1.434287681,1.090525215
3.132826335,1.3755756,1.183754781,1.362797829,1.187166368,1.126764978,1.438846734,1.090994321
3.144545589,1.372628874,1.184402454,1.363291376,1.187170458,1.126786374,1.4436545,1.091833622
3.15554406,1.36969431,1.184868151,1.364020192,1.187658382,1.12684382,1.449225842,1.092443349
3.167664427,1.366733205,1.185148107,1.364751194,1.18815533,1.126957202,1.454800945,1.093446948
3.181846617,1.36537289,1.185333806,1.365255522,1.187915346,1.126960573,1.458106004,1.093897356
3.190193207,1.363746156,1.18593184,1.365503844,1.187671937,1.127067123,1.462177481,1.094424938
3.198994038,1.362161982,1.186476185,1.36599873,1.187919154,1.126997689,1.466248264,1.095077298
3.207137262,1.35944953,1.187271446,1.366504524,1.186948466,1.126960416,1.469561275,1.095807043
3.208950115,1.356470958,1.187761852,1.367236625,1.185979158,1.126782095,1.474413646,1.09667228
3.210855934,1.353622743,1.188271254,1.367964771,1.185979767,1.126646345,1.478740457,1.097376682
3.214938898,1.35123567,1.188763845,1.369423741,1.186469822,1.126872939,1.480776561,1.097999667
3.214043883,1.34942146,1.188956934,1.369669524,1.186960343,1.127163353,1.483576919,1.09880111
3.213691535,1.347564451,1.189243082,1.370201564,1.187708593,1.127454002,1.486119926,1.09930131
3.218749179,1.345285641,1.189189123,1.370976785,1.187959484,1.127298409,1.488409469,1.099922881
3.226943359,1.342816249,1.188853167,1.371950095,1.187475175,1.12713626,1.488409957,1.100562397
3.23488088,1.340361372,1.188362991,1.372712537,1.186505822,1.127197562,1.487906916,1.101066282
3.24012454,1.337889821,1.187678263,1.374421565,1.186520154,1.12737231,1.488422449,1.101590115
3.248527887,1.335733324,1.18677549,1.375891917,1.186773198,1.127376775,1.486916466,1.102154834
3.256499927,1.333545588,1.186014563,1.377107634,1.187035296,1.127523229,1.485138057,1.102392138
3.263354664,1.33139852,1.184686677,1.377129089,1.187533879,1.127621673,1.485922296,1.102634652
3.271367135,1.32893602,1.183118581,1.378372939,1.18729792,1.127567515,1.486433958,1.103101471
3.279576911,1.326481043,1.181600892,1.379343999,1.187545313,1.127595502,1.486949172,1.103653318
3.281884416,1.324301391,1.180038846,1.379829576,1.186814847,1.12721194,1.486198983,1.103839211
3.28417246,1.322021458,1.178815619,1.379588857,1.186088676,1.126776681,1.485187548,1.104144711
3.286697382,1.319842628,1.17766835,1.379111989,1.185116835,1.126370012,1.484680314,1.104276169
3.289675859,1.317391622,1.176644939,1.37863065,1.184150966,1.126270858,1.484692416,1.10447423
3.28763883,1.314605388,1.17570404,1.379123856,1.185370855,1.126345449,1.485209722,1.104643389
3.285133574,1.311654867,1.174716042,1.379616474,1.186604724,1.126424194,1.485238852,1.104981337
3.283788535,1.309819664,1.173531024,1.381077699,1.187580879,1.126652807,1.486260702,1.105158252
3.28858717,1.308318908,1.172632563,1.381812658,1.189298635,1.126993506,1.485246476,1.105377099
3.293167328,1.306718221,1.171739911,1.381342443,1.189801405,1.127226088,1.485260389,1.105434783
3.30460692,1.305073503,1.170490518,1.381350315,1.189812265,1.126985705,1.484518111,1.105613513
3.316535353,1.303398381,1.169608215,1.381598538,1.188593717,1.126512545,1.483767984,1.105689316
3.328287297,1.301902917,1.168649039,1.381365764,1.187395281,1.126173765,1.483261737,1.105806401
3.334034212,1.300415404,1.168026215,1.381859606,1.185946438,1.126186331,1.483521506,1.105842725
3.336340523,1.299431231,1.1676991,1.381621028,1.185462029,1.125997131,1.486833246,1.10601071
3.339922154,1.29840581,1.167526462,1.382120015,1.18547605,1.126005767,1.489885578,1.106011282
3.284727359,1.295101145,1.165791733,1.370015041,1.181105179,1.125556334,1.473625356,1.105580034
3.171505994,1.286673504,1.16111384,1.352363739,1.173807147,1.123888586,1.452834469,1.104419063
3.059619888,1.278546206,1.156272401,1.334992463,1.16652408,1.122275701,1.432110315,1.103529813
2.951464738,1.27039562,1.152086025,1.318398831,1.158515251,1.120625465,1.409657082,1.102501529
2.843005261,1.262364912,1.148097917,1.300857048,1.151230882,1.119006692,1.387497284,1.101554016
2.736010562,1.254415719,1.14414269,1.284543437,1.143950877,1.117389524,1.364383249,1.100254421
2.615295845,1.241555515,1.137872639,1.265884219,1.135714287,1.11435728,1.341336365,1.097801094
2.496073763,1.228683299,1.131844366,1.247491319,1.127719882,1.111381615,1.319084702,1.095160993
2.379114087,1.216078036,1.125723588,1.229131565,1.119257514,1.10832833,1.29664279,1.092539357
2.263580795,1.203610014,1.119533383,1.211271178,1.111277391,1.104889864,1.273274685,1.090233651
2.154273235,1.191749488,1.113257959,1.193214623,1.100657093,1.10133296,1.249202225,1.087613911
2.046787521,1.179921158,1.107027315,1.174023055,1.090045522,1.097692659,1.22520227,1.085128058
1.940645488,1.168056588,1.101232326,1.155561546,1.080410751,1.093540148,1.201738301,1.082244867
1.836397791,1.156338816,1.095621224,1.13713804,1.070786807,1.08936678,1.178831421,1.079325465
1.733657947,1.144700443,1.090122835,1.120455515,1.061170618,1.085311562,1.155000935,1.076360093
1.627539637,1.133268344,1.084809144,1.102374108,1.053020165,1.081711041,1.131725594,1.073476293
1.522646669,1.12181337,1.079249688,1.084530902,1.045356794,1.078244476,1.108992184,1.070572673
1.419225855,1.11057699,1.073846336,1.06651114,1.037685516,1.07491884,1.086303686,1.067594657
1.317808097,1.099776087,1.068280738,1.048975188,1.030494699,1.07157281,1.063185258,1.064428818
1.217826327,1.08935993,1.062825671,1.031475334,1.023551339,1.068219977,1.039654842,1.061329909
1.119292831,1.079045467,1.057399434,1.013304655,1.01541821,1.064795489,1.01641538,1.058090998
1.063855796,1.07069738,1.053119742,1.006798908,1.011592424,1.061684726,1.011352653,1.055549281
1.050584822,1.06647629,1.051508684,1.005415663,1.010887326,1.059615235,1.010634651,1.053559972
1.037794194,1.062273412,1.049931496,1.003796265,1.010410601,1.057596586,1.010411857,1.051559848
1.024710645,1.057816669,1.048567666,1.002184698,1.009937318,1.055499957,1.009209854,1.049521394
1.011787358,1.053113377,1.047219157,1.001745291,1.008982549,1.05336472,1.008985853,1.047558938
0.998837771,1.048635753,1.04593672,1.000136131,1.008745846,1.051125386,1.009007682,1.045616642
0.998066201,1.048026404,1.046657629,1.000619244,1.009714627,1.050175708,1.009977489,1.045082262
0.997777185,1.047553248,1.047429545,1.000888074,1.00948354,1.049213115,1.009980478,1.04460018
0.997138903,1.047123792,1.048115859,1.001377578,1.009726805,1.048349273,1.009740229,1.044142457
0.99652145,1.0464706,1.048710251,1.001378286,1.010222508,1.047959082,1.009021556,1.043587072
0.996214515,1.046149093,1.049264016,1.001388287,1.010939862,1.047457928,1.009021986,1.042972864
0.995605916,1.045790024,1.049774036,1.00281248,1.011185467,1.047041919,1.008792586,1.042370171
0.995183313,1.045546031,1.049914104,1.002351347,1.010950388,1.047196868,1.00880374,1.042189436
0.994881914,1.04543156,1.049940618,1.001894535,1.010475285,1.047199016,1.009045792,1.042269795
0.995388726,1.045557379,1.049811612,1.001207424,1.010238585,1.047344895,1.009288902,1.042143492
0.995402763,1.045942837,1.049853953,1.000978882,1.009761077,1.047465558,1.009060323,1.041791434
0.995740568,1.046197709,1.049594899,1.000987894,1.009762904,1.047692857,1.009306591,1.0413063
0.996416184,1.04635843,1.04935027,1.00169187,1.010483183,1.047832563,1.009310802,1.040801169
0.99716816,1.046299827,1.049511258,1.001931808,1.011445566,1.047790911,1.009553645,1.040705118
0.998147894,1.045921208,1.049782001,1.0021876,1.01146813,1.047999493,1.010042559,1.040505021
0.998635527,1.045536785,1.049808457,1.00195753,1.011710326,1.048209022,1.010056091,1.040363566
0.998482009,1.044899973,1.05000054,1.002198846,1.012445456,1.048367045,1.009823298,1.040073676
0.998652304,1.044190726,1.050278828,1.00270711,1.013405066,1.048987693,1.010556427,1.039942464
0.999135462,1.04332857,1.050408318,1.002721597,1.013651124,1.049504609,1.010315265,1.039523165
0.999162439,1.042792623,1.050419558,1.003237341,1.014369997,1.050092007,1.010335679,1.039373854
0.999815658,1.042608798,1.050409068,1.002784504,1.014386756,1.050833053,1.009856461,1.038973759
1.000149964,1.04237296,1.050337582,1.002785085,1.014391542,1.05171148,1.010350164,1.038786963
1.000655881,1.043151618,1.050235001,1.003276421,1.01415672,1.051675679,1.010359158,1.038476346
1.000681942,1.043306896,1.050100381,1.002835692,1.014401416,1.051830671,1.010120381,1.03806539
1.001018231,1.043258686,1.050025861,1.003310607,1.015363534,1.051936224,1.010135564,1.037709123
1.000867357,1.04367391,1.050016624,1.003776916,1.015607743,1.051641817,1.01135048,1.037524592
1.000716607,1.043805138,1.050075512,1.004246699,1.015372588,1.051407467,1.011593682,1.037313617
1.0008909,1.043874733,1.050206595,1.003797249,1.015373968,1.051152909,1.011850132,1.037227321
1.000747622,1.043760314,1.050428728,1.004294733,1.015143141,1.051210663,1.01233417,1.036864322
1.001085626,1.043545596,1.050652676,1.005000469,1.015864139,1.051522702,1.0118518,1.036579946
1.001107984,1.043060487,1.050891237,1.005235225,1.01586693,1.051806374,1.012339843,1.036275018
1.00100385,1.042221229,1.051167566,1.005480649,1.015629629,1.05203105,1.012846417,1.036322656
1.000733627,1.041685145,1.051619774,1.005722189,1.015637397,1.052205194,1.012853663,1.036226541
1.000421898,1.040992423,1.052113342,1.005286784,1.015165576,1.052402336,1.012376831,1.03609408
1.000461756,1.041008708,1.052292232,1.005315473,1.014690522,1.052488557,1.012870029,1.035937666
0.999759314,1.040914464,1.052422233,1.005344091,1.01445451,1.052275341,1.012398133,1.035802951
0.998986036,1.041013505,1.052564415,1.00606829,1.014221871,1.052029563,1.013139526,1.035607666
0.999147403,1.041281767,1.052502006,1.005838647,1.01446112,1.051898263,1.013393673,1.035485206
0.998827893,1.04177265,1.052579717,1.006342514,1.013987193,1.051303641,1.013878617,1.035279953
0.998510064,1.042326376,1.052464007,1.006343351,1.014227764,1.050693463,1.0141235,1.035310177
0.99819055,1.042900351,1.052906878,1.005903882,1.013521729,1.050231347,1.015091359,1.035153566
0.996907521,1.043234863,1.053494444,1.006370902,1.013522914,1.04980666,1.01558655,1.035101427
0.996437396,1.043589037,1.05403866,1.006621235,1.013290726,1.049323461,1.015605114,1.035182271
0.995638813,1.043145624,1.054679042,1.006395949,1.012816191,1.049632641,1.015620421,1.034972186
0.995318643,1.043206011,1.055305276,1.007156749,1.012816554,1.049802589,1.016349101,1.034874283
0.99500622,1.043249429,1.05597199,1.006724227,1.012103979,1.04992856,1.016596853,1.03493954
0.995369547,1.043367441,1.056199654,1.006725354,1.012348272,1.050012567,1.016142371,1.035037802
0.995049558,1.043470019,1.056578474,1.006521412,1.012112415,1.050181264,1.01591036,1.034835622
0.995073381,1.043513084,1.056858855,1.006073244,1.011883587,1.050482039,1.015913961,1.03468449
0.995562672,1.044087945,1.057111435,1.005842063,1.01188827,1.050508959,1.016160192,1.034740172
0.995495588,1.044592685,1.057468885,1.005845614,1.011410045,1.050304768,1.016899141,1.034652945
0.995348122,1.045243159,1.057689254,1.005157386,1.011663638,1.050066717,1.01617445,1.034694345
0.995110008,1.045742313,1.057654268,1.005167159,1.012152855,1.04992285,1.016442408,1.034590168
0.994797087,1.046206629,1.057871907,1.00516948,1.012401346,1.04944743,1.016448451,1.034780523
0.993833693,1.046773661,1.058036245,1.005642239,1.012880191,1.048994099,1.0169418,1.034874975
0.993056915,1.04684468,1.058416801,1.005645167,1.013131266,1.048704903,1.016234217,1.03481359
0.992736115,1.04675946,1.058865083,1.005188995,1.012895457,1.048649429,1.016237762,1.034738723
0.992773505,1.046734976,1.059411387,1.004743968,1.013135598,1.048548924,1.01527442,1.034694273
0.99245407,1.046543248,1.059978897,1.00499619,1.013136357,1.048647561,1.015032791,1.034601482
0.992792574,1.046694522,1.060739624,1.004781354,1.01338524,1.048619807,1.014578586,1.034602246
0.992821205,1.046946752,1.061522269,1.005024822,1.013386158,1.048647006,1.014336838,1.03447361
0.993187153,1.046954752,1.061624553,1.005735681,1.013386395,1.04849755,1.013634072,1.034457689
0.993834661,1.047380544,1.061601371,1.005280529,1.013626514,1.048359749,1.013421692,1.034553991
0.994324361,1.047809461,1.061692647,1.005521964,1.013873244,1.048270816,1.012949137,1.034447699
0.99481103,1.047567162,1.061431485,1.004601974,1.014143247,1.048249786,1.012707639,1.0343031
0.995295649,1.047242249,1.061171791,1.004616011,1.013665355,1.048203859,1.012226973,1.034153303
0.995136918,1.046916884,1.06099396,1.004633955,1.013907489,1.048075356,1.012488807,1.033923391
0.994835261,1.046546255,1.061155336,1.004169219,1.01368119,1.047933058,1.011764629,1.033738281
0.995162351,1.04625487,1.061213852,1.004402769,1.01417203,1.047888439,1.011764699,1.03369445
0.995357131,1.045885958,1.061265303,1.005363173,1.014897282,1.047559119,1.012270396,1.033690014
0.995592733,1.045659098,1.061377004,1.005829803,1.015379209,1.047150729,1.012523896,1.033433577
0.9955946,1.045315181,1.061501686,1.005367957,1.01561899,1.047100519,1.012049008,1.03291658
0.995624959,1.044959413,1.061578225,1.005374027,1.015622508,1.047039991,1.012314471,1.032797515
0.996118605,1.044641363,1.061845216,1.005655568,1.01562945,1.046784642,1.012559884,1.032558129
0.996539011,1.044203762,1.061921398,1.00544478,1.015870274,1.046839716,1.012320495,1.032304613
0.997667615,1.043760373,1.062031468,1.005683633,1.015891202,1.046964432,1.012570112,1.031960604
0.99781821,1.043318542,1.061920682,1.004530192,1.015653392,1.046685952,1.012573457,1.031719182
0.998177925,1.042574201,1.061647651,1.00431242,1.015672805,1.046902463,1.012823816,1.031543971
0.998502158,1.042001971,1.061299511,1.005011426,1.015913756,1.046909848,1.013307463,1.031343582
0.998519699,1.041335089,1.06091556,1.005014896,1.015440653,1.046785756,1.013070188,1.031410521
0.998367015,1.040345812,1.06043916,1.004789683,1.014967092,1.04678593,1.012587927,1.031158032
0.998395844,1.039461244,1.059981965,1.00503784,1.014734833,1.046741872,1.012348362,1.03096406
0.998396058,1.03854216,1.059402752,1.005044253,1.015213714,1.046699828,1.012610785,1.030708773
0.998079076,1.038254527,1.05912269,1.005780997,1.014982673,1.046612645,1.012387938,1.030442088
0.997791927,1.037815913,1.05879255,1.005788987,1.014743505,1.046430869,1.012412221,1.030235471
0.997632267,1.038303876,1.058586911,1.006789314,1.014749154,1.046316149,1.012902502,1.030222883
0.997641919,1.038809792,1.058449451,1.007273401,1.015496069,1.046205372,1.013162462,1.030168655
0.99818427,1.039349721,1.058200002,1.007283925,1.015744168,1.046181654,1.013404581,1.03013532
0.998044295,1.039317255,1.057760429,1.006830116,1.015273832,1.046395168,1.013663731,1.029978894
0.99839529,1.039670788,1.0577546,1.007067188,1.015520119,1.046454741,1.014400814,1.02999821
0.99873358,1.04009356,1.057719862,1.006862873,1.0145651,1.046639491,1.013677467,1.030117077
0.998759527,1.040203489,1.057631923,1.007111064,1.014808148,1.046847328,1.013195514,1.03013206
0.998958919,1.040558832,1.057393287,1.007117818,1.014569227,1.046777975,1.013444353,1.03045925
0.999437397,1.040886667,1.057309306,1.008760925,1.014815497,1.046751648,1.013456186,1.030511984
0.998655063,1.041430749,1.057480412,1.008534416,1.014577863,1.046667677,1.012998034,1.030622947
0.998353646,1.041433334,1.057638521,1.008797132,1.014127074,1.046616903,1.012517939,1.03093062
0.997574165,1.041489427,1.057800707,1.008101628,1.013900787,1.046625952,1.012328329,1.03112225
0.997736233,1.041543476,1.058040322,1.00904548,1.014159242,1.047011575,1.012812504,1.031322186
0.997429321,1.042011388,1.058599798,1.009307632,1.014400152,1.046961408,1.012827361,1.031495712
0.997155209,1.042264145,1.059135735,1.008857585,1.014400951,1.04691914,1.012834468,1.031562862
0.996838414,1.043073348,1.059538602,1.009092954,1.014880645,1.046883732,1.013086074,1.031618347
0.996413872,1.043575308,1.06016202,1.00955842,1.01512113,1.046905576,1.01357048,1.031698384
0.995537299,1.044012558,1.060837193,1.008867925,1.014645002,1.046866285,1.013835974,1.031755384
0.995085005,1.044463864,1.061568724,1.00911899,1.014167919,1.046921309,1.013849817,1.032061407
0.994951201,1.04435671,1.062142783,1.008665808,1.014173149,1.047089062,1.014576911,1.032309591
0.994492758,1.044289813,1.062797258,1.008434281,1.013936018,1.047140871,1.014827475,1.032365552
0.994177634,1.044196849,1.063408429,1.008680958,1.013951225,1.047620929,1.014600541,1.032601212
0.993722279,1.044326716,1.064229433,1.008215935,1.013713365,1.047886235,1.014144139,1.032776193
0.993791688,1.044341231,1.064985659,1.008451447,1.013714936,1.047959174,1.013661089,1.032684484
0.993958592,1.044748239,1.065988005,1.00892485,1.013717526,1.047715912,1.013667362,1.032886498
0.99349565,1.044804682,1.06647149,1.008466949,1.013248465,1.047651032,1.013201583,1.03287937
0.992854258,1.044928555,1.067023177,1.008008927,1.014215335,1.047450396,1.013450117,1.032897612
0.992389185,1.044519799,1.067226463,1.008246321,1.014223909,1.047661863,1.01345553,1.03309337
0.992194774,1.044396893,1.067606689,1.008484443,1.014466727,1.047799195,1.013464973,1.033170206
0.992064225,1.044253919,1.068054237,1.00802555,1.014709647,1.048033691,1.014190397,1.033181989
0.992767182,1.044060411,1.06822525,1.007799029,1.014479759,1.048509116,1.014452051,1.033140094
0.993261457,1.044263779,1.068365943,1.008269917,1.015204194,1.048871698,1.015427789,1.03314736
0.993932839,1.04446934,1.068492383,1.008812779,1.01520455,1.049236913,1.015437099,1.033147533
0.994278678,1.044816696,1.068621722,1.009045965,1.015229569,1.049397082,1.014721129,1.033060754
0.994458519,1.044731153,1.068529012,1.009749088,1.014517863,1.04970916,1.014723389,1.033036368
0.994310817,1.044631902,1.068433236,1.00975792,1.014056325,1.050199017,1.014724275,1.033099256
0.994660547,1.044394981,1.068448696,1.009998437,1.013581179,1.050843,1.014967756,1.033278571
0.995151515,1.044432329,1.068183172,1.009088637,1.013137613,1.051254385,1.014972346,1.033177975
0.995809824,1.044507992,1.067982856,1.009796406,1.013618557,1.051757303,1.015224962,1.033122239
0.996150872,1.044653166,1.067880096,1.009590673,1.013863707,1.052082543,1.015711023,1.033185397
0.996494345,1.045071694,1.067471952,1.00982553,1.014346459,1.052198182,1.015256696,1.033206499
0.997492456,1.045297389,1.067086098,1.010549085,1.015064737,1.052515169,1.015500831,1.033326188
0.998009332,1.045474477,1.066773167,1.010551773,1.015547131,1.052347865,1.015274764,1.033289633
0.998351286,1.045510202,1.066363473,1.010560062,1.015786571,1.05257192,1.015519185,1.03340179
0.998201654,1.045555897,1.065908277,1.010565268,1.016027461,1.05274272,1.015763952,1.033519007
0.998537143,1.045401664,1.065445494,1.010799315,1.016508746,1.052905519,1.016515168,1.03368957
0.99854191,1.045245428,1.064813204,1.010805349,1.016516311,1.053277951,1.016758797,1.033646989
0.998602329,1.045109053,1.064295414,1.010818255,1.016547672,1.053705412,1.017268709,1.03382214
0.998784184,1.045404434,1.064083786,1.009657039,1.016070387,1.053691677,1.017510607,1.033740533
0.998997631,1.045556987,1.063718446,1.010355392,1.01583536,1.053764666,1.017796619,1.033847387
0.998358616,1.045613953,1.063331751,1.010123294,1.015362276,1.053718744,1.017809348,1.033854871
1.089374091,1.057612084,1.069569479,1.03062396,1.02709369,1.056102391,1.032352361,1.035324331
1.186898824,1.070605658,1.074186568,1.050725237,1.037161519,1.058915076,1.053697867,1.037115663
1.285867485,1.083583203,1.078953175,1.071326649,1.04820214,1.061668121,1.075820695,1.038849247
1.386437427,1.096720054,1.08371566,1.091739694,1.058776951,1.064525833,1.099215145,1.040842422
1.488855941,1.110515712,1.088695033,1.113128325,1.070802382,1.067302002,1.120955977,1.042710581
1.593340339,1.124316284,1.093698174,1.134808186,1.082361282,1.069920848,1.14397342,1.044678015
1.706780619,1.138343461,1.094433657,1.157012888,1.094418371,1.073986444,1.189189104,1.047483358
1.827293614,1.152836414,1.094931427,1.179977639,1.106012093,1.078124728,1.240568313,1.050846521
1.950054261,1.167638176,1.095509058,1.202764187,1.117378785,1.082278543,1.292232879,1.054003135
2.075234397,1.182477763,1.095966327,1.225131755,1.128280782,1.086705047,1.343934386,1.057100311
2.202646126,1.197276844,1.09670507,1.247557109,1.139202757,1.091333532,1.396663894,1.060050805
2.332139719,1.21234168,1.097331572,1.269347878,1.149637798,1.095937958,1.448937405,1.062955847
2.465649735,1.226440706,1.098918587,1.291890066,1.1605742,1.100854834,1.505315539,1.066637147
2.603926688,1.24098725,1.100980109,1.316885835,1.172246832,1.105978876,1.562019485,1.070463135
2.745296945,1.255759089,1.102963528,1.341230935,1.18344925,1.111082607,1.618812491,1.074370068
2.88855829,1.271077129,1.105125488,1.365660443,1.195156936,1.116183051,1.676461201,1.078259978
3.035745874,1.286679524,1.107423722,1.390630086,1.206878,1.12108503,1.733949777,1.082298168
3.186046027,1.302444726,1.109863781,1.415913725,1.21836943,1.125994487,1.792551978,1.086296821
3.343712773,1.317713771,1.112890228,1.43979175,1.231587919,1.130877882,1.850709456,1.090556479
3.508688585,1.333183605,1.116036249,1.463485786,1.243839635,1.135732958,1.906577225,1.094872153
3.677529191,1.348804615,1.119205829,1.487493037,1.255616449,1.140649962,1.962508984,1.099250957
3.712611127,1.348485179,1.11533472,1.490682168,1.255862742,1.142966367,2.003715873,1.10213401
3.740011701,1.347141959,1.113299335,1.493390362,1.257345485,1.14475397,2.037027006,1.104687094
3.768039646,1.346058322,1.111121686,1.496091405,1.258332496,1.146635193,2.069910219,1.107189848
3.793692723,1.344719179,1.109637696,1.499534137,1.259565478,1.148417069,2.09964656,1.109639712
3.822625003,1.343603082,1.10792612,1.501499381,1.260302938,1.150047921,2.130289271,1.112370748
3.85068843,1.342534036,1.106205041,1.503219045,1.261290273,1.151808707,2.159664843,1.115114603
3.868479216,1.341869367,1.108993289,1.504204845,1.261539026,1.152175842,2.16430015,1.116688331
3.879883441,1.340426653,1.111915614,1.504945522,1.262776448,1.152429921,2.162669256,1.118072791
3.891530894,1.338978555,1.114773244,1.505729486,1.263514768,1.152562666,2.160503672,1.119492607
3.912425476,1.336999833,1.117697848,1.507456023,1.264006298,1.153070931,2.157813314,1.121169965
3.928173405,1.33496827,1.120875371,1.508685634,1.264509117,1.153586409,2.157843908,1.122850632
3.943896396,1.332941795,1.124082836,1.509915319,1.265250476,1.15413428,2.157571771,1.124467573
3.958668403,1.332377316,1.126377225,1.51090469,1.265526061,1.1542755,2.154059103,1.125436706
3.970703392,1.331395618,1.128140975,1.509488248,1.265527957,1.154286459,2.15053209,1.126021003
3.982768292,1.330473856,1.130136769,1.508997255,1.266026352,1.154353616,2.14700652,1.126766498
3.993579608,1.329468942,1.132598984,1.508519437,1.266274436,1.154301798,2.141569846,1.127415392
4.006201433,1.328557029,1.134838192,1.508288049,1.266526515,1.154155465,2.133693572,1.128355995
4.018803867,1.327608014,1.137074146,1.508541687,1.26726677,1.153940057,2.125551742,1.129250579
4.026880666,1.327633526,1.138631297,1.510520005,1.266780077,1.153861872,2.118232016,1.129808128
4.031194727,1.327662602,1.139946322,1.511506082,1.267028566,1.153820998,2.112821739,1.130300513
4.035835722,1.327700573,1.141285195,1.512308933,1.266789714,1.153720249,2.107685309,1.130745319
4.044529871,1.327175816,1.142689498,1.513056188,1.266057062,1.153858719,2.099571121,1.131147129
4.051112419,1.32667493,1.144020252,1.513071717,1.26532286,1.153954296,2.094159431,1.131476825
4.057723727,1.326259869,1.145593349,1.513099309,1.264599065,1.154031126,2.089574081,1.131913186
4.066634959,1.325934633,1.146302568,1.512865068,1.264364141,1.15423573,2.087698859,1.132342097
4.073039552,1.325219294,1.147214923,1.513145009,1.263630211,1.154407832,2.086635834,1.132533832
4.079659982,1.324647148,1.148157404,1.513638655,1.26340066,1.154666293,2.085018745,1.13260469
4.091408751,1.324226997,1.149343238,1.513911349,1.2604594,1.154540111,2.079350942,1.132729812
4.101121472,1.323430727,1.150471719,1.514649069,1.259232014,1.154420433,2.073682851,1.132867962
4.110078816,1.322609831,1.151596444,1.515152359,1.258992112,1.154346842,2.068021145,1.133103173
4.110110449,1.322258784,1.152611245,1.514932527,1.259239282,1.15384829,2.063166389,1.132951656
4.115984798,1.321882525,1.153409731,1.515428144,1.258748952,1.153349256,2.055083272,1.133199211
4.121891306,1.321649965,1.154237931,1.516200359,1.258752316,1.152995103,2.047002187,1.133150955
4.124216253,1.321315393,1.155437634,1.517430978,1.259985234,1.152974289,2.038935981,1.133038564
4.133755207,1.3212508,1.156865957,1.51818048,1.260734241,1.152919166,2.032233562,1.133128674
4.14247861,1.321296042,1.158161345,1.518456349,1.260006317,1.152925059,2.025527202,1.132999498
4.153264508,1.321566484,1.158990794,1.518955272,1.259763205,1.153057263,2.020155183,1.133010159
4.161783812,1.321375118,1.159955948,1.518712514,1.259769204,1.153352155,2.018025619,1.132801118
4.17053163,1.321557104,1.160880322,1.518232102,1.259525932,1.153665201,2.014539417,1.132597064
4.182376407,1.322092111,1.1626855,1.518972878,1.258308437,1.154013095,2.016967879,1.132549951
4.188100122,1.322673389,1.164243819,1.519472092,1.258806134,1.154280479,2.019133305,1.132630542
4.194350707,1.323277144,1.16574156,1.520463372,1.260289442,1.154560561,2.021822043,1.132695716
4.196961697,1.32436722,1.167050556,1.521205324,1.2622564,1.15475048,2.026681979,1.132725845
4.201644457,1.325555049,1.168429361,1.522703866,1.263488457,1.154957863,2.028032779,1.132936455
4.20552103,1.326495849,1.169819323,1.524442095,1.265454421,1.155196944,2.029110356,1.133124623
4.211479784,1.326696078,1.170697215,1.52520278,1.265467588,1.155024886,2.029116172,1.133152327
4.100831342,1.323627202,1.170060471,1.505289744,1.256396838,1.154081881,1.980590185,1.132568167
3.992006577,1.320510893,1.169366017,1.485423594,1.246338434,1.153049965,1.932840228,1.132045908
3.879812835,1.317059924,1.168338019,1.46510469,1.2389952,1.152277835,1.889572112,1.131835691
3.771252406,1.313982234,1.167341587,1.446791035,1.230180593,1.15140664,1.846487245,1.131670485
3.664495163,1.311000019,1.166447988,1.427051784,1.220396566,1.150640559,1.803328216,1.131313635
3.490673546,1.29796836,1.160929998,1.402497028,1.20819111,1.147371266,1.756183389,1.12874472
3.319367186,1.284544897,1.155442398,1.377516043,1.196967492,1.143843111,1.709264842,1.126029934
3.152262048,1.271258223,1.149928936,1.353085244,1.184780366,1.140297302,1.662823632,1.123407173
2.99180566,1.258325697,1.143930683,1.327037679,1.171393108,1.136456596,1.616856927,1.120794283
2.828975082,1.245056695,1.137755977,1.301788815,1.158995343,1.132521907,1.569330186,1.11802347
2.670314425,1.231866859,1.131590177,1.27780438,1.148074294,1.128612092,1.521782243,1.115385081
2.514853432,1.218483134,1.125302815,1.253418318,1.136460133,1.123907275,1.474709193,1.112141399
2.363071303,1.205253316,1.119169084,1.229082419,1.124864998,1.118981818,1.428118241,1.108664775
2.214279648,1.192222924,1.113210704,1.204335458,1.113029209,1.114111896,1.383014149,1.105259344
2.066286184,1.178779678,1.106485299,1.178707049,1.101931335,1.109228508,1.331623726,1.101711841
1.92643223,1.165400795,1.100067006,1.15339215,1.089163395,1.104629432,1.281995701,1.098190835
1.788975722,1.152149794,1.093692659,1.127960309,1.076396951,1.09980565,1.230908853,1.094598774
1.653364002,1.138490827,1.087835307,1.103017237,1.062686256,1.0954167,1.18057616,1.090907606
1.520930289,1.125118999,1.081878601,1.078143719,1.050434275,1.090762866,1.131490896,1.087123814
1.391768559,1.112152092,1.07602997,1.052888968,1.037014163,1.085973927,1.082426044,1.083137793
1.263916518,1.099944966,1.070596692,1.028870121,1.025044847,1.081647952,1.034837799,1.079221186
1.213378246,1.090629031,1.066677784,1.024218473,1.021933482,1.078047668,1.030978565,1.075900885
1.163628821,1.081286359,1.06270275,1.019102989,1.019549598,1.07459998,1.027346968,1.072590865
1.114416046,1.072275474,1.058931584,1.014451215,1.017399808,1.070849943,1.023000151,1.068965023
1.06520099,1.062979149,1.05496671,1.007974973,1.015250314,1.06743603,1.018409665,1.065180116
1.016784452,1.053733843,1.05109992,1.002641132,1.012858803,1.063918837,1.014063725,1.06150004
1.015021139,1.052338627,1.051380762,1.00218776,1.01286062,1.062854401,1.013363257,1.059858601
1.014389297,1.051381205,1.051554032,1.002467818,1.012388892,1.061946279,1.013127533,1.058533895
1.013795644,1.0508452,1.051726115,1.002483145,1.013110933,1.061037281,1.013130858,1.057206602
1.012510254,1.049817501,1.052042854,1.002951138,1.013831435,1.059767422,1.013142104,1.055888475
1.012072674,1.048791994,1.0525287,1.004367817,1.014319781,1.058637511,1.013645972,1.05445175
1.011473543,1.047803742,1.053058093,1.0041489,1.014081022,1.057641845,1.014623091,1.052979759
1.011319353,1.047378537,1.053553331,1.003917945,1.013843909,1.05739424,1.015110316,1.051872903
1.010727543,1.046745418,1.053953822,1.004384859,1.013847464,1.057393626,1.014628418,1.051145253
1.010275533,1.046252148,1.054164193,1.005086235,1.013376875,1.057348621,1.013909517,1.050207029
1.010123702,1.045976657,1.054823053,1.00463115,1.012666487,1.057104607,1.013683095,1.049409555
1.009524967,1.045851474,1.055313388,1.004433044,1.012681527,1.056963584,1.012972059,1.048478679
1.009047456,1.045674132,1.055843932,1.004443964,1.012442419,1.056862046,1.013228901,1.047685862
1.009382681,1.04622798,1.056092917,1.003998039,1.013175356,1.056358109,1.013492063,1.047174423
1.009071185,1.046342084,1.056322212,1.004019874,1.012708769,1.056117369,1.013251164,1.04669057
1.008761598,1.04650842,1.056588093,1.003790295,1.013204667,1.056012428,1.013259709,1.046512814
1.008334628,1.047265486,1.057409338,1.003561934,1.013924866,1.055686847,1.012780798,1.046093551
1.008194369,1.048175302,1.058082576,1.003340154,1.014887083,1.055379994,1.01278507,1.045821878
1.008198316,1.048879839,1.058715591,1.003582477,1.015130675,1.055132084,1.012545005,1.045429034
1.008092448,1.049547794,1.059169712,1.004116698,1.014893257,1.055073381,1.013029046,1.045398348
1.007671806,1.050649752,1.059833094,1.0048169,1.013460812,1.054785122,1.013294363,1.045376004
1.007216329,1.051602279,1.060383159,1.005758478,1.01322515,1.054384096,1.014026005,1.045409586
1.007422553,1.052068649,1.060971653,1.006463943,1.013479835,1.054512001,1.014514758,1.045377586
1.007115015,1.052426466,1.061581591,1.005767164,1.013964209,1.054773504,1.015022407,1.04513789
1.00665107,1.053081815,1.062371974,1.005306111,1.013248424,1.054998272,1.015027898,1.044826063
1.006694893,1.053565287,1.063029517,1.004894162,1.01254638,1.055577256,1.015038406,1.044568585
1.006276026,1.053971324,1.063753452,1.00444141,1.011595469,1.056074679,1.015043444,1.044470727
1.005475779,1.054491794,1.064448984,1.003990731,1.010647666,1.056415292,1.014322814,1.044426732
1.005014397,1.055295921,1.064770322,1.004691221,1.010411704,1.056364854,1.0140908,1.044378298
1.005190193,1.056008371,1.065287968,1.003783099,1.010425458,1.056230629,1.014098392,1.044241307
1.005224437,1.056744392,1.065869596,1.003335023,1.010432199,1.056209379,1.014341962,1.044218305
1.00475202,1.057094145,1.066141232,1.004265807,1.010914473,1.056313053,1.014350414,1.044179498
1.004683808,1.057336108,1.066463132,1.004762239,1.011160742,1.056237038,1.014841075,1.044141283
1.004361987,1.057918235,1.06671439,1.005982898,1.011643753,1.056160763,1.01508769,1.044309419
1.004552754,1.057923242,1.067469456,1.006220852,1.011169888,1.055825347,1.015334814,1.044389556
1.005046704,1.058119533,1.067810973,1.005989782,1.01140991,1.05563287,1.015351715,1.044454536
1.004889376,1.058256504,1.06834238,1.006468511,1.01141061,1.055568958,1.014638241,1.044353004
1.00537382,1.05784016,1.068133282,1.006469628,1.011173543,1.055622685,1.014896202,1.044346918
1.006189996,1.057400533,1.068033614,1.006284095,1.011178491,1.055573769,1.014170999,1.044107658
1.006557202,1.057149555,1.068018591,1.006527336,1.010939888,1.055454224,1.013209277,1.043849051
1.006721463,1.056306746,1.067499,1.006540763,1.011677128,1.055672598,1.012490679,1.043719938
1.006814634,1.056091493,1.067296389,1.005855352,1.012645367,1.055553609,1.012497015,1.043470816
1.00729859,1.055789543,1.067093696,1.005158153,1.012646138,1.055464561,1.01201581,1.043172192
1.006829083,1.056001088,1.066998258,1.004946211,1.012653638,1.054837976,1.012019834,1.042963457
1.00670467,1.056252636,1.066688748,1.005682635,1.012180945,1.053969396,1.011558452,1.042892761
1.006398069,1.056325665,1.066269318,1.005452682,1.012423832,1.053190367,1.011624795,1.042731222
1.006584188,1.056230255,1.065878927,1.005239808,1.012672062,1.052526115,1.011870633,1.042612875
1.007069022,1.056485636,1.065470296,1.005018172,1.012918393,1.051848818,1.011644173,1.042505029
1.007732697,1.056678687,1.065037942,1.004806508,1.012923549,1.051181458,1.012135559,1.042279035
1.008112263,1.056334438,1.065136313,1.004587849,1.013163761,1.050966928,1.011900254,1.042179934
1.00795392,1.056239376,1.064887552,1.0048257,1.013176989,1.050771049,1.012384041,1.041972538
1.007972354,1.056411454,1.064630226,1.005524161,1.012939342,1.050529477,1.012869332,1.042024903
1.008162208,1.056573758,1.064174495,1.00529487,1.013195233,1.050027611,1.012875984,1.041794374
1.008178598,1.056013471,1.064019849,1.005068254,1.013197816,1.049714477,1.012883169,1.041484999
1.008193308,1.055419856,1.064010508,1.005097884,1.013205335,1.049408276,1.012414467,1.040932281
1.007554621,1.055042194,1.063441456,1.005115792,1.012970051,1.049278469,1.012180698,1.040651122
1.007091207,1.054786335,1.063234218,1.005835279,1.012988223,1.049030038,1.012180946,1.04024934
1.006937433,1.054359606,1.062970873,1.005846722,1.012276362,1.048773886,1.01290959,1.040178675
1.00681361,1.053769063,1.062522021,1.006342331,1.011561848,1.048423671,1.012446478,1.039831842
1.006174139,1.052765106,1.061954313,1.006810891,1.01132549,1.048026659,1.01221112,1.039556419
1.005909762,1.051898995,1.061534479,1.006351856,1.012044595,1.04778762,1.011502606,1.039301052
1.0057714,1.051614749,1.061566664,1.006365647,1.012045357,1.047282081,1.011055213,1.03899466
1.005991885,1.050735052,1.06133446,1.007311535,1.012046658,1.047140811,1.011089489,1.038759169
1.006031785,1.050093047,1.061123161,1.007550692,1.01253109,1.046926658,1.010864704,1.038431161
1.006071058,1.049253822,1.061346264,1.007557417,1.012531394,1.046889251,1.012077304,1.037943881
1.006101449,1.048734183,1.061650793,1.007794453,1.012774879,1.04699105,1.012804496,1.037589529
1.00582899,1.048004522,1.061952451,1.008961768,1.01349332,1.047009469,1.013529772,1.037356852
1.005685534,1.047559517,1.062413977,1.009896087,1.01325543,1.046982631,1.012827456,1.037035728
1.005053372,1.046782893,1.062648666,1.009905655,1.013516709,1.046914959,1.013069288,1.036662244
1.004741764,1.04600971,1.062988823,1.011109265,1.01423621,1.046877627,1.013556958,1.03649094
1.004176309,1.045027402,1.063165864,1.011123264,1.014237777,1.047205601,1.014040741,1.036269952
1.003883012,1.044148406,1.063380186,1.011605658,1.014001284,1.047642938,1.013800819,1.035985215
1.003414048,1.043035011,1.063610786,1.011222235,1.014484163,1.04810414,1.01310105,1.035414892
1.002968152,1.041952682,1.064159517,1.011459041,1.014249105,1.048856376,1.013347394,1.035189135
1.002825638,1.041575075,1.064407697,1.012168145,1.014253367,1.049494851,1.013123909,1.034995481
1.002858726,1.041249938,1.064592467,1.01147175,1.014494142,1.050079737,1.014338009,1.0349182
1.002564799,1.040868427,1.064334845,1.011024306,1.014734779,1.050093227,1.014097253,1.034695587
1.002574863,1.04085068,1.064316676,1.010561206,1.014499923,1.050120939,1.014342528,1.034495687
1.002787376,1.041090763,1.064137891,1.010812161,1.01499211,1.050197844,1.014102702,1.034260969
1.002548835,1.041193918,1.06421503,1.010119161,1.015474641,1.050448617,1.014597265,1.034062554
1.002912513,1.041649434,1.064385042,1.010364846,1.015482671,1.050682768,1.015323197,1.034049451
1.002794806,1.041944195,1.064603249,1.011085408,1.015019693,1.050734652,1.016051369,1.033957199
1.002511307,1.042370311,1.064885738,1.010388557,1.014558328,1.05059192,1.016794697,1.033733066
1.002999878,1.042240722,1.065123499,1.009706838,1.014798706,1.05065246,1.015834272,1.033461219
1.002532735,1.042108662,1.065213788,1.009723316,1.014807212,1.050793961,1.01609905,1.033257911
1.002373547,1.041900254,1.064751635,1.009499322,1.015049851,1.050846147,1.014656557,1.033371123
1.002278984,1.041619262,1.064319393,1.009270255,1.014811812,1.050952934,1.013454004,1.033237799
1.002287055,1.041304382,1.063962136,1.008805432,1.014094857,1.050924376,1.012734403,1.033045117
1.002473889,1.041896292,1.063619265,1.008346226,1.01457752,1.050895817,1.013223536,1.032813934
1.002797431,1.042360205,1.063099218,1.009513204,1.015058461,1.050688234,1.012993393,1.03269061
1.003183947,1.042877557,1.062593783,1.009056828,1.015062723,1.050568203,1.012299273,1.032420033
1.003361017,1.043680473,1.062083094,1.008611405,1.015062991,1.050054762,1.012058216,1.032062222
1.00352418,1.044452035,1.061568905,1.008630404,1.015075063,1.049294039,1.011867139,1.031758361
1.004340773,1.04534262,1.061113491,1.008400333,1.015085108,1.04848849,1.01239838,1.031659722
1.004715213,1.045786976,1.060627311,1.008177569,1.015090247,1.047568358,1.011923924,1.031419761
1.004136416,1.045251725,1.060508575,1.007740494,1.014858731,1.046513737,1.012408944,1.031246195
1.003995775,1.04492024,1.060423784,1.008439883,1.01486963,1.045572978,1.011926495,1.03099972
1.00415898,1.044566663,1.060784767,1.008702342,1.015116947,1.045233958,1.012176606,1.030883196
1.003870434,1.043862421,1.061063176,1.00917571,1.015357042,1.044881649,1.012177371,1.030797689
1.003566645,1.042981047,1.061334121,1.008956734,1.015604328,1.044491158,1.012678156,1.030609817
1.003906711,1.042719861,1.061208687,1.008749596,1.01584448,1.043821526,1.012203583,1.030473155
1.003753447,1.042006826,1.060895678,1.007621654,1.015846053,1.043539236,1.011739311,1.030005781
1.003622755,1.041193484,1.060708326,1.007164128,1.016086451,1.042956611,1.012231172,1.029694206
1.003307562,1.040388875,1.060522798,1.00693784,1.016565211,1.042732492,1.012485565,1.029362394
1.003149933,1.040224511,1.060396447,1.006942276,1.01585028,1.042199785,1.013225067,1.029035415
1.003002834,1.040020869,1.060227322,1.006953681,1.015851564,1.041751867,1.013720804,1.028786278
1.003338968,1.039559221,1.05974011,1.00766805,1.015378607,1.041174713,1.01396672,1.028150798
1.003358505,1.03958279,1.059334376,1.007672883,1.016336235,1.040369062,1.014707578,1.027483387
1.003709332,1.039578498,1.058880853,1.007218413,1.016103414,1.039554345,1.015214324,1.026866741
1.002748767,1.038633858,1.058403287,1.007947232,1.015391365,1.038813449,1.014736454,1.02642755
1.001798678,1.03785555,1.05811625,1.006322286,1.014213312,1.038234151,1.014980157,1.025871165
1.001185635,1.037045219,1.057719853,1.005866313,1.01422948,1.037481181,1.01478535,1.025477848
1.001190484,1.036235914,1.057725426,1.006590812,1.014952672,1.037170541,1.014793124,1.02518654
1.000869604,1.035516867,1.057744158,1.006370056,1.014983193,1.036722679,1.015281446,1.024680955
0.999904917,1.03475486,1.057645673,1.006834987,1.014520411,1.036291495,1.014556875,1.02406553
0.999424707,1.034488853,1.057659853,1.006606706,1.014043229,1.03610644,1.01457446,1.023425676
0.999440278,1.034797589,1.057227245,1.006387031,1.013808179,1.035984102,1.014091834,1.02290201
0.999121371,1.035055238,1.056780245,1.005250142,1.012862507,1.035700759,1.013367973,1.022455121
0.998966926,1.03481572,1.056235605,1.005723913,1.012866033,1.035362606,1.013627279,1.022030778
0.999003727,1.035250779,1.055457835,1.005031987,1.012389275,1.035025596,1.013385926,1.021494858
0.999167917,1.035543021,1.054826676,1.004592096,1.011916368,1.034721212,1.013154333,1.021057742
0.99903452,1.035344532,1.054631123,1.005780685,1.011720725,1.034649773,1.01316369,1.02070562
0.998947976,1.035834144,1.054535048,1.006951975,1.011245826,1.034407339,1.013407425,1.020451456
0.999290837,1.036093401,1.054371551,1.007189349,1.011009201,1.034294362,1.013409986,1.020161084
0.999491579,1.036063575,1.054014566,1.007655227,1.010534452,1.033942844,1.012702167,1.019861586
0.999177377,1.036400096,1.053720753,1.007903273,1.011253084,1.033525149,1.012961414,1.01950816
0.999552995,1.03674038,1.053521679,1.007906708,1.011257394,1.033050483,1.012735669,1.019212189
0.999246428,1.037284541,1.05373382,1.007922174,1.011265042,1.032700896,1.012253456,1.019079797
0.999285317,1.03723753,1.05379643,1.007937417,1.010316288,1.032595095,1.01204466,1.019108004
0.999509151,1.03736827,1.053900977,1.00817395,1.010316795,1.032351854,1.011321635,1.019041613
1.131214439,1.049636345,1.060042297,1.04008227,1.024922519,1.034884968,1.053703536,1.020697736
1.277429682,1.063115043,1.062762234,1.076338221,1.042896166,1.038791891,1.145173967,1.023164189
1.426532426,1.076666547,1.065488554,1.112496339,1.060193489,1.042864947,1.238297903,1.025600314
1.579333917,1.090436974,1.067700864,1.148333669,1.076801726,1.046472161,1.331588923,1.027840516
1.735948694,1.10443239,1.069988736,1.184817195,1.094642472,1.050307002,1.425809875,1.030228382
1.896846746,1.11873318,1.072341955,1.220453656,1.112998796,1.054091893,1.521734932,1.032744034
2.06135107,1.133309827,1.068702946,1.259106589,1.13770013,1.059657176,1.676253366,1.036849417
2.241991134,1.147919561,1.065311813,1.300849864,1.158086699,1.065389994,1.828286653,1.04133374
2.427560821,1.162682169,1.061906469,1.342996981,1.178765361,1.071149721,1.984335488,1.045745908
2.618339892,1.1781451,1.058553087,1.384361893,1.19850404,1.077016159,2.141576216,1.050060197
2.814007695,1.193257014,1.055485712,1.425914113,1.219019522,1.082882657,2.301609222,1.054452984
3.015365807,1.208610184,1.052314375,1.467949055,1.239353027,1.088837492,2.464815211,1.058868936
3.228820597,1.224277409,1.050899494,1.508890827,1.262913729,1.095254168,2.615899274,1.063814716
3.45637735,1.23978521,1.049905338,1.552999319,1.283822901,1.101774118,2.759742072,1.069164889
3.690786715,1.255535365,1.048578645,1.596302657,1.30454251,1.108329316,2.905335082,1.074430608
3.933705981,1.272086443,1.047511523,1.640566823,1.325044042,1.115074499,3.053602653,1.079960413
4.184011816,1.288282107,1.046386203,1.684541452,1.345347347,1.122098888,3.202822689,1.08530766
4.442843478,1.30467532,1.04538562,1.728472686,1.365938864,1.129125699,3.353924272,1.090592222
4.710980805,1.321310519,1.044217813,1.773381615,1.392311839,1.135987978,3.497590315,1.096215022
4.991131261,1.337929088,1.043196262,1.818238397,1.415753062,1.142617486,3.641370587,1.101990074
5.281187584,1.354734595,1.042081453,1.862286198,1.439022897,1.149345118,3.786792938,1.107980641
5.337686456,1.355569373,1.035150195,1.87124252,1.447286907,1.153198032,3.877767469,1.112069266
5.374453179,1.354700128,1.031518409,1.876891485,1.452308644,1.155416404,3.9041871,1.115116333
5.411104357,1.353741991,1.028120808,1.883301956,1.45707718,1.157546379,3.930024352,1.118236687
5.44735657,1.352690676,1.025335592,1.889699041,1.464856499,1.159950967,3.946534978,1.121337523
5.490391746,1.35181395,1.022913321,1.895335165,1.46786886,1.162181354,3.96501443,1.12456019
5.53339051,1.350951292,1.020617055,1.900740065,1.470636176,1.164541998,3.98255244,1.127820372
5.577814384,1.34994818,1.023681926,1.904079784,1.467627594,1.165022725,3.928472834,1.129392858
5.603048907,1.34909944,1.026666627,1.904880388,1.468150239,1.165287021,3.879461853,1.130476049
5.628657555,1.348384718,1.029634365,1.90566045,1.468665879,1.16556578,3.830031886,1.13159108
5.646673839,1.347415357,1.033538002,1.906477819,1.471430147,1.165458257,3.774459911,1.132684888
5.673056239,1.346988143,1.03811628,1.908281493,1.472189151,1.165195142,3.716015796,1.133870497
5.698565847,1.346401441,1.042875363,1.910885016,1.472700307,1.164960775,3.657876453,1.13504597
5.715410713,1.345763627,1.045691661,1.912961266,1.469688949,1.164223608,3.615742426,1.135639909
5.722670382,1.345500496,1.048281007,1.912201151,1.470456858,1.163326593,3.584404355,1.135963465
5.730189745,1.345330479,1.050980946,1.913003284,1.470962574,1.162383593,3.552533961,1.136354423
5.740552553,1.345332469,1.0534617,1.915080833,1.476239521,1.161915668,3.526050599,1.136849172
5.75403752,1.344449428,1.055082677,1.915857995,1.479507611,1.161086099,3.499327019,1.137417708
5.767237393,1.343265821,1.056815586,1.917687434,1.482776297,1.160366327,3.473299882,1.137935503
5.780131204,1.341992079,1.058530671,1.917952197,1.481023624,1.159814163,3.457830507,1.138190641
5.790874105,1.341150343,1.060155632,1.919750712,1.482029648,1.159447016,3.443630999,1.138217222
5.800972661,1.340448765,1.061908794,1.921805038,1.483298323,1.159183636,3.430677047,1.138433235
5.81333652,1.337331343,1.062824775,1.922834327,1.488834643,1.158910291,3.40789758,1.138583242
5.831689368,1.333945037,1.0635877,1.922838137,1.486570796,1.158425997,3.385771865,1.138549857
5.850104484,1.330460499,1.064337708,1.922355541,1.484816881,1.158057377,3.363996125,1.138524871
5.868903024,1.327380222,1.064437063,1.921608954,1.480039982,1.157424628,3.352065641,1.138530179
5.881961129,1.324003161,1.064022879,1.921371327,1.479286898,1.156871574,3.337384603,1.138393858
5.89471517,1.320685643,1.063516955,1.921375907,1.478285808,1.156238918,3.324863868,1.13834204
5.907855797,1.316542167,1.06229012,1.923196839,1.475528536,1.155656323,3.308102635,1.138013945
5.918740384,1.312421123,1.061203426,1.924491451,1.480555322,1.155069811,3.287094256,1.137571153
5.929959692,1.308217308,1.060021155,1.9252635,1.485081823,1.15441866,3.265825015,1.137097004
5.948906277,1.304474063,1.058031901,1.926549153,1.488357663,1.15429756,3.250657901,1.136753727
5.959523297,1.30005069,1.055394953,1.926563482,1.492636726,1.154262357,3.238243339,1.136315043
5.971427794,1.295779132,1.052460215,1.92682264,1.497424295,1.154097966,3.225576429,1.135791323
5.978208598,1.291205901,1.049413966,1.928377604,1.503477582,1.154013794,3.215620527,1.134962692
5.976279645,1.286532396,1.046136902,1.92889723,1.506259236,1.153643298,3.208105922,1.133842669
5.974370738,1.282088823,1.042922491,1.929415108,1.50929702,1.153234134,3.200881969,1.1326533
5.968904661,1.277498036,1.039893687,1.927618991,1.50803672,1.152435654,3.18822311,1.131421436
5.962166092,1.273905835,1.03757317,1.928134945,1.509051009,1.151902083,3.176492079,1.130163925
5.955139165,1.270347251,1.035179572,1.927900434,1.509568484,1.151460557,3.164760284,1.128913289
5.960330612,1.265983021,1.032923743,1.927697087,1.505037459,1.150811693,3.146769412,1.127202404
5.961303506,1.261719269,1.030481692,1.929516395,1.505292095,1.150034214,3.120104235,1.125144413
5.962601322,1.257530673,1.028191907,1.932099019,1.505799616,1.149386465,3.09261394,1.122939524
5.962654986,1.255366962,1.026406285,1.934932177,1.502271936,1.148587383,3.075037588,1.120958322
5.955616757,1.253578756,1.024835431,1.938562701,1.50605547,1.147929154,3.055978034,1.119101333
5.949853919,1.251894751,1.023230863,1.942165787,1.509597071,1.147283925,3.036955777,1.117092435
5.658367049,1.243391176,1.021048115,1.899286736,1.48919635,1.143557636,2.923833061,1.113924447
5.348937294,1.232171094,1.01809473,1.85431472,1.467834215,1.138370472,2.811941807,1.110239079
5.051951125,1.220794718,1.015133997,1.810061654,1.447273487,1.13329026,2.699829353,1.106225061
4.764218593,1.210194227,1.013157721,1.764020498,1.427506598,1.128213531,2.592920954,1.102694522
4.488747483,1.199647207,1.011081739,1.717705256,1.401069928,1.123189613,2.490794844,1.099024714
4.222737523,1.189308661,1.00893766,1.672101237,1.374690238,1.118199811,2.389471578,1.095573376
3.956496923,1.176617791,1.006893361,1.626222852,1.348130806,1.111978321,2.289109444,1.090814054
3.700446062,1.163823277,1.004746864,1.581818756,1.322392005,1.105432726,2.190849489,1.085869332
3.452045139,1.151129509,1.002614759,1.53663178,1.296720527,1.098906314,2.093005605,1.081103241
3.215269379,1.138989477,1.000673497,1.490230761,1.269153922,1.092293679,1.9939895,1.076565124
2.992247692,1.126939512,0.999091139,1.44549219,1.24461552,1.086081821,1.893032996,1.072609788
2.77594022,1.114970675,0.997613996,1.401447901,1.21989036,1.079875729,1.794187424,1.068487725
2.565997809,1.102881781,0.996334774,1.357374876,1.195233312,1.073306691,1.696077982,1.063781329
2.361823659,1.090951166,0.995416018,1.312812303,1.1701514,1.066596048,1.598941597,1.059057273
2.164115676,1.079475796,0.994630807,1.267969513,1.145143579,1.059870176,1.502797515,1.054319778
1.965342724,1.068757861,0.993680795,1.224057813,1.125281009,1.053365935,1.412621327,1.050188246
1.774342197,1.058055219,0.992948084,1.17824113,1.101368438,1.0470934,1.33053686,1.046466993
1.589217464,1.04751507,0.992201983,1.132416941,1.077021302,1.040735121,1.2499029,1.04258785
1.408704077,1.036864166,0.991715919,1.087765033,1.052497795,1.034759932,1.169226392,1.03864737
1.233837001,1.026604302,0.991460609,1.043103541,1.028038704,1.028547399,1.090446883,1.034557862
1.063326825,1.016486565,0.99108195,0.99841812,1.003664234,1.022391415,1.012359355,1.030726131
1.042082415,1.011786201,0.991374803,0.995401372,1.002714891,1.019062853,1.010434343,1.027941345
1.036101426,1.009542837,0.992291361,0.995403413,1.003198712,1.01719963,1.009241402,1.025845858
1.029157967,1.007219022,0.993172623,0.995422588,1.002961859,1.015183467,1.008034656,1.024073154
1.022541001,1.004884817,0.994101168,0.9947559,1.002493111,1.012966296,1.007560614,1.021807348
1.016401262,1.002540174,0.994983824,0.994761928,1.002494888,1.010605998,1.007818422,1.019599812
1.010154289,1.000183767,0.995921177,0.995004631,1.002742927,1.008172273,1.00714341,1.017209208
1.009525691,0.999898177,0.99660312,0.995018738,1.002743861,1.006954022,1.007644762,1.016013555
1.00840627,0.999914994,0.997638684,0.995036008,1.002271544,1.006023696,1.007888398,1.014957909
1.007952452,0.999908247,0.998597501,0.994602262,1.001318157,1.005101644,1.007649991,1.013742388
1.007490683,0.999911323,0.999478569,0.995071616,1.001320619,1.003877271,1.007897118,1.012471607
1.006864332,1.000104894,1.000046057,0.995537453,1.00108188,1.002612589,1.008389955,1.010986678
1.006242071,1.000300096,1.000492544,0.995571169,1.001561568,1.001483156,1.008419306,1.009526754
1.006256644,1.000659128,1.000694091,0.995812994,1.001825714,1.000792443,1.008909687,1.008666691
1.006420579,1.001126382,1.00069931,0.996766445,1.002318907,1.000210393,1.009395921,1.007878916
1.005964616,1.001376467,1.000754017,0.997732439,1.002801159,0.999682952,1.009159811,1.007177317
1.005321774,1.001352123,1.000927219,0.997975731,1.003282676,0.999377215,1.009162139,1.006217779
1.004683746,1.001173041,1.000864701,0.997997933,1.002811358,0.998994131,1.009894888,1.005205488
1.004220549,1.000771895,1.000840082,0.997778783,1.002813065,0.998585371,1.010159927,1.00421143
1.004233513,1.001050381,1.000640268,0.997086639,1.003053843,0.998003189,1.009918819,1.003234413
1.003595894,1.000868357,1.000289878,0.996626315,1.003543267,0.997543429,1.009195547,1.002395334
1.006864332,1.000104894,1.000046057,0.995537453,1.00108188,1.002612589,1.008389955,1.010986678
1.006242071,1.000300096,1.000492544,0.995571169,1.001561568,1.001483156,1.008419306,1.009526754
1.006256644,1.000659128,1.000694091,0.995812994,1.001825714,1.000792443,1.008909687,1.008666691
1.006420579,1.001126382,1.00069931,0.996766445,1.002318907,1.000210393,1.009395921,1.007878916
1.005964616,1.001376467,1.000754017,0.997732439,1.002801159,0.999682952,1.009159811,1.007177317
1.005321774,1.001352123,1.000927219,0.997975731,1.003282676,0.999377215,1.009162139,1.006217779
1.004683746,1.001173041,1.000864701,0.997997933,1.002811358,0.998994131,1.009894888,1.005205488
1.004220549,1.000771895,1.000840082,0.997778783,1.002813065,0.998585371,1.010159927,1.00421143
1.004233513,1.001050381,1.000640268,0.997086639,1.003053843,0.998003189,1.009918819,1.003234413
1.003595894,1.000868357,1.000289878,0.996626315,1.003543267,0.997543429,1.009195547,1.002395334
1.006864332,1.000104894,1.000046057,0.995537453,1.00108188,1.002612589,1.008389955,1.010986678
1.006242071,1.000300096,1.000492544,0.995571169,1.001561568,1.001483156,1.008419306,1.009526754
1.006256644,1.000659128,1.000694091,0.995812994,1.001825714,1.000792443,1.008909687,1.008666691
1.006420579,1.001126382,1.00069931,0.996766445,1.002318907,1.000210393,1.009395921,1.007878916
1.005964616,1.001376467,1.000754017,0.997732439,1.002801159,0.999682952,1.009159811,1.007177317
1.005321774,1.001352123,1.000927219,0.997975731,1.003282676,0.999377215,1.009162139,1.006217779
1.004683746,1.001173041,1.000864701,0.997997933,1.002811358,0.998994131,1.009894888,1.005205488
1.004220549,1.000771895,1.000840082,0.997778783,1.002813065,0.998585371,1.010159927,1.00421143
1.004233513,1.001050381,1.000640268,0.997086639,1.003053843,0.998003189,1.009918819,1.003234413
1.003595894,1.000868357,1.000289878,0.996626315,1.003543267,0.997543429,1.009195547,1.002395334
1.006864332,1.000104894,1.000046057,0.995537453,1.00108188,1.002612589,1.008389955,1.010986678
1.006242071,1.000300096,1.000492544,0.995571169,1.001561568,1.001483156,1.008419306,1.009526754
1.006256644,1.000659128,1.000694091,0.995812994,1.001825714,1.000792443,1.008909687,1.008666691
1.006420579,1.001126382,1.00069931,0.996766445,1.002318907,1.000210393,1.009395921,1.007878916
1.005964616,1.001376467,1.000754017,0.997732439,1.002801159,0.999682952,1.009159811,1.007177317
1.005321774,1.001352123,1.000927219,0.997975731,1.003282676,0.999377215,1.009162139,1.006217779
1.004683746,1.001173041,1.000864701,0.997997933,1.002811358,0.998994131,1.009894888,1.005205488
1.004220549,1.000771895,1.000840082,0.997778783,1.002813065,0.998585371,1.010159927,1.00421143
1.004233513,1.001050381,1.000640268,0.997086639,1.003053843,0.998003189,1.009918819,1.003234413
1.003595894,1.000868357,1.000289878,0.996626315,1.003543267,0.997543429,1.009195547,1.002395334
1.006864332,1.000104894,1.000046057,0.995537453,1.00108188,1.002612589,1.008389955,1.010986678
1.006242071,1.000300096,1.000492544,0.995571169,1.001561568,1.001483156,1.008419306,1.009526754
1.006256644,1.000659128,1.000694091,0.995812994,1.001825714,1.000792443,1.008909687,1.008666691
1.006420579,1.001126382,1.00069931,0.996766445,1.002318907,1.000210393,1.009395921,1.007878916
1.005964616,1.001376467,1.000754017,0.997732439,1.002801159,0.999682952,1.009159811,1.007177317
1.005321774,1.001352123,1.000927219,0.997975731,1.003282676,0.999377215,1.009162139,1.006217779
1.004683746,1.001173041,1.000864701,0.997997933,1.002811358,0.998994131,1.009894888,1.005205488
1.004220549,1.000771895,1.000840082,0.997778783,1.002813065,0.998585371,1.010159927,1.00421143
1.004233513,1.001050381,1.000640268,0.997086639,1.003053843,0.998003189,1.009918819,1.003234413
1.003595894,1.000868357,1.000289878,0.996626315,1.003543267,0.997543429,1.009195547,1.002395334
1.006864332,1.000104894,1.000046057,0.995537453,1.00108188,1.002612589,1.008389955,1.010986678
1.006242071,1.000300096,1.000492544,0.995571169,1.001561568,1.001483156,1.008419306,1.009526754
1.006256644,1.000659128,1.000694091,0.995812994,1.001825714,1.000792443,1.008909687,1.008666691
1.006420579,1.001126382,1.00069931,0.996766445,1.002318907,1.000210393,1.009395921,1.007878916
1.005964616,1.001376467,1.000754017,0.997732439,1.002801159,0.999682952,1.009159811,1.007177317
1.005321774,1.001352123,1.000927219,0.997975731,1.003282676,0.999377215,1.009162139,1.006217779
1.004683746,1.001173041,1.000864701,0.997997933,1.002811358,0.998994131,1.009894888,1.005205488
1.004220549,1.000771895,1.000840082,0.997778783,1.002813065,0.998585371,1.010159927,1.00421143
1.004233513,1.001050381,1.000640268,0.997086639,1.003053843,0.998003189,1.009918819,1.003234413
1.003595894,1.000868357,1.000289878,0.996626315,1.003543267,0.997543429,1.009195547,1.002395334
1.006864332,1.000104894,1.000046057,0.995537453,1.00108188,1.002612589,1.008389955,1.010986678
1.006242071,1.000300096,1.000492544,0.995571169,1.001561568,1.001483156,1.008419306,1.009526754
1.006256644,1.000659128,1.000694091,0.995812994,1.001825714,1.000792443,1.008909687,1.008666691
1.006420579,1.001126382,1.00069931,0.996766445,1.002318907,1.000210393,1.009395921,1.007878916
1.005964616,1.001376467,1.000754017,0.997732439,1.002801159,0.999682952,1.009159811,1.007177317
1.005321774,1.001352123,1.000927219,0.997975731,1.003282676,0.999377215,1.009162139,1.006217779
1.004683746,1.001173041,1.000864701,0.997997933,1.002811358,0.998994131,1.009894888,1.005205488
1.004220549,1.000771895,1.000840082,0.997778783,1.002813065,0.998585371,1.010159927,1.00421143
1.004233513,1.001050381,1.000640268,0.997086639,1.003053843,0.998003189,1.009918819,1.003234413
1.003595894,1.000868357,1.000289878,0.996626315,1.003543267,0.997543429,1.009195547,1.002395334
1.006864332,1.000104894,1.000046057,0.995537453,1.00108188,1.002612589,1.008389955,1.010986678
1.006242071,1.000300096,1.000492544,0.995571169,1.001561568,1.001483156,1.008419306,1.009526754
1.006256644,1.000659128,1.000694091,0.995812994,1.001825714,1.000792443,1.008909687,1.008666691
1.006420579,1.001126382,1.00069931,0.996766445,1.002318907,1.000210393,1.009395921,1.007878916
1.005964616,1.001376467,1.000754017,0.997732439,1.002801159,0.999682952,1.009159811,1.007177317
1.005321774,1.001352123,1.000927219,0.997975731,1.003282676,0.999377215,1.009162139,1.006217779
1.004683746,1.001173041,1.000864701,0.997997933,1.002811358,0.998994131,1.009894888,1.005205488
1.004220549,1.000771895,1.000840082,0.997778783,1.002813065,0.998585371,1.010159927,1.00421143
1.004233513,1.001050381,1.000640268,0.997086639,1.003053843,0.998003189,1.009918819,1.003234413
1.003595894,1.000868357,1.000289878,0.996626315,1.003543267,0.997543429,1.009195547,1.002395334
1.006864332,1.000104894,1.000046057,0.995537453,1.00108188,1.002612589,1.008389955,1.010986678
1.006242071,1.000300096,1.000492544,0.995571169,1.001561568,1.001483156,1.008419306,1.009526754
1.006256644,1.000659128,1.000694091,0.995812994,1.001825714,1.000792443,1.008909687,1.008666691
1.006420579,1.001126382,1.00069931,0.996766445,1.002318907,1.000210393,1.009395921,1.007878916
1.005964616,1.001376467,1.000754017,0.997732439,1.002801159,0.999682952,1.009159811,1.007177317
1.005321774,1.001352123,1.000927219,0.997975731,1.003282676,0.999377215,1.009162139,1.006217779
1.004683746,1.001173041,1.000864701,0.997997933,1.002811358,0.998994131,1.009894888,1.005205488
1.004220549,1.000771895,1.000840082,0.997778783,1.002813065,0.998585371,1.010159927,1.00421143
1.004233513,1.001050381,1.000640268,0.997086639,1.003053843,0.998003189,1.009918819,1.003234413
1.003595894,1.000868357,1.000289878,0.996626315,1.003543267,0.997543429,1.009195547,1.002395334
1.006864332,1.000104894,1.000046057,0.995537453,1.00108188,1.002612589,1.008389955,1.010986678
1.006242071,1.000300096,1.000492544,0.995571169,1.001561568,1.001483156,1.008419306,1.009526754
1.006256644,1.000659128,1.000694091,0.995812994,1.001825714,1.000792443,1.008909687,1.008666691
1.006420579,1.001126382,1.00069931,0.996766445,1.002318907,1.000210393,1.009395921,1.007878916
1.005964616,1.001376467,1.000754017,0.997732439,1.002801159,0.999682952,1.009159811,1.007177317
1.005321774,1.001352123,1.000927219,0.997975731,1.003282676,0.999377215,1.009162139,1.006217779
1.004683746,1.001173041,1.000864701,0.997997933,1.002811358,0.998994131,1.009894888,1.005205488
1.004220549,1.000771895,1.000840082,0.997778783,1.002813065,0.998585371,1.010159927,1.00421143
1.004233513,1.001050381,1.000640268,0.997086639,1.003053843,0.998003189,1.009918819,1.003234413
1.003595894,1.000868357,1.000289878,0.996626315,1.003543267,0.997543429,1.009195547,1.002395334
1.006864332,1.000104894,1.000046057,0.995537453,1.00108188,1.002612589,1.008389955,1.010986678
1.006242071,1.000300096,1.000492544,0.995571169,1.001561568,1.001483156,1.008419306,1.009526754
1.006256644,1.000659128,1.000694091,0.995812994,1.001825714,1.000792443,1.008909687,1.008666691
1.006420579,1.001126382,1.00069931,0.996766445,1.002318907,1.000210393,1.009395921,1.007878916
1.005964616,1.001376467,1.000754017,0.997732439,1.002801159,0.999682952,1.009159811,1.007177317
1.005321774,1.001352123,1.000927219,0.997975731,1.003282676,0.999377215,1.009162139,1.006217779
1.004683746,1.001173041,1.000864701,0.997997933,1.002811358,0.998994131,1.009894888,1.005205488
1.004220549,1.000771895,1.000840082,0.997778783,1.002813065,0.998585371,1.010159927,1.00421143
1.004233513,1.001050381,1.000640268,0.997086639,1.003053843,0.998003189,1.009918819,1.003234413
1.003595894,1.000868357,1.000289878,0.996626315,1.003543267,0.997543429,1.009195547,1.002395334