S1,S2,S3,S4,S5,S6,S7,S8
1.000941285,1.000354573,1.000994729,1.000867753,0.995549438,0.999962414,1.001352109,1.003930352
1.000633812,1.000794679,1.000959857,1.001084912,0.995549438,1.000190387,1.001352109,1.003374749
1.00136322,1.001509183,1.001335193,1.001519496,0.996214643,1.000392857,1.000901024,1.002667393
1.00163963,1.001936632,1.00150893,1.00130216,0.996214643,1.00051612,1.001352109,1.001933377
1.002679471,1.002211788,1.001409019,1.002172038,0.997102885,1.001121769,1.001352109,1.001441373
1.002971686,1.002343693,1.001306785,1.002172038,0.996436564,1.001695507,1.001126519,1.001040426
1.002819753,1.00242209,1.001147391,1.002172038,0.996436564,1.002313842,1.001126519,1.000723658
1.002654854,1.002593784,1.000973372,1.002172038,0.996214643,1.002940242,1.001803578,1.000381479
1.002632263,1.002589176,1.000747117,1.00260751,0.995992815,1.003486801,1.001126519,0.999910157
1.002603592,1.002788378,1.000551981,1.00260751,0.996880685,1.004223031,1.000901024,0.999575805
1.001997108,1.002163772,1.000529065,1.001954436,0.996214643,1.004498312,1.000901024,0.99912205
1.001983231,1.001635848,1.000558777,1.001084912,0.996658578,1.004850286,1.000675624,0.998587164
1.001975364,1.000953565,1.000597933,1.001519496,0.997102885,1.005372624,1.000450321,0.998056596
1.002421284,1.001101347,1.000732171,1.001084912,0.996880685,1.005303958,1,0.997599045
1.002407582,1.000312545,1.001022415,1.001519496,0.996658578,1.00546275,0.999774983,0.997253759
1.002556151,0.999686698,1.001267646,1.002172038,0.996658578,1.005570898,0.999774983,0.997010124
1.002400433,0.998981527,1.001495124,1.001954436,0.996214643,1.005650541,0.999774983,0.996710433
1.002545622,0.998242153,1.00158061,1.001954436,0.996436564,1.005787175,0.999325235,0.996247891
1.002694147,0.997646389,1.001772309,1.001736922,0.996658578,1.005878342,0.998875868,0.99570728
1.002227974,0.997802245,1.001715974,1.001519496,0.996214643,1.005887752,0.999550061,0.995386199
1.001926648,0.997463469,1.001816282,1.001954436,0.996436564,1.006130099,0.999774983,0.995102127
1.002212309,0.996936541,1.001963714,1.00238973,0.997325179,1.006351274,0.999774983,0.994884979
1.002509679,0.996709479,1.002489303,1.00260751,0.99799262,1.006189013,0.999550061,0.994623097
1.001728425,0.99614051,1.002630556,1.00260751,0.997547566,1.006014554,0.999325235,0.994545226
1.001426163,0.995759676,1.002818468,1.00282538,0.997770046,1.005767134,0.999325235,0.994455271
1.000374183,0.995149793,1.002799269,1.002172038,0.997770046,1.005458424,0.998651327,0.994296393
0.999737156,0.994773081,1.002844212,1.002172038,0.998215288,1.005179474,0.998426881,0.994279259
0.999581578,0.994343477,1.003035593,1.002172038,0.997770046,1.004911852,0.997978275,0.994209535
0.999283513,0.993729006,1.003111391,1.001954436,0.99799262,1.004878149,0.997754114,0.993979597
0.999269807,0.993855567,1.003258691,1.00130216,0.99799262,1.004778047,0.997306077,0.993893156
0.999268882,0.993913706,1.003326459,1.001954436,0.997102885,1.004595795,0.997530048,0.993748101
0.999713694,0.994567428,1.003322993,1.00282538,0.997325179,1.004741621,0.997978275,0.993635065
0.999700487,0.995398298,1.003217313,1.003479523,0.997547566,1.004839539,0.997978275,0.993651614
0.999694267,0.996267168,1.003035942,1.003479523,0.996880685,1.004888163,0.997978275,0.993594832
1.000118507,0.996986993,1.002763476,1.003479523,0.996880685,1.004937179,0.997978275,0.9933597
1.000388684,0.997767783,1.002540867,1.003261386,0.997102885,1.005094071,0.997754114,0.993451097
1.00050727,0.998451393,1.00232113,1.003479523,0.997102885,1.005117775,0.99820253,0.993375378
1.000800916,0.998984323,1.002347377,1.004134468,0.997325179,1.00507417,0.997978275,0.993457631
1.001542997,1.000127475,1.002289128,1.00500898,0.99799262,1.005204971,0.999100504,0.993525795
1.002134425,1.001081055,1.002030557,1.005665804,0.998215288,1.005364435,0.998875868,0.993604328
1.003027616,1.001328772,1.001997586,1.005227831,0.998660903,1.005682543,0.99820253,0.993531653
1.003609698,1.00193606,1.00177871,1.00500898,0.998438048,1.005770676,0.99820253,0.993585895
1.003759185,1.002571734,1.001690297,1.004352962,0.997770046,1.005833805,0.997530048,0.99340448
1.004206988,1.003234409,1.001557452,1.004352962,0.997547566,1.0059324,0.998651327,0.993468412
1.004807061,1.003893746,1.00139461,1.003479523,0.997547566,1.006087636,0.999100504,0.993479273
1.005101429,1.00461874,1.001341789,1.003479523,0.997547566,1.006288962,0.998875868,0.993477867
1.005829751,1.005106984,1.001265256,1.004134468,0.997102885,1.006614791,0.999774983,0.993149688
1.00565508,1.005166001,1.00113923,1.003916064,0.997102885,1.006949997,0.999774983,0.993003271
1.005344282,1.005182332,1.001004198,1.004352962,0.997325179,1.007320092,0.999774983,0.992823433
1.005339749,1.00519854,1.000838583,1.004134468,0.997102885,1.007373417,1.000225113,0.99294689
1.004716928,1.004730203,1.000672799,1.003697749,0.997102885,1.007450067,1.000450321,0.99286215
1.004413259,1.004124059,1.000473003,1.003043338,0.997325179,1.007627779,1,0.992734626
1.003651017,1.003752461,1.000274547,1.002172038,0.997102885,1.00771446,0.999550061,0.99276025
1.002886534,1.003215721,1.000052064,1.001736922,0.996658578,1.007791511,0.999550061,0.992621794
1.002434008,1.002811179,0.999878043,1.001954436,0.997102885,1.00784602,0.999100504,0.992596934
1.002116526,1.003079526,0.999882593,1.001954436,0.996880685,1.007750159,0.999100504,0.992554075
1.001511012,1.003568333,1.000269896,1.001954436,0.997325179,1.007708024,0.998875868,0.992597594
1.001646961,1.004028971,1.00071351,1.001736922,0.997547566,1.007755577,0.998651327,0.99248383
1.001646264,1.00457063,1.000857042,1.001084912,0.997547566,1.007951653,0.999100504,0.992369699
1.001183198,1.004587817,1.001226899,1.000216806,0.996880685,1.007995168,0.998426881,0.992141413
1.000136333,1.004715414,1.001650467,1,0.997547566,1.008018399,0.998651327,0.992102125
0.999385876,1.004674776,1.002091652,1,0.996880685,1.008049786,0.997978275,0.991999427
0.999087313,1.004774719,1.002533025,0.999350113,0.996880685,1.008072701,0.997306077,0.991849449
0.999073442,1.004954664,1.002854925,0.999566654,0.997547566,1.008161033,0.9970822,0.991741345
0.998475898,1.004431559,1.003199048,0.999566654,0.997547566,1.00831209,0.996634731,0.991662293
0.998172574,1.004115638,1.003205921,1,0.997325179,1.008608266,0.996634731,0.991676967
0.997871098,1.003746698,1.003205259,0.999350113,0.997102885,1.0089685,0.9970822,0.991761451
0.997855675,1.003735052,1.003217416,0.99913366,0.997102885,1.009168573,0.996634731,0.991892674
0.998578089,1.00404848,1.00339562,0.998917296,0.997325179,1.009305449,0.996858418,0.99210966
0.998997601,1.004445046,1.003443758,0.998701019,0.997102885,1.009487722,0.9970822,0.992271861
0.999133496,1.004754043,1.003565348,0.999350113,0.997325179,1.009663178,0.996858418,0.992162725
0.999262838,1.005051193,1.003600904,1.000216806,0.997102885,1.009740573,0.9970822,0.992062552
0.999408104,1.005452077,1.003677764,1.00130216,0.997325179,1.009869388,0.997306077,0.992102503
0.999665309,1.005909927,1.003719446,1.002172038,0.997770046,1.010041813,0.997306077,0.992153801
0.999953866,1.006173615,1.003961821,1.002172038,0.998215288,1.010098148,0.996858418,0.99207724
0.999937607,1.006385049,1.004169126,1.001954436,0.997770046,1.010160545,0.9970822,0.991962701
0.999611601,1.005906115,1.004064749,1.002172038,0.997547566,1.010378917,0.996634731,0.991823674
0.999300682,1.005192663,1.003760987,1.003043338,0.997547566,1.010555707,0.9970822,0.991653206
0.998544901,1.004631579,1.00347742,1.00238973,0.996880685,1.010734464,0.997306077,0.991566245
0.998244134,1.004136571,1.003109711,1.00238973,0.997102885,1.010937793,0.997306077,0.991542934
0.997639612,1.003600105,1.002753574,1.00238973,0.997325179,1.011122028,0.997754114,0.991579968
0.997765629,1.002847976,1.002345911,1.00260751,0.996880685,1.01132961,0.997978275,0.991529681
0.997847505,1.002324906,1.001891676,1.003261386,0.997325179,1.011337205,0.999100504,0.991517151
0.997698614,1.00169414,1.001592252,1.003916064,0.997770046,1.011430923,0.999774983,0.991346869
0.997660796,1.001132758,1.001245806,1.004134468,0.99799262,1.011464362,1.000225113,0.99141317
0.99795801,1.001214596,1.000961569,1.003697749,0.997770046,1.011450687,1,0.99121067
0.997808339,1.00095614,1.001125381,1.004134468,0.998215288,1.011196243,1.000450321,0.991137554
0.997950338,1.000842067,1.001087277,1.004790218,0.998438048,1.010889916,0.999774983,0.99090196
0.99763988,1.000372857,1.001168081,1.00500898,0.998215288,1.010578137,1.000225113,0.990719138
0.996740992,1.000251212,1.001137312,1.004571545,0.998215288,1.01040938,1,0.990400673
0.996591074,0.999995312,1.001219037,1.004571545,0.99799262,1.010092098,1.000450321,0.99032852
0.99688065,0.999590208,1.001353758,1.004571545,0.997325179,1.010156426,1.000901024,0.990294763
0.997174311,0.999465964,1.001372569,1.004571545,0.997325179,1.009931935,1.001126519,0.99015495
0.997166975,0.999303604,1.001419738,1.004352962,0.997547566,1.009680378,1.001126519,0.989959481
0.998045332,0.999044921,1.001514357,1.004352962,0.997547566,1.009474133,1.001352109,0.98987323
0.998341916,0.998928724,1.001413899,1.004790218,0.997547566,1.009412652,1.002029457,0.989869455
0.998760637,0.998813789,1.00126913,1.004571545,0.997547566,1.009296788,1.002255431,0.98981416
0.999278752,0.998832584,1.001316382,1.00500898,0.99799262,1.009224561,1.002255431,0.989799962
0.999872786,0.99882863,1.001193741,1.004134468,0.997547566,1.009098115,1.002029457,0.990000468
1.000612812,0.998676801,1.001072231,1.004571545,0.997770046,1.008897261,1.002029457,0.990163959
1.00103484,0.998596519,1.001198681,1.005446773,0.996880685,1.009085583,1.002255431,0.989988769
1.00133014,0.998785751,1.001147315,1.005884924,0.997325179,1.009300643,1.002029457,0.989834117
1.001927127,0.999318244,1.001106673,1.005446773,0.997102885,1.009445094,1.001803578,0.989817881
1.001925986,0.999851516,1.001136146,1.005665804,0.997547566,1.009811194,1.002029457,0.989887938
1.002207058,1.000390076,1.001080771,1.005665804,0.997325179,1.010074365,1.001803578,0.989883348
1.002782318,1.000904377,1.000961643,1.005884924,0.997102885,1.010429277,1.002029457,0.989928338
1.002929399,1.001364843,1.000877511,1.005665804,0.997102885,1.010540377,1.002029457,0.989773606
1.003209638,1.001579115,1.000705358,1.00500898,0.996880685,1.010879057,1.001352109,0.989671149
1.00320152,1.002065831,1.000589526,1.004571545,0.996880685,1.011206922,1.001126519,0.989650573
1.003491585,1.002238982,1.00077379,1.004134468,0.997547566,1.011676627,1.000450321,0.98969742
1.004829434,1.008768026,1.009937765,1.004571545,0.997102885,1.018974102,1.000901024,0.996030689
1.005274606,1.015359928,1.019158444,1.00500898,0.998215288,1.026476189,1.000901024,1.002368515
1.005698224,1.022276555,1.028494309,1.004571545,0.998660903,1.033691174,1.000901024,1.008722107
1.006594476,1.028885484,1.038025285,1.004352962,0.999106893,1.041370187,1.000450321,1.015160179
1.007190652,1.035595217,1.047596636,1.004571545,0.998883851,1.048975456,1.001126519,1.021781341
1.006887037,1.042310605,1.057263637,1.004352962,0.999330029,1.05679252,1.001352109,1.028238315
1.007166505,1.049037256,1.067051411,1.004790218,0.999553259,1.064679624,1.002029457,1.034725254
1.007766664,1.055724994,1.076860579,1.004790218,0.999776582,1.072637798,1.002255431,1.041613275
1.007549963,1.060710336,1.084239304,1.004790218,0.999776582,1.082564467,1.00293393,1.054467116
1.007851491,1.065911354,1.092432318,1.005227831,0.999330029,1.09385349,1.003160289,1.070072889
1.007997515,1.07126168,1.100667694,1.005446773,0.999776582,1.105477316,1.00293393,1.085961374
1.008299265,1.076587117,1.108742616,1.00500898,1.000670817,1.116574063,1.002707668,1.102289214
1.008725945,1.081399416,1.117203577,1.004790218,1.000894612,1.12802589,1.002481501,1.119002006
1.008975503,1.086221491,1.125857229,1.005665804,1.001342483,1.139634168,1.003160289,1.13615924
1.009583038,1.091107654,1.134449011,1.005446773,1.000894612,1.151102081,1.00293393,1.15349031
1.009880088,1.095968307,1.143030833,1.005446773,1.0011185,1.16301441,1.003386745,1.171272309
1.009418625,1.100791711,1.151735963,1.00500898,1.0011185,1.175110904,1.003160289,1.189422702
1.009570367,1.10723809,1.162372305,1.005446773,1.0011185,1.191173406,1.00293393,1.21462892
1.009714368,1.114659983,1.173828565,1.005446773,1.001342483,1.208375356,1.003160289,1.24367905
1.009708108,1.122139043,1.185400464,1.006104135,1.001790732,1.225957916,1.003613296,1.27390842
1.010007568,1.130087779,1.196577642,1.006104135,1.0011185,1.243801906,1.003613296,1.304998017
1.009397443,1.13062991,1.197170848,1.006542825,1.001790732,1.252733675,1.003613296,1.327716299
1.009242041,1.131355619,1.197941419,1.006542825,1.000894612,1.261777548,1.003160289,1.351037579
1.008919951,1.132101971,1.19852074,1.006542825,1.0011185,1.270911813,1.002481501,1.375083052
1.008430198,1.132827764,1.199093733,1.006762305,1.000670817,1.279973488,1.003160289,1.39966072
1.007959964,1.133514665,1.199666233,1.006323435,1.000447117,1.289213409,1.002255431,1.424675939
1.008394945,1.13518173,1.201830645,1.005884924,1.000223512,1.300776565,1.001803578,1.457909619
1.008826279,1.137314619,1.204074557,1.005884924,0.999776582,1.313486931,1.000901024,1.494733268
1.008816444,1.139654079,1.20662967,1.006542825,1,1.326514466,1.000450321,1.533037511
1.00971385,1.143932476,1.211915679,1.006981875,0.999776582,1.337068022,1.000675624,1.562335811
1.010169391,1.147912627,1.216429985,1.006981875,1.000223512,1.346084747,1.000901024,1.587598889
1.010773977,1.15161842,1.22100266,1.006542825,1,1.355099871,1.001126519,1.613123699
1.010921842,1.155705155,1.225611503,1.006323435,0.999553259,1.364434241,1.001126519,1.639433073
1.011204499,1.159692974,1.230098031,1.006323435,0.998660903,1.373457288,1.001803578,1.666458278
1.011204055,1.163698648,1.234464056,1.006104135,0.99799262,1.382752756,1.001352109,1.693706991
1.011290358,1.167931201,1.23973554,1.006323435,0.998215288,1.393231713,1.001126519,1.72737432
1.0114246,1.172263677,1.245662126,1.006104135,0.99799262,1.404660232,1.000450321,1.765219098
1.012016463,1.176931938,1.251819995,1.006323435,0.997547566,1.416104062,1.000675624,1.804301532
1.012014482,1.179904688,1.255930478,1.006104135,0.997325179,1.422931709,1.000901024,1.832149443
1.012461407,1.182093615,1.2593318,1.006762305,0.997102885,1.428645481,1.001352109,1.855306254
1.012917838,1.184280868,1.262716223,1.006762305,0.997102885,1.434377696,1.002029457,1.878511859
1.013367244,1.186374738,1.266243264,1.007641127,0.99799262,1.440018721,1.002707668,1.90228215
1.01348865,1.188385616,1.269707916,1.007641127,0.997547566,1.445861623,1.002707668,1.92653595
1.014082083,1.190560327,1.272920364,1.007641127,0.997770046,1.451650815,1.00293393,1.951132557
1.014374402,1.19226944,1.276690064,1.007861057,0.997547566,1.458342469,1.003386745,1.980862315
1.014680223,1.194547684,1.280614002,1.00830119,0.99799262,1.466135031,1.003613296,2.013501132
1.015288801,1.196884467,1.284642704,1.008081078,0.998215288,1.473775283,1.003839944,2.046972006
1.015888793,1.198039952,1.286825765,1.00830119,0.998215288,1.478730418,1.003839944,2.068833354
1.015858376,1.198749542,1.288927911,1.007861057,0.998215288,1.482796059,1.004066689,2.085888429
1.016317633,1.19935706,1.290806136,1.008081078,0.998215288,1.486605103,1.004747502,2.103989926
1.016150085,1.200017423,1.29271482,1.007201536,0.998438048,1.490692296,1.004747502,2.122080545
1.016441444,1.200590666,1.294687631,1.007861057,0.998660903,1.494678914,1.004974633,2.140266431
1.016274231,1.201282158,1.296670533,1.008741684,0.998660903,1.498703562,1.004747502,2.159604458
1.016575827,1.203137382,1.299780365,1.009403103,0.999106893,1.502547304,1.004520467,2.182046126
1.016870913,1.20466899,1.302241939,1.009403103,0.999106893,1.507769285,1.004520467,2.206709946
1.017173212,1.205988581,1.304715814,1.009623758,1.000223512,1.513044688,1.00429353,2.232015945
1.017318282,1.207028574,1.306544544,1.009844503,0.999553259,1.517007413,1.004520467,2.249093075
1.017471102,1.207754525,1.307569329,1.010286266,1,1.51996014,1.004520467,2.262169173
1.017913442,1.208557326,1.308459159,1.010065339,1.000223512,1.523135105,1.004520467,2.27539023
1.018191058,1.209294643,1.30941653,1.010286266,1.000447117,1.526106356,1.004066689,2.288667893
1.018035867,1.209858423,1.310398867,1.010065339,1.000223512,1.529030161,1.003839944,2.301929663
1.018182169,1.210609816,1.311236416,1.009844503,1.000223512,1.53209962,1.00293393,2.316065649
1.01848054,1.211489246,1.312854768,1.009182539,0.999776582,1.536379088,1.002255431,2.33318603
1.018599182,1.213287585,1.314828315,1.009403103,0.999330029,1.540466097,1.002255431,2.351666869
1.018598404,1.214972781,1.316898252,1.009403103,0.999553259,1.544595267,1.00293393,2.370682082
1.018751838,1.216992172,1.318396178,1.009403103,1,1.54783349,1.00293393,2.383218277
1.018589071,1.218561389,1.319914259,1.009403103,0.999553259,1.550138029,1.002029457,2.393214015
1.018107978,1.220163641,1.321214397,1.009403103,0.999553259,1.552527891,1.002481501,2.403932045
1.0176348,1.221749163,1.322710223,1.009623758,0.999330029,1.554617351,1.003160289,2.414225895
1.017624131,1.223267681,1.32415725,1.010286266,0.999776582,1.556665572,1.003160289,2.424844447
1.016986576,1.224895805,1.325547886,1.009623758,0.999553259,1.558898848,1.002481501,2.434694586
1.016512913,1.225198595,1.327146244,1.010065339,0.999776582,1.561665974,1.002029457,2.447547313
1.015886036,1.226727049,1.329340929,1.009623758,0.999776582,1.564831104,1.001126519,2.46215178
1.015886002,1.228244977,1.331718452,1.009403103,1,1.567868292,1.001126519,2.476621493
1.015870646,1.228557182,1.332802035,1.008962066,0.999330029,1.570994436,1.001126519,2.486608104
1.015868708,1.229234416,1.334741737,1.009844503,1.000223512,1.572918496,1.000450321,2.494742726
1.015537082,1.230062968,1.33652173,1.010065339,1,1.574892905,1.000901024,2.503240116
1.015681298,1.230846189,1.338272418,1.009844503,1.000670817,1.576673766,1.001126519,2.511994592
1.015633037,1.231615626,1.340064189,1.009623758,1,1.578653201,1.001352109,2.520407543
1.015165599,1.232255657,1.341940446,1.009623758,1,1.580463456,1.001352109,2.528796266
1.015151253,1.233227985,1.343653541,1.009844503,0.999553259,1.583446498,1.001126519,2.539017602
1.015596961,1.235050851,1.34514018,1.009844503,0.999776582,1.587038367,1.000675624,2.550809321
1.016051094,1.236760881,1.346895373,1.010065339,0.999330029,1.590523251,1.001577796,2.56216824
1.016358095,1.238248048,1.347669292,1.010286266,0.999106893,1.593020147,1.001803578,2.569607867
1.016812455,1.238973395,1.34827173,1.010286266,0.999776582,1.595528395,1.001577796,2.575938635
1.017090503,1.239751102,1.348792058,1.010728393,0.999553259,1.597932463,1.000901024,2.582044375
1.017088346,1.240377897,1.349605456,1.011170883,0.999330029,1.600356832,1.000901024,2.588577625
1.017388841,1.241095535,1.350215563,1.010949592,0.999776582,1.602760063,1.001577796,2.595377446
1.018309334,1.241904994,1.350902908,1.011392265,0.999776582,1.605071246,1.000675624,2.601289515
1.017976803,1.24187289,1.352179212,1.011613738,1,1.60963034,1.000675624,2.609932208
1.017196468,1.236481563,1.34362478,1.010065339,0.999106893,1.604648072,1.000901024,2.609417401
1.017017652,1.231060954,1.335115533,1.010507284,0.999553259,1.599605246,1.000225113,2.60817182
1.016688322,1.226860855,1.326196914,1.010507284,0.999553259,1.594038877,1.000450321,2.603822132
1.016377041,1.22127493,1.316905692,1.010065339,0.999106893,1.588250408,1.000225113,2.598008048
1.015759808,1.215686284,1.307333308,1.009623758,0.999106893,1.582535056,1.000225113,2.59247807
1.014812062,1.210287564,1.298253098,1.009403103,0.999776582,1.576838518,1.000225113,2.587831944
1.014186617,1.20508901,1.289239933,1.009182539,0.999330029,1.571292004,1.000450321,2.582575892
1.013411427,1.194336437,1.272619831,1.008081078,0.998883851,1.549800134,0.999774983,2.547456419
1.01229071,1.183309289,1.255406977,1.007641127,0.998438048,1.525985971,0.999325235,2.504370322
1.012129316,1.172412285,1.238512948,1.006981875,0.998438048,1.502445486,0.999550061,2.462915563
1.01182269,1.161604385,1.221866854,1.007421286,0.998438048,1.479579605,0.999550061,2.421806608
1.011359382,1.150782615,1.205447062,1.006542825,0.998883851,1.456238666,0.999774983,2.381305042
1.01054569,1.139389561,1.189387069,1.006104135,0.998660903,1.432962265,0.999550061,2.339854943
1.009625276,1.128062973,1.173631222,1.005884924,0.999106893,1.41028263,0.998875868,2.299734105
1.008554146,1.11701572,1.158210904,1.005227831,0.999330029,1.388059324,0.998651327,2.261279507
1.008087787,1.10595931,1.142841833,1.005227831,0.998883851,1.366125729,0.998651327,2.22384736
1.00746199,1.095225116,1.12749183,1.004790218,0.999106893,1.340557392,0.998651327,2.170648734
1.006533911,1.083904787,1.112042085,1.004134468,0.998883851,1.314767879,0.998875868,2.112277441
1.005002384,1.072798787,1.09695894,1.003697749,0.998438048,1.289526913,0.99820253,2.056362094
1.003335118,1.061738236,1.081998961,1.003261386,0.998215288,1.265063658,0.999325235,2.002909698
1.002429484,1.051652983,1.066758146,1.00282538,0.997770046,1.23974429,0.999100504,1.95042296
1.001970612,1.045967778,1.059322191,1.003043338,0.998215288,1.221483508,0.998651327,1.905200271
1.001359183,1.04041414,1.051933854,1.00260751,0.99799262,1.203701626,1,1.862417079
1.001040835,1.03492583,1.044727085,1.00260751,0.997325179,1.186223462,1.000225113,1.821069467
1.000565163,1.029478491,1.037550174,1.00260751,0.997770046,1.169068724,1.001126519,1.780997317
1.000404223,1.023828794,1.030252737,1.003043338,0.997102885,1.151564765,1.000901024,1.734162835
1.000098466,1.01841139,1.022975642,1.003261386,0.996436564,1.133419172,1.000225113,1.68522015
0.999481149,1.012884268,1.015581957,1.00260751,0.995992815,1.115559239,0.999550061,1.638655508
0.999480504,1.012032284,1.014419121,1.00282538,0.99577108,1.107990373,1.000225113,1.608513385
0.999612006,1.011590151,1.013767778,1.00238973,0.995992815,1.102405214,1.000225113,1.582934346
0.999006893,1.01115455,1.013206751,1.00260751,0.996214643,1.096802831,1,1.558383863
0.998704481,1.010658114,1.012576577,1.001954436,0.995549438,1.091344954,1.000225113,1.534572827
0.998693779,1.010242715,1.011963055,1.002172038,0.995106433,1.085921104,1.000901024,1.511186382
0.998540992,1.00962859,1.011131942,1.00238973,0.995327889,1.080054782,1.000901024,1.484010886
0.998645317,1.009348384,1.010558243,1.002172038,0.99488507,1.073877611,1.001126519,1.455852827
0.99833867,1.008875597,1.009952671,1.00282538,0.994442621,1.067683097,1.001803578,1.428694081
0.997883719,1.008356742,1.009501846,1.001736922,0.99488507,1.061535403,1.001352109,1.402122625
0.997560989,1.007777921,1.009107436,1.00130216,0.994442621,1.058586803,1.001577796,1.384575956
0.997824477,1.007836706,1.008898467,1.001084912,0.994000542,1.056344734,1.001577796,1.371046812
0.998551855,1.007926233,1.008688891,1.00130216,0.993779642,1.053916131,1.001577796,1.357439128
0.99913122,1.008045138,1.008502729,1.001084912,0.994000542,1.051667185,1.001352109,1.343939632
0.999125286,1.007787963,1.00824157,1.001084912,0.99488507,1.049187193,1.001803578,1.328046848
1.000007752,1.008134146,1.008138518,1.001736922,0.995106433,1.046434315,1.002029457,1.311989929
1.000154866,1.008136076,1.007979534,1.001954436,0.995327889,1.043881922,1.001352109,1.295694751
1.000443828,1.008376694,1.00780905,1.001954436,0.99577108,1.041161741,1.001352109,1.280013878
1.000892079,1.008649931,1.007622403,1.001736922,0.995106433,1.038438556,1.000675624,1.264470588
1.000577162,1.009078532,1.007618097,1.001736922,0.995549438,1.036397874,1.000901024,1.254120471
1.000876578,1.009308482,1.007616859,1.001519496,0.996214643,1.035268546,1.001352109,1.246220447
1.001317816,1.009610912,1.007670145,1.001736922,0.996880685,1.034139408,1.001803578,1.238458105
1.001465748,1.010438835,1.00753915,1.001954436,0.997325179,1.032671111,1.001577796,1.228784144
1.001457146,1.010494269,1.007584313,1.002172038,0.997325179,1.031357813,1.001803578,1.219127442
1.001298941,1.010648123,1.007501537,1.00260751,0.997547566,1.030131697,1.001577796,1.209202697
1.000835525,1.01070756,1.007482029,1.003043338,0.998438048,1.028907415,1.002029457,1.199375402
1.000071344,1.0107586,1.007373357,1.003479523,0.999106893,1.027602686,1.001352109,1.189538174
0.99990232,1.010989983,1.007527109,1.003261386,0.999553259,1.026762762,1.001577796,1.183341569
0.999294001,1.010952966,1.00747722,1.003261386,0.999330029,1.026208628,1.001577796,1.177997969
0.99898732,1.010908221,1.007471881,1.00282538,0.999330029,1.025628876,1.000901024,1.172471009
0.999121345,1.011037056,1.007200703,1.003479523,0.999330029,1.024723931,1.001352109,1.165880694
0.999266964,1.011517608,1.007133105,1.003479523,0.999330029,1.023770417,1.000901024,1.158761972
0.999399406,1.011769207,1.007038934,1.004134468,1,1.022797409,1.000675624,1.152074634
0.99907603,1.012081367,1.006952897,1.003697749,1.000670817,1.021912007,1.001126519,1.145505081
0.999219963,1.01223229,1.006852746,1.004134468,1.000670817,1.021026504,1.000450321,1.138837214
0.999802026,1.012844902,1.006802216,1.004134468,0.999776582,1.020247671,0.999774983,1.134219532
0.999336645,1.012931775,1.006699865,1.003916064,1,1.019801988,0.999550061,1.130523714
0.999778036,1.013098044,1.006591644,1.003697749,0.999776582,1.019172655,0.999550061,1.12691269
0.99992582,1.012629379,1.006189317,1.003043338,0.999776582,1.018808742,0.999100504,1.122371761
0.999925572,1.011992019,1.005488919,1.003479523,1.000447117,1.018628535,0.999550061,1.117566383
1.000057831,1.011302627,1.004837264,1.003043338,1.000894612,1.018432489,0.999774983,1.112815076
0.999750657,1.010715052,1.004157928,1.003479523,1,1.018203386,1.000450321,1.108086188
0.99955809,1.010217822,1.003549712,1.003261386,0.999776582,1.017942856,1.000450321,1.10330697
0.999701575,1.009234292,1.002917959,1.003479523,0.999553259,1.018040614,1.000901024,1.100139794
0.999851084,1.008650908,1.002318123,1.003479523,0.999330029,1.017903201,1.000675624,1.097211154
0.999992301,1.008027166,1.001670733,1.003479523,0.999106893,1.0177552,1.000675624,1.094332674
1.000113198,1.00749228,1.001134777,1.003479523,0.998883851,1.017236069,1,1.090782584
1.000713044,1.006663814,1.000570544,1.003479523,0.998438048,1.016941933,0.999774983,1.086927956
1.000396925,1.005715926,1.000009712,1.003697749,0.998215288,1.016691369,1.000225113,1.082845646
1.000542226,1.004810261,0.999561695,1.003916064,0.998215288,1.016444216,1,1.079190997
1.000685074,1.003793065,0.999065533,1.004134468,0.998660903,1.016148603,0.999774983,1.075433622
1.000380801,1.002652551,0.998767104,1.003916064,0.998215288,1.016230113,0.999550061,1.072859958
0.999924776,1.001228612,0.9982564,1.004352962,0.998883851,1.016446889,0.999550061,1.070748182
0.999306024,0.999922435,0.997768072,1.003261386,0.998438048,1.016623003,0.999774983,1.068283016
0.999146709,0.999140655,0.996940065,1.003261386,0.99799262,1.016486371,1,1.065515055
0.998092972,0.997896066,0.996289248,1.003043338,0.998215288,1.015984399,1.000450321,1.06267262
0.997344162,0.996775298,0.995682024,1.003261386,0.99799262,1.015745249,1.000675624,1.059881339
0.997176119,0.995754027,0.994875723,1.003261386,0.997547566,1.01539169,1.001352109,1.057046151
0.996409296,0.994638395,0.994115501,1.003697749,0.997770046,1.015004283,1.002255431,1.054282907
0.996251826,0.99412073,0.993551508,1.004134468,0.997770046,1.01454316,1.002029457,1.052153704
0.995498127,0.993820333,0.993445567,1.004352962,0.997547566,1.013941366,1.002029457,1.05043713
0.995323773,0.99349243,0.993200405,1.004790218,0.996880685,1.013394756,1.002255431,1.048720355
0.994841439,0.992505185,0.9931335,1.004790218,0.997102885,1.012663776,1.002481501,1.046539034
0.994836028,0.991983235,0.993058821,1.004790218,0.996658578,1.01162769,1.00293393,1.044320881
0.994533573,0.991668059,0.992932224,1.004790218,0.996214643,1.010409518,1.002481501,1.041871841
0.994235805,0.991363887,0.992761802,1.005227831,0.996658578,1.009279883,1.002255431,1.039544429
0.994059169,0.990658397,0.99265696,1.005446773,0.996214643,1.008247679,1.002029457,1.037208065
0.994502661,0.990448154,0.992505499,1.00500898,0.99577108,1.00736037,1.001803578,1.035608403
0.99464646,0.99063449,0.992390138,1.005227831,0.995992815,1.006388762,1.002255431,1.034411729
0.994941418,0.990831748,0.992176462,1.005446773,0.995549438,1.005434674,1.002029457,1.033349705
0.994598566,0.990934652,0.992126407,1.005884924,0.995992815,1.004241248,1.001803578,1.031626674
0.994588273,0.990915477,0.991972849,1.005884924,0.99577108,1.003038778,1.002029457,1.029603621
0.994725347,0.990921903,0.991721153,1.006104135,0.995992815,1.001897009,1.002255431,1.027865551
0.995013931,0.990943491,0.991571801,1.005446773,0.995549438,1.000705845,1.002707668,1.025927695
0.995599021,0.991075484,0.9914336,1.006762305,0.995992815,0.99946135,1.002255431,1.024079873
0.995896202,0.990646331,0.991525041,1.006981875,0.996214643,0.998540503,1.001803578,1.022735838
0.996638978,0.99057878,0.991510706,1.007201536,0.996214643,0.997836484,1.002255431,1.021658463
0.997206452,0.990383927,0.991605665,1.007201536,0.997325179,0.997066008,1.002481501,1.020574131
0.99704716,0.990028764,0.991504631,1.007421286,0.997547566,0.996351959,1.002255431,1.019339933
0.997190586,0.989584888,0.991353594,1.006542825,0.997325179,0.99586039,1.002029457,1.017701358
0.996586181,0.98920781,0.991310981,1.006323435,0.997325179,0.995423546,1.002481501,1.016105441
0.997002946,0.988700712,0.991152139,1.005884924,0.997102885,0.994903673,1.003160289,1.014717118
0.996985152,0.988402265,0.991075638,1.005665804,0.996880685,0.994420048,1.003386745,1.013165646
0.997692858,0.988632231,0.990810114,1.005446773,0.997102885,0.994112418,1.002481501,1.012215482
0.997362082,0.988235297,0.990443736,1.006104135,0.997547566,0.993999338,1.002255431,1.011316377
0.997211172,0.987796221,0.990292595,1.006104135,0.997770046,0.993896574,1.003160289,1.010450919
0.997360474,0.988199367,0.989993552,1.005665804,0.997547566,0.993617341,1.003386745,1.009185147
0.997646896,0.988294729,0.989838948,1.005227831,0.997770046,0.993086158,1.003613296,1.008069091
0.997496625,0.988245755,0.989641452,1.006104135,0.99799262,0.992603554,1.003613296,1.006882523
0.997186097,0.988469898,0.989404845,1.005227831,0.997102885,0.992111576,1.003386745,1.005690964
0.997468724,0.98871201,0.989216719,1.004790218,0.996436564,0.991579341,1.00293393,1.004424287
0.997767606,0.988985965,0.988833918,1.003916064,0.996436564,0.991362811,1.002707668,1.003599939
0.997766715,0.989338713,0.988580449,1.003916064,0.996658578,0.991019719,1.002481501,1.002877656
0.997312321,0.989667368,0.988441623,1.003043338,0.995992815,0.990724895,1.002029457,1.002111776
0.996695715,0.989473748,0.98850979,1.003697749,0.996436564,0.990462596,1.002029457,1.001306058
0.996545887,0.989791377,0.988454598,1.003261386,0.996436564,0.990089096,1.002255431,1.000382065
0.996666303,0.990165377,0.988449835,1.003261386,0.99577108,0.98957593,1.002707668,0.999308815
0.996752862,0.990382163,0.988345335,1.003479523,0.995549438,0.989121947,1.002029457,0.998271812
0.996745467,0.990684653,0.988284046,1.003261386,0.994663799,0.988625757,1.002481501,0.997197852
0.996710545,0.991078703,0.988525216,1.00282538,0.994442621,0.988145198,1.00293393,0.996386275
0.996859524,0.991577652,0.988677021,1.003261386,0.994221535,0.98745619,1.002707668,0.995851392
0.997596088,0.992067127,0.98881058,1.003479523,0.993779642,0.986738702,1.002481501,0.995337971
0.997743696,0.99250501,0.988942639,1.003697749,0.993779642,0.985929316,1.001803578,0.994389506
0.997726632,0.992675461,0.988891204,1.003479523,0.993338118,0.9850205,1.001803578,0.993499618
0.997128375,0.992973674,0.988886019,1.003261386,0.993117494,0.984127318,1.002255431,0.992683528
0.997104601,0.99318784,0.988929068,1.001954436,0.992456177,0.983300473,1.002481501,0.991986889
0.997097182,0.993438698,0.988928989,1.001736922,0.992235922,0.982463261,1.001352109,0.991274478
0.996646939,0.99307515,0.988944786,1.001736922,0.991795688,0.981881744,1.000901024,0.990722318
0.996638441,0.992813219,0.988771015,1.001954436,0.992015759,0.981454847,1.001126519,0.990231876
0.996323734,0.992547193,0.988641154,1.001736922,0.992235922,0.981032611,1.001577796,0.989804394
0.996024947,0.992123414,0.988341957,1.00238973,0.993558834,0.980770814,1.001126519,0.988991762
0.995872704,0.992004996,0.988108443,1.003043338,0.994663799,0.980179116,1.001126519,0.988157912
0.99572214,0.991608169,0.98794504,1.003043338,0.994000542,0.97963461,1.001577796,0.987451564
0.995253148,0.991468154,0.987744089,1.00260751,0.994000542,0.979166574,1.001803578,0.986770901
0.995687785,0.991258002,0.987476633,1.003479523,0.994221535,0.978652189,1.001577796,0.985923853
0.996279736,0.991504481,0.986889785,1.002172038,0.993779642,0.978128483,1.001352109,0.985305352
0.995976206,0.99125243,0.986542283,1.001519496,0.993338118,0.97773199,1.000675624,0.984810637
0.995522869,0.991010046,0.986190271,1.001519496,0.993779642,0.977370485,1.000225113,0.984457795
0.994475813,0.98979394,0.985912042,1.00130216,0.994000542,0.977370033,1,0.98369388
0.994162611,0.989208384,0.985605442,1.001084912,0.994221535,0.977413269,0.999774983,0.983063415
0.994149488,0.98856291,0.985304375,1.000650682,0.994221535,0.977410188,0.998875868,0.982191141
0.9939812,0.98801754,0.98491504,1.000650682,0.994000542,0.977282156,0.998875868,0.981411042
0.993681281,0.987367859,0.98457234,0.999783283,0.994000542,0.97716996,0.998875868,0.980448504
0.993054395,0.986870878,0.984161023,0.99913366,0.993338118,0.977268923,0.99820253,0.979802559
0.992751315,0.98658972,0.983972475,0.998917296,0.993558834,0.977414491,0.9970822,0.979225177
0.992894008,0.986287853,0.983874035,0.999350113,0.993779642,0.977511853,0.996411138,0.978768876
0.993445544,0.986252195,0.983837897,1.000216806,0.994442621,0.977425042,0.99618764,0.978129339
0.993888196,0.98632909,0.983729807,1.000433699,0.99488507,0.977340561,0.996634731,0.977361982
0.994168517,0.986201991,0.983668499,1.000867753,0.995327889,0.977100018,0.9970822,0.9767601
0.993995451,0.986168833,0.983712817,1.000650682,0.995327889,0.977129314,0.9970822,0.976130429
0.994143456,0.9862074,0.983713013,1.000433699,0.995327889,0.977113263,0.997306077,0.975494569
0.994575066,0.986319379,0.983749534,1,0.99488507,0.976869655,0.997754114,0.97503174
0.994393217,0.986096876,0.983797431,0.999566654,0.994663799,0.976997102,0.99820253,0.97470648
0.994522856,0.98589471,0.983887124,1,0.995549438,0.977073333,0.997978275,0.974235005
0.994665714,0.985492548,0.983916461,1.000216806,0.995327889,0.976989131,0.997978275,0.973710146
0.994206892,0.984822789,0.984198481,1,0.995549438,0.977039219,0.998875868,0.973312277
0.993443136,0.984362633,0.984387397,1.000867753,0.995549438,0.977194447,0.998426881,0.972710502
0.993433008,0.983985198,0.984623156,1.001519496,0.995992815,0.977450082,0.998875868,0.972135792
0.993282005,0.983510492,0.984810524,1.001084912,0.99577108,0.977535508,0.998875868,0.971592692
0.99387379,0.98400746,0.98505403,1.000650682,0.995992815,0.977303159,0.999325235,0.971370749
0.993710026,0.983892182,0.985188062,1.000867753,0.995549438,0.977090703,0.999100504,0.971109787
0.99369977,0.983872532,0.985362815,1.001519496,0.99577108,0.976919091,0.999774983,0.971025371
0.993661442,0.983514544,0.985389644,1.001519496,0.995992815,0.976801453,0.999100504,0.970564247
0.993362958,0.983452053,0.98519105,1.001954436,0.996436564,0.976950759,0.999100504,0.970187199
0.993808594,0.983462656,0.985077188,1.002172038,0.996880685,0.97703015,0.999774983,0.96986293
0.994102415,0.983404955,0.984867102,1.00238973,0.997325179,0.977118293,1.000450321,0.969662896
0.994547078,0.983353463,0.984741886,1.001954436,0.997325179,0.977188497,1.001126519,0.969154797
0.994237249,0.98300699,0.98445354,1.00130216,0.997102885,0.977495727,1.001352109,0.968898358
0.994234429,0.982547739,0.984131948,1.001519496,0.997547566,0.977770061,1.001577796,0.96871691
0.994217635,0.982213948,0.983897175,1.001519496,0.997325179,0.977999009,1.001352109,0.968280245
0.994201828,0.981906313,0.983676103,1.001084912,0.997325179,0.977831029,1.001126519,0.967888971
0.994184164,0.981131406,0.983324593,1.000650682,0.996658578,0.977774201,1.000901024,0.967425896
0.99403122,0.98038395,0.983099065,1.000867753,0.996436564,0.977651244,1.000901024,0.967009191
0.993568022,0.979743588,0.982897341,1.000867753,0.996658578,0.977480019,1.000675624,0.966537083
0.993564181,0.979262543,0.982617432,1.000650682,0.996436564,0.977368604,1.001126519,0.966146379
0.993691859,0.978946768,0.982395077,1.000867753,0.996658578,0.977252403,1.001126519,0.965818128
0.993665938,0.978691705,0.982032372,1.000433699,0.996880685,0.977098738,1.001352109,0.965617183
0.994101423,0.978244919,0.981683075,1,0.997325179,0.976952521,1.001352109,0.96527147
0.993792488,0.977736269,0.981233113,1,0.997325179,0.976578795,1.001577796,0.965062256
0.993775253,0.977032122,0.980998978,0.999566654,0.996880685,0.976546735,1.001577796,0.964776481
0.99347462,0.976673669,0.980648742,1,0.996436564,0.976485544,1.001352109,0.964332502
0.993312046,0.976200829,0.980512985,0.999783283,0.996658578,0.976423899,1.000901024,0.963810882
0.992997145,0.975729355,0.980388221,1.000216806,0.996436564,0.97629997,1,0.963471588
0.992992545,0.975500038,0.980476533,1.000216806,0.996436564,0.976166115,1.000450321,0.963407041
0.993140173,0.975147406,0.980758879,1.001084912,0.996436564,0.97590389,1.000450321,0.9632387
0.992537412,0.974670514,0.980986495,1.00130216,0.996658578,0.97562157,1,0.962867237
0.992525335,0.975403085,0.981600437,1.001084912,0.996214643,0.975402561,1,0.962488117
0.994435066,1.006466365,1.027375229,1.001519496,0.996214643,1.011883372,0.999550061,0.996668606
0.996061355,1.038529646,1.075254568,1.00282538,0.996658578,1.050138073,0.999550061,1.032647061
0.997851168,1.071803857,1.125620224,1.003043338,0.996436564,1.090207251,0.999325235,1.070441555
0.999637575,1.106178634,1.178322341,1.003697749,0.996214643,1.132243655,1,1.109752156
1.001291664,1.141748315,1.233473495,1.00500898,0.996436564,1.176999589,1.000901024,1.151522866
1.003090104,1.179128229,1.291558465,1.005665804,0.996880685,1.224038253,1.000225113,1.195280574
1.004587453,1.217968924,1.352626679,1.006762305,0.997547566,1.273516584,1.000901024,1.241766446
1.007160564,1.267970416,1.431758287,1.007421286,0.997547566,1.339597617,1.000675624,1.315261584
1.008678469,1.321987239,1.519304481,1.007861057,0.997547566,1.412372787,1.000675624,1.397574511
1.010511609,1.378757472,1.61368129,1.00830119,0.997547566,1.490731203,1.000675624,1.487549669
1.01249989,1.438813395,1.715059038,1.009403103,0.997770046,1.575619288,1,1.586074939
1.013875979,1.502093351,1.824555259,1.010507284,0.997102885,1.667581874,1.000450321,1.694860737
1.015719488,1.569498101,1.943119792,1.011170883,0.997325179,1.768132164,1.000450321,1.81554398
1.017728823,1.640671758,2.071240606,1.012500544,0.998438048,1.877265827,1.001126519,1.950345303
1.019437918,1.716019986,2.210881193,1.013611108,0.998215288,1.99695789,1.001577796,2.101251171
1.022558495,1.804490619,2.368490842,1.014501211,0.998660903,2.131348372,1.002255431,2.27736509
1.025694966,1.900615133,2.543290677,1.014946814,0.998883851,2.283363381,1.002255431,2.479341882
1.028522282,2.003915245,2.736923252,1.01561591,0.999330029,2.453167263,1.002481501,2.712838581
1.03151916,2.115649884,2.952964359,1.015392786,0.999330029,2.64467543,1.002707668,2.986432994
1.034712575,2.235972302,3.194872846,1.016509329,0.999776582,2.861595868,1.003160289,3.309769008
1.037417705,2.36357706,3.466963601,1.017628184,1.000894612,3.108940646,1.002707668,3.69909836
1.038042651,2.404172997,3.538815543,1.018973872,1.00156656,3.176255781,1.002255431,3.863778434
1.039166584,2.446039158,3.612748427,1.018973872,1.00156656,3.24576857,1.002255431,4.041952747
1.039961511,2.492422552,3.692570053,1.019423179,1.002014998,3.320794946,1.002255431,4.241321237
1.040769628,2.542659158,3.777072815,1.019647973,1.002913009,3.400861621,1.002481501,4.462377403
1.04203003,2.594772875,3.865500611,1.019647973,1.002463814,3.483909773,1.001577796,4.702975983
1.042675045,2.648220579,3.95724145,1.020097839,1.002463814,3.570462374,1.002707668,4.969982529
1.043938042,2.703366262,4.052787957,1.019872859,1.002239359,3.661548066,1.002481501,5.259934003
1.044588521,2.732985609,4.086840619,1.020097839,1.002014998,3.687703955,1.003386745,5.326650457
1.045884441,2.757480281,4.109401296,1.02077334,1.002688364,3.705617479,1.003839944,5.369818608
1.047351362,2.782757261,4.129869364,1.021901047,1.003137749,3.72442906,1.004520467,5.41468619
1.047833447,2.809585737,4.154362171,1.021901047,1.003137749,3.752536604,1.004747502,5.460195068
1.049107824,2.839067621,4.183354568,1.021901047,1.003587513,3.77940913,1.004747502,5.510921555
1.050239041,2.867340739,4.211312511,1.022352786,1.003137749,3.806251636,1.00520186,5.559754873
1.051226036,2.896906937,4.240271118,1.023031101,1.003137749,3.833451478,1.004747502,5.610171331
1.052538393,2.926946643,4.268874584,1.022352786,1.003812537,3.860463278,1.004747502,5.660621532
1.052013543,2.940408962,4.285666766,1.022804902,1.004488182,3.881952434,1.004520467,5.68617175
1.052011486,2.951364689,4.299460922,1.022578797,1.005164683,3.895958514,1.004747502,5.706120877
1.052145368,2.962086548,4.313724126,1.022804902,1.004713587,3.910058927,1.00520186,5.726260397
1.051787498,2.974290942,4.328716789,1.023031101,1.005842044,3.925550472,1.00520186,5.744517671
1.051775585,2.987870211,4.344127709,1.022804902,1.006294095,3.94281513,1.00520186,5.769718906
1.051939727,3.001323094,4.359645687,1.022804902,1.005616161,3.959358524,1.004747502,5.789246145
1.051606091,3.014925539,4.375968549,1.021901047,1.005164683,3.976040192,1.005429185,5.815803449
1.051095782,3.028819056,4.392357539,1.021449683,1.004713587,3.992784456,1.004747502,5.836653012
1.050765907,3.038038817,4.403597652,1.021224142,1.004262872,4.0066198,1.004520467,5.847479197
1.050430224,3.043202799,4.412392979,1.020998694,1.004037657,4.017835759,1.00429353,5.859485606
1.049766333,3.048760856,4.420144596,1.021224142,1.004262872,4.029109854,1.004520467,5.866419862
1.049584994,3.051819587,4.429003255,1.021224142,1.004262872,4.042664713,1.003839944,5.877459185
1.049247547,3.056597775,4.438220406,1.021224142,1.004262872,4.056295866,1.003839944,5.89138651
1.049082606,3.060630436,4.44816351,1.021675318,1.004262872,4.070947178,1.003386745,5.900504559
1.048753771,3.065142528,4.45706052,1.021449683,1.003587513,4.085105605,1.00293393,5.91263357
1.048581085,3.069871944,4.467450284,1.021224142,1.003587513,4.099939494,1.00293393,5.92278245
1.04921261,3.073771979,4.474949599,1.021449683,1.003587513,4.103617558,1.003386745,5.935081918
1.049680455,3.075324304,4.477790393,1.021449683,1.003362583,4.108743749,1.003386745,5.938143149
1.049840575,3.077408503,4.480621811,1.020998694,1.003587513,4.115140669,1.003386745,5.944248606
1.049996999,3.081528113,4.482792681,1.02054808,1.003362583,4.119776868,1.003160289,5.952455185
1.049970173,3.084211103,4.485993534,1.02077334,1.002913009,4.130551054,1.002707668,5.961717885
1.050294967,3.087220105,4.489611623,1.020998694,1.002239359,4.140489428,1.00293393,5.971055628
1.050753196,3.090147176,4.49287752,1.021224142,1.002239359,4.150914276,1.003613296,5.981462614
1.050745653,3.093027691,4.496864347,1.021224142,1.002688364,4.161795605,1.003160289,5.986660357
1.051036652,3.093767558,4.499038933,1.021675318,1.001790732,4.170380675,1.003613296,5.994861952
1.051194793,3.093992884,4.500111336,1.021224142,1.000670817,4.177988979,1.003839944,5.994775035
1.051170253,3.093980993,4.50154151,1.021675318,1.001342483,4.185641295,1.00520186,5.99894691
1.050823869,3.0916391,4.504426459,1.021449683,1.0011185,4.191438537,1.006111741,6.002982048
1.051313633,3.093361958,4.512104242,1.022352786,1.002014998,4.205527676,1.006339454,6.008144793
1.051636092,3.095173194,4.519795232,1.023031101,1.00156656,4.219636604,1.007023175,6.015486649
1.051800644,3.097846157,4.527131804,1.023031101,1.001790732,4.233870948,1.006795171,6.019656718
1.052121921,3.099166715,4.535210912,1.022352786,1.001790732,4.248082521,1.006795171,6.027000434
1.052448018,3.103970716,4.541853131,1.022804902,1.002239359,4.259990098,1.007023175,6.03007097
1.052761383,3.106634845,4.548510084,1.023031101,1.002239359,4.270980915,1.007023175,6.032115319
1.052387005,3.109476539,4.554066804,1.022352786,1.002463814,4.28147694,1.007023175,6.038376046
1.052375737,3.110782811,4.561138155,1.022578797,1.002014998,4.290530762,1.007479476,6.044748053
1.052209066,3.110312868,4.569705617,1.02212687,1.001790732,4.296478364,1.007023175,6.052137119
1.052010766,3.110067437,4.57642636,1.021901047,1.002463814,4.304051343,1.006339454,6.059608652
1.051331611,3.109419788,4.584659637,1.021901047,1.002463814,4.311663007,1.006111741,6.068137987
1.051462415,3.108942418,4.593625386,1.022352786,1.002463814,4.318277607,1.006567264,6.076660276
1.051457329,3.106125595,4.603053783,1.022352786,1.002463814,4.326953688,1.006795171,6.080952344
1.051614793,3.105319509,4.611741928,1.023257394,1.002913009,4.329514481,1.007479476,6.085251048
1.051774301,3.104102179,4.619720586,1.023031101,1.003137749,4.332074395,1.007479476,6.089543415
1.052096837,3.107513129,4.623896749,1.023257394,1.002688364,4.334614024,1.007251277,6.092742702
1.052083582,3.109256528,4.627319713,1.023710263,1.002463814,4.342285106,1.007251277,6.09597116
1.05235533,3.111351067,4.630746051,1.023936838,1.002688364,4.348992819,1.007251277,6.102425369
1.052808574,3.113907388,4.636074374,1.025071135,1.003812537,4.356595558,1.006567264,6.107839919
1.052792199,3.11531612,4.638696435,1.025071135,1.003812537,4.364860058,1.006339454,6.116358186
1.053454367,3.119982006,4.640487289,1.025298278,1.004488182,4.375258647,1.005429185,6.120671251
1.053610654,3.120179645,4.638157036,1.024617133,1.004037657,4.376803917,1.006567264,6.129341434
1.052094384,2.992807157,4.33628708,1.023031101,1.004262872,4.234970301,1.005656607,6.064479561
1.050581022,2.847517197,4.015731672,1.021901047,1.003587513,4.052436586,1.005429185,5.967450453
1.049218267,2.713372774,3.731151042,1.021675318,1.003362583,3.883627264,1.005429185,5.87117666
1.047560225,2.5878549,3.476505468,1.02054808,1.003587513,3.725890162,1.004974633,5.778651498
1.046083078,2.471524819,3.247853787,1.019198479,1.003362583,3.579601272,1.004747502,5.688776071
1.045100882,2.362413461,3.041147363,1.018749358,1.002913009,3.442886795,1.004747502,5.603246864
1.043951244,2.261006018,2.85340312,1.017852233,1.003137749,3.315766595,1.003839944,5.516424322
1.042474099,2.166943722,2.680730737,1.017180364,1.003137749,3.197628004,1.003160289,5.430069657
1.040848506,2.056981428,2.494307212,1.016732915,1.002239359,3.014062551,1.003386745,5.241837871
1.039052806,1.952667765,2.322250536,1.01561591,1.001790732,2.83191794,1.003160289,5.020737949
1.036299873,1.855480319,2.166099629,1.013611108,1.0011185,2.667027617,1.001803578,4.81657282
1.034204222,1.764927407,2.023943854,1.012278705,1.000670817,2.517389321,1.001803578,4.627516806
1.031945537,1.679644894,1.893723812,1.010728393,1.000223512,2.380865477,1.001803578,4.451260825
1.030013946,1.599952741,1.773955793,1.009403103,0.999776582,2.255651805,1.001126519,4.28606764
1.027314706,1.523352614,1.664676002,1.008741684,0.999776582,2.140782495,1.000901024,4.131803741
1.02541058,1.452009076,1.563604101,1.007641127,0.999553259,2.033359818,1.001352109,3.988223797
1.022397583,1.382285264,1.467957224,1.005884924,0.999106893,1.922299332,1.000675624,3.796960066
1.019869325,1.316837307,1.378819798,1.004134468,0.997770046,1.816503004,1.001577796,3.603653812
1.017987001,1.255394925,1.295956184,1.00238973,0.996658578,1.71922111,1.001352109,3.425664409
1.016116573,1.197218084,1.218532127,1.001736922,0.995992815,1.629441847,1.000675624,3.26223675
1.01376967,1.142009364,1.14590088,1.000867753,0.995549438,1.54637606,0.999774983,3.111082983
1.013149997,1.121867442,1.123126255,1.000867753,0.995327889,1.495035275,0.998875868,2.991017259
1.012362898,1.109309584,1.109690276,1.001084912,0.995106433,1.455403472,0.998651327,2.887750874
1.01158883,1.096916727,1.096362321,1.000216806,0.99488507,1.417227654,0.99820253,2.790799928
1.010964799,1.084881898,1.083215062,0.999566654,0.994221535,1.377332362,0.997978275,2.675910171
1.009560163,1.071801765,1.069981075,0.999566654,0.994221535,1.338424956,0.997754114,2.560068915
1.008330156,1.058748254,1.056979608,0.99913366,0.994442621,1.301012272,0.997754114,2.4516776
1.006946206,1.046139529,1.044088468,0.998701019,0.994442621,1.265088459,0.997306077,2.350828232
1.005719727,1.033271223,1.03143613,0.998484831,0.993558834,1.230436346,0.997754114,2.256907819
1.004954081,1.02973635,1.028669585,0.998484831,0.993338118,1.214751561,0.997978275,2.191785913
1.004487986,1.027163115,1.027082073,0.998701019,0.994000542,1.203593317,0.997978275,2.14009807
1.004631438,1.025123958,1.025196666,0.999566654,0.994442621,1.190849456,0.998426881,2.077305551
1.004320709,1.023301025,1.02335069,1.000216806,0.994442621,1.177776355,0.997978275,2.014959645
1.004012353,1.021650874,1.021339845,1,0.994221535,1.164890003,0.997306077,1.95563215
1.003540915,1.019922495,1.019566501,1,0.994000542,1.152259848,0.997978275,1.89891218
1.003381583,1.018184122,1.017729431,0.99913366,0.993338118,1.13964976,0.99820253,1.8445072
1.002914039,1.016467097,1.015774823,0.998484831,0.993338118,1.127203636,0.9970822,1.792447684
1.003211825,1.01640436,1.015032622,0.99913366,0.992896963,1.12059024,0.9970822,1.757286069
1.002756044,1.016243216,1.014518843,0.999350113,0.992896963,1.115629951,0.996634731,1.728976867
1.002445476,1.015098309,1.013643281,1,0.993558834,1.110155425,0.995964236,1.694668688
1.001831042,1.013988081,1.012509876,1,0.993558834,1.104535447,0.9970822,1.658739708
1.001518621,1.012903666,1.011579477,1.000650682,0.993558834,1.098878003,0.9970822,1.62418343
1.001499841,1.011786321,1.010707837,1.001519496,0.994000542,1.093200959,0.997978275,1.590462978
1.001778697,1.010638371,1.009779017,1.001519496,0.994000542,1.087589812,0.998426881,1.557948942
1.002049156,1.009726642,1.008854737,1.001736922,0.993779642,1.082009403,0.998875868,1.526648849
1.001886632,1.008670075,1.008034991,1.00238973,0.994000542,1.078792984,0.999100504,1.505543719
1.002172725,1.008109406,1.007400924,1.00282538,0.993558834,1.075674612,0.999325235,1.484118418
1.002156701,1.007654287,1.006638561,1.00260751,0.993338118,1.072346111,0.999550061,1.462018596
1.002273959,1.007232746,1.005876469,1.00260751,0.993117494,1.068925941,1.000450321,1.440333462
1.002113213,1.006911232,1.005113032,1.00260751,0.993117494,1.065655876,1.000225113,1.419135227
1.00194183,1.00642729,1.004247088,1.002172038,0.993117494,1.0622832,1,1.398370773
1.001624408,1.005951727,1.003473475,1.001954436,0.992896963,1.058919941,0.999774983,1.377895001
1.001310467,1.005168248,1.003098989,1.001736922,0.992676524,1.057072131,0.999550061,1.364783884
1.001301903,1.004397722,1.002671951,1.001954436,0.992896963,1.055326154,1.000225113,1.350103404
1.000998861,1.003245139,1.002390796,1.00238973,0.993338118,1.053569884,1.000675624,1.334922932
1.000812773,1.002037597,1.002126036,1.00282538,0.993558834,1.05186121,1.000450321,1.319830314
1.000194867,1.000736121,1.001866072,1.003043338,0.994221535,1.050090118,1.000450321,1.305276864
1.000038313,0.999530956,1.001679602,1.003697749,0.994221535,1.048189062,1.001126519,1.2905873
0.999415105,0.998382957,1.001570356,1.003697749,0.995106433,1.046458093,1.001126519,1.276595481
0.999402,0.997108683,1.001265946,1.003916064,0.995992815,1.044766976,1.000901024,1.262464341
0.999392644,0.996359023,1.001087116,1.003916064,0.995549438,1.043377319,1.002029457,1.250842966
0.998916712,0.995845136,1.000806264,1.004134468,0.995549438,1.041946706,1.002255431,1.240834885
0.998751964,0.995376828,1.000594573,1.003261386,0.995327889,1.040586373,1.002029457,1.23081328
0.997997796,0.994883442,1.000244558,1.00238973,0.995327889,1.039190364,1.002481501,1.221027161
0.997387431,0.994340068,0.99999299,1.001736922,0.995549438,1.037880741,1.001577796,1.211249576
0.996635007,0.993650828,0.999711188,1.00260751,0.996214643,1.036457778,1.001577796,1.201352007
0.99677038,0.993223815,0.999499289,1.00260751,0.995992815,1.035176273,1.001803578,1.191707441
0.99676999,0.993148817,0.999276472,1.00238973,0.996658578,1.03420555,1.002029457,1.184109834
0.996019491,0.992711186,0.999102791,1.002172038,0.99577108,1.033147164,1.001803578,1.176874777
0.995718961,0.992260751,0.998947883,1.001954436,0.99577108,1.032180147,1.002029457,1.169752541
0.995101564,0.991851915,0.998902375,1.001954436,0.995549438,1.031217666,1.002481501,1.162471018
0.994621122,0.991505215,0.99879358,1.002172038,0.995549438,1.030342512,1.002707668,1.155442715
0.994319636,0.991041664,0.99883224,1.00282538,0.994442621,1.029403355,1.003160289,1.148239439
0.993531386,0.990593681,0.998600143,1.00260751,0.993338118,1.028484293,1.003839944,1.141237418
0.99322563,0.990277661,0.99827342,1.002172038,0.992896963,1.027740704,1.00293393,1.135596232
0.993964381,0.990514607,0.997906219,1.001084912,0.992015759,1.02686701,1.002029457,1.130184687
0.99410879,0.9906736,0.997645067,1.000867753,0.991795688,1.025871298,1.001352109,1.124975892
0.994255618,0.99103173,0.9972883,1.000867753,0.991355822,1.024906158,1.001577796,1.119860762
0.994538821,0.991320228,0.996828062,1.001084912,0.992015759,1.024008277,1.001352109,1.114847324
0.995271024,0.991668477,0.996419619,1.001519496,0.992015759,1.023001225,1.001126519,1.1096336
0.995260939,0.991831212,0.996160231,1.001084912,0.991575709,1.022088023,1.001352109,1.104664908
0.995403988,0.992111309,0.996045961,1.00130216,0.991575709,1.021584424,1.000675624,1.100552199
0.996001677,0.992515475,0.996091586,1.001084912,0.991136026,1.021007211,1.000225113,1.096909605
0.995668707,0.992916963,0.996120785,1.001736922,0.991575709,1.020498869,1.000225113,1.093276819
0.996112492,0.992978256,0.996217944,1.001519496,0.991355822,1.020030757,0.999774983,1.089382365
0.996386353,0.993287905,0.996352725,1.00238973,0.991355822,1.019496941,1.000225113,1.085757222
0.996526847,0.993600608,0.996582118,1.002172038,0.991355822,1.018782474,1.000450321,1.081969801
0.996225141,0.99389555,0.996772559,1.001954436,0.991575709,1.018222216,1.000675624,1.078181246
0.996063245,0.993821286,0.996665167,1.002172038,0.991355822,1.017533035,1.000450321,1.074779213
0.996953411,0.994106718,0.996583999,1.00282538,0.992235922,1.017176279,1.000450321,1.071930718
0.997244987,0.994403455,0.996519464,1.003479523,0.992896963,1.016867283,1.000225113,1.069198246
0.997835612,0.994760993,0.996276187,1.00282538,0.993117494,1.01650056,1.000675624,1.066480935
0.997820231,0.994927363,0.996166015,1.003043338,0.993117494,1.016068612,1.000675624,1.063538116
0.997959009,0.99513655,0.995909353,1.003043338,0.993779642,1.015702478,1.000225113,1.060642805
0.998856988,0.995344913,0.995618796,1.003261386,0.995106433,1.01522011,0.999774983,1.057709075
0.999154905,0.995648364,0.995651082,1.003479523,0.995549438,1.014540651,1.000901024,1.055526242
0.998844918,0.995874793,0.995634067,1.003479523,0.996658578,1.014339785,1.001126519,1.053546607
0.998991393,0.996049148,0.995344159,1.003261386,0.996880685,1.014154546,1.001126519,1.051426116
0.999557623,0.99615942,0.995290198,1.003479523,0.996880685,1.013892096,1.000450321,1.049058302
0.999547986,0.996356519,0.995169008,1.00282538,0.996436564,1.013628523,1.000675624,1.04689423
0.999245017,0.996489273,0.99509745,1.00260751,0.99577108,1.013406284,1.001126519,1.044714563
0.999377587,0.996643464,0.994883959,1.00282538,0.99577108,1.013174596,1.001126519,1.042644721
0.999360636,0.996977725,0.994774601,1.00282538,0.996436564,1.012785079,1.002029457,1.041306565
0.9992077,0.996546458,0.994279536,1.00260751,0.996880685,1.012433634,1.001577796,1.039538857
0.999509157,0.996123383,0.994049468,1.00238973,0.997102885,1.012202724,1.001577796,1.037464016
0.999054622,0.995662592,0.993835318,1.002172038,0.997325179,1.011932894,1.001352109,1.035382128
0.998751519,0.995343669,0.99363578,1.001954436,0.997325179,1.011678283,1.000901024,1.0334269
0.998438455,0.994875191,0.993252091,1.001519496,0.996880685,1.011307413,1.000675624,1.031619429
0.998587311,0.994503499,0.992894904,1.001519496,0.996658578,1.011004871,0.999774983,1.02964204
0.998538087,0.994495673,0.992840981,1.001084912,0.997102885,1.010612752,1,1.02850598
0.998376997,0.994683569,0.993062395,1.001519496,0.997102885,1.010317295,0.999774983,1.027002808
0.99822525,0.994254035,0.993151265,1.001519496,0.996880685,1.010076027,0.999100504,1.025320393
0.998066451,0.993831675,0.993245567,1.002172038,0.997102885,1.00991307,0.999100504,1.023656532
0.998509041,0.993502464,0.993438222,1.001736922,0.997102885,1.009718502,0.998426881,1.022048421
0.998651915,0.993149126,0.993535724,1.001954436,0.997325179,1.009538171,0.998426881,1.020611701
0.998349529,0.992770723,0.993475567,1.001736922,0.997325179,1.009296303,0.998426881,1.0190582
0.997891696,0.991686357,0.993513647,1.001519496,0.997770046,1.009472161,0.997530048,1.017914042
0.99743087,0.990152226,0.993500305,1.00260751,0.996880685,1.009793591,0.997754114,1.016877173
0.9970989,0.989245901,0.993589745,1.003043338,0.996880685,1.010108615,0.998426881,1.015634862
0.996332452,0.988188055,0.993471889,1.00282538,0.997102885,1.010456066,0.998875868,1.014417762
0.996015065,0.987189528,0.993476409,1.003043338,0.997102885,1.010717763,0.999100504,1.013268804
0.995797578,0.986146283,0.993443228,1.003043338,0.99799262,1.011046842,0.999100504,1.012028975
0.995339158,0.984930027,0.993418157,1.00282538,0.997770046,1.01136954,0.998651327,1.010880655
0.994570569,0.983836003,0.993431209,1.00282538,0.997325179,1.011607329,0.997754114,1.009632821
0.994259163,0.983832207,0.993973885,1.003043338,0.997325179,1.011691166,0.998651327,1.008672088
0.993958487,0.983877544,0.994356394,1.003043338,0.997102885,1.011521706,0.998875868,1.007828357
0.993948815,0.984042817,0.994672738,1.003261386,0.997325179,1.011289037,0.999550061,1.007140605
0.993797213,0.984370209,0.995033661,1.003479523,0.997547566,1.011052218,1.000450321,1.006521861
0.993939884,0.984761703,0.995428788,1.003479523,0.998215288,1.01086329,1.000450321,1.005864028
0.993312381,0.985067163,0.99591192,1.003697749,0.998883851,1.010693617,1.000901024,1.005131584
0.993012038,0.985150747,0.996267079,1.003916064,0.99799262,1.010515209,1.000675624,1.004431649
0.993160767,0.985088415,0.99636112,1.003697749,0.998215288,1.010122496,1.001352109,1.003932376
0.993570088,0.985823525,0.996437379,1.003261386,0.998215288,1.009800623,1.001577796,1.003428217
0.994152859,0.986529504,0.996604449,1.003479523,0.998438048,1.009347233,1.001352109,1.002873995
0.994732584,0.98737419,0.996711394,1.003479523,0.998438048,1.00895674,1.001803578,1.002441591
0.995173981,0.988140856,0.996960998,1.00260751,0.999106893,1.008520027,1.002255431,1.001862868
0.995287502,0.988900985,0.997185375,1.00260751,0.999106893,1.008284557,1.002707668,1.001429564
0.995583259,0.989515247,0.997285911,1.003043338,0.998883851,1.007906972,1.002707668,1.000834857
0.995970587,0.990839317,0.997216937,1.00260751,0.999330029,1.007171802,1.003160289,1.00035225
0.995817118,0.991765524,0.997188917,1.00238973,0.999553259,1.006446464,1.003160289,0.999949091
0.996110189,0.992795212,0.997124536,1.00260751,0.999776582,1.005688996,1.002481501,0.999644638
0.996254842,0.993754625,0.997112627,1.00260751,0.999106893,1.004971144,1.002481501,0.999290797
0.996245828,0.994785496,0.997070209,1.002172038,0.99799262,1.0042749,1.00293393,0.998867576
0.996834274,0.995920601,0.997068456,1.00282538,0.998660903,1.003592113,1.003839944,0.998487242
0.997435175,0.996867283,0.997015944,1.00238973,0.998660903,1.002860575,1.003613296,0.998159201
0.997578303,0.996835172,0.996928443,1.002172038,0.998215288,1.002665565,1.003160289,0.997908195
0.997877631,0.996551027,0.996724142,1.002172038,0.997770046,1.002861186,1.002707668,0.997487529
0.997710347,0.996308645,0.996486892,1.001954436,0.997102885,1.003098391,1.002255431,0.997178622
0.998312718,0.996019412,0.996284614,1.00130216,0.996880685,1.003363326,1.002481501,0.996623297
0.998003997,0.995668279,0.996182884,1.00130216,0.995992815,1.003606801,1.00293393,0.996145466
0.998448753,0.995600963,0.99590436,1.001084912,0.995549438,1.003799312,1.002707668,0.995751856
0.99859049,0.995333295,0.995660045,1.001519496,0.995549438,1.004059775,1.002255431,0.995218776
0.997981676,0.994775057,0.9954735,1.001084912,0.99488507,1.004607619,1.001126519,0.994861712
0.997823862,0.994324127,0.995371383,1.001084912,0.99488507,1.004738958,1.001577796,0.994683734
0.997328629,0.993901304,0.995244882,1.000433699,0.994663799,1.004946051,1.000901024,0.9942395
0.996399506,0.993401184,0.995136887,1.000216806,0.994663799,1.005152073,1.000450321,0.993790789
0.995780074,0.992948909,0.99494854,1.000216806,0.994000542,1.005342133,1.000675624,0.993491677
0.995899991,0.992564662,0.994831744,1.000216806,0.994221535,1.005548945,0.999550061,0.992985673
0.995739594,0.992065047,0.994689671,0.999783283,0.994000542,1.005693887,1,0.992652707
0.995582486,0.991638942,0.994628402,1.000216806,0.994221535,1.006167723,1,0.992350074
0.995413832,0.991214508,0.994791638,0.999566654,0.994221535,1.006670794,0.999550061,0.991850982
0.995111364,0.990668976,0.99507524,0.999566654,0.993338118,1.00708854,1.000450321,0.991281703
0.994801685,0.990199861,0.995322073,0.99913366,0.993779642,1.007597964,1.000225113,0.990848629
0.994935291,0.989678725,0.995519973,0.99913366,0.994000542,1.007957334,0.999550061,0.990450392
0.994460332,0.989130897,0.995666019,0.998701019,0.993779642,1.008421672,0.999325235,0.989994201
0.993991314,0.988479402,0.995884915,0.998052718,0.993779642,1.009028213,0.999774983,0.989437391
0.99368333,0.988453962,0.995807976,0.997620956,0.994221535,1.00899245,0.998875868,0.988926555
0.993221867,0.988165725,0.995627721,0.997405206,0.994221535,1.008689085,0.999550061,0.988608605
0.993176684,0.98776737,0.99558593,0.997620956,0.994663799,1.008428639,0.999774983,0.988063342
0.992872167,0.987459723,0.995516488,0.998484831,0.994663799,1.008192533,0.999100504,0.987784506
0.993012803,0.987317415,0.995461075,0.99913366,0.995327889,1.007982789,0.998875868,0.987478732
0.992832747,0.986990113,0.995451518,0.99913366,0.995549438,1.007756886,0.999550061,0.987156194
0.993122836,0.986764917,0.995396633,0.998917296,0.995992815,1.007417309,0.999774983,0.986600989
0.993421509,0.986658909,0.995383885,0.999566654,0.996658578,1.007131344,0.999774983,0.986323058
0.993265149,0.986325314,0.995265551,0.999566654,0.996436564,1.007179719,0.999325235,0.985860775
0.993232614,0.98595835,0.995177914,0.999566654,0.996436564,1.007280985,0.999325235,0.985429676
0.993378329,0.985584645,0.99512411,0.999350113,0.996880685,1.00724273,1,0.98512151
0.993364248,0.985315551,0.994957694,0.999783283,0.996880685,1.007204275,0.999774983,0.984781875
0.993212163,0.984823603,0.994836915,0.999783283,0.996436564,1.007169264,1.000450321,0.984590362
0.993057309,0.984618524,0.994770087,0.999566654,0.996436564,1.007272548,1.000225113,0.98420204
0.993480855,1.003653905,1.031016509,0.999783283,0.996658578,1.037194513,1.000225113,1.00371893
0.996461179,1.053954073,1.103374408,1.001519496,0.996880685,1.091820892,1.000675624,1.055729039
0.999174084,1.106910764,1.180900246,1.003043338,0.997547566,1.150108298,1.000901024,1.110960165
1.002185272,1.163137319,1.264207538,1.004571545,0.99799262,1.212513148,1.001352109,1.170275772
1.004606938,1.222124101,1.353992692,1.005884924,0.998215288,1.279612249,1.002255431,1.234165537
1.007206609,1.284887632,1.45123651,1.008081078,0.998215288,1.351732188,1.00293393,1.303020131
1.010270655,1.35138933,1.556448596,1.010065339,0.998660903,1.429597044,1.003160289,1.377507373
1.014137586,1.444982795,1.687206709,1.011835303,0.999106893,1.522581463,1.004747502,1.472561418
1.018657918,1.550280957,1.833249179,1.013611108,1.000447117,1.624765656,1.00429353,1.57752378
1.02336839,1.665594626,1.995759754,1.014946814,1.000670817,1.736927693,1.004974633,1.694433863
1.027482187,1.792281945,2.177489905,1.01561591,1.00156656,1.861136996,1.005429185,1.824505701
1.032264808,1.932027968,2.381905988,1.016732915,1.002014998,1.99932618,1.005884125,1.970448202
1.036612111,2.087717106,2.613790757,1.018749358,1.002463814,2.153673248,1.006339454,2.136276975
1.041143917,2.261183166,2.879071738,1.019872859,1.002913009,2.327191909,1.006339454,2.325173789
1.045866505,2.462694587,3.190092502,1.02077334,1.003137749,2.529773422,1.007251277,2.543874504
1.051469675,2.694360155,3.556586485,1.023031101,1.004262872,2.763110844,1.007936167,2.80062949
1.056622087,2.959500277,3.991135931,1.024844087,1.005164683,3.033924886,1.008393248,3.10326437
1.061820221,3.267892899,4.516018025,1.026890938,1.005616161,3.352371825,1.00885072,3.466148818
1.06741747,3.630459699,5.163432248,1.028945498,1.006294095,3.731800508,1.009308584,3.909151421
1.072549299,4.063297985,5.98094025,1.031007811,1.007199347,4.192107167,1.009996114,4.459685399
1.078078149,4.586227185,7.046448075,1.033539008,1.008333073,4.76101271,1.010914196,5.167204566
1.082239065,5.035801911,7.789328558,1.034462347,1.009014463,5.106433549,1.011603791,5.762099989
1.084162279,5.237697339,8.009431956,1.034000484,1.009241786,5.211032822,1.011373827,5.926635709
1.086266965,5.453457675,8.23769838,1.034231367,1.009469205,5.320268746,1.011373827,6.104452499
1.087837103,5.682510026,8.482066234,1.035155872,1.009469205,5.432214365,1.010914196,6.288800751
1.089895922,5.931452727,8.737342,1.036081934,1.010152043,5.549271977,1.010684528,6.484874275
1.092347864,6.200138634,9.004256445,1.035155872,1.010379849,5.671725255,1.009996114,6.691217219
1.094121787,6.49253061,9.288618908,1.035618708,1.010152043,5.798281722,1.010225487,6.904418618
1.094640421,6.571692217,9.348433245,1.035618708,1.010152043,5.866561811,1.009308584,6.93583054
1.095175764,6.625653941,9.393354363,1.035618708,1.009696721,5.93091692,1.009996114,6.966148562
1.095169999,6.679476604,9.437434813,1.036081934,1.009241786,5.998417486,1.009996114,6.986988866
1.095483957,6.735936892,9.481872788,1.036313693,1.009469205,6.067309439,1.009537663,7.010755308
1.095832434,6.794974182,9.5293051,1.036777505,1.010835752,6.135773373,1.009079603,7.034610383
1.096534063,6.849625908,9.574551464,1.035850272,1.011292042,6.206636764,1.008621935,7.05584845
1.09688844,6.909567376,9.624224996,1.036313693,1.011520333,6.280946938,1.009308584,7.077184166
1.097064082,6.943046515,9.652619846,1.03654555,1.011748721,6.333465072,1.008621935,7.091460879
1.095804163,6.964933267,9.679683299,1.036081934,1.011063849,6.382630098,1.009079603,7.095654294
1.095240208,6.992436847,9.706984179,1.035387241,1.011292042,6.433526179,1.009079603,7.105672009
1.095047619,7.017328385,9.733067304,1.035155872,1.011063849,6.485230411,1.009308584,7.114259167
1.094683156,7.043350468,9.760663694,1.033769697,1.010835752,6.536618643,1.008621935,7.114212126
1.094321061,7.065786375,9.789807246,1.033077921,1.010835752,6.588700738,1.007936167,7.121402691
1.093582295,7.09202035,9.813495329,1.032387015,1.009924334,6.639377141,1.007707773,7.124201188
1.093184977,7.10237305,9.833091917,1.032387015,1.009696721,6.671679456,1.007251277,7.129930953
1.093354046,7.116595247,9.85556312,1.033308416,1.009924334,6.69295237,1.008164659,7.137169517
1.093335837,7.132754116,9.876726709,1.033077921,1.010152043,6.715493577,1.008164659,7.140016865
1.093334896,7.148937339,9.890848749,1.032387015,1.010379849,6.73820117,1.008621935,7.144312321
1.0933316,7.168132023,9.910723385,1.031696979,1.010379849,6.761065771,1.009079603,7.148569558
1.09332284,7.182588741,9.926382713,1.031926894,1.010379849,6.78404482,1.009079603,7.151432618
1.092783923,7.198047521,9.949257597,1.031237437,1.009924334,6.807100981,1.009537663,7.16017581
1.092934732,7.209562421,9.970641489,1.031237437,1.010379849,6.807098175,1.009537663,7.163078998
1.093112424,7.216259973,9.987920793,1.030319509,1.009696721,6.804753099,1.009079603,7.163049345
1.092575142,7.223945286,10.00809146,1.029403118,1.009924334,6.803512212,1.008164659,7.168874032
1.0925373,7.228800174,10.02838196,1.028945498,1.009469205,6.801162998,1.00885072,7.177565826
1.092358552,7.233619378,10.04581224,1.028031405,1.008106135,6.799988378,1.009308584,7.180480551
1.091963045,7.241437259,10.07211696,1.027803121,1.006972891,6.79882699,1.009079603,7.184784354
1.091422444,7.245259332,10.09559649,1.027574932,1.005842044,6.795306813,1.009766839,7.190653776
1.091412395,7.24611304,10.11176833,1.026890938,1.005842044,6.776760648,1.010684528,7.192055463
1.091945972,7.249794262,10.1191508,1.026890938,1.005842044,6.760622563,1.009996114,7.197888602
1.092116647,7.25168682,10.12652273,1.027574932,1.005616161,6.745694048,1.009996114,7.197869738
1.091937164,7.253647424,10.13688152,1.027574932,1.005842044,6.729696751,1.009537663,7.199160485
1.09210287,7.252645305,10.14276931,1.027803121,1.005616161,6.714887211,1.009996114,7.206510199
1.092275012,7.252583465,10.14719195,1.02848826,1.004713587,6.699039499,1.009537663,7.207894873
1.092623458,7.25256646,10.15453987,1.028031405,1.004488182,6.68663513,1.009308584,7.215183196
1.092977277,7.25846478,10.1649228,1.027803121,1.004037657,6.669802525,1.009537663,7.218115722
1.092438858,7.264374975,10.17234309,1.027346839,1.003362583,6.647468968,1.009537663,7.221051157
1.092771509,7.271190686,10.1872774,1.027346839,1.003587513,6.626394158,1.009079603,7.225457125
1.092944375,7.277966375,10.19770628,1.026890938,1.003137749,6.60433865,1.009079603,7.229760637
1.092937606,7.28488672,10.2096928,1.026890938,1.002913009,6.582409305,1.009079603,7.229658752
1.092754469,7.294769856,10.22466642,1.025752849,1.002913009,6.560583923,1.009308584,7.23106927
1.09309396,7.300600677,10.22917613,1.025298278,1.003137749,6.537781898,1.008621935,7.233969965
1.092851652,7.306446993,10.25029958,1.025071135,1.002688364,6.52806932,1.008621935,7.235443586
1.092488067,7.304448873,10.2669463,1.025298278,1.002688364,6.523753306,1.009079603,7.236859077
1.092842122,7.302370372,10.27451599,1.025980277,1.002688364,6.519444699,1.009079603,7.236836243
1.092471418,7.301303698,10.28211446,1.026435417,1.002463814,6.515121719,1.009079603,7.233851883
1.09191953,7.299210287,10.29427723,1.0262078,1.002463814,6.512933674,1.00885072,7.241213814
1.091382743,7.298178177,10.30639741,1.02666313,1.002688364,6.508558819,1.00885072,7.245675838
1.091204683,7.298072894,10.31401725,1.026435417,1.002913009,6.505317537,1.008393248,7.248658593
1.091196107,7.295087152,10.32765837,1.02666313,1.002239359,6.511708132,1.007707773,7.253058612
1.091190335,7.297063969,10.33531058,1.026435417,1.002688364,6.524583628,1.008164659,7.257519472
1.091320376,7.299050982,10.3476018,1.025752849,1.002239359,6.534187142,1.008393248,7.262006991
1.091497506,7.302993139,10.35525533,1.025752849,1.00156656,6.543742878,1.008164659,7.267963885
1.091092215,7.307856361,10.36912417,1.025752849,1.001790732,6.554523298,1.007936167,7.26634704
1.09091305,7.312824581,10.37834558,1.024844087,1.002239359,6.56531084,1.008164659,7.267815463
1.090727549,7.313790773,10.38761266,1.024844087,1.002463814,6.575097933,1.007936167,7.266198119
1.088068177,6.462932656,8.798157681,1.023257394,1.002463814,6.185142461,1.006795171,7.159613231
1.085419945,5.685669481,7.465191155,1.022578797,1.002239359,5.7453376,1.006339454,7.004919677
1.081673168,5.057636303,6.447628481,1.02054808,1.001342483,5.356744743,1.005884125,6.856416882
1.078529666,4.539696134,5.650162566,1.019872859,1.0011185,5.013612073,1.004520467,6.712354385
1.075043201,4.103734009,5.004917866,1.018749358,1.000447117,4.707178673,1.003386745,6.577441494
1.07193446,3.732612658,4.472075104,1.018524938,1.000447117,4.432927922,1.002481501,6.447476265
1.069143083,3.413703637,4.025534329,1.01830061,1.000447117,4.186042178,1.002255431,6.323321492
1.066392105,3.104828097,3.602285965,1.017628184,1.000223512,3.860128725,1.002481501,6.082196145
1.062804845,2.833442079,3.240727594,1.016956593,1.000670817,3.55734324,1.002029457,5.817299015
1.059233339,2.596658269,2.932493103,1.015839126,1.0011185,3.293278753,1.00293393,5.574399776
1.056188557,2.388233077,2.665590374,1.014723967,1.000894612,3.060368001,1.002707668,5.349477269
1.053178187,2.203406413,2.431539021,1.014278548,1.000223512,2.852822367,1.002255431,5.134763259
1.049841335,2.037971863,2.22459773,1.013166608,1,2.667786895,1.002255431,4.935797254
1.046506671,1.889760402,2.041019389,1.012056958,1.000223512,2.501900231,1.001803578,4.752397001
1.042538656,1.753041183,1.87305575,1.010507284,1.000447117,2.333348998,1.002481501,4.511101421
1.038445779,1.626803258,1.722481217,1.009403103,0.999553259,2.176523526,1.002255431,4.269465273
1.034557589,1.51213478,1.58655643,1.008521391,0.999553259,2.035812824,1.002707668,4.049695506
1.030845129,1.407545938,1.463318758,1.007641127,0.999553259,1.908631711,1.001803578,3.848094242
1.027328324,1.311772655,1.350992484,1.006323435,0.998883851,1.792987283,1.001126519,3.66552377
1.023674262,1.223641031,1.248361003,1.005884924,0.998660903,1.687594948,1.001577796,3.497867065
1.019861995,1.142473271,1.154098507,1.004790218,0.998215288,1.591059447,1.001577796,3.342238389
1.018886701,1.122938843,1.132496309,1.005227831,0.997770046,1.534005205,1.001803578,3.191040081
1.017943201,1.111307264,1.119644325,1.004790218,0.997547566,1.489457122,1.001352109,3.053414956
1.017759275,1.099955845,1.106986428,1.005446773,0.997547566,1.446841145,1.001803578,2.925187743
1.01728528,1.088636989,1.094455783,1.005665804,0.997102885,1.405895246,1.00293393,2.806037412
1.016807437,1.077473157,1.082059475,1.005665804,0.997770046,1.366730437,1.003160289,2.694982258
1.016493313,1.066411203,1.070021586,1.006104135,0.997547566,1.328907251,1.003839944,2.590756588
1.015863135,1.055595127,1.058022276,1.006104135,0.99799262,1.292478062,1.003839944,2.492059552
1.015075901,1.051798159,1.05423883,1.005884924,0.997770046,1.272364867,1.004066689,2.406470699
1.014605703,1.048711805,1.051264492,1.006104135,0.996880685,1.256572925,1.004066689,2.329216861
1.014585929,1.045609736,1.04807506,1.005446773,0.996658578,1.241036922,1.00293393,2.255774701
1.014428637,1.042673577,1.044818383,1.004790218,0.997102885,1.225753124,1.002481501,2.185854608
1.013805307,1.039577138,1.041707152,1.004352962,0.997102885,1.210790233,1.002707668,2.120108012
1.01378225,1.036676079,1.038572839,1.003916064,0.996880685,1.196063499,1.002481501,2.056653936
1.013622777,1.033708717,1.035513142,1.003916064,0.996880685,1.181480002,1.002255431,1.996389954
1.013923586,1.032138939,1.034125666,1.004134468,0.996880685,1.172251736,1.001577796,1.946042783
1.013606912,1.031607148,1.032701681,1.004134468,0.996658578,1.164426504,1.001352109,1.900105474
1.013451292,1.030900207,1.031271129,1.004134468,0.995992815,1.15652561,1.000675624,1.856025381
1.013289159,1.030335024,1.030031137,1.004352962,0.995549438,1.148795375,1.001352109,1.813732501
1.013281451,1.029676902,1.028642405,1.004790218,0.996214643,1.14120029,1.002255431,1.773130147
1.013280084,1.028964876,1.027235668,1.00500898,0.99577108,1.13353467,1.001803578,1.733213623
1.012966758,1.0283486,1.025905003,1.00500898,0.995549438,1.125903924,1.001577796,1.694833529
1.012809492,1.027429283,1.024871145,1.00500898,0.99577108,1.121291397,1.001577796,1.663084972
1.012029235,1.025999537,1.02419374,1.004790218,0.996436564,1.117061166,1.001803578,1.634069025
1.010776845,1.024521087,1.023437873,1.004790218,0.995992815,1.113022209,1.001577796,1.605570086
1.009676205,1.02302703,1.022634132,1.004134468,0.996880685,1.10893368,1.000675624,1.578178141
1.009042896,1.021588972,1.021822516,1.004352962,0.996880685,1.10485238,1.000225113,1.551065091
1.008103621,1.020116341,1.021027156,1.003697749,0.996658578,1.100864839,1,1.524445463
1.007179664,1.018570496,1.020203004,1.003043338,0.995992815,1.096816769,0.999325235,1.498730204
1.007022816,1.017482523,1.019589621,1.003043338,0.995106433,1.094330356,0.998875868,1.477973711
1.007018039,1.017193265,1.019252057,1.00260751,0.99577108,1.091552172,0.998875868,1.458655784
1.006685197,1.016685801,1.018951501,1.00282538,0.995327889,1.088780111,0.999325235,1.439708323
1.006062012,1.016200259,1.018711063,1.004134468,0.995327889,1.086069315,0.999774983,1.421128387
1.006200514,1.015810995,1.018375275,1.003916064,0.995327889,1.083137475,0.999325235,1.402606049
1.006031625,1.015344731,1.018190016,1.004134468,0.995549438,1.080427985,0.999100504,1.384779734
1.00571713,1.014911278,1.017923514,1.004134468,0.995327889,1.077655599,0.999774983,1.367003165
1.005254247,1.014428769,1.017781272,1.004352962,0.995549438,1.075826235,0.999550061,1.352540652
1.005709471,1.013936972,1.017563106,1.004571545,0.996436564,1.074282482,0.999774983,1.339329618
1.006010496,1.013652542,1.017495955,1.005446773,0.996880685,1.07280748,1.000225113,1.326452693
1.006156925,1.013226452,1.017290546,1.00500898,0.997770046,1.071320346,1.000675624,1.313371775
1.005532278,1.012794338,1.01706493,1.005665804,0.997547566,1.069837946,1.000225113,1.300377016
1.00582849,1.012516988,1.016891531,1.00500898,0.99799262,1.068449273,1,1.287914648
1.006434453,1.012033838,1.016682968,1.00500898,0.998660903,1.066987047,1.000225113,1.275453555
1.00627685,1.011511071,1.016480295,1.004571545,0.998660903,1.065607754,1,1.265517368
1.006276715,1.010959021,1.016009697,1.004352962,0.998215288,1.064192733,0.999550061,1.256120214
1.00689025,1.010245775,1.015552328,1.004571545,0.998660903,1.062911609,0.999325235,1.246911587
1.007192422,1.009665627,1.015138774,1.00500898,0.998438048,1.061539712,0.999550061,1.237801529
1.007324981,1.009117331,1.014779919,1.00500898,0.998438048,1.060272496,1.000225113,1.228823157
1.007153063,1.008557075,1.01431514,1.005227831,0.998215288,1.0590815,0.999774983,1.219941413
1.007595292,1.008041904,1.013904074,1.005665804,0.998438048,1.057723546,1.000225113,1.211160366
1.007748697,1.007452577,1.013419031,1.005884924,0.999553259,1.056396711,1.000450321,1.203760238
1.00790105,1.007034668,1.012994821,1.006104135,0.999106893,1.054969661,1.000450321,1.196975945
1.007896613,1.006722573,1.012388123,1.006762305,0.999330029,1.053606981,1,1.190007949
1.007582681,1.006374219,1.011847646,1.006104135,0.998883851,1.052234412,0.999325235,1.183189504
1.007417545,1.005833451,1.011332332,1.006104135,0.999106893,1.050862378,0.999100504,1.176445383
1.007412834,1.005382489,1.010801376,1.006981875,0.998883851,1.049505482,1,1.169820908
1.007248794,1.004993997,1.010304544,1.007201536,0.999106893,1.048196081,0.999550061,1.163219701
1.006937026,1.005205148,1.009835968,1.006762305,0.998438048,1.046638149,1.000225113,1.157850036
1.006309737,1.005057337,1.009247484,1.006542825,0.997547566,1.045182199,0.999550061,1.15245721
1.005687803,1.005015405,1.008725796,1.005446773,0.997325179,1.043703404,0.998651327,1.1470413
1.005377641,1.004941399,1.008360595,1.005446773,0.996658578,1.042254167,0.997754114,1.141497562
1.005064617,1.004989997,1.007958875,1.004790218,0.997102885,1.040800883,0.997530048,1.136327683
1.004585573,1.005033219,1.007568341,1.004352962,0.997102885,1.039384408,0.997754114,1.131188726
1.004406968,1.005175475,1.007096954,1.004134468,0.997102885,1.038035885,0.997306077,1.126096342
1.004249506,1.004523721,1.006624014,1.004352962,0.997325179,1.037581632,0.997306077,1.121704977
1.00501395,1.004497787,1.006185887,1.004790218,0.997547566,1.036881279,0.997306077,1.117685887
1.005154403,1.004357929,1.005772872,1.004790218,0.997770046,1.03624229,0.997530048,1.11375626
1.00573643,1.004245298,1.005560886,1.004790218,0.99799262,1.035610586,0.998651327,1.109862225
1.005880264,1.004022222,1.005232762,1.004352962,0.997547566,1.034967484,0.998651327,1.105905998
1.006335342,1.004068653,1.004890685,1.004571545,0.997770046,1.034223263,0.998426881,1.101854039
1.0064734,1.004109073,1.004544613,1.003916064,0.997770046,1.033702814,0.998426881,1.09773782
1.006011443,1.003833903,1.004490776,1.003479523,0.997547566,1.033151017,0.998426881,1.094455626
1.005386355,1.003145755,1.00442331,1.003043338,0.997325179,1.032653706,0.997530048,1.091199584
1.005363898,1.002662805,1.004413586,1.00282538,0.996658578,1.032251706,0.998426881,1.088045917
1.005206926,1.002324186,1.004487523,1.00238973,0.996436564,1.031773903,0.998651327,1.085012724
1.004895743,1.001775112,1.00458297,1.00282538,0.995992815,1.031305616,0.999325235,1.081758084
1.004737998,1.001357028,1.004668795,1.002172038,0.996436564,1.030841723,0.998426881,1.078471671
1.004430333,1.000921122,1.004616046,1.001519496,0.996214643,1.030418032,0.997978275,1.075526443
1.00456689,1.000138639,1.004798532,1.001519496,0.996436564,1.030416307,0.997754114,1.072903393
1.004408257,0.998985173,1.005074067,1.000867753,0.997325179,1.030485937,0.997530048,1.070488117
1.00471215,0.997731676,1.005364155,1.000867753,0.997547566,1.030553034,0.997306077,1.068177389
1.004388845,0.996709037,1.005503006,1.000867753,0.997325179,1.030652529,0.997754114,1.065685515
1.004532716,0.99567662,1.005705662,1.000650682,0.997770046,1.030875379,0.997530048,1.063376592
1.004223881,0.994550101,1.00595197,1.001519496,0.998215288,1.030788003,0.997754114,1.061133137
1.003738235,0.993340615,1.00619579,1.00130216,0.998215288,1.030892496,0.997754114,1.058631906
1.003561964,0.993843167,1.006535401,1.001084912,0.997547566,1.030229872,0.998426881,1.056673655
1.003561923,0.994329608,1.006885295,1.00130216,0.997325179,1.029692459,0.998875868,1.054727462
1.003235545,0.994962551,1.007187542,1.000867753,0.997547566,1.029132268,0.998651327,1.052770757
1.00292198,0.995432323,1.00731758,1.000867753,0.997325179,1.028367044,0.997978275,1.050858266
1.003052183,0.99596949,1.00753929,1.000650682,0.997325179,1.02768596,0.997530048,1.048913271
1.00317566,0.996423173,1.007812611,1.000433699,0.997547566,1.02711696,0.99820253,1.047224196
1.002854423,0.996965771,1.008148358,1.001084912,0.997770046,1.02645884,0.998426881,1.045612079
1.002849342,0.997407434,1.007939275,1.001519496,0.998215288,1.026176229,0.997754114,1.043943123
1.002689074,0.997923622,1.007847266,1.001736922,0.998660903,1.026101135,0.998651327,1.042533957
1.002530953,0.998451635,1.007788152,1.00130216,0.999330029,1.026081874,0.998651327,1.041081512
1.002806111,0.998757891,1.007622024,1.001519496,1.000223512,1.026138677,0.998651327,1.03957419
1.002799994,0.999131125,1.007455841,1.000867753,1.000447117,1.026187139,0.997978275,1.038028604
1.003241775,0.999745337,1.007302833,1.000433699,1.000447117,1.026071581,0.99820253,1.036603956
1.003532158,1.000361006,1.007189216,1.000433699,1.000223512,1.02598894,0.998651327,1.035256768
1.00337707,1.000345214,1.006971786,1.001519496,1.000447117,1.025917233,0.998875868,1.034158287
1.003363324,1.000553961,1.006855283,1.001954436,0.999776582,1.025664814,1,1.033118207
1.003505456,1.000757147,1.006681495,1.00282538,0.999553259,1.02543078,1.000675624,1.031919641
1.003481186,1.000858837,1.006474835,1.00282538,0.999776582,1.025200242,1.000675624,1.030952309
1.004235861,1.000990505,1.006318875,1.003261386,0.999106893,1.024888619,1.001577796,1.029807996
1.004377276,1.001068012,1.006159265,1.00282538,0.998660903,1.024740635,1.001577796,1.028714997
1.004979494,1.001332835,1.00600954,1.003697749,0.999106893,1.024535296,1.002481501,1.027722756
1.004365709,1.000299091,1.005739692,1.003261386,0.999330029,1.024299495,1.002029457,1.02677556
1.00344583,0.999438918,1.005380926,1.003043338,0.999330029,1.024274488,1.001803578,1.025774015
1.002967108,0.998419696,1.005123539,1.00282538,0.998660903,1.024326843,1.002029457,1.024819232
1.002632577,0.997476503,1.004915839,1.00282538,0.998660903,1.02437003,1.001803578,1.023733342
1.001971766,0.996467027,1.004685773,1.00282538,0.998660903,1.024426198,1.001352109,1.022747151
1.001500654,0.995506551,1.004323539,1.00260751,0.999106893,1.024470749,1.001577796,1.021758794
1.001185675,0.994367571,1.004049943,1.00238973,0.999330029,1.024521636,1.001577796,1.020668209
1.001477537,0.994660044,1.004473218,1.001954436,0.998660903,1.024406075,1.001803578,1.020032109
1.001623321,0.994573219,1.004364997,1.001736922,0.998660903,1.023921241,1.001352109,1.019109776
1.001162447,0.994500452,1.004414071,1.001954436,0.998438048,1.023484421,1.001126519,1.018298172
1.001008271,0.994464048,1.004701404,1.001954436,0.997547566,1.022960208,1.001577796,1.017602442
1.000685746,0.994497661,1.004992965,1.00260751,0.997547566,1.022476003,1.002029457,1.016764459
1.000200424,0.994495323,1.005144716,1.003261386,0.997770046,1.02205729,1.001126519,1.015947463
1.000195084,0.994552555,1.00543801,1.003916064,0.998215288,1.021650787,1.001126519,1.015003513
1.000041349,0.994714672,1.005472897,1.003261386,0.99799262,1.021490884,1.000901024,1.014256425
0.999664473,0.994497468,1.005519893,1.00282538,0.997547566,1.021475971,1,1.013761115
0.999049564,0.994265313,1.005541023,1.001954436,0.997770046,1.021446411,0.999774983,1.013182867
0.99949656,0.994104589,1.005667671,1.001736922,0.997770046,1.021412408,0.999774983,1.012469642
0.998712729,0.993846004,1.005703794,1.001519496,0.997770046,1.021464342,0.999550061,1.011907408
0.998393783,0.993759445,1.005791478,1.001736922,0.99799262,1.021304317,0.999774983,1.011258772
0.997634089,0.993538246,1.005937743,1.001736922,0.997770046,1.021203709,0.999550061,1.010555072
0.998228016,0.993768814,1.006277153,1.00260751,0.998215288,1.021173647,0.999100504,1.009996107
0.998374776,0.994547241,1.00667246,1.00238973,0.99799262,1.020940933,0.999550061,1.009323559
0.99881057,0.995255825,1.007169943,1.002172038,0.997770046,1.02058282,0.999550061,1.008791759
0.998648651,0.996061309,1.007547003,1.001736922,0.997325179,1.020267717,0.999550061,1.008328777
0.998944078,0.996976989,1.00799236,1.002172038,0.997547566,1.019944023,1,1.007893299
0.998639488,0.997716859,1.008490652,1.002172038,0.996658578,1.019612322,0.999100504,1.007315673
0.998636231,0.998404526,1.00883651,1.00238973,0.996436564,1.019373223,0.999100504,1.006751409
0.998330111,0.99832513,1.008600411,1.00238973,0.996436564,1.019246928,0.999325235,1.006067689
0.998616873,0.998300893,1.008360038,1.00260751,0.997102885,1.019058207,1,1.005756101
0.999072309,0.998019675,1.008094757,1.00260751,0.996880685,1.018907767,0.999774983,1.005435562
0.999522904,0.998059774,1.007622182,1.00282538,0.997547566,1.018837485,0.999774983,1.005186588
0.999650115,0.997654931,1.007303877,1.00238973,0.997325179,1.018557352,1,1.004934691
0.999785598,0.997694818,1.007079204,1.002172038,0.997325179,1.018428855,1.001577796,1.004567186
0.999618708,0.997581996,1.006667954,1.00130216,0.996880685,1.018247578,1.001577796,1.004295105
0.99991084,0.997606369,1.006553678,1.001084912,0.996436564,1.017818262,1.001126519,1.003886831
1.000498184,0.998185676,1.006382654,1.001736922,0.997102885,1.017578236,1.001126519,1.003470566
1.000648172,0.998876515,1.006171426,1.00260751,0.997102885,1.017389736,1.001803578,1.003046531
1.000188834,0.999404098,1.005831576,1.00282538,0.996658578,1.017100927,1.002255431,1.002614937
1.000187408,0.999935744,1.00541841,1.003261386,0.996214643,1.016858164,1.002481501,1.00222954
1.000034136,1.000416893,1.005155475,1.00238973,0.995992815,1.016629464,1.002029457,1.001804488
1.000026606,1.001095586,1.004775118,1.00238973,0.99577108,1.016329316,1.001803578,1.001310899
0.999833436,1.001887785,1.0046966,1.00238973,0.995327889,1.016010691,1.002481501,1.001025034
1.000588783,1.002666124,1.006236627,1.002172038,0.995992815,1.017072885,1.001803578,1.001019871
1.001045742,1.003444045,1.007695814,1.003043338,0.996658578,1.018015318,1.002255431,1.000793515
1.001197533,1.004177133,1.00931218,1.003043338,0.997547566,1.019064039,1.002029457,1.000590359
1.001321524,1.004925561,1.010881758,1.003261386,0.997770046,1.020070019,1.002481501,1.000453
1.001772066,1.005585998,1.012479084,1.003479523,0.998438048,1.021078766,1.003613296,1.000481604
1.002174181,1.006433133,1.014108498,1.003697749,0.998438048,1.022033166,1.003839944,1.000302889
1.006438121,1.078656045,1.100231171,1.00500898,0.998883851,1.083898875,1.004520467,1.062072096
1.010758441,1.15887354,1.194644158,1.006762305,0.998660903,1.152170521,1.004747502,1.129255806
1.014950194,1.24599124,1.297640199,1.008741684,0.999776582,1.226151502,1.005656607,1.202512317
1.019180092,1.340890162,1.410789722,1.010286266,1.000223512,1.306649309,1.006339454,1.282084887
1.023754828,1.444573295,1.535019618,1.011835303,1.000670817,1.394534156,1.006795171,1.369022354
1.027712742,1.558311966,1.672506011,1.013388812,1.000670817,1.490784952,1.007023175,1.464473516
1.032677772,1.683617264,1.825322277,1.016062435,1.001790732,1.596659497,1.007251277,1.56964442
1.037536258,1.826875023,1.997654111,1.018076375,1.002239359,1.716839827,1.007936167,1.687729891
1.042573478,1.986755736,2.192027257,1.019423179,1.002463814,1.851772848,1.008621935,1.819575875
1.047825598,2.167182472,2.41329449,1.020998694,1.003137749,2.00324385,1.008393248,1.968149959
1.053290426,2.371409852,2.666358312,1.022578797,1.004939087,2.174652288,1.007707773,2.136326878
1.059177012,2.604999289,2.958955003,1.024163509,1.006068022,2.369995841,1.007936167,2.32793591
1.064779019,2.874135921,3.301091537,1.026435417,1.006520264,2.59436179,1.00885072,2.548598207
1.070438345,3.188383699,3.707743469,1.028031405,1.006972891,2.855873356,1.00885072,2.805240849
1.075753636,3.560709344,4.197457729,1.029403118,1.0074259,3.164962858,1.008621935,3.108742983
1.080465128,4.003108378,4.786520948,1.031696979,1.007879294,3.529252322,1.009308584,3.471163647
1.084847481,4.542552214,5.524535257,1.033077921,1.008333073,3.971687751,1.009308584,3.913659516
1.090687585,5.216682616,6.474050354,1.034693425,1.008560106,4.518041243,1.009996114,4.465313337
1.095880879,6.079479199,7.742079123,1.035618708,1.008787236,5.214159473,1.010225487,5.170591004
1.101290878,7.22769951,9.522459645,1.036777505,1.008787236,6.126650126,1.009996114,6.103863774
1.106934498,8.828737079,12.20640673,1.037473957,1.008787236,7.380148138,1.010684528,7.397258145
1.108362269,8.958307362,12.29234846,1.03817129,1.009469205,7.466130156,1.010914196,7.431626016
1.109057647,9.035277042,12.35376225,1.03817129,1.009469205,7.524513856,1.011603791,7.450287517
1.109962916,9.115009307,12.42223016,1.03817129,1.009469205,7.585138739,1.011373827,7.466003463
1.110695765,9.194562611,12.47839218,1.038403931,1.009241786,7.645248602,1.011143962,7.489696913
1.111794757,9.279976802,12.54158694,1.038869507,1.009696721,7.70476236,1.011373827,7.508767918
1.112704379,9.357471196,12.59651677,1.039102442,1.010152043,7.76518969,1.010914196,7.534400125
1.113246821,9.444111489,12.65189832,1.03817129,1.009924334,7.826503518,1.009996114,7.560230527
1.113796983,9.469514779,12.67640195,1.03817129,1.010152043,7.847638336,1.010225487,7.566656403
1.113591575,9.482165495,12.69198429,1.03817129,1.010152043,7.856688734,1.010684528,7.574738726
1.113201589,9.486916896,12.7053237,1.037473957,1.009924334,7.865798602,1.010914196,7.577992592
1.11282642,9.494889115,12.72101273,1.037009558,1.008787236,7.874899542,1.011603791,7.577935502
1.112066031,9.504520193,12.73890449,1.036081934,1.008333073,7.882474084,1.011603791,7.586041971
1.112241914,9.515696807,12.75694689,1.036313693,1.009014463,7.891569954,1.010684528,7.592522486
1.112042954,9.528588621,12.76825013,1.036081934,1.009241786,7.899166428,1.010914196,7.605607658
1.112405212,9.533373518,12.77503612,1.036081934,1.009241786,7.89139301,1.011373827,7.6102732
1.112192574,9.533236562,12.7863549,1.036081934,1.008333073,7.874574185,1.012064013,7.615114664
1.112531499,9.534821422,12.7953427,1.035155872,1.008333073,7.859350099,1.011603791,7.619981244
1.112338253,9.531578074,12.80216197,1.035850272,1.008106135,7.845571088,1.011833853,7.624853862
1.112333664,9.536409097,12.81809707,1.036313693,1.008333073,7.827371022,1.011833853,7.624842791
1.111961093,9.53637876,12.83177811,1.037241708,1.008787236,7.815324689,1.012524631,7.629714674
1.111585174,9.537979541,12.84083588,1.037706303,1.009241786,7.797326722,1.012524631,7.636279572
1.111197159,9.528123448,12.82707187,1.037706303,1.009014463,7.780884819,1.012294273,7.636249787
1.111539467,9.531038734,12.83391251,1.037706303,1.009241786,7.771907193,1.011833853,7.639532134
1.1115207,9.527748077,12.83617409,1.037009558,1.009014463,7.759921933,1.011833853,7.641160193
1.111520005,9.5261302,12.84069917,1.036777505,1.008560106,7.749525265,1.011603791,7.639490389
1.111697076,9.529312451,12.84524735,1.036081934,1.008560106,7.739160371,1.011603791,7.647754987
1.112058458,9.534104398,12.85211304,1.035850272,1.007879294,7.728789195,1.011603791,7.646082288
1.111494395,9.532457526,12.85668897,1.035387241,1.006972891,7.719965724,1.012294273,7.646046471
1.110716127,9.513014306,12.85209784,1.034693425,1.006972891,7.711074407,1.012064013,7.649351102
1.111256529,9.521006831,12.86354503,1.034462347,1.00674653,7.694964968,1.011603791,7.645841197
1.112175568,9.537083225,12.8658274,1.034693425,1.007199347,7.678868562,1.011143962,7.649141763
1.113465258,9.550008207,12.87500924,1.035387241,1.007879294,7.664330174,1.011373827,7.657337462
1.114941615,9.562850619,12.88419313,1.035618708,1.007652549,7.648374454,1.011373827,7.657331622
1.115291458,9.57584183,12.89109608,1.035155872,1.007199347,7.63251453,1.012294273,7.658989655
1.116013269,9.58558251,12.89797226,1.035850272,1.007199347,7.616503268,1.012755088,7.66055319
1.116186828,9.58555609,12.90254241,1.035618708,1.0074259,7.603576075,1.012064013,7.660513243
1.11599929,9.57721906,12.89555271,1.035618708,1.008106135,7.600699844,1.011603791,7.662166515
1.115788114,9.565703753,12.88853222,1.036081934,1.007652549,7.597811962,1.012294273,7.658835751
1.115214618,9.557568501,12.8815954,1.0349246,1.007652549,7.596382965,1.011373827,7.655401614
1.115391571,9.546175952,12.87004717,1.034462347,1.006972891,7.596375967,1.011143962,7.658649578
1.115870836,9.538018917,12.86313969,1.033308416,1.006520264,7.592082274,1.009996114,7.655278587
1.115648684,9.526688961,12.85623554,1.033077921,1.006068022,7.589229593,1.009537663,7.651783715
1.115822333,9.529876163,12.87919125,1.032387015,1.005390375,7.582112994,1.009537663,7.655065393
1.114871099,9.51369626,12.86996034,1.031926894,1.005616161,7.574998319,1.009537663,7.658376183
1.114680026,9.503924922,12.8630582,1.032156906,1.005390375,7.566444936,1.009766839,7.66001033
1.11448692,9.494144494,12.86075562,1.03146716,1.005616161,7.556419642,1.009996114,7.661600102
1.113709464,9.473308185,12.85155119,1.031926894,1.005390375,7.549363809,1.009766839,7.659900548
1.113708565,9.463701582,12.85154048,1.031696979,1.006068022,7.540894537,1.010225487,7.664853461
1.114244598,9.454119245,12.85150193,1.031926894,1.00674653,7.532426804,1.009766839,7.663127339
1.115170152,9.465169973,12.85373374,1.032387015,1.0074259,7.528047008,1.009996114,7.661248695
1.114425989,9.277069485,12.54669993,1.031926894,1.007199347,7.464005901,1.009079603,7.651211103
1.113309714,9.08964864,12.25903382,1.03146716,1.00674653,7.402338618,1.009308584,7.641024798
1.111814532,8.907511684,11.97533996,1.031007811,1.006068022,7.340239334,1.00885072,7.626138803
1.109962088,8.734806719,11.71123076,1.030778281,1.006068022,7.280449312,1.008393248,7.612945693
1.109211211,8.566767614,11.4501871,1.030548847,1.005616161,7.221549346,1.007936167,7.604717968
1.108658255,8.40570639,11.20849144,1.029632072,1.005616161,7.163476412,1.007936167,7.591621296
1.104803775,7.218149397,9.278271444,1.027803121,1.005164683,6.656141531,1.008621935,7.464518526
1.100763358,6.214894078,7.752106886,1.025980277,1.003812537,6.088834533,1.008164659,7.272796103
1.096232298,5.434195734,6.619553582,1.024844087,1.003362583,5.602752806,1.007707773,7.098177204
1.092449237,4.807300981,5.744623952,1.023936838,1.002913009,5.182349923,1.008621935,6.928819935
1.088516594,4.292984298,5.047933837,1.022804902,1.002688364,4.815104326,1.008393248,6.764050265
1.084073229,3.863968605,4.479727274,1.021901047,1.002688364,4.492684852,1.00885072,6.610202651
1.080360276,3.500788849,4.008337967,1.020097839,1.002688364,4.206339965,1.007936167,6.463886514
1.075286837,3.159718244,3.575245357,1.01830061,1.002239359,3.865015689,1.006567264,6.199646756
1.071623621,2.866114793,3.207364471,1.016956593,1.001790732,3.547725137,1.005429185,5.916012928
1.067820175,2.61180329,2.893454247,1.01561591,1.0011185,3.272326237,1.004520467,5.651314887
1.063874476,2.390133907,2.6223782,1.014055976,1.000894612,3.031589747,1.003386745,5.406288395
1.059957799,2.194919963,2.38630331,1.012500544,1.000894612,2.818635189,1.002707668,5.181579932
1.055895287,2.02109231,2.178072397,1.010286266,1,2.62934967,1.001577796,4.972331061
1.051865104,1.865811019,1.993725765,1.008521391,0.999553259,2.459618107,1.001803578,4.777559131
1.047362509,1.723477465,1.826635702,1.007201536,0.998660903,2.28949686,1.001352109,4.535128316
1.04353837,1.605842055,1.688406275,1.006542825,0.999106893,2.140612665,1.001803578,4.296156562
1.040245378,1.498176332,1.562663883,1.005665804,0.998660903,2.006175775,1.000901024,4.07476665
1.036323253,1.399727574,1.447999031,1.004352962,0.998438048,1.884115413,1.000901024,3.87488288
1.032911632,1.308691877,1.342737808,1.003261386,0.997770046,1.772764193,1.001126519,3.691507865
1.028864892,1.224744428,1.246081557,1.001954436,0.997547566,1.671097478,1.001352109,3.521417765
1.025011472,1.146902625,1.156692496,1.000650682,0.997102885,1.577601295,1.000675624,3.365096241
1.023726288,1.129442648,1.137552141,1.000867753,0.996214643,1.524378213,1.000450321,3.215136145
1.023567031,1.1191892,1.125983328,1.000867753,0.996880685,1.483288907,1.000225113,3.079495543
1.023081623,1.108877999,1.114500574,1.000867753,0.997102885,1.443796989,0.999774983,2.951707389
1.022256549,1.098699103,1.103270059,1.001084912,0.997102885,1.405789411,0.999550061,2.833894267
1.02145484,1.08859823,1.092128153,1.001084912,0.996880685,1.369163624,0.999774983,2.722919079
1.0208192,1.078675014,1.08114631,1.00130216,0.997102885,1.33370133,0.999325235,2.61892757
1.020185695,1.068828403,1.070331519,1.001954436,0.996880685,1.299540702,1.000225113,2.521191675
1.019696353,1.065017292,1.066428561,1.001954436,0.997547566,1.27980337,1.001577796,2.436221762
1.018900908,1.062030903,1.063384892,1.001954436,0.997325179,1.263771948,1.002029457,2.358107107
1.017944789,1.05883206,1.060347539,1.002172038,0.997547566,1.248095632,1.002481501,2.284926829
1.017298413,1.055618314,1.057145439,1.003043338,0.997770046,1.232490259,1.002481501,2.215251377
1.016982131,1.052463676,1.054030413,1.00282538,0.997547566,1.217173934,1.002255431,2.148812718
1.016807462,1.049219613,1.05102877,1.003479523,0.997770046,1.202111421,1.002707668,2.085336414
1.01632085,1.046040295,1.048095396,1.004571545,0.997547566,1.187223764,1.00293393,2.024882153
1.015375384,1.04297211,1.046160552,1.004571545,0.997325179,1.178408963,1.00293393,1.97321453
1.014740467,1.04014193,1.044294928,1.004134468,0.996658578,1.171075971,1.002707668,1.925874671
1.013784714,1.037360201,1.042434827,1.003916064,0.996214643,1.163803636,1.003160289,1.880902442
1.013156682,1.034547932,1.040582413,1.004134468,0.996214643,1.156664742,1.002255431,1.836980829
1.012174388,1.031857789,1.038584473,1.003697749,0.996436564,1.149647742,1.002029457,1.794733568
1.012007939,1.029077771,1.036771002,1.003697749,0.996436564,1.142524859,1.000901024,1.753961947
1.011507642,1.026384474,1.034922046,1.003261386,0.996214643,1.135562512,1.000675624,1.714358569
1.011333586,1.024992857,1.033759978,1.003697749,0.996658578,1.129851663,1.000901024,1.681104677
1.011172772,1.024349381,1.03292346,1.004352962,0.996658578,1.124670825,1.000675624,1.651180157
1.011148758,1.023712491,1.032292717,1.003916064,0.996658578,1.119556601,1.000225113,1.622036993
1.011758739,1.023154718,1.0313673,1.003479523,0.996880685,1.114560944,1,1.59352921
1.012069007,1.022620237,1.030650648,1.003479523,0.997325179,1.109443098,0.999325235,1.565772776
1.012208835,1.021955793,1.02988714,1.003261386,0.996658578,1.104367507,1,1.538668026
1.01189395,1.021290899,1.029144014,1.003043338,0.996658578,1.09939149,0.999100504,1.512253037
1.012030406,1.020287954,1.028130098,1.003916064,0.996658578,1.095675162,0.997530048,1.490596375
1.01155506,1.019384606,1.027169101,1.004134468,0.996658578,1.09235455,0.997306077,1.470530979
1.011082295,1.018769755,1.026381461,1.004134468,0.996436564,1.089029576,0.997306077,1.451032442
1.010612525,1.018135729,1.025584719,1.003697749,0.995992815,1.085691829,0.997754114,1.431917562
1.009817977,1.017437733,1.024847012,1.004352962,0.99577108,1.082393757,0.997978275,1.412636292
1.008878944,1.016685856,1.024006607,1.004352962,0.995549438,1.07913313,0.99820253,1.394040367
1.00809824,1.015853256,1.02306293,1.003916064,0.995549438,1.075937054,0.997978275,1.375941886
1.00789575,1.015670113,1.022248316,1.003697749,0.99577108,1.073273672,0.997978275,1.360914301
1.007895081,1.015485483,1.021829572,1.003479523,0.99577108,1.070585093,0.997978275,1.346893374
1.008043697,1.015379173,1.021421623,1.003043338,0.995992815,1.06789194,0.997754114,1.333056165
1.008146159,1.015401546,1.02110681,1.003261386,0.995992815,1.06523106,0.997978275,1.31969795
1.008736894,1.015184793,1.020786348,1.003916064,0.996436564,1.062566247,0.997754114,1.30635054
1.008412204,1.015073379,1.020279307,1.003261386,0.996436564,1.059979043,0.99820253,1.293176055
1.008403693,1.015041017,1.019941079,1.003043338,0.995992815,1.05727267,0.998426881,1.279932525
1.008545666,1.014855667,1.019211595,1.00282538,0.996214643,1.05559794,0.998875868,1.269468342
1.008072505,1.013945429,1.018547792,1.002172038,0.996436564,1.054435364,0.998426881,1.259498965
1.008356681,1.013058509,1.017714298,1.003043338,0.996658578,1.053115906,0.998426881,1.249741531
1.007387431,1.012073718,1.017035746,1.003043338,0.996214643,1.051867382,0.997978275,1.239736551
1.006451314,1.011089627,1.016256724,1.00260751,0.99577108,1.05066197,0.997754114,1.230049942
1.005832302,1.010061993,1.015511324,1.002172038,0.996436564,1.04951431,0.9970822,1.220560755
1.005676236,1.009018615,1.014786115,1.001736922,0.996214643,1.048276633,0.997530048,1.211302155
1.005520025,1.008145694,1.014412887,1.001519496,0.995992815,1.047013428,0.99820253,1.203560972
1.004896998,1.007046756,1.014298769,1.000867753,0.995327889,1.046055438,0.99820253,1.196102771
1.004568816,1.005819567,1.014085962,1,0.995106433,1.044979764,0.9970822,1.188506335
1.004104024,1.004606441,1.013939985,1,0.994663799,1.043978688,0.996858418,1.181273912
1.003641168,1.003354741,1.013767092,0.99913366,0.99488507,1.042837898,0.9970822,1.174390398
1.003019606,1.002246776,1.013609649,0.99913366,0.99488507,1.041856948,0.996411138,1.167142916
1.002863927,1.0011157,1.013556762,0.999566654,0.994663799,1.040841601,0.996634731,1.16013616
1.003316103,1.001544655,1.013570658,0.999350113,0.99488507,1.038818495,0.99618764,1.154236715
1.003306314,1.001595384,1.013498319,0.99913366,0.99488507,1.037543333,0.99618764,1.148883493
1.002989306,1.001482713,1.013319989,0.998917296,0.99488507,1.036199221,0.995740927,1.14341264
1.002526469,1.001473394,1.013092813,0.997620956,0.994663799,1.034923724,0.995740927,1.137971665
1.001911608,1.001455632,1.012924432,0.99697397,0.994663799,1.033685548,0.99618764,1.132723025
1.002062775,1.001402097,1.012785439,0.99826873,0.99488507,1.032325119,0.995517712,1.127505298
1.001875969,1.001171046,1.01254322,0.998917296,0.99488507,1.030850455,0.995740927,1.121688964
1.001546845,1.000960068,1.012693245,0.999350113,0.995106433,1.029341071,0.995517712,1.116952612
1.001993298,1.000997692,1.01252166,0.999783283,0.99488507,1.027969225,0.996634731,1.113062284
1.001810895,1.000986713,1.012477762,0.999350113,0.994663799,1.026639901,0.997306077,1.109000612
1.001657077,1.000982506,1.012425846,1,0.994442621,1.025230823,0.997978275,1.105324228
1.00211658,1.00100377,1.012292673,1.000216806,0.994442621,1.023884902,0.998651327,1.101575894
1.002111383,1.001053136,1.012162601,1,0.993779642,1.022530199,0.998426881,1.097713055
1.001956672,1.000132543,1.011646463,1.000216806,0.994000542,1.021352556,0.99820253,1.093186815
1.001490066,0.999611817,1.010966175,1.000216806,0.993558834,1.020590227,0.998651327,1.089657189
1.002099691,0.999484832,1.010077773,1.001084912,0.993558834,1.019818067,0.999550061,1.086436683
1.002371904,0.999487208,1.009262592,1.001519496,0.993558834,1.01897149,1,1.083370016
1.002187568,0.999430947,1.008487035,1.00130216,0.993779642,1.018105804,1.000225113,1.080195649
1.002316988,0.999235216,1.007745875,1.001736922,0.993117494,1.017363371,1,1.076953645
1.002602012,0.999283436,1.006913088,1.001954436,0.992456177,1.016336569,1.000901024,1.07328137
1.00290008,0.999566846,1.00619378,1.001954436,0.992676524,1.015162321,1.000901024,1.069116623
1.00257925,0.99902725,1.005410218,1.001736922,0.992235922,1.014835626,1.001803578,1.066372251
1.002417618,0.998723715,1.004648436,1.00260751,0.992235922,1.01409325,1.002255431,1.063882165
1.00240613,0.998449683,1.003928533,1.00282538,0.992235922,1.013444742,1.003386745,1.061452002
1.00286366,0.998216826,1.003174106,1.003043338,0.992015759,1.012758678,1.004520467,1.059095076
1.002830398,0.997865038,1.002330615,1.003261386,0.991575709,1.012463175,1.00429353,1.056002139
1.002665973,0.997564349,1.001459663,1.003043338,0.992015759,1.011904376,1.004747502,1.052794607
1.002499385,0.99733648,1.000629976,1.003043338,0.992456177,1.011520592,1.003839944,1.050535699
1.002631652,0.997166944,0.999963746,1.00238973,0.991795688,1.011236989,1.003160289,1.047950316
1.002321402,0.996682209,0.999238704,1.00130216,0.992015759,1.011055786,1.002481501,1.045706916
1.001537717,0.996459676,0.998392475,1.000650682,0.991575709,1.010815429,1.001803578,1.043654903
1.001206726,0.99540692,0.997566531,1.000650682,0.991795688,1.010475198,1.001577796,1.041084563
1.00089442,0.994614855,0.996854093,1.000433699,0.992015759,1.009816875,1.001803578,1.03859275
1.001199975,0.993878696,0.996070881,1.001084912,0.992235922,1.009077,1.002029457,1.036169805
1.001177433,0.993788291,0.995703229,1.001084912,0.992235922,1.008094201,1.002029457,1.034207531
1.001481155,0.993835227,0.995597688,1.001084912,0.992235922,1.007356922,1.002029457,1.032385021
1.001777797,0.993841845,0.995435786,1.000650682,0.992896963,1.006645109,1.001126519,1.030656146
1.001774238,0.993935689,0.995487095,1.000867753,0.993338118,1.005761179,1.001126519,1.028589834
1.002233567,0.993757264,0.995506603,1.00130216,0.993117494,1.004969285,1.000901024,1.026449629
1.002363418,0.993537403,0.995473913,1.000867753,0.993117494,1.004404738,1.000450321,1.024387656
1.002346181,0.9931475,0.995668367,1.000650682,0.993558834,1.003928712,1,1.022886655
1.001883868,0.992551727,0.995766746,1,0.993558834,1.003689739,0.999550061,1.021657846
1.001874385,0.991801619,0.995721829,0.999783283,0.993779642,1.003400813,0.998651327,1.020128886
1.002020018,0.99135686,0.99551604,0.999350113,0.994000542,1.002935781,0.998426881,1.018667052
1.002009368,0.991084047,0.995156068,0.999783283,0.994221535,1.002561954,0.997978275,1.016673158
1.001700029,0.99056598,0.994851524,1.000433699,0.995106433,1.002047836,0.996634731,1.014784707
1.001691387,0.990268558,0.994539628,1,0.995549438,1.001198662,0.995964236,1.013550025
1.001814683,0.989815263,0.994285459,1.000216806,0.994663799,1.000568867,0.996634731,1.012408961
1.001337785,0.989342329,0.993950819,1.000216806,0.994000542,0.999938045,0.996411138,1.011077547
1.000555361,0.988550151,0.993730129,1,0.993779642,0.999628743,0.99618764,1.009568925
1.000095972,0.988055229,0.993822558,1.000867753,0.994000542,0.999066786,0.996411138,1.008068729
1.000698065,0.987596232,0.993909841,1.001736922,0.994442621,0.998500391,0.9970822,1.006415972
1.001001587,0.987927981,0.994087716,1.000867753,0.994221535,0.998098856,0.9970822,1.004975894
1.000998187,0.987931891,0.994190962,1.000867753,0.993779642,0.998023334,0.99618764,1.003788363
1.000832286,0.987855602,0.994257919,1.000867753,0.993779642,0.997902651,0.996411138,1.002398012
1.0002178,0.987332137,0.994284932,1.000433699,0.993558834,0.997566071,0.99618764,1.001027286
0.999889885,0.987003142,0.994311555,1.000433699,0.994221535,0.997087787,0.99618764,0.999873938
0.999735163,0.986819142,0.994489997,1.000433699,0.994000542,0.996694173,0.996411138,0.998525927
0.999570845,0.986426392,0.994437236,1.000433699,0.993779642,0.996474042,0.996634731,0.997530507
0.999719125,0.986469951,0.994231022,1,0.993558834,0.996061607,0.997306077,0.99640059
0.999712411,0.986574847,0.994065509,1.000650682,0.993558834,0.995551799,0.997530048,0.995329382
0.999251858,0.986562389,0.993545967,1.000216806,0.993558834,0.994881135,0.997978275,0.994318613
0.998938345,0.986072456,0.993005672,1.000216806,0.993338118,0.994146989,0.997306077,0.993071053
0.998476186,0.985752258,0.992541945,1.000650682,0.992896963,0.993476119,0.997306077,0.992004613
0.998165719,0.985167905,0.992443907,1.000867753,0.992896963,0.993054892,0.9970822,0.991084309
0.997815001,0.984521505,0.992449783,1.000867753,0.992676524,0.992465408,0.997530048,0.990244049
0.997498674,0.98373708,0.992437349,1.000216806,0.992015759,0.991956116,0.99820253,0.989514047
0.997488845,0.983125658,0.992486035,1.001084912,0.991795688,0.991509415,0.998651327,0.988617811
0.996719106,0.982035233,0.992443906,1.000216806,0.992015759,0.991050485,0.998426881,0.987597601
0.996564243,0.981301722,0.992139743,0.999566654,0.992456177,0.990915925,0.998875868,0.986592016
0.997018929,0.98078736,0.991612653,1.000433699,0.993117494,0.990411951,0.999325235,0.985811237
0.996843129,0.980150788,0.990891087,0.999566654,0.992896963,0.990134379,0.999325235,0.984828043
0.996383103,0.979419558,0.990163833,0.99913366,0.992896963,0.989909243,0.999325235,0.984113923
0.996369103,0.978427982,0.989393095,0.998701019,0.992676524,0.989652696,0.998875868,0.983321651
0.996063915,0.977728278,0.988819582,0.99826873,0.992896963,0.989296062,0.999325235,0.982282902
0.995755707,0.977399357,0.988411459,0.997189545,0.992456177,0.9888511,0.999325235,0.981360675
0.996058648,0.977674021,0.98819549,0.998052718,0.992676524,0.988503783,0.999550061,0.980742639
0.996203923,0.977699882,0.987886677,0.998052718,0.992015759,0.988248274,0.999100504,0.979840459
0.996348567,0.977663115,0.987476949,0.998052718,0.992015759,0.987970891,0.999325235,0.978947289
0.996497544,0.977761308,0.987071717,0.997836793,0.992456177,0.987664442,0.998426881,0.978144054
0.996022585,0.97721122,0.986955005,0.99826873,0.993338118,0.987519131,0.99820253,0.977201925
0.995563621,0.977101163,0.986710027,0.997836793,0.993117494,0.98722803,0.998651327,0.976405446
0.996149345,0.977058583,0.986877929,0.99826873,0.992896963,0.987114169,0.997978275,0.975393045
0.996416769,0.977417428,0.987077553,0.998701019,0.993117494,0.987076441,0.998875868,0.974555653
0.996567974,0.977668173,0.987263957,0.99913366,0.993117494,0.986963713,0.999774983,0.973769038
0.99656763,0.977842018,0.98719783,0.99913366,0.993117494,0.986895194,1,0.97290655
1.000979056,1.051857677,1.073254631,1.001084912,0.994442621,1.049475108,0.999774983,1.033899911
1.005744531,1.1340383,1.167785567,1.003043338,0.995327889,1.117914667,1,1.100372424
1.009918914,1.223087078,1.270965949,1.004134468,0.996214643,1.192199822,1.001126519,1.172589141
1.01476948,1.321050567,1.384152358,1.006104135,0.997102885,1.272963072,1.001126519,1.251138424
1.019653717,1.428119759,1.509321787,1.00830119,0.997547566,1.360992799,1.001352109,1.337492396
1.024552931,1.545831142,1.647888371,1.009623758,0.998215288,1.457457493,1.002029457,1.432807383
1.030010316,1.679215276,1.803799654,1.011835303,0.998660903,1.566745549,1.002255431,1.539181195
1.035194429,1.828358746,1.979103651,1.013388812,0.999553259,1.688769614,1.002707668,1.656923284
1.040426728,1.995853852,2.176829673,1.015392786,1.000223512,1.825356856,1.003839944,1.788487354
1.045711428,2.184498172,2.401248808,1.017852233,1.0011185,1.978891122,1.004066689,1.937248747
1.051375625,2.398565272,2.658768938,1.020097839,1.002239359,2.15349772,1.004747502,2.106171837
1.056918109,2.644413234,2.957078178,1.021675318,1.002913009,2.353281814,1.005656607,2.298114179
1.06234668,2.931115462,3.308631343,1.022804902,1.004037657,2.584409581,1.005884125,2.519682591
1.067317657,3.268361161,3.727753882,1.024390274,1.004488182,2.854105731,1.006795171,2.778953306
1.073170382,3.670357718,4.235778042,1.025752849,1.004939087,3.173503113,1.007479476,3.085661304
1.079643346,4.160971806,4.860995296,1.027803121,1.005390375,3.556298059,1.007936167,3.455300527
1.086363573,4.766493034,5.652996853,1.029632072,1.006520264,4.027083705,1.008164659,3.906480906
1.092078579,5.538081094,6.689354386,1.031237437,1.007199347,4.617157833,1.008393248,4.470038927
1.098398449,6.55058404,8.102187974,1.032156906,1.008106135,5.376209445,1.009079603,5.197240733
1.105131951,7.946764649,10.14480308,1.033077921,1.009014463,6.388987178,1.009308584,6.168638023
1.111377478,9.989306314,13.36639451,1.034462347,1.009241786,7.808150405,1.009766839,7.533019111
1.112636277,10.13413085,13.47065855,1.033539008,1.008106135,7.871720409,1.010225487,7.567032294
1.114303438,10.22170623,13.53090754,1.033769697,1.008106135,7.919246272,1.009996114,7.589892263
1.115982673,10.31639171,13.59420729,1.034462347,1.007652549,7.968843465,1.009996114,7.612877714
1.117469875,10.40509737,13.66573279,1.034693425,1.007199347,8.02379703,1.009996114,7.642623753
1.118405868,10.48364635,13.73794993,1.034693425,1.007199347,8.076220301,1.011143962,7.672586382
1.119156705,10.57303819,13.80568526,1.0349246,1.006972891,8.130960905,1.009996114,7.68928247
1.119142655,10.59447863,13.82924349,1.0349246,1.007199347,8.137443167,1.010225487,7.695920129
1.119313823,10.61216848,13.84763301,1.034462347,1.00674653,8.135812837,1.010225487,7.700836138
1.119307592,10.62790232,13.86868627,1.035387241,1.00674653,8.130947322,1.009996114,7.705830759
1.119475866,10.64570178,13.89761943,1.035387241,1.00674653,8.13094667,1.009537663,7.714230691
1.11909655,10.66556668,13.91884337,1.035155872,1.005842044,8.122802595,1.009079603,7.719254552
1.12003102,10.68742088,13.94813355,1.034231367,1.005390375,8.117941136,1.00885072,7.722632228
1.120030994,10.69518654,13.95877989,1.034462347,1.004713587,8.108254959,1.009537663,7.725884043
1.119991281,10.70112519,13.97479896,1.034000484,1.004939087,8.10018708,1.008621935,7.729228556
1.120358322,10.70908337,13.98551246,1.034000484,1.005164683,8.093733873,1.00885072,7.735957809
1.119970758,10.72500668,14.00158246,1.033077921,1.004488182,8.080891002,1.008621935,7.732554587
1.119759963,10.73702805,14.02037854,1.033077921,1.004488182,8.071270395,1.00885072,7.729161659
1.119733233,10.74505345,14.02304859,1.03261722,1.004488182,8.060091599,1.009308584,7.73593321
1.120109422,10.75912816,14.03651497,1.033308416,1.004488182,8.048753611,1.008621935,7.732501918
1.119341279,10.75905372,14.04727664,1.033769697,1.004713587,8.04707876,1.008393248,7.734085801
1.119314978,10.75700906,14.05267269,1.033769697,1.004488182,8.04863686,1.008393248,7.730663576
1.119082607,10.74479823,14.0553603,1.033769697,1.005164683,8.047013021,1.007936167,7.739138571
1.118492403,10.74475608,14.07159914,1.033769697,1.004939087,8.040578183,1.008621935,7.742537158
1.118286283,10.73667291,14.08516134,1.033077921,1.004939087,8.032641493,1.008393248,7.740834315
1.11790739,10.74473883,14.09873722,1.033308416,1.005390375,8.021546512,1.00885072,7.742491915
1.118427762,10.75685044,14.10687714,1.033308416,1.005390375,8.010493334,1.008164659,7.74078997
1.118029473,10.76695363,14.12042252,1.032847522,1.005390375,7.999434417,1.009079603,7.743998266
1.118206594,10.76688494,14.1313313,1.033077921,1.005164683,7.991571542,1.009308584,7.74391364
1.117999814,10.764845,14.1395158,1.034000484,1.005164683,7.982090278,1.00885072,7.742206302
1.117809731,10.76457064,14.15045463,1.033077921,1.005390375,7.974190986,1.00885072,7.7472466
1.117799985,10.76049767,14.15591568,1.032847522,1.004939087,7.964813859,1.009996114,7.74370607
1.117410533,10.75237578,14.16413996,1.033308416,1.005164683,7.961650926,1.009308584,7.738497109
1.11608616,10.74021535,14.15864115,1.033308416,1.005390375,7.956842776,1.009079603,7.7418373
1.117193087,10.74418311,14.15585122,1.033769697,1.005842044,7.95058485,1.00885072,7.74861741
1.117184402,10.73202323,14.15036741,1.033539008,1.005390375,7.949025654,1.009079603,7.745164893
1.116034493,10.71390606,14.15026781,1.033077921,1.004939087,7.944291974,1.008621935,7.73835893
1.116216369,10.69785268,14.14476833,1.033308416,1.005390375,7.94738581,1.008621935,7.741596157
1.11526967,10.68174815,14.14203019,1.03261722,1.005164683,7.944190738,1.008164659,7.744976468
1.115444651,10.66575041,14.15298318,1.032847522,1.005164683,7.94104133,1.007936167,7.741548969
1.114880393,10.65179742,14.15297633,1.032387015,1.004939087,7.941028485,1.008164659,7.743234582
1.115790176,10.64583781,14.15563128,1.031926894,1.004488182,7.939474429,1.008164659,7.74662299
1.115962232,10.64181094,14.16660453,1.032387015,1.004939087,7.936336649,1.007936167,7.753434723
1.116135417,10.64576982,14.17757646,1.032387015,1.004488182,7.934699987,1.008393248,7.750016502
1.116692028,10.64169702,14.17479164,1.03261722,1.004939087,7.937775755,1.007707773,7.749982897
1.117057013,10.64565412,14.17753708,1.033308416,1.005390375,7.939258123,1.007707773,7.756783952
1.117041477,10.63967548,14.17476728,1.03261722,1.004488182,7.939226678,1.007479476,7.758485531
1.116285428,10.62773637,14.16651226,1.03261722,1.004713587,7.939185915,1.007479476,7.75503847
1.116274326,10.61767293,14.1555023,1.032387015,1.004488182,7.940729349,1.007479476,7.756720809
1.116621714,10.61958347,14.15266319,1.031696979,1.004037657,7.942210844,1.007023175,7.754954254
1.117360762,10.61557783,14.14711615,1.031237437,1.004488182,7.940658023,1.007479476,7.759983943
1.118289476,10.61536289,14.14436035,1.031237437,1.004262872,7.940611555,1.007023175,7.759933485
1.114904148,9.469777291,12.35594001,1.030319509,1.004488182,7.658447897,1.006795171,7.717396418
1.112101727,8.240814489,10.46304348,1.02917426,1.004262872,7.263216394,1.007251277,7.648582247
1.109468036,7.271069715,9.041301227,1.028259785,1.003587513,6.901473302,1.007023175,7.572586329
1.105570425,6.48299839,7.931400498,1.02666313,1.003587513,6.573682943,1.006567264,7.496544292
1.102629494,5.836772579,7.040099042,1.025525516,1.003362583,6.27119938,1.006339454,7.429723126
1.100250116,5.297200712,6.309247055,1.025298278,1.003137749,5.993113963,1.006567264,7.365600549
1.095153478,4.662132107,5.466206611,1.023936838,1.002463814,5.481684776,1.006111741,7.168808933
1.091544293,4.131269757,4.779228419,1.023031101,1.002463814,5.004428605,1.005656607,6.952273741
1.086695669,3.691613534,4.223761388,1.021675318,1.001342483,4.596866578,1.005429185,6.746051484
1.082241333,3.322520355,3.764676413,1.02077334,1.0011185,4.244254957,1.005429185,6.547120879
1.076753183,3.00729157,3.37856208,1.019423179,1.000670817,3.935751041,1.004520467,6.357463
1.072020457,2.735698275,3.048848835,1.017628184,1,3.663978017,1.00429353,6.176545444
1.066807291,2.490612293,2.751949288,1.016956593,0.999776582,3.369255325,1.003613296,5.90798819
1.06129364,2.274615676,2.492551934,1.015169754,0.998660903,3.102640947,1.003160289,5.633293471
1.055833605,2.084053982,2.266237608,1.012944495,0.997325179,2.869584044,1.002481501,5.378114056
1.051225683,1.915231562,2.066739592,1.011170883,0.997325179,2.663868756,1.001577796,5.141522897
1.047026551,1.764826976,1.890078999,1.009844503,0.996658578,2.481416612,1.000901024,4.927424101
1.042707212,1.629570825,1.732053358,1.008081078,0.996214643,2.31755898,1.000675624,4.725917527
1.0375907,1.505262938,1.588642262,1.006981875,0.995992815,2.156033831,1.000675624,4.478540921
1.032526579,1.392615761,1.458546516,1.00500898,0.994442621,2.009881909,1,4.240929885
1.027821943,1.289750217,1.340583985,1.003916064,0.994663799,1.87807954,1.000450321,4.024218352
1.026520013,1.239249516,1.280876177,1.003043338,0.993779642,1.781859766,1.000675624,3.839044197
1.025547852,1.206100042,1.242689385,1.00282538,0.994000542,1.703937969,1.001126519,3.676156461
1.023939876,1.173933626,1.205519885,1.00238973,0.994000542,1.630979243,1.001577796,3.524773492
1.022003636,1.142403724,1.168863761,1.002172038,0.993558834,1.558320795,1.001352109,3.350659263
1.020249998,1.111577904,1.133255442,1.00238973,0.993779642,1.489574494,1.001352109,3.183599429
1.018499249,1.081353895,1.098525741,1.001736922,0.993117494,1.424796063,1.001126519,3.029163445
1.018318091,1.073300032,1.089524905,1.00130216,0.992896963,1.390262981,1.001352109,2.912886392
1.017518357,1.06744605,1.082617809,1.001084912,0.992676524,1.361885239,1.001352109,2.810351221
1.017035806,1.061785599,1.075455875,1.000650682,0.992896963,1.334218664,1.001126519,2.713616457
1.016828731,1.056194525,1.068286736,1.000650682,0.992676524,1.30482332,1.000901024,2.605316053
1.016158782,1.050999515,1.061209137,1.000216806,0.992015759,1.275928726,1.001577796,2.498869817
1.015204343,1.04561822,1.054183727,0.999783283,0.992015759,1.247844688,1.001803578,2.399517656
1.015193218,1.043232654,1.05100156,0.999350113,0.992015759,1.23204555,1.002029457,2.326725328
1.015032549,1.041427114,1.048686517,0.998701019,0.991575709,1.218806036,1.003160289,2.262193613
1.014660822,1.039539879,1.046379813,0.998917296,0.991575709,1.205677788,1.003839944,2.20060028
1.014030539,1.037257775,1.043709374,0.999783283,0.991355822,1.191157623,1.00520186,2.131021449
1.013229297,1.035316548,1.04095396,1,0.991355822,1.176772433,1.006339454,2.061748937
1.013046533,1.033397522,1.038347423,1.000650682,0.991795688,1.162734435,1.006567264,1.996432373
1.013199077,1.032602494,1.036584616,1.001084912,0.991355822,1.154597666,1.006567264,1.948684834
1.013193428,1.032056052,1.035154513,1.001519496,0.991575709,1.147194549,1.007251277,1.906007545
1.012406809,1.031534549,1.033753727,1.001084912,0.990916322,1.13994781,1.007251277,1.864831183
1.012090654,1.030594873,1.031814955,1.001084912,0.991355822,1.131740776,1.006339454,1.818003182
1.011612781,1.029466638,1.029554072,1.000216806,0.991136026,1.123685963,1.005429185,1.770765182
1.011104041,1.028092807,1.027497623,1.000216806,0.991575709,1.115699782,1.004974633,1.726228113
1.010942726,1.027165236,1.026174405,1.000216806,0.991136026,1.110309834,1.004974633,1.693930489
1.010784935,1.026702314,1.024928466,1,0.99069671,1.105310994,1.004520467,1.664905598
1.01044446,1.026142949,1.023869243,1,0.990916322,1.100447486,1.00520186,1.63701265
1.009808372,1.025228774,1.022971414,1.000216806,0.991575709,1.095352032,1.004520467,1.604775346
1.009487538,1.024611257,1.022165091,1.000433699,0.991795688,1.090188668,1.004520467,1.572482782
1.009774267,1.023990931,1.021225652,1.001084912,0.992235922,1.085132872,1.00429353,1.541218435
1.009296523,1.022918865,1.02035735,1.000650682,0.991575709,1.081869159,1.004520467,1.518188772
1.009728597,1.021911627,1.019612427,1.001736922,0.992896963,1.079087297,1.004974633,1.497925421
1.010184637,1.020899233,1.018979719,1.00260751,0.993558834,1.076363318,1.004974633,1.478151627
1.010181084,1.020251747,1.01832304,1.00260751,0.993558834,1.073245576,1.004520467,1.455029097
1.010020368,1.019872977,1.017948167,1.003043338,0.994442621,1.069650236,1.003160289,1.431985693
1.00982369,1.019422183,1.017344599,1.00260751,0.994442621,1.066065154,1.002255431,1.409254112
1.009651004,1.019560771,1.017074178,1.001736922,0.994221535,1.063930565,1.000901024,1.392713668
1.009481784,1.019389545,1.016900967,1.000650682,0.993558834,1.061832617,1,1.378015376
1.009463541,1.019251035,1.016791282,1.000216806,0.993117494,1.059575882,0.999774983,1.363438775
1.008990137,1.018060429,1.016216998,0.999350113,0.993338118,1.057487517,0.999550061,1.34693916
1.008977927,1.017334353,1.015660106,0.998917296,0.993117494,1.055354783,0.999100504,1.329987708
1.009445844,1.016550818,1.015132061,0.99913366,0.993117494,1.053257136,0.99820253,1.313215405
1.009443061,1.015989131,1.015076264,0.999350113,0.993338118,1.052176047,0.998426881,1.301174667
1.009269433,1.015633893,1.015178977,0.999350113,0.993558834,1.051007263,0.998651327,1.290410545
1.009727679,1.01545001,1.015157668,1,0.993558834,1.049834414,0.999100504,1.279735108
1.009725495,1.014249953,1.014689435,1,0.993779642,1.0488536,0.999550061,1.267332632
1.009716547,1.013209984,1.01440685,1.000216806,0.993558834,1.047728612,0.999325235,1.254430355
1.009400243,1.012190867,1.014038906,0.999783283,0.993117494,1.046493354,0.998426881,1.241671634
1.009548312,1.011412797,1.013468319,0.998917296,0.992235922,1.045615498,0.99820253,1.232459681
1.00952237,1.010714756,1.012832346,0.998917296,0.992015759,1.044800314,0.99820253,1.224174831
1.009047761,1.010085521,1.012362674,0.998484831,0.992235922,1.044012219,0.99820253,1.215864639
1.00888286,1.009795352,1.011920899,0.998052718,0.992676524,1.042519809,0.99820253,1.206368649
1.008087963,1.00937107,1.011908617,0.99697397,0.991795688,1.04046229,0.997306077,1.196411733
1.007145212,1.008975043,1.011781507,0.996543085,0.991575709,1.038386246,0.996634731,1.186569543
1.006511206,1.008122905,1.011722183,0.996112549,0.991795688,1.036670309,0.996858418,1.179381168
1.006034507,1.007184871,1.011399308,0.996327773,0.991136026,1.035468245,0.997754114,1.172935588
1.005721822,1.006221995,1.011169039,0.996543085,0.992015759,1.034328095,0.99820253,1.166558373
1.005229352,1.005114749,1.010840552,0.99697397,0.992235922,1.032979653,0.998875868,1.159283052
1.005066197,1.004066429,1.010469207,0.998052718,0.992456177,1.031614786,0.999100504,1.151600107
1.004590129,1.002593873,1.010049179,0.998484831,0.992896963,1.030287314,0.998651327,1.144036799
1.004570736,1.002360001,1.01004209,0.998917296,0.992896963,1.028882393,0.998875868,1.138576902
1.004240715,1.001719015,1.009869461,0.999350113,0.993779642,1.027588179,0.99820253,1.133742678
1.003773292,1.001156246,1.009963508,0.999783283,0.994000542,1.026242722,0.998651327,1.12895313
1.003615531,1.000983366,1.009633179,1.000216806,0.994000542,1.024602088,0.998651327,1.123393693
1.002995788,1.000638074,1.009416072,1.000867753,0.993779642,1.023035912,0.998875868,1.117572884
1.002065735,1.000186099,1.009267969,1.000650682,0.992896963,1.021412512,0.99820253,1.111674031
1.001902556,1.000325118,1.009500427,1.000216806,0.993558834,1.019644404,0.997754114,1.107374797
1.002051341,1.000644483,1.009641693,1.000650682,0.994221535,1.017998604,0.99820253,1.103869186
1.001735108,1.000982144,1.009948518,1.000867753,0.99488507,1.016411543,0.999325235,1.09979383
1.001567951,1.000974991,1.009891765,1.001519496,0.995106433,1.0150739,0.999550061,1.095396156
1.002021402,1.001125002,1.010044226,1.001519496,0.995327889,1.013598652,0.999774983,1.090875825
1.001862592,1.001088783,1.010048677,1.001736922,0.994663799,1.012131393,1.000450321,1.086150375
1.001705413,1.000895195,1.010110682,1.001954436,0.99488507,1.011439691,1,1.082648566
1.002008681,1.000634725,1.009795349,1.00238973,0.99488507,1.011094943,1,1.079637974
1.002457538,1.000399248,1.009449615,1.00238973,0.99488507,1.010823431,1.000450321,1.07671384
1.002611548,1.000314403,1.008975696,1.00282538,0.994663799,1.010298034,1.000675624,1.073083949
1.002443884,1.000069573,1.008384142,1.00238973,0.995106433,1.009835607,1,1.069335136
1.00244022,0.999739094,1.007898528,1.00282538,0.994442621,1.00946979,0.999774983,1.065606774
1.002897393,0.999808131,1.007630976,1.00238973,0.994663799,1.009215098,0.999774983,1.062881007
1.003192652,0.999689389,1.00735465,1.002172038,0.995549438,1.008943778,1,1.060483354
1.002721762,0.999654765,1.00717296,1.001954436,0.99488507,1.008813596,1.000675624,1.058096854
1.002553844,0.999598889,1.007055229,1.001519496,0.994221535,1.008401552,0.999774983,1.055125713
1.002387604,0.999825711,1.007084162,1.001736922,0.994000542,1.007997076,1,1.05175279
1.002679913,0.999983074,1.006976208,1.00130216,0.993338118,1.007538484,0.999774983,1.048773803
1.002802747,0.999975546,1.007210796,1.000867753,0.993117494,1.007240831,0.999550061,1.046365847
1.00323873,1.000013825,1.007312,1.000650682,0.992896963,1.006983078,0.999100504,1.044188871
1.003702404,1.000081485,1.007255334,1.000433699,0.993558834,1.006762575,0.999550061,1.042159104
1.003534656,0.999752319,1.007276772,1.001084912,0.993558834,1.006455813,0.999550061,1.0398051
1.003363146,0.999470102,1.007248424,1.001084912,0.993779642,1.006268161,1,1.037295488
1.003808951,0.999226491,1.007149352,1.001954436,0.993779642,1.006055828,1,1.035052733
1.003943991,0.999494684,1.007339437,1.001736922,0.994000542,1.005636217,1.000901024,1.033255165
1.003471391,0.999264785,1.007324414,1.001954436,0.994000542,1.005336917,1.000675624,1.031536666
1.003160636,0.999393483,1.007382368,1.001519496,0.994221535,1.004987081,1.000675624,1.02961537
1.002846805,0.999250488,1.007296298,1.00130216,0.994221535,1.004687339,1.000901024,1.0279106
1.002226636,0.999236757,1.007294966,1.001736922,0.994442621,1.004509649,1.001352109,1.026129912
1.002070517,0.999168745,1.007430198,1.001519496,0.993779642,1.004157462,1.001803578,1.024109854
1.001597366,0.998863989,1.007545045,1.00130216,0.994000542,1.004164479,1.001352109,1.023046904
1.00189217,0.998779406,1.00783712,1.001736922,0.994442621,1.003918417,1.001803578,1.02167763
1.001886275,0.998754759,1.008029217,1.001954436,0.995106433,1.003581709,1.002029457,1.020509811
1.001974368,0.999301837,1.007964093,1.00238973,0.995327889,1.003320533,1.001577796,1.0190825
1.001664851,0.999393161,1.007834289,1.001736922,0.995106433,1.003284572,1.001352109,1.017467493
1.001814298,0.999522785,1.007672579,1.001736922,0.995992815,1.003167885,1.001126519,1.01583132
1.001655295,0.99953026,1.007412911,1.002172038,0.996658578,1.003258643,1.001352109,1.014690827
1.001489507,0.999150429,1.00715237,1.001954436,0.996880685,1.003368383,1.001803578,1.013692998
1.00117658,0.998826947,1.006866653,1.00260751,0.997770046,1.003491977,1.001577796,1.012700126
1.000862879,0.998451921,1.006465364,1.00260751,0.997770046,1.00376216,1.002029457,1.011475159
1.00038517,0.998082386,1.006153998,1.003043338,0.997770046,1.003863351,1.002255431,1.010454795
0.999608222,0.997622926,1.005885963,1.003479523,0.997547566,1.004013903,1.001803578,1.009025828
0.999419914,0.997637977,1.005548981,1.00260751,0.996658578,1.004172239,1.002029457,1.008118128
0.999263191,0.997595476,1.00534516,1.002172038,0.995992815,1.004245317,1.001126519,1.007150339
0.998608861,0.997641267,1.005105931,1.001736922,0.995992815,1.004271162,1.000901024,1.006356677
0.998604807,0.997291627,1.004980397,1.001519496,0.995327889,1.004588888,1.000225113,1.005460367
0.998898133,0.997452339,1.004922503,1.001519496,0.995327889,1.004529075,1.000675624,1.004678057
0.999349766,0.997581007,1.004683954,1.001954436,0.99577108,1.004184936,1.000450321,1.003749227
0.999642537,0.997938858,1.004552708,1.002172038,0.99577108,1.004063932,0.999774983,1.002768246
1.00024681,0.99805846,1.004329399,1.00260751,0.995992815,1.00385972,0.999774983,1.001932598
1.000234866,0.998304454,1.004083368,1.00260751,0.996214643,1.003683203,0.998875868,1.001326494
1.000692899,0.998128549,1.003790519,1.003261386,0.995992815,1.00369125,0.998875868,1.000184629
1.000841129,0.998371086,1.003551687,1.003261386,0.995549438,1.003727857,0.998875868,0.999359004
1.001294481,0.998603242,1.003334298,1.003479523,0.99577108,1.003754451,0.998426881,0.998472861
1.000830286,0.998218691,1.003430208,1.003479523,0.995549438,1.003798357,0.998875868,0.997776758
1.000973072,0.99829693,1.003566344,1.004352962,0.995549438,1.003677938,0.998875868,0.997060183
1.000818746,0.998307282,1.003662788,1.004352962,0.99577108,1.003654522,0.998875868,0.996607633
1.000970436,0.998464007,1.003916821,1.004352962,0.99577108,1.003356697,0.998651327,0.995835381
1.000789758,0.998346785,1.004074245,1.004352962,0.99577108,1.003242809,0.99820253,0.9948282
1.000478006,0.99816962,1.004278343,1.003479523,0.995106433,1.003129037,0.999100504,0.994054196
1.000008212,0.997955741,1.004528343,1.003261386,0.995106433,1.002885905,0.998651327,0.993478018
1.000161969,0.997718621,1.004773347,1.003043338,0.99577108,1.002828991,0.998426881,0.992867025
1.000772822,0.997568605,1.005079946,1.003043338,0.99577108,1.00276572,0.998426881,0.992462678
1.000919203,0.997941707,1.005371992,1.00282538,0.996214643,1.002817351,0.998651327,0.991882519
1.000300462,0.998193653,1.005631362,1.00282538,0.995992815,1.002697968,0.999325235,0.99131165
1.000597032,0.998299517,1.005719272,1.00260751,0.99577108,1.002562066,0.999325235,0.99056701
1.000125892,0.998570602,1.005857934,1.003043338,0.996436564,1.002211706,0.999550061,0.990055915
0.999337967,0.998252634,1.005947743,1.001954436,0.99577108,1.002215022,0.999100504,0.989411222
0.998866959,0.998029962,1.006128073,1.00130216,0.995327889,1.002319744,0.999100504,0.989081876
0.997944881,0.997063328,1.005797772,1.000867753,0.995327889,1.003032651,0.999325235,0.988639301
0.998852111,1.012864711,1.037726707,1.00130216,0.99577108,1.027512463,0.999325235,1.004807694
0.999464244,1.028903493,1.070743698,1.002172038,0.996214643,1.05286976,1.000225113,1.021294778
0.999768053,1.045674882,1.104728725,1.00282538,0.996658578,1.078720196,1.000675624,1.038469378
1.000069757,1.062382925,1.139824851,1.003697749,0.996880685,1.10548533,1.000901024,1.055808198
1.000675618,1.07956887,1.17618931,1.003697749,0.996214643,1.133135251,1.001352109,1.073655719
1.006395169,1.165378076,1.281305306,1.005665804,0.997325179,1.210669822,1.002029457,1.144567431
1.01217596,1.259961627,1.396752442,1.006762305,0.997547566,1.295391133,1.002255431,1.221576993
1.018656105,1.363958325,1.524250989,1.008741684,0.997325179,1.388155475,1.002029457,1.305854847
1.025053595,1.478139129,1.665049836,1.009844503,0.998660903,1.490853649,1.002707668,1.398295033
1.031826402,1.604876592,1.821976675,1.011613738,0.999106893,1.603981769,1.003839944,1.500375229
1.038030939,1.745601666,1.998069051,1.013166608,1,1.729812643,1.004066689,1.61342053
1.045483792,1.903649401,2.197874371,1.015169754,0.999776582,1.871325643,1.004747502,1.739816669
1.053029017,2.083080442,2.425524745,1.017180364,1,2.030792722,1.005884125,1.881750354
1.060338941,2.286687612,2.686950077,1.01830061,1.000894612,2.211742132,1.006567264,2.041777112
1.067390154,2.518064767,2.990677386,1.020998694,1.001790732,2.418632866,1.007023175,2.223959783
1.075378639,2.78559972,3.346895919,1.022578797,1.002239359,2.658773614,1.007023175,2.432834528
1.083150987,3.098447203,3.771349173,1.024163509,1.003137749,2.939745344,1.007023175,2.674880424
1.091567086,3.470053372,4.288812566,1.025980277,1.003587513,3.273012572,1.007707773,2.958841673
1.099554055,3.916761027,4.930130629,1.028716831,1.004262872,3.674786037,1.008621935,3.297770284
1.107093171,4.464081421,5.744651174,1.031007811,1.005164683,4.168568985,1.009308584,3.705117851
1.115831299,5.15756148,6.818815512,1.033769697,1.005616161,4.782041571,1.010684528,4.210884807
1.12162753,5.842580451,7.69729726,1.0349246,1.005842044,5.257825394,1.010684528,4.663575563
1.128485196,6.701463562,8.793119607,1.035618708,1.006294095,5.824282289,1.011143962,5.211229082
1.136565213,7.813478005,10.19991997,1.03654555,1.006520264,6.507919367,1.011143962,5.884783842
1.14456909,9.30366435,12.07811474,1.037706303,1.006972891,7.35460522,1.011143962,6.730689258
1.152076759,11.4088204,14.6974115,1.038636669,1.007879294,8.425387824,1.011833853,7.835177957
1.153416993,11.47923793,14.75353357,1.038636669,1.008106135,8.434039686,1.011603791,7.842015605
1.15460546,11.51122478,14.80106586,1.038869507,1.008560106,8.43925396,1.012064013,7.854171907
1.155791398,11.53881853,14.84890467,1.038403931,1.009469205,8.446213394,1.012294273,7.857511996
1.155582797,11.57116813,14.89399331,1.039335476,1.009696721,8.449556952,1.012755088,7.871512783
1.1561831,11.60839307,14.93632706,1.039568608,1.009924334,8.454787374,1.011603791,7.878544576
1.157183415,11.6434602,14.97888318,1.039568608,1.010379849,8.459919962,1.011143962,7.883661696
1.157183199,11.65753814,14.99718412,1.039102442,1.010835752,8.457996169,1.010684528,7.881876205
1.156580972,11.66224106,15.01857632,1.038636669,1.010152043,8.454456243,1.010914196,7.881832142
1.15614588,11.66447235,15.03691752,1.039102442,1.009696721,8.452684891,1.011143962,7.878268433
1.156745115,11.67389727,15.06149567,1.038869507,1.009469205,8.447421663,1.010914196,7.876478422
1.156119833,11.67386423,15.08615176,1.038869507,1.009469205,8.443912102,1.011143962,7.876452328
1.155284258,11.67385368,15.12015726,1.039102442,1.010152043,8.442127342,1.011373827,7.878170173
1.154446291,11.6714426,15.12636579,1.038636669,1.009924334,8.436894167,1.010914196,7.881670498
1.154209762,11.66908381,15.1325485,1.039568608,1.010607752,8.43167566,1.010454959,7.883424263
1.15419251,11.66436705,15.129436,1.040268597,1.010379849,8.426460005,1.009996114,7.890343715
1.154549693,11.67376897,15.14183075,1.040035169,1.010835752,8.421248657,1.009537663,7.888573606
1.155748374,11.68787409,15.14492966,1.039102442,1.010607752,8.419405088,1.009308584,7.888565228
1.156548755,11.69496015,15.14802864,1.040035169,1.010379849,8.412430044,1.00885072,7.888446333
1.156346808,11.69955172,15.15736781,1.039801839,1.010607752,8.412367931,1.009079603,7.893725018
1.155939859,11.70190705,15.16043507,1.039801839,1.010607752,8.41061966,1.008621935,7.895270082
1.155897188,11.70189952,15.16658218,1.039801839,1.010152043,8.410513565,1.007707773,7.893465582
1.155679571,11.70186894,15.16029569,1.039335476,1.009469205,8.407019031,1.007936167,7.895158367
1.1556729,11.71121569,15.16340965,1.039568608,1.009014463,8.408707631,1.007479476,7.895119253
1.155247689,11.70880396,15.1602514,1.039102442,1.008333073,8.412144522,1.007707773,7.898656101
1.156043162,11.70874802,15.15710833,1.038869507,1.007652549,8.415600272,1.007936167,7.898538056
1.155440355,11.69924832,15.16640882,1.038403931,1.007652549,8.413830818,1.009079603,7.902063269
1.155200636,11.68252551,15.1726508,1.039102442,1.007199347,8.415547849,1.009308584,7.905510953
1.155192153,11.67778612,15.17888606,1.039335476,1.007652549,8.408575055,1.009996114,7.910792686
1.15539069,11.6635659,15.18201142,1.040035169,1.008333073,8.408471727,1.009537663,7.900140863
1.155570777,11.65626815,15.1850708,1.039801839,1.009014463,8.404954863,1.009079603,7.908947892
1.154960976,11.6468235,15.17880695,1.040035169,1.009241786,8.408292898,1.009308584,7.91239272
1.15555112,11.65621156,15.1850099,1.040035169,1.009696721,8.403090642,1.00885072,7.915892966
1.155346193,11.65618574,15.18500079,1.040035169,1.008787236,8.399625822,1.00885072,7.915733762
1.156146379,11.65141235,15.17556275,1.040969474,1.009469205,8.401316206,1.008393248,7.917377107
1.156543961,11.64662377,15.16614152,1.039801839,1.009014463,8.403017238,1.00885072,7.91374729
1.156534205,11.65363385,15.16300537,1.038869507,1.009241786,8.408091549,1.008621935,7.913744593
1.156126988,11.65338145,15.15675898,1.039335476,1.009696721,8.41327246,1.009079603,7.91729658
1.156122617,11.64394354,15.15358096,1.039335476,1.010152043,8.409795881,1.009079603,7.917261997
1.155718498,11.63681614,15.15354889,1.038869507,1.010607752,8.413156292,1.009308584,7.918987346
1.155708625,11.63904858,15.16912167,1.038636669,1.010152043,8.411353648,1.009308584,7.917104146
1.15590482,11.63904445,15.16909589,1.03817129,1.009696721,8.413082765,1.009308584,7.918832044
1.156290905,11.63898037,15.17843067,1.03817129,1.009469205,8.414708196,1.009766839,7.922380891
1.157077135,11.63885922,15.18152982,1.03817129,1.008787236,8.416393613,1.009537663,7.922327532
1.156675483,11.63383361,15.18152523,1.037473957,1.009014463,8.414622557,1.009079603,7.922239702
1.157066702,11.63606791,15.1846014,1.03817129,1.008560106,8.40942107,1.009308584,7.923619622
1.155053067,11.15334473,14.51270646,1.037473957,1.008106135,8.283037643,1.008393248,7.905750155
1.151653174,10.00150692,12.82300292,1.036313693,1.006294095,7.993351062,1.007251277,7.863374956
1.147881358,9.054629585,11.46541141,1.0349246,1.005842044,7.718982764,1.007251277,7.828363214
1.143719504,8.254837945,10.35080042,1.033077921,1.005164683,7.468364545,1.007023175,7.790133655
1.139381471,7.572744444,9.415379385,1.031237437,1.004488182,7.227190881,1.006567264,7.755551504
1.135095756,6.98497224,8.624754086,1.030090267,1.003812537,7.001106204,1.006567264,7.711258268
1.129873902,6.042330895,7.3019931,1.028259785,1.002688364,6.424103279,1.005884125,7.558251198
1.123734576,5.260236733,6.249642853,1.027118841,1.001790732,5.860497539,1.005656607,7.374690044
1.118803162,4.638666857,5.433886661,1.025071135,1.00156656,5.379421233,1.00520186,7.196263559
1.112595931,4.130202013,4.781769098,1.022578797,1.000223512,4.963934811,1.00520186,7.028475672
1.107007514,3.70686214,4.248568284,1.021675318,0.999776582,4.602065974,1.004066689,6.866376268
1.102000887,3.348641591,3.804374062,1.020322913,0.999106893,4.283089043,1.003613296,6.711014925
1.096317717,3.023598131,3.403573802,1.018076375,0.99799262,3.922306001,1.003160289,6.454005824
1.090328765,2.743289688,3.061229446,1.017404228,0.997325179,3.595986027,1.00293393,6.181582567
1.08511315,2.500241632,2.767102102,1.016062435,0.996658578,3.312538989,1.002029457,5.926273413
1.079420484,2.286304157,2.511099569,1.014055976,0.996214643,3.065218114,1.001803578,5.691376928
1.073783125,2.097927264,2.287641832,1.012722473,0.99577108,2.846454359,1.001803578,5.472752125
1.067675424,1.929868701,2.089961214,1.011613738,0.995106433,2.651939755,1.001126519,5.269624149
1.060934353,1.776028141,1.910210864,1.010286266,0.995106433,2.460126382,1.000450321,5.009910516
1.055095403,1.63670841,1.748937948,1.008521391,0.994442621,2.286334084,1.000675624,4.751572105
1.04863302,1.511012338,1.603880637,1.006542825,0.994221535,2.13114782,1.000675624,4.515905821
1.044777009,1.414635181,1.490733356,1.005665804,0.994000542,2.002142766,1.000675624,4.304888492
1.042276026,1.354042645,1.418414354,1.005446773,0.994442621,1.898738732,1.001352109,4.118660277
1.039622721,1.296626909,1.349945252,1.00500898,0.994663799,1.803477094,1.001126519,3.945561748
1.03763323,1.242176739,1.284563679,1.005227831,0.994442621,1.709410675,1.000225113,3.745454431
1.035327175,1.18956265,1.222109469,1.004790218,0.993779642,1.621031081,0.999550061,3.552149714
1.03301567,1.139585212,1.162814349,1.004352962,0.993338118,1.538986517,0.998875868,3.375300463
1.031697429,1.126583529,1.148104917,1.004571545,0.993779642,1.493812001,0.998426881,3.23694791
1.031371273,1.11793832,1.137658064,1.003697749,0.994221535,1.457701511,0.997978275,3.116746703
1.030710821,1.109117496,1.127286055,1.004571545,0.994000542,1.422657855,0.997978275,3.004078063
1.030211161,1.100718437,1.116761982,1.005227831,0.994663799,1.385941558,0.997754114,2.876694546
1.02905972,1.092071566,1.106208018,1.004571545,0.994663799,1.350124634,0.997978275,2.752416623
1.028242397,1.083383017,1.095785354,1.004790218,0.995327889,1.315596485,0.998651327,2.636761283
1.027755364,1.079235802,1.091226575,1.004134468,0.995106433,1.295937557,0.997978275,2.548963852
1.027088998,1.075798073,1.087379958,1.003479523,0.99488507,1.279828245,0.99820253,2.473232532
1.02595653,1.072401926,1.083471142,1.003261386,0.99488507,1.264100562,0.998426881,2.401613563
1.025471318,1.068858138,1.079454841,1.003916064,0.995327889,1.247494054,0.998426881,2.319999683
1.024334225,1.06487773,1.075398325,1.003261386,0.995106433,1.230660762,0.99820253,2.23928773
1.023842788,1.060943476,1.071302899,1.003479523,0.995327889,1.214055208,0.998651327,2.162735997
1.023839085,1.059229534,1.069370525,1.003043338,0.995106433,1.204110101,0.998651327,2.106159353
1.024145853,1.058186267,1.067923051,1.003479523,0.99488507,1.195499132,0.998426881,2.056543533
1.023983511,1.056968694,1.066509906,1.004352962,0.995106433,1.186954926,0.997754114,2.008837361
1.023012708,1.055493062,1.064860131,1.004352962,0.994663799,1.177430522,0.997978275,1.95515324
1.022687708,1.053912512,1.062866397,1.004352962,0.994663799,1.167766774,0.997530048,1.901186479
1.023004819,1.052366462,1.060770451,1.004790218,0.994442621,1.158170397,0.997530048,1.84887054
1.022350233,1.050755462,1.059277626,1.004790218,0.994221535,1.151808593,0.997754114,1.810854762
1.022186315,1.049627902,1.058125165,1.004352962,0.994442621,1.146377773,0.998875868,1.778052877
1.022338549,1.048488069,1.057014854,1.004134468,0.994663799,1.141034841,0.999325235,1.745712411
1.022013673,1.046735808,1.055518725,1.004134468,0.99488507,1.134847393,0.999774983,1.708908276
1.021365626,1.045463087,1.053861378,1.004134468,0.994442621,1.128191752,1.000225113,1.67157701
1.020877334,1.044230626,1.052098309,1.003261386,0.994000542,1.121712254,1.000450321,1.63572142
1.020551963,1.042960212,1.050606452,1.003479523,0.993558834,1.117378475,1.000675624,1.609123607
1.020700864,1.041984076,1.049248716,1.003479523,0.992896963,1.113319257,1.000675624,1.585600966
1.020335805,1.041110064,1.047784753,1.003043338,0.991575709,1.109288804,1.000901024,1.562552107
1.019847253,1.039460126,1.046167159,1.004134468,0.991575709,1.104871658,1.001352109,1.536434435
1.019357725,1.037603056,1.044464127,1.004134468,0.991575709,1.100416989,1.001577796,1.509775485
1.019036726,1.035576012,1.042727475,1.004134468,0.991795688,1.095972652,1.001803578,1.483901342
1.01853129,1.03388482,1.041353019,1.003916064,0.991355822,1.092368531,1.001803578,1.464911518
1.018685338,1.032661829,1.039943789,1.004571545,0.991575709,1.089446525,1.002255431,1.448323061
1.018206823,1.031347806,1.038586376,1.003916064,0.991575709,1.086432167,1.001803578,1.431540671
1.017406319,1.030148367,1.037169038,1.004571545,0.991795688,1.082946598,1.002029457,1.412630954
1.016760477,1.028927944,1.035637164,1.004790218,0.992235922,1.079345289,1.002481501,1.39327409
1.016247781,1.027716722,1.034076855,1.004571545,0.992015759,1.075761813,1.002481501,1.374231389
1.01654882,1.02681576,1.032948664,1.004134468,0.992235922,1.073117949,1.002029457,1.360085753
1.016547259,1.026170877,1.032043795,1.004134468,0.992235922,1.070663947,1.002481501,1.347484291
1.016380969,1.02535106,1.031035752,1.003697749,0.992235922,1.068180855,1.002707668,1.335493165
1.016373458,1.024977888,1.030016821,1.004352962,0.992456177,1.06499712,1.00293393,1.321612704
1.015865841,1.024086142,1.029265721,1.004790218,0.992456177,1.061882597,1.002255431,1.306920449
1.014907366,1.023346325,1.028407166,1.005446773,0.992235922,1.058680336,1.002481501,1.292695735
1.01442755,1.023221019,1.027925549,1.004352962,0.991795688,1.056293195,1.00293393,1.282300419
1.014069081,1.022416137,1.027595424,1.005446773,0.992235922,1.05446248,1.003386745,1.272867989
1.013277728,1.021649123,1.027263675,1.005227831,0.992456177,1.052551953,1.00293393,1.263397398
1.012948007,1.020406878,1.026886007,1.004790218,0.992676524,1.050728237,1.003160289,1.252562777
1.012150925,1.019487663,1.025916916,1.004571545,0.993117494,1.048624422,1.003386745,1.241629534
1.011513957,1.01848593,1.025130966,1.004571545,0.993558834,1.046563242,1.002255431,1.230687985
1.011020554,1.018101861,1.024438095,1.003697749,0.992896963,1.044984299,1.001803578,1.222578981
1.010479336,1.017998161,1.023783698,1.003261386,0.992456177,1.043355983,1.001126519,1.215089846
1.010164768,1.017906838,1.023142342,1.00282538,0.991795688,1.041819881,1.000450321,1.207779589
1.009682246,1.017788931,1.022928701,1.00282538,0.991795688,1.040402383,1.000450321,1.199296374
1.009196751,1.017815035,1.022397944,1.00282538,0.992015759,1.038602353,1.000450321,1.190591435
1.009038481,1.018021733,1.021973809,1.00260751,0.992235922,1.036864978,1.000901024,1.182119448
1.009189059,1.017975357,1.021492733,1.002172038,0.992235922,1.03559747,1.000675624,1.175795556
1.008713335,1.017992683,1.021173724,1.00238973,0.992235922,1.034425781,1.000901024,1.170366707
1.008709997,1.018073667,1.020802369,1.002172038,0.991795688,1.033288033,1.001126519,1.164927116
1.007922918,1.017846745,1.020301002,1.00238973,0.991795688,1.032333183,1.001352109,1.158480456
1.007285213,1.016919048,1.019843598,1.002172038,0.992015759,1.031135291,1.001352109,1.151778132
1.006182876,1.016217296,1.019574671,1.00260751,0.992235922,1.029940605,1.000901024,1.145027878
1.00553908,1.014967499,1.019123168,1.00238973,0.992456177,1.029517898,1.000675624,1.139858214
1.00506891,1.014190738,1.018596372,1.00282538,0.992896963,1.028957206,1.000901024,1.135431983
1.004751811,1.013343782,1.018074382,1.002172038,0.993117494,1.028522766,1.000675624,1.131040324
1.004751569,1.012233443,1.017479241,1.00282538,0.993338118,1.028237711,1.000675624,1.125930377
1.004275831,1.01093845,1.016529712,1.00238973,0.992896963,1.027952857,1.000675624,1.120577198
1.004422268,1.009759481,1.015498105,1.00282538,0.993779642,1.027743032,1.001126519,1.11528907
1.003631089,1.008802038,1.014583409,1.00238973,0.994000542,1.027416197,1.000450321,1.111297745
1.003626592,1.007736945,1.014210172,1.001954436,0.994000542,1.02741228,1.000225113,1.107582317
1.003771303,1.006538338,1.013676359,1.001736922,0.994221535,1.027458963,1.001126519,1.104143351
1.003920492,1.005954497,1.013181949,1.00260751,0.994663799,1.026968082,1.000901024,1.100043354
1.004532126,1.005555878,1.012964518,1.00260751,0.995327889,1.026465327,1.001352109,1.095674411
1.004834905,1.005038138,1.012683726,1.003043338,0.995549438,1.025921465,1.001577796,1.091289502
1.004833625,1.004545805,1.011925308,1.003043338,0.995992815,1.025215437,1.001352109,1.087965013
1.004976311,1.003892024,1.01155414,1.003043338,0.99577108,1.024916793,1.001803578,1.084870772
1.004817792,1.003092697,1.011135656,1.00282538,0.99577108,1.024454136,1.001352109,1.081742182
1.004809619,1.002267032,1.010770051,1.00282538,0.995549438,1.023558843,1.001577796,1.078338609
1.00464326,1.001492475,1.009963197,1.00260751,0.995106433,1.022968405,1.001352109,1.074753339
1.004005973,1.000740594,1.009317996,1.002172038,0.995549438,1.022366178,1.000901024,1.07097416
1.00399934,1.000111353,1.008583311,1.00238973,0.99577108,1.021577173,1.001352109,1.068181127
1.003996777,1.000197699,1.007774532,1.00238973,0.995992815,1.021036299,1.000675624,1.065469692
1.004145356,1.000148664,1.006975858,1.001954436,0.995327889,1.020483001,1,1.06292166
1.004435856,1.000431127,1.006656455,1.001084912,0.995549438,1.020058829,0.999550061,1.060222548
1.005052887,1.000279159,1.006134134,1.000650682,0.995327889,1.01944839,0.998875868,1.057040402
1.005516792,1.000137238,1.00560227,1.000867753,0.99488507,1.01891968,0.999100504,1.053794785
1.005671135,1.000370853,1.0051152,1.000867753,0.994442621,1.018148521,0.999100504,1.051421312
1.006132498,1.000815183,1.005045131,1.000650682,0.995106433,1.017330925,0.998651327,1.049343433
1.006281089,1.001143598,1.005047578,1.000216806,0.994442621,1.016451718,0.99820253,1.047124293
1.006590758,1.0009783,1.004828999,1.001084912,0.994000542,1.015683358,0.998875868,1.044713009
1.006419585,1.000790998,1.004817699,1.00130216,0.994000542,1.014744448,0.999100504,1.042095208
1.005930506,1.000805841,1.004908357,1.001736922,0.993779642,1.013871338,0.999550061,1.039453211
1.00555611,1.000061347,1.004903922,1.000650682,0.993338118,1.013371388,1.000450321,1.037464136
1.004457787,0.999242642,1.004707434,1.00130216,0.992235922,1.012915068,1.000901024,1.035443996
1.003354146,0.998497379,1.004588259,1.000867753,0.992235922,1.012496128,1.001126519,1.03370041
1.003189669,0.99831198,1.004475093,1.001084912,0.991795688,1.01179224,1.001126519,1.031708239
1.002870569,0.998353335,1.004405915,1.000433699,0.992235922,1.010966632,1,1.029476104
1.002864082,0.998459451,1.004330734,1.000216806,0.991795688,1.010120155,1.000225113,1.027480925
1.002518561,0.998723872,1.004211261,0.999783283,0.991795688,1.009757404,1.000450321,1.025534269
1.002827708,0.998861012,1.004560239,0.999566654,0.991795688,1.009002347,1,1.023849623
1.003249852,0.99910089,1.004805598,0.999566654,0.991575709,1.008481118,1,1.022262162
1.003249754,0.999001036,1.004939869,1,0.991575709,1.007931905,1.000450321,1.020744612
1.002779895,0.99866649,1.004889863,0.999350113,0.991355822,1.007398562,1.000675624,1.018789369
1.00261539,0.998170107,1.004831213,0.998701019,0.991136026,1.006741212,1.001126519,1.016950991
1.001678574,0.997447377,1.004288068,0.998484831,0.99069671,1.006155352,1.001577796,1.015420815
1.00120311,0.997232263,1.004025284,0.99826873,0.99069671,1.005688235,1.002481501,1.014177872
1.000875039,0.996909599,1.003718255,0.998052718,0.990916322,1.005148301,1.002481501,1.012908046
1.00071989,0.996550651,1.003754854,0.998484831,0.991355822,1.004428283,1.001577796,1.011456358
1.000252425,0.996261296,1.003593683,0.998484831,0.991355822,1.003886749,1.001577796,1.009846395
0.999785934,0.996174087,1.00343658,0.998701019,0.991355822,1.00326941,1.002029457,1.008063659
0.99962698,0.99643739,1.003421397,0.99826873,0.991795688,1.002690713,1.001577796,1.007009162
0.999443662,0.996649014,1.003300395,0.99826873,0.992015759,1.002252971,1.001352109,1.005947146
0.999728052,0.996786097,1.003116583,0.998484831,0.992235922,1.001735316,1.001126519,1.004920971
0.999563426,0.9967163,1.002883974,0.998701019,0.993558834,1.001027552,1.000675624,1.003602434
0.999713337,0.99626347,1.002598187,0.998052718,0.994221535,1.00019254,1.000450321,1.002436009
0.999994887,0.995738609,1.002245541,0.998701019,0.994221535,0.999226384,1.000225113,1.001122062