S1,S2,S3,S4,S5,S6,S7,S8
1.004548898,1.0058014,1.013793282,1.0006533,1,1.013024059,1.001797844,1.0087119
1.003790493,1.0058014,1.013992438,1.000435527,0.999777635,1.013131758,1.000674148,1.008600174
1.003335499,1.005953121,1.014241439,1.000435527,1.000222371,1.013077908,1.001123609,1.008660618
1.00303219,1.005953121,1.014490503,1.000435527,1.000222371,1.013131758,1.001123609,1.00860605
1.002880542,1.005953121,1.014739629,1.0006533,1.000444747,1.013131758,1.001348348,1.008720218
1.002880542,1.005902545,1.014938975,1.001088861,1.000667129,1.013347181,1.001797844,1.008889362
1.002728898,1.005750831,1.015088511,1.001524446,1.001111911,1.013562636,1.002696907,1.008722144
1.002122362,1.005649699,1.015337787,1.002177865,1.001556715,1.013832002,1.003146474,1.008680667
1.001515891,1.005599136,1.01538765,1.003484857,1.001556715,1.01410142,1.004495314,1.008739914
1.001515891,1.005447461,1.015637001,1.00304917,1.001556715,1.01442479,1.003596063,1.008745676
1.000757894,1.005295805,1.015886415,1.002395683,1.000667129,1.014640411,1.003146474,1.008811122
0.999545312,1.004942015,1.015936305,1.001960053,1.000222371,1.014963905,1.003596063,1.008874917
0.998636047,1.005194711,1.015786642,1.001960053,1,1.015071753,1.003596063,1.008881664
0.998484517,1.005245257,1.015637001,1.002395683,1.000667129,1.015287474,1.002921687,1.009064501
0.997575424,1.005245257,1.015587126,1.002395683,1.000444747,1.015449287,1.003371266,1.009238308
0.997272425,1.005396907,1.015537253,1.001742246,1.000667129,1.015665066,1.003146474,1.009246868
0.996969443,1.005548576,1.015487383,1.001524446,0.999777635,1.015880878,1.003596063,1.009420353
0.997272425,1.005599136,1.015188214,1.001524446,1.000222371,1.015880878,1.003820867,1.009443918
0.996969443,1.005649699,1.014988818,1.001088861,0.999332923,1.015934836,1.003820867,1.009503346
0.997423922,1.005750831,1.014689799,1.000435527,0.999555276,1.016096724,1.004045677,1.009627977
0.997575424,1.005750831,1.014540323,1.0006533,1.000222371,1.016312602,1.004495314,1.009572955
0.998029952,1.0058014,1.014191634,1.000871078,1.000889517,1.016420554,1.004495314,1.009574034
0.998332992,1.005902545,1.014042233,1.000871078,1.000889517,1.016582497,1.004720141,1.00964065
0.998332992,1.005953121,1.013743499,1.0006533,1.000889517,1.016798451,1.004720141,1.009762836
0.999090661,1.006104861,1.013494623,1.000871078,1.000667129,1.016960438,1.005844365,1.00977021
0.998939119,1.006256621,1.013345327,1.000871078,1.000222371,1.017014438,1.006518969,1.009771949
0.998787581,1.006408399,1.013245809,1.000435527,0.999555276,1.016960438,1.006518969,1.009716257
0.998484517,1.006762625,1.013245809,1.000217761,0.998221245,1.01690644,1.006069227,1.00978226
0.999242208,1.007066331,1.0131463,1.000217761,0.997998926,1.016852444,1.005394658,1.009798008
0.999848433,1.007471393,1.01309655,0.999564495,0.998221245,1.016582497,1.004720141,1.009811223
1,1.007825936,1.012997057,0.999564495,0.998443569,1.016312602,1.004720141,1.009982236
1.000454724,1.008231257,1.012897574,1,0.998221245,1.01615069,1.004045677,1.009992792
1.001819118,1.008535338,1.012847836,0.999564495,0.998665899,1.015934836,1.003596063,1.009883167
1.002880542,1.008433969,1.013046802,0.999782245,0.999110576,1.015988797,1.003371266,1.010000884
1.002880542,1.008433969,1.01309655,1.000217761,0.998888234,1.015880878,1.002921687,1.010059254
1.003335499,1.008535338,1.0131463,1.0006533,0.998888234,1.015772968,1.003596063,1.010117796
1.003790493,1.008586026,1.013245809,1.001088861,0.999110576,1.015772968,1.003371266,1.010174396
1.003790493,1.008281932,1.013345327,1.001306651,1,1.015665066,1.002921687,1.010118268
1.00348716,1.007977915,1.01339509,1.001306651,1,1.015503228,1.002696907,1.010289358
1.003638824,1.007724627,1.013594166,1.002613506,1.000667129,1.01534141,1.003820867,1.010347234
1.003335499,1.007522036,1.013693719,1.003484857,1.000667129,1.015071753,1.003596063,1.010350876
1.003335499,1.007471393,1.013643941,1.003267011,1.000222371,1.014694322,1.002696907,1.010300516
1.003183843,1.007218213,1.013693719,1.003484857,0.999555276,1.014478692,1.002022601,1.010305035
1.003183843,1.006965087,1.013693719,1.003484857,0.999777635,1.014316992,1.002247364,1.010493514
1.003183843,1.006712015,1.013892855,1.003920566,1.000222371,1.013939763,1.002247364,1.010437839
1.002728898,1.006408399,1.013992438,1.00413843,1.000667129,1.013670376,1.001573093,1.010326243
1.002880542,1.006155445,1.013992438,1.004356299,1.001111911,1.013508769,1.001348348,1.010169904
1.002880542,1.005953121,1.013942645,1.004356299,1.001556715,1.013239465,1.000674148,1.010236177
1.00303219,1.005649699,1.013892855,1.00413843,1.002223966,1.013024059,1.000674148,1.010181678
1.002880542,1.005295805,1.013892855,1.003920566,1.001779126,1.012808687,1.000674148,1.010243236
1.002577258,1.004891483,1.013843067,1.003702709,1.00133431,1.012647179,1.00022471,1.010300599
1.002577258,1.004588331,1.014042233,1.003920566,1.00133431,1.012593347,1.000449426,1.010254013
1.00227399,1.004285258,1.014042233,1.004574173,1.00133431,1.012701013,1.001348348,1.010312257
1.001970738,1.004436785,1.014191634,1.005227831,1.00133431,1.012701013,1.000898875,1.010391216
1.001819118,1.004436785,1.014341057,1.005227831,1.000667129,1.012647179,1.000674148,1.01019383
1.002122362,1.004436785,1.014540323,1.004792054,1.000889517,1.012701013,1.001348348,1.010175297
1.001970738,1.004386274,1.014739629,1.00500994,1.001111911,1.012647179,1.000674148,1.009956517
1.001819118,1.004436785,1.014889135,1.005663632,1.00133431,1.012647179,1.001123609,1.009904483
1.001970738,1.004840952,1.015038663,1.00500994,1.000667129,1.012808687,1.001348348,1.009798707
1.002425622,1.005245257,1.015188214,1.004574173,1.000444747,1.013024059,1.001573093,1.009743477
1.002880542,1.005649699,1.015637001,1.00413843,1.000444747,1.013454904,1.000674148,1.009579244
1.003183843,1.005851972,1.016135891,1.003267011,1,1.013885882,1.00022471,1.009579656
1.003335499,1.006003699,1.016585106,1.003484857,1.000222371,1.014316992,1.00022471,1.00969794
1.003790493,1.006256621,1.017034525,1.002613506,1.000889517,1.014802149,1.000674148,1.009699126
1.003942166,1.006458997,1.017534117,1.00304917,1.000889517,1.015071753,1.000449426,1.009700501
1.003942166,1.006661407,1.017784007,1.002831335,1.000667129,1.015557172,0.999775296,1.009735048
1.003942166,1.006914468,1.018283975,1.002613506,1.000667129,1.015934836,0.999775296,1.009915198
1.003942166,1.007116956,1.018684131,1.001960053,1.000222371,1.016258629,0.999550597,1.01009253
1.003790493,1.006104861,1.017634065,1.002395683,1.000444747,1.015826922,0.999550597,1.010107388
1.003638824,1.005447461,1.01673489,1.002395683,1.000444747,1.015395347,1,1.009995998
1.003790493,1.004739897,1.015786642,1.002831335,1.000667129,1.014963905,0.999775296,1.009658195
1.003638824,1.004083251,1.014839297,1.003484857,1.001111911,1.014640411,1,1.009392521
1.003638824,1.003326033,1.013643941,1.00304917,1.000889517,1.014209202,0.999550597,1.009082362
1.003638824,1.002418009,1.012648909,1.002177865,1.00133431,1.013670376,0.999101218,1.008804969
1.003335499,1.001258765,1.011555525,1.001088861,1.001779126,1.013131758,0.999101218,1.008580162
1.003183843,1.000301982,1.010264895,1.000871078,1.002223966,1.012647179,0.998876538,1.008524334
1.002577258,1.000704744,1.010463344,1.000435527,1.002001543,1.012808687,0.999101218,1.008356828
1.002880542,1.001107642,1.010860362,1,1.002001543,1.013077908,0.998876538,1.008365876
1.002728898,1.001460291,1.011307196,0.998693554,1.001111911,1.013239465,0.997977873,1.008318201
1.002728898,1.001863447,1.011754232,0.999346751,1.00133431,1.013401041,0.99820253,1.008444334
1.00303219,1.002266739,1.01220147,0.999782245,1.001111911,1.013508769,0.99820253,1.008456981
1.00303219,1.002619732,1.012251175,0.999346751,1.001111911,1.013562636,0.997977873,1.008404078
1.004245524,1.003225108,1.012350594,0.999564495,1.001111911,1.013562636,0.997753221,1.008295041
1.004245524,1.003780306,1.012450022,0.999129013,1.000889517,1.013508769,0.997753221,1.008246986
1.004093843,1.004234753,1.012847836,0.999346751,1.000444747,1.013670376,0.997528576,1.008417559
1.004093843,1.004942015,1.013196053,0.999346751,1.000667129,1.014209202,0.997753221,1.00843596
1.004548898,1.005700264,1.013693719,0.998911281,1.000222371,1.014640411,0.997303936,1.008559938
1.004700592,1.006458997,1.013992438,0.998911281,1.001111911,1.015071753,0.997303936,1.008683254
1.005155696,1.007167584,1.014440685,0.999782245,1.001556715,1.015557172,0.996854674,1.008696244
1.005914285,1.009194447,1.01638543,0.999129013,1.001779126,1.01690644,0.997528576,1.008978992
1.006824727,1.010818426,1.018083958,0.999564495,1.001779126,1.01820296,0.997303936,1.00926761
1.00652123,1.012444621,1.019885564,0.999346751,1.001779126,1.019392489,0.997977873,1.009722119
1.006672976,1.013971197,1.021690434,0.999564495,1.001556715,1.020745452,0.997303936,1.010061763
1.006976481,1.015805669,1.023599127,1.000217761,1.001779126,1.02199133,0.997977873,1.010749456
1.007280003,1.01769404,1.025410736,1.001088861,1.002446394,1.023184074,0.998651863,1.011428052
1.008190665,1.019687722,1.027276097,1.002177865,1.001779126,1.024377831,0.999325905,1.011936014
1.008342457,1.021377283,1.029195503,1.002177865,1.001779126,1.025572602,0.999775296,1.012556907
1.009101475,1.021787233,1.029650639,1.001960053,1.000889517,1.026007316,1,1.013035348
1.009253291,1.022299868,1.030004776,1.002395683,1.000444747,1.026550898,1.000449426,1.013502501
1.009708764,1.022607554,1.030207197,1.002395683,1.000667129,1.027094689,1.000674148,1.013843755
1.009860596,1.022658843,1.03035904,1.001742246,1.000667129,1.027638691,1.000449426,1.014141059
1.009405111,1.022710134,1.030612161,1.001306651,1.000667129,1.028346207,0.999775296,1.014429403
1.009253291,1.022966622,1.030865347,1.001524446,1.000667129,1.028890693,1,1.014955178
1.008342457,1.023120541,1.031067942,1.001306651,1.001111911,1.029544353,1.000674148,1.015412662
1.008646052,1.023325797,1.031219915,1.001306651,1.002001543,1.030307341,1.000674148,1.015811166
1.009101475,1.023582417,1.031169255,1.001524446,1.002001543,1.030634462,1.000674148,1.016063613
1.009556936,1.023531088,1.031169255,1.001306651,1.002001543,1.030798051,1.00022471,1.0163569
1.009708764,1.023582417,1.031270578,1.001742246,1.002446394,1.031016199,1.000674148,1.016535686
1.010164273,1.023633747,1.031270578,1.001742246,1.001779126,1.031234381,1.000898875,1.016705777
1.010012433,1.023633747,1.031169255,1.001524446,1.001556715,1.031343485,1.000449426,1.017049844
1.009860596,1.023582417,1.031017289,1.001524446,1.001556715,1.031561717,1.000674148,1.017237193
1.009708764,1.023582417,1.030865347,1.000435527,1.001556715,1.031616281,1.00022471,1.017602972
1.009708764,1.023531088,1.030612161,1,1.001779126,1.031779984,1.000674148,1.018000805
1.009708764,1.023582417,1.030561532,0.999346751,1.00133431,1.031725414,1.001573093,1.018228566
1.009556936,1.023377117,1.03035904,0.998693554,1.001111911,1.03188913,1.001573093,1.018411353
1.009708764,1.023223165,1.030257809,0.997605005,1,1.031998284,1.000449426,1.018375385
1.009253291,1.023069232,1.030105982,0.997169626,1,1.032107447,1.00022471,1.018660881
1.009708764,1.02291532,1.030105982,0.997605005,0.999332923,1.032216618,1,1.018833659
1.009405111,1.022658843,1.030055378,0.997387313,1.000222371,1.032434986,0.999775296,1.019121055
1.009405111,1.022453701,1.030055378,0.997169626,1.000444747,1.032489583,0.999550597,1.019292126
1.009405111,1.022402421,1.030156588,0.997387313,1.000667129,1.032544183,0.999325905,1.019462209
1.009860596,1.022504983,1.030207197,0.997387313,1.000667129,1.032544183,0.999325905,1.01958684
1.009860596,1.022658843,1.030207197,0.997387313,1.000444747,1.032434986,0.999550597,1.019756895
1.010012433,1.022556268,1.030207197,0.998040408,1.000667129,1.032380391,1,1.020053011
1.010012433,1.022453701,1.030510905,0.998475833,1.000667129,1.032434986,1,1.020286454
1.009708764,1.022453701,1.030915992,0.998911281,1,1.032380391,1.000674148,1.020468883
1.009556936,1.022402421,1.031270578,0.998693554,1,1.032380391,1.000898875,1.020639496
1.008949663,1.022453701,1.03152393,0.998693554,0.999777635,1.032380391,1.001348348,1.020923642
1.008342457,1.022351143,1.031625289,0.999129013,0.999777635,1.032325798,1.001348348,1.021289603
1.008342457,1.022299868,1.031980126,0.999129013,0.999777635,1.032325798,1.000898875,1.021688431
1.008494252,1.022351143,1.032385807,0.999129013,0.999332923,1.032325798,1.002022601,1.021981064
1.008797856,1.022453701,1.032791653,0.999564495,0.998443569,1.032216618,1.002247364,1.022155056
1.008797856,1.022504983,1.03304539,1.000435527,0.998665899,1.032325798,1.002696907,1.022328908
1.008949663,1.02291532,1.033299192,1,0.998221245,1.032380391,1.002022601,1.022502017
1.009556936,1.02327448,1.033451503,1.000217761,0.999110576,1.032544183,1.002022601,1.022735203
1.010012433,1.023582417,1.033553057,1.000435527,0.999110576,1.032653388,1.002022601,1.022969686
1.010164273,1.023890433,1.033705408,1.001742246,0.999777635,1.032762601,1.002247364,1.023310593
1.010467967,1.024095821,1.033806987,1.002395683,0.999777635,1.033035672,1.002472133,1.023541549
1.010012433,1.024403969,1.034060981,1.002831335,1.000444747,1.03319954,1.002247364,1.023625391
1.010316118,1.024763576,1.034111788,1.003267011,1.000222371,1.033308796,1.002022601,1.023688015
1.009860596,1.02466082,1.03431504,1.00413843,1,1.033636614,1.002022601,1.024037368
1.009708764,1.024917726,1.034518333,1.004574173,0.999777635,1.034019165,1.002247364,1.024381128
1.009253291,1.025277487,1.034721667,1.00500994,0.999332923,1.034347149,1.002472133,1.024666221
1.009405111,1.025585939,1.034975893,1.005663632,1,1.034729892,1.003146474,1.02483869
1.009253291,1.02589447,1.035230184,1.004574173,0.999332923,1.035003344,1.002696907,1.024852646
1.009253291,1.02630597,1.03512846,1.004574173,0.999332923,1.035222144,1.002696907,1.024855709
1.009405111,1.026666147,1.03512846,1.003920566,0.999110576,1.035495691,1.002247364,1.025028797
1.009708764,1.027026433,1.03512846,1.00413843,0.998888234,1.035769291,1.002247364,1.025258534
1.010012433,1.027180874,1.034975893,1.004356299,0.999332923,1.036207162,1.002696907,1.025488322
1.010619819,1.027386827,1.034721667,1.003484857,0.998888234,1.036699929,1.002247364,1.025551648
1.010467967,1.027592815,1.034467506,1.00413843,0.998888234,1.037192868,1.002022601,1.025667532
1.010619819,1.027798838,1.034213409,1.003484857,0.999555276,1.037685979,1.001123609,1.025842378
1.010771676,1.027798838,1.033959376,1.00304917,1,1.038124444,1.00022471,1.026016121
1.010923537,1.02785035,1.033908577,1.003484857,1.000444747,1.038508213,1.00022471,1.026134063
1.011379145,1.027695822,1.033857781,1.003484857,1.001111911,1.038946934,0.999775296,1.026194609
1.011075402,1.027541314,1.033705408,1.002831335,1.000667129,1.039330926,0.998876538,1.026447879
1.010619819,1.026872011,1.03340073,1.003267011,1.001556715,1.039440657,0.998651863,1.026456645
1.010467967,1.026254524,1.033096145,1.00304917,1.002001543,1.039221203,0.998876538,1.026515238
1.010316118,1.025791618,1.032740913,1.00304917,1.001779126,1.038892086,0.998876538,1.026404828
1.010164273,1.025174687,1.032284371,1.002613506,1.001556715,1.038672717,0.999101218,1.02640956
1.009860596,1.024609446,1.032030827,1.002395683,1.001779126,1.038398554,0.999101218,1.026420147
1.010467967,1.024403969,1.031625289,1.002177865,1.002001543,1.037960004,0.999325905,1.026366033
1.010771676,1.023839091,1.031067942,1.001960053,1.002668829,1.037466797,0.999550597,1.02608341
1.011227272,1.02327448,1.030662793,1.001960053,1.003113715,1.037083311,0.999101218,1.026092758
1.011075402,1.022504983,1.030055378,1.001306651,1.002891269,1.036426148,0.999101218,1.026052165
1.011075402,1.021735981,1.029347192,1.001742246,1.003113715,1.035933477,0.999775296,1.02594886
1.011075402,1.020916257,1.028740574,1.001742246,1.003113715,1.035386266,1.000449426,1.02589539
1.011531022,1.020097093,1.027982818,1.001742246,1.003336166,1.034839267,1.00022471,1.025615905
1.010771676,1.01927849,1.027175177,1.001742246,1.003558624,1.034347149,1,1.025391172
1.011075402,1.018664905,1.026620303,1.001524446,1.002891269,1.033691258,0.999775296,1.025165468
1.010923537,1.018000544,1.026116139,1.002395683,1.003558624,1.033090293,1.00022471,1.025053974
1.010923537,1.017285491,1.025561851,1.002395683,1.003558624,1.032271207,1,1.024774072
1.010619819,1.016366765,1.024957525,1.002831335,1.003336166,1.031561717,1.000898875,1.024438808
1.010164273,1.015499728,1.024102022,1.002831335,1.003558624,1.030961659,1.001348348,1.02410283
1.010012433,1.01463332,1.02339804,1.002395683,1.003113715,1.030361856,1.001573093,1.02376533
1.009708764,1.013716632,1.022694554,1.002831335,1.003781087,1.029762308,1.002022601,1.023486158
1.009708764,1.012902389,1.021991564,1.00304917,1.004003556,1.029217485,1.002696907,1.023275056
1.010012433,1.012597191,1.021590078,1.00304917,1.003781087,1.028945153,1.002921687,1.023005997
1.010316118,1.012139541,1.021038299,1.002831335,1.004003556,1.028945153,1.003371266,1.022779432
1.010164273,1.0114788,1.020486824,1.001960053,1.004670998,1.028945153,1.003146474,1.022519686
1.010619819,1.011275569,1.019985749,1.002177865,1.005115989,1.028727325,1.003820867,1.022299545
1.010619819,1.010970788,1.019685224,1.002395683,1.004448512,1.028618424,1.004045677,1.022130952
1.010316118,1.010818426,1.019284666,1.001960053,1.004448512,1.028455088,1.003820867,1.021795923
1.009860596,1.010513761,1.019084448,1.002395683,1.003558624,1.02829177,1.004045677,1.02163798
1.009405111,1.010310695,1.018734162,1.002613506,1.004226031,1.028128472,1.004495314,1.021412769
1.009556936,1.010259934,1.018534054,1.00304917,1.003781087,1.028128472,1.004045677,1.021074861
1.009405111,1.010158418,1.018434015,1.002613506,1.003781087,1.028019617,1.003820867,1.02101839
1.009860596,1.010209175,1.018383999,1.002831335,1.004003556,1.027965193,1.003146474,1.020862264
1.009253291,1.010259934,1.018383999,1.002831335,1.004003556,1.028019617,1.003596063,1.020809725
1.009405111,1.010158418,1.018233967,1.003267011,1.004448512,1.028128472,1.003596063,1.02070258
1.008949663,1.01000616,1.01803396,1.003267011,1.004893491,1.028182903,1.003596063,1.020426551
1.008797856,1.00980318,1.017833992,1.003267011,1.004893491,1.028182903,1.004495314,1.020261398
1.008342457,1.009549504,1.017634065,1.002395683,1.004893491,1.028346207,1.005169813,1.020092208
1.007887095,1.009600234,1.017484146,1.002395683,1.004670998,1.028400646,1.005169813,1.020042632
1.007887095,1.009600234,1.017634065,1.002177865,1.004226031,1.02829177,1.005169813,1.02000757
1.007280003,1.009600234,1.01758409,1.002395683,1.004226031,1.02829177,1.004495314,1.01990362
1.007280003,1.009448048,1.017734024,1.002395683,1.003336166,1.028182903,1.004944974,1.019735961
1.00712824,1.009498775,1.017784007,1.002613506,1.003336166,1.028019617,1.004720141,1.019458938
1.007280003,1.009498775,1.017833992,1.001960053,1.002668829,1.02785635,1.004495314,1.019293445
1.006824727,1.009549504,1.017933971,1.001960053,1.002001543,1.027747516,1.003596063,1.019068278
1.006369487,1.009701703,1.018133958,1.002177865,1.001556715,1.027638691,1.003820867,1.019016435
1.006066015,1.009549504,1.018283975,1.002395683,1.001111911,1.027693103,1.003596063,1.018847659
1.005914285,1.009498775,1.018133958,1.002613506,1.001556715,1.027693103,1.003146474,1.018750816
1.005307405,1.009194447,1.01803396,1.00304917,1.001779126,1.027747516,1.003596063,1.018640296
1.005459119,1.008940901,1.01788398,1.002613506,1.002001543,1.027747516,1.004045677,1.018754803
1.005307405,1.008586026,1.017684043,1.002613506,1.001556715,1.027584281,1.003820867,1.018475098
1.00500399,1.008281932,1.01733425,1.002395683,1.002446394,1.027584281,1.003596063,1.018477112
1.004852289,1.008129914,1.017084473,1.002613506,1.002223966,1.027421065,1.003820867,1.018251042
1.003942166,1.007876593,1.016784823,1.002395683,1.002223966,1.027312265,1.003820867,1.018148018
1.003638824,1.007522036,1.016435345,1.002613506,1.002223966,1.027094689,1.004045677,1.018121786
1.003638824,1.007420753,1.016335517,1.002395683,1.001779126,1.026768389,1.004045677,1.017908817
1.003183843,1.007319479,1.016235699,1.001960053,1.001556715,1.02649653,1.003371266,1.017799453
1.002880542,1.007066331,1.016335517,1.001524446,1.000889517,1.026279081,1.002022601,1.017631036
1.003183843,1.006762625,1.016285607,1.002395683,1.001111911,1.026170369,1.001573093,1.01752009
1.00348716,1.006408399,1.016285607,1.002177865,1.00133431,1.026061665,1.000898875,1.017351579
1.003790493,1.006256621,1.016235699,1.002831335,1.001779126,1.026007316,1.000898875,1.017302993
1.004093843,1.006104861,1.016235699,1.002395683,1.002001543,1.025898625,1.001573093,1.017257447
1.003790493,1.006054279,1.016036093,1.00304917,1.002223966,1.025898625,1.001573093,1.017318465
1.003790493,1.005700264,1.016085991,1.00304917,1.003113715,1.025898625,1.001797844,1.017271725
1.00348716,1.005498017,1.016036093,1.003702709,1.003781087,1.025844283,1.001573093,1.017260316
1.00348716,1.005447461,1.015836527,1.003920566,1.004226031,1.025626934,1.001797844,1.017268712
1.003638824,1.005346354,1.015487383,1.003702709,1.004226031,1.025409619,1.001123609,1.0171176
1.00348716,1.005295805,1.015138361,1.003484857,1.004003556,1.025246655,1.00022471,1.016955423
1.003183843,1.005144168,1.014938975,1.003484857,1.003781087,1.025138023,1,1.016851163
1.003638824,1.005093626,1.014540323,1.002395683,1.003558624,1.025029399,0.999775296,1.016753928
1.00303219,1.005144168,1.014291247,1.002395683,1.003781087,1.02497509,0.998651863,1.016491796
1.002728898,1.005144168,1.014092031,1.001306651,1.003336166,1.025029399,0.999101218,1.016625369
1.002425622,1.005194711,1.014042233,1.001306651,1.002668829,1.024920783,0.999325905,1.01645864
1.002880542,1.005194711,1.013843067,1.001742246,1.003113715,1.024757875,0.998876538,1.01648176
1.00303219,1.005144168,1.013643941,1.001960053,1.002446394,1.024540695,0.998427194,1.016313605
1.003335499,1.005093626,1.013444855,1.001742246,1.002446394,1.024323547,0.99820253,1.016095701
1.003183843,1.005093626,1.013245809,1.001524446,1.002668829,1.024106434,0.997977873,1.016001732
1.003638824,1.005144168,1.013046802,1.001524446,1.002001543,1.023889353,0.998427194,1.016006414
1.003790493,1.005346354,1.012648909,1.001960053,1.002223966,1.023509544,0.998876538,1.015951067
1.003335499,1.005649699,1.012400307,1.001742246,1.001779126,1.023238314,0.999325905,1.01585035
1.003183843,1.005953121,1.012052368,1.001524446,1.001111911,1.02285868,0.999325905,1.015702802
1.00227399,1.006155445,1.011654874,1.001306651,1.000667129,1.022424938,0.999775296,1.015534017
1.00227399,1.006408399,1.011356857,1.002177865,1.000444747,1.02199133,0.998876538,1.015374779
1.002425622,1.006813237,1.01105893,1.001306651,1.000667129,1.021557856,0.998651863,1.015206653
1.002425622,1.007116956,1.010612207,1.001524446,0.999777635,1.021178676,0.99820253,1.015040225
1.002577258,1.007471393,1.010364115,1.001306651,0.999777635,1.020799598,0.99820253,1.014932258
1.002425622,1.007623327,1.010066486,1.000435527,0.998888234,1.020637167,0.998427194,1.014766236
1.001819118,1.007673976,1.010165686,1.000435527,0.998665899,1.020637167,0.999325905,1.014722818
1.001970738,1.007977915,1.010314504,1,0.998665899,1.020637167,0.999550597,1.014779769
1.002425622,1.008332609,1.010413728,1,0.999110576,1.020583028,0.999550597,1.01466747
1.002425622,1.008636716,1.010612207,1.0006533,0.999110576,1.020420622,0.999101218,1.014500666
1.002728898,1.008890198,1.010661833,1.0006533,0.998443569,1.020366491,0.998876538,1.014453529
1.003183843,1.009295881,1.010860362,1.001960053,0.998888234,1.020312362,0.999101218,1.01435731
1.003790493,1.009600234,1.010959641,1.001960053,0.998665899,1.020258235,0.999775296,1.014470838
1.003183843,1.00975244,1.011257538,1.001088861,0.998443569,1.020258235,1.00022471,1.014517947
1.00303219,1.009549504,1.011456186,1.000435527,0.998443569,1.020258235,1.00022471,1.014477024
1.002728898,1.009397324,1.011654874,0.999782245,0.997998926,1.020312362,1.00022471,1.01443118
1.002425622,1.009194447,1.011704552,0.999346751,0.997554307,1.020366491,1.000898875,1.014436241
1.001819118,1.008890198,1.011853601,0.999782245,0.998221245,1.020420622,1.000449426,1.014297574
1.001515891,1.008788798,1.012052368,0.998911281,0.998443569,1.020583028,1.000449426,1.014245101
1.001667502,1.008636716,1.012300883,0.998475833,0.998443569,1.020474755,0.999775296,1.01402263
1.001061081,1.008383288,1.012648909,0.998475833,0.997998926,1.020474755,1,1.014086918
1.001364283,1.008180584,1.0127981,0.998475833,0.997998926,1.02052889,0.999325905,1.014091924
1.001515891,1.008079245,1.012997057,0.998258117,0.997998926,1.020583028,0.999775296,1.014232201
1.001364283,1.007724627,1.0131463,0.998475833,0.997776614,1.020637167,0.999550597,1.014129489
1.001364283,1.007572681,1.01339509,0.998258117,0.998221245,1.020691308,0.999775296,1.014129643
1.001364283,1.007319479,1.013494623,0.997605005,0.997776614,1.020691308,1,1.014200836
1.001061081,1.007015708,1.013743499,0.997605005,0.997998926,1.020691308,0.999775296,1.014160421
1.001667502,1.006914468,1.013892855,0.998475833,0.998221245,1.02052889,0.998876538,1.014113203
1.001364283,1.006458997,1.013843067,0.999346751,0.999110576,1.020366491,0.999550597,1.013987217
1.001515891,1.006206032,1.013843067,0.999564495,0.998888234,1.019933518,1.00022471,1.013931699
1.001061081,1.005902545,1.013843067,0.999129013,0.998888234,1.019608876,1.000674148,1.014048026
1.001364283,1.005649699,1.013843067,0.998911281,0.999110576,1.019230221,1.000898875,1.013938262
1.00121268,1.005295805,1.013743499,0.998040408,0.998443569,1.018851669,1.001123609,1.014069181
1.000606307,1.004942015,1.013843067,0.998040408,0.998888234,1.018473219,1.000898875,1.01390075
1.000454724,1.004739897,1.013643941,0.998475833,0.998221245,1.018311057,1.000674148,1.013746548
1.000454724,1.004840952,1.013494623,0.998258117,0.997998926,1.018040829,1.000449426,1.013691893
1.000454724,1.00499255,1.013544393,0.999346751,0.998665899,1.017608573,1.00022471,1.013705517
1.000606307,1.005093626,1.013544393,0.999782245,0.998443569,1.017446511,0.999550597,1.013428593
1.000757894,1.005245257,1.013444855,0.999129013,0.997776614,1.017230458,0.999775296,1.013318169
1.000454724,1.005245257,1.013345327,0.999782245,0.997998926,1.01690644,1,1.013322501
1.000606307,1.005346354,1.0131463,0.999564495,0.997998926,1.016798451,1,1.013379993
1.00121268,1.005447461,1.012997057,0.999564495,0.999110576,1.016744459,0.999550597,1.013325371
1.001061081,1.005498017,1.012997057,0.999129013,0.998665899,1.016636483,0.999550597,1.013104372
1.000303146,1.005396907,1.012947314,0.998258117,0.997998926,1.016474533,1.000449426,1.013001677
1.000454724,1.005750831,1.012997057,0.998258117,0.997332006,1.016258629,1.00022471,1.013006824
1.000303146,1.005902545,1.012997057,0.998258117,0.997109711,1.016096724,1.001123609,1.013073709
1.000151571,1.006104861,1.012947314,0.998911281,0.996887422,1.016042759,1.000449426,1.01297084
1.000606307,1.006256621,1.012847836,0.999129013,0.997109711,1.015934836,1.000449426,1.012818409
1.001061081,1.006408399,1.012748367,0.998693554,0.997332006,1.015880878,1.000674148,1.012766213
1.001364283,1.006610801,1.012698637,0.997822704,0.996887422,1.015826922,1,1.012770622
1.000454724,1.006610801,1.012599184,0.997387313,0.99644286,1.015988797,1,1.012758867
1.000757894,1.006762625,1.012350594,0.997387313,0.996220588,1.016204659,0.999550597,1.012593716
1.000909486,1.006914468,1.012102066,0.997169626,0.99644286,1.016312602,0.999775296,1.012546798
1.000909486,1.007066331,1.01195298,0.997169626,0.99644286,1.016420554,0.999325905,1.012158726
1.001364283,1.007319479,1.011605198,0.997169626,0.996220588,1.016636483,0.998427194,1.01200432
1.001819118,1.007522036,1.01140652,0.997605005,0.996887422,1.016798451,0.99820253,1.012007898
1.002577258,1.007825936,1.011207882,0.998040408,0.997332006,1.017014438,0.997977873,1.011802274
1.002728898,1.008129914,1.010810726,0.997605005,0.997332006,1.017392494,0.997753221,1.011582638
1.003335499,1.008231257,1.010661833,0.998040408,0.998221245,1.01755455,0.997528576,1.011759131
1.003790493,1.008281932,1.010463344,0.998693554,0.998888234,1.017662597,0.997303936,1.011703181
1.004093843,1.008383288,1.010264895,0.998693554,0.999110576,1.017932753,0.997528576,1.011594147
1.003790493,1.008383288,1.010116085,0.998693554,0.998221245,1.018040829,0.997977873,1.011715759
1.003790493,1.008484652,1.009917705,0.998911281,0.997998926,1.018094871,0.998876538,1.011681421
1.00348716,1.008586026,1.009768946,0.999346751,0.998888234,1.018257007,0.999101218,1.011741623
1.004093843,1.008687408,1.00962021,1,0.999332923,1.018419163,0.998651863,1.011854407
1.003790493,1.008687408,1.009372366,1.000435527,1.000222371,1.018527277,0.998651863,1.01175165
1.003942166,1.008940901,1.009372366,0.999564495,0.999777635,1.018527277,0.99820253,1.011754974
1.004245524,1.009194447,1.009521065,0.999564495,1.000667129,1.018527277,0.999325905,1.011708301
1.004397209,1.009498775,1.009719365,0.999564495,1.000444747,1.018581337,0.999550597,1.011841378
1.004245524,1.00980318,1.009768946,0.999564495,1.000222371,1.018527277,1,1.01190692
1.004245524,1.010209175,1.009868116,0.999782245,1.000222371,1.018581337,1.001348348,1.012025051
1.005459119,1.010513761,1.009967296,1.000217761,1.00133431,1.018635399,1.002022601,1.012142198
1.006066015,1.010716863,1.010215289,1.000217761,1.001779126,1.018527277,1.002247364,1.012091123
1.006066015,1.010869211,1.010413728,1.0006533,1.002001543,1.018635399,1.002696907,1.012268681
1.006066015,1.011021579,1.010463344,1.001524446,1.002891269,1.018851669,1.002921687,1.012556374
1.005914285,1.011072373,1.010562584,1.001306651,1.003113715,1.019067972,1.003596063,1.012850165
1.006066015,1.011072373,1.010661833,1.000871078,1.003558624,1.019230221,1.003820867,1.012881454
1.005610837,1.011123169,1.010810726,1.0006533,1.004226031,1.019446583,1.003820867,1.013054808
1.005762559,1.011072373,1.010959641,1.000435527,1.004226031,1.019608876,1.003820867,1.013174817
1.005307405,1.011173967,1.011009284,0.999346751,1.003781087,1.019771187,1.004270492,1.013289061
1.004852289,1.011123169,1.011158229,0.999782245,1.003558624,1.019879406,1.004495314,1.013406051
1.005155696,1.011021579,1.011456186,0.999782245,1.002891269,1.019879406,1.004270492,1.013296858
1.004852289,1.010970788,1.011754232,1,1.003781087,1.019825295,1.003371266,1.013260797
1.005155696,1.010818426,1.012002673,1,1.003781087,1.019771187,1.002921687,1.013261704
1.005459119,1.010716863,1.012350594,1,1.004003556,1.019717081,1.002696907,1.013382744
1.005459119,1.010716863,1.012698637,1,1.004003556,1.019608876,1.002247364,1.013281933
1.005762559,1.010462992,1.013046802,0.999782245,1.002891269,1.019608876,1.002472133,1.01328543
1.005914285,1.010412224,1.012997057,1.001088861,1.003558624,1.019554776,1.002472133,1.01317828
1.005155696,1.010209175,1.012947314,1.000871078,1.003113715,1.019554776,1.001797844,1.013248519
1.00500399,1.010209175,1.012947314,1.001088861,1.003113715,1.019500678,1.001797844,1.01319224
1.004397209,1.010107663,1.012947314,1.001088861,1.003113715,1.019554776,1.000898875,1.013197618
1.003942166,1.009904666,1.012897574,1.001524446,1.003113715,1.019500678,1.000449426,1.013223788
1.003638824,1.009904666,1.012997057,1.001524446,1.002668829,1.019446583,1,1.013168256
1.003335499,1.009904666,1.01309655,1.001088861,1.002223966,1.019392489,1,1.013227335
1.003183843,1.009904666,1.013295566,1.001306651,1.002446394,1.019338398,0.999775296,1.013255601
1.00303219,1.00975244,1.013594166,1.001306651,1.002001543,1.019338398,0.999775296,1.013210205
1.00303219,1.009600234,1.013892855,1.002613506,1.002223966,1.019284308,1.000449426,1.013220853
1.002728898,1.009549504,1.014141831,1.003267011,1.002223966,1.019284308,1.000449426,1.013397135
1.002880542,1.009549504,1.014440685,1.003267011,1.001111911,1.019176136,1.002022601,1.013632692
1.002577258,1.009397324,1.014689799,1.00413843,1.001111911,1.019122053,1.002247364,1.013864079
1.002577258,1.009498775,1.014988818,1.005445729,1.001111911,1.019067972,1.002022601,1.013868585
1.002880542,1.009397324,1.015188214,1.004792054,1.00133431,1.019284308,1.002472133,1.013984249
1.003183843,1.009650968,1.015287927,1.004792054,1.00133431,1.019284308,1.002247364,1.014278442
1.004093843,1.01005691,1.015537253,1.005445729,1.002001543,1.019338398,1.003146474,1.014452116
1.004397209,1.010361458,1.015686879,1.005663632,1.001779126,1.019446583,1.002696907,1.014683089
1.005155696,1.010716863,1.015786642,1.005663632,1.001779126,1.019554776,1.002696907,1.014828801
1.005762559,1.010919998,1.015886415,1.005663632,1.001779126,1.019662977,1.003371266,1.015019375
1.006066015,1.011173967,1.015936305,1.005227831,1.002001543,1.019771187,1.003146474,1.015198344
1.006066015,1.011580429,1.01668496,1.004792054,1.00133431,1.019879406,1.002472133,1.015091749
1.00652123,1.012393769,1.017933971,1.005663632,1.00133431,1.020474755,1.002921687,1.015153367
1.006976481,1.013055017,1.019234608,1.006099455,1.001779126,1.021016201,1.002696907,1.015161335
1.007583541,1.01376754,1.020536946,1.006099455,1.002001543,1.021612033,1.003596063,1.0152247
1.008494252,1.01442955,1.021840988,1.005663632,1.002001543,1.022153917,1.003596063,1.015231041
1.008494252,1.015040963,1.022995987,1.005445729,1.002001543,1.022750232,1.003146474,1.015195775
1.008797856,1.01570368,1.024202631,1.006753233,1.002668829,1.023401045,1.003146474,1.015365307
1.008949663,1.017030218,1.025763375,1.006753233,1.002668829,1.024649281,1.003146474,1.015648284
1.009860596,1.018307127,1.02752844,1.005881541,1.002891269,1.025898625,1.002921687,1.015997288
1.010619819,1.01963656,1.029347192,1.00500994,1.002891269,1.02714908,1.002472133,1.016255482
1.011227272,1.020967473,1.031219915,1.004792054,1.002668829,1.028400646,1.002022601,1.016314951
1.011227272,1.022197323,1.032994638,1.005445729,1.003781087,1.029707816,1.000449426,1.016556676
1.011986679,1.023633747,1.03482335,1.004792054,1.003781087,1.031016199,1.00022471,1.016731046
1.012746189,1.024814957,1.036655401,1.003920566,1.004226031,1.032271207,1,1.016904739
1.013201944,1.026769075,1.038745981,1.004356299,1.003781087,1.033472696,1,1.017475459
1.013505801,1.028520199,1.040892066,1.004356299,1.003558624,1.034948649,1.00022471,1.018056202
1.013809675,1.030015826,1.042888966,1.004356299,1.003336166,1.036426148,0.999775296,1.018453908
1.013657736,1.031668337,1.044992546,1.004356299,1.003558624,1.037960004,1.00022471,1.019006711
1.013809675,1.033219633,1.047100523,1.004792054,1.002891269,1.03938579,1.000674148,1.019516531
1.013961618,1.034876557,1.049161335,1.00413843,1.003113715,1.040867939,0.999775296,1.020049948
1.014265516,1.036535765,1.051381404,1.004574173,1.004003556,1.042406623,1.000674148,1.020737909
1.014721394,1.037729734,1.053088489,1.004574173,1.003781087,1.044387393,1.001573093,1.021815963
1.015329288,1.03871695,1.054383653,1.003484857,1.003558624,1.04576456,1.001348348,1.022785058
1.015937249,1.039861053,1.055680475,1.00304917,1.003336166,1.047198235,1.001348348,1.023806374
1.016545274,1.040954165,1.056978957,1.003267011,1.002891269,1.048522915,1.000674148,1.024668346
1.017001337,1.042100392,1.058227065,1.00304917,1.002223966,1.049904107,0.999550597,1.025545772
1.017609478,1.043091193,1.059528812,1.002831335,1.001779126,1.051341974,1,1.02662776
1.018217684,1.04413502,1.0608844,1.002831335,1.001556715,1.052781299,0.999775296,1.027662247
1.018978034,1.044657272,1.061615081,1.002831335,1.001779126,1.053667763,0.999775296,1.028347944
1.018825956,1.045284272,1.062032849,1.003267011,1.001779126,1.054277528,0.999550597,1.029031469
1.018825956,1.045911598,1.062555301,1.003267011,1.002001543,1.054887554,0.999101218,1.029954278
1.019434294,1.046539249,1.063025737,1.00304917,1.002001543,1.055553337,0.999101218,1.030770503
1.019738487,1.047114883,1.06349639,1.002177865,1.00133431,1.056163911,0.999550597,1.031512431
1.020194808,1.04769079,1.064019594,1.002613506,1.001111911,1.056774748,1,1.032428659
1.020651166,1.04842416,1.064595428,1.003267011,1.000667129,1.057385847,1,1.033289398
1.0212597,1.048791012,1.064909657,1.003267011,1.000889517,1.057886033,0.999325905,1.033864286
1.021716145,1.048948268,1.065171589,1.00304917,1.00133431,1.058386394,0.999325905,1.034397838
1.021563992,1.049157975,1.065485996,1.002395683,1.000667129,1.058886931,0.999550597,1.034912461
1.021868301,1.049420159,1.065800499,1.002177865,1.00133431,1.059332001,1.00022471,1.035427529
1.021868301,1.049682401,1.066167543,1.002395683,1.002001543,1.059832871,1.000674148,1.036179602
1.021868301,1.049944699,1.066482257,1.00304917,1.002446394,1.060278237,1.001348348,1.036884047
1.022172626,1.050154578,1.066692121,1.003484857,1.001779126,1.060668046,1.000898875,1.037402348
1.021868301,1.050102105,1.066639651,1.00413843,1.002668829,1.060890842,1.000449426,1.037930802
1.021563992,1.049787313,1.066534719,1.004792054,1.002668829,1.061225102,1.001348348,1.038289551
1.020803293,1.049210407,1.066324888,1.004574173,1.001556715,1.06161517,1.002022601,1.038747995
1.01989059,1.048948268,1.066219989,1.004574173,1.001556715,1.0619496,1.002921687,1.039154015
1.019586388,1.048581369,1.06606266,1.00500994,1.001779126,1.062284108,1.003820867,1.039501763
1.018825956,1.048266972,1.065852926,1.004574173,1.001779126,1.062562924,1.004495314,1.039857366
1.018369746,1.047952657,1.065695654,1.004356299,1.00133431,1.062841796,1.005394658,1.040225677
1.018065626,1.047324272,1.065695654,1.004574173,1.000222371,1.063064932,1.006294095,1.0406904
1.018065626,1.04690553,1.065800499,1.004356299,1,1.063511309,1.006069227,1.040979806
1.018065626,1.046434618,1.065748075,1.004356299,0.999777635,1.063902004,1.006294095,1.041154707
1.017457436,1.046016184,1.065695654,1.004574173,0.999777635,1.064181137,1.006294095,1.041451494
1.017609478,1.045597894,1.065695654,1.004792054,0.999777635,1.064572016,1.006743849,1.041717297
1.017001337,1.045284272,1.065800499,1.004574173,0.999555276,1.06485128,1.006069227,1.041892018
1.016545274,1.044866236,1.065695654,1.004574173,0.999555276,1.065186469,1.006294095,1.042238457
1.016089249,1.044813991,1.065748075,1.003920566,0.999110576,1.065354094,1.007193627,1.042583139
1.016089249,1.044970731,1.065852926,1.00413843,0.999332923,1.065465854,1.007418524,1.043042924
1.016849312,1.045127492,1.065957788,1.00500994,1.000222371,1.065521738,1.006968735,1.043391331
1.016849312,1.045127492,1.06606266,1.005445729,1.000222371,1.065577623,1.006294095,1.043681248
1.017001337,1.04523201,1.065905355,1.005227831,1.000444747,1.065577623,1.005169813,1.043853752
1.017305399,1.04523201,1.065957788,1.005663632,1,1.065689401,1.004495314,1.04414127
1.017913573,1.045388804,1.065905355,1.005445729,1.000667129,1.065857085,1.004045677,1.044544994
1.018521812,1.045597894,1.06606266,1.004574173,1,1.065968885,1.003820867,1.04471939
1.018978034,1.045754736,1.066167543,1.004792054,1.000444747,1.066024788,1.003371266,1.045069637
1.019434294,1.046120779,1.066219989,1.00500994,1.002001543,1.066024788,1.002921687,1.045415782
1.020194808,1.04617308,1.06606266,1.004574173,1.002668829,1.066024788,1.002472133,1.045653145
1.020194808,1.046277688,1.0661151,1.004356299,1.002668829,1.066080693,1.002696907,1.046062836
1.020651166,1.046434618,1.066167543,1.00500994,1.002891269,1.066136601,1.001348348,1.046365532
1.020499042,1.046486933,1.066167543,1.005445729,1.003336166,1.066192511,1.000449426,1.046491519
1.020346923,1.04690553,1.066010222,1.005445729,1.004003556,1.065912984,0.999325905,1.046723755
1.020803293,1.047062541,1.065905355,1.005881541,1.004226031,1.065521738,0.998876538,1.046857326
1.020803293,1.047219573,1.065852926,1.005663632,1.003781087,1.065298217,0.998427194,1.04703601
1.021411844,1.04742898,1.065852926,1.005227831,1.004003556,1.065074731,0.998427194,1.047155871
1.021716145,1.047533698,1.065748075,1.005881541,1.004670998,1.064907139,0.998427194,1.047390971
1.022324794,1.047638424,1.065590819,1.006317375,1.004226031,1.064627864,0.998876538,1.047624598
1.022476967,1.04769079,1.065538406,1.005881541,1.004670998,1.064404483,0.999550597,1.047872258
1.023085699,1.04758606,1.06532878,1.006535301,1.005338493,1.064181137,0.999775296,1.047875002
1.022933509,1.047533698,1.065171589,1.006317375,1.004670998,1.064125306,0.999775296,1.04787521
1.022629144,1.047533698,1.065066808,1.005881541,1.004003556,1.064013651,1.000449426,1.04799416
1.022933509,1.04769079,1.065014422,1.005663632,1.004003556,1.063957826,1.00022471,1.048113488
1.023390089,1.04769079,1.065171589,1.005881541,1.004003556,1.064013651,1.001123609,1.048345018
1.023390089,1.04779553,1.065223983,1.005445729,1.004003556,1.063902004,1.002022601,1.048359183
1.023085699,1.04779553,1.065381183,1.004792054,1.003558624,1.063790366,1.002247364,1.048245156
1.022172626,1.04664389,1.064071929,1.004792054,1.003558624,1.062786017,1.002472133,1.048018507
1.021716145,1.045702453,1.062294041,1.004356299,1.003113715,1.061726638,1.002022601,1.047740594
1.0212597,1.044605036,1.060519256,1.004356299,1.002446394,1.060668046,1.001123609,1.04734553
1.020803293,1.043612994,1.058851695,1.004356299,1.002001543,1.059665895,1.001123609,1.047235122
1.020499042,1.042726067,1.057238853,1.00413843,1.002223966,1.05855322,1.00022471,1.046889836
1.020042697,1.04183979,1.05562857,1.004574173,1.002223966,1.057496984,1.000674148,1.046560813
1.020499042,1.041006242,1.053917203,1.003702709,1.002001543,1.056497062,1.000449426,1.046332543
1.020042697,1.03944489,1.052260452,1.003267011,1.002223966,1.055608833,1.00022471,1.045761715
1.019282203,1.037885557,1.05050312,1.003267011,1.002223966,1.054776621,1.001123609,1.045306167
1.018521812,1.036380117,1.048697286,1.003920566,1.003113715,1.053723185,1.001123609,1.044907571
1.017609478,1.034772932,1.046997592,1.004574173,1.002891269,1.052836687,1.001797844,1.044577737
1.016849312,1.033323124,1.045352133,1.00413843,1.002446394,1.051840037,1.001123609,1.04401083
1.016089249,1.031668337,1.043658059,1.003484857,1.002891269,1.051010029,1.001348348,1.043557959
1.01563326,1.030119041,1.04186442,1.003267011,1.002668829,1.050180507,1.000898875,1.042880567
1.014873361,1.028468659,1.04007397,1.003267011,1.002668829,1.049130474,1.000674148,1.042254056
1.014265516,1.026511772,1.038133653,1.003702709,1.003336166,1.047915616,1.000449426,1.041451387
1.013505801,1.024506703,1.036044346,1.003702709,1.003558624,1.04675695,1.000449426,1.040882025
1.012898103,1.022453701,1.033908577,1.003920566,1.003113715,1.045544123,1.001123609,1.040210535
1.011682904,1.020557804,1.031777346,1.003267011,1.002446394,1.044277278,1.000674148,1.039298824
1.010467967,1.018511559,1.029600058,1.00304917,1.002223966,1.043121582,1.000674148,1.038673032
1.009556936,1.016570865,1.02752844,1.003920566,1.002446394,1.041966828,1.000898875,1.038047979
1.009708764,1.015958669,1.026620303,1.003702709,1.002668829,1.041362333,1.001348348,1.037501483
1.009405111,1.015193865,1.026065736,1.00304917,1.002446394,1.040813016,1.000898875,1.036818525
1.009101475,1.014531431,1.02571299,1.003267011,1.002668829,1.040318814,1.002022601,1.036260455
1.008949663,1.013869364,1.025310004,1.003484857,1.002668829,1.039824783,1.001573093,1.035526007
1.008646052,1.013105897,1.02485684,1.003267011,1.002446394,1.039330926,1.002472133,1.035074276
1.008949663,1.012292071,1.024303251,1.002395683,1.002668829,1.038782397,1.002022601,1.034568905
1.008038878,1.0114788,1.023850543,1.002613506,1.003113715,1.038234082,1.002247364,1.03388662
1.00743177,1.011326374,1.023548851,1.001960053,1.002446394,1.037521589,1.002472133,1.033317323
1.007280003,1.011123169,1.023297512,1.001306651,1.002001543,1.036809456,1.002247364,1.032864742
1.00712824,1.010970788,1.023046235,1.001088861,1.001779126,1.036261905,1.003146474,1.032414061
1.007280003,1.010869211,1.022744787,1.0006533,1.001111911,1.035550407,1.002022601,1.031960434
1.00712824,1.010666084,1.022443429,1.000435527,1.000667129,1.034784578,1.002472133,1.031640113
1.006976481,1.010513761,1.022142163,1.000435527,1,1.033909854,1.002472133,1.031186375
1.006976481,1.010361458,1.021891178,1.000871078,1.000444747,1.033144915,1.002247364,1.03090622
1.006672976,1.010107663,1.021740617,1.0006533,1.000444747,1.032707994,1.002022601,1.030458423
1.006217749,1.009853922,1.021439562,1.000435527,1.000444747,1.032380391,1.002022601,1.030158094
1.006369487,1.009600234,1.021188754,1.000217761,1.000667129,1.032162032,1.002022601,1.029590511
1.006066015,1.009448048,1.021038299,1.000435527,1.00133431,1.031943706,1.002247364,1.029313552
1.006066015,1.009245163,1.020887866,1.001306651,1.00133431,1.031670847,1.002472133,1.028915323
1.006369487,1.008991606,1.020687325,1.001088861,1.001779126,1.031507156,1.002472133,1.028460597
1.006066015,1.008636716,1.020386589,1.000435527,1.00133431,1.031234381,1.002472133,1.028006587
1.006369487,1.008484652,1.020436705,1.0006533,1.00133431,1.030961659,1.001348348,1.027610068
1.006217749,1.008332609,1.020486824,1.0006533,1.001779126,1.030798051,1.001797844,1.027397133
1.006672976,1.008281932,1.020486824,1.000871078,1.002001543,1.030579936,1.000898875,1.027234611
1.006672976,1.008129914,1.020536946,1.000435527,1.002446394,1.030252828,1.001573093,1.027183215
1.006672976,1.008079245,1.020536946,1.001524446,1.003336166,1.029980295,1.000898875,1.02696387
1.00652123,1.008028579,1.020687325,1.001960053,1.003336166,1.029816801,1.000898875,1.026804949
1.006672976,1.008079245,1.020737457,1.002395683,1.003336166,1.029544353,1.001123609,1.026528167
1.00743177,1.008028579,1.021038299,1.00413843,1.004226031,1.029435389,1.001797844,1.026586318
1.00743177,1.008079245,1.021188754,1.004574173,1.004893491,1.029435389,1.001348348,1.026361578
1.00743177,1.008028579,1.021389396,1.004356299,1.004670998,1.02938091,1.001123609,1.026023073
1.007280003,1.007927253,1.021439562,1.00413843,1.005338493,1.02938091,1.001348348,1.025806734
1.007280003,1.007876593,1.021489732,1.00500994,1.005561003,1.02938091,1.001797844,1.025523813
1.007280003,1.007927253,1.021640255,1.004792054,1.006006039,1.02948987,1.001348348,1.025184817
1.006976481,1.007825936,1.021740617,1.00413843,1.005115989,1.029435389,1.001573093,1.024856298
1.00712824,1.008231257,1.021991564,1.00413843,1.004670998,1.029544353,1.001123609,1.024689553
1.00743177,1.008535338,1.022242575,1.00413843,1.004670998,1.02948987,1.001573093,1.024468323
1.006976481,1.008839497,1.022443429,1.003920566,1.004226031,1.02938091,1.002022601,1.02458517
1.006976481,1.008890198,1.022543872,1.003702709,1.003336166,1.029271958,1.002022601,1.024212906
1.006976481,1.009093022,1.022694554,1.002613506,1.002891269,1.029163014,1.002696907,1.024057293
1.00652123,1.009346601,1.0228955,1.002395683,1.002223966,1.028999615,1.002472133,1.023830693
1.006369487,1.009600234,1.023196993,1.002395683,1.002001543,1.028836235,1.002247364,1.023661827
1.005307405,1.009600234,1.02339804,1.002177865,1.001779126,1.028890693,1.003146474,1.023775549
1.006066015,1.009853922,1.023448308,1.002831335,1.001779126,1.028672873,1.002696907,1.023626862
1.006066015,1.009904666,1.02339804,1.002177865,1.001779126,1.028455088,1.003596063,1.023409103
1.006066015,1.01000616,1.023347774,1.002613506,1.001556715,1.028455088,1.003596063,1.023212099
1.00652123,1.010107663,1.02339804,1.001960053,1.000889517,1.028509531,1.004045677,1.023055962
1.006369487,1.010310695,1.023297512,1.002177865,1.001111911,1.028346207,1.004720141,1.022893677
1.006672976,1.010412224,1.023297512,1.002395683,1.000667129,1.028237335,1.004944974,1.022894689
1.00712824,1.010513761,1.022995987,1.001306651,1.000222371,1.02829177,1.004270492,1.022617637
1.007280003,1.010513761,1.022644324,1.000871078,1.000222371,1.028237335,1.004944974,1.022391398
1.00743177,1.010615308,1.022443429,1.000217761,0.999777635,1.028182903,1.004944974,1.022506382
1.007583541,1.010767643,1.022292785,1.000217761,1.000222371,1.028074043,1.005394658,1.022345954
1.008190665,1.010818426,1.022242575,0.999564495,1.000667129,1.028019617,1.005394658,1.022296262
1.008342457,1.010869211,1.021991564,1.000435527,1.001556715,1.027965193,1.005619508,1.022246831
1.008342457,1.011021579,1.021790801,1.000435527,1.002001543,1.02791077,1.005844365,1.022201729
1.008038878,1.010919998,1.021640255,1.000217761,1.002668829,1.027747516,1.005619508,1.022220501
1.008342457,1.011123169,1.021640255,1.000217761,1.002668829,1.027693103,1.005169813,1.022114396
1.008646052,1.011224767,1.021690434,1.000435527,1.002668829,1.027638691,1.004495314,1.021892818
1.008797856,1.011580429,1.021740617,1,1.002223966,1.027584281,1.004270492,1.021899584
1.008949663,1.011783712,1.021690434,1.000435527,1.002891269,1.027638691,1.003371266,1.021966383
1.009556936,1.012139541,1.021690434,1.000871078,1.003781087,1.027584281,1.003146474,1.021968538
1.010012433,1.012393769,1.021640255,1.0006533,1.003781087,1.027584281,1.002921687,1.021919481
1.010619819,1.01274978,1.021489732,1.0006533,1.003781087,1.027366664,1.002696907,1.021761471
1.010316118,1.012800648,1.021389396,1.000871078,1.003781087,1.027366664,1.002696907,1.021704877
1.010012433,1.012953263,1.021339231,1.000217761,1.003558624,1.027312265,1.001797844,1.02161635
1.010012433,1.013309441,1.021439562,1.0006533,1.004003556,1.027203473,1.001797844,1.021574819
1.009405111,1.013462121,1.021339231,1.000435527,1.004226031,1.027040301,1.001348348,1.021375859
1.009556936,1.013614821,1.021339231,1,1.004226031,1.02693153,1.000898875,1.021267962
1.009405111,1.013614821,1.02123891,0.998911281,1.004226031,1.026822767,1.00022471,1.02110164
1.008646052,1.013207665,1.021188754,0.999564495,1.004448512,1.027040301,1.000674148,1.021222675
1.008797856,1.013105897,1.02128907,1.000217761,1.004448512,1.027366664,1,1.021394945
1.008949663,1.012902389,1.02123891,1.001306651,1.005115989,1.027638691,0.999325905,1.021177845
1.008797856,1.012698915,1.021389396,1.001524446,1.004003556,1.02791077,0.999775296,1.021133934
1.008038878,1.012546332,1.021389396,1.001524446,1.004003556,1.028182903,1,1.021087772
1.008190665,1.012342919,1.021389396,1.000871078,1.002891269,1.028509531,1,1.021109001
1.008494252,1.012241226,1.021489732,1.001306651,1.002891269,1.028836235,0.999775296,1.021052998
1.008342457,1.01198703,1.02128907,1.001742246,1.002446394,1.028836235,0.999775296,1.020883561
1.008038878,1.011682066,1.021138599,1.001524446,1.001779126,1.028890693,0.999775296,1.020894194
1.007735316,1.011529614,1.020988152,1.001524446,1.002223966,1.028999615,1,1.020898691
1.007887095,1.011275569,1.020787591,1.001960053,1.002668829,1.029054079,0.999325905,1.02084722
1.007583541,1.010919998,1.020687325,1.001742246,1.002446394,1.029054079,0.999550597,1.020744421
1.007280003,1.010564533,1.020536946,1.001524446,1.002223966,1.029163014,0.999325905,1.02057751
1.007280003,1.010513761,1.020386589,1.001742246,1.002668829,1.029326433,1.00022471,1.020755696
1.00712824,1.010259934,1.020386589,1.002395683,1.003113715,1.02938091,1.00022471,1.020588526
1.00652123,1.010310695,1.020386589,1.001960053,1.002668829,1.029435389,1.000674148,1.020646234
1.006369487,1.010462992,1.020286364,1.002613506,1.002001543,1.029544353,1.001123609,1.020533917
1.006217749,1.010412224,1.020085944,1.002613506,1.001111911,1.029598839,1.001123609,1.020422619
1.006672976,1.010564533,1.020035845,1.003267011,1.001111911,1.029653326,1.001573093,1.020440938
1.006824727,1.010513761,1.019885564,1.003267011,1.001111911,1.029816801,1.002022601,1.020509605
1.006672976,1.010716863,1.019885564,1.003267011,1.000889517,1.029925795,1.002921687,1.020580885
1.006672976,1.011123169,1.020136045,1.00304917,1,1.029707816,1.002921687,1.020357598
1.00652123,1.011580429,1.020186149,1.002613506,0.999332923,1.029326433,1.003371266,1.020416144
1.006672976,1.01198703,1.020336475,1.001742246,0.998665899,1.028945153,1.004045677,1.020419291
1.006217749,1.012393769,1.020186149,1.001088861,0.998665899,1.028618424,1.003146474,1.020538938
1.006672976,1.012953263,1.020286364,1.001524446,0.998221245,1.028346207,1.002696907,1.020548539
1.006824727,1.013513019,1.020436705,1.002177865,0.998888234,1.027965193,1.002472133,1.020492658
1.006672976,1.013971197,1.020486824,1.002613506,0.998665899,1.027638691,1.002472133,1.02060661
1.007280003,1.014073038,1.020637196,1.002613506,0.999332923,1.027584281,1.002921687,1.020737034
1.00712824,1.013869364,1.020687325,1.002395683,0.999555276,1.027421065,1.002921687,1.020624684
1.00712824,1.013614821,1.020787591,1.002395683,0.999555276,1.027203473,1.002921687,1.02057218
1.006824727,1.013462121,1.020887866,1.002395683,0.999555276,1.027094689,1.003371266,1.020590668
1.006976481,1.013309441,1.020988152,1.002395683,0.999777635,1.02693153,1.003371266,1.020485227
1.006672976,1.01315678,1.021038299,1.002831335,0.999555276,1.026714013,1.003371266,1.020491519
1.006217749,1.01274978,1.021088448,1.002831335,0.999110576,1.02649653,1.002696907,1.020324946
1.006066015,1.012648052,1.021088448,1.002177865,0.999110576,1.026550898,1.002472133,1.020337769
1.006369487,1.012546332,1.02128907,1.002831335,1,1.026550898,1.003146474,1.020249175
1.00652123,1.012393769,1.021489732,1.003267011,1.000667129,1.02649653,1.003596063,1.020425584
1.006824727,1.012342919,1.021740617,1.003267011,1.001556715,1.026442165,1.003596063,1.020485611
1.00652123,1.012037865,1.021891178,1.001960053,1.00133431,1.026387801,1.003596063,1.020488721
1.005914285,1.011936197,1.022091961,1.002613506,1.001111911,1.026224724,1.003596063,1.020386053
1.005610837,1.011732888,1.022192368,1.00304917,1.001111911,1.026170369,1.003146474,1.020285747
1.005914285,1.011834538,1.021891178,1.002177865,1.002001543,1.026170369,1.002921687,1.020401977
1.005762559,1.011732888,1.021740617,1.001960053,1.002446394,1.026116016,1.002696907,1.0203106
1.005914285,1.011732888,1.021539904,1.002613506,1.003113715,1.026170369,1.002921687,1.020266867
1.006217749,1.011682066,1.021339231,1.003702709,1.004448512,1.026224724,1.003371266,1.020155505
1.006217749,1.011580429,1.021138599,1.003484857,1.004670998,1.026224724,1.003146474,1.020102549
1.005610837,1.011427989,1.020887866,1.003267011,1.005115989,1.026279081,1.003596063,1.020106313
1.005914285,1.011326374,1.020637196,1.00304917,1.005783518,1.026279081,1.003371266,1.019767698
1.005459119,1.011326374,1.020436705,1.002613506,1.005338493,1.026116016,1.003146474,1.019599188
1.005610837,1.011631246,1.020186149,1.00304917,1.005338493,1.026007316,1.003596063,1.01977127
1.006217749,1.012037865,1.019935655,1.002831335,1.004670998,1.025789942,1.003371266,1.01978471
1.006672976,1.012342919,1.019785389,1.002613506,1.005115989,1.025572602,1.002696907,1.019729884
1.006824727,1.012698915,1.019534996,1.00304917,1.005115989,1.025409619,1.002472133,1.019844771
1.00743177,1.012953263,1.019384791,1.003484857,1.004448512,1.025300974,1.002921687,1.020076582
1.007887095,1.013309441,1.019184552,1.003267011,1.004670998,1.025138023,1.003596063,1.020025764
1.008190665,1.01315678,1.018834231,1.003484857,1.004003556,1.024920783,1.004270492,1.020159104
1.008190665,1.012851517,1.018484033,1.00304917,1.004226031,1.024703577,1.003596063,1.020006773
1.007887095,1.012444621,1.018183961,1.002831335,1.003336166,1.024486405,1.003146474,1.019838856
1.00743177,1.012037865,1.017784007,1.002177865,1.002891269,1.024377831,1.002921687,1.019908746
1.007735316,1.011885367,1.017434178,1.00304917,1.003336166,1.024269266,1.002247364,1.019812095
1.007735316,1.011682066,1.017134423,1.002613506,1.003558624,1.024214986,1.002022601,1.019758816
1.007887095,1.011427989,1.016884696,1.002613506,1.003781087,1.024106434,1.002247364,1.01971357
1.007735316,1.010716863,1.016784823,1.00304917,1.003558624,1.024269266,1.002696907,1.019546745
1.008190665,1.010361458,1.016884696,1.003484857,1.003336166,1.024269266,1.002247364,1.019377287
1.007887095,1.009904666,1.016884696,1.002831335,1.002891269,1.024160709,1.001348348,1.019157647
1.008038878,1.009448048,1.017084473,1.002831335,1.002446394,1.024160709,1.001123609,1.019108974
1.008190665,1.009042313,1.017134423,1.002395683,1.002446394,1.024106434,1.00022471,1.018949102
1.008646052,1.008636716,1.017084473,1.001960053,1.001779126,1.02405216,0.999550597,1.018785467
1.008494252,1.008079245,1.017134423,1.001742246,1.001556715,1.02405216,0.999325905,1.018843772
1.008494252,1.007724627,1.017184376,1.001742246,1.00133431,1.024377831,0.999325905,1.018852457
1.008646052,1.007471393,1.01733425,1.001524446,1.001556715,1.024757875,0.998876538,1.018626489
1.008494252,1.007167584,1.017484146,1.001524446,1.001779126,1.025192338,0.998427194,1.018401165
1.008190665,1.006863852,1.017484146,1.001088861,1.00133431,1.025626934,0.998651863,1.018413382
1.008797856,1.006610801,1.01758409,1.000871078,1.001111911,1.026061665,0.998651863,1.018247448
1.008797856,1.006357804,1.017634065,1.0006533,1.00133431,1.026387801,0.99820253,1.017910215
1.008949663,1.006104861,1.017684043,1.000871078,1.00133431,1.026768389,0.997303936,1.01774212
1.008494252,1.005548576,1.017234331,1.001088861,1.001779126,1.026605267,0.996630052,1.017686624
1.008190665,1.004840952,1.015836527,1.0006533,1.000667129,1.026007316,0.996405435,1.017464428
1.008038878,1.00413375,1.014490503,1.0006533,1.001556715,1.025572602,0.996405435,1.017240824
1.008038878,1.003326033,1.013196053,1.000435527,1.001111911,1.024920783,0.996405435,1.016912407
1.007887095,1.002569298,1.011903289,1,1.000667129,1.024323547,0.997303936,1.01670335
1.00743177,1.001712247,1.010711462,0.999346751,0.999555276,1.023726565,0.997079302,1.016327167
1.00652123,1.000855815,1.009372366,0.998911281,0.999555276,1.023075601,0.996630052,1.016111659
1.008190665,1.003628863,1.012002673,0.999782245,0.999555276,1.02394362,0.996630052,1.016563902
1.009101475,1.006307211,1.014988818,1,0.999777635,1.025463945,0.997753221,1.017196509
1.009860596,1.009143734,1.01803396,1.000871078,1,1.027040301,0.998427194,1.01782197
1.011227272,1.012037865,1.021038299,1.000871078,1.000222371,1.028509531,0.998427194,1.018217355
1.011682904,1.014786169,1.024051721,1.001306651,1.000444747,1.030089302,0.999775296,1.018841204
1.012594279,1.01759189,1.027175177,1.001524446,1.001111911,1.031670847,1.00022471,1.019356313
1.013657736,1.020455408,1.030308423,1.001960053,1.000667129,1.03319954,1.000898875,1.019865383
1.015329288,1.023633747,1.033806987,1.002831335,1.00133431,1.035331556,1.000898875,1.020610707
1.016393262,1.026820542,1.037266828,1.002831335,1.00133431,1.037521589,1.001123609,1.021856474
1.017457436,1.030067432,1.040840916,1.003267011,1.001556715,1.039769902,1.002022601,1.022876365
1.018369746,1.033323124,1.044479073,1.00413843,1.002223966,1.042021795,1.003146474,1.023961948
1.019130117,1.03648388,1.048027368,1.003920566,1.002223966,1.044222223,1.002921687,1.025039507
1.01989059,1.039756999,1.051536475,1.003920566,1.002446394,1.046536358,1.003146474,1.026125732
1.020803293,1.04298686,1.055109669,1.00413843,1.002891269,1.048799046,1.003820867,1.027324258
1.022476967,1.047114883,1.05947671,1.003702709,1.002446394,1.051950741,1.003820867,1.028594458
1.024303359,1.051677292,1.064857279,1.004356299,1.002891269,1.055497843,1.004720141,1.030428707
1.026282619,1.056362424,1.070213767,1.005227831,1.003113715,1.059053816,1.004944974,1.032142872
1.028414906,1.061065704,1.075545569,1.005227831,1.003113715,1.062674466,1.004495314,1.033683284
1.029938462,1.065680933,1.080958486,1.005663632,1.003336166,1.066304337,1.004045677,1.035350883
1.032224568,1.070420411,1.086293119,1.006753233,1.004448512,1.069943463,1.004720141,1.037124452
1.034664102,1.075339057,1.091816847,1.007407062,1.005115989,1.073648082,1.005394658,1.03895636
1.0345116,1.076518191,1.093054352,1.006753233,1.005338493,1.075616552,1.004495314,1.040160392
1.0345116,1.077376457,1.093646727,1.006317375,1.005561003,1.077080599,1.004270492,1.041306748
1.03527415,1.078181628,1.094347245,1.006099455,1.005561003,1.078489748,1.003820867,1.04251193
1.035121632,1.078879871,1.094940362,1.005445729,1.005115989,1.079900284,1.003820867,1.043890889
1.035426673,1.07963227,1.095533819,1.005227831,1.004226031,1.081255705,1.003596063,1.045155035
1.035579199,1.080385131,1.096181616,1.00500994,1.003558624,1.082612408,1.003146474,1.04642955
1.035884264,1.081299942,1.096829819,1.004574173,1.003781087,1.083970394,1.003146474,1.047755025
1.035579199,1.08178453,1.097154073,1.003702709,1.002668829,1.084819788,1.002921687,1.048915212
1.03573173,1.082215435,1.097478428,1.00413843,1.002891269,1.085669685,1.002696907,1.04985516
1.036036803,1.082484828,1.097748802,1.00413843,1.002668829,1.086520085,1.002472133,1.05078175
1.036341893,1.082808177,1.097965152,1.003484857,1.002223966,1.087257505,1.001123609,1.051657712
1.036036803,1.083131612,1.098235653,1.003920566,1.002668829,1.087995304,1.000674148,1.052541759
1.036341893,1.083401206,1.098614473,1.003920566,1.003113715,1.088676685,1.001123609,1.053543811
1.036494445,1.083670859,1.098993432,1.003920566,1.003113715,1.089415212,1.000674148,1.054360963
1.036494445,1.083347282,1.099210043,1.004356299,1.003558624,1.090154119,1.001123609,1.05512182
1.036799559,1.082862077,1.099264202,1.00413843,1.003781087,1.090665892,1.000449426,1.055821722
1.036494445,1.082323185,1.099264202,1.002831335,1.002891269,1.091120954,1.00022471,1.056473952
1.03573173,1.08178453,1.099318365,1.00304917,1.003558624,1.091633071,1.000898875,1.057286958
1.035579199,1.081299942,1.099318365,1.003267011,1.003113715,1.092088439,1.000898875,1.058041814
1.03527415,1.080761735,1.099426698,1.002395683,1.003113715,1.092543951,1,1.058683939
1.034969118,1.080116199,1.099426698,1.002831335,1.002891269,1.092999607,1,1.05932844
1.034816608,1.079847326,1.099426698,1.00304917,1.002891269,1.093227489,1.00022471,1.059792967
1.03527415,1.079793559,1.099480869,1.002613506,1.002001543,1.093455407,0.999775296,1.060380649
1.035426673,1.079739793,1.099480869,1.002831335,1.002001543,1.093797352,0.999550597,1.061022573
1.035579199,1.079739793,1.099535043,1.002831335,1.002001543,1.094082368,1,1.06161655
1.03573173,1.079739793,1.099589219,1.002831335,1.003113715,1.094424462,0.999775296,1.062099663
1.03573173,1.07963227,1.099643399,1.002831335,1.003113715,1.094766637,0.999775296,1.062626261
1.03573173,1.079471003,1.099643399,1.002831335,1.003336166,1.095165944,0.999775296,1.063154867
1.036036803,1.079471003,1.099697581,1.002831335,1.004003556,1.095451231,1,1.063678534
1.03573173,1.079256013,1.099805954,1.002613506,1.004003556,1.09562243,1.00022471,1.064206082
1.035579199,1.079202271,1.099860145,1.002395683,1.004226031,1.095679501,1.000449426,1.064922656
1.035426673,1.079094795,1.099968535,1.002831335,1.004893491,1.095907807,1.000898875,1.065395481
1.03573173,1.079148532,1.100131142,1.003267011,1.004893491,1.096193241,1.002472133,1.066038787
1.035884264,1.079148532,1.10018535,1.002613506,1.004448512,1.096364528,1.002022601,1.066563558
1.03527415,1.07904106,1.10018535,1.002831335,1.004003556,1.096478731,1.002022601,1.067094319
1.034664102,1.078987328,1.10034799,1.002613506,1.004003556,1.096478731,1.002247364,1.067510843
1.034359102,1.079256013,1.100456431,1.002613506,1.003781087,1.096764278,1.001797844,1.067977238
1.034664102,1.079417252,1.100673347,1.00304917,1.004448512,1.096992756,1.002472133,1.068328368
1.035121632,1.079578512,1.100836064,1.00304917,1.004448512,1.09722127,1.001573093,1.068635779
1.03527415,1.079739793,1.100998807,1.00304917,1.005338493,1.097449821,1.001797844,1.069107497
1.035884264,1.079954868,1.10105306,1.003267011,1.005115989,1.097621257,1.001573093,1.069519158
1.036494445,1.080116199,1.101107316,1.002395683,1.004893491,1.09790703,1.000674148,1.069840424
1.036647,1.080116199,1.101215837,1.002395683,1.004448512,1.098250033,1.000898875,1.070425162
1.036799559,1.080116199,1.101161575,1.003267011,1.005115989,1.098364385,1.001123609,1.070842524
1.036799559,1.079954868,1.10105306,1.002613506,1.004670998,1.098421564,1.001797844,1.071195856
1.037257263,1.080008643,1.101161575,1.003267011,1.004670998,1.09853593,1.001797844,1.071430582
1.037409839,1.079954868,1.101215837,1.003920566,1.003781087,1.098650305,1.002247364,1.071850068
1.037867591,1.080116199,1.101324369,1.003702709,1.003336166,1.098650305,1.003146474,1.072206188
1.037562419,1.080116199,1.101378639,1.003920566,1.002668829,1.098650305,1.003146474,1.072561767
1.037104691,1.079739793,1.10105306,1.004356299,1.002446394,1.098421564,1.003820867,1.072679588
1.037409839,1.07963227,1.101107316,1.004356299,1.002223966,1.09819286,1.003146474,1.072684304
1.037409839,1.079471003,1.101107316,1.004574173,1.002223966,1.09813569,1.003371266,1.072744098
1.037715003,1.079363503,1.101161575,1.00413843,1.002223966,1.098021356,1.003820867,1.072987293
1.037715003,1.079094795,1.101215837,1.003267011,1.002001543,1.097849871,1.003146474,1.073110303
1.037867591,1.078933598,1.101324369,1.003484857,1.002223966,1.097792714,1.003596063,1.073295511
1.03817278,1.078772423,1.101432912,1.003920566,1.002668829,1.09773556,1.004045677,1.073418491
1.03817278,1.076893608,1.098452105,1.004356299,1.002668829,1.096079061,1.003371266,1.073014249
1.036952123,1.074535752,1.095210073,1.004356299,1.002446394,1.093968355,1.003820867,1.072261566
1.035579199,1.072235867,1.092031959,1.004574173,1.002668829,1.091803817,1.003820867,1.07173903
1.034664102,1.069940301,1.088809983,1.00500994,1.002891269,1.089699362,1.004944974,1.071224805
1.033749153,1.067595808,1.0856515,1.004792054,1.002223966,1.087541229,1.005169813,1.070767539
1.032377008,1.065202684,1.082502681,1.005227831,1.002223966,1.085329666,1.006069227,1.07024956
1.03146243,1.062814249,1.079416611,1.005881541,1.002223966,1.083178079,1.007193627,1.06967166
1.030700395,1.059901401,1.075545569,1.005445729,1.002223966,1.080521359,1.006518969,1.068448683
1.02887193,1.056995513,1.071900044,1.005445729,1.001556715,1.077925922,1.006968735,1.067059001
1.027348662,1.054201857,1.068162376,1.005445729,1.002001543,1.07544772,1.006069227,1.065719808
1.025978072,1.05136209,1.06422895,1.004356299,1.001556715,1.072861451,1.005844365,1.064457052
1.024607816,1.048528964,1.060362806,1.003702709,1.001779126,1.07027985,1.005619508,1.063253838
1.023237892,1.045650173,1.056459364,1.003920566,1.002668829,1.067814848,1.005169813,1.062091967
1.022324794,1.042882536,1.052674386,1.003484857,1.002891269,1.065298217,1.004944974,1.060827437
1.021411844,1.040225313,1.049109763,1.003267011,1.002891269,1.062674466,1.004720141,1.059436414
1.020346923,1.037366227,1.045146639,1.002831335,1.002446394,1.059999867,1.004944974,1.057941308
1.019130117,1.034462112,1.041147858,1.002831335,1.002668829,1.057330282,1.003820867,1.056442797
1.017761523,1.031461649,1.037164897,1.003267011,1.002446394,1.05455478,1.002472133,1.054883752
1.016849312,1.028674832,1.033197663,1.003702709,1.002891269,1.051895388,1.002022601,1.053325897
1.01563326,1.025791618,1.029195503,1.003920566,1.002668829,1.049240967,1.001348348,1.051777252
1.014721394,1.022966622,1.025461105,1.003267011,1.002446394,1.046591503,1.001573093,1.050458527
1.014417471,1.022146054,1.024403881,1.003267011,1.002668829,1.045268626,1.002247364,1.049207369
1.014265516,1.021479757,1.023649405,1.003484857,1.002668829,1.044332335,1.002472133,1.048070394
1.014265516,1.020865042,1.022795022,1.00304917,1.002891269,1.043396662,1.002022601,1.046869058
1.013657736,1.020199458,1.02194137,1.002613506,1.002001543,1.042406623,1.001573093,1.045719869
1.013201944,1.01963656,1.021138599,1.002613506,1.001779126,1.041472222,1.001348348,1.044358354
1.012898103,1.018971658,1.020286364,1.002177865,1.00133431,1.040593349,1.001348348,1.043217514
1.012138573,1.018409338,1.019384791,1.001306651,1.000667129,1.03960527,1.001573093,1.042079283
1.011986679,1.018409338,1.019434857,1.001742246,1.001111911,1.039276063,1.002696907,1.041391975
1.011986679,1.018051636,1.019384791,1.001306651,1.001556715,1.039166345,1.002247364,1.040820472
1.011986679,1.017796199,1.019434857,1.001306651,1.001556715,1.038946934,1.002921687,1.040197331
1.011834789,1.017336552,1.019534996,1.002613506,1.002446394,1.038892086,1.003146474,1.039686891
1.011834789,1.017030218,1.019635146,1.003702709,1.003113715,1.038727556,1.003596063,1.039059459
1.011986679,1.016723963,1.019735305,1.003702709,1.002891269,1.038563046,1.003371266,1.038331547
1.011531022,1.016417786,1.019835475,1.003702709,1.003113715,1.038453382,1.004045677,1.037649185
1.010923537,1.016162699,1.019785389,1.003702709,1.002668829,1.038234082,1.003820867,1.037136315
1.010923537,1.015907667,1.019534996,1.003920566,1.003558624,1.038014815,1.004270492,1.036568838
1.010619819,1.015652688,1.019384791,1.00304917,1.002668829,1.037685979,1.004495314,1.036119117
1.010619819,1.015499728,1.019184552,1.002613506,1.002223966,1.037412007,1.005394658,1.035674864
1.010164273,1.015091928,1.018984353,1.002395683,1.00133431,1.037083311,1.005619508,1.035221528
1.009708764,1.014837124,1.018784195,1.001742246,1.00133431,1.036809456,1.006069227,1.034713486
1.009556936,1.01463332,1.018383999,1.001524446,1.000889517,1.036426148,1.005394658,1.03408654
1.009253291,1.014276746,1.018183961,1.001742246,1.001111911,1.036316651,1.005169813,1.033802728
1.009101475,1.013818451,1.018133958,1.001524446,1.00133431,1.036097681,1.005394658,1.033576798
1.008797856,1.013411226,1.018133958,1.001306651,1.000889517,1.035878746,1.005394658,1.033351859
1.008494252,1.013105897,1.018183961,1.001306651,1.001556715,1.035714567,1.005394658,1.033069558
1.008494252,1.012648052,1.018083958,1.000871078,1.001779126,1.035495691,1.005844365,1.032786931
1.008190665,1.012342919,1.018083958,1.001306651,1.001779126,1.035331556,1.005394658,1.032616122
1.008494252,1.011936197,1.018133958,1.001960053,1.002223966,1.035167441,1.004495314,1.032407539
1.007887095,1.011326374,1.017833992,1.001524446,1.001556715,1.034675208,1.004045677,1.031965645
1.007735316,1.010970788,1.017734024,1.001960053,1.002223966,1.034456493,1.004720141,1.031455004
1.007583541,1.010412224,1.01758409,1.001960053,1.002001543,1.034183147,1.004720141,1.031188601
1.007280003,1.009955412,1.017534117,1.001088861,1.001111911,1.033909854,1.004495314,1.030804346
1.007280003,1.009549504,1.017434178,1.000435527,1.000222371,1.033636614,1.003371266,1.030294772
1.006672976,1.008991606,1.01733425,1.000435527,1,1.03341806,1.004045677,1.030018134
1.006824727,1.008586026,1.017184376,1.001088861,1,1.033090293,1.004045677,1.02967863
1.007280003,1.008484652,1.017084473,1.001088861,1.000667129,1.032981054,1.004270492,1.029285971
1.006976481,1.008433969,1.017284289,1.000871078,1,1.032817211,1.003596063,1.029008787
1.006824727,1.008484652,1.017534117,1.001960053,1.000444747,1.032707994,1.003146474,1.028614794
1.00712824,1.008535338,1.017784007,1.001306651,1.000222371,1.032544183,1.003146474,1.028227343
1.00712824,1.008687408,1.01788398,1.000871078,1.000667129,1.032489583,1.002921687,1.027947851
1.007583541,1.008687408,1.018133958,1.001088861,1.00133431,1.032325798,1.002472133,1.027686159
1.007583541,1.008738102,1.018333986,1.001524446,1.001556715,1.032380391,1.002921687,1.02740435
1.007583541,1.008738102,1.018484033,1.000217761,1.000889517,1.032107447,1.002696907,1.027126295
1.007583541,1.008839497,1.018434015,1.000217761,1.001111911,1.032052865,1.001573093,1.026850155
1.00743177,1.008839497,1.018333986,1.000871078,1.000444747,1.031998284,1.001573093,1.026510504
1.008038878,1.008890198,1.018283975,1.001306651,1.000667129,1.03188913,1.001797844,1.026235727
1.007887095,1.008940901,1.018233967,1.001524446,1.000444747,1.031834556,1.001123609,1.025849578
1.008038878,1.008991606,1.018233967,1.001088861,1.001111911,1.031779984,1.001348348,1.025510838
1.007583541,1.009042313,1.018183961,1.001088861,1.001556715,1.031670847,1.000674148,1.025233791
1.008190665,1.009549504,1.018183961,1.001306651,1.002001543,1.031616281,1.001123609,1.025243313
1.008494252,1.009955412,1.018083958,1.001088861,1.002001543,1.031179832,1.00022471,1.025244898
1.008646052,1.010361458,1.01803396,1.001524446,1.002001543,1.030852585,1.000674148,1.024963885
1.008646052,1.010767643,1.01788398,1.001524446,1.002446394,1.030525413,1.000898875,1.024802154
1.008797856,1.011224767,1.01788398,1.001524446,1.002891269,1.030143809,1.001348348,1.024638789
1.009101475,1.011732888,1.017833992,1.001742246,1.002668829,1.029816801,1.000674148,1.024472235
1.009556936,1.012088702,1.017684043,1.001088861,1.002668829,1.02948987,1.00022471,1.024323745
1.009405111,1.011834538,1.017784007,1.000871078,1.002668829,1.029435389,1.00022471,1.024103777
1.009405111,1.01198703,1.017833992,1.001524446,1.003113715,1.029326433,1.000674148,1.023943635
1.010164273,1.012037865,1.017833992,1.000871078,1.003336166,1.029271958,1.000898875,1.023895375
1.010164273,1.012037865,1.017933971,1.001306651,1.003558624,1.029217485,1.000449426,1.023725703
1.010316118,1.01198703,1.01803396,1.001306651,1.002891269,1.029054079,1,1.023388736
1.010012433,1.012037865,1.018083958,1.001306651,1.002668829,1.028945153,1,1.023111388
1.009860596,1.012037865,1.018183961,1.000871078,1.002668829,1.028727325,0.999550597,1.022833057
1.010316118,1.012292071,1.018383999,1.001960053,1.002668829,1.028672873,0.999325905,1.022615548
1.009860596,1.012139541,1.018684131,1.002831335,1.002446394,1.028509531,1.000898875,1.02262244
1.010316118,1.012037865,1.019034399,1.002177865,1.002891269,1.028346207,1.001348348,1.022512185
1.010164273,1.011783712,1.019434857,1.002395683,1.002223966,1.028182903,1.001348348,1.022409587
1.010164273,1.011631246,1.019785389,1.002613506,1.002223966,1.027965193,1.001348348,1.022475705
1.010012433,1.011529614,1.020085944,1.003267011,1.001779126,1.02785635,1.002022601,1.022364612
1.010164273,1.011377181,1.020486824,1.003484857,1.00133431,1.027693103,1.002696907,1.022319325
1.009860596,1.011377181,1.020737457,1.003267011,1.001111911,1.027529874,1.002472133,1.022036672
1.009405111,1.011224767,1.020787591,1.00304917,1.000222371,1.027584281,1.002696907,1.021873347
1.009253291,1.011173967,1.020837727,1.002831335,1,1.027584281,1.002472133,1.021818337
1.009405111,1.011173967,1.020887866,1.002831335,1,1.027529874,1.002247364,1.021594155
1.008797856,1.010919998,1.020837727,1.001742246,0.999555276,1.027529874,1.002022601,1.02159661
1.008797856,1.010767643,1.020887866,1.001742246,1.000222371,1.027475468,1.002472133,1.021429731
1.008190665,1.010615308,1.020988152,1.001524446,1,1.027421065,1.002472133,1.021316987
1.008494252,1.010767643,1.020837727,1.001742246,1.000444747,1.027203473,1.001797844,1.021321179
1.008494252,1.010564533,1.020787591,1.001742246,1.000667129,1.027257868,1.002472133,1.021323222
1.008038878,1.010412224,1.02058707,1.001742246,1.000667129,1.027094689,1.003146474,1.021099192
1.007735316,1.010158418,1.020286364,1.002177865,1.001111911,1.027094689,1.004270492,1.021160419
1.007583541,1.009955412,1.020136045,1.002613506,1.002223966,1.027094689,1.004720141,1.021163556
1.00743177,1.009904666,1.019885564,1.002831335,1.002446394,1.026985914,1.004495314,1.021112158
1.00743177,1.009650968,1.019685224,1.003267011,1.002891269,1.02693153,1.004270492,1.021057269
1.006824727,1.009194447,1.019234608,1.002831335,1.003113715,1.026822767,1.004720141,1.02100862
1.00743177,1.009143734,1.018784195,1.001742246,1.002668829,1.026768389,1.003820867,1.020783383
1.007583541,1.009143734,1.018333986,1.001742246,1.002891269,1.026714013,1.003146474,1.020672225
1.007583541,1.009143734,1.017833992,1.001306651,1.002891269,1.026659639,1.002921687,1.020392402
1.007583541,1.009093022,1.017434178,1.001524446,1.003558624,1.026605267,1.003371266,1.020286485
1.008190665,1.009093022,1.016984579,1.000871078,1.003558624,1.02649653,1.002921687,1.019950563
1.007887095,1.009042313,1.016335517,1,1.003336166,1.026442165,1.002921687,1.019786538
1.007735316,1.008636716,1.015836527,1.000435527,1.003558624,1.02649653,1.002921687,1.019686016
1.008038878,1.008636716,1.015637001,1.001088861,1.003781087,1.026387801,1.003146474,1.019631274
1.008038878,1.008636716,1.015537253,1.000871078,1.004226031,1.026224724,1.003371266,1.019468603
1.008038878,1.008586026,1.015487383,1.001306651,1.004448512,1.026116016,1.003820867,1.019412294
1.008646052,1.008636716,1.015437515,1.002395683,1.004893491,1.026007316,1.003820867,1.019133697
1.008342457,1.008636716,1.015238069,1.002395683,1.004893491,1.025898625,1.003596063,1.018973571
1.008494252,1.008687408,1.015088511,1.00304917,1.005115989,1.025789942,1.003596063,1.018758054
1.008797856,1.008586026,1.014839297,1.002395683,1.004670998,1.025681268,1.004495314,1.018647187
1.008949663,1.008383288,1.014590146,1.001306651,1.004003556,1.025518272,1.003820867,1.018392148
1.008949663,1.008231257,1.014490503,1.001306651,1.003781087,1.025518272,1.003820867,1.018338473
1.009101475,1.008129914,1.01439087,1.001742246,1.003558624,1.025409619,1.002921687,1.01806932
1.008646052,1.008028579,1.014141831,1.001306651,1.002891269,1.025300974,1.002921687,1.017913073
1.008797856,1.007876593,1.014092031,1.001524446,1.002223966,1.025355296,1.003371266,1.018000862
1.008949663,1.007724627,1.014141831,1.001088861,1.001779126,1.025192338,1.003820867,1.017954297
1.008646052,1.007623327,1.014191634,1.001524446,1.00133431,1.02508371,1.003820867,1.017848458
1.008342457,1.007471393,1.014291247,1.001960053,1.001779126,1.024920783,1.004045677,1.01769806
1.007735316,1.007268845,1.014341057,1.002831335,1.00133431,1.024812176,1.004495314,1.017703159
1.00743177,1.007015708,1.014291247,1.002613506,1.00133431,1.024703577,1.004495314,1.017710592
1.00712824,1.006813237,1.014341057,1.00304917,1.00133431,1.024649281,1.004944974,1.017501739
1.00652123,1.006458997,1.014341057,1.003484857,1.001556715,1.024540695,1.004720141,1.017560519
1.006672976,1.006408399,1.01439087,1.003920566,1.001779126,1.024486405,1.004495314,1.017347076
1.006369487,1.006408399,1.014739629,1.003267011,1.001556715,1.024160709,1.003596063,1.0172406
1.006672976,1.006307211,1.014938975,1.002177865,1.001556715,1.023889353,1.003146474,1.016848567
1.006824727,1.006054279,1.015038663,1.001960053,1.001111911,1.023672307,1.002921687,1.016794097
1.006976481,1.005902545,1.015188214,1.001960053,1.000889517,1.023401045,1.002472133,1.016574171
1.006824727,1.005750831,1.015337787,1.001742246,1.000889517,1.023184074,1.002247364,1.016487058
1.006976481,1.005750831,1.015786642,1.001742246,1.000889517,1.023021368,1.002696907,1.016545662
1.006824727,1.005599136,1.016036093,1.000871078,1.000222371,1.022912907,1.002022601,1.016521908
1.006217749,1.005649699,1.016485263,1.001306651,1.000444747,1.02285868,1.002022601,1.016669538
1.006066015,1.005902545,1.016834758,1.001742246,1.000222371,1.022696011,1.002022601,1.016733365
1.006369487,1.006104861,1.017134423,1.001960053,1,1.022533361,1.001573093,1.016688997
1.006066015,1.006357804,1.017434178,1.001524446,0.999777635,1.02237073,1.001797844,1.016689706
1.00652123,1.006509596,1.017833992,1.001524446,0.999332923,1.022153917,1.001797844,1.016634226
1.006217749,1.006509596,1.018083958,1.000871078,0.999110576,1.022208117,1.001797844,1.016420023
1.006217749,1.006610801,1.018183961,1.001742246,0.999555276,1.022424938,1.001573093,1.016372444
1.006824727,1.006712015,1.018383999,1.001524446,1.000667129,1.022533361,1.000898875,1.016316968
1.007280003,1.006762625,1.018534054,1.001088861,1.000444747,1.022479148,1.000449426,1.016487394
1.00743177,1.006762625,1.018834231,1.001306651,1.001111911,1.022587576,1.000449426,1.016544028
1.007735316,1.006965087,1.019134498,1.002177865,1.00133431,1.022587576,1.00022471,1.016546963
1.008342457,1.007471393,1.019234608,1.001088861,1.001556715,1.02285868,0.999101218,1.016492474
1.008646052,1.007977915,1.019284666,1.000871078,1.001556715,1.023129836,0.999550597,1.016376463
1.008949663,1.008281932,1.019384791,1.000435527,1.001556715,1.023401045,1.000449426,1.016377521
1.009101475,1.008484652,1.019284666,1.0006533,1.001111911,1.023889353,1.001797844,1.016436236
1.008646052,1.008586026,1.019184552,1.000435527,1.000889517,1.024323547,1.002472133,1.016720737
1.008494252,1.008890198,1.019134498,1.001088861,1.000889517,1.024812176,1.002472133,1.016779469
1.008190665,1.009042313,1.019034399,1.0006533,1.000889517,1.025300974,1.002696907,1.016949186
1.008190665,1.009245163,1.019084448,1,1.000889517,1.025626934,1.002921687,1.017176404
1.00743177,1.008890198,1.018233967,1.000217761,1.001111911,1.025300974,1.003371266,1.017120697
1.007280003,1.008586026,1.017534117,1,1.001556715,1.02497509,1.003820867,1.017239699
1.006976481,1.008231257,1.01673489,1.000217761,1.00133431,1.024594987,1.003146474,1.017128738
1.00652123,1.007927253,1.015986198,1.000217761,1.002001543,1.024377831,1.003371266,1.017247738
1.005610837,1.007522036,1.015238069,1,1.002001543,1.02405216,1.003371266,1.017137432
1.006824727,1.009093022,1.017234331,1,1.002001543,1.024703577,1.003596063,1.017252305
1.007887095,1.011326374,1.019985749,1.000435527,1.003113715,1.026007316,1.003596063,1.0176006
1.009405111,1.013716632,1.022845259,1.001088861,1.003113715,1.026985914,1.003596063,1.017941237
1.010619819,1.016111688,1.02571299,1.000871078,1.002891269,1.02791077,1.004495314,1.018397838
1.011379145,1.018460447,1.028690039,1.001088861,1.001556715,1.028836235,1.005394658,1.018744684
1.012442373,1.020865042,1.031625289,1.001088861,1.001556715,1.029980295,1.005169813,1.01899415
1.014113565,1.024917726,1.035993441,1.0006533,1.001111911,1.032598784,1.005394658,1.019853204
1.015785252,1.029138853,1.040534067,0.999564495,1.001111911,1.035550407,1.005619508,1.020927917
1.017153366,1.033064413,1.045249381,0.999564495,1.000222371,1.038288904,1.006069227,1.022005667
1.018521812,1.036950924,1.050038454,0.999346751,1.000667129,1.040977789,1.005169813,1.023148852
1.01989059,1.040902089,1.05500592,1.000217761,1.00133431,1.043616765,1.004495314,1.024401223
1.021563992,1.044918482,1.059737246,1,1.001779126,1.046260668,1.003371266,1.025543791
1.023237892,1.049053117,1.064909657,1.000871078,1.002446394,1.049517237,1.002472133,1.027045199
1.025216777,1.053149316,1.070055822,1.000435527,1.002668829,1.052892077,1.002472133,1.02880601
1.02673947,1.057259398,1.075228051,1.000217761,1.002001543,1.056274953,1.002247364,1.030516401
1.028262573,1.061383434,1.080267014,1.0006533,1.002001543,1.059832871,1.002247364,1.032064654
1.030700395,1.065946708,1.086132676,1.000435527,1.00133431,1.063957826,1.001123609,1.033887518
1.032986809,1.07058049,1.092031959,1.001524446,1.00133431,1.068150734,1.001348348,1.035612082
1.034969118,1.075660526,1.098289762,1.001960053,1.001111911,1.072412142,1.001797844,1.037729166
1.036952123,1.080492721,1.104367884,1.002395683,1.000667129,1.076686285,1.001797844,1.039847445
1.039241072,1.085452056,1.110646054,1.002613506,1.000889517,1.081142704,1.002472133,1.042138277
1.039698973,1.088264041,1.113936715,1.002177865,1.000444747,1.084649869,1.002247364,1.044092221
1.040156911,1.090539961,1.116411541,1.002177865,1.000222371,1.087427733,1.002921687,1.045875027
1.040462224,1.092602759,1.118837055,1.001742246,1.000667129,1.090210973,1.003146474,1.04777884
1.041072899,1.094995582,1.12137885,1.001742246,1.000889517,1.093512393,1.002921687,1.049940328
1.04214174,1.097393056,1.123871375,1.001524446,1.00133431,1.096935633,1.002472133,1.052190951
1.04244716,1.099685904,1.126369842,1.001960053,1.00133431,1.10030976,1.002247364,1.05444811
1.042294448,1.100341786,1.127259621,1.002395683,1.002001543,1.102085771,1.001573093,1.055965463
1.042294448,1.100779234,1.128150156,1.00304917,1.001779126,1.103577014,1.002022601,1.057590747
1.041989036,1.101162128,1.128929993,1.003920566,1.001779126,1.104954912,1.002022601,1.059232837
1.04214174,1.102037759,1.129766176,1.004574173,1.001556715,1.106506618,1.002696907,1.061152313
1.041989036,1.102585344,1.130491407,1.003920566,1.000667129,1.108232689,1.002921687,1.063010008
1.041989036,1.103023586,1.131440541,1.004356299,1.000889517,1.11001846,1.003820867,1.064760127
1.041989036,1.103461984,1.132111033,1.004574173,1.000222371,1.111229427,1.004944974,1.066285125
1.04168364,1.103900537,1.132781954,1.00500994,1,1.112210475,1.004720141,1.067522203
1.04168364,1.104339245,1.133285425,1.005227831,1.000667129,1.1133655,1.004495314,1.068642629
1.04168364,1.104832977,1.133845119,1.005445729,1.000889517,1.114463626,1.005394658,1.070229627
1.04168364,1.105272016,1.134405112,1.005663632,1.00133431,1.115562584,1.006069227,1.071606844
1.041378261,1.105656303,1.134909359,1.005227831,1.00133431,1.116604469,1.005619508,1.072954226
1.04168364,1.105766121,1.135245659,1.00500994,1.001556715,1.117589159,1.006294095,1.074009156
1.04244716,1.106095633,1.135806396,1.00500994,1.001779126,1.118458558,1.005844365,1.074910343
1.042294448,1.106425234,1.136030775,1.00500994,1.002223966,1.119212457,1.005844365,1.075966659
1.042752596,1.106699967,1.136142982,1.005445729,1.002891269,1.119850678,1.006069227,1.077208919
1.04305805,1.107029728,1.136367432,1.006099455,1.002891269,1.120663364,1.005394658,1.07857054
1.04351626,1.107469546,1.136479675,1.005881541,1.002668829,1.121592705,1.005169813,1.079755155
1.04351626,1.107634518,1.136535801,1.005445729,1.002446394,1.12194136,1.005169813,1.080526193
1.043210782,1.107854515,1.136479675,1.005227831,1.002891269,1.1222901,1.005619508,1.081292131
1.042905321,1.108129566,1.136535801,1.004792054,1.002891269,1.122638923,1.006968735,1.08211821
1.04305805,1.108514739,1.136648062,1.00413843,1.002223966,1.122871518,1.006968735,1.083011297
1.043210782,1.108955084,1.136479675,1.00413843,1.002668829,1.123278649,1.006968735,1.083905229
1.043669005,1.109230379,1.13619909,1.003702709,1.002891269,1.123744081,1.006294095,1.084797258
1.043821755,1.109175316,1.136086877,1.00304917,1.002668829,1.124035052,1.006069227,1.085339768
1.044432793,1.109450659,1.13591858,1.00304917,1.003336166,1.124209662,1.005619508,1.085753767
1.044891115,1.109726064,1.135806396,1.00304917,1.003781087,1.124384293,1.005394658,1.086401933
1.045196684,1.109946432,1.135694225,1.002613506,1.003336166,1.124500725,1.005169813,1.086997625
1.045655068,1.11016684,1.13552599,1.002613506,1.004003556,1.124558945,1.004944974,1.087528306
1.045807872,1.110497524,1.135413849,1.003267011,1.003781087,1.124500725,1.005169813,1.088369715
1.04611349,1.110607771,1.135357782,1.003267011,1.003113715,1.124442508,1.004944974,1.088790431
1.046419125,1.110883433,1.135133547,1.002831335,1.003113715,1.124384293,1.004720141,1.08920353
1.046724776,1.111159156,1.135077496,1.00304917,1.003558624,1.124384293,1.005169813,1.089795848
1.046724776,1.11104886,1.13474125,1.00304917,1.003558624,1.12432608,1.004720141,1.090330922
1.045960679,1.110718029,1.134461127,1.00304917,1.003558624,1.124384293,1.005169813,1.090923256
1.046419125,1.110442404,1.134349099,1.00304917,1.003336166,1.124558945,1.005169813,1.091591194
1.046266305,1.110277058,1.134405112,1.003484857,1.003113715,1.124733618,1.004720141,1.092069952
1.045960679,1.109946432,1.134349099,1.00304917,1.003336166,1.124850079,1.004944974,1.092306539
1.045807872,1.109615895,1.134349099,1.003484857,1.003336166,1.124908312,1.005169813,1.092668488
1.045655068,1.109285446,1.134181079,1.00413843,1.003558624,1.124850079,1.004720141,1.093092008
1.045807872,1.109175316,1.134069081,1.004356299,1.003113715,1.124966548,1.004720141,1.093512283
1.046266305,1.109120254,1.133901105,1.004792054,1.003113715,1.125024787,1.003820867,1.093809357
1.047183285,1.108900033,1.133509267,1.00500994,1.003113715,1.125083027,1.004720141,1.094229912
1.047030444,1.108624811,1.133341381,1.004792054,1.003336166,1.125083027,1.004495314,1.094414775
1.047183285,1.108514739,1.133453302,1.005227831,1.003558624,1.125083027,1.005844365,1.094722118
1.046571949,1.107524535,1.132390531,1.005227831,1.003336166,1.124558945,1.006743849,1.094724844
1.04550227,1.1053818,1.130100836,1.006099455,1.003781087,1.123278649,1.007193627,1.094549456
1.044280027,1.103242766,1.127704794,1.006099455,1.003336166,1.121883245,1.006518969,1.094202508
1.043210782,1.101052718,1.12520315,1.00697117,1.004670998,1.1206053,1.005844365,1.093848291
1.041836336,1.098921149,1.122818252,1.006753233,1.004448512,1.119502523,1.006518969,1.093612493
1.040767553,1.096738737,1.120438772,1.006317375,1.005115989,1.118284636,1.006069227,1.093201866
1.040004261,1.093417972,1.115585947,1.006317375,1.005783518,1.115620447,1.005394658,1.092200768
1.038477986,1.08983506,1.110865109,1.00697117,1.005338493,1.112730123,1.005169813,1.091021543
1.036952123,1.086262546,1.106056531,1.006535301,1.004670998,1.109730283,1.005619508,1.089963383
1.035579199,1.083023791,1.101378639,1.006753233,1.004226031,1.106794153,1.005169813,1.088788442
1.034664102,1.079901096,1.09666773,1.007189113,1.004226031,1.103749179,1.005169813,1.087744067
1.033596676,1.07667907,1.091870621,1.00697117,1.004003556,1.100596066,1.004720141,1.086449069
1.032224568,1.072609972,1.086828107,1.00697117,1.004448512,1.09722127,1.005169813,1.08462564
1.030852793,1.068501101,1.081650424,1.007189113,1.004003556,1.093740356,1.005169813,1.082993641
1.029176633,1.064406018,1.076445739,1.007407062,1.004670998,1.09026783,1.004944974,1.081172695
1.027805599,1.060430491,1.071478214,1.007189113,1.004893491,1.087030566,1.005169813,1.079416963
1.026282619,1.056204203,1.066429798,1.00697117,1.004448512,1.083517589,1.004495314,1.077608693
1.024303359,1.051940022,1.061354063,1.006753233,1.004448512,1.080126098,1.005169813,1.075685842
1.022020461,1.047638424,1.056563262,1.007189113,1.004670998,1.07629208,1.004270492,1.073595156
1.020651166,1.043299886,1.051691569,1.007189113,1.004448512,1.072355989,1.004495314,1.071435284
1.019130117,1.038976878,1.046791763,1.006317375,1.004003556,1.068374702,1.003596063,1.06922026
1.018217684,1.035446652,1.042786464,1.006535301,1.004226031,1.064963001,1.002921687,1.067364839
1.017457436,1.032960945,1.040022861,1.005881541,1.003113715,1.062284108,1.003371266,1.065739978
1.016697291,1.030531992,1.037317797,1.006099455,1.002668829,1.059665895,1.003820867,1.064056715
1.015937249,1.027953379,1.034111788,1.00500994,1.002446394,1.057052488,1.003596063,1.06199595
1.015481272,1.025483113,1.030915992,1.00500994,1.002446394,1.054277528,1.002921687,1.059968829
1.015329288,1.023017926,1.027780847,1.005663632,1.002001543,1.051563314,1.003596063,1.057914716
1.01456943,1.021735981,1.02682204,1.005445729,1.001556715,1.050235793,1.003596063,1.056483931
1.014113565,1.020609004,1.025864152,1.00500994,1.001556715,1.049240967,1.003596063,1.055221477
1.013657736,1.0195854,1.024957525,1.005445729,1.002223966,1.048302049,1.003146474,1.053726532
1.013201944,1.018460447,1.024102022,1.004574173,1.002668829,1.047143066,1.002696907,1.052112542
1.012746189,1.017489748,1.023096485,1.003920566,1.002891269,1.045985031,1.002696907,1.050500443
1.012290471,1.016570865,1.022242575,1.003920566,1.002891269,1.044827941,1.002247364,1.048833489
1.011986679,1.016417786,1.021690434,1.003267011,1.002891269,1.044057073,1.002022601,1.047977196
1.012290471,1.016519837,1.02123891,1.002831335,1.002891269,1.043286623,1.002022601,1.046896941
1.012290471,1.016417786,1.020887866,1.003267011,1.002223966,1.042461607,1.001573093,1.045979627
1.012138573,1.016417786,1.020536946,1.002831335,1.001779126,1.041417277,1.001797844,1.044726718
1.011834789,1.016366765,1.020186149,1.003267011,1.002446394,1.040483529,1.002247364,1.043476609
1.012442373,1.016366765,1.019885564,1.002613506,1.002446394,1.039550397,1.002472133,1.042445776
1.012138573,1.016366765,1.019384791,1.001960053,1.002446394,1.039111489,1.002247364,1.041480069
1.011986679,1.016417786,1.018984353,1.001960053,1.001779126,1.03861788,1.001573093,1.040681728
1.011379145,1.016366765,1.018434015,1.002831335,1.002001543,1.038234082,1.002247364,1.04011372
1.011075402,1.016213712,1.017983964,1.002613506,1.002446394,1.037685979,1.002472133,1.039142229
1.011075402,1.016111688,1.01733425,1.00304917,1.002891269,1.037083311,1.001573093,1.038173891
1.011531022,1.016111688,1.01673489,1.002613506,1.003336166,1.0364809,1.002022601,1.037319464
1.011834789,1.016264728,1.01668496,1.00304917,1.003113715,1.035824018,1.002696907,1.036697893
1.011531022,1.016315745,1.016585106,1.003484857,1.002891269,1.035276849,1.002247364,1.036013626
1.011379145,1.016417786,1.016435345,1.002613506,1.002891269,1.034729892,1.002472133,1.035400241
1.011227272,1.016315745,1.016435345,1.002831335,1.003558624,1.034019165,1.002696907,1.034838815
1.011227272,1.016213712,1.01638543,1.002395683,1.003558624,1.033144915,1.002921687,1.034215058
1.011075402,1.016009673,1.016285607,1.001960053,1.003113715,1.032325798,1.002472133,1.033591139
1.011379145,1.016009673,1.016285607,1.002613506,1.003336166,1.031725414,1.003371266,1.033198294
1.011531022,1.015754673,1.01638543,1.002831335,1.002891269,1.031125286,1.003146474,1.03262931
1.011227272,1.015550712,1.01638543,1.002613506,1.002223966,1.030525413,1.004045677,1.032289367
1.011227272,1.015091928,1.016235699,1.00304917,1.002446394,1.029980295,1.004270492,1.031626042
1.010771676,1.014378613,1.016036093,1.003484857,1.002223966,1.029598839,1.004720141,1.031231151
1.010771676,1.014022116,1.015986198,1.003267011,1.002891269,1.029108546,1.005394658,1.030779482
1.010771676,1.013360332,1.015886415,1.00304917,1.002891269,1.028890693,1.005394658,1.030386973
1.010619819,1.012800648,1.015786642,1.003267011,1.002891269,1.028618424,1.005169813,1.029991497
1.010771676,1.012241226,1.015736759,1.003702709,1.003113715,1.02829177,1.004045677,1.029439482
1.011227272,1.012241226,1.015936305,1.003702709,1.002668829,1.028074043,1.004495314,1.029270734
1.011075402,1.012190382,1.016036093,1.003267011,1.002891269,1.028074043,1.004944974,1.028941631
1.011531022,1.012190382,1.016185794,1.00304917,1.002891269,1.028074043,1.004495314,1.028432425
1.012138573,1.012393769,1.016335517,1.003920566,1.002668829,1.028182903,1.004270492,1.02821784
1.012594279,1.012546332,1.016635032,1.003920566,1.002446394,1.028237335,1.003371266,1.027886568
1.012746189,1.012597191,1.016884696,1.003702709,1.001779126,1.028346207,1.003146474,1.027716492
1.013050021,1.012546332,1.016984579,1.003702709,1.001779126,1.028182903,1.002921687,1.02749033
1.013201944,1.012393769,1.017234331,1.003484857,1.001556715,1.027965193,1.003371266,1.027206868
1.013201944,1.012139541,1.017484146,1.003484857,1.002001543,1.027801932,1.002696907,1.02698407
1.012898103,1.012139541,1.01758409,1.003484857,1.00133431,1.02785635,1.002472133,1.026531428
1.012746189,1.012088702,1.017734024,1.004356299,1.001556715,1.028019617,1.002247364,1.026309187
1.012898103,1.012190382,1.017833992,1.00500994,1.001556715,1.028019617,1.003146474,1.026099765
1.012442373,1.011885367,1.017784007,1.004574173,1.00133431,1.028237335,1.002696907,1.02578957
1.012290471,1.012088702,1.017634065,1.003920566,1.001556715,1.028182903,1.002921687,1.0256233
1.012594279,1.012292071,1.017684043,1.004574173,1.002891269,1.02829177,1.002921687,1.025407927
1.012746189,1.01274978,1.017734024,1.003920566,1.002001543,1.028074043,1.002696907,1.025412055
1.013050021,1.013258552,1.017933971,1.003702709,1.002668829,1.027965193,1.002247364,1.025072252
1.01335387,1.013614821,1.017933971,1.00304917,1.002668829,1.027965193,1.001797844,1.024790871
1.013809675,1.013920279,1.017833992,1.003267011,1.003113715,1.02791077,1.002022601,1.024791958
1.014113565,1.014225816,1.01788398,1.002831335,1.002668829,1.027801932,1.001797844,1.02473974
1.013505801,1.014531431,1.017983964,1.00304917,1.003113715,1.027747516,1.002472133,1.024744788
1.013201944,1.014276746,1.017784007,1.003267011,1.003558624,1.027584281,1.002696907,1.024463143
1.013050021,1.014022116,1.017684043,1.003484857,1.003558624,1.027312265,1.002921687,1.024246531
1.012594279,1.013818451,1.01758409,1.003484857,1.003781087,1.02693153,1.002696907,1.023982197
1.011986679,1.013665725,1.017534117,1.002613506,1.003336166,1.026659639,1.002696907,1.023709298
1.011531022,1.013309441,1.01758409,1.002613506,1.004003556,1.02633344,1.003820867,1.023719576
1.010923537,1.012953263,1.017484146,1.002395683,1.004226031,1.025844283,1.003596063,1.023500096
1.010467967,1.012698915,1.01758409,1.002177865,1.004003556,1.025735604,1.003596063,1.023277421
1.010467967,1.012546332,1.017534117,1.001960053,1.004893491,1.025626934,1.003820867,1.023165697
1.010467967,1.012444621,1.017634065,1.002177865,1.004670998,1.025572602,1.003820867,1.023085315
1.010316118,1.012342919,1.017534117,1.002177865,1.005115989,1.025518272,1.004045677,1.023104709
1.010467967,1.012342919,1.017484146,1.001306651,1.004670998,1.025355296,1.004495314,1.022886156
1.010467967,1.012241226,1.017534117,1.000871078,1.004893491,1.025355296,1.003820867,1.022719186
1.010619819,1.012495476,1.017634065,1.000871078,1.005338493,1.025192338,1.004045677,1.022552302
1.010316118,1.012292071,1.017784007,1.001088861,1.005338493,1.025192338,1.003596063,1.022383302
1.010012433,1.012037865,1.017833992,1.001306651,1.004448512,1.025192338,1.002696907,1.022223747
1.009860596,1.011682066,1.017734024,1.001306651,1.004003556,1.025626934,1.002921687,1.022001296
1.009860596,1.011529614,1.017634065,1.001524446,1.003336166,1.025844283,1.002472133,1.022001496
1.009405111,1.0114788,1.017484146,1.001742246,1.002891269,1.026007316,1.002472133,1.022002174
1.009101475,1.0114788,1.017484146,1.001306651,1.002001543,1.026224724,1.001797844,1.021727213
1.009101475,1.011529614,1.017434178,1.001742246,1.002891269,1.02649653,1.002247364,1.021630496
1.009253291,1.011529614,1.017284289,1.001742246,1.002223966,1.026768389,1.002022601,1.021527921
1.009101475,1.011682066,1.017284289,1.001960053,1.002223966,1.02693153,1.001348348,1.021534722
1.008949663,1.011834538,1.017384213,1.002613506,1.002446394,1.027094689,1.000674148,1.021430333
1.008949663,1.011936197,1.017484146,1.002395683,1.002001543,1.027257868,1.000898875,1.021447643
1.008949663,1.011936197,1.017484146,1.001960053,1.002001543,1.027366664,1.000898875,1.021454101
1.008494252,1.012037865,1.017284289,1.001088861,1.001556715,1.027584281,1.000674148,1.021195205
1.008190665,1.012190382,1.017284289,1.001524446,1.002001543,1.027965193,1.000898875,1.021140237
1.008646052,1.012648052,1.017484146,1.001742246,1.002223966,1.028400646,1.000898875,1.021254919
1.008949663,1.013105897,1.017833992,1.002177865,1.002001543,1.028781779,1.001348348,1.021425849
1.009253291,1.013563919,1.01803396,1.001960053,1.002001543,1.029054079,1.002247364,1.021427347
1.009556936,1.013818451,1.018534054,1.001960053,1.00133431,1.029108546,1.002472133,1.021674655
1.009708764,1.014174888,1.01893431,1.002831335,1.002223966,1.029435389,1.002022601,1.02185012
1.010316118,1.01442955,1.019334727,1.003484857,1.002446394,1.029653326,1.002022601,1.022020615
1.010316118,1.01463332,1.019685224,1.003702709,1.002223966,1.029980295,1.002022601,1.022360508
1.010923537,1.015040963,1.019985749,1.003702709,1.002001543,1.030361856,1.002247364,1.022647335
1.010923537,1.015448745,1.020286364,1.003267011,1.002668829,1.030688989,1.003146474,1.022829101
1.011227272,1.016009673,1.020787591,1.003920566,1.003558624,1.030688989,1.002696907,1.023056767
1.011227272,1.016417786,1.02128907,1.003920566,1.003558624,1.030798051,1.003371266,1.023288799
1.011834789,1.016621895,1.021840988,1.00413843,1.003558624,1.030961659,1.003820867,1.023357389
1.011531022,1.016672928,1.022242575,1.00413843,1.004003556,1.031125286,1.004270492,1.023603271
1.011531022,1.016826039,1.022744787,1.00413843,1.002891269,1.031343485,1.004495314,1.024001601
1.011682904,1.017081268,1.023196993,1.003920566,1.003336166,1.031561717,1.005169813,1.024460355
1.012138573,1.017234432,1.023599127,1.004356299,1.003336166,1.03188913,1.005169813,1.024464326
1.012442373,1.017336552,1.023800255,1.00413843,1.003781087,1.032162032,1.006294095,1.024766063
1.012594279,1.017540818,1.024051721,1.00413843,1.004003556,1.032544183,1.006069227,1.024936525
1.013050021,1.01769404,1.024403881,1.005445729,1.004226031,1.032926438,1.005394658,1.025190402
1.013657736,1.017745119,1.02470583,1.005663632,1.004670998,1.033144915,1.005394658,1.02561892
1.014113565,1.017745119,1.025007872,1.006317375,1.004448512,1.03341806,1.004944974,1.025802571
1.013657736,1.01743868,1.025058221,1.006535301,1.005115989,1.033527333,1.004720141,1.02591657
1.01335387,1.017081268,1.024957525,1.006535301,1.004893491,1.033800552,1.004045677,1.02580674
1.012746189,1.016775,1.024907181,1.006753233,1.004670998,1.034073824,1.003596063,1.025978655
1.012898103,1.016928124,1.024756164,1.006317375,1.005115989,1.034456493,1.002921687,1.025987498
1.012746189,1.016877081,1.024806501,1.006099455,1.004226031,1.034565846,1.003596063,1.026113632
1.012290471,1.016928124,1.024756164,1.005881541,1.003781087,1.034784578,1.003596063,1.026343463
1.012290471,1.017030218,1.024655499,1.006099455,1.004003556,1.034839267,1.003596063,1.026372033
1.011986679,1.01697917,1.02470583,1.005881541,1.004226031,1.034948649,1.004045677,1.026435556
1.012138573,1.016928124,1.024756164,1.006099455,1.004003556,1.035003344,1.003820867,1.026492385
1.011834789,1.016826039,1.024756164,1.005881541,1.003336166,1.035222144,1.004045677,1.026555841
1.011682904,1.016723963,1.024806501,1.005227831,1.003781087,1.035440977,1.003820867,1.026509149
1.010923537,1.016672928,1.02485684,1.005445729,1.004226031,1.035659845,1.003596063,1.026796497
1.010771676,1.016877081,1.024907181,1.005881541,1.004670998,1.035769291,1.003820867,1.026985976
1.010923537,1.016928124,1.024907181,1.005663632,1.005338493,1.035824018,1.003371266,1.027043101
1.010771676,1.016877081,1.024957525,1.005663632,1.004670998,1.03598821,1.002696907,1.026991237
1.010771676,1.017030218,1.025007872,1.00500994,1.004226031,1.03598821,1.002921687,1.027284155
1.010619819,1.017387615,1.025108572,1.004792054,1.004003556,1.03598821,1.002921687,1.027571021
1.010771676,1.017642964,1.025209283,1.004792054,1.004226031,1.03598821,1.003146474,1.027744865
1.010467967,1.018000544,1.025158927,1.004356299,1.004003556,1.035933477,1.003371266,1.027858916
1.010467967,1.018460447,1.025310004,1.00413843,1.003113715,1.036097681,1.002696907,1.027922294
1.010316118,1.018971658,1.025410736,1.003920566,1.003113715,1.036152421,1.003146474,1.028044236
1.010316118,1.019125064,1.025410736,1.003702709,1.002446394,1.036316651,1.003820867,1.028443893
1.010012433,1.019227346,1.025511477,1.00304917,1.002223966,1.036535654,1.003596063,1.028672229
1.010164273,1.019431935,1.025662608,1.003267011,1.002446394,1.036809456,1.003146474,1.028845632
1.010012433,1.019329636,1.025763375,1.003920566,1.002446394,1.037028536,1.003596063,1.028959634
1.009860596,1.019227346,1.02571299,1.004574173,1.003113715,1.037412007,1.003371266,1.029144572
1.010012433,1.019125064,1.025763375,1.004356299,1.003113715,1.037685979,1.003820867,1.029259502
1.009708764,1.019073927,1.025964939,1.004356299,1.002668829,1.037850387,1.003820867,1.029498933
1.009101475,1.018102729,1.025007872,1.004356299,1.002446394,1.037521589,1.003596063,1.029697893
1.008494252,1.017183375,1.024001423,1.00413843,1.002001543,1.037192868,1.004045677,1.029868404
1.007735316,1.016213712,1.023196993,1.004356299,1.002223966,1.036699929,1.004270492,1.030163321
1.006824727,1.015346786,1.022242575,1.004574173,1.001556715,1.036207162,1.004720141,1.030342363
1.005914285,1.014480489,1.021339231,1.004356299,1.000667129,1.035769291,1.004270492,1.030246394
1.008190665,1.017081268,1.024655499,1.004574173,0.999777635,1.036918992,1.003596063,1.03070401
1.009860596,1.020762621,1.029195503,1.003920566,0.999777635,1.038892086,1.003596063,1.031219051
1.011834789,1.024609446,1.033705408,1.004356299,1.000444747,1.040758097,1.004045677,1.031854917
1.013657736,1.028159464,1.038235682,1.00413843,1.000667129,1.042736559,1.004495314,1.032543536
1.015937249,1.031668337,1.042837714,1.003920566,1.000222371,1.044717791,1.003820867,1.033007767
1.017761523,1.035187484,1.047409377,1.003920566,1.000222371,1.04664665,1.003820867,1.033760405
1.020042697,1.040225313,1.053813577,1.003702709,1.000444747,1.050622858,1.004045677,1.035366384
1.021868301,1.045754736,1.060414953,1.004356299,1.00133431,1.054776621,1.004720141,1.037202998
1.024151137,1.051152002,1.067006997,1.00413843,1.001556715,1.058942557,1.004944974,1.039042725
1.026282619,1.057048286,1.073641935,1.004356299,1.001779126,1.063009145,1.004045677,1.040648817
1.028719584,1.062973333,1.080267014,1.00500994,1.001779126,1.066975478,1.004270492,1.042399092
1.030548,1.068820777,1.086828107,1.004792054,1.001111911,1.070896766,1.004045677,1.044117763
1.032834353,1.074803462,1.093969984,1.00500994,1.00133431,1.075672834,1.004495314,1.046648561
1.035426673,1.080761735,1.10105306,1.004574173,1.001556715,1.080577834,1.004045677,1.04924547
1.037715003,1.086857245,1.108184863,1.004356299,1.001556715,1.08561301,1.003596063,1.051730291
1.040614887,1.092874437,1.115420906,1.004792054,1.001556715,1.090722767,1.002921687,1.054209416
1.04305805,1.099849842,1.123871375,1.005663632,1.001779126,1.096421629,1.003371266,1.05675249
1.04550227,1.106809878,1.132334626,1.005445729,1.002668829,1.102085771,1.003146474,1.059364602
1.048559033,1.113864487,1.140922853,1.005445729,1.003113715,1.108520568,1.002921687,1.062323954
1.051770414,1.120848193,1.149581456,1.005663632,1.003781087,1.115099763,1.002696907,1.065635672
1.055136676,1.127759462,1.158311306,1.005663632,1.004670998,1.121534604,1.003371266,1.068954111
1.055136676,1.131005322,1.162271843,1.006317375,1.005338493,1.126364911,1.002921687,1.071751421
1.055289736,1.133024237,1.16492039,1.00697117,1.005338493,1.130275789,1.003146474,1.074494892
1.0554428,1.134990196,1.167575519,1.007625016,1.005115989,1.134314396,1.003146474,1.077190602
1.055595867,1.136846643,1.17029519,1.008278913,1.005783518,1.138658095,1.003146474,1.080119466
1.0554428,1.138874995,1.172847538,1.007407062,1.005561003,1.143073688,1.003146474,1.083297138
1.055902016,1.140850151,1.175464191,1.007625016,1.005338493,1.147502625,1.003146474,1.08623913
1.055289736,1.141076081,1.176221302,1.007407062,1.005338493,1.149929441,1.003596063,1.088423314
1.0554428,1.14090663,1.176745768,1.00697117,1.005115989,1.152063613,1.004270492,1.090202699
1.055136676,1.140850151,1.177270491,1.007189113,1.005561003,1.154200889,1.003146474,1.091986695
1.055595867,1.141019595,1.178028876,1.007625016,1.005561003,1.156341274,1.003371266,1.09423721
1.0554428,1.141245555,1.178787797,1.007189113,1.005338493,1.158306031,1.003820867,1.09662477
1.055748939,1.141471556,1.179605695,1.007407062,1.005561003,1.160392731,1.004495314,1.099001409
1.056055096,1.141697598,1.179839494,1.00697117,1.005115989,1.161765602,1.004270492,1.100607041
1.055902016,1.141923681,1.180190289,1.006317375,1.004893491,1.162900677,1.003820867,1.101973841
1.055748939,1.142149804,1.180599693,1.007189113,1.005338493,1.164036626,1.004045677,1.10365309
1.055902016,1.142489064,1.181009254,1.006753233,1.005338493,1.165293166,1.004720141,1.105440778
1.055902016,1.142828417,1.18141897,1.006753233,1.005338493,1.166371052,1.004495314,1.107359802
1.056514361,1.143167861,1.181945978,1.007189113,1.005115989,1.167509675,1.004495314,1.109278908
1.056514361,1.143563995,1.182297459,1.007842976,1.004893491,1.167869422,1.005169813,1.110478081
1.056361269,1.143960253,1.182707666,1.008060942,1.004670998,1.168109303,1.005394658,1.11174143
1.056667458,1.144583198,1.183059396,1.008278913,1.004226031,1.168469196,1.005394658,1.112889341
1.056973664,1.145319803,1.183293947,1.007407062,1.004226031,1.168829177,1.006518969,1.114509835
1.057279887,1.145716615,1.183352592,1.007625016,1.004670998,1.169369313,1.006069227,1.116009337
1.057279887,1.146113552,1.183528548,1.007407062,1.005115989,1.169729514,1.006294095,1.117572364
1.057126774,1.146680822,1.183645868,1.00697117,1.004226031,1.169789555,1.006743849,1.118744458
1.057279887,1.147021307,1.183880546,1.008278913,1.004670998,1.169909647,1.007418524,1.119776067
1.056973664,1.147532207,1.184115276,1.008060942,1.004448512,1.169969696,1.007418524,1.120746528
1.057739252,1.14775934,1.18423266,1.00849689,1.004670998,1.169969696,1.006968735,1.121893637
1.057586126,1.148270539,1.184350056,1.008714873,1.004893491,1.170269978,1.007193627,1.123166737
1.057892382,1.148781946,1.184584888,1.008278913,1.004448512,1.170570322,1.008318173,1.124315336
1.057433005,1.148952461,1.184584888,1.007407062,1.003558624,1.170750558,1.008768032,1.125169477
1.057892382,1.14917985,1.184526175,1.007407062,1.003781087,1.171171193,1.008992971,1.126029846
1.057892382,1.14929356,1.184467466,1.007189113,1.003781087,1.171471719,1.009442865,1.126760334
1.058198655,1.149691626,1.18481977,1.006535301,1.004226031,1.171772307,1.009217915,1.127674924
1.058198655,1.150146713,1.18517219,1.00697117,1.004003556,1.172193232,1.009892784,1.128710739
1.058351797,1.150545048,1.185407201,1.006099455,1.003558624,1.172614278,1.008992971,1.129504156
1.057739252,1.15082965,1.185524726,1.005881541,1.004003556,1.172975269,1.0085431,1.13016999
1.058198655,1.151057378,1.185642263,1.005227831,1.004003556,1.173336348,1.008318173,1.130719272
1.057739252,1.151285147,1.185759813,1.00500994,1.003336166,1.173697515,1.008093252,1.131157126
1.057739252,1.151512957,1.185818593,1.004574173,1.003558624,1.174179209,1.008318173,1.131954187
1.058504944,1.151683842,1.185936162,1.004792054,1.003781087,1.174600819,1.008318173,1.132684018
1.058964409,1.151797778,1.185936162,1.004792054,1.004226031,1.175143066,1.008992971,1.133725677
1.059270739,1.151740809,1.18611254,1.00500994,1.003558624,1.175504674,1.0085431,1.13427425
1.059577086,1.151911724,1.186230142,1.00500994,1.003336166,1.175806082,1.0085431,1.13476513
1.060036638,1.152082663,1.186465383,1.004792054,1.003336166,1.176047252,1.0085431,1.13531534
1.06018983,1.15248161,1.186818341,1.005227831,1.004226031,1.17634877,1.007868337,1.135825403
1.060496227,1.152937704,1.187347994,1.005445729,1.004448512,1.17652971,1.007643427,1.136448326
1.061109071,1.153393963,1.187995701,1.006317375,1.005115989,1.176770998,1.007643427,1.137056672
1.061109071,1.154135735,1.188702734,1.006535301,1.004893491,1.177012325,1.008318173,1.137425211
1.061875218,1.154535331,1.189351254,1.00697117,1.004893491,1.17695199,1.008093252,1.137865809
1.062334957,1.154992168,1.189882151,1.00697117,1.004893491,1.17695199,1.007418524,1.138298118
1.060496227,1.150715801,1.184350056,1.007625016,1.005338493,1.174118989,1.007418524,1.137699381
1.058351797,1.145830013,1.178145598,1.007189113,1.005338493,1.170690477,1.006968735,1.136870668
1.056973664,1.141302052,1.171860683,1.007189113,1.005783518,1.167269892,1.005844365,1.136021475
1.054983621,1.136114987,1.165324007,1.007625016,1.005338493,1.163857207,1.006069227,1.134991202
1.053300285,1.131005322,1.158827064,1.007189113,1.005115989,1.160273412,1.005619508,1.133842067
1.051005634,1.125860626,1.152426469,1.007407062,1.005115989,1.156698307,1.006518969,1.132700339
1.049323482,1.120070289,1.145101833,1.007625016,1.003781087,1.151944967,1.006968735,1.130953106
1.047336129,1.114472616,1.137827524,1.00849689,1.003558624,1.146911327,1.007193627,1.129053626
1.045960679,1.108955084,1.130547215,1.008932861,1.003781087,1.141953812,1.006743849,1.127242353
1.044280027,1.103461984,1.123261544,1.009150856,1.003558624,1.137013015,1.006294095,1.125441744
1.041836336,1.097884022,1.116081225,1.009804872,1.003558624,1.132030333,1.005844365,1.123341193
1.039546335,1.092385459,1.109113963,1.010022889,1.003113715,1.126947959,1.005169813,1.121062499
1.037104691,1.086316598,1.101867199,1.010022889,1.003558624,1.121650808,1.004495314,1.118242915
1.0345116,1.080438925,1.094670721,1.009586861,1.002891269,1.116083433,1.005169813,1.115428709
1.032224568,1.074642829,1.087416915,1.008932861,1.002001543,1.11065265,1.004944974,1.112561638
1.030395609,1.068767491,1.08010751,1.008714873,1.001779126,1.105184689,1.005619508,1.109756235
1.028567243,1.062708205,1.072797011,1.008714873,1.002001543,1.099851789,1.004270492,1.106718667
1.026130343,1.056626171,1.06532878,1.008060942,1.001556715,1.094538511,1.004045677,1.10398386
1.023846706,1.050364494,1.057654825,1.007625016,1.001779126,1.089074306,1.003371266,1.100722052
1.0212597,1.044082807,1.050038454,1.007189113,1.001779126,1.083687374,1.002696907,1.09728443
1.018825956,1.037885557,1.042479023,1.006753233,1.001779126,1.078264191,1.002921687,1.094032748
1.018673882,1.036068882,1.040278432,1.006317375,1.002446394,1.075503995,1.002696907,1.091615522
1.019130117,1.034721123,1.038745981,1.006535301,1.002446394,1.073310902,1.002022601,1.0894927
1.018521812,1.033116151,1.037266828,1.006535301,1.002223966,1.07117727,1.002022601,1.087431665
1.018065626,1.031668337,1.035688069,1.006535301,1.002668829,1.06871072,1.002022601,1.08502083
1.017761523,1.030531992,1.034162597,1.006535301,1.003113715,1.066248423,1.002472133,1.082623007
1.018065626,1.02939672,1.032639442,1.006753233,1.003781087,1.063790366,1.002472133,1.08023305
1.018217684,1.028829486,1.032030827,1.006753233,1.004448512,1.062451391,1.002921687,1.078428793
1.018673882,1.028210991,1.031422581,1.005445729,1.004448512,1.061503711,1.002472133,1.076676572
1.018217684,1.027489816,1.030764065,1.00500994,1.004670998,1.060500972,1.003146474,1.074985149
1.017761523,1.026666147,1.030308423,1.004356299,1.004893491,1.05927636,1.003371266,1.072891855
1.017457436,1.025997332,1.029701222,1.002831335,1.004448512,1.0580528,1.003596063,1.070983017
1.017001337,1.025174687,1.029144945,1.002395683,1.004893491,1.056830292,1.002696907,1.069113282
1.017153366,1.024712197,1.028791111,1.001306651,1.004448512,1.055941854,1.004045677,1.067836499
1.016849312,1.024455335,1.028639506,1.000871078,1.004448512,1.055331375,1.004045677,1.066441899
1.016697291,1.024044471,1.028386883,1.000217761,1.004670998,1.05455478,1.004270492,1.065113217
1.016545274,1.023479762,1.027881827,0.999782245,1.004226031,1.053889465,1.003596063,1.063489674
1.015785252,1.023171852,1.027377026,0.999782245,1.003336166,1.053113658,1.004045677,1.061985417
1.01563326,1.02286402,1.026973369,0.999346751,1.003336166,1.052393645,1.004045677,1.060380961
1.015329288,1.022710134,1.026771602,0.999129013,1.002668829,1.051729341,1.003596063,1.059344514
1.015025333,1.022658843,1.026620303,0.998911281,1.002446394,1.051120669,1.003596063,1.058364472
1.015025333,1.022556268,1.02651945,0.999782245,1.002223966,1.05045696,1.003820867,1.057500884
1.015025333,1.022402421,1.026317774,1,1.002001543,1.049848833,1.004045677,1.056470786
1.013961618,1.022094787,1.025914544,1.000217761,1.002446394,1.049406723,1.004944974,1.055398782
1.013961618,1.021941,1.025561851,1.000217761,1.002446394,1.048799046,1.005844365,1.054479452
1.01335387,1.021787233,1.025310004,1.0006533,1.001779126,1.048578137,1.005844365,1.053674448
1.013050021,1.021377283,1.024957525,1.001088861,1.00133431,1.048357262,1.006518969,1.053043991
1.012442373,1.020916257,1.02460517,1.000217761,1.000444747,1.048081217,1.006518969,1.052410992
1.012290471,1.020557804,1.024152325,1.000217761,1.001111911,1.047639657,1.006069227,1.051726446
1.011682904,1.020301831,1.023699686,1.000217761,1.001111911,1.047198235,1.006069227,1.050922724
1.011682904,1.020097093,1.02339804,1,1.001556715,1.046867258,1.005619508,1.05011894
1.011682904,1.019943562,1.022945742,1.000435527,1.001556715,1.04664665,1.004720141,1.049496987
1.011682904,1.019738885,1.022493649,1.0006533,1.001556715,1.046536358,1.004495314,1.048868157
1.011834789,1.019790051,1.022041761,1.0006533,1.00133431,1.046315802,1.005169813,1.04829446
1.011379145,1.019790051,1.021840988,1.001306651,1.002001543,1.046315802,1.004495314,1.047606092
1.011531022,1.0195854,1.021690434,1.001524446,1.002223966,1.046150407,1.004495314,1.047036628
1.010771676,1.019329636,1.021590078,1.002395683,1.002446394,1.046150407,1.003371266,1.046349219
1.010467967,1.01927849,1.021840988,1.002831335,1.002891269,1.046040154,1.002696907,1.046013336
1.010467967,1.019073927,1.021891178,1.002395683,1.003336166,1.046040154,1.003371266,1.045734899
1.010467967,1.018869399,1.02194137,1.00304917,1.003781087,1.045985031,1.003146474,1.045410671
1.010771676,1.018971658,1.021891178,1.003267011,1.004226031,1.045544123,1.003820867,1.045068082
1.010771676,1.019176204,1.021740617,1.003484857,1.003781087,1.045213533,1.003820867,1.044614966
1.010012433,1.01927849,1.021489732,1.002613506,1.004226031,1.044938099,1.003371266,1.043879095
1.010164273,1.019483088,1.021539904,1.002395683,1.003558624,1.044717791,1.003371266,1.043364661
1.010771676,1.019841219,1.021690434,1.001960053,1.003113715,1.044277278,1.003146474,1.042853807
1.010619819,1.020097093,1.021790801,1.001742246,1.002668829,1.043946983,1.002247364,1.042190729
1.011227272,1.020148274,1.021740617,1.001306651,1.003113715,1.043231607,1.002022601,1.041792013
1.011531022,1.020097093,1.021690434,1.001306651,1.003558624,1.042736559,1.001573093,1.041284457
1.011379145,1.020045914,1.021539904,1.001742246,1.003781087,1.042131735,1.001348348,1.040780087
1.011075402,1.019994737,1.021489732,1.001742246,1.003336166,1.041746982,1.000898875,1.040274603
1.011227272,1.01989239,1.021489732,1.001742246,1.003113715,1.041362333,1.000898875,1.039821498
1.010923537,1.019738885,1.021389396,1.001524446,1.002446394,1.040813016,1.000449426,1.039480166
1.011075402,1.019790051,1.021539904,1.001088861,1.002223966,1.040263913,1.000898875,1.039082295
1.010619819,1.019687722,1.021590078,1.000871078,1.002446394,1.039660145,1.00022471,1.038693112
1.010164273,1.019329636,1.021539904,1.001088861,1.002446394,1.039111489,1.000449426,1.038329208
1.010316118,1.01927849,1.021339231,1.001306651,1.002223966,1.038398554,1.000449426,1.037938928
1.010316118,1.019125064,1.020988152,1.001306651,1.002223966,1.037850387,1.001123609,1.037778326
1.011227272,1.019125064,1.020637196,1.001306651,1.002446394,1.037302433,1.001797844,1.037438158
1.011379145,1.019022792,1.020236255,1.001524446,1.002223966,1.036754691,1.002247364,1.037160332
1.011682904,1.019022792,1.020085944,1.001306651,1.002001543,1.036152421,1.002247364,1.036762848
1.011834789,1.019125064,1.019885564,1.0006533,1.00133431,1.035550407,1.002696907,1.036594846
1.011531022,1.018920527,1.019835475,1.000217761,1.00133431,1.035386266,1.002472133,1.036085387
1.012138573,1.018664905,1.019835475,1.0006533,1.001556715,1.035058041,1.002472133,1.035749762
1.012594279,1.018409338,1.019985749,1.001088861,1.00133431,1.034784578,1.003146474,1.035694571
1.012138573,1.017898367,1.019735305,1.000871078,1.00133431,1.034456493,1.002921687,1.035355844
1.012138573,1.017489748,1.019534996,1.001088861,1.002001543,1.034128484,1.002921687,1.034962167
1.012442373,1.01697917,1.019434857,1.001524446,1.002446394,1.033855202,1.003371266,1.034620714
1.012290471,1.016775,1.019434857,1.001960053,1.001556715,1.033855202,1.003596063,1.034281334
1.011834789,1.016570865,1.019434857,1.001306651,1.001556715,1.033691258,1.002921687,1.033941998
1.011986679,1.01646881,1.01958507,1.001088861,1.002001543,1.033581973,1.003146474,1.033663418
1.012138573,1.016417786,1.019785389,1.001742246,1.002223966,1.03341806,1.003146474,1.033449541
1.011986679,1.016519837,1.019885564,1.002395683,1.002668829,1.03319954,1.003371266,1.033167969
1.012290471,1.016621895,1.020035845,1.002613506,1.003336166,1.033035672,1.003371266,1.032830739
1.012442373,1.016519837,1.019935655,1.002831335,1.003558624,1.032817211,1.002696907,1.03249407
1.012746189,1.016570865,1.019985749,1.002613506,1.003113715,1.032653388,1.002696907,1.032332728
1.013050021,1.016775,1.020035845,1.002613506,1.002668829,1.032598784,1.001797844,1.032061796
1.012746189,1.016826039,1.020186149,1.002831335,1.003113715,1.032489583,1.001573093,1.031837666
1.012746189,1.016826039,1.020436705,1.002831335,1.003558624,1.032489583,1.000674148,1.031390075
1.012290471,1.016775,1.020737457,1.002613506,1.003113715,1.032434986,1.000898875,1.031108838
1.011986679,1.016723963,1.021038299,1.002395683,1.003336166,1.032434986,1.000898875,1.030718818
1.011531022,1.01646881,1.021088448,1.002831335,1.003558624,1.032434986,1.000449426,1.030442125
1.011227272,1.016162699,1.02128907,1.003267011,1.004003556,1.032434986,1.00022471,1.030024882
1.011682904,1.016162699,1.02128907,1.003920566,1.004226031,1.032216618,1.000449426,1.029974999
1.011379145,1.015856667,1.021088448,1.003484857,1.004226031,1.031943706,1.000674148,1.029863198
1.011075402,1.015652688,1.020938008,1.002831335,1.004003556,1.031670847,1.000898875,1.029469748
1.011379145,1.015652688,1.020938008,1.002831335,1.004226031,1.031452597,1.001123609,1.029244704
1.011379145,1.015652688,1.021038299,1.00304917,1.003113715,1.031234381,1.000898875,1.029141545
1.010771676,1.015652688,1.021088448,1.003267011,1.003558624,1.030907121,1.000898875,1.029037105
1.010619819,1.015907667,1.02123891,1.003267011,1.004893491,1.030798051,1.001123609,1.028875922
1.010619819,1.016009673,1.021339231,1.003484857,1.004893491,1.030634462,1.000898875,1.028771664
1.010771676,1.016162699,1.021389396,1.003920566,1.004670998,1.030525413,1.00022471,1.028489405
1.010771676,1.016162699,1.021339231,1.003484857,1.004003556,1.030416373,1.00022471,1.028380579
1.010467967,1.01606068,1.021439562,1.003920566,1.004448512,1.030361856,1,1.028389336
1.010316118,1.015958669,1.021489732,1.004792054,1.004226031,1.030307341,1,1.028221446
1.010012433,1.01570368,1.021439562,1.00413843,1.003558624,1.030198317,1.00022471,1.02817349
1.009556936,1.015448745,1.021539904,1.004356299,1.003781087,1.030089302,1.001348348,1.028007758
1.009253291,1.015091928,1.021590078,1.003702709,1.003558624,1.029980295,1.002472133,1.027952721
1.009101475,1.01488808,1.021539904,1.003484857,1.002446394,1.029816801,1.002472133,1.027844009
1.008797856,1.014735217,1.021389396,1.003702709,1.001779126,1.029544353,1.002696907,1.027788795
1.009101475,1.014684267,1.02128907,1.00413843,1.002223966,1.029271958,1.002921687,1.0276778
1.008949663,1.014378613,1.020687325,1.003702709,1.002001543,1.029163014,1.002696907,1.027572774
1.009101475,1.014480489,1.020236255,1.003267011,1.002223966,1.028945153,1.003146474,1.027582046
1.009556936,1.014582374,1.019735305,1.003267011,1.002223966,1.028781779,1.003146474,1.027470148
1.009405111,1.01442955,1.019384791,1.003484857,1.002001543,1.028781779,1.002696907,1.027244303
1.008949663,1.014480489,1.019334727,1.003920566,1.002446394,1.028836235,1.003371266,1.027083933
1.009556936,1.014480489,1.019084448,1.005227831,1.002891269,1.028836235,1.002921687,1.026926482
1.009556936,1.01442955,1.01893431,1.005881541,1.002891269,1.028836235,1.002472133,1.026986042
1.008949663,1.014276746,1.01893431,1.006317375,1.003336166,1.028563976,1.003146474,1.026765669
1.008797856,1.014225816,1.018834231,1.005445729,1.002223966,1.028455088,1.003596063,1.026598595
1.008646052,1.013920279,1.018734162,1.005227831,1.00133431,1.028182903,1.003146474,1.026372536
1.008646052,1.01376754,1.018684131,1.005227831,1.000889517,1.027965193,1.003596063,1.026151125
1.008646052,1.013513019,1.018634103,1.005445729,1.000889517,1.027747516,1.004270492,1.026208432
1.008494252,1.013716632,1.018634103,1.004792054,1.00133431,1.027747516,1.004495314,1.025990372
1.008646052,1.013665725,1.018584077,1.004574173,1.000222371,1.027584281,1.004495314,1.025832662
1.008646052,1.013665725,1.018434015,1.00413843,0.999777635,1.027366664,1.004495314,1.025777991
1.008494252,1.013869364,1.018484033,1.004574173,0.999777635,1.027366664,1.004944974,1.025552944
1.008797856,1.014073038,1.018283975,1.00500994,1.000222371,1.027257868,1.004270492,1.025413959
1.009253291,1.014327679,1.018183961,1.005881541,1.001111911,1.027094689,1.003371266,1.025147981
1.009405111,1.014378613,1.018183961,1.005663632,1.001779126,1.027312265,1.003596063,1.025036001
1.009556936,1.014378613,1.018283975,1.00500994,1.001556715,1.027475468,1.003596063,1.024992296
1.009253291,1.014225816,1.018283975,1.004574173,1.001556715,1.027747516,1.002921687,1.024938164
1.009405111,1.014327679,1.018734162,1.00413843,1.00133431,1.02785635,1.003596063,1.024939067
1.009253291,1.014123962,1.019034399,1.004792054,1.001779126,1.028019617,1.002472133,1.024719655
1.008646052,1.013869364,1.019284666,1.00413843,1.001556715,1.028128472,1.002022601,1.02460987
1.008342457,1.013920279,1.019434857,1.004356299,1.002001543,1.028074043,1.002472133,1.024561389
1.008494252,1.013818451,1.01958507,1.003920566,1.001111911,1.028019617,1.001573093,1.024476543
1.007887095,1.013665725,1.019835475,1.003484857,1.000889517,1.028019617,1.001797844,1.024542855
1.00743177,1.013716632,1.020085944,1.003267011,1.001779126,1.028019617,1.001797844,1.024318793
1.00743177,1.013665725,1.020035845,1.003484857,1.002001543,1.028237335,1.001573093,1.024327767
1.00743177,1.013462121,1.020035845,1.003702709,1.002223966,1.028400646,1.001123609,1.024389679
1.008038878,1.013563919,1.020186149,1.003920566,1.003113715,1.028455088,1.000449426,1.02455962
1.010012433,1.016519837,1.023900834,1.00413843,1.003336166,1.030089302,1.00022471,1.024900099
1.011682904,1.019483088,1.027629395,1.00413843,1.003558624,1.031725414,1.000449426,1.0252456
1.013657736,1.022146054,1.031321243,1.004574173,1.004003556,1.033144915,1.000898875,1.025755992
1.015329288,1.02486634,1.034975893,1.004356299,1.004893491,1.034675208,1.000449426,1.026099744
1.017153366,1.027644317,1.038745981,1.00413843,1.004670998,1.036316651,1.001573093,1.0262731
1.01989059,1.034151372,1.046843217,1.00413843,1.005115989,1.040813016,1.001573093,1.028085018
1.022781324,1.041162489,1.05562857,1.003920566,1.004670998,1.046205536,1.001797844,1.030133805
1.025064531,1.048162191,1.06443835,1.003484857,1.004003556,1.051563314,1.002696907,1.032122727
1.028110244,1.055413409,1.073219386,1.003920566,1.004226031,1.056719206,1.002472133,1.034063408
1.030852793,1.062814249,1.0820232,1.004574173,1.004893491,1.061893856,1.002022601,1.035884844
1.033444203,1.070260353,1.090903122,1.004792054,1.004893491,1.067087365,1.002472133,1.037997088
1.036189346,1.078396429,1.100510656,1.006099455,1.004670998,1.073310902,1.002022601,1.040825055
1.039088446,1.086695026,1.110372301,1.005445729,1.004003556,1.079843836,1.002472133,1.044032865
1.04214174,1.095104457,1.120272963,1.006317375,1.004226031,1.086463376,1.002696907,1.047244631
1.044738337,1.103187967,1.1303798,1.005881541,1.003781087,1.093284465,1.002696907,1.050405531
1.047183285,1.111545272,1.140528398,1.006317375,1.004670998,1.100138004,1.003371266,1.053576355
1.050393884,1.120070289,1.150832323,1.006753233,1.005115989,1.106966702,1.002921687,1.056747913
1.053606309,1.12865403,1.161294692,1.006753233,1.004226031,1.114579267,1.003146474,1.060688674
1.056667458,1.137409745,1.171860683,1.006099455,1.004670998,1.122464501,1.003146474,1.064984384
1.05988345,1.146283706,1.182590448,1.006317375,1.005115989,1.130275789,1.002472133,1.068883156
1.06202846,1.154935054,1.193132196,1.006099455,1.004226031,1.138305422,1.002921687,1.072871967
1.063407825,1.160487117,1.199542615,1.005663632,1.004003556,1.144666565,1.003146474,1.076611529
1.064174284,1.166006014,1.206110879,1.005445729,1.003781087,1.151055423,1.002921687,1.080305529
1.06463421,1.171896258,1.213020312,1.005227831,1.003113715,1.157710373,1.002696907,1.084417848
1.06601421,1.177872056,1.21991306,1.005227831,1.003113715,1.164634845,1.002921687,1.088770253
1.067394547,1.183759144,1.226849425,1.005445729,1.003558624,1.171471719,1.002022601,1.093329375
1.067701334,1.185454522,1.228682086,1.005663632,1.003336166,1.175022549,1.001797844,1.096346262
1.068008138,1.186566507,1.229844352,1.005445729,1.003336166,1.177736543,1.001348348,1.09908485
1.068161546,1.187738063,1.231007846,1.005445729,1.003336166,1.18051599,1.001123609,1.101945543
1.068161546,1.189145347,1.232724712,1.00500994,1.002446394,1.183664254,1.001348348,1.105155896
1.06877522,1.190789135,1.234505717,1.004792054,1.002446394,1.186819203,1.001348348,1.108676847
1.069542407,1.192493855,1.236351166,1.004356299,1.002223966,1.189798272,1.000449426,1.111782374
1.069695856,1.193494228,1.237275048,1.00413843,1.002891269,1.191686072,1.00022471,1.114294282
1.070156231,1.194377559,1.238138036,1.004574173,1.003336166,1.193332237,1.00022471,1.116391804
1.070309697,1.195143605,1.239186857,1.004574173,1.003336166,1.194858086,0.999775296,1.11855166
1.070770121,1.195910108,1.239989568,1.004574173,1.004003556,1.196568892,0.999550597,1.121016315
1.070923604,1.196500037,1.240854678,1.004792054,1.003558624,1.198220457,0.999325905,1.123602956
1.070923604,1.197149272,1.2416586,1.004356299,1.003336166,1.199935123,0.999775296,1.126204878
1.070770121,1.197680709,1.242401201,1.00413843,1.003781087,1.200793195,0.999775296,1.128082688
1.071077091,1.198212365,1.243082356,1.003702709,1.003558624,1.20146774,1.00022471,1.129594679
1.070923604,1.198744242,1.243825912,1.003702709,1.003781087,1.202142589,1.000674148,1.131228724
1.071691082,1.199098949,1.244507944,1.00413843,1.004226031,1.20306333,1.001573093,1.133119871
1.071537578,1.199453753,1.245190396,1.004356299,1.003781087,1.204046078,1.000898875,1.135125008
1.071691082,1.199808656,1.245811172,1.00413843,1.004226031,1.204967992,1.00022471,1.136900111
1.07184459,1.199808656,1.246059579,1.003920566,1.004003556,1.205644422,1.000898875,1.13829953
1.071537578,1.199867816,1.246556561,1.00413843,1.003781087,1.206198093,1.001573093,1.139588881
1.070923604,1.199986144,1.246867288,1.003920566,1.003558624,1.20687508,1.002472133,1.140929078
1.070463168,1.200222833,1.247302452,1.003920566,1.003336166,1.207552374,1.002696907,1.142340151
1.070616642,1.200518755,1.247799991,1.00413843,1.003781087,1.208106751,1.002921687,1.143745844
1.070616642,1.200696341,1.248359989,1.003920566,1.004003556,1.208661333,1.002921687,1.145211085
1.070770121,1.200696341,1.248359989,1.004356299,1.005338493,1.208784601,1.002921687,1.146248745
1.070156231,1.200400378,1.248111066,1.004792054,1.005561003,1.208907879,1.003146474,1.146987879
1.06984931,1.200163656,1.247799991,1.005227831,1.005561003,1.209154467,1.003596063,1.147907561
1.070002768,1.199986144,1.247675585,1.00500994,1.005115989,1.209401095,1.004720141,1.149015448
1.070002768,1.199690344,1.247551194,1.00500994,1.004448512,1.209647764,1.005169813,1.150055696
1.069695856,1.199394612,1.247426816,1.005227831,1.004670998,1.210079531,1.006069227,1.151220651
1.069695856,1.199217206,1.247489003,1.004792054,1.003781087,1.210326312,1.006294095,1.151833522
1.070309697,1.199158076,1.247364632,1.00413843,1.003781087,1.210634844,1.005844365,1.152571778
1.070463168,1.198980702,1.247364632,1.004356299,1.003336166,1.210819994,1.005394658,1.153254917
1.071077091,1.198803353,1.247178102,1.004792054,1.003336166,1.211128628,1.005844365,1.1541188
1.070923604,1.198566925,1.247115932,1.005227831,1.003336166,1.211375581,1.004720141,1.154979387
1.071384078,1.198507825,1.246929444,1.005663632,1.003558624,1.211746087,1.005169813,1.155964553
1.071230583,1.198507825,1.246867288,1.005445729,1.003558624,1.211746087,1.004720141,1.156579821
1.071691082,1.198507825,1.246867288,1.006099455,1.004448512,1.211746087,1.005619508,1.157133875
1.072151618,1.198566925,1.246742987,1.006535301,1.004670998,1.211746087,1.006294095,1.157749113
1.073226349,1.198803353,1.247178102,1.006535301,1.004893491,1.211622575,1.005169813,1.158252462
1.071691082,1.197149272,1.245004231,1.006317375,1.004670998,1.210696558,1.005169813,1.15862315
1.070463168,1.19555628,1.2431443,1.006317375,1.004670998,1.209647764,1.004495314,1.158645044
1.069082082,1.193847488,1.241040146,1.006317375,1.004893491,1.208661333,1.003820867,1.158769029
1.067701334,1.192258586,1.238939986,1.006099455,1.004670998,1.207798738,1.004720141,1.158785453
1.066781022,1.190671651,1.236659041,1.006317375,1.004670998,1.207059766,1.004495314,1.158860431
1.064174284,1.183233449,1.226605301,1.006099455,1.003558624,1.202081227,1.004944974,1.15745787
1.06202846,1.175664128,1.215917232,1.006099455,1.003781087,1.19607989,1.005394658,1.155493113
1.059730266,1.168081806,1.205272712,1.006099455,1.003558624,1.190102594,1.004720141,1.153473925
1.057433005,1.160429754,1.194671984,1.005445729,1.003781087,1.184088569,1.004270492,1.151212799
1.054983621,1.152994727,1.184173966,1.005227831,1.004226031,1.178159166,1.003820867,1.149074588
1.05284128,1.145603227,1.173777173,1.004356299,1.003781087,1.172133093,1.003146474,1.146826416
1.050393884,1.137860409,1.162674459,1.003920566,1.003558624,1.164754518,1.002472133,1.14359534
1.047336129,1.129829124,1.15174297,1.003702709,1.003558624,1.156995902,1.002921687,1.140127187
1.044738337,1.121960328,1.140866493,1.003484857,1.004003556,1.149337164,1.002921687,1.136543824
1.04168364,1.114140873,1.130156623,1.003484857,1.004003556,1.141718157,1.002247364,1.132936214
1.039241072,1.106480176,1.119609992,1.004356299,1.004003556,1.134197177,1.003146474,1.129332104
1.036494445,1.098811936,1.109113963,1.003702709,1.003336166,1.126598102,1.003146474,1.125601546
1.033596676,1.090539961,1.098452105,1.003267011,1.003113715,1.1186325,1.003146474,1.12109067
1.030243223,1.082484828,1.087845351,1.002831335,1.002668829,1.110364347,1.003146474,1.116539146
1.027196358,1.074428685,1.077399723,1.002613506,1.001779126,1.102200428,1.003146474,1.112174081
1.023542291,1.06615937,1.066692121,1.003484857,1.002001543,1.094310422,1.003820867,1.10775921
1.022629144,1.059689829,1.058227065,1.003702709,1.002446394,1.087087297,1.003596063,1.103598465
1.021411844,1.053149316,1.049677195,1.003920566,1.002891269,1.079956734,1.004270492,1.099625707
1.020346923,1.046225383,1.04094322,1.00413843,1.003336166,1.072636779,1.004720141,1.094831708
1.018521812,1.039132862,1.032182946,1.004356299,1.002891269,1.065354094,1.004045677,1.09000028
1.016241253,1.032133516,1.023649405,1.00413843,1.002891269,1.057997209,1.004270492,1.085061232
1.015937249,1.030222266,1.021489732,1.003920566,1.002891269,1.054443873,1.003820867,1.08166023
1.015481272,1.028365585,1.019985749,1.00413843,1.002668829,1.051895388,1.002921687,1.078677647
1.014721394,1.026614686,1.018584077,1.004356299,1.003113715,1.049351469,1.003820867,1.075946496
1.01456943,1.025226086,1.017234331,1.00500994,1.002668829,1.046370938,1.002921687,1.07256617
1.014113565,1.023993123,1.015886415,1.004356299,1.001779126,1.043231607,1.003371266,1.069310871
1.013505801,1.022710134,1.014490503,1.004574173,1.001556715,1.040099223,1.004045677,1.066003799
1.012898103,1.021735981,1.013743499,1.00500994,1.00133431,1.038288904,1.004944974,1.063861421
1.012594279,1.021069912,1.01309655,1.005881541,1.00133431,1.036973763,1.005169813,1.061719608
1.012138573,1.020353021,1.012400307,1.005881541,1.001111911,1.035605125,1.005844365,1.059764204
1.011682904,1.019227346,1.011853601,1.005227831,1.000222371,1.034183147,1.006968735,1.057514753
1.010923537,1.018051636,1.011108578,1.003920566,0.999777635,1.032871823,1.006968735,1.05497787
1.010467967,1.01697917,1.010512963,1.003702709,0.999555276,1.031670847,1.006743849,1.05261941
1.010316118,1.01646881,1.010165686,1.003920566,0.999777635,1.030907121,1.006518969,1.050905594
1.010164273,1.01570368,1.009669786,1.003702709,0.999777635,1.030416373,1.006518969,1.049355331
1.010164273,1.015040963,1.009273246,1.003267011,0.999777635,1.029925795,1.006518969,1.04769439
1.010012433,1.014327679,1.008728261,1.002613506,0.999777635,1.029163014,1.006294095,1.045693123
1.009860596,1.013665725,1.008183576,1.002395683,0.999555276,1.028400646,1.005844365,1.043807402
1.009556936,1.01315678,1.007688668,1.002177865,0.998888234,1.027638691,1.004495314,1.041983231
1.009708764,1.013004139,1.007540243,1.001524446,0.998665899,1.02714908,1.004045677,1.040762069
1.009556936,1.012953263,1.007441306,1.001524446,0.999110576,1.026550898,1.004045677,1.039634431
1.009708764,1.013004139,1.007292919,1.001088861,0.999110576,1.02595297,1.003371266,1.038566778
1.009708764,1.01274978,1.007342379,1.000871078,0.999555276,1.025409619,1.002696907,1.037144473
1.009860596,1.012800648,1.007490774,1.000217761,0.999110576,1.024757875,1.003146474,1.035953033
1.009708764,1.012902389,1.007688668,0.999782245,0.998665899,1.024106434,1.002921687,1.034420672
1.009253291,1.012597191,1.007886601,0.999129013,0.998665899,1.023889353,1.003371266,1.0335135
1.008797856,1.012139541,1.008084574,1.000217761,0.999332923,1.023780826,1.003596063,1.032548479
1.009101475,1.011783712,1.008134074,0.999564495,1,1.023672307,1.003596063,1.031648818
1.009101475,1.0114788,1.008084574,0.999564495,1.000667129,1.023672307,1.003371266,1.030524121
1.009253291,1.011275569,1.007985583,0.998911281,1.000444747,1.023509544,1.002921687,1.029391623
1.009101475,1.010970788,1.007936091,0.999129013,1.000667129,1.023401045,1.002247364,1.028215769
1.009253291,1.011021579,1.007738147,0.998475833,1.000889517,1.023346799,1.001348348,1.027209907
1.009860596,1.011123169,1.007738147,0.998475833,1.000889517,1.023129836,1.000449426,1.026475782
1.010012433,1.011072373,1.007688668,0.998911281,1.000889517,1.02285868,1.001123609,1.025630801
1.009556936,1.011021579,1.007837114,0.998693554,1.000889517,1.022533361,1.000898875,1.02503115
1.009860596,1.011275569,1.007985583,0.998258117,1.000889517,1.022208117,1.000898875,1.024128057
1.010012433,1.011580429,1.008084574,0.998475833,1.000889517,1.021882949,1.000674148,1.023337594
1.010467967,1.01198703,1.008183576,0.997822704,1.000667129,1.021666212,1.000674148,1.022945566
1.010012433,1.012139541,1.008183576,0.997605005,1.000444747,1.021557856,1.000674148,1.022381981
1.010316118,1.012241226,1.008282587,0.996951944,1.000444747,1.021395337,1.000898875,1.02176476
1.009708764,1.012190382,1.00823308,0.996734269,1.000222371,1.021178676,1.001123609,1.021205304
1.009860596,1.012393769,1.008332097,0.996734269,1,1.020962047,1.001573093,1.020698228
1.010316118,1.012393769,1.008579681,0.997169626,1,1.020745452,1.002022601,1.020142968
1.010771676,1.012800648,1.00848064,0.997387313,1.000222371,1.02052889,1.001797844,1.019813269
1.011227272,1.013105897,1.008332097,0.997169626,1.000222371,1.020312362,1.002247364,1.019421699
1.011075402,1.013207665,1.008035077,0.996734269,1,1.020149988,1.002022601,1.019314157
1.010771676,1.01315678,1.00763919,0.996516599,0.999777635,1.020041749,1.001797844,1.018868893
1.010771676,1.01274978,1.007194007,0.995645976,0.999555276,1.020149988,1.001573093,1.018490402
1.010771676,1.012393769,1.006798456,0.995645976,0.998888234,1.020312362,1.001573093,1.017996478
1.010619819,1.011885367,1.00660074,0.995863623,0.998221245,1.020366491,1.001573093,1.017772076
1.010467967,1.011377181,1.00635365,0.995863623,0.997776614,1.020420622,1.001573093,1.017669246
1.010619819,1.010919998,1.006007828,0.995210698,0.997332006,1.020474755,1.001797844,1.017449443
1.010012433,1.010209175,1.005760886,0.995863623,0.997109711,1.020366491,1.001797844,1.017121537
1.010012433,1.01005691,1.005711505,0.996516599,0.997332006,1.019987632,1.002472133,1.016796756
1.010012433,1.009904666,1.005662127,0.995645976,0.997554307,1.019608876,1.002022601,1.016573958
1.010467967,1.009853922,1.005415272,0.995645976,0.997332006,1.019284308,1.001797844,1.016181791
1.010012433,1.009448048,1.005316547,0.995428334,0.996665138,1.018959816,1.001123609,1.01601541
1.009556936,1.009093022,1.005119127,0.995863623,0.997332006,1.018689463,1.000898875,1.015804919
1.008949663,1.008433969,1.004971087,0.996081276,0.997332006,1.018257007,1.000674148,1.015470045
1.009253291,1.007876593,1.004872407,0.996516599,0.997554307,1.017878717,1.001123609,1.015096234
1.008797856,1.007167584,1.004625748,0.997169626,0.997776614,1.01755455,1.001123609,1.014714096
1.008949663,1.006712015,1.004576424,0.997822704,0.998221245,1.01733848,1.001123609,1.014382471
1.008646052,1.006104861,1.004379152,0.997822704,0.998221245,1.01717645,1.000674148,1.014113639
1.008038878,1.005447461,1.003984725,0.998040408,0.997998926,1.017014438,1.00022471,1.013896889
1.006976481,1.004891483,1.00378757,0.997822704,0.997109711,1.01669047,1.000674148,1.013452353
1.00652123,1.004335765,1.00363973,0.998258117,0.997776614,1.016366577,1.00022471,1.013005361
1.006824727,1.003830792,1.003590455,0.998911281,0.998443569,1.016042759,1.000898875,1.012455012
1.00743177,1.003679342,1.003689008,0.999782245,0.999555276,1.015665066,1.002022601,1.012401285
1.007887095,1.003679342,1.00378757,1,0.999777635,1.015017828,1.002022601,1.012242378
1.007735316,1.003679342,1.003836855,1.000435527,1.000222371,1.01442479,1.001797844,1.011962216
1.007735316,1.004032755,1.003935432,1.000871078,1.000667129,1.013454904,1.001348348,1.01153544
1.008038878,1.004285258,1.004083317,1.000871078,1.001111911,1.012593347,1.001797844,1.010937692
1.007735316,1.004537814,1.00428053,1.001088861,1.001111911,1.011678523,1.002247364,1.010548331
1.008797856,1.005144168,1.004428466,1.001306651,1.001556715,1.010979355,1.002696907,1.010492397
1.008494252,1.005144168,1.00428053,1.000435527,1.001111911,1.01049552,1.002022601,1.010325537
1.008342457,1.005194711,1.004231223,1.001306651,1.001111911,1.010065585,1.001797844,1.010109258
1.007887095,1.004891483,1.004132616,1.001306651,1.00133431,1.009958122,1.002022601,1.00972379
1.007583541,1.004588331,1.003984725,1.001960053,1.001779126,1.010011852,1.002696907,1.009451568
1.007735316,1.00413375,1.003984725,1.001742246,1.00133431,1.009958122,1.003146474,1.009121607
1.007735316,1.003982261,1.003935432,1.002395683,1.001111911,1.010173056,1.003371266,1.008792525
1.007583541,1.003931769,1.003984725,1.002395683,1.00133431,1.010280536,1.002921687,1.008569138
1.007583541,1.003881279,1.004083317,1.002613506,1.001779126,1.010334279,1.003820867,1.008419134
1.00743177,1.004285258,1.004428466,1.002177865,1.000889517,1.010280536,1.004270492,1.008363365
1.007735316,1.004588331,1.004724404,1.001524446,1.00133431,1.010280536,1.004270492,1.008052866
1.007887095,1.005043087,1.005069778,1.001088861,1.00133431,1.010334279,1.005169813,1.007885825
1.008494252,1.005447461,1.005464638,1.001088861,1.001111911,1.010441771,1.005619508,1.007886677
1.008190665,1.005750831,1.005760886,1.001306651,1.001111911,1.01065678,1.005844365,1.00795243
1.008342457,1.006104861,1.005958435,1.001960053,1.000444747,1.010818058,1.005169813,1.007899041
1.008342457,1.006357804,1.006205426,1.001524446,1,1.010925587,1.004270492,1.007742429
1.008646052,1.006661407,1.006403063,1.001306651,0.999777635,1.011086896,1.004045677,1.00746543
1.008797856,1.006965087,1.006798456,1.001742246,0.999777635,1.01114067,1.004045677,1.007356774
1.009253291,1.007066331,1.007144554,1.001524446,1,1.011570936,1.004495314,1.007474178
1.009101475,1.007167584,1.007441306,1.001742246,1,1.011947527,1.004045677,1.007643953
1.009556936,1.007268845,1.00763919,1.002177865,1.000444747,1.01248569,1.003596063,1.007815284
1.009253291,1.007218213,1.007738147,1.002395683,1.001111911,1.012647179,1.003146474,1.007761658
1.008949663,1.007116956,1.007886601,1.00304917,1.00133431,1.012970213,1.003596063,1.007879102
1.008949663,1.006965087,1.007936091,1.002831335,1.001556715,1.013185611,1.003371266,1.007836992
1.009253291,1.007167584,1.008035077,1.00304917,1.00133431,1.013131758,1.003146474,1.008015186
1.009708764,1.007522036,1.008134074,1.002831335,1.001556715,1.012862527,1.003146474,1.008016746
1.010012433,1.007927253,1.00823308,1.002831335,1.00133431,1.012647179,1.002472133,1.007962127
1.010164273,1.008484652,1.00848064,1.001960053,1.00133431,1.0122704,1.002247364,1.008041697
1.010012433,1.008940901,1.008629205,1.001960053,1.00133431,1.012001334,1.002921687,1.008236949
1.010164273,1.009498775,1.008777793,1.001960053,1.001111911,1.01173232,1.002022601,1.008185568
1.010164273,1.009448048,1.008579681,1.001960053,1.001556715,1.011463357,1.001797844,1.008130959
1.009860596,1.009549504,1.008431123,1.002613506,1.000889517,1.011194446,1.001573093,1.00819885
1.009860596,1.009650968,1.008332097,1.002613506,1.000444747,1.010871822,1.000449426,1.008043985
1.009860596,1.009397324,1.008134074,1.002831335,1.000889517,1.010871822,1.000674148,1.008051285
1.010164273,1.009295881,1.007837114,1.002395683,0.999777635,1.010871822,1.00022471,1.008056783
1.010012433,1.009042313,1.007540243,1.001960053,1.000444747,1.010871822,1.00022471,1.008112932
1.009708764,1.008839497,1.007243462,1.002177865,1.000444747,1.010979355,1.000674148,1.008005615
1.008949663,1.008738102,1.007045657,1.002831335,1.000667129,1.010979355,1.000449426,1.008026153
1.008797856,1.008687408,1.006699593,1.002613506,1.000889517,1.011033125,1.000449426,1.007916858
1.008646052,1.008738102,1.00660074,1.002395683,1.000444747,1.011033125,1.000674148,1.007927414
1.008797856,1.008940901,1.006749023,1.002395683,1.000667129,1.011409571,1.000898875,1.008050368
1.008646052,1.009093022,1.006946769,1.001524446,1,1.011624729,1.000449426,1.007939386
1.008949663,1.009346601,1.007194007,1.001088861,0.999555276,1.012108954,1.00022471,1.007884594
1.009101475,1.009701703,1.007490774,1.0006533,0.999777635,1.01248569,1.000449426,1.007791928
1.008949663,1.01005691,1.007738147,1.000871078,0.999332923,1.012970213,1.000449426,1.007858221
1.008797856,1.010615308,1.008183576,1.001088861,0.999555276,1.013616505,1.001123609,1.008030302
1.008949663,1.011275569,1.008975944,1.001960053,1,1.014478692,1.000898875,1.008201297
1.008646052,1.011834538,1.009570636,1.002177865,1.000222371,1.015395347,1.001573093,1.008537995
1.008949663,1.012190382,1.010165686,1.00304917,1.000667129,1.016366577,1.002022601,1.008819003
1.009405111,1.012546332,1.010711462,1.00304917,1,1.01717645,1.002022601,1.00889661