point,voltage1,voltage2,sensor1,sensor2,rawSensor1,rawSensor2,dacVoltage,pulse,waveType,gasType,ppm,timestamp
72,3.09413,0.588,24753,4704,24753,4704,3.3,255,0,CleanAir,0.0,2026-09-18 22:40:41
73,3.09525,0.588,24762,4704,24762,4704,3.3,255,0,CleanAir,0.0,2026-09-18 22:40:41
75,3.09675,0.58313,24774,4665,24774,4665,3.3,255,0,CleanAir,0.0,2026-09-18 22:40:42
72,3.1275,0.58738,25020,4699,25020,4699,3.3,255,0,CleanAir,0.0,2026-09-18 22:43:55
73,3.1575,0.58763,25260,4701,25260,4701,3.3,255,0,CleanAir,0.0,2026-09-18 22:43:55
74,3.12875,0.5875,25030,4700,25030,4700,3.3,255,0,CleanAir,0.0,2026-09-18 22:43:55
75,3.15825,0.5875,25266,4700,25266,4700,3.3,255,0,CleanAir,0.0,2026-09-18 22:43:56
76,3.1315,0.58813,25052,4705,25052,4705,3.3,255,0,CleanAir,0.0,2026-09-18 22:43:56
77,3.13263,0.588,25061,4704,25061,4704,3.3,255,0,CleanAir,0.0,2026-09-18 22:43:57
78,3.16325,0.58738,25306,4699,25306,4699,3.3,255,0,CleanAir,0.0,2026-09-18 22:43:57
79,3.1365,0.5845,25092,4676,25092,4676,3.3,255,0,CleanAir,0.0,2026-09-18 22:43:57
80,3.16538,0.58763,25323,4701,25323,4701,3.3,255,0,CleanAir,0.0,2026-09-18 22:43:58
81,3.16563,0.58813,25325,4705,25325,4705,3.3,255,0,CleanAir,0.0,2026-09-18 22:43:58
82,3.1665,0.58775,25332,4702,25332,4702,3.3,255,0,CleanAir,0.0,2026-09-18 22:43:59
83,3.13813,0.58788,25105,4703,25105,4703,3.3,255,0,CleanAir,0.0,2026-09-18 22:43:59
84,3.16213,0.58313,25297,4665,25297,4665,3.3,255,0,CleanAir,0.0,2026-09-18 22:43:59
85,3.14013,0.584,25121,4672,25121,4672,3.3,255,0,CleanAir,0.0,2026-09-18 22:44:00
86,3.16988,0.584,25359,4672,25359,4672,3.3,255,0,CleanAir,0.0,2026-09-18 22:44:00
87,3.17088,0.58413,25367,4673,25367,4673,3.3,255,0,CleanAir,0.0,2026-09-18 22:44:00
88,3.17413,0.58475,25393,4678,25393,4678,3.3,255,0,CleanAir,0.0,2026-09-18 22:44:01
89,3.17488,0.588,25399,4704,25399,4704,3.3,255,0,CleanAir,0.0,2026-09-18 22:44:01
90,3.14688,0.58788,25175,4703,25175,4703,3.3,255,0,CleanAir,0.0,2026-09-18 22:44:01
91,3.17638,0.588,25411,4704,25411,4704,3.3,255,0,CleanAir,0.0,2026-09-18 22:44:02
92,3.1475,0.58675,25180,4694,25180,4694,3.3,255,0,CleanAir,0.0,2026-09-18 22:44:02
93,3.17675,0.58713,25414,4697,25414,4697,3.3,255,0,CleanAir,0.0,2026-09-18 22:44:03
94,3.17338,0.58775,25387,4702,25387,4702,3.3,255,0,CleanAir,0.0,2026-09-18 22:44:03
95,3.17813,0.587,25425,4696,25425,4696,3.3,255,0,CleanAir,0.0,2026-09-18 22:44:03
96,3.17913,0.58637,25433,4691,25433,4691,3.3,255,0,CleanAir,0.0,2026-09-18 22:44:04
97,3.17913,0.58563,25433,4685,25433,4685,3.3,255,0,CleanAir,0.0,2026-09-18 22:44:04
98,3.17963,0.58488,25437,4679,25437,4679,3.3,255,0,CleanAir,0.0,2026-09-18 22:44:04
99,3.18075,0.58325,25446,4666,25446,4666,3.3,255,0,CleanAir,0.0,2026-09-18 22:44:05
100,3.18063,0.58313,25445,4665,25445,4665,3.3,255,0,CleanAir,0.0,2026-09-18 22:44:05
101,3.15125,0.58413,25210,4673,25210,4673,3.3,255,0,CleanAir,0.0,2026-09-18 22:44:05
102,3.18063,0.58313,25445,4665,25445,4665,3.3,255,0,CleanAir,0.0,2026-09-18 22:44:06
103,3.15175,0.58488,25214,4679,25214,4679,3.3,255,0,CleanAir,0.0,2026-09-18 22:44:06
104,3.1815,0.58475,25452,4678,25452,4678,3.3,255,0,CleanAir,0.0,2026-09-18 22:44:06
105,3.17588,0.58625,25407,4690,25407,4690,3.3,255,0,CleanAir,0.0,2026-09-18 22:44:07
106,3.18163,0.58725,25453,4698,25453,4698,3.3,255,0,CleanAir,0.0,2026-09-18 22:44:07
107,3.17613,0.5875,25409,4700,25409,4700,3.3,255,0,CleanAir,0.0,2026-09-18 22:44:08
108,3.183,0.587,25464,4696,25464,4696,3.3,255,0,CleanAir,0.0,2026-09-18 22:44:08
109,3.17175,0.58663,25374,4693,25374,4693,3.3,255,0,CleanAir,0.0,2026-09-18 22:44:08
110,3.15288,0.58788,25223,4703,25223,4703,3.3,255,0,CleanAir,0.0,2026-09-18 22:44:09
111,3.18225,0.58538,25458,4683,25458,4683,3.3,255,0,CleanAir,0.0,2026-09-18 22:44:09
112,3.18288,0.58338,25463,4667,25463,4667,3.3,255,0,CleanAir,0.0,2026-09-18 22:44:09
113,3.18325,0.58413,25466,4673,25466,4673,3.3,255,0,CleanAir,0.0,2026-09-18 22:44:10
114,3.18325,0.585,25466,4680,25466,4680,3.3,255,0,CleanAir,0.0,2026-09-18 22:44:10
115,3.18413,0.58425,25473,4674,25473,4674,3.3,255,0,CleanAir,0.0,2026-09-18 22:44:11
116,3.17675,0.586,25414,4688,25414,4688,3.3,255,0,CleanAir,0.0,2026-09-18 22:44:11
117,3.18375,0.587,25470,4696,25470,4696,3.3,255,0,CleanAir,0.0,2026-09-18 22:44:12
118,3.18488,0.58637,25479,4691,25479,4691,3.3,255,0,CleanAir,0.0,2026-09-18 22:44:12
119,3.18425,0.58825,25474,4706,25474,4706,3.3,255,0,CleanAir,0.0,2026-09-18 22:44:12
120,3.18463,0.58438,25477,4675,25477,4675,3.3,255,0,CleanAir,0.0,2026-09-18 22:44:13
121,3.18438,0.58513,25475,4681,25475,4681,3.3,255,0,CleanAir,0.0,2026-09-18 22:44:13
122,3.1845,0.58425,25476,4674,25476,4674,3.3,255,0,CleanAir,0.0,2026-09-18 22:44:14
123,3.1845,0.5855,25476,4684,25476,4684,3.3,255,0,CleanAir,0.0,2026-09-18 22:44:14
125,3.38138,0.58413,27051,4673,27051,4673,0.0,0,0,CleanAir,0.0,2026-09-18 22:44:15
126,3.36388,0.58188,26911,4655,26911,4655,0.0,0,0,CleanAir,0.0,2026-09-18 22:44:15
127,3.31113,0.5805,26489,4644,26489,4644,0.0,0,0,CleanAir,0.0,2026-09-18 22:44:15
128,3.30025,0.57875,26402,4630,26402,4630,0.0,0,0,CleanAir,0.0,2026-09-18 22:44:16
129,3.29513,0.57963,26361,4637,26361,4637,0.0,0,0,CleanAir,0.0,2026-09-18 22:44:16
130,3.2725,0.5825,26180,4660,26180,4660,0.0,0,0,CleanAir,0.0,2026-09-18 22:44:17
131,3.25138,0.58113,26011,4649,26011,4649,0.0,0,0,CleanAir,0.0,2026-09-18 22:44:17
132,3.231,0.58288,25848,4663,25848,4663,0.0,0,0,CleanAir,0.0,2026-09-18 22:44:17
133,3.20963,0.58213,25677,4657,25677,4657,0.0,0,0,CleanAir,0.0,2026-09-18 22:44:18
134,3.16075,0.58213,25286,4657,25286,4657,0.0,0,0,CleanAir,0.0,2026-09-18 22:44:18
135,3.17013,0.58125,25361,4650,25361,4650,0.0,0,0,CleanAir,0.0,2026-09-18 22:44:19
136,3.1515,0.58025,25212,4642,25212,4642,0.0,0,0,CleanAir,0.0,2026-09-18 22:44:19
137,3.13388,0.58063,25071,4645,25071,4645,0.0,0,0,CleanAir,0.0,2026-09-18 22:44:19
138,3.11625,0.58225,24930,4658,24930,4658,0.0,0,0,CleanAir,0.0,2026-09-18 22:44:20
140,3.08,0.58263,24640,4661,24640,4661,0.0,0,0,CleanAir,0.0,2026-09-18 22:44:20
141,3.06663,0.58238,24533,4659,24533,4659,0.0,0,0,CleanAir,0.0,2026-09-18 22:44:20
142,3.04613,0.57938,24369,4635,24369,4635,0.0,0,0,CleanAir,0.0,2026-09-18 22:44:21
143,3.03663,0.58088,24293,4647,24293,4647,0.0,0,0,CleanAir,0.0,2026-09-18 22:44:21
144,3.00725,0.58075,24058,4646,24058,4646,0.0,0,0,CleanAir,0.0,2026-09-18 22:44:22
146,2.96738,0.5805,23739,4644,23739,4644,0.0,0,0,CleanAir,0.0,2026-09-18 22:44:22
147,2.97863,0.58313,23829,4665,23829,4665,0.0,0,0,CleanAir,0.0,2026-09-18 22:44:23
148,2.93825,0.58288,23506,4663,23506,4663,0.0,0,0,CleanAir,0.0,2026-09-18 22:44:23
149,2.95388,0.57975,23631,4638,23631,4638,0.0,0,0,CleanAir,0.0,2026-09-18 22:44:23
150,2.94125,0.58388,23530,4671,23530,4671,0.0,0,0,CleanAir,0.0,2026-09-18 22:44:24
152,2.88625,0.5835,23090,4668,23090,4668,0.0,0,0,CleanAir,0.0,2026-09-18 22:44:25
153,2.90163,0.58288,23213,4663,23213,4663,0.0,0,0,CleanAir,0.0,2026-09-18 22:44:25
154,2.86513,0.58363,22921,4669,22921,4669,0.0,0,0,CleanAir,0.0,2026-09-18 22:44:25
155,2.88113,0.58375,23049,4670,23049,4670,0.0,0,0,CleanAir,0.0,2026-09-18 22:44:26
156,2.87013,0.58063,22961,4645,22961,4645,0.0,0,0,CleanAir,0.0,2026-09-18 22:44:26
157,2.85413,0.58025,22833,4642,22833,4642,0.0,0,0,CleanAir,0.0,2026-09-18 22:44:27
158,2.8435,0.5835,22748,4668,22748,4668,0.0,0,0,CleanAir,0.0,2026-09-18 22:44:27
159,2.83125,0.581,22650,4648,22650,4648,0.0,0,0,CleanAir,0.0,2026-09-18 22:44:28
160,2.826,0.57913,22608,4633,22608,4633,0.0,0,0,CleanAir,0.0,2026-09-18 22:44:28
162,2.78413,0.57913,22273,4633,22273,4633,0.0,0,0,CleanAir,0.0,2026-09-18 22:44:29
163,2.80263,0.57963,22421,4637,22421,4637,0.0,0,0,CleanAir,0.0,2026-09-18 22:44:29
164,2.7925,0.581,22340,4648,22340,4648,0.0,0,0,CleanAir,0.0,2026-09-18 22:44:30
166,2.77725,0.57963,22218,4637,22218,4637,0.0,0,0,CleanAir,0.0,2026-09-18 22:44:30
167,2.7455,0.58063,21964,4645,21964,4645,0.0,0,0,CleanAir,0.0,2026-09-18 22:44:31
168,2.76525,0.58013,22122,4641,22122,4641,0.0,0,0,CleanAir,0.0,2026-09-18 22:44:31
169,2.75625,0.58263,22050,4661,22050,4661,0.0,0,0,CleanAir,0.0,2026-09-18 22:44:31
170,2.74388,0.57963,21951,4637,21951,4637,0.0,0,0,CleanAir,0.0,2026-09-18 22:44:32
171,2.74388,0.5825,21951,4660,21951,4660,0.0,0,0,CleanAir,0.0,2026-09-18 22:44:32
172,2.73675,0.58113,21894,4649,21894,4649,0.0,0,0,CleanAir,0.0,2026-09-18 22:44:33
173,2.70625,0.57913,21650,4633,21650,4633,0.0,0,0,CleanAir,0.0,2026-09-18 22:44:33
174,2.69913,0.57875,21593,4630,21593,4630,0.0,0,0,CleanAir,0.0,2026-09-18 22:44:34
176,2.68988,0.57875,21519,4630,21519,4630,0.0,0,0,CleanAir,0.0,2026-09-18 22:44:34
177,2.71013,0.58188,21681,4655,21681,4655,0.0,0,0,CleanAir,0.0,2026-09-18 22:44:35
178,2.6815,0.58363,21452,4669,21452,4669,0.0,0,0,CleanAir,0.0,2026-09-18 22:44:35
179,2.70175,0.58313,21614,4665,21614,4665,0.0,0,0,CleanAir,0.0,2026-09-18 22:44:35
180,2.674,0.58213,21392,4657,21392,4657,0.0,0,0,CleanAir,0.0,2026-09-18 22:44:36
181,2.69425,0.58375,21554,4670,21554,4670,0.0,0,0,CleanAir,0.0,2026-09-18 22:44:36
182,2.68963,0.58013,21517,4641,21517,4641,0.0,0,0,CleanAir,0.0,2026-09-18 22:44:37
184,2.66763,0.58088,21341,4647,21341,4647,0.0,0,0,CleanAir,0.0,2026-09-18 22:44:37
185,2.67613,0.57988,21409,4639,21409,4639,0.0,0,0,CleanAir,0.0,2026-09-18 22:44:38
186,2.6725,0.58025,21380,4642,21380,4642,0.0,0,0,CleanAir,0.0,2026-09-18 22:44:39
187,2.66788,0.57938,21343,4635,21343,4635,0.0,0,0,CleanAir,0.0,2026-09-18 22:44:39
188,2.664,0.57838,21312,4627,21312,4627,0.0,0,0,CleanAir,0.0,2026-09-18 22:44:39
189,2.661,0.58325,21288,4666,21288,4666,0.0,0,0,CleanAir,0.0,2026-09-18 22:44:40
190,2.63588,0.58375,21087,4670,21087,4670,0.0,0,0,CleanAir,0.0,2026-09-18 22:44:40
191,2.65575,0.58313,21246,4665,21246,4665,0.0,0,0,CleanAir,0.0,2026-09-18 22:44:41
192,2.6535,0.57888,21228,4631,21228,4631,0.0,0,0,CleanAir,0.0,2026-09-18 22:44:41
193,2.64988,0.58338,21199,4667,21199,4667,0.0,0,0,CleanAir,0.0,2026-09-18 22:44:42
194,2.64775,0.57963,21182,4637,21182,4637,0.0,0,0,CleanAir,0.0,2026-09-18 22:44:42
195,2.64488,0.583,21159,4664,21159,4664,0.0,0,0,CleanAir,0.0,2026-09-18 22:44:43
196,2.64313,0.58163,21145,4653,21145,4653,0.0,0,0,CleanAir,0.0,2026-09-18 22:44:43
197,2.641,0.57938,21128,4635,21128,4635,0.0,0,0,CleanAir,0.0,2026-09-18 22:44:43
198,2.63838,0.583,21107,4664,21107,4664,0.0,0,0,CleanAir,0.0,2026-09-18 22:44:44
199,2.63538,0.57913,21083,4633,21083,4633,0.0,0,0,CleanAir,0.0,2026-09-18 22:44:44
200,2.622,0.58275,20976,4662,20976,4662,0.0,0,0,CleanAir,0.0,2026-09-18 22:44:45
201,2.63238,0.57913,21059,4633,21059,4633,0.0,0,0,CleanAir,0.0,2026-09-18 22:44:45
203,2.62875,0.58275,21030,4662,21030,4662,0.0,0,0,CleanAir,0.0,2026-09-18 22:44:46
204,2.6275,0.58213,21020,4657,21020,4657,0.0,0,0,CleanAir,0.0,2026-09-18 22:44:46
205,2.6025,0.57888,20820,4631,20820,4631,0.0,0,0,CleanAir,0.0,2026-09-18 22:44:46
206,2.62538,0.58125,21003,4650,21003,4650,0.0,0,0,CleanAir,0.0,2026-09-18 22:44:47
207,2.6005,0.58125,20804,4650,20804,4650,0.0,0,0,CleanAir,0.0,2026-09-18 22:44:47
208,2.62388,0.58175,20991,4654,20991,4654,0.0,0,0,CleanAir,0.0,2026-09-18 22:44:48
209,2.59725,0.58013,20778,4641,20778,4641,0.0,0,0,CleanAir,0.0,2026-09-18 22:44:48
210,2.61988,0.58075,20959,4646,20959,4646,0.0,0,0,CleanAir,0.0,2026-09-18 22:44:48
211,2.59563,0.57888,20765,4631,20765,4631,0.0,0,0,CleanAir,0.0,2026-09-18 22:44:49
212,2.59575,0.58263,20766,4661,20766,4661,0.0,0,0,CleanAir,0.0,2026-09-18 22:44:49
213,2.61813,0.57875,20945,4630,20945,4630,0.0,0,0,CleanAir,0.0,2026-09-18 22:44:50
214,2.61288,0.57975,20903,4638,20903,4638,0.0,0,0,CleanAir,0.0,2026-09-18 22:44:50
215,2.5925,0.57925,20740,4634,20740,4634,0.0,0,0,CleanAir,0.0,2026-09-18 22:44:50
216,2.61438,0.582,20915,4656,20915,4656,0.0,0,0,CleanAir,0.0,2026-09-18 22:44:51
217,2.61313,0.58175,20905,4654,20905,4654,0.0,0,0,CleanAir,0.0,2026-09-18 22:44:52
218,2.58938,0.5825,20715,4660,20715,4660,0.0,0,0,CleanAir,0.0,2026-09-18 22:44:52
219,2.6125,0.57938,20900,4635,20900,4635,0.0,0,0,CleanAir,0.0,2026-09-18 22:44:52
220,2.61063,0.58263,20885,4661,20885,4661,0.0,0,0,CleanAir,0.0,2026-09-18 22:44:53
221,2.58663,0.583,20693,4664,20693,4664,0.0,0,0,CleanAir,0.0,2026-09-18 22:44:53
222,2.6085,0.58363,20868,4669,20868,4669,0.0,0,0,CleanAir,0.0,2026-09-18 22:44:54
223,2.58663,0.58025,20693,4642,20693,4642,0.0,0,0,CleanAir,0.0,2026-09-18 22:44:54
225,2.60663,0.5835,20853,4668,20853,4668,0.0,0,0,CleanAir,0.0,2026-09-18 22:44:55
226,2.60563,0.5835,20845,4668,20845,4668,0.0,0,0,CleanAir,0.0,2026-09-18 22:44:56
227,2.59988,0.57963,20799,4637,20799,4637,0.0,0,0,CleanAir,0.0,2026-09-18 22:44:56
228,2.60375,0.579,20830,4632,20830,4632,0.0,0,0,CleanAir,0.0,2026-09-18 22:44:57
229,2.60338,0.58275,20827,4662,20827,4662,0.0,0,0,CleanAir,0.0,2026-09-18 22:44:58
230,2.60375,0.583,20830,4664,20830,4664,0.0,0,0,CleanAir,0.0,2026-09-18 22:44:58
231,2.598,0.58325,20784,4666,20784,4666,0.0,0,0,CleanAir,0.0,2026-09-18 22:44:58
232,2.6035,0.57963,20828,4637,20828,4637,0.0,0,0,CleanAir,0.0,2026-09-18 22:44:59
233,2.57838,0.58188,20627,4655,20627,4655,0.0,0,0,CleanAir,0.0,2026-09-18 22:44:59
234,2.6015,0.582,20812,4656,20812,4656,0.0,0,0,CleanAir,0.0,2026-09-18 22:45:00
235,2.57788,0.58375,20623,4670,20623,4670,0.0,0,0,CleanAir,0.0,2026-09-18 22:45:00
236,2.60038,0.58338,20803,4667,20803,4667,0.0,0,0,CleanAir,0.0,2026-09-18 22:45:01
237,2.57675,0.5835,20614,4668,20614,4668,0.0,0,0,CleanAir,0.0,2026-09-18 22:45:01
238,2.60038,0.58363,20803,4669,20803,4669,0.0,0,0,CleanAir,0.0,2026-09-18 22:45:01
239,2.57688,0.58088,20615,4647,20615,4647,0.0,0,0,CleanAir,0.0,2026-09-18 22:45:02
240,2.59963,0.58338,20797,4667,20797,4667,0.0,0,0,CleanAir,0.0,2026-09-18 22:45:02
241,2.576,0.57863,20608,4629,20608,4629,0.0,0,0,CleanAir,0.0,2026-09-18 22:45:03
242,2.57788,0.58238,20623,4659,20623,4659,0.0,0,0,CleanAir,0.0,2026-09-18 22:45:03
243,2.59975,0.583,20798,4664,20798,4664,0.0,0,0,CleanAir,0.0,2026-09-18 22:45:04
244,2.575,0.58163,20600,4653,20600,4653,0.0,0,0,CleanAir,0.0,2026-09-18 22:45:04
245,2.59938,0.579,20795,4632,20795,4632,0.0,0,0,CleanAir,0.0,2026-09-18 22:45:04
246,2.5985,0.57938,20788,4635,20788,4635,0.0,0,0,CleanAir,0.0,2026-09-18 22:45:05
248,2.57525,0.5795,20602,4636,20602,4636,0.0,0,0,CleanAir,0.0,2026-09-18 22:45:05
249,2.5745,0.58113,20596,4649,20596,4649,0.0,0,0,CleanAir,0.0,2026-09-18 22:45:06
0,2.4735,0.5835,19788,4668,19788,4668,3.3,255,0,CleanAir,0.0,2026-09-18 22:45:07
1,2.51563,0.58513,20125,4681,20125,4681,3.3,255,0,CleanAir,0.0,2026-09-18 22:45:07
2,2.56375,0.58563,20510,4685,20510,4685,3.3,255,0,CleanAir,0.0,2026-09-18 22:45:07
3,2.61675,0.58413,20934,4673,20934,4673,3.3,255,0,CleanAir,0.0,2026-09-18 22:45:08
4,2.63713,0.58425,21097,4674,21097,4674,3.3,255,0,CleanAir,0.0,2026-09-18 22:45:09
5,2.67163,0.58425,21373,4674,21373,4674,3.3,255,0,CleanAir,0.0,2026-09-18 22:45:09
6,2.69863,0.58375,21589,4670,21589,4670,3.3,255,0,CleanAir,0.0,2026-09-18 22:45:09
7,2.7055,0.585,21644,4680,21644,4680,3.3,255,0,CleanAir,0.0,2026-09-18 22:45:10
8,2.75988,0.58438,22079,4675,22079,4675,3.3,255,0,CleanAir,0.0,2026-09-18 22:45:10
9,2.78088,0.58413,22247,4673,22247,4673,3.3,255,0,CleanAir,0.0,2026-09-18 22:45:11
10,2.80575,0.58363,22446,4669,22446,4669,3.3,255,0,CleanAir,0.0,2026-09-18 22:45:11
11,2.83813,0.58438,22705,4675,22705,4675,3.3,255,0,CleanAir,0.0,2026-09-18 22:45:12
12,2.82838,0.58575,22627,4686,22627,4686,3.3,255,0,CleanAir,0.0,2026-09-18 22:45:12
13,2.845,0.58463,22760,4677,22760,4677,3.3,255,0,CleanAir,0.0,2026-09-18 22:45:13
14,2.86013,0.58363,22881,4669,22881,4669,3.3,255,0,CleanAir,0.0,2026-09-18 22:45:13
15,2.90175,0.58463,23214,4677,23214,4677,3.3,255,0,CleanAir,0.0,2026-09-18 22:45:13
16,2.92163,0.58663,23373,4693,23373,4693,3.3,255,0,CleanAir,0.0,2026-09-18 22:45:14
17,2.93463,0.5855,23477,4684,23477,4684,3.3,255,0,CleanAir,0.0,2026-09-18 22:45:14
18,2.9465,0.58725,23572,4698,23572,4698,3.3,255,0,CleanAir,0.0,2026-09-18 22:45:14
19,2.9595,0.58413,23676,4673,23676,4673,3.3,255,0,CleanAir,0.0,2026-09-18 22:45:15
20,2.97025,0.5845,23762,4676,23762,4676,3.3,255,0,CleanAir,0.0,2026-09-18 22:45:15
21,2.98538,0.5845,23883,4676,23883,4676,3.3,255,0,CleanAir,0.0,2026-09-18 22:45:16
22,2.9685,0.58388,23748,4671,23748,4671,3.3,255,0,CleanAir,0.0,2026-09-18 22:45:16
23,3.0075,0.5825,24060,4660,24060,4660,3.3,255,0,CleanAir,0.0,2026-09-18 22:45:16
24,2.98888,0.586,23911,4688,23911,4688,3.3,255,0,CleanAir,0.0,2026-09-18 22:45:17
25,3.02538,0.58388,24203,4671,24203,4671,3.3,255,0,CleanAir,0.0,2026-09-18 22:45:17
26,3.00525,0.58438,24042,4675,24042,4675,3.3,255,0,CleanAir,0.0,2026-09-18 22:45:18
27,3.04075,0.58763,24326,4701,24326,4701,3.3,255,0,CleanAir,0.0,2026-09-18 22:45:18
28,3.02075,0.58463,24166,4677,24166,4677,3.3,255,0,CleanAir,0.0,2026-09-18 22:45:18
29,3.056,0.58438,24448,4675,24448,4675,3.3,255,0,CleanAir,0.0,2026-09-18 22:45:19
31,3.06963,0.58525,24557,4682,24557,4682,3.3,255,0,CleanAir,0.0,2026-09-18 22:45:19
32,3.04763,0.58475,24381,4678,24381,4678,3.3,255,0,CleanAir,0.0,2026-09-18 22:45:20
33,3.05263,0.58725,24421,4698,24421,4698,3.3,255,0,CleanAir,0.0,2026-09-18 22:45:20
34,3.058,0.5875,24464,4700,24464,4700,3.3,255,0,CleanAir,0.0,2026-09-18 22:45:20
35,3.09175,0.5875,24734,4700,24734,4700,3.3,255,0,CleanAir,0.0,2026-09-18 22:45:21
36,3.0695,0.58663,24556,4693,24556,4693,3.3,255,0,CleanAir,0.0,2026-09-18 22:45:21
37,3.0765,0.58438,24612,4675,24612,4675,3.3,255,0,CleanAir,0.0,2026-09-18 22:45:22
38,3.08038,0.58275,24643,4662,24643,4662,3.3,255,0,CleanAir,0.0,2026-09-18 22:45:22
39,3.11413,0.58488,24913,4679,24913,4679,3.3,255,0,CleanAir,0.0,2026-09-18 22:45:22
40,3.08938,0.58388,24715,4671,24715,4671,3.3,255,0,CleanAir,0.0,2026-09-18 22:45:23
41,3.12075,0.58763,24966,4701,24966,4701,3.3,255,0,CleanAir,0.0,2026-09-18 22:45:23
42,3.12625,0.5875,25010,4700,25010,4700,3.3,255,0,CleanAir,0.0,2026-09-18 22:45:24
43,3.13063,0.58675,25045,4694,25045,4694,3.3,255,0,CleanAir,0.0,2026-09-18 22:45:24
44,3.1365,0.58475,25092,4678,25092,4678,3.3,255,0,CleanAir,0.0,2026-09-18 22:45:25
45,3.11113,0.58463,24889,4677,24889,4677,3.3,255,0,CleanAir,0.0,2026-09-18 22:45:25
46,3.11313,0.58763,24905,4701,24905,4701,3.3,255,0,CleanAir,0.0,2026-09-18 22:45:26
48,3.1185,0.58388,24948,4671,24948,4671,3.3,255,0,CleanAir,0.0,2026-09-18 22:45:26
49,3.12188,0.58775,24975,4702,24975,4702,3.3,255,0,CleanAir,0.0,2026-09-18 22:45:27
51,3.15488,0.58775,25239,4702,25239,4702,3.3,255,0,CleanAir,0.0,2026-09-18 22:45:27
52,3.152,0.58713,25216,4697,25216,4697,3.3,255,0,CleanAir,0.0,2026-09-18 22:45:28
54,3.16175,0.5875,25294,4700,25294,4700,3.3,255,0,CleanAir,0.0,2026-09-18 22:45:29
56,3.13688,0.58388,25095,4671,25095,4671,3.3,255,0,CleanAir,0.0,2026-09-18 22:45:29
57,3.141,0.58363,25128,4669,25128,4669,3.3,255,0,CleanAir,0.0,2026-09-18 22:45:30
58,3.14075,0.58438,25126,4675,25126,4675,3.3,255,0,CleanAir,0.0,2026-09-18 22:45:31
59,3.17113,0.58775,25369,4702,25369,4702,3.3,255,0,CleanAir,0.0,2026-09-18 22:45:31
60,3.14313,0.58675,25145,4694,25145,4694,3.3,255,0,CleanAir,0.0,2026-09-18 22:45:32
61,3.175,0.586,25400,4688,25400,4688,3.3,255,0,CleanAir,0.0,2026-09-18 22:45:32
62,3.17575,0.58813,25406,4705,25406,4705,3.3,255,0,CleanAir,0.0,2026-09-18 22:45:32
63,3.17875,0.58438,25430,4675,25430,4675,3.3,255,0,CleanAir,0.0,2026-09-18 22:45:33
65,3.17988,0.58725,25439,4698,25439,4698,3.3,255,0,CleanAir,0.0,2026-09-18 22:45:34
66,3.18113,0.5875,25449,4700,25449,4700,3.3,255,0,CleanAir,0.0,2026-09-18 22:45:34
67,3.153,0.586,25224,4688,25224,4688,3.3,255,0,CleanAir,0.0,2026-09-18 22:45:35
68,3.1825,0.58475,25460,4678,25460,4678,3.3,255,0,CleanAir,0.0,2026-09-18 22:45:35
69,3.155,0.58363,25240,4669,25240,4669,3.3,255,0,CleanAir,0.0,2026-09-18 22:45:35
70,3.18513,0.58263,25481,4661,25481,4661,3.3,255,0,CleanAir,0.0,2026-09-18 22:45:36
71,3.18625,0.58463,25490,4677,25490,4677,3.3,255,0,CleanAir,0.0,2026-09-18 22:45:36
72,3.15763,0.58475,25261,4678,25261,4678,3.3,255,0,CleanAir,0.0,2026-09-18 22:45:37
73,3.18713,0.58725,25497,4698,25497,4698,3.3,255,0,CleanAir,0.0,2026-09-18 22:45:37
75,3.18863,0.58375,25509,4670,25509,4670,3.3,255,0,CleanAir,0.0,2026-09-18 22:45:38
76,3.15975,0.58438,25278,4675,25278,4675,3.3,255,0,CleanAir,0.0,2026-09-18 22:45:38
77,3.18025,0.58663,25442,4693,25442,4693,3.3,255,0,CleanAir,0.0,2026-09-18 22:45:38
78,3.16063,0.58263,25285,4661,25285,4661,3.3,255,0,CleanAir,0.0,2026-09-18 22:45:39
79,3.191,0.58475,25528,4678,25528,4678,3.3,255,0,CleanAir,0.0,2026-09-18 22:45:39
81,3.182,0.58613,25456,4689,25456,4689,3.3,255,0,CleanAir,0.0,2026-09-18 22:45:40
82,3.19238,0.58525,25539,4682,25539,4682,3.3,255,0,CleanAir,0.0,2026-09-18 22:45:40
83,3.16888,0.58775,25351,4702,25351,4702,3.3,255,0,CleanAir,0.0,2026-09-18 22:45:41
84,3.19338,0.5875,25547,4700,25547,4700,3.3,255,0,CleanAir,0.0,2026-09-18 22:45:41
85,3.1635,0.58388,25308,4671,25308,4671,3.3,255,0,CleanAir,0.0,2026-09-18 22:45:41
86,3.19488,0.58588,25559,4687,25559,4687,3.3,255,0,CleanAir,0.0,2026-09-18 22:45:42
87,3.19513,0.58488,25561,4679,25561,4679,3.3,255,0,CleanAir,0.0,2026-09-18 22:45:42
88,3.195,0.58575,25560,4686,25560,4686,3.3,255,0,CleanAir,0.0,2026-09-18 22:45:43
89,3.18975,0.58738,25518,4699,25518,4699,3.3,255,0,CleanAir,0.0,2026-09-18 22:45:43
90,3.19588,0.58438,25567,4675,25567,4675,3.3,255,0,CleanAir,0.0,2026-09-18 22:45:43
92,3.1965,0.585,25572,4680,25572,4680,3.3,255,0,CleanAir,0.0,2026-09-18 22:45:44
93,3.16613,0.58363,25329,4669,25329,4669,3.3,255,0,CleanAir,0.0,2026-09-18 22:45:44
94,3.1675,0.58438,25340,4675,25340,4675,3.3,255,0,CleanAir,0.0,2026-09-18 22:45:45
95,3.19738,0.58775,25579,4702,25579,4702,3.3,255,0,CleanAir,0.0,2026-09-18 22:45:46
96,3.16875,0.586,25350,4688,25350,4688,3.3,255,0,CleanAir,0.0,2026-09-18 22:45:46
97,3.19813,0.58413,25585,4673,25585,4673,3.3,255,0,CleanAir,0.0,2026-09-18 22:45:47
98,3.1975,0.58463,25580,4677,25580,4677,3.3,255,0,CleanAir,0.0,2026-09-18 22:45:47
99,3.16813,0.58688,25345,4695,25345,4695,3.3,255,0,CleanAir,0.0,2026-09-18 22:45:47
100,3.198,0.5875,25584,4700,25584,4700,3.3,255,0,CleanAir,0.0,2026-09-18 22:45:48
101,3.16825,0.5875,25346,4700,25346,4700,3.3,255,0,CleanAir,0.0,2026-09-18 22:45:48
102,3.19775,0.58637,25582,4691,25582,4691,3.3,255,0,CleanAir,0.0,2026-09-18 22:45:49
104,3.199,0.58788,25592,4703,25592,4703,3.3,255,0,CleanAir,0.0,2026-09-18 22:45:49
105,3.16988,0.58775,25359,4702,25359,4702,3.3,255,0,CleanAir,0.0,2026-09-18 22:45:50
106,3.19888,0.58775,25591,4702,25591,4702,3.3,255,0,CleanAir,0.0,2026-09-18 22:45:50
107,3.17163,0.58838,25373,4707,25373,4707,3.3,255,0,CleanAir,0.0,2026-09-18 22:45:51
108,3.19988,0.58413,25599,4673,25599,4673,3.3,255,0,CleanAir,0.0,2026-09-18 22:45:51
109,3.19925,0.58538,25594,4683,25594,4683,3.3,255,0,CleanAir,0.0,2026-09-18 22:45:52
110,3.19988,0.58338,25599,4667,25599,4667,3.3,255,0,CleanAir,0.0,2026-09-18 22:45:52
111,3.16975,0.58225,25358,4658,25358,4658,3.3,255,0,CleanAir,0.0,2026-09-18 22:45:53
113,3.17138,0.584,25371,4672,25371,4672,3.3,255,0,CleanAir,0.0,2026-09-18 22:45:53
114,3.2005,0.58425,25604,4674,25604,4674,3.3,255,0,CleanAir,0.0,2026-09-18 22:45:53
115,3.17175,0.58425,25374,4674,25374,4674,3.3,255,0,CleanAir,0.0,2026-09-18 22:45:54
117,3.17263,0.5865,25381,4692,25381,4692,3.3,255,0,CleanAir,0.0,2026-09-18 22:45:54
118,3.17125,0.58713,25370,4697,25370,4697,3.3,255,0,CleanAir,0.0,2026-09-18 22:45:55
119,3.20088,0.58538,25607,4683,25607,4683,3.3,255,0,CleanAir,0.0,2026-09-18 22:45:55
120,3.20113,0.584,25609,4672,25609,4672,3.3,255,0,CleanAir,0.0,2026-09-18 22:45:56
122,3.20188,0.58388,25615,4671,25615,4671,3.3,255,0,CleanAir,0.0,2026-09-18 22:45:57
123,3.19125,0.58413,25530,4673,25530,4673,3.3,255,0,CleanAir,0.0,2026-09-18 22:45:57
125,3.38388,0.5805,27071,4644,27071,4644,0.0,0,0,CleanAir,0.0,2026-09-18 22:45:58
127,3.3535,0.581,26828,4648,26828,4648,0.0,0,0,CleanAir,0.0,2026-09-18 22:45:58
128,3.30063,0.5815,26405,4652,26405,4652,0.0,0,0,CleanAir,0.0,2026-09-18 22:45:59
129,3.30738,0.57925,26459,4634,26459,4634,0.0,0,0,CleanAir,0.0,2026-09-18 22:45:59
131,3.25063,0.57988,26005,4639,26005,4639,0.0,0,0,CleanAir,0.0,2026-09-18 22:46:00
132,3.22388,0.5805,25791,4644,25791,4644,0.0,0,0,CleanAir,0.0,2026-09-18 22:46:01
135,3.14038,0.57963,25123,4637,25123,4637,0.0,0,0,CleanAir,0.0,2026-09-18 22:46:02
137,3.12413,0.57988,24993,4639,24993,4639,0.0,0,0,CleanAir,0.0,2026-09-18 22:46:02
138,3.07225,0.58375,24578,4670,24578,4670,0.0,0,0,CleanAir,0.0,2026-09-18 22:46:03
139,3.063,0.583,24504,4664,24504,4664,0.0,0,0,CleanAir,0.0,2026-09-18 22:46:04
140,3.05113,0.57913,24409,4633,24409,4633,0.0,0,0,CleanAir,0.0,2026-09-18 22:46:04
142,3.01525,0.57988,24122,4639,24122,4639,0.0,0,0,CleanAir,0.0,2026-09-18 22:46:05
143,3.00963,0.58013,24077,4641,24077,4641,0.0,0,0,CleanAir,0.0,2026-09-18 22:46:05
144,2.96988,0.581,23759,4648,23759,4648,0.0,0,0,CleanAir,0.0,2026-09-18 22:46:06
146,2.94175,0.57888,23534,4631,23534,4631,0.0,0,0,CleanAir,0.0,2026-09-18 22:46:06
148,2.91238,0.58013,23299,4641,23299,4641,0.0,0,0,CleanAir,0.0,2026-09-18 22:46:07
149,2.92425,0.5785,23394,4628,23394,4628,0.0,0,0,CleanAir,0.0,2026-09-18 22:46:08
150,2.89038,0.57913,23123,4633,23123,4633,0.0,0,0,CleanAir,0.0,2026-09-18 22:46:08
152,2.89188,0.57863,23135,4629,23135,4629,0.0,0,0,CleanAir,0.0,2026-09-18 22:46:09
153,2.882,0.57913,23056,4633,23056,4633,0.0,0,0,CleanAir,0.0,2026-09-18 22:46:09
155,2.83613,0.5835,22689,4668,22689,4668,0.0,0,0,CleanAir,0.0,2026-09-18 22:46:10
156,2.82613,0.57913,22609,4633,22609,4633,0.0,0,0,CleanAir,0.0,2026-09-18 22:46:10
157,2.844,0.58325,22752,4666,22752,4666,0.0,0,0,CleanAir,0.0,2026-09-18 22:46:11
158,2.83138,0.58075,22651,4646,22651,4646,0.0,0,0,CleanAir,0.0,2026-09-18 22:46:11
159,2.79688,0.58225,22375,4658,22375,4658,0.0,0,0,CleanAir,0.0,2026-09-18 22:46:12
160,2.81588,0.58013,22527,4641,22527,4641,0.0,0,0,CleanAir,0.0,2026-09-18 22:46:12
161,2.80638,0.57888,22451,4631,22451,4631,0.0,0,0,CleanAir,0.0,2026-09-18 22:46:12
162,2.79213,0.58163,22337,4653,22337,4653,0.0,0,0,CleanAir,0.0,2026-09-18 22:46:13
163,2.76413,0.58325,22113,4666,22113,4666,0.0,0,0,CleanAir,0.0,2026-09-18 22:46:13
165,2.77613,0.5835,22209,4668,22209,4668,0.0,0,0,CleanAir,0.0,2026-09-18 22:46:14
166,2.74475,0.58325,21958,4666,21958,4666,0.0,0,0,CleanAir,0.0,2026-09-18 22:46:14
167,2.76338,0.5835,22107,4668,22107,4668,0.0,0,0,CleanAir,0.0,2026-09-18 22:46:15
168,2.75775,0.58275,22062,4662,22062,4662,0.0,0,0,CleanAir,0.0,2026-09-18 22:46:15
169,2.74338,0.58213,21947,4657,21947,4657,0.0,0,0,CleanAir,0.0,2026-09-18 22:46:16
170,2.73725,0.58288,21898,4663,21898,4663,0.0,0,0,CleanAir,0.0,2026-09-18 22:46:16
171,2.7075,0.58363,21660,4669,21660,4669,0.0,0,0,CleanAir,0.0,2026-09-18 22:46:17
172,2.72738,0.58338,21819,4667,21819,4667,0.0,0,0,CleanAir,0.0,2026-09-18 22:46:17
173,2.7035,0.58075,21628,4646,21628,4646,0.0,0,0,CleanAir,0.0,2026-09-18 22:46:18
174,2.7185,0.58038,21748,4643,21748,4643,0.0,0,0,CleanAir,0.0,2026-09-18 22:46:18
175,2.71188,0.57938,21695,4635,21695,4635,0.0,0,0,CleanAir,0.0,2026-09-18 22:46:18
176,2.707,0.58025,21656,4642,21656,4642,0.0,0,0,CleanAir,0.0,2026-09-18 22:46:19
177,2.70175,0.58075,21614,4646,21614,4646,0.0,0,0,CleanAir,0.0,2026-09-18 22:46:19
178,2.68688,0.5795,21495,4636,21495,4636,0.0,0,0,CleanAir,0.0,2026-09-18 22:46:20
179,2.66888,0.57913,21351,4633,21351,4633,0.0,0,0,CleanAir,0.0,2026-09-18 22:46:20
180,2.68913,0.5835,21513,4668,21513,4668,0.0,0,0,CleanAir,0.0,2026-09-18 22:46:21
181,2.6845,0.58375,21476,4670,21476,4670,0.0,0,0,CleanAir,0.0,2026-09-18 22:46:21
182,2.6805,0.58125,21444,4650,21444,4650,0.0,0,0,CleanAir,0.0,2026-09-18 22:46:21
183,2.65588,0.58113,21247,4649,21247,4649,0.0,0,0,CleanAir,0.0,2026-09-18 22:46:22
184,2.67475,0.583,21398,4664,21398,4664,0.0,0,0,CleanAir,0.0,2026-09-18 22:46:22
185,2.67113,0.58125,21369,4650,21369,4650,0.0,0,0,CleanAir,0.0,2026-09-18 22:46:23
186,2.6675,0.58338,21340,4667,21340,4667,0.0,0,0,CleanAir,0.0,2026-09-18 22:46:23
187,2.6405,0.58375,21124,4670,21124,4670,0.0,0,0,CleanAir,0.0,2026-09-18 22:46:23
188,2.663,0.58263,21304,4661,21304,4661,0.0,0,0,CleanAir,0.0,2026-09-18 22:46:24
189,2.65925,0.57863,21274,4629,21274,4629,0.0,0,0,CleanAir,0.0,2026-09-18 22:46:24
190,2.63313,0.58325,21065,4666,21065,4666,0.0,0,0,CleanAir,0.0,2026-09-18 22:46:25
191,2.65613,0.5795,21249,4636,21249,4636,0.0,0,0,CleanAir,0.0,2026-09-18 22:46:25
192,2.65288,0.58063,21223,4645,21223,4645,0.0,0,0,CleanAir,0.0,2026-09-18 22:46:26
193,2.64488,0.58263,21159,4661,21159,4661,0.0,0,0,CleanAir,0.0,2026-09-18 22:46:26
194,2.64913,0.58163,21193,4653,21193,4653,0.0,0,0,CleanAir,0.0,2026-09-18 22:46:27
195,2.64675,0.57963,21174,4637,21174,4637,0.0,0,0,CleanAir,0.0,2026-09-18 22:46:27
196,2.64388,0.58288,21151,4663,21151,4663,0.0,0,0,CleanAir,0.0,2026-09-18 22:46:28
197,2.64038,0.583,21123,4664,21123,4664,0.0,0,0,CleanAir,0.0,2026-09-18 22:46:28
198,2.63863,0.58125,21109,4650,21109,4650,0.0,0,0,CleanAir,0.0,2026-09-18 22:46:29
199,2.6375,0.58338,21100,4667,21100,4667,0.0,0,0,CleanAir,0.0,2026-09-18 22:46:29
201,2.61025,0.57975,20882,4638,20882,4638,0.0,0,0,CleanAir,0.0,2026-09-18 22:46:30
202,2.63413,0.58238,21073,4659,21073,4659,0.0,0,0,CleanAir,0.0,2026-09-18 22:46:30
203,2.6085,0.5785,20868,4628,20868,4628,0.0,0,0,CleanAir,0.0,2026-09-18 22:46:30
204,2.6315,0.57925,21052,4634,21052,4634,0.0,0,0,CleanAir,0.0,2026-09-18 22:46:31
205,2.60688,0.57925,20855,4634,20855,4634,0.0,0,0,CleanAir,0.0,2026-09-18 22:46:31
206,2.62825,0.57963,21026,4637,21026,4637,0.0,0,0,CleanAir,0.0,2026-09-18 22:46:32
207,2.61763,0.58038,20941,4643,20941,4643,0.0,0,0,CleanAir,0.0,2026-09-18 22:46:32
208,2.62563,0.5835,21005,4668,21005,4668,0.0,0,0,CleanAir,0.0,2026-09-18 22:46:33
209,2.624,0.58313,20992,4665,20992,4665,0.0,0,0,CleanAir,0.0,2026-09-18 22:46:33
210,2.59875,0.58363,20790,4669,20790,4669,0.0,0,0,CleanAir,0.0,2026-09-18 22:46:34
211,2.6065,0.58313,20852,4665,20852,4665,0.0,0,0,CleanAir,0.0,2026-09-18 22:46:34
212,2.62213,0.57975,20977,4638,20977,4638,0.0,0,0,CleanAir,0.0,2026-09-18 22:46:34
213,2.62038,0.58375,20963,4670,20963,4670,0.0,0,0,CleanAir,0.0,2026-09-18 22:46:35
214,2.61825,0.58338,20946,4667,20946,4667,0.0,0,0,CleanAir,0.0,2026-09-18 22:46:36
216,2.61713,0.58288,20937,4663,20937,4663,0.0,0,0,CleanAir,0.0,2026-09-18 22:46:36
217,2.617,0.579,20936,4632,20936,4632,0.0,0,0,CleanAir,0.0,2026-09-18 22:46:37
218,2.59175,0.58,20734,4640,20734,4640,0.0,0,0,CleanAir,0.0,2026-09-18 22:46:37
219,2.61538,0.57875,20923,4630,20923,4630,0.0,0,0,CleanAir,0.0,2026-09-18 22:46:37
220,2.59125,0.5785,20730,4628,20730,4628,0.0,0,0,CleanAir,0.0,2026-09-18 22:46:38
222,2.59113,0.58375,20729,4670,20729,4670,0.0,0,0,CleanAir,0.0,2026-09-18 22:46:39
223,2.61313,0.58338,20905,4667,20905,4667,0.0,0,0,CleanAir,0.0,2026-09-18 22:46:39
224,2.58938,0.58313,20715,4665,20715,4665,0.0,0,0,CleanAir,0.0,2026-09-18 22:46:39
225,2.61213,0.58238,20897,4659,20897,4659,0.0,0,0,CleanAir,0.0,2026-09-18 22:46:40
226,2.5875,0.579,20700,4632,20700,4632,0.0,0,0,CleanAir,0.0,2026-09-18 22:46:40
227,2.61163,0.58338,20893,4667,20893,4667,0.0,0,0,CleanAir,0.0,2026-09-18 22:46:41
228,2.58825,0.58138,20706,4651,20706,4651,0.0,0,0,CleanAir,0.0,2026-09-18 22:46:41
229,2.611,0.5825,20888,4660,20888,4660,0.0,0,0,CleanAir,0.0,2026-09-18 22:46:41
230,2.60825,0.58013,20866,4641,20866,4641,0.0,0,0,CleanAir,0.0,2026-09-18 22:46:42
231,2.61013,0.58113,20881,4649,20881,4649,0.0,0,0,CleanAir,0.0,2026-09-18 22:46:42
232,2.59238,0.58338,20739,4667,20739,4667,0.0,0,0,CleanAir,0.0,2026-09-18 22:46:43
234,2.60713,0.58113,20857,4649,20857,4649,0.0,0,0,CleanAir,0.0,2026-09-18 22:46:43
235,2.5845,0.58013,20676,4641,20676,4641,0.0,0,0,CleanAir,0.0,2026-09-18 22:46:43
236,2.60838,0.58025,20867,4642,20867,4642,0.0,0,0,CleanAir,0.0,2026-09-18 22:46:44
237,2.60788,0.58113,20863,4649,20863,4649,0.0,0,0,CleanAir,0.0,2026-09-18 22:46:44
238,2.60763,0.57975,20861,4638,20861,4638,0.0,0,0,CleanAir,0.0,2026-09-18 22:46:45
239,2.60625,0.5805,20850,4644,20850,4644,0.0,0,0,CleanAir,0.0,2026-09-18 22:46:45
240,2.60038,0.57888,20803,4631,20803,4631,0.0,0,0,CleanAir,0.0,2026-09-18 22:46:45
242,2.60488,0.5835,20839,4668,20839,4668,0.0,0,0,CleanAir,0.0,2026-09-18 22:46:46
243,2.59263,0.57938,20741,4635,20741,4635,0.0,0,0,CleanAir,0.0,2026-09-18 22:46:47
244,2.59488,0.58113,20759,4649,20759,4649,0.0,0,0,CleanAir,0.0,2026-09-18 22:46:47
245,2.604,0.5835,20832,4668,20832,4668,0.0,0,0,CleanAir,0.0,2026-09-18 22:46:48
247,2.6035,0.57925,20828,4634,20828,4634,0.0,0,0,CleanAir,0.0,2026-09-18 22:46:48
249,2.57763,0.578,20621,4624,20621,4624,0.0,0,0,CleanAir,0.0,2026-09-18 22:46:49
1,2.48113,0.58663,19849,4693,19849,4693,3.3,255,0,CleanAir,0.0,2026-09-18 22:46:50
2,2.53963,0.58713,20317,4697,20317,4697,3.3,255,0,CleanAir,0.0,2026-09-18 22:46:50
3,2.58525,0.58588,20682,4687,20682,4687,3.3,255,0,CleanAir,0.0,2026-09-18 22:46:51
5,2.63025,0.5865,21042,4692,21042,4692,3.3,255,0,CleanAir,0.0,2026-09-18 22:46:51
6,2.68375,0.5875,21470,4700,21470,4700,3.3,255,0,CleanAir,0.0,2026-09-18 22:46:52
7,2.7175,0.5825,21740,4660,21740,4660,3.3,255,0,CleanAir,0.0,2026-09-18 22:46:52
8,2.7155,0.58413,21724,4673,21724,4673,3.3,255,0,CleanAir,0.0,2026-09-18 22:46:53
10,2.77075,0.58738,22166,4699,22166,4699,3.3,255,0,CleanAir,0.0,2026-09-18 22:46:54
11,2.81613,0.58738,22529,4699,22529,4699,3.3,255,0,CleanAir,0.0,2026-09-18 22:46:54
12,2.84288,0.58425,22743,4674,22743,4674,3.3,255,0,CleanAir,0.0,2026-09-18 22:46:55
13,2.86725,0.587,22938,4696,22938,4696,3.3,255,0,CleanAir,0.0,2026-09-18 22:46:55
14,2.89488,0.58388,23159,4671,23159,4671,3.3,255,0,CleanAir,0.0,2026-09-18 22:46:56
15,2.90175,0.58388,23214,4671,23214,4671,3.3,255,0,CleanAir,0.0,2026-09-18 22:46:56
16,2.93038,0.5845,23443,4676,23443,4676,3.3,255,0,CleanAir,0.0,2026-09-18 22:46:57
17,2.917,0.5845,23336,4676,23336,4676,3.3,255,0,CleanAir,0.0,2026-09-18 22:46:57
18,2.95975,0.58475,23678,4678,23678,4678,3.3,255,0,CleanAir,0.0,2026-09-18 22:46:57
19,2.9435,0.58463,23548,4677,23548,4677,3.3,255,0,CleanAir,0.0,2026-09-18 22:46:58
20,2.98188,0.58713,23855,4697,23855,4697,3.3,255,0,CleanAir,0.0,2026-09-18 22:46:58
21,2.96525,0.5875,23722,4700,23722,4700,3.3,255,0,CleanAir,0.0,2026-09-18 22:46:58
22,3.00288,0.58738,24023,4699,24023,4699,3.3,255,0,CleanAir,0.0,2026-09-18 22:46:59
23,3.01238,0.58788,24099,4703,24099,4703,3.3,255,0,CleanAir,0.0,2026-09-18 22:46:59
24,3.02113,0.5875,24169,4700,24169,4700,3.3,255,0,CleanAir,0.0,2026-09-18 22:47:00
25,3.03063,0.58375,24245,4670,24245,4670,3.3,255,0,CleanAir,0.0,2026-09-18 22:47:00
26,3.03688,0.58475,24295,4678,24295,4678,3.3,255,0,CleanAir,0.0,2026-09-18 22:47:01
28,3.05325,0.58375,24426,4670,24426,4670,3.3,255,0,CleanAir,0.0,2026-09-18 22:47:01
29,3.03425,0.58488,24274,4679,24274,4679,3.3,255,0,CleanAir,0.0,2026-09-18 22:47:01
30,3.07025,0.58413,24562,4673,24562,4673,3.3,255,0,CleanAir,0.0,2026-09-18 22:47:02
31,3.06575,0.584,24526,4672,24526,4672,3.3,255,0,CleanAir,0.0,2026-09-18 22:47:02
32,3.08175,0.587,24654,4696,24654,4696,3.3,255,0,CleanAir,0.0,2026-09-18 22:47:03
33,3.06025,0.584,24482,4672,24482,4672,3.3,255,0,CleanAir,0.0,2026-09-18 22:47:03
34,3.0945,0.5845,24756,4676,24756,4676,3.3,255,0,CleanAir,0.0,2026-09-18 22:47:03
35,3.09988,0.58613,24799,4689,24799,4689,3.3,255,0,CleanAir,0.0,2026-09-18 22:47:04
36,3.10413,0.58763,24833,4701,24833,4701,3.3,255,0,CleanAir,0.0,2026-09-18 22:47:04
37,3.109,0.58763,24872,4701,24872,4701,3.3,255,0,CleanAir,0.0,2026-09-18 22:47:05
38,3.0835,0.5875,24668,4700,24668,4700,3.3,255,0,CleanAir,0.0,2026-09-18 22:47:05
39,3.08963,0.58775,24717,4702,24717,4702,3.3,255,0,CleanAir,0.0,2026-09-18 22:47:05
40,3.09463,0.58538,24757,4683,24757,4683,3.3,255,0,CleanAir,0.0,2026-09-18 22:47:06
41,3.098,0.585,24784,4680,24784,4680,3.3,255,0,CleanAir,0.0,2026-09-18 22:47:06
42,3.10263,0.58275,24821,4662,24821,4662,3.3,255,0,CleanAir,0.0,2026-09-18 22:47:06
43,3.10675,0.58788,24854,4703,24854,4703,3.3,255,0,CleanAir,0.0,2026-09-18 22:47:07
44,3.13988,0.58713,25119,4697,25119,4697,3.3,255,0,CleanAir,0.0,2026-09-18 22:47:08
45,3.13263,0.58488,25061,4679,25061,4679,3.3,255,0,CleanAir,0.0,2026-09-18 22:47:08
46,3.14775,0.58688,25182,4695,25182,4695,3.3,255,0,CleanAir,0.0,2026-09-18 22:47:08
47,3.12275,0.58425,24982,4674,24982,4674,3.3,255,0,CleanAir,0.0,2026-09-18 22:47:09
48,3.12675,0.58513,25014,4681,25014,4681,3.3,255,0,CleanAir,0.0,2026-09-18 22:47:09
49,3.128,0.58425,25024,4674,25024,4674,3.3,255,0,CleanAir,0.0,2026-09-18 22:47:10
50,3.15888,0.58288,25271,4663,25271,4663,3.3,255,0,CleanAir,0.0,2026-09-18 22:47:10
51,3.13213,0.58275,25057,4662,25057,4662,3.3,255,0,CleanAir,0.0,2026-09-18 22:47:10
52,3.16275,0.58375,25302,4670,25302,4670,3.3,255,0,CleanAir,0.0,2026-09-18 22:47:11
53,3.13463,0.58363,25077,4669,25077,4669,3.3,255,0,CleanAir,0.0,2026-09-18 22:47:11
54,3.16713,0.58288,25337,4663,25337,4663,3.3,255,0,CleanAir,0.0,2026-09-18 22:47:12
55,3.16813,0.58738,25345,4699,25345,4699,3.3,255,0,CleanAir,0.0,2026-09-18 22:47:12
56,3.15588,0.588,25247,4704,25247,4704,3.3,255,0,CleanAir,0.0,2026-09-18 22:47:12
57,3.1725,0.58688,25380,4695,25380,4695,3.3,255,0,CleanAir,0.0,2026-09-18 22:47:13
58,3.175,0.58513,25400,4681,25400,4681,3.3,255,0,CleanAir,0.0,2026-09-18 22:47:13
59,3.148,0.58413,25184,4673,25184,4673,3.3,255,0,CleanAir,0.0,2026-09-18 22:47:14
60,3.17788,0.58413,25423,4673,25423,4673,3.3,255,0,CleanAir,0.0,2026-09-18 22:47:14
61,3.14988,0.58688,25199,4695,25199,4695,3.3,255,0,CleanAir,0.0,2026-09-18 22:47:14
62,3.18125,0.5875,25450,4700,25450,4700,3.3,255,0,CleanAir,0.0,2026-09-18 22:47:15
63,3.16213,0.5875,25297,4700,25297,4700,3.3,255,0,CleanAir,0.0,2026-09-18 22:47:15
64,3.18275,0.58663,25462,4693,25462,4693,3.3,255,0,CleanAir,0.0,2026-09-18 22:47:15
65,3.15525,0.58338,25242,4667,25242,4667,3.3,255,0,CleanAir,0.0,2026-09-18 22:47:16
66,3.15625,0.58288,25250,4663,25250,4663,3.3,255,0,CleanAir,0.0,2026-09-18 22:47:16
67,3.18688,0.58425,25495,4674,25495,4674,3.3,255,0,CleanAir,0.0,2026-09-18 22:47:17
68,3.18738,0.58363,25499,4669,25499,4669,3.3,255,0,CleanAir,0.0,2026-09-18 22:47:17
69,3.15925,0.58625,25274,4690,25274,4690,3.3,255,0,CleanAir,0.0,2026-09-18 22:47:17
70,3.18888,0.58713,25511,4697,25511,4697,3.3,255,0,CleanAir,0.0,2026-09-18 22:47:18
71,3.16063,0.5875,25285,4700,25285,4700,3.3,255,0,CleanAir,0.0,2026-09-18 22:47:18
72,3.19013,0.5875,25521,4700,25521,4700,3.3,255,0,CleanAir,0.0,2026-09-18 22:47:19
73,3.16963,0.5865,25357,4692,25357,4692,3.3,255,0,CleanAir,0.0,2026-09-18 22:47:19
74,3.16313,0.58788,25305,4703,25305,4703,3.3,255,0,CleanAir,0.0,2026-09-18 22:47:19
75,3.194,0.588,25552,4704,25552,4704,3.3,255,0,CleanAir,0.0,2026-09-18 22:47:20
76,3.16563,0.58738,25325,4699,25325,4699,3.3,255,0,CleanAir,0.0,2026-09-18 22:47:21
77,3.19613,0.58488,25569,4679,25569,4679,3.3,255,0,CleanAir,0.0,2026-09-18 22:47:21
78,3.16775,0.58375,25342,4670,25342,4670,3.3,255,0,CleanAir,0.0,2026-09-18 22:47:21
79,3.19688,0.58788,25575,4703,25575,4703,3.3,255,0,CleanAir,0.0,2026-09-18 22:47:22
80,3.19775,0.583,25582,4664,25582,4664,3.3,255,0,CleanAir,0.0,2026-09-18 22:47:22
81,3.16863,0.58363,25349,4669,25349,4669,3.3,255,0,CleanAir,0.0,2026-09-18 22:47:23
82,3.19875,0.584,25590,4672,25590,4672,3.3,255,0,CleanAir,0.0,2026-09-18 22:47:23
83,3.19863,0.58788,25589,4703,25589,4703,3.3,255,0,CleanAir,0.0,2026-09-18 22:47:23
84,3.1705,0.58663,25364,4693,25364,4693,3.3,255,0,CleanAir,0.0,2026-09-18 22:47:24
85,3.20025,0.5875,25602,4700,25602,4700,3.3,255,0,CleanAir,0.0,2026-09-18 22:47:24
86,3.20075,0.58363,25606,4669,25606,4669,3.3,255,0,CleanAir,0.0,2026-09-18 22:47:25
87,3.17088,0.58338,25367,4667,25367,4667,3.3,255,0,CleanAir,0.0,2026-09-18 22:47:25
88,3.20238,0.58675,25619,4694,25619,4694,3.3,255,0,CleanAir,0.0,2026-09-18 22:47:26
89,3.20213,0.58375,25617,4670,25617,4670,3.3,255,0,CleanAir,0.0,2026-09-18 22:47:26
90,3.19888,0.58375,25591,4670,25591,4670,3.3,255,0,CleanAir,0.0,2026-09-18 22:47:27
91,3.20288,0.58313,25623,4665,25623,4665,3.3,255,0,CleanAir,0.0,2026-09-18 22:47:27
92,3.20325,0.58588,25626,4687,25626,4687,3.3,255,0,CleanAir,0.0,2026-09-18 22:47:28
94,3.20263,0.58813,25621,4705,25621,4705,3.3,255,0,CleanAir,0.0,2026-09-18 22:47:28
95,3.20325,0.58575,25626,4686,25626,4686,3.3,255,0,CleanAir,0.0,2026-09-18 22:47:29
97,3.17475,0.58413,25398,4673,25398,4673,3.3,255,0,CleanAir,0.0,2026-09-18 22:47:30
98,3.20438,0.58513,25635,4681,25635,4681,3.3,255,0,CleanAir,0.0,2026-09-18 22:47:30
99,3.1735,0.58637,25388,4691,25388,4691,3.3,255,0,CleanAir,0.0,2026-09-18 22:47:30
100,3.20338,0.5855,25627,4684,25627,4684,3.3,255,0,CleanAir,0.0,2026-09-18 22:47:31
101,3.17438,0.58763,25395,4701,25395,4701,3.3,255,0,CleanAir,0.0,2026-09-18 22:47:31
102,3.20438,0.58775,25635,4702,25635,4702,3.3,255,0,CleanAir,0.0,2026-09-18 22:47:32
103,3.20475,0.58763,25638,4701,25638,4701,3.3,255,0,CleanAir,0.0,2026-09-18 22:47:32
104,3.17525,0.58575,25402,4686,25402,4686,3.3,255,0,CleanAir,0.0,2026-09-18 22:47:32
105,3.20413,0.58463,25633,4677,25633,4677,3.3,255,0,CleanAir,0.0,2026-09-18 22:47:33
106,3.20425,0.58713,25634,4697,25634,4697,3.3,255,0,CleanAir,0.0,2026-09-18 22:47:33
107,3.20425,0.587,25634,4696,25634,4696,3.3,255,0,CleanAir,0.0,2026-09-18 22:47:34
108,3.17563,0.58625,25405,4690,25405,4690,3.3,255,0,CleanAir,0.0,2026-09-18 22:47:35
109,3.20438,0.58563,25635,4685,25635,4685,3.3,255,0,CleanAir,0.0,2026-09-18 22:47:35
110,3.17675,0.58288,25414,4663,25414,4663,3.3,255,0,CleanAir,0.0,2026-09-18 22:47:35
111,3.20475,0.58725,25638,4698,25638,4698,3.3,255,0,CleanAir,0.0,2026-09-18 22:47:36
112,3.20463,0.58463,25637,4677,25637,4677,3.3,255,0,CleanAir,0.0,2026-09-18 22:47:37
113,3.17538,0.585,25403,4680,25403,4680,3.3,255,0,CleanAir,0.0,2026-09-18 22:47:37
114,3.19975,0.58313,25598,4665,25598,4665,3.3,255,0,CleanAir,0.0,2026-09-18 22:47:37
115,3.20638,0.58375,25651,4670,25651,4670,3.3,255,0,CleanAir,0.0,2026-09-18 22:47:38
117,3.17588,0.58775,25407,4702,25407,4702,3.3,255,0,CleanAir,0.0,2026-09-18 22:47:39
118,3.2065,0.584,25652,4672,25652,4672,3.3,255,0,CleanAir,0.0,2026-09-18 22:47:39
119,3.17675,0.58338,25414,4667,25414,4667,3.3,255,0,CleanAir,0.0,2026-09-18 22:47:40
120,3.20688,0.58363,25655,4669,25655,4669,3.3,255,0,CleanAir,0.0,2026-09-18 22:47:40
121,3.20638,0.58725,25651,4698,25651,4698,3.3,255,0,CleanAir,0.0,2026-09-18 22:47:40
122,3.20525,0.5835,25642,4668,25642,4668,3.3,255,0,CleanAir,0.0,2026-09-18 22:47:41
123,3.20588,0.58688,25647,4695,25647,4695,3.3,255,0,CleanAir,0.0,2026-09-18 22:47:41
124,3.20588,0.58375,25647,4670,25647,4670,3.3,255,0,CleanAir,0.0,2026-09-18 22:47:42
125,3.37263,0.5815,26981,4652,26981,4652,0.0,0,0,CleanAir,0.0,2026-09-18 22:47:42
126,3.37938,0.58088,27035,4647,27035,4647,0.0,0,0,CleanAir,0.0,2026-09-18 22:47:43
127,3.35263,0.5795,26821,4636,26821,4636,0.0,0,0,CleanAir,0.0,2026-09-18 22:47:43
128,3.30688,0.58388,26455,4671,26455,4671,0.0,0,0,CleanAir,0.0,2026-09-18 22:47:44
129,3.27138,0.5835,26171,4668,26171,4668,0.0,0,0,CleanAir,0.0,2026-09-18 22:47:44
130,3.27313,0.584,26185,4672,26185,4672,0.0,0,0,CleanAir,0.0,2026-09-18 22:47:44
131,3.22263,0.58275,25781,4662,25781,4662,0.0,0,0,CleanAir,0.0,2026-09-18 22:47:45
132,3.22563,0.58363,25805,4669,25805,4669,0.0,0,0,CleanAir,0.0,2026-09-18 22:47:45
133,3.20625,0.58188,25650,4655,25650,4655,0.0,0,0,CleanAir,0.0,2026-09-18 22:47:46
134,3.18663,0.58338,25493,4667,25493,4667,0.0,0,0,CleanAir,0.0,2026-09-18 22:47:46
135,3.16075,0.58013,25286,4641,25286,4641,0.0,0,0,CleanAir,0.0,2026-09-18 22:47:46
136,3.11375,0.58213,24910,4657,24910,4657,0.0,0,0,CleanAir,0.0,2026-09-18 22:47:47
137,3.12475,0.5835,24998,4668,24998,4668,0.0,0,0,CleanAir,0.0,2026-09-18 22:47:47
138,3.10675,0.58388,24854,4671,24854,4671,0.0,0,0,CleanAir,0.0,2026-09-18 22:47:47
139,3.06163,0.58088,24493,4647,24493,4647,0.0,0,0,CleanAir,0.0,2026-09-18 22:47:48
140,3.074,0.58263,24592,4661,24592,4661,0.0,0,0,CleanAir,0.0,2026-09-18 22:47:48
141,3.01875,0.58388,24150,4671,24150,4671,0.0,0,0,CleanAir,0.0,2026-09-18 22:47:49
142,3.03088,0.5795,24247,4636,24247,4636,0.0,0,0,CleanAir,0.0,2026-09-18 22:47:49
143,2.98925,0.57863,23914,4629,23914,4629,0.0,0,0,CleanAir,0.0,2026-09-18 22:47:49
144,3.00275,0.57938,24022,4635,24022,4635,0.0,0,0,CleanAir,0.0,2026-09-18 22:47:50
145,2.96263,0.57913,23701,4633,23701,4633,0.0,0,0,CleanAir,0.0,2026-09-18 22:47:50
146,2.977,0.57975,23816,4638,23816,4638,0.0,0,0,CleanAir,0.0,2026-09-18 22:47:51
147,2.95588,0.58138,23647,4651,23647,4651,0.0,0,0,CleanAir,0.0,2026-09-18 22:47:51
148,2.91713,0.581,23337,4648,23337,4648,0.0,0,0,CleanAir,0.0,2026-09-18 22:47:52
149,2.93213,0.58288,23457,4663,23457,4663,0.0,0,0,CleanAir,0.0,2026-09-18 22:47:52
150,2.89425,0.58325,23154,4666,23154,4666,0.0,0,0,CleanAir,0.0,2026-09-18 22:47:52
151,2.88413,0.5795,23073,4636,23073,4636,0.0,0,0,CleanAir,0.0,2026-09-18 22:47:53
152,2.8995,0.58038,23196,4643,23196,4643,0.0,0,0,CleanAir,0.0,2026-09-18 22:47:53
153,2.8755,0.58363,23004,4669,23004,4669,0.0,0,0,CleanAir,0.0,2026-09-18 22:47:54
154,2.86175,0.5815,22894,4652,22894,4652,0.0,0,0,CleanAir,0.0,2026-09-18 22:47:55
155,2.835,0.582,22680,4656,22680,4656,0.0,0,0,CleanAir,0.0,2026-09-18 22:47:55
156,2.81525,0.5805,22522,4644,22522,4644,0.0,0,0,CleanAir,0.0,2026-09-18 22:47:55
157,2.83363,0.5795,22669,4636,22669,4636,0.0,0,0,CleanAir,0.0,2026-09-18 22:47:56
158,2.8,0.58013,22400,4641,22400,4641,0.0,0,0,CleanAir,0.0,2026-09-18 22:47:56
159,2.818,0.58325,22544,4666,22544,4666,0.0,0,0,CleanAir,0.0,2026-09-18 22:47:56
160,2.80663,0.58325,22453,4666,22453,4666,0.0,0,0,CleanAir,0.0,2026-09-18 22:47:57
161,2.77425,0.58,22194,4640,22194,4640,0.0,0,0,CleanAir,0.0,2026-09-18 22:47:57
162,2.7935,0.5795,22348,4636,22348,4636,0.0,0,0,CleanAir,0.0,2026-09-18 22:47:58
163,2.78388,0.57938,22271,4635,22271,4635,0.0,0,0,CleanAir,0.0,2026-09-18 22:47:58
164,2.752,0.57925,22016,4634,22016,4634,0.0,0,0,CleanAir,0.0,2026-09-18 22:47:59
165,2.76613,0.57988,22129,4639,22129,4639,0.0,0,0,CleanAir,0.0,2026-09-18 22:47:59
166,2.74038,0.57988,21923,4639,21923,4639,0.0,0,0,CleanAir,0.0,2026-09-18 22:47:59
167,2.7345,0.581,21876,4648,21876,4648,0.0,0,0,CleanAir,0.0,2026-09-18 22:48:00
169,2.74875,0.58013,21990,4641,21990,4641,0.0,0,0,CleanAir,0.0,2026-09-18 22:48:00
170,2.71863,0.58038,21749,4643,21749,4643,0.0,0,0,CleanAir,0.0,2026-09-18 22:48:01
171,2.7385,0.58338,21908,4667,21908,4667,0.0,0,0,CleanAir,0.0,2026-09-18 22:48:01
172,2.73313,0.5835,21865,4668,21865,4668,0.0,0,0,CleanAir,0.0,2026-09-18 22:48:01
173,2.72825,0.57925,21826,4634,21826,4634,0.0,0,0,CleanAir,0.0,2026-09-18 22:48:02
174,2.69713,0.58163,21577,4653,21577,4653,0.0,0,0,CleanAir,0.0,2026-09-18 22:48:02
175,2.69313,0.58363,21545,4669,21545,4669,0.0,0,0,CleanAir,0.0,2026-09-18 22:48:03
176,2.7135,0.58,21708,4640,21708,4640,0.0,0,0,CleanAir,0.0,2026-09-18 22:48:03
177,2.68563,0.57975,21485,4638,21485,4638,0.0,0,0,CleanAir,0.0,2026-09-18 22:48:04
178,2.69725,0.58313,21578,4665,21578,4665,0.0,0,0,CleanAir,0.0,2026-09-18 22:48:04
179,2.69988,0.57875,21599,4630,21599,4630,0.0,0,0,CleanAir,0.0,2026-09-18 22:48:04
180,2.67388,0.58325,21391,4666,21391,4666,0.0,0,0,CleanAir,0.0,2026-09-18 22:48:05
181,2.69288,0.582,21543,4656,21543,4656,0.0,0,0,CleanAir,0.0,2026-09-18 22:48:05
182,2.68363,0.58138,21469,4651,21469,4651,0.0,0,0,CleanAir,0.0,2026-09-18 22:48:06
183,2.65588,0.58238,21247,4659,21247,4659,0.0,0,0,CleanAir,0.0,2026-09-18 22:48:06
184,2.67788,0.5815,21423,4652,21423,4652,0.0,0,0,CleanAir,0.0,2026-09-18 22:48:07
185,2.65125,0.58188,21210,4655,21210,4655,0.0,0,0,CleanAir,0.0,2026-09-18 22:48:07
186,2.6725,0.58263,21380,4661,21380,4661,0.0,0,0,CleanAir,0.0,2026-09-18 22:48:08
187,2.66913,0.57963,21353,4637,21353,4637,0.0,0,0,CleanAir,0.0,2026-09-18 22:48:08
189,2.6395,0.5835,21116,4668,21116,4668,0.0,0,0,CleanAir,0.0,2026-09-18 22:48:09
190,2.661,0.58013,21288,4641,21288,4641,0.0,0,0,CleanAir,0.0,2026-09-18 22:48:09
192,2.6575,0.57963,21260,4637,21260,4637,0.0,0,0,CleanAir,0.0,2026-09-18 22:48:10
193,2.652,0.58013,21216,4641,21216,4641,0.0,0,0,CleanAir,0.0,2026-09-18 22:48:10
194,2.62775,0.58,21022,4640,21022,4640,0.0,0,0,CleanAir,0.0,2026-09-18 22:48:11
195,2.62388,0.57963,20991,4637,20991,4637,0.0,0,0,CleanAir,0.0,2026-09-18 22:48:12
196,2.64525,0.583,21162,4664,21162,4664,0.0,0,0,CleanAir,0.0,2026-09-18 22:48:12
197,2.64338,0.58163,21147,4653,21147,4653,0.0,0,0,CleanAir,0.0,2026-09-18 22:48:13
198,2.64088,0.58188,21127,4655,21127,4655,0.0,0,0,CleanAir,0.0,2026-09-18 22:48:13
199,2.63938,0.5795,21115,4636,21115,4636,0.0,0,0,CleanAir,0.0,2026-09-18 22:48:14
200,2.63875,0.5805,21110,4644,21110,4644,0.0,0,0,CleanAir,0.0,2026-09-18 22:48:14
201,2.63588,0.58338,21087,4667,21087,4667,0.0,0,0,CleanAir,0.0,2026-09-18 22:48:15
202,2.634,0.58063,21072,4645,21072,4645,0.0,0,0,CleanAir,0.0,2026-09-18 22:48:15
203,2.608,0.58338,20864,4667,20864,4667,0.0,0,0,CleanAir,0.0,2026-09-18 22:48:16
204,2.63113,0.58038,21049,4643,21049,4643,0.0,0,0,CleanAir,0.0,2026-09-18 22:48:16
205,2.62288,0.58325,20983,4666,20983,4666,0.0,0,0,CleanAir,0.0,2026-09-18 22:48:17
207,2.60375,0.58088,20830,4647,20830,4647,0.0,0,0,CleanAir,0.0,2026-09-18 22:48:17
208,2.62838,0.58113,21027,4649,21027,4649,0.0,0,0,CleanAir,0.0,2026-09-18 22:48:18
209,2.626,0.57838,21008,4627,21008,4627,0.0,0,0,CleanAir,0.0,2026-09-18 22:48:18
210,2.62513,0.58275,21001,4662,21001,4662,0.0,0,0,CleanAir,0.0,2026-09-18 22:48:19
211,2.6165,0.58163,20932,4653,20932,4653,0.0,0,0,CleanAir,0.0,2026-09-18 22:48:19
212,2.62363,0.58025,20989,4642,20989,4642,0.0,0,0,CleanAir,0.0,2026-09-18 22:48:20
213,2.62163,0.58313,20973,4665,20973,4665,0.0,0,0,CleanAir,0.0,2026-09-18 22:48:20
214,2.60038,0.58263,20803,4661,20803,4661,0.0,0,0,CleanAir,0.0,2026-09-18 22:48:20
215,2.62013,0.58338,20961,4667,20961,4667,0.0,0,0,CleanAir,0.0,2026-09-18 22:48:21
216,2.6185,0.58013,20948,4641,20948,4641,0.0,0,0,CleanAir,0.0,2026-09-18 22:48:22
217,2.59375,0.58263,20750,4661,20750,4661,0.0,0,0,CleanAir,0.0,2026-09-18 22:48:22
218,2.61725,0.57963,20938,4637,20938,4637,0.0,0,0,CleanAir,0.0,2026-09-18 22:48:22
219,2.6175,0.5795,20940,4636,20940,4636,0.0,0,0,CleanAir,0.0,2026-09-18 22:48:23
221,2.61625,0.57925,20930,4634,20930,4634,0.0,0,0,CleanAir,0.0,2026-09-18 22:48:23
223,2.59513,0.57988,20761,4639,20761,4639,0.0,0,0,CleanAir,0.0,2026-09-18 22:48:24
224,2.613,0.582,20904,4656,20904,4656,0.0,0,0,CleanAir,0.0,2026-09-18 22:48:24
225,2.58975,0.5795,20718,4636,20718,4636,0.0,0,0,CleanAir,0.0,2026-09-18 22:48:25
227,2.61213,0.57888,20897,4631,20897,4631,0.0,0,0,CleanAir,0.0,2026-09-18 22:48:26
228,2.587,0.58075,20696,4646,20696,4646,0.0,0,0,CleanAir,0.0,2026-09-18 22:48:27
229,2.61075,0.58025,20886,4642,20886,4642,0.0,0,0,CleanAir,0.0,2026-09-18 22:48:27
230,2.58738,0.57888,20699,4631,20699,4631,0.0,0,0,CleanAir,0.0,2026-09-18 22:48:27
231,2.58663,0.582,20693,4656,20693,4656,0.0,0,0,CleanAir,0.0,2026-09-18 22:48:28
232,2.60938,0.58163,20875,4653,20875,4653,0.0,0,0,CleanAir,0.0,2026-09-18 22:48:28
233,2.58563,0.58013,20685,4641,20685,4641,0.0,0,0,CleanAir,0.0,2026-09-18 22:48:29
234,2.60925,0.57825,20874,4626,20874,4626,0.0,0,0,CleanAir,0.0,2026-09-18 22:48:29
235,2.5845,0.57925,20676,4634,20676,4634,0.0,0,0,CleanAir,0.0,2026-09-18 22:48:29
236,2.60788,0.58025,20863,4642,20863,4642,0.0,0,0,CleanAir,0.0,2026-09-18 22:48:30
237,2.60863,0.58125,20869,4650,20869,4650,0.0,0,0,CleanAir,0.0,2026-09-18 22:48:30
238,2.585,0.5795,20680,4636,20680,4636,0.0,0,0,CleanAir,0.0,2026-09-18 22:48:31
239,2.60813,0.581,20865,4648,20865,4648,0.0,0,0,CleanAir,0.0,2026-09-18 22:48:31
240,2.60813,0.581,20865,4648,20865,4648,0.0,0,0,CleanAir,0.0,2026-09-18 22:48:32
242,2.60225,0.58275,20818,4662,20818,4662,0.0,0,0,CleanAir,0.0,2026-09-18 22:48:32
243,2.60613,0.57838,20849,4627,20849,4627,0.0,0,0,CleanAir,0.0,2026-09-18 22:48:32
244,2.60588,0.57838,20847,4627,20847,4627,0.0,0,0,CleanAir,0.0,2026-09-18 22:48:33
245,2.60588,0.57825,20847,4626,20847,4626,0.0,0,0,CleanAir,0.0,2026-09-18 22:48:33
246,2.58263,0.58025,20661,4642,20661,4642,0.0,0,0,CleanAir,0.0,2026-09-18 22:48:34
247,2.596,0.58013,20768,4641,20768,4641,0.0,0,0,CleanAir,0.0,2026-09-18 22:48:34
248,2.6045,0.582,20836,4656,20836,4656,0.0,0,0,CleanAir,0.0,2026-09-18 22:48:34
249,2.606,0.58063,20848,4645,20848,4645,0.0,0,0,CleanAir,0.0,2026-09-18 22:48:35
1,2.50538,0.58463,20043,4677,20043,4677,3.3,255,0,CleanAir,0.0,2026-09-18 22:48:36
2,2.55425,0.58775,20434,4702,20434,4702,3.3,255,0,CleanAir,0.0,2026-09-18 22:48:36
3,2.59988,0.58663,20799,4693,20799,4693,3.3,255,0,CleanAir,0.0,2026-09-18 22:48:37
4,2.60488,0.58663,20839,4693,20839,4693,3.3,255,0,CleanAir,0.0,2026-09-18 22:48:37
5,2.65638,0.58563,21251,4685,21251,4685,3.3,255,0,CleanAir,0.0,2026-09-18 22:48:38
6,2.72225,0.58713,21778,4697,21778,4697,3.3,255,0,CleanAir,0.0,2026-09-18 22:48:39
7,2.75588,0.58288,22047,4663,22047,4663,3.3,255,0,CleanAir,0.0,2026-09-18 22:48:39
8,2.75163,0.585,22013,4680,22013,4680,3.3,255,0,CleanAir,0.0,2026-09-18 22:48:39
9,2.80325,0.584,22426,4672,22426,4672,3.3,255,0,CleanAir,0.0,2026-09-18 22:48:40
10,2.804,0.5825,22432,4660,22432,4660,3.3,255,0,CleanAir,0.0,2026-09-18 22:48:40
12,2.83938,0.584,22715,4672,22715,4672,3.3,255,0,CleanAir,0.0,2026-09-18 22:48:41
13,2.87588,0.58413,23007,4673,23007,4673,3.3,255,0,CleanAir,0.0,2026-09-18 22:48:41
14,2.8655,0.586,22924,4688,22924,4688,3.3,255,0,CleanAir,0.0,2026-09-18 22:48:41
15,2.90613,0.58725,23249,4698,23249,4698,3.3,255,0,CleanAir,0.0,2026-09-18 22:48:42
16,2.89275,0.58763,23142,4701,23142,4701,3.3,255,0,CleanAir,0.0,2026-09-18 22:48:42
17,2.9065,0.58625,23252,4690,23252,4690,3.3,255,0,CleanAir,0.0,2026-09-18 22:48:43
18,2.919,0.58725,23352,4698,23352,4698,3.3,255,0,CleanAir,0.0,2026-09-18 22:48:43
19,2.95838,0.58713,23667,4697,23667,4697,3.3,255,0,CleanAir,0.0,2026-09-18 22:48:44
20,2.94663,0.583,23573,4664,23573,4664,3.3,255,0,CleanAir,0.0,2026-09-18 22:48:44
22,2.99638,0.5835,23971,4668,23971,4668,3.3,255,0,CleanAir,0.0,2026-09-18 22:48:44
24,2.99238,0.58513,23939,4681,23939,4681,3.3,255,0,CleanAir,0.0,2026-09-18 22:48:45
25,3.02825,0.5875,24226,4700,24226,4700,3.3,255,0,CleanAir,0.0,2026-09-18 22:48:46
26,3.02763,0.58725,24221,4698,24221,4698,3.3,255,0,CleanAir,0.0,2026-09-18 22:48:46
27,3.0435,0.58738,24348,4699,24348,4699,3.3,255,0,CleanAir,0.0,2026-09-18 22:48:47
28,3.02338,0.58775,24187,4702,24187,4702,3.3,255,0,CleanAir,0.0,2026-09-18 22:48:47
29,3.0585,0.58713,24468,4697,24468,4697,3.3,255,0,CleanAir,0.0,2026-09-18 22:48:47
30,3.06863,0.58413,24549,4673,24549,4673,3.3,255,0,CleanAir,0.0,2026-09-18 22:48:48
31,3.05063,0.58738,24405,4699,24405,4699,3.3,255,0,CleanAir,0.0,2026-09-18 22:48:49
32,3.074,0.58425,24592,4674,24592,4674,3.3,255,0,CleanAir,0.0,2026-09-18 22:48:50
33,3.0985,0.587,24788,4696,24788,4696,3.3,255,0,CleanAir,0.0,2026-09-18 22:48:50
34,3.08313,0.58725,24665,4698,24665,4698,3.3,255,0,CleanAir,0.0,2026-09-18 22:48:51
35,3.11738,0.58738,24939,4699,24939,4699,3.3,255,0,CleanAir,0.0,2026-09-18 22:48:52
36,3.129,0.58775,25032,4702,25032,4702,3.3,255,0,CleanAir,0.0,2026-09-18 22:48:52
38,3.13663,0.5875,25093,4700,25093,4700,3.3,255,0,CleanAir,0.0,2026-09-18 22:48:53
39,3.14025,0.58788,25122,4703,25122,4703,3.3,255,0,CleanAir,0.0,2026-09-18 22:48:53
40,3.11413,0.5875,24913,4700,24913,4700,3.3,255,0,CleanAir,0.0,2026-09-18 22:48:54
41,3.13238,0.58725,25059,4698,25059,4698,3.3,255,0,CleanAir,0.0,2026-09-18 22:48:54
42,3.1205,0.58663,24964,4693,24964,4693,3.3,255,0,CleanAir,0.0,2026-09-18 22:48:55
43,3.15375,0.58425,25230,4674,25230,4674,3.3,255,0,CleanAir,0.0,2026-09-18 22:48:55
44,3.12675,0.58375,25014,4670,25014,4670,3.3,255,0,CleanAir,0.0,2026-09-18 22:48:56
45,3.15875,0.58375,25270,4670,25270,4670,3.3,255,0,CleanAir,0.0,2026-09-18 22:48:56
46,3.13188,0.58425,25055,4674,25055,4674,3.3,255,0,CleanAir,0.0,2026-09-18 22:48:56
47,3.16313,0.58375,25305,4670,25305,4670,3.3,255,0,CleanAir,0.0,2026-09-18 22:48:57
48,3.16625,0.58625,25330,4690,25330,4690,3.3,255,0,CleanAir,0.0,2026-09-18 22:48:57
49,3.13825,0.5875,25106,4700,25106,4700,3.3,255,0,CleanAir,0.0,2026-09-18 22:48:58
50,3.16975,0.58738,25358,4699,25358,4699,3.3,255,0,CleanAir,0.0,2026-09-18 22:48:58
51,3.14288,0.585,25143,4680,25143,4680,3.3,255,0,CleanAir,0.0,2026-09-18 22:48:58
52,3.17363,0.58463,25389,4677,25389,4677,3.3,255,0,CleanAir,0.0,2026-09-18 22:48:59
53,3.14625,0.58463,25170,4677,25170,4677,3.3,255,0,CleanAir,0.0,2026-09-18 22:48:59
54,3.17613,0.5875,25409,4700,25409,4700,3.3,255,0,CleanAir,0.0,2026-09-18 22:49:00
55,3.1485,0.58775,25188,4702,25188,4702,3.3,255,0,CleanAir,0.0,2026-09-18 22:49:00
56,3.17788,0.58513,25423,4681,25423,4681,3.3,255,0,CleanAir,0.0,2026-09-18 22:49:02
57,3.15538,0.58488,25243,4679,25243,4679,3.3,255,0,CleanAir,0.0,2026-09-18 22:49:02
58,3.18625,0.58438,25490,4675,25490,4675,3.3,255,0,CleanAir,0.0,2026-09-18 22:49:03
59,3.18713,0.58438,25497,4675,25497,4675,3.3,255,0,CleanAir,0.0,2026-09-18 22:49:03
60,3.18825,0.58263,25506,4661,25506,4661,3.3,255,0,CleanAir,0.0,2026-09-18 22:49:04
61,3.15888,0.58575,25271,4686,25271,4686,3.3,255,0,CleanAir,0.0,2026-09-18 22:49:04
62,3.18938,0.58438,25515,4675,25515,4675,3.3,255,0,CleanAir,0.0,2026-09-18 22:49:05
63,3.174,0.58663,25392,4693,25392,4693,3.3,255,0,CleanAir,0.0,2026-09-18 22:49:05
64,3.19138,0.58375,25531,4670,25531,4670,3.3,255,0,CleanAir,0.0,2026-09-18 22:49:05
65,3.16275,0.58525,25302,4682,25302,4682,3.3,255,0,CleanAir,0.0,2026-09-18 22:49:06
66,3.16325,0.58313,25306,4665,25306,4665,3.3,255,0,CleanAir,0.0,2026-09-18 22:49:06
67,3.19275,0.58775,25542,4702,25542,4702,3.3,255,0,CleanAir,0.0,2026-09-18 22:49:07
68,3.16438,0.586,25315,4688,25315,4688,3.3,255,0,CleanAir,0.0,2026-09-18 22:49:08
70,3.195,0.58375,25560,4670,25560,4670,3.3,255,0,CleanAir,0.0,2026-09-18 22:49:08
71,3.19563,0.5855,25565,4684,25565,4684,3.3,255,0,CleanAir,0.0,2026-09-18 22:49:09
72,3.19625,0.584,25570,4672,25570,4672,3.3,255,0,CleanAir,0.0,2026-09-18 22:49:09
73,3.1975,0.58425,25580,4674,25580,4674,3.3,255,0,CleanAir,0.0,2026-09-18 22:49:10
74,3.19813,0.58388,25585,4671,25585,4671,3.3,255,0,CleanAir,0.0,2026-09-18 22:49:10
75,3.19675,0.58613,25574,4689,25574,4689,3.3,255,0,CleanAir,0.0,2026-09-18 22:49:10
76,3.192,0.58763,25536,4701,25536,4701,3.3,255,0,CleanAir,0.0,2026-09-18 22:49:11
78,3.17725,0.58788,25418,4703,25418,4703,3.3,255,0,CleanAir,0.0,2026-09-18 22:49:11
79,3.19975,0.58725,25598,4698,25598,4698,3.3,255,0,CleanAir,0.0,2026-09-18 22:49:12
80,3.1745,0.58438,25396,4675,25396,4675,3.3,255,0,CleanAir,0.0,2026-09-18 22:49:13
81,3.20063,0.5845,25605,4676,25605,4676,3.3,255,0,CleanAir,0.0,2026-09-18 22:49:13
82,3.171,0.58413,25368,4673,25368,4673,3.3,255,0,CleanAir,0.0,2026-09-18 22:49:14
83,3.20075,0.5845,25606,4676,25606,4676,3.3,255,0,CleanAir,0.0,2026-09-18 22:49:14
84,3.17088,0.58488,25367,4679,25367,4679,3.3,255,0,CleanAir,0.0,2026-09-18 22:49:14
85,3.201,0.58713,25608,4697,25608,4697,3.3,255,0,CleanAir,0.0,2026-09-18 22:49:15
87,3.2005,0.586,25604,4688,25604,4688,3.3,255,0,CleanAir,0.0,2026-09-18 22:49:15
88,3.17138,0.5855,25371,4684,25371,4684,3.3,255,0,CleanAir,0.0,2026-09-18 22:49:16
90,3.17563,0.58688,25405,4695,25405,4695,3.3,255,0,CleanAir,0.0,2026-09-18 22:49:16
91,3.20188,0.58363,25615,4669,25615,4669,3.3,255,0,CleanAir,0.0,2026-09-18 22:49:17
92,3.202,0.58288,25616,4663,25616,4663,3.3,255,0,CleanAir,0.0,2026-09-18 22:49:17
93,3.19213,0.58775,25537,4702,25537,4702,3.3,255,0,CleanAir,0.0,2026-09-18 22:49:18
94,3.20238,0.58738,25619,4699,25619,4699,3.3,255,0,CleanAir,0.0,2026-09-18 22:49:18
95,3.1745,0.5835,25396,4668,25396,4668,3.3,255,0,CleanAir,0.0,2026-09-18 22:49:18
96,3.20338,0.586,25627,4688,25627,4688,3.3,255,0,CleanAir,0.0,2026-09-18 22:49:19
97,3.20325,0.58763,25626,4701,25626,4701,3.3,255,0,CleanAir,0.0,2026-09-18 22:49:19
98,3.20363,0.58413,25629,4673,25629,4673,3.3,255,0,CleanAir,0.0,2026-09-18 22:49:20
99,3.20363,0.5845,25629,4676,25629,4676,3.3,255,0,CleanAir,0.0,2026-09-18 22:49:20
101,3.20313,0.585,25625,4680,25625,4680,3.3,255,0,CleanAir,0.0,2026-09-18 22:49:21
102,3.20375,0.58375,25630,4670,25630,4670,3.3,255,0,CleanAir,0.0,2026-09-18 22:49:21
103,3.204,0.58625,25632,4690,25632,4690,3.3,255,0,CleanAir,0.0,2026-09-18 22:49:22
104,3.174,0.5875,25392,4700,25392,4700,3.3,255,0,CleanAir,0.0,2026-09-18 22:49:22
105,3.17425,0.587,25394,4696,25394,4696,3.3,255,0,CleanAir,0.0,2026-09-18 22:49:23
106,3.1745,0.58625,25396,4690,25396,4690,3.3,255,0,CleanAir,0.0,2026-09-18 22:49:23
107,3.20363,0.584,25629,4672,25629,4672,3.3,255,0,CleanAir,0.0,2026-09-18 22:49:23
108,3.20413,0.5875,25633,4700,25633,4700,3.3,255,0,CleanAir,0.0,2026-09-18 22:49:24
109,3.20413,0.587,25633,4696,25633,4696,3.3,255,0,CleanAir,0.0,2026-09-18 22:49:24
110,3.20375,0.58475,25630,4678,25630,4678,3.3,255,0,CleanAir,0.0,2026-09-18 22:49:25
111,3.17575,0.58488,25406,4679,25406,4679,3.3,255,0,CleanAir,0.0,2026-09-18 22:49:25
112,3.20475,0.58438,25638,4675,25638,4675,3.3,255,0,CleanAir,0.0,2026-09-18 22:49:26
113,3.20425,0.58713,25634,4697,25634,4697,3.3,255,0,CleanAir,0.0,2026-09-18 22:49:26
114,3.20438,0.58513,25635,4681,25635,4681,3.3,255,0,CleanAir,0.0,2026-09-18 22:49:27
116,3.17475,0.58713,25398,4697,25398,4697,3.3,255,0,CleanAir,0.0,2026-09-18 22:49:27
117,3.20575,0.58538,25646,4683,25646,4683,3.3,255,0,CleanAir,0.0,2026-09-18 22:49:28
118,3.20513,0.58438,25641,4675,25641,4675,3.3,255,0,CleanAir,0.0,2026-09-18 22:49:28
119,3.17413,0.58713,25393,4697,25393,4697,3.3,255,0,CleanAir,0.0,2026-09-18 22:49:29
120,3.20463,0.58588,25637,4687,25637,4687,3.3,255,0,CleanAir,0.0,2026-09-18 22:49:29
121,3.2045,0.58438,25636,4675,25636,4675,3.3,255,0,CleanAir,0.0,2026-09-18 22:49:30
122,3.20488,0.58388,25639,4671,25639,4671,3.3,255,0,CleanAir,0.0,2026-09-18 22:49:30
123,3.20488,0.58463,25639,4677,25639,4677,3.3,255,0,CleanAir,0.0,2026-09-18 22:49:30
124,3.20438,0.58313,25635,4665,25635,4665,3.3,255,0,CleanAir,0.0,2026-09-18 22:49:31
125,3.37163,0.57988,26973,4639,26973,4639,0.0,0,0,CleanAir,0.0,2026-09-18 22:49:31
126,3.38325,0.57975,27066,4638,27066,4638,0.0,0,0,CleanAir,0.0,2026-09-18 22:49:32
127,3.32113,0.5825,26569,4660,26569,4660,0.0,0,0,CleanAir,0.0,2026-09-18 22:49:33
128,3.2675,0.58225,26140,4658,26140,4658,0.0,0,0,CleanAir,0.0,2026-09-18 22:49:33
129,3.2455,0.5835,25964,4668,25964,4668,0.0,0,0,CleanAir,0.0,2026-09-18 22:49:33
130,3.25413,0.58275,26033,4662,26033,4662,0.0,0,0,CleanAir,0.0,2026-09-18 22:49:34
131,3.20325,0.58213,25626,4657,25626,4657,0.0,0,0,CleanAir,0.0,2026-09-18 22:49:34
132,3.213,0.58313,25704,4665,25704,4665,0.0,0,0,CleanAir,0.0,2026-09-18 22:49:35
134,3.14388,0.58388,25151,4671,25151,4671,0.0,0,0,CleanAir,0.0,2026-09-18 22:49:35
135,3.12675,0.5805,25014,4644,25014,4644,0.0,0,0,CleanAir,0.0,2026-09-18 22:49:36
136,3.10363,0.58363,24829,4669,24829,4669,0.0,0,0,CleanAir,0.0,2026-09-18 22:49:37
137,3.075,0.5795,24600,4636,24600,4636,0.0,0,0,CleanAir,0.0,2026-09-18 22:49:37
138,3.05838,0.58313,24467,4665,24467,4665,0.0,0,0,CleanAir,0.0,2026-09-18 22:49:38
139,3.04363,0.58088,24349,4647,24349,4647,0.0,0,0,CleanAir,0.0,2026-09-18 22:49:38
140,3.02463,0.57938,24197,4635,24197,4635,0.0,0,0,CleanAir,0.0,2026-09-18 22:49:39
141,2.98338,0.579,23867,4632,23867,4632,0.0,0,0,CleanAir,0.0,2026-09-18 22:49:39
143,2.95688,0.57975,23655,4638,23655,4638,0.0,0,0,CleanAir,0.0,2026-09-18 22:49:39
144,2.94425,0.58238,23554,4659,23554,4659,0.0,0,0,CleanAir,0.0,2026-09-18 22:49:40
145,2.95375,0.58125,23630,4650,23630,4650,0.0,0,0,CleanAir,0.0,2026-09-18 22:49:41
146,2.90963,0.58113,23277,4649,23277,4649,0.0,0,0,CleanAir,0.0,2026-09-18 22:49:41
147,2.899,0.5815,23192,4652,23192,4652,0.0,0,0,CleanAir,0.0,2026-09-18 22:49:41
148,2.91175,0.58288,23294,4663,23294,4663,0.0,0,0,CleanAir,0.0,2026-09-18 22:49:42
149,2.89413,0.57812,23153,4625,23153,4625,0.0,0,0,CleanAir,0.0,2026-09-18 22:49:42
150,2.8575,0.58288,22860,4663,22860,4663,0.0,0,0,CleanAir,0.0,2026-09-18 22:49:43
151,2.871,0.58313,22968,4665,22968,4665,0.0,0,0,CleanAir,0.0,2026-09-18 22:49:43
152,2.83338,0.57938,22667,4635,22667,4635,0.0,0,0,CleanAir,0.0,2026-09-18 22:49:44
153,2.82063,0.5825,22565,4660,22565,4660,0.0,0,0,CleanAir,0.0,2026-09-18 22:49:44
154,2.83238,0.5835,22659,4668,22659,4668,0.0,0,0,CleanAir,0.0,2026-09-18 22:49:45
155,2.79888,0.5805,22391,4644,22391,4644,0.0,0,0,CleanAir,0.0,2026-09-18 22:49:45
156,2.81563,0.58113,22525,4649,22525,4649,0.0,0,0,CleanAir,0.0,2026-09-18 22:49:45
157,2.80763,0.57975,22461,4638,22461,4638,0.0,0,0,CleanAir,0.0,2026-09-18 22:49:46
158,2.77475,0.57863,22198,4629,22198,4629,0.0,0,0,CleanAir,0.0,2026-09-18 22:49:46
159,2.78725,0.58163,22298,4653,22298,4653,0.0,0,0,CleanAir,0.0,2026-09-18 22:49:47
161,2.74913,0.57975,21993,4638,21993,4638,0.0,0,0,CleanAir,0.0,2026-09-18 22:49:48
162,2.76763,0.57913,22141,4633,22141,4633,0.0,0,0,CleanAir,0.0,2026-09-18 22:49:48
163,2.76075,0.58338,22086,4667,22086,4667,0.0,0,0,CleanAir,0.0,2026-09-18 22:49:48
164,2.73938,0.58325,21915,4666,21915,4666,0.0,0,0,CleanAir,0.0,2026-09-18 22:49:49
165,2.735,0.57975,21880,4638,21880,4638,0.0,0,0,CleanAir,0.0,2026-09-18 22:49:50
166,2.7415,0.58013,21932,4641,21932,4641,0.0,0,0,CleanAir,0.0,2026-09-18 22:49:50
168,2.7315,0.57963,21852,4637,21852,4637,0.0,0,0,CleanAir,0.0,2026-09-18 22:49:50
169,2.72425,0.58275,21794,4662,21794,4662,0.0,0,0,CleanAir,0.0,2026-09-18 22:49:51
170,2.71888,0.57812,21751,4625,21751,4625,0.0,0,0,CleanAir,0.0,2026-09-18 22:49:52
171,2.71475,0.58063,21718,4645,21718,4645,0.0,0,0,CleanAir,0.0,2026-09-18 22:49:52
172,2.7085,0.582,21668,4656,21668,4656,0.0,0,0,CleanAir,0.0,2026-09-18 22:49:52
174,2.70163,0.57963,21613,4637,21613,4637,0.0,0,0,CleanAir,0.0,2026-09-18 22:49:53
175,2.67625,0.58325,21410,4666,21410,4666,0.0,0,0,CleanAir,0.0,2026-09-18 22:49:53
177,2.6645,0.5825,21316,4660,21316,4660,0.0,0,0,CleanAir,0.0,2026-09-18 22:49:54
178,2.6865,0.57988,21492,4639,21492,4639,0.0,0,0,CleanAir,0.0,2026-09-18 22:49:55
179,2.67163,0.57925,21373,4634,21373,4634,0.0,0,0,CleanAir,0.0,2026-09-18 22:49:55
180,2.68025,0.5795,21442,4636,21442,4636,0.0,0,0,CleanAir,0.0,2026-09-18 22:49:56
181,2.677,0.5795,21416,4636,21416,4636,0.0,0,0,CleanAir,0.0,2026-09-18 22:49:56
182,2.67475,0.58063,21398,4645,21398,4645,0.0,0,0,CleanAir,0.0,2026-09-18 22:49:56
183,2.67,0.58175,21360,4654,21360,4654,0.0,0,0,CleanAir,0.0,2026-09-18 22:49:57
184,2.659,0.58238,21272,4659,21272,4659,0.0,0,0,CleanAir,0.0,2026-09-18 22:49:57
186,2.663,0.581,21304,4648,21304,4648,0.0,0,0,CleanAir,0.0,2026-09-18 22:49:58
187,2.65925,0.58363,21274,4669,21274,4669,0.0,0,0,CleanAir,0.0,2026-09-18 22:49:58
188,2.65638,0.57925,21251,4634,21251,4634,0.0,0,0,CleanAir,0.0,2026-09-18 22:49:59
189,2.63013,0.57812,21041,4625,21041,4625,0.0,0,0,CleanAir,0.0,2026-09-18 22:49:59
190,2.65188,0.58138,21215,4651,21215,4651,0.0,0,0,CleanAir,0.0,2026-09-18 22:50:00
191,2.62613,0.583,21009,4664,21009,4664,0.0,0,0,CleanAir,0.0,2026-09-18 22:50:00
192,2.64875,0.57863,21190,4629,21190,4629,0.0,0,0,CleanAir,0.0,2026-09-18 22:50:01
193,2.64675,0.58,21174,4640,21174,4640,0.0,0,0,CleanAir,0.0,2026-09-18 22:50:01
194,2.63375,0.58263,21070,4661,21070,4661,0.0,0,0,CleanAir,0.0,2026-09-18 22:50:01
195,2.62988,0.57938,21039,4635,21039,4635,0.0,0,0,CleanAir,0.0,2026-09-18 22:50:02
196,2.64138,0.57975,21131,4638,21131,4638,0.0,0,0,CleanAir,0.0,2026-09-18 22:50:02
198,2.61375,0.58313,20910,4665,20910,4665,0.0,0,0,CleanAir,0.0,2026-09-18 22:50:03
199,2.61613,0.58113,20929,4649,20929,4649,0.0,0,0,CleanAir,0.0,2026-09-18 22:50:03
200,2.6345,0.58325,21076,4666,21076,4666,0.0,0,0,CleanAir,0.0,2026-09-18 22:50:03
201,2.60938,0.583,20875,4664,20875,4664,0.0,0,0,CleanAir,0.0,2026-09-18 22:50:04
202,2.633,0.58038,21064,4643,21064,4643,0.0,0,0,CleanAir,0.0,2026-09-18 22:50:04
203,2.60775,0.58275,20862,4662,20862,4662,0.0,0,0,CleanAir,0.0,2026-09-18 22:50:05
204,2.606,0.57975,20848,4638,20848,4638,0.0,0,0,CleanAir,0.0,2026-09-18 22:50:05
205,2.62963,0.58163,21037,4653,21037,4653,0.0,0,0,CleanAir,0.0,2026-09-18 22:50:06
206,2.62725,0.58313,21018,4665,21018,4665,0.0,0,0,CleanAir,0.0,2026-09-18 22:50:06
207,2.627,0.57812,21016,4625,21016,4625,0.0,0,0,CleanAir,0.0,2026-09-18 22:50:07
208,2.62538,0.58238,21003,4659,21003,4659,0.0,0,0,CleanAir,0.0,2026-09-18 22:50:07
209,2.62438,0.57925,20995,4634,20995,4634,0.0,0,0,CleanAir,0.0,2026-09-18 22:50:07
211,2.62263,0.57875,20981,4630,20981,4630,0.0,0,0,CleanAir,0.0,2026-09-18 22:50:08
212,2.599,0.5795,20792,4636,20792,4636,0.0,0,0,CleanAir,0.0,2026-09-18 22:50:08
213,2.62113,0.57888,20969,4631,20969,4631,0.0,0,0,CleanAir,0.0,2026-09-18 22:50:09
214,2.62013,0.58013,20961,4641,20961,4641,0.0,0,0,CleanAir,0.0,2026-09-18 22:50:09
215,2.61988,0.58238,20959,4659,20959,4659,0.0,0,0,CleanAir,0.0,2026-09-18 22:50:10
216,2.61863,0.5795,20949,4636,20949,4636,0.0,0,0,CleanAir,0.0,2026-09-18 22:50:10
217,2.609,0.58025,20872,4642,20872,4642,0.0,0,0,CleanAir,0.0,2026-09-18 22:50:11
218,2.59263,0.582,20741,4656,20741,4656,0.0,0,0,CleanAir,0.0,2026-09-18 22:50:11
219,2.61688,0.57938,20935,4635,20935,4635,0.0,0,0,CleanAir,0.0,2026-09-18 22:50:12
220,2.61538,0.58288,20923,4663,20923,4663,0.0,0,0,CleanAir,0.0,2026-09-18 22:50:12
221,2.60725,0.57863,20858,4629,20858,4629,0.0,0,0,CleanAir,0.0,2026-09-18 22:50:12
223,2.5985,0.57975,20788,4638,20788,4638,0.0,0,0,CleanAir,0.0,2026-09-18 22:50:13
225,2.59063,0.5805,20725,4644,20725,4644,0.0,0,0,CleanAir,0.0,2026-09-18 22:50:14
226,2.612,0.58338,20896,4667,20896,4667,0.0,0,0,CleanAir,0.0,2026-09-18 22:50:14
228,2.61163,0.57913,20893,4633,20893,4633,0.0,0,0,CleanAir,0.0,2026-09-18 22:50:15
229,2.58725,0.57863,20698,4629,20698,4629,0.0,0,0,CleanAir,0.0,2026-09-18 22:50:15
230,2.61063,0.57838,20885,4627,20885,4627,0.0,0,0,CleanAir,0.0,2026-09-18 22:50:16
231,2.60638,0.579,20851,4632,20851,4632,0.0,0,0,CleanAir,0.0,2026-09-18 22:50:16
232,2.58588,0.57788,20687,4623,20687,4623,0.0,0,0,CleanAir,0.0,2026-09-18 22:50:16
233,2.5855,0.58263,20684,4661,20684,4661,0.0,0,0,CleanAir,0.0,2026-09-18 22:50:17
236,2.60738,0.58225,20859,4658,20859,4658,0.0,0,0,CleanAir,0.0,2026-09-18 22:50:18
237,2.60725,0.5835,20858,4668,20858,4668,0.0,0,0,CleanAir,0.0,2026-09-18 22:50:19
238,2.58475,0.58025,20678,4642,20678,4642,0.0,0,0,CleanAir,0.0,2026-09-18 22:50:19
239,2.60713,0.58088,20857,4647,20857,4647,0.0,0,0,CleanAir,0.0,2026-09-18 22:50:19
240,2.58213,0.58288,20657,4663,20657,4663,0.0,0,0,CleanAir,0.0,2026-09-18 22:50:20
242,2.60675,0.5795,20854,4636,20854,4636,0.0,0,0,CleanAir,0.0,2026-09-18 22:50:21
243,2.60538,0.58313,20843,4665,20843,4665,0.0,0,0,CleanAir,0.0,2026-09-18 22:50:22
244,2.60125,0.58013,20810,4641,20810,4641,0.0,0,0,CleanAir,0.0,2026-09-18 22:50:22
245,2.606,0.58038,20848,4643,20848,4643,0.0,0,0,CleanAir,0.0,2026-09-18 22:50:22
246,2.5815,0.58275,20652,4662,20652,4662,0.0,0,0,CleanAir,0.0,2026-09-18 22:50:23
247,2.605,0.58,20840,4640,20840,4640,0.0,0,0,CleanAir,0.0,2026-09-18 22:50:23
248,2.58063,0.58,20645,4640,20645,4640,0.0,0,0,CleanAir,0.0,2026-09-18 22:50:23
249,2.60175,0.57812,20814,4625,20814,4625,0.0,0,0,CleanAir,0.0,2026-09-18 22:50:24
1,2.47938,0.58425,19835,4674,19835,4674,3.3,255,0,CleanAir,0.0,2026-09-18 22:50:25
3,2.59863,0.584,20789,4672,20789,4672,3.3,255,0,CleanAir,0.0,2026-09-18 22:50:26
4,2.60375,0.585,20830,4680,20830,4680,3.3,255,0,CleanAir,0.0,2026-09-18 22:50:26
5,2.631,0.58488,21048,4679,21048,4679,3.3,255,0,CleanAir,0.0,2026-09-18 22:50:27
6,2.683,0.58388,21464,4671,21464,4671,3.3,255,0,CleanAir,0.0,2026-09-18 22:50:27
8,2.73125,0.58763,21850,4701,21850,4701,3.3,255,0,CleanAir,0.0,2026-09-18 22:50:28
9,2.75363,0.587,22029,4696,22029,4696,3.3,255,0,CleanAir,0.0,2026-09-18 22:50:28
10,2.76013,0.58763,22081,4701,22081,4701,3.3,255,0,CleanAir,0.0,2026-09-18 22:50:29
11,2.80713,0.58588,22457,4687,22457,4687,3.3,255,0,CleanAir,0.0,2026-09-18 22:50:29
12,2.8335,0.58713,22668,4697,22668,4697,3.3,255,0,CleanAir,0.0,2026-09-18 22:50:29
13,2.82413,0.58338,22593,4667,22593,4667,3.3,255,0,CleanAir,0.0,2026-09-18 22:50:30
14,2.8675,0.5835,22940,4668,22940,4668,3.3,255,0,CleanAir,0.0,2026-09-18 22:50:30
15,2.88438,0.58275,23075,4662,23075,4662,3.3,255,0,CleanAir,0.0,2026-09-18 22:50:31
16,2.881,0.58713,23048,4697,23048,4697,3.3,255,0,CleanAir,0.0,2026-09-18 22:50:31
17,2.91363,0.58425,23309,4674,23309,4674,3.3,255,0,CleanAir,0.0,2026-09-18 22:50:32
18,2.9335,0.58713,23468,4697,23468,4697,3.3,255,0,CleanAir,0.0,2026-09-18 22:50:32
20,2.95838,0.58588,23667,4687,23667,4687,3.3,255,0,CleanAir,0.0,2026-09-18 22:50:33
21,2.94363,0.587,23549,4696,23549,4696,3.3,255,0,CleanAir,0.0,2026-09-18 22:50:33
23,2.9665,0.58713,23732,4697,23732,4697,3.3,255,0,CleanAir,0.0,2026-09-18 22:50:34
24,3.0045,0.58738,24036,4699,24036,4699,3.3,255,0,CleanAir,0.0,2026-09-18 22:50:34
25,2.98713,0.58775,23897,4702,23897,4702,3.3,255,0,CleanAir,0.0,2026-09-18 22:50:35
26,3.02225,0.58575,24178,4686,24178,4686,3.3,255,0,CleanAir,0.0,2026-09-18 22:50:35
27,3.00238,0.58738,24019,4699,24019,4699,3.3,255,0,CleanAir,0.0,2026-09-18 22:50:35
29,3.018,0.5845,24144,4676,24144,4676,3.3,255,0,CleanAir,0.0,2026-09-18 22:50:36
30,3.05363,0.58475,24429,4678,24429,4678,3.3,255,0,CleanAir,0.0,2026-09-18 22:50:36
32,3.03875,0.58675,24310,4694,24310,4694,3.3,255,0,CleanAir,0.0,2026-09-18 22:50:37
33,3.07425,0.5825,24594,4660,24594,4660,3.3,255,0,CleanAir,0.0,2026-09-18 22:50:37
34,3.052,0.58538,24416,4683,24416,4683,3.3,255,0,CleanAir,0.0,2026-09-18 22:50:38
35,3.085,0.58713,24680,4697,24680,4697,3.3,255,0,CleanAir,0.0,2026-09-18 22:50:38
36,3.09113,0.586,24729,4688,24729,4688,3.3,255,0,CleanAir,0.0,2026-09-18 22:50:39
38,3.10088,0.58375,24807,4670,24807,4670,3.3,255,0,CleanAir,0.0,2026-09-18 22:50:39
39,3.10575,0.584,24846,4672,24846,4672,3.3,255,0,CleanAir,0.0,2026-09-18 22:50:39
40,3.10313,0.58475,24825,4678,24825,4678,3.3,255,0,CleanAir,0.0,2026-09-18 22:50:40
41,3.085,0.58625,24680,4690,24680,4690,3.3,255,0,CleanAir,0.0,2026-09-18 22:50:40
42,3.11788,0.58475,24943,4678,24943,4678,3.3,255,0,CleanAir,0.0,2026-09-18 22:50:41
43,3.12225,0.5835,24978,4668,24978,4668,3.3,255,0,CleanAir,0.0,2026-09-18 22:50:41
45,3.13063,0.58388,25045,4671,25045,4671,3.3,255,0,CleanAir,0.0,2026-09-18 22:50:42
46,3.12438,0.58275,24995,4662,24995,4662,3.3,255,0,CleanAir,0.0,2026-09-18 22:50:42
47,3.10613,0.5855,24849,4684,24849,4684,3.3,255,0,CleanAir,0.0,2026-09-18 22:50:43
48,3.11138,0.58725,24891,4698,24891,4698,3.3,255,0,CleanAir,0.0,2026-09-18 22:50:43
49,3.11413,0.58675,24913,4694,24913,4694,3.3,255,0,CleanAir,0.0,2026-09-18 22:50:43
50,3.14525,0.58463,25162,4677,25162,4677,3.3,255,0,CleanAir,0.0,2026-09-18 22:50:44
51,3.14775,0.58513,25182,4681,25182,4681,3.3,255,0,CleanAir,0.0,2026-09-18 22:50:45
52,3.15325,0.58788,25226,4703,25226,4703,3.3,255,0,CleanAir,0.0,2026-09-18 22:50:45
54,3.12875,0.58738,25030,4699,25030,4699,3.3,255,0,CleanAir,0.0,2026-09-18 22:50:46
55,3.15988,0.58775,25279,4702,25279,4702,3.3,255,0,CleanAir,0.0,2026-09-18 22:50:46
56,3.1635,0.584,25308,4672,25308,4672,3.3,255,0,CleanAir,0.0,2026-09-18 22:50:46
57,3.1375,0.5875,25100,4700,25100,4700,3.3,255,0,CleanAir,0.0,2026-09-18 22:50:47
58,3.13875,0.58563,25110,4685,25110,4685,3.3,255,0,CleanAir,0.0,2026-09-18 22:50:48
59,3.14113,0.5835,25129,4668,25129,4668,3.3,255,0,CleanAir,0.0,2026-09-18 22:50:48
60,3.15738,0.58763,25259,4701,25259,4701,3.3,255,0,CleanAir,0.0,2026-09-18 22:50:48
61,3.17263,0.587,25381,4696,25381,4696,3.3,255,0,CleanAir,0.0,2026-09-18 22:50:49
62,3.14463,0.58263,25157,4661,25157,4661,3.3,255,0,CleanAir,0.0,2026-09-18 22:50:49
63,3.17538,0.5865,25403,4692,25403,4692,3.3,255,0,CleanAir,0.0,2026-09-18 22:50:50
64,3.17088,0.5855,25367,4684,25367,4684,3.3,255,0,CleanAir,0.0,2026-09-18 22:50:50
65,3.17838,0.58688,25427,4695,25427,4695,3.3,255,0,CleanAir,0.0,2026-09-18 22:50:50
66,3.15075,0.5875,25206,4700,25206,4700,3.3,255,0,CleanAir,0.0,2026-09-18 22:50:51
67,3.15238,0.58637,25219,4691,25219,4691,3.3,255,0,CleanAir,0.0,2026-09-18 22:50:51
68,3.1825,0.58738,25460,4699,25460,4699,3.3,255,0,CleanAir,0.0,2026-09-18 22:50:52
70,3.18375,0.58538,25470,4683,25470,4683,3.3,255,0,CleanAir,0.0,2026-09-18 22:50:52
71,3.18475,0.58313,25478,4665,25478,4665,3.3,255,0,CleanAir,0.0,2026-09-18 22:50:53
72,3.181,0.5835,25448,4668,25448,4668,3.3,255,0,CleanAir,0.0,2026-09-18 22:50:53
73,3.1865,0.5835,25492,4668,25492,4668,3.3,255,0,CleanAir,0.0,2026-09-18 22:50:54
74,3.157,0.58725,25256,4698,25256,4698,3.3,255,0,CleanAir,0.0,2026-09-18 22:50:54
75,3.18763,0.58713,25501,4697,25501,4697,3.3,255,0,CleanAir,0.0,2026-09-18 22:50:54
77,3.18875,0.58313,25510,4665,25510,4665,3.3,255,0,CleanAir,0.0,2026-09-18 22:50:55
78,3.15925,0.58313,25274,4665,25274,4665,3.3,255,0,CleanAir,0.0,2026-09-18 22:50:55
79,3.18988,0.58675,25519,4694,25519,4694,3.3,255,0,CleanAir,0.0,2026-09-18 22:50:56
80,3.19113,0.58663,25529,4693,25529,4693,3.3,255,0,CleanAir,0.0,2026-09-18 22:50:56
81,3.192,0.58263,25536,4661,25536,4661,3.3,255,0,CleanAir,0.0,2026-09-18 22:50:57
82,3.19213,0.586,25537,4688,25537,4688,3.3,255,0,CleanAir,0.0,2026-09-18 22:50:57
83,3.19338,0.58413,25547,4673,25547,4673,3.3,255,0,CleanAir,0.0,2026-09-18 22:50:58
84,3.191,0.58538,25528,4683,25528,4683,3.3,255,0,CleanAir,0.0,2026-09-18 22:50:58
85,3.18375,0.58688,25470,4695,25470,4695,3.3,255,0,CleanAir,0.0,2026-09-18 22:50:58
86,3.16475,0.5865,25318,4692,25318,4692,3.3,255,0,CleanAir,0.0,2026-09-18 22:50:59
87,3.19425,0.58637,25554,4691,25554,4691,3.3,255,0,CleanAir,0.0,2026-09-18 22:50:59
88,3.19488,0.58538,25559,4683,25559,4683,3.3,255,0,CleanAir,0.0,2026-09-18 22:51:00
89,3.16525,0.58763,25322,4701,25322,4701,3.3,255,0,CleanAir,0.0,2026-09-18 22:51:00
90,3.19475,0.5875,25558,4700,25558,4700,3.3,255,0,CleanAir,0.0,2026-09-18 22:51:00
91,3.19038,0.587,25523,4696,25523,4696,3.3,255,0,CleanAir,0.0,2026-09-18 22:51:01
95,3.16763,0.587,25341,4696,25341,4696,3.3,255,0,CleanAir,0.0,2026-09-18 22:51:04
97,3.19813,0.5845,25585,4676,25585,4676,3.3,255,0,CleanAir,0.0,2026-09-18 22:51:05
99,3.16888,0.58488,25351,4679,25351,4679,3.3,255,0,CleanAir,0.0,2026-09-18 22:51:06
100,3.19863,0.5855,25589,4684,25589,4684,3.3,255,0,CleanAir,0.0,2026-09-18 22:51:06
101,3.18675,0.58713,25494,4697,25494,4697,3.3,255,0,CleanAir,0.0,2026-09-18 22:51:06
104,3.19938,0.58375,25595,4670,25595,4670,3.3,255,0,CleanAir,0.0,2026-09-18 22:51:07
105,3.17125,0.58463,25370,4677,25370,4677,3.3,255,0,CleanAir,0.0,2026-09-18 22:51:08
106,3.19888,0.5875,25591,4700,25591,4700,3.3,255,0,CleanAir,0.0,2026-09-18 22:51:08
108,3.16875,0.58613,25350,4689,25350,4689,3.3,255,0,CleanAir,0.0,2026-09-18 22:51:09
109,3.19875,0.58738,25590,4699,25590,4699,3.3,255,0,CleanAir,0.0,2026-09-18 22:51:09
110,3.19875,0.58313,25590,4665,25590,4665,3.3,255,0,CleanAir,0.0,2026-09-18 22:51:10
111,3.19875,0.58713,25590,4697,25590,4697,3.3,255,0,CleanAir,0.0,2026-09-18 22:51:10
112,3.1995,0.58738,25596,4699,25596,4699,3.3,255,0,CleanAir,0.0,2026-09-18 22:51:11
113,3.17025,0.58738,25362,4699,25362,4699,3.3,255,0,CleanAir,0.0,2026-09-18 22:51:11
114,3.1995,0.5875,25596,4700,25596,4700,3.3,255,0,CleanAir,0.0,2026-09-18 22:51:11
115,3.19925,0.587,25594,4696,25594,4696,3.3,255,0,CleanAir,0.0,2026-09-18 22:51:12
116,3.17013,0.58488,25361,4679,25361,4679,3.3,255,0,CleanAir,0.0,2026-09-18 22:51:12
117,3.1995,0.58775,25596,4702,25596,4702,3.3,255,0,CleanAir,0.0,2026-09-18 22:51:13
118,3.17025,0.5875,25362,4700,25362,4700,3.3,255,0,CleanAir,0.0,2026-09-18 22:51:13
119,3.16988,0.585,25359,4680,25359,4680,3.3,255,0,CleanAir,0.0,2026-09-18 22:51:13
120,3.183,0.58413,25464,4673,25464,4673,3.3,255,0,CleanAir,0.0,2026-09-18 22:51:14
121,3.20013,0.58363,25601,4669,25601,4669,3.3,255,0,CleanAir,0.0,2026-09-18 22:51:14
122,3.18325,0.58388,25466,4671,25466,4671,3.3,255,0,CleanAir,0.0,2026-09-18 22:51:15
123,3.2005,0.58375,25604,4670,25604,4670,3.3,255,0,CleanAir,0.0,2026-09-18 22:51:15
125,3.39713,0.58113,27177,4649,27177,4649,0.0,0,0,CleanAir,0.0,2026-09-18 22:51:15
126,3.34813,0.58313,26785,4665,26785,4665,0.0,0,0,CleanAir,0.0,2026-09-18 22:51:16
127,3.35538,0.57975,26843,4638,26843,4638,0.0,0,0,CleanAir,0.0,2026-09-18 22:51:16
128,3.30275,0.5805,26422,4644,26422,4644,0.0,0,0,CleanAir,0.0,2026-09-18 22:51:17
189,2.65275,0.583,21222,4664,21222,4664,0.0,0,0,CleanAir,0.0,2026-09-18 22:51:40
190,2.6745,0.582,21396,4656,21396,4656,0.0,0,0,CleanAir,0.0,2026-09-18 22:51:40
191,2.64738,0.58338,21179,4667,21179,4667,0.0,0,0,CleanAir,0.0,2026-09-18 22:51:40
192,2.67038,0.5795,21363,4636,21363,4636,0.0,0,0,CleanAir,0.0,2026-09-18 22:51:41
193,2.6445,0.57925,21156,4634,21156,4634,0.0,0,0,CleanAir,0.0,2026-09-18 22:51:41
194,2.66075,0.57888,21286,4631,21286,4631,0.0,0,0,CleanAir,0.0,2026-09-18 22:51:42
195,2.66313,0.57963,21305,4637,21305,4637,0.0,0,0,CleanAir,0.0,2026-09-18 22:51:42
196,2.65988,0.58338,21279,4667,21279,4667,0.0,0,0,CleanAir,0.0,2026-09-18 22:51:42
197,2.65675,0.57863,21254,4629,21254,4629,0.0,0,0,CleanAir,0.0,2026-09-18 22:51:43
198,2.65463,0.582,21237,4656,21237,4656,0.0,0,0,CleanAir,0.0,2026-09-18 22:51:43
199,2.63725,0.57938,21098,4635,21098,4635,0.0,0,0,CleanAir,0.0,2026-09-18 22:51:44
200,2.65013,0.5785,21201,4628,21201,4628,0.0,0,0,CleanAir,0.0,2026-09-18 22:51:44
201,2.64738,0.583,21179,4664,21179,4664,0.0,0,0,CleanAir,0.0,2026-09-18 22:51:44
202,2.64613,0.582,21169,4656,21169,4656,0.0,0,0,CleanAir,0.0,2026-09-18 22:51:45
203,2.634,0.581,21072,4648,21072,4648,0.0,0,0,CleanAir,0.0,2026-09-18 22:51:45
204,2.61825,0.58263,20946,4661,20946,4661,0.0,0,0,CleanAir,0.0,2026-09-18 22:51:46
205,2.61563,0.58275,20925,4662,20925,4662,0.0,0,0,CleanAir,0.0,2026-09-18 22:51:46
206,2.63875,0.57838,21110,4627,21110,4627,0.0,0,0,CleanAir,0.0,2026-09-18 22:51:46
207,2.613,0.58263,20904,4661,20904,4661,0.0,0,0,CleanAir,0.0,2026-09-18 22:51:47
208,2.6355,0.5795,21084,4636,21084,4636,0.0,0,0,CleanAir,0.0,2026-09-18 22:51:47
209,2.63438,0.579,21075,4632,21075,4632,0.0,0,0,CleanAir,0.0,2026-09-18 22:51:48
210,2.60888,0.57963,20871,4637,20871,4637,0.0,0,0,CleanAir,0.0,2026-09-18 22:51:48
211,2.60725,0.57913,20858,4633,20858,4633,0.0,0,0,CleanAir,0.0,2026-09-18 22:51:48
212,2.6055,0.58075,20844,4646,20844,4646,0.0,0,0,CleanAir,0.0,2026-09-18 22:51:49
213,2.629,0.57825,21032,4626,21032,4626,0.0,0,0,CleanAir,0.0,2026-09-18 22:51:49
214,2.60425,0.5795,20834,4636,20834,4636,0.0,0,0,CleanAir,0.0,2026-09-18 22:51:50
215,2.62763,0.58038,21021,4643,21021,4643,0.0,0,0,CleanAir,0.0,2026-09-18 22:51:50
216,2.62375,0.58163,20990,4653,20990,4653,0.0,0,0,CleanAir,0.0,2026-09-18 22:51:51
217,2.59913,0.57838,20793,4627,20793,4627,0.0,0,0,CleanAir,0.0,2026-09-18 22:51:51
218,2.615,0.58125,20920,4650,20920,4650,0.0,0,0,CleanAir,0.0,2026-09-18 22:51:52
219,2.59738,0.57925,20779,4634,20779,4634,0.0,0,0,CleanAir,0.0,2026-09-18 22:51:52
220,2.61975,0.57888,20958,4631,20958,4631,0.0,0,0,CleanAir,0.0,2026-09-18 22:51:53
221,2.59663,0.57825,20773,4626,20773,4626,0.0,0,0,CleanAir,0.0,2026-09-18 22:51:53
223,2.59188,0.5815,20735,4652,20735,4652,0.0,0,0,CleanAir,0.0,2026-09-18 22:51:54
224,2.6155,0.5805,20924,4644,20924,4644,0.0,0,0,CleanAir,0.0,2026-09-18 22:51:55
225,2.59063,0.58313,20725,4665,20725,4665,0.0,0,0,CleanAir,0.0,2026-09-18 22:51:55
226,2.61425,0.5835,20914,4668,20914,4668,0.0,0,0,CleanAir,0.0,2026-09-18 22:51:56
227,2.59088,0.58088,20727,4647,20727,4647,0.0,0,0,CleanAir,0.0,2026-09-18 22:51:56
229,2.613,0.58063,20904,4645,20904,4645,0.0,0,0,CleanAir,0.0,2026-09-18 22:51:56
230,2.59925,0.57788,20794,4623,20794,4623,0.0,0,0,CleanAir,0.0,2026-09-18 22:51:57
231,2.61138,0.57838,20891,4627,20891,4627,0.0,0,0,CleanAir,0.0,2026-09-18 22:51:57
232,2.58638,0.58,20691,4640,20691,4640,0.0,0,0,CleanAir,0.0,2026-09-18 22:51:58
233,2.58725,0.58013,20698,4641,20698,4641,0.0,0,0,CleanAir,0.0,2026-09-18 22:51:58
234,2.5865,0.57925,20692,4634,20692,4634,0.0,0,0,CleanAir,0.0,2026-09-18 22:51:59
235,2.60838,0.58113,20867,4649,20867,4649,0.0,0,0,CleanAir,0.0,2026-09-18 22:51:59
236,2.609,0.58063,20872,4645,20872,4645,0.0,0,0,CleanAir,0.0,2026-09-18 22:51:59
237,2.60775,0.57963,20862,4637,20862,4637,0.0,0,0,CleanAir,0.0,2026-09-18 22:52:00
238,2.58313,0.58113,20665,4649,20665,4649,0.0,0,0,CleanAir,0.0,2026-09-18 22:52:00
240,2.58188,0.5815,20655,4652,20655,4652,0.0,0,0,CleanAir,0.0,2026-09-18 22:52:01
241,2.60563,0.57838,20845,4627,20845,4627,0.0,0,0,CleanAir,0.0,2026-09-18 22:52:01
242,2.60613,0.57975,20849,4638,20849,4638,0.0,0,0,CleanAir,0.0,2026-09-18 22:52:02
243,2.60438,0.58338,20835,4667,20835,4667,0.0,0,0,CleanAir,0.0,2026-09-18 22:52:02
244,2.60538,0.58075,20843,4646,20843,4646,0.0,0,0,CleanAir,0.0,2026-09-18 22:52:03
245,2.58063,0.58238,20645,4659,20645,4659,0.0,0,0,CleanAir,0.0,2026-09-18 22:52:03
246,2.60413,0.58063,20833,4645,20833,4645,0.0,0,0,CleanAir,0.0,2026-09-18 22:52:03
247,2.59438,0.583,20755,4664,20755,4664,0.0,0,0,CleanAir,0.0,2026-09-18 22:52:04
248,2.60388,0.57938,20831,4635,20831,4635,0.0,0,0,CleanAir,0.0,2026-09-18 22:52:04
249,2.60388,0.58063,20831,4645,20831,4645,0.0,0,0,CleanAir,0.0,2026-09-18 22:52:04
0,2.45363,0.58313,19629,4665,19629,4665,3.3,255,0,CleanAir,0.0,2026-09-18 22:52:05
1,2.52213,0.58213,20177,4657,20177,4657,3.3,255,0,CleanAir,0.0,2026-09-18 22:52:05
2,2.57938,0.58375,20635,4670,20635,4670,3.3,255,0,CleanAir,0.0,2026-09-18 22:52:06
4,2.613,0.58375,20904,4670,20904,4670,3.3,255,0,CleanAir,0.0,2026-09-18 22:52:07
6,2.66925,0.58675,21354,4694,21354,4694,3.3,255,0,CleanAir,0.0,2026-09-18 22:52:08
7,2.71675,0.58688,21734,4695,21734,4695,3.3,255,0,CleanAir,0.0,2026-09-18 22:52:08
8,2.744,0.58363,21952,4669,21952,4669,3.3,255,0,CleanAir,0.0,2026-09-18 22:52:08
9,2.76375,0.58688,22110,4695,22110,4695,3.3,255,0,CleanAir,0.0,2026-09-18 22:52:09
10,2.769,0.5875,22152,4700,22152,4700,3.3,255,0,CleanAir,0.0,2026-09-18 22:52:09
12,2.80688,0.58613,22455,4689,22455,4689,3.3,255,0,CleanAir,0.0,2026-09-18 22:52:10
13,2.85425,0.58388,22834,4671,22834,4671,3.3,255,0,CleanAir,0.0,2026-09-18 22:52:11
15,2.89163,0.58413,23133,4673,23133,4673,3.3,255,0,CleanAir,0.0,2026-09-18 22:52:11
16,2.875,0.58338,23000,4667,23000,4667,3.3,255,0,CleanAir,0.0,2026-09-18 22:52:12
17,2.91975,0.58375,23358,4670,23358,4670,3.3,255,0,CleanAir,0.0,2026-09-18 22:52:12
19,2.94413,0.5855,23553,4684,23553,4684,3.3,255,0,CleanAir,0.0,2026-09-18 22:52:12
20,2.95588,0.58713,23647,4697,23647,4697,3.3,255,0,CleanAir,0.0,2026-09-18 22:52:13
21,2.96775,0.58625,23742,4690,23742,4690,3.3,255,0,CleanAir,0.0,2026-09-18 22:52:13
22,2.97838,0.58637,23827,4691,23827,4691,3.3,255,0,CleanAir,0.0,2026-09-18 22:52:14
23,2.96213,0.58738,23697,4699,23697,4699,3.3,255,0,CleanAir,0.0,2026-09-18 22:52:14
24,2.99963,0.58763,23997,4701,23997,4701,3.3,255,0,CleanAir,0.0,2026-09-18 22:52:15
25,2.98063,0.58688,23845,4695,23845,4695,3.3,255,0,CleanAir,0.0,2026-09-18 22:52:15
26,3.02275,0.58663,24182,4693,24182,4693,3.3,255,0,CleanAir,0.0,2026-09-18 22:52:15
27,3.03313,0.58525,24265,4682,24265,4682,3.3,255,0,CleanAir,0.0,2026-09-18 22:52:16
28,3.01225,0.58475,24098,4678,24098,4678,3.3,255,0,CleanAir,0.0,2026-09-18 22:52:16
29,3.0475,0.58413,24380,4673,24380,4673,3.3,255,0,CleanAir,0.0,2026-09-18 22:52:17
31,3.06113,0.5835,24489,4668,24489,4668,3.3,255,0,CleanAir,0.0,2026-09-18 22:52:17
33,3.0735,0.58288,24588,4663,24588,4663,3.3,255,0,CleanAir,0.0,2026-09-18 22:52:18
35,3.0675,0.58613,24540,4689,24540,4689,3.3,255,0,CleanAir,0.0,2026-09-18 22:52:19
36,3.092,0.583,24736,4664,24736,4664,3.3,255,0,CleanAir,0.0,2026-09-18 22:52:19
37,3.0875,0.58675,24700,4694,24700,4694,3.3,255,0,CleanAir,0.0,2026-09-18 22:52:20
39,3.07738,0.58725,24619,4698,24619,4698,3.3,255,0,CleanAir,0.0,2026-09-18 22:52:20
40,3.10988,0.58313,24879,4665,24879,4665,3.3,255,0,CleanAir,0.0,2026-09-18 22:52:21
42,3.1165,0.5845,24932,4676,24932,4676,3.3,255,0,CleanAir,0.0,2026-09-18 22:52:21
43,3.09088,0.58488,24727,4679,24727,4679,3.3,255,0,CleanAir,0.0,2026-09-18 22:52:22
45,3.09763,0.585,24781,4680,24781,4680,3.3,255,0,CleanAir,0.0,2026-09-18 22:52:22
46,3.13,0.5875,25040,4700,25040,4700,3.3,255,0,CleanAir,0.0,2026-09-18 22:52:23
47,3.13225,0.58725,25058,4698,25058,4698,3.3,255,0,CleanAir,0.0,2026-09-18 22:52:23
48,3.12,0.58763,24960,4701,24960,4701,3.3,255,0,CleanAir,0.0,2026-09-18 22:52:24
50,3.12413,0.5875,24993,4700,24993,4700,3.3,255,0,CleanAir,0.0,2026-09-18 22:52:24
51,3.14275,0.58688,25142,4695,25142,4695,3.3,255,0,CleanAir,0.0,2026-09-18 22:52:25
52,3.116,0.58463,24928,4677,24928,4677,3.3,255,0,CleanAir,0.0,2026-09-18 22:52:25
53,3.14775,0.58775,25182,4702,25182,4702,3.3,255,0,CleanAir,0.0,2026-09-18 22:52:26
54,3.1455,0.583,25164,4664,25164,4664,3.3,255,0,CleanAir,0.0,2026-09-18 22:52:26
55,3.15763,0.58463,25261,4677,25261,4677,3.3,255,0,CleanAir,0.0,2026-09-18 22:52:27
56,3.1585,0.58775,25268,4702,25268,4702,3.3,255,0,CleanAir,0.0,2026-09-18 22:52:27
57,3.14413,0.58363,25153,4669,25153,4669,3.3,255,0,CleanAir,0.0,2026-09-18 22:52:28
58,3.13313,0.58438,25065,4675,25065,4675,3.3,255,0,CleanAir,0.0,2026-09-18 22:52:28
59,3.16313,0.58738,25305,4699,25305,4699,3.3,255,0,CleanAir,0.0,2026-09-18 22:52:29
60,3.14288,0.5865,25143,4692,25143,4692,3.3,255,0,CleanAir,0.0,2026-09-18 22:52:29
62,3.13875,0.58763,25110,4701,25110,4701,3.3,255,0,CleanAir,0.0,2026-09-18 22:52:30
63,3.1695,0.58513,25356,4681,25356,4681,3.3,255,0,CleanAir,0.0,2026-09-18 22:52:30
64,3.17263,0.58338,25381,4667,25381,4667,3.3,255,0,CleanAir,0.0,2026-09-18 22:52:31
65,3.17375,0.58375,25390,4670,25390,4670,3.3,255,0,CleanAir,0.0,2026-09-18 22:52:31
66,3.17388,0.58363,25391,4669,25391,4669,3.3,255,0,CleanAir,0.0,2026-09-18 22:52:32
67,3.17488,0.58363,25399,4669,25399,4669,3.3,255,0,CleanAir,0.0,2026-09-18 22:52:32
68,3.14663,0.58313,25173,4665,25173,4665,3.3,255,0,CleanAir,0.0,2026-09-18 22:52:33
69,3.1775,0.58425,25420,4674,25420,4674,3.3,255,0,CleanAir,0.0,2026-09-18 22:52:33
71,3.1785,0.58375,25428,4670,25428,4670,3.3,255,0,CleanAir,0.0,2026-09-18 22:52:33
72,3.15388,0.58613,25231,4689,25231,4689,3.3,255,0,CleanAir,0.0,2026-09-18 22:52:34
73,3.17988,0.58725,25439,4698,25439,4698,3.3,255,0,CleanAir,0.0,2026-09-18 22:52:34
74,3.18175,0.58363,25454,4669,25454,4669,3.3,255,0,CleanAir,0.0,2026-09-18 22:52:35
76,3.18275,0.58625,25462,4690,25462,4690,3.3,255,0,CleanAir,0.0,2026-09-18 22:52:36
77,3.18263,0.587,25461,4696,25461,4696,3.3,255,0,CleanAir,0.0,2026-09-18 22:52:36
79,3.15538,0.58438,25243,4675,25243,4675,3.3,255,0,CleanAir,0.0,2026-09-18 22:52:37
80,3.18538,0.584,25483,4672,25483,4672,3.3,255,0,CleanAir,0.0,2026-09-18 22:52:38
82,3.18625,0.58525,25490,4682,25490,4682,3.3,255,0,CleanAir,0.0,2026-09-18 22:52:38
83,3.1865,0.58413,25492,4673,25492,4673,3.3,255,0,CleanAir,0.0,2026-09-18 22:52:39
84,3.15925,0.58288,25274,4663,25274,4663,3.3,255,0,CleanAir,0.0,2026-09-18 22:52:39
85,3.17463,0.587,25397,4696,25397,4696,3.3,255,0,CleanAir,0.0,2026-09-18 22:52:40
86,3.15813,0.58725,25265,4698,25265,4698,3.3,255,0,CleanAir,0.0,2026-09-18 22:52:40
87,3.17938,0.58313,25435,4665,25435,4665,3.3,255,0,CleanAir,0.0,2026-09-18 22:52:41
88,3.18863,0.58488,25509,4679,25509,4679,3.3,255,0,CleanAir,0.0,2026-09-18 22:52:41
90,3.1595,0.58725,25276,4698,25276,4698,3.3,255,0,CleanAir,0.0,2026-09-18 22:52:42
91,3.18888,0.587,25511,4696,25511,4696,3.3,255,0,CleanAir,0.0,2026-09-18 22:52:42
92,3.17325,0.58413,25386,4673,25386,4673,3.3,255,0,CleanAir,0.0,2026-09-18 22:52:42
94,3.1615,0.58363,25292,4669,25292,4669,3.3,255,0,CleanAir,0.0,2026-09-18 22:52:43
95,3.19063,0.58463,25525,4677,25525,4677,3.3,255,0,CleanAir,0.0,2026-09-18 22:52:43
96,3.16038,0.58613,25283,4689,25283,4689,3.3,255,0,CleanAir,0.0,2026-09-18 22:52:44
97,3.1905,0.58538,25524,4683,25524,4683,3.3,255,0,CleanAir,0.0,2026-09-18 22:52:44
99,3.18963,0.58413,25517,4673,25517,4673,3.3,255,0,CleanAir,0.0,2026-09-18 22:52:45
100,3.1905,0.58725,25524,4698,25524,4698,3.3,255,0,CleanAir,0.0,2026-09-18 22:52:45
101,3.18975,0.58763,25518,4701,25518,4701,3.3,255,0,CleanAir,0.0,2026-09-18 22:52:46
102,3.16088,0.58475,25287,4678,25287,4678,3.3,255,0,CleanAir,0.0,2026-09-18 22:52:46
103,3.16113,0.58438,25289,4675,25289,4675,3.3,255,0,CleanAir,0.0,2026-09-18 22:52:46
105,3.171,0.5875,25368,4700,25368,4700,3.3,255,0,CleanAir,0.0,2026-09-18 22:52:47
106,3.19088,0.58738,25527,4699,25527,4699,3.3,255,0,CleanAir,0.0,2026-09-18 22:52:48
107,3.19063,0.58513,25525,4681,25525,4681,3.3,255,0,CleanAir,0.0,2026-09-18 22:52:48
108,3.19113,0.58588,25529,4687,25529,4687,3.3,255,0,CleanAir,0.0,2026-09-18 22:52:48
109,3.19113,0.587,25529,4696,25529,4696,3.3,255,0,CleanAir,0.0,2026-09-18 22:52:49
111,3.192,0.58488,25536,4679,25536,4679,3.3,255,0,CleanAir,0.0,2026-09-18 22:52:49
112,3.163,0.5865,25304,4692,25304,4692,3.3,255,0,CleanAir,0.0,2026-09-18 22:52:50
113,3.16313,0.5845,25305,4676,25305,4676,3.3,255,0,CleanAir,0.0,2026-09-18 22:52:50
114,3.19125,0.58363,25530,4669,25530,4669,3.3,255,0,CleanAir,0.0,2026-09-18 22:52:51
115,3.163,0.582,25304,4656,25304,4656,3.3,255,0,CleanAir,0.0,2026-09-18 22:52:52
116,3.19288,0.58275,25543,4662,25543,4662,3.3,255,0,CleanAir,0.0,2026-09-18 22:52:52
117,3.193,0.58738,25544,4699,25544,4699,3.3,255,0,CleanAir,0.0,2026-09-18 22:52:53
120,3.19313,0.5875,25545,4700,25545,4700,3.3,255,0,CleanAir,0.0,2026-09-18 22:52:54
121,3.19388,0.58563,25551,4685,25551,4685,3.3,255,0,CleanAir,0.0,2026-09-18 22:52:54
122,3.19325,0.58738,25546,4699,25546,4699,3.3,255,0,CleanAir,0.0,2026-09-18 22:52:55
123,3.16363,0.5835,25309,4668,25309,4668,3.3,255,0,CleanAir,0.0,2026-09-18 22:52:55
124,3.16325,0.58425,25306,4674,25306,4674,3.3,255,0,CleanAir,0.0,2026-09-18 22:52:56
126,3.34013,0.57938,26721,4635,26721,4635,0.0,0,0,CleanAir,0.0,2026-09-18 22:52:56
127,3.34613,0.58013,26769,4641,26769,4641,0.0,0,0,CleanAir,0.0,2026-09-18 22:52:57
128,3.31138,0.58013,26491,4641,26491,4641,0.0,0,0,CleanAir,0.0,2026-09-18 22:52:57
129,3.25975,0.57988,26078,4639,26078,4639,0.0,0,0,CleanAir,0.0,2026-09-18 22:52:57
130,3.26825,0.57925,26146,4634,26146,4634,0.0,0,0,CleanAir,0.0,2026-09-18 22:52:58
131,3.22525,0.58213,25802,4657,25802,4657,0.0,0,0,CleanAir,0.0,2026-09-18 22:52:58
132,3.19825,0.579,25586,4632,25586,4632,0.0,0,0,CleanAir,0.0,2026-09-18 22:52:59
133,3.1495,0.57875,25196,4630,25196,4630,0.0,0,0,CleanAir,0.0,2026-09-18 22:52:59
134,3.1595,0.58325,25276,4666,25276,4666,0.0,0,0,CleanAir,0.0,2026-09-18 22:53:00
135,3.14063,0.58025,25125,4642,25125,4642,0.0,0,0,CleanAir,0.0,2026-09-18 22:53:00
137,3.10513,0.5815,24841,4652,24841,4652,0.0,0,0,CleanAir,0.0,2026-09-18 22:53:01
138,3.08088,0.579,24647,4632,24647,4632,0.0,0,0,CleanAir,0.0,2026-09-18 22:53:02
139,3.0515,0.58275,24412,4662,24412,4662,0.0,0,0,CleanAir,0.0,2026-09-18 22:53:02
140,3.03675,0.58288,24294,4663,24294,4663,0.0,0,0,CleanAir,0.0,2026-09-18 22:53:03
142,2.97838,0.5785,23827,4628,23827,4628,0.0,0,0,CleanAir,0.0,2026-09-18 22:53:03
143,2.9915,0.57825,23932,4626,23932,4626,0.0,0,0,CleanAir,0.0,2026-09-18 22:53:03
144,2.97338,0.58288,23787,4663,23787,4663,0.0,0,0,CleanAir,0.0,2026-09-18 22:53:04
145,2.95163,0.5815,23613,4652,23613,4652,0.0,0,0,CleanAir,0.0,2026-09-18 22:53:04
146,2.94675,0.582,23574,4656,23574,4656,0.0,0,0,CleanAir,0.0,2026-09-18 22:53:05
147,2.9355,0.583,23484,4664,23484,4664,0.0,0,0,CleanAir,0.0,2026-09-18 22:53:05
148,2.9185,0.579,23348,4632,23348,4632,0.0,0,0,CleanAir,0.0,2026-09-18 22:53:06
150,2.8965,0.582,23172,4656,23172,4656,0.0,0,0,CleanAir,0.0,2026-09-18 22:53:06
151,2.86113,0.583,22889,4664,22889,4664,0.0,0,0,CleanAir,0.0,2026-09-18 22:53:07
152,2.87438,0.57963,22995,4637,22995,4637,0.0,0,0,CleanAir,0.0,2026-09-18 22:53:07
153,2.83913,0.57825,22713,4626,22713,4626,0.0,0,0,CleanAir,0.0,2026-09-18 22:53:08
155,2.81975,0.58263,22558,4661,22558,4661,0.0,0,0,CleanAir,0.0,2026-09-18 22:53:08
156,2.83275,0.58213,22662,4657,22662,4657,0.0,0,0,CleanAir,0.0,2026-09-18 22:53:09
157,2.82238,0.58025,22579,4642,22579,4642,0.0,0,0,CleanAir,0.0,2026-09-18 22:53:09
158,2.797,0.5795,22376,4636,22376,4636,0.0,0,0,CleanAir,0.0,2026-09-18 22:53:10
159,2.76225,0.57913,22098,4633,22098,4633,0.0,0,0,CleanAir,0.0,2026-09-18 22:53:11
161,2.74638,0.5795,21971,4636,21971,4636,0.0,0,0,CleanAir,0.0,2026-09-18 22:53:12
162,2.7635,0.58038,22108,4643,22108,4643,0.0,0,0,CleanAir,0.0,2026-09-18 22:53:12
163,2.75313,0.57913,22025,4633,22025,4633,0.0,0,0,CleanAir,0.0,2026-09-18 22:53:13
164,2.74725,0.58038,21978,4643,21978,4643,0.0,0,0,CleanAir,0.0,2026-09-18 22:53:13
165,2.7415,0.58325,21932,4666,21932,4666,0.0,0,0,CleanAir,0.0,2026-09-18 22:53:14
166,2.71063,0.5805,21685,4644,21685,4644,0.0,0,0,CleanAir,0.0,2026-09-18 22:53:14
167,2.73038,0.58063,21843,4645,21843,4645,0.0,0,0,CleanAir,0.0,2026-09-18 22:53:15
168,2.72313,0.58025,21785,4642,21785,4642,0.0,0,0,CleanAir,0.0,2026-09-18 22:53:15
169,2.71713,0.57963,21737,4637,21737,4637,0.0,0,0,CleanAir,0.0,2026-09-18 22:53:15
170,2.7115,0.58,21692,4640,21692,4640,0.0,0,0,CleanAir,0.0,2026-09-18 22:53:16
171,2.67963,0.58075,21437,4646,21437,4646,0.0,0,0,CleanAir,0.0,2026-09-18 22:53:17
172,2.67475,0.57925,21398,4634,21398,4634,0.0,0,0,CleanAir,0.0,2026-09-18 22:53:17
173,2.67825,0.5825,21426,4660,21426,4660,0.0,0,0,CleanAir,0.0,2026-09-18 22:53:17
174,2.69013,0.58188,21521,4655,21521,4655,0.0,0,0,CleanAir,0.0,2026-09-18 22:53:18
175,2.66238,0.58188,21299,4655,21299,4655,0.0,0,0,CleanAir,0.0,2026-09-18 22:53:18
176,2.68375,0.58225,21470,4658,21470,4658,0.0,0,0,CleanAir,0.0,2026-09-18 22:53:18
177,2.67863,0.58138,21429,4651,21429,4651,0.0,0,0,CleanAir,0.0,2026-09-18 22:53:19
178,2.654,0.57875,21232,4630,21232,4630,0.0,0,0,CleanAir,0.0,2026-09-18 22:53:19
179,2.67275,0.57875,21382,4630,21382,4630,0.0,0,0,CleanAir,0.0,2026-09-18 22:53:20
180,2.66963,0.58088,21357,4647,21357,4647,0.0,0,0,CleanAir,0.0,2026-09-18 22:53:20
181,2.643,0.57788,21144,4623,21144,4623,0.0,0,0,CleanAir,0.0,2026-09-18 22:53:21
182,2.65925,0.58238,21274,4659,21274,4659,0.0,0,0,CleanAir,0.0,2026-09-18 22:53:22
183,2.65713,0.58025,21257,4642,21257,4642,0.0,0,0,CleanAir,0.0,2026-09-18 22:53:22
184,2.6435,0.582,21148,4656,21148,4656,0.0,0,0,CleanAir,0.0,2026-09-18 22:53:23
185,2.65063,0.58088,21205,4647,21205,4647,0.0,0,0,CleanAir,0.0,2026-09-18 22:53:23
186,2.64975,0.57975,21198,4638,21198,4638,0.0,0,0,CleanAir,0.0,2026-09-18 22:53:23
187,2.647,0.57963,21176,4637,21176,4637,0.0,0,0,CleanAir,0.0,2026-09-18 22:53:24
188,2.64463,0.58038,21157,4643,21157,4643,0.0,0,0,CleanAir,0.0,2026-09-18 22:53:24
189,2.61913,0.58013,20953,4641,20953,4641,0.0,0,0,CleanAir,0.0,2026-09-18 22:53:24
190,2.63863,0.58125,21109,4650,21109,4650,0.0,0,0,CleanAir,0.0,2026-09-18 22:53:26
191,2.63513,0.58188,21081,4655,21081,4655,0.0,0,0,CleanAir,0.0,2026-09-18 22:53:26
192,2.63375,0.58088,21070,4647,21070,4647,0.0,0,0,CleanAir,0.0,2026-09-18 22:53:27
193,2.63088,0.58263,21047,4661,21047,4661,0.0,0,0,CleanAir,0.0,2026-09-18 22:53:27
194,2.6195,0.58338,20956,4667,20956,4667,0.0,0,0,CleanAir,0.0,2026-09-18 22:53:27
195,2.61938,0.57988,20955,4639,20955,4639,0.0,0,0,CleanAir,0.0,2026-09-18 22:53:28
196,2.60175,0.583,20814,4664,20814,4664,0.0,0,0,CleanAir,0.0,2026-09-18 22:53:29
197,2.624,0.583,20992,4664,20992,4664,0.0,0,0,CleanAir,0.0,2026-09-18 22:53:29
198,2.6005,0.57988,20804,4639,20804,4639,0.0,0,0,CleanAir,0.0,2026-09-18 22:53:30
199,2.62263,0.57913,20981,4633,20981,4633,0.0,0,0,CleanAir,0.0,2026-09-18 22:53:30
200,2.62125,0.58275,20970,4662,20970,4662,0.0,0,0,CleanAir,0.0,2026-09-18 22:53:31
201,2.62,0.57863,20960,4629,20960,4629,0.0,0,0,CleanAir,0.0,2026-09-18 22:53:31
202,2.61825,0.57863,20946,4629,20946,4629,0.0,0,0,CleanAir,0.0,2026-09-18 22:53:31
203,2.61738,0.57788,20939,4623,20939,4623,0.0,0,0,CleanAir,0.0,2026-09-18 22:53:32
204,2.61575,0.58338,20926,4667,20926,4667,0.0,0,0,CleanAir,0.0,2026-09-18 22:53:32
205,2.61438,0.581,20915,4648,20915,4648,0.0,0,0,CleanAir,0.0,2026-09-18 22:53:33
206,2.59,0.57988,20720,4639,20720,4639,0.0,0,0,CleanAir,0.0,2026-09-18 22:53:33
207,2.61275,0.58313,20902,4665,20902,4665,0.0,0,0,CleanAir,0.0,2026-09-18 22:53:34
208,2.61113,0.57988,20889,4639,20889,4639,0.0,0,0,CleanAir,0.0,2026-09-18 22:53:34
209,2.61125,0.5785,20890,4628,20890,4628,0.0,0,0,CleanAir,0.0,2026-09-18 22:53:35
210,2.60363,0.58188,20829,4655,20829,4655,0.0,0,0,CleanAir,0.0,2026-09-18 22:53:35
211,2.60525,0.58313,20842,4665,20842,4665,0.0,0,0,CleanAir,0.0,2026-09-18 22:53:36
212,2.59838,0.579,20787,4632,20787,4632,0.0,0,0,CleanAir,0.0,2026-09-18 22:53:36
213,2.60738,0.58163,20859,4653,20859,4653,0.0,0,0,CleanAir,0.0,2026-09-18 22:53:36
214,2.60663,0.58238,20853,4659,20853,4659,0.0,0,0,CleanAir,0.0,2026-09-18 22:53:37
215,2.60725,0.57988,20858,4639,20858,4639,0.0,0,0,CleanAir,0.0,2026-09-18 22:53:37
216,2.60625,0.58025,20850,4642,20850,4642,0.0,0,0,CleanAir,0.0,2026-09-18 22:53:38
217,2.58163,0.58275,20653,4662,20653,4662,0.0,0,0,CleanAir,0.0,2026-09-18 22:53:38
218,2.60488,0.57938,20839,4635,20839,4635,0.0,0,0,CleanAir,0.0,2026-09-18 22:53:39
219,2.58075,0.5835,20646,4668,20646,4668,0.0,0,0,CleanAir,0.0,2026-09-18 22:53:39
220,2.60413,0.583,20833,4664,20833,4664,0.0,0,0,CleanAir,0.0,2026-09-18 22:53:40
221,2.60263,0.58263,20821,4661,20821,4661,0.0,0,0,CleanAir,0.0,2026-09-18 22:53:40
222,2.60163,0.58075,20813,4646,20813,4646,0.0,0,0,CleanAir,0.0,2026-09-18 22:53:40
223,2.60113,0.58013,20809,4641,20809,4641,0.0,0,0,CleanAir,0.0,2026-09-18 22:53:41
224,2.60125,0.58063,20810,4645,20810,4645,0.0,0,0,CleanAir,0.0,2026-09-18 22:53:41
225,2.57738,0.57988,20619,4639,20619,4639,0.0,0,0,CleanAir,0.0,2026-09-18 22:53:42
226,2.60075,0.57888,20806,4631,20806,4631,0.0,0,0,CleanAir,0.0,2026-09-18 22:53:42
227,2.5985,0.58325,20788,4666,20788,4666,0.0,0,0,CleanAir,0.0,2026-09-18 22:53:43
228,2.57538,0.5785,20603,4628,20603,4628,0.0,0,0,CleanAir,0.0,2026-09-18 22:53:43
229,2.5985,0.57975,20788,4638,20788,4638,0.0,0,0,CleanAir,0.0,2026-09-18 22:53:44
230,2.59938,0.57975,20795,4638,20795,4638,0.0,0,0,CleanAir,0.0,2026-09-18 22:53:44
231,2.57988,0.57812,20639,4625,20639,4625,0.0,0,0,CleanAir,0.0,2026-09-18 22:53:44
232,2.5975,0.57838,20780,4627,20780,4627,0.0,0,0,CleanAir,0.0,2026-09-18 22:53:45
233,2.59725,0.58338,20778,4667,20778,4667,0.0,0,0,CleanAir,0.0,2026-09-18 22:53:45
234,2.59788,0.58063,20783,4645,20783,4645,0.0,0,0,CleanAir,0.0,2026-09-18 22:53:46
235,2.59613,0.58263,20769,4661,20769,4661,0.0,0,0,CleanAir,0.0,2026-09-18 22:53:46
236,2.596,0.582,20768,4656,20768,4656,0.0,0,0,CleanAir,0.0,2026-09-18 22:53:47
237,2.58825,0.58138,20706,4651,20706,4651,0.0,0,0,CleanAir,0.0,2026-09-18 22:53:47
238,2.59563,0.5825,20765,4660,20765,4660,0.0,0,0,CleanAir,0.0,2026-09-18 22:53:47
239,2.595,0.58138,20760,4651,20760,4651,0.0,0,0,CleanAir,0.0,2026-09-18 22:53:48
240,2.59563,0.57913,20765,4633,20765,4633,0.0,0,0,CleanAir,0.0,2026-09-18 22:53:49
241,2.59463,0.583,20757,4664,20757,4664,0.0,0,0,CleanAir,0.0,2026-09-18 22:53:49
242,2.57213,0.5785,20577,4628,20577,4628,0.0,0,0,CleanAir,0.0,2026-09-18 22:53:50
243,2.594,0.57888,20752,4631,20752,4631,0.0,0,0,CleanAir,0.0,2026-09-18 22:53:50
244,2.56913,0.5795,20553,4636,20553,4636,0.0,0,0,CleanAir,0.0,2026-09-18 22:53:51
245,2.59338,0.5795,20747,4636,20747,4636,0.0,0,0,CleanAir,0.0,2026-09-18 22:53:51
246,2.593,0.58238,20744,4659,20744,4659,0.0,0,0,CleanAir,0.0,2026-09-18 22:53:52
247,2.57,0.5805,20560,4644,20560,4644,0.0,0,0,CleanAir,0.0,2026-09-18 22:53:52
248,2.593,0.58,20744,4640,20744,4640,0.0,0,0,CleanAir,0.0,2026-09-18 22:53:52
249,2.59088,0.58213,20727,4657,20727,4657,0.0,0,0,CleanAir,0.0,2026-09-18 22:53:53
0,2.44388,0.58513,19551,4681,19551,4681,3.3,255,0,CleanAir,0.0,2026-09-18 22:53:53
1,2.503,0.584,20024,4672,20024,4672,3.3,255,0,CleanAir,0.0,2026-09-18 22:53:54
2,2.5495,0.58525,20396,4682,20396,4682,3.3,255,0,CleanAir,0.0,2026-09-18 22:53:54
3,2.59475,0.58413,20758,4673,20758,4673,3.3,255,0,CleanAir,0.0,2026-09-18 22:53:55
4,2.6355,0.58438,21084,4675,21084,4675,3.3,255,0,CleanAir,0.0,2026-09-18 22:53:55
5,2.67263,0.58738,21381,4699,21381,4699,3.3,255,0,CleanAir,0.0,2026-09-18 22:53:56
6,2.67863,0.58713,21429,4697,21429,4697,3.3,255,0,CleanAir,0.0,2026-09-18 22:53:56
7,2.74025,0.585,21922,4680,21922,4680,3.3,255,0,CleanAir,0.0,2026-09-18 22:53:57
8,2.79,0.58388,22320,4671,22320,4671,3.3,255,0,CleanAir,0.0,2026-09-18 22:53:58
9,2.79225,0.584,22338,4672,22338,4672,3.3,255,0,CleanAir,0.0,2026-09-18 22:53:58
10,2.83675,0.58338,22694,4667,22694,4667,3.3,255,0,CleanAir,0.0,2026-09-18 22:53:59
11,2.83288,0.58688,22663,4695,22663,4695,3.3,255,0,CleanAir,0.0,2026-09-18 22:53:59
12,2.8695,0.587,22956,4696,22956,4696,3.3,255,0,CleanAir,0.0,2026-09-18 22:53:59
13,2.89513,0.58425,23161,4674,23161,4674,3.3,255,0,CleanAir,0.0,2026-09-18 22:54:00
14,2.88225,0.58413,23058,4673,23058,4673,3.3,255,0,CleanAir,0.0,2026-09-18 22:54:00
15,2.92213,0.58388,23377,4671,23377,4671,3.3,255,0,CleanAir,0.0,2026-09-18 22:54:01
16,2.94038,0.58338,23523,4667,23523,4667,3.3,255,0,CleanAir,0.0,2026-09-18 22:54:01
17,2.92488,0.58663,23399,4693,23399,4693,3.3,255,0,CleanAir,0.0,2026-09-18 22:54:01
18,2.97,0.58425,23760,4674,23760,4674,3.3,255,0,CleanAir,0.0,2026-09-18 22:54:02
19,2.984,0.58763,23872,4701,23872,4701,3.3,255,0,CleanAir,0.0,2026-09-18 22:54:02
20,2.96613,0.587,23729,4696,23729,4696,3.3,255,0,CleanAir,0.0,2026-09-18 22:54:03
21,3.00225,0.587,24018,4696,24018,4696,3.3,255,0,CleanAir,0.0,2026-09-18 22:54:03
22,3.01488,0.58625,24119,4690,24119,4690,3.3,255,0,CleanAir,0.0,2026-09-18 22:54:04
23,3.02725,0.5845,24218,4676,24218,4676,3.3,255,0,CleanAir,0.0,2026-09-18 22:54:04
24,3.03525,0.58388,24282,4671,24282,4671,3.3,255,0,CleanAir,0.0,2026-09-18 22:54:05
25,3.04488,0.58275,24359,4662,24359,4662,3.3,255,0,CleanAir,0.0,2026-09-18 22:54:05
27,3.05813,0.58388,24465,4671,24465,4671,3.3,255,0,CleanAir,0.0,2026-09-18 22:54:06
28,3.0645,0.5845,24516,4676,24516,4676,3.3,255,0,CleanAir,0.0,2026-09-18 22:54:06
29,3.07275,0.585,24582,4680,24582,4680,3.3,255,0,CleanAir,0.0,2026-09-18 22:54:07
30,3.055,0.58413,24440,4673,24440,4673,3.3,255,0,CleanAir,0.0,2026-09-18 22:54:07
31,3.09,0.58325,24720,4666,24720,4666,3.3,255,0,CleanAir,0.0,2026-09-18 22:54:08
32,3.0945,0.584,24756,4672,24756,4672,3.3,255,0,CleanAir,0.0,2026-09-18 22:54:09
33,3.072,0.5845,24576,4676,24576,4676,3.3,255,0,CleanAir,0.0,2026-09-18 22:54:09
34,3.105,0.58375,24840,4670,24840,4670,3.3,255,0,CleanAir,0.0,2026-09-18 22:54:09
35,3.08025,0.58688,24642,4695,24642,4695,3.3,255,0,CleanAir,0.0,2026-09-18 22:54:10
36,3.11325,0.58375,24906,4670,24906,4670,3.3,255,0,CleanAir,0.0,2026-09-18 22:54:10
38,3.11988,0.58725,24959,4698,24959,4698,3.3,255,0,CleanAir,0.0,2026-09-18 22:54:11
39,3.09438,0.58425,24755,4674,24755,4674,3.3,255,0,CleanAir,0.0,2026-09-18 22:54:11
40,3.12775,0.58263,25022,4661,25022,4661,3.3,255,0,CleanAir,0.0,2026-09-18 22:54:12
41,3.124,0.58525,24992,4682,24992,4682,3.3,255,0,CleanAir,0.0,2026-09-18 22:54:12
42,3.13013,0.58663,25041,4693,25041,4693,3.3,255,0,CleanAir,0.0,2026-09-18 22:54:13
43,3.10813,0.58713,24865,4697,24865,4697,3.3,255,0,CleanAir,0.0,2026-09-18 22:54:13
44,3.11175,0.58475,24894,4678,24894,4678,3.3,255,0,CleanAir,0.0,2026-09-18 22:54:14
45,3.14725,0.58325,25178,4666,25178,4666,3.3,255,0,CleanAir,0.0,2026-09-18 22:54:15
46,3.15038,0.58488,25203,4679,25203,4679,3.3,255,0,CleanAir,0.0,2026-09-18 22:54:15
47,3.12325,0.58413,24986,4673,24986,4673,3.3,255,0,CleanAir,0.0,2026-09-18 22:54:16
48,3.15263,0.58738,25221,4699,25221,4699,3.3,255,0,CleanAir,0.0,2026-09-18 22:54:16
49,3.12525,0.587,25002,4696,25002,4696,3.3,255,0,CleanAir,0.0,2026-09-18 22:54:16
50,3.155,0.58475,25240,4678,25240,4678,3.3,255,0,CleanAir,0.0,2026-09-18 22:54:17
51,3.15725,0.58275,25258,4662,25258,4662,3.3,255,0,CleanAir,0.0,2026-09-18 22:54:17
52,3.15975,0.58713,25278,4697,25278,4697,3.3,255,0,CleanAir,0.0,2026-09-18 22:54:18
54,3.16238,0.58625,25299,4690,25299,4690,3.3,255,0,CleanAir,0.0,2026-09-18 22:54:19
55,3.16425,0.58313,25314,4665,25314,4665,3.3,255,0,CleanAir,0.0,2026-09-18 22:54:19
56,3.16463,0.58625,25317,4690,25317,4690,3.3,255,0,CleanAir,0.0,2026-09-18 22:54:20
57,3.14913,0.58463,25193,4677,25193,4677,3.3,255,0,CleanAir,0.0,2026-09-18 22:54:20
58,3.167,0.58738,25336,4699,25336,4699,3.3,255,0,CleanAir,0.0,2026-09-18 22:54:20
59,3.16788,0.58775,25343,4702,25343,4702,3.3,255,0,CleanAir,0.0,2026-09-18 22:54:21
61,3.1705,0.5835,25364,4668,25364,4668,3.3,255,0,CleanAir,0.0,2026-09-18 22:54:21
62,3.14163,0.58388,25133,4671,25133,4671,3.3,255,0,CleanAir,0.0,2026-09-18 22:54:22
63,3.1435,0.587,25148,4696,25148,4696,3.3,255,0,CleanAir,0.0,2026-09-18 22:54:22
64,3.17413,0.58325,25393,4666,25393,4666,3.3,255,0,CleanAir,0.0,2026-09-18 22:54:23
65,3.17463,0.58313,25397,4665,25397,4665,3.3,255,0,CleanAir,0.0,2026-09-18 22:54:23
66,3.17525,0.584,25402,4672,25402,4672,3.3,255,0,CleanAir,0.0,2026-09-18 22:54:24
67,3.17588,0.58725,25407,4698,25407,4698,3.3,255,0,CleanAir,0.0,2026-09-18 22:54:24
68,3.17675,0.58475,25414,4678,25414,4678,3.3,255,0,CleanAir,0.0,2026-09-18 22:54:24
69,3.14813,0.58325,25185,4666,25185,4666,3.3,255,0,CleanAir,0.0,2026-09-18 22:54:25
70,3.178,0.58388,25424,4671,25424,4671,3.3,255,0,CleanAir,0.0,2026-09-18 22:54:25
71,3.14875,0.58625,25190,4690,25190,4690,3.3,255,0,CleanAir,0.0,2026-09-18 22:54:26
72,3.16425,0.5845,25314,4676,25314,4676,3.3,255,0,CleanAir,0.0,2026-09-18 22:54:26
73,3.17913,0.58438,25433,4675,25433,4675,3.3,255,0,CleanAir,0.0,2026-09-18 22:54:26
74,3.17875,0.58425,25430,4674,25430,4674,3.3,255,0,CleanAir,0.0,2026-09-18 22:54:27
75,3.17888,0.58338,25431,4667,25431,4667,3.3,255,0,CleanAir,0.0,2026-09-18 22:54:27
76,3.18063,0.58538,25445,4683,25445,4683,3.3,255,0,CleanAir,0.0,2026-09-18 22:54:27
77,3.15138,0.58375,25211,4670,25211,4670,3.3,255,0,CleanAir,0.0,2026-09-18 22:54:28
78,3.181,0.58413,25448,4673,25448,4673,3.3,255,0,CleanAir,0.0,2026-09-18 22:54:28
79,3.17913,0.583,25433,4664,25433,4664,3.3,255,0,CleanAir,0.0,2026-09-18 22:54:29
80,3.1805,0.58713,25444,4697,25444,4697,3.3,255,0,CleanAir,0.0,2026-09-18 22:54:29
81,3.18263,0.58338,25461,4667,25461,4667,3.3,255,0,CleanAir,0.0,2026-09-18 22:54:30
82,3.1825,0.58763,25460,4701,25460,4701,3.3,255,0,CleanAir,0.0,2026-09-18 22:54:30
83,3.15075,0.5825,25206,4660,25206,4660,3.3,255,0,CleanAir,0.0,2026-09-18 22:54:31
84,3.15375,0.58375,25230,4670,25230,4670,3.3,255,0,CleanAir,0.0,2026-09-18 22:54:31
85,3.179,0.588,25432,4704,25432,4704,3.3,255,0,CleanAir,0.0,2026-09-18 22:54:32
87,3.18288,0.587,25463,4696,25463,4696,3.3,255,0,CleanAir,0.0,2026-09-18 22:54:32
88,3.18388,0.5845,25471,4676,25471,4676,3.3,255,0,CleanAir,0.0,2026-09-18 22:54:32
89,3.18363,0.58288,25469,4663,25469,4663,3.3,255,0,CleanAir,0.0,2026-09-18 22:54:33
90,3.18438,0.58375,25475,4670,25475,4670,3.3,255,0,CleanAir,0.0,2026-09-18 22:54:34
91,3.18425,0.58413,25474,4673,25474,4673,3.3,255,0,CleanAir,0.0,2026-09-18 22:54:34
92,3.155,0.58375,25240,4670,25240,4670,3.3,255,0,CleanAir,0.0,2026-09-18 22:54:34
93,3.18438,0.58425,25475,4674,25475,4674,3.3,255,0,CleanAir,0.0,2026-09-18 22:54:35
94,3.1845,0.58625,25476,4690,25476,4690,3.3,255,0,CleanAir,0.0,2026-09-18 22:54:35
96,3.155,0.58775,25240,4702,25240,4702,3.3,255,0,CleanAir,0.0,2026-09-18 22:54:36
97,3.18438,0.5865,25475,4692,25475,4692,3.3,255,0,CleanAir,0.0,2026-09-18 22:54:37
98,3.1635,0.58488,25308,4679,25308,4679,3.3,255,0,CleanAir,0.0,2026-09-18 22:54:37
99,3.18488,0.5825,25479,4660,25479,4660,3.3,255,0,CleanAir,0.0,2026-09-18 22:54:37
100,3.16525,0.58325,25322,4666,25322,4666,3.3,255,0,CleanAir,0.0,2026-09-18 22:54:38
101,3.18625,0.5835,25490,4668,25490,4668,3.3,255,0,CleanAir,0.0,2026-09-18 22:54:38
102,3.185,0.58725,25480,4698,25480,4698,3.3,255,0,CleanAir,0.0,2026-09-18 22:54:39
103,3.17288,0.5865,25383,4692,25383,4692,3.3,255,0,CleanAir,0.0,2026-09-18 22:54:39
104,3.18588,0.5865,25487,4692,25487,4692,3.3,255,0,CleanAir,0.0,2026-09-18 22:54:40
105,3.157,0.58588,25256,4687,25256,4687,3.3,255,0,CleanAir,0.0,2026-09-18 22:54:40
106,3.18513,0.5835,25481,4668,25481,4668,3.3,255,0,CleanAir,0.0,2026-09-18 22:54:41
107,3.18563,0.587,25485,4696,25485,4696,3.3,255,0,CleanAir,0.0,2026-09-18 22:54:41
108,3.1575,0.58338,25260,4667,25260,4667,3.3,255,0,CleanAir,0.0,2026-09-18 22:54:41
109,3.16963,0.5845,25357,4676,25357,4676,3.3,255,0,CleanAir,0.0,2026-09-18 22:54:42
110,3.15638,0.58775,25251,4702,25251,4702,3.3,255,0,CleanAir,0.0,2026-09-18 22:54:42
111,3.18563,0.58275,25485,4662,25485,4662,3.3,255,0,CleanAir,0.0,2026-09-18 22:54:43
112,3.185,0.58637,25480,4691,25480,4691,3.3,255,0,CleanAir,0.0,2026-09-18 22:54:43
113,3.18475,0.585,25478,4680,25478,4680,3.3,255,0,CleanAir,0.0,2026-09-18 22:54:43
114,3.1805,0.5875,25444,4700,25444,4700,3.3,255,0,CleanAir,0.0,2026-09-18 22:54:44
115,3.18525,0.58538,25482,4683,25482,4683,3.3,255,0,CleanAir,0.0,2026-09-18 22:54:44
116,3.1845,0.58738,25476,4699,25476,4699,3.3,255,0,CleanAir,0.0,2026-09-18 22:54:45
117,3.18513,0.58375,25481,4670,25481,4670,3.3,255,0,CleanAir,0.0,2026-09-18 22:54:45
118,3.18525,0.58425,25482,4674,25482,4674,3.3,255,0,CleanAir,0.0,2026-09-18 22:54:46
119,3.156,0.58288,25248,4663,25248,4663,3.3,255,0,CleanAir,0.0,2026-09-18 22:54:46
120,3.18463,0.58725,25477,4698,25477,4698,3.3,255,0,CleanAir,0.0,2026-09-18 22:54:47
121,3.18425,0.58275,25474,4662,25474,4662,3.3,255,0,CleanAir,0.0,2026-09-18 22:54:47
122,3.18238,0.58775,25459,4702,25459,4702,3.3,255,0,CleanAir,0.0,2026-09-18 22:54:47
123,3.16063,0.58488,25285,4679,25285,4679,3.3,255,0,CleanAir,0.0,2026-09-18 22:54:48
124,3.184,0.58625,25472,4690,25472,4690,3.3,255,0,CleanAir,0.0,2026-09-18 22:54:49
125,3.36775,0.58275,26942,4662,26942,4662,0.0,0,0,CleanAir,0.0,2026-09-18 22:54:49
126,3.3155,0.58325,26524,4666,26524,4666,0.0,0,0,CleanAir,0.0,2026-09-18 22:54:50
127,3.30775,0.58125,26462,4650,26462,4650,0.0,0,0,CleanAir,0.0,2026-09-18 22:54:50
128,3.2695,0.57988,26156,4639,26156,4639,0.0,0,0,CleanAir,0.0,2026-09-18 22:54:50
129,3.2755,0.57988,26204,4639,26204,4639,0.0,0,0,CleanAir,0.0,2026-09-18 22:54:51
130,3.25663,0.57988,26053,4639,26053,4639,0.0,0,0,CleanAir,0.0,2026-09-18 22:54:51
131,3.22713,0.57925,25817,4634,25817,4634,0.0,0,0,CleanAir,0.0,2026-09-18 22:54:53
132,3.12338,0.58225,24987,4658,24987,4658,0.0,0,0,CleanAir,0.0,2026-09-18 22:54:53
133,3.07825,0.58338,24626,4667,24626,4667,0.0,0,0,CleanAir,0.0,2026-09-18 22:54:54
134,3.089,0.58063,24712,4645,24712,4645,0.0,0,0,CleanAir,0.0,2026-09-18 22:54:54
135,3.0455,0.5825,24364,4660,24364,4660,0.0,0,0,CleanAir,0.0,2026-09-18 22:54:55
136,3.04938,0.58025,24395,4642,24395,4642,0.0,0,0,CleanAir,0.0,2026-09-18 22:54:55
137,3.00663,0.58,24053,4640,24053,4640,0.0,0,0,CleanAir,0.0,2026-09-18 22:54:56
138,2.992,0.58325,23936,4666,23936,4666,0.0,0,0,CleanAir,0.0,2026-09-18 22:54:56
139,2.99863,0.58338,23989,4667,23989,4667,0.0,0,0,CleanAir,0.0,2026-09-18 22:54:56
140,2.95863,0.5835,23669,4668,23669,4668,0.0,0,0,CleanAir,0.0,2026-09-18 22:54:57
141,2.94463,0.57788,23557,4623,23557,4623,0.0,0,0,CleanAir,0.0,2026-09-18 22:54:57
142,2.95838,0.57913,23667,4633,23667,4633,0.0,0,0,CleanAir,0.0,2026-09-18 22:54:57
143,2.91925,0.5795,23354,4636,23354,4636,0.0,0,0,CleanAir,0.0,2026-09-18 22:54:58
144,2.93438,0.58275,23475,4662,23475,4662,0.0,0,0,CleanAir,0.0,2026-09-18 22:54:58
145,2.89675,0.57975,23174,4638,23174,4638,0.0,0,0,CleanAir,0.0,2026-09-18 22:54:59
146,2.9115,0.582,23292,4656,23292,4656,0.0,0,0,CleanAir,0.0,2026-09-18 22:54:59
147,2.90075,0.5805,23206,4644,23206,4644,0.0,0,0,CleanAir,0.0,2026-09-18 22:54:59
148,2.89038,0.58063,23123,4645,23123,4645,0.0,0,0,CleanAir,0.0,2026-09-18 22:55:00
149,2.88013,0.57925,23041,4634,23041,4634,0.0,0,0,CleanAir,0.0,2026-09-18 22:55:00
150,2.84513,0.58163,22761,4653,22761,4653,0.0,0,0,CleanAir,0.0,2026-09-18 22:55:00
151,2.85963,0.58288,22877,4663,22877,4663,0.0,0,0,CleanAir,0.0,2026-09-18 22:55:01
152,2.82325,0.58138,22586,4651,22586,4651,0.0,0,0,CleanAir,0.0,2026-09-18 22:55:01
153,2.84038,0.582,22723,4656,22723,4656,0.0,0,0,CleanAir,0.0,2026-09-18 22:55:02
154,2.83138,0.57913,22651,4633,22651,4633,0.0,0,0,CleanAir,0.0,2026-09-18 22:55:02
155,2.79675,0.5795,22374,4636,22374,4636,0.0,0,0,CleanAir,0.0,2026-09-18 22:55:02
156,2.81563,0.57913,22525,4633,22525,4633,0.0,0,0,CleanAir,0.0,2026-09-18 22:55:03
157,2.80775,0.5795,22462,4636,22462,4636,0.0,0,0,CleanAir,0.0,2026-09-18 22:55:03
158,2.77313,0.582,22185,4656,22185,4656,0.0,0,0,CleanAir,0.0,2026-09-18 22:55:03
159,2.78738,0.58225,22299,4658,22299,4658,0.0,0,0,CleanAir,0.0,2026-09-18 22:55:04
160,2.77738,0.58138,22219,4651,22219,4651,0.0,0,0,CleanAir,0.0,2026-09-18 22:55:04
161,2.77113,0.579,22169,4632,22169,4632,0.0,0,0,CleanAir,0.0,2026-09-18 22:55:05
162,2.7605,0.58313,22084,4665,22084,4665,0.0,0,0,CleanAir,0.0,2026-09-18 22:55:06
163,2.75213,0.58238,22017,4659,22017,4659,0.0,0,0,CleanAir,0.0,2026-09-18 22:55:06
164,2.73038,0.58313,21843,4665,21843,4665,0.0,0,0,CleanAir,0.0,2026-09-18 22:55:06
165,2.74125,0.583,21930,4664,21930,4664,0.0,0,0,CleanAir,0.0,2026-09-18 22:55:07
166,2.73138,0.58175,21851,4654,21851,4654,0.0,0,0,CleanAir,0.0,2026-09-18 22:55:07
167,2.71575,0.58338,21726,4667,21726,4667,0.0,0,0,CleanAir,0.0,2026-09-18 22:55:08
168,2.69775,0.579,21582,4632,21582,4632,0.0,0,0,CleanAir,0.0,2026-09-18 22:55:08
169,2.7175,0.57913,21740,4633,21740,4633,0.0,0,0,CleanAir,0.0,2026-09-18 22:55:09
170,2.71175,0.58288,21694,4663,21694,4663,0.0,0,0,CleanAir,0.0,2026-09-18 22:55:09
171,2.70738,0.5805,21659,4644,21659,4644,0.0,0,0,CleanAir,0.0,2026-09-18 22:55:09
172,2.703,0.57812,21624,4625,21624,4625,0.0,0,0,CleanAir,0.0,2026-09-18 22:55:10
173,2.69788,0.5825,21583,4660,21583,4660,0.0,0,0,CleanAir,0.0,2026-09-18 22:55:10
174,2.69288,0.5785,21543,4628,21543,4628,0.0,0,0,CleanAir,0.0,2026-09-18 22:55:10
175,2.66363,0.58213,21309,4657,21309,4657,0.0,0,0,CleanAir,0.0,2026-09-18 22:55:11
176,2.68475,0.57938,21478,4635,21478,4635,0.0,0,0,CleanAir,0.0,2026-09-18 22:55:11
177,2.6765,0.578,21412,4624,21412,4624,0.0,0,0,CleanAir,0.0,2026-09-18 22:55:12
178,2.67638,0.58138,21411,4651,21411,4651,0.0,0,0,CleanAir,0.0,2026-09-18 22:55:12
179,2.64925,0.58288,21194,4663,21194,4663,0.0,0,0,CleanAir,0.0,2026-09-18 22:55:13
180,2.6695,0.58125,21356,4650,21356,4650,0.0,0,0,CleanAir,0.0,2026-09-18 22:55:13
181,2.66513,0.58013,21321,4641,21321,4641,0.0,0,0,CleanAir,0.0,2026-09-18 22:55:13
182,2.638,0.5795,21104,4636,21104,4636,0.0,0,0,CleanAir,0.0,2026-09-18 22:55:14
183,2.63513,0.5785,21081,4628,21081,4628,0.0,0,0,CleanAir,0.0,2026-09-18 22:55:14
184,2.6325,0.58,21060,4640,21060,4640,0.0,0,0,CleanAir,0.0,2026-09-18 22:55:15
185,2.65475,0.57863,21238,4629,21238,4629,0.0,0,0,CleanAir,0.0,2026-09-18 22:55:15
186,2.652,0.58313,21216,4665,21216,4665,0.0,0,0,CleanAir,0.0,2026-09-18 22:55:16
187,2.6485,0.58263,21188,4661,21188,4661,0.0,0,0,CleanAir,0.0,2026-09-18 22:55:16
188,2.64613,0.58025,21169,4642,21169,4642,0.0,0,0,CleanAir,0.0,2026-09-18 22:55:16
189,2.61988,0.579,20959,4632,20959,4632,0.0,0,0,CleanAir,0.0,2026-09-18 22:55:17
190,2.64175,0.58263,21134,4661,21134,4661,0.0,0,0,CleanAir,0.0,2026-09-18 22:55:17
191,2.63963,0.58275,21117,4662,21117,4662,0.0,0,0,CleanAir,0.0,2026-09-18 22:55:18
192,2.63688,0.57825,21095,4626,21095,4626,0.0,0,0,CleanAir,0.0,2026-09-18 22:55:18
193,2.635,0.579,21080,4632,21080,4632,0.0,0,0,CleanAir,0.0,2026-09-18 22:55:19
194,2.60713,0.58225,20857,4658,20857,4658,0.0,0,0,CleanAir,0.0,2026-09-18 22:55:19
195,2.60688,0.58275,20855,4662,20855,4662,0.0,0,0,CleanAir,0.0,2026-09-18 22:55:20
196,2.62988,0.58288,21039,4663,21039,4663,0.0,0,0,CleanAir,0.0,2026-09-18 22:55:20
197,2.6275,0.58075,21020,4646,21020,4646,0.0,0,0,CleanAir,0.0,2026-09-18 22:55:21
198,2.60313,0.579,20825,4632,20825,4632,0.0,0,0,CleanAir,0.0,2026-09-18 22:55:21
199,2.62625,0.58063,21010,4645,21010,4645,0.0,0,0,CleanAir,0.0,2026-09-18 22:55:21
200,2.609,0.58263,20872,4661,20872,4661,0.0,0,0,CleanAir,0.0,2026-09-18 22:55:22
201,2.59638,0.58113,20771,4649,20771,4649,0.0,0,0,CleanAir,0.0,2026-09-18 22:55:22
202,2.62013,0.58113,20961,4649,20961,4649,0.0,0,0,CleanAir,0.0,2026-09-18 22:55:23
203,2.59575,0.57975,20766,4638,20766,4638,0.0,0,0,CleanAir,0.0,2026-09-18 22:55:23
204,2.61825,0.57838,20946,4627,20946,4627,0.0,0,0,CleanAir,0.0,2026-09-18 22:55:23
205,2.59825,0.583,20786,4664,20786,4664,0.0,0,0,CleanAir,0.0,2026-09-18 22:55:24
206,2.61525,0.58163,20922,4653,20922,4653,0.0,0,0,CleanAir,0.0,2026-09-18 22:55:24
207,2.61525,0.58013,20922,4641,20922,4641,0.0,0,0,CleanAir,0.0,2026-09-18 22:55:25
208,2.59463,0.58125,20757,4650,20757,4650,0.0,0,0,CleanAir,0.0,2026-09-18 22:55:25
209,2.61313,0.58275,20905,4662,20905,4662,0.0,0,0,CleanAir,0.0,2026-09-18 22:55:25
210,2.61263,0.57925,20901,4634,20901,4634,0.0,0,0,CleanAir,0.0,2026-09-18 22:55:26
211,2.61013,0.579,20881,4632,20881,4632,0.0,0,0,CleanAir,0.0,2026-09-18 22:55:27
212,2.609,0.58263,20872,4661,20872,4661,0.0,0,0,CleanAir,0.0,2026-09-18 22:55:27
213,2.60888,0.58275,20871,4662,20871,4662,0.0,0,0,CleanAir,0.0,2026-09-18 22:55:28
214,2.60725,0.58225,20858,4658,20858,4658,0.0,0,0,CleanAir,0.0,2026-09-18 22:55:28
215,2.58275,0.58138,20662,4651,20662,4651,0.0,0,0,CleanAir,0.0,2026-09-18 22:55:28
216,2.60538,0.5805,20843,4644,20843,4644,0.0,0,0,CleanAir,0.0,2026-09-18 22:55:29
217,2.6055,0.579,20844,4632,20844,4632,0.0,0,0,CleanAir,0.0,2026-09-18 22:55:29
219,2.60375,0.57812,20830,4625,20830,4625,0.0,0,0,CleanAir,0.0,2026-09-18 22:55:30
221,2.57988,0.57913,20639,4633,20639,4633,0.0,0,0,CleanAir,0.0,2026-09-18 22:55:31
222,2.60325,0.57963,20826,4637,20826,4637,0.0,0,0,CleanAir,0.0,2026-09-18 22:55:31
223,2.57975,0.579,20638,4632,20638,4632,0.0,0,0,CleanAir,0.0,2026-09-18 22:55:32
224,2.60113,0.58063,20809,4645,20809,4645,0.0,0,0,CleanAir,0.0,2026-09-18 22:55:32
225,2.57725,0.58263,20618,4661,20618,4661,0.0,0,0,CleanAir,0.0,2026-09-18 22:55:33
226,2.577,0.58138,20616,4651,20616,4651,0.0,0,0,CleanAir,0.0,2026-09-18 22:55:33
227,2.59888,0.583,20791,4664,20791,4664,0.0,0,0,CleanAir,0.0,2026-09-18 22:55:34
228,2.5755,0.5835,20604,4668,20604,4668,0.0,0,0,CleanAir,0.0,2026-09-18 22:55:34
229,2.59888,0.58288,20791,4663,20791,4663,0.0,0,0,CleanAir,0.0,2026-09-18 22:55:35
230,2.59788,0.58125,20783,4650,20783,4650,0.0,0,0,CleanAir,0.0,2026-09-18 22:55:35
232,2.59713,0.583,20777,4664,20777,4664,0.0,0,0,CleanAir,0.0,2026-09-18 22:55:36
233,2.57288,0.58175,20583,4654,20583,4654,0.0,0,0,CleanAir,0.0,2026-09-18 22:55:36
234,2.59675,0.579,20774,4632,20774,4632,0.0,0,0,CleanAir,0.0,2026-09-18 22:55:36
235,2.5715,0.58075,20572,4646,20572,4646,0.0,0,0,CleanAir,0.0,2026-09-18 22:55:37
236,2.58038,0.579,20643,4632,20643,4632,0.0,0,0,CleanAir,0.0,2026-09-18 22:55:37
237,2.5955,0.57975,20764,4638,20764,4638,0.0,0,0,CleanAir,0.0,2026-09-18 22:55:38
238,2.58413,0.58063,20673,4645,20673,4645,0.0,0,0,CleanAir,0.0,2026-09-18 22:55:38
239,2.5935,0.58263,20748,4661,20748,4661,0.0,0,0,CleanAir,0.0,2026-09-18 22:55:38
240,2.59325,0.58125,20746,4650,20746,4650,0.0,0,0,CleanAir,0.0,2026-09-18 22:55:39
241,2.59425,0.5795,20754,4636,20754,4636,0.0,0,0,CleanAir,0.0,2026-09-18 22:55:39
242,2.57075,0.579,20566,4632,20566,4632,0.0,0,0,CleanAir,0.0,2026-09-18 22:55:40
244,2.59388,0.58038,20751,4643,20751,4643,0.0,0,0,CleanAir,0.0,2026-09-18 22:55:41
245,2.57063,0.58113,20565,4649,20565,4649,0.0,0,0,CleanAir,0.0,2026-09-18 22:55:41
246,2.56925,0.58325,20554,4666,20554,4666,0.0,0,0,CleanAir,0.0,2026-09-18 22:55:41
247,2.56988,0.5805,20559,4644,20559,4644,0.0,0,0,CleanAir,0.0,2026-09-18 22:55:42
248,2.59288,0.57812,20743,4625,20743,4625,0.0,0,0,CleanAir,0.0,2026-09-18 22:55:42
249,2.569,0.58025,20552,4642,20552,4642,0.0,0,0,CleanAir,0.0,2026-09-18 22:55:43
0,2.46688,0.58388,19735,4671,19735,4671,3.3,255,0,CleanAir,0.0,2026-09-18 22:55:43
1,2.46963,0.58363,19757,4669,19757,4669,3.3,255,0,CleanAir,0.0,2026-09-18 22:55:44
2,2.52725,0.58238,20218,4659,20218,4659,3.3,255,0,CleanAir,0.0,2026-09-18 22:55:44
3,2.58163,0.58525,20653,4682,20653,4682,3.3,255,0,CleanAir,0.0,2026-09-18 22:55:44
4,2.58613,0.58688,20689,4695,20689,4695,3.3,255,0,CleanAir,0.0,2026-09-18 22:55:45
5,2.63725,0.5875,21098,4700,21098,4700,3.3,255,0,CleanAir,0.0,2026-09-18 22:55:45
6,2.63913,0.58738,21113,4699,21113,4699,3.3,255,0,CleanAir,0.0,2026-09-18 22:55:46
7,2.68838,0.58713,21507,4697,21507,4697,3.3,255,0,CleanAir,0.0,2026-09-18 22:55:46
9,2.73463,0.58538,21877,4683,21877,4683,3.3,255,0,CleanAir,0.0,2026-09-18 22:55:46
10,2.73188,0.585,21855,4680,21855,4680,3.3,255,0,CleanAir,0.0,2026-09-18 22:55:47
11,2.75263,0.58213,22021,4657,22021,4657,3.3,255,0,CleanAir,0.0,2026-09-18 22:55:47
12,2.79838,0.58713,22387,4697,22387,4697,3.3,255,0,CleanAir,0.0,2026-09-18 22:55:48
13,2.7905,0.58388,22324,4671,22324,4671,3.3,255,0,CleanAir,0.0,2026-09-18 22:55:48
14,2.83488,0.58713,22679,4697,22679,4697,3.3,255,0,CleanAir,0.0,2026-09-18 22:55:49
15,2.8595,0.587,22876,4696,22876,4696,3.3,255,0,CleanAir,0.0,2026-09-18 22:55:49
17,2.88875,0.587,23110,4696,23110,4696,3.3,255,0,CleanAir,0.0,2026-09-18 22:55:49
18,2.90475,0.58263,23238,4661,23238,4661,3.3,255,0,CleanAir,0.0,2026-09-18 22:55:50
19,2.89138,0.58175,23131,4654,23131,4654,3.3,255,0,CleanAir,0.0,2026-09-18 22:55:50
20,2.90388,0.58388,23231,4671,23231,4671,3.3,255,0,CleanAir,0.0,2026-09-18 22:55:51
21,2.94763,0.58425,23581,4674,23581,4674,3.3,255,0,CleanAir,0.0,2026-09-18 22:55:51
22,2.93088,0.58738,23447,4699,23447,4699,3.3,255,0,CleanAir,0.0,2026-09-18 22:55:52
23,2.96863,0.585,23749,4680,23749,4680,3.3,255,0,CleanAir,0.0,2026-09-18 22:55:52
25,2.98813,0.5825,23905,4660,23905,4660,3.3,255,0,CleanAir,0.0,2026-09-18 22:55:53
26,2.99788,0.58725,23983,4698,23983,4698,3.3,255,0,CleanAir,0.0,2026-09-18 22:55:53
27,3.00588,0.58663,24047,4693,24047,4693,3.3,255,0,CleanAir,0.0,2026-09-18 22:55:54
28,2.98763,0.58213,23901,4657,23901,4657,3.3,255,0,CleanAir,0.0,2026-09-18 22:55:54
29,3.022,0.58238,24176,4659,24176,4659,3.3,255,0,CleanAir,0.0,2026-09-18 22:55:54
30,3.03163,0.583,24253,4664,24253,4664,3.3,255,0,CleanAir,0.0,2026-09-18 22:55:55
31,3.01138,0.5835,24091,4668,24091,4668,3.3,255,0,CleanAir,0.0,2026-09-18 22:55:55
33,3.03225,0.587,24258,4696,24258,4696,3.3,255,0,CleanAir,0.0,2026-09-18 22:55:56
34,3.05863,0.58425,24469,4674,24469,4674,3.3,255,0,CleanAir,0.0,2026-09-18 22:55:56
35,3.03613,0.58238,24289,4659,24289,4659,3.3,255,0,CleanAir,0.0,2026-09-18 22:55:56
36,3.07025,0.58375,24562,4670,24562,4670,3.3,255,0,CleanAir,0.0,2026-09-18 22:55:57
37,3.0495,0.58488,24396,4679,24396,4679,3.3,255,0,CleanAir,0.0,2026-09-18 22:55:57
38,3.05375,0.58388,24430,4671,24430,4671,3.3,255,0,CleanAir,0.0,2026-09-18 22:55:58
39,3.0875,0.58425,24700,4674,24700,4674,3.3,255,0,CleanAir,0.0,2026-09-18 22:55:58
41,3.09613,0.58325,24769,4666,24769,4666,3.3,255,0,CleanAir,0.0,2026-09-18 22:55:59
42,3.08225,0.58263,24658,4661,24658,4661,3.3,255,0,CleanAir,0.0,2026-09-18 22:55:59
43,3.1035,0.58388,24828,4671,24828,4671,3.3,255,0,CleanAir,0.0,2026-09-18 22:55:59
44,3.08838,0.58688,24707,4695,24707,4695,3.3,255,0,CleanAir,0.0,2026-09-18 22:56:00
45,3.09875,0.58575,24790,4686,24790,4686,3.3,255,0,CleanAir,0.0,2026-09-18 22:56:00
46,3.0855,0.587,24684,4696,24684,4696,3.3,255,0,CleanAir,0.0,2026-09-18 22:56:01
47,3.11663,0.58275,24933,4662,24933,4662,3.3,255,0,CleanAir,0.0,2026-09-18 22:56:01
49,3.12138,0.58213,24971,4657,24971,4657,3.3,255,0,CleanAir,0.0,2026-09-18 22:56:01
51,3.1025,0.58713,24820,4697,24820,4697,3.3,255,0,CleanAir,0.0,2026-09-18 22:56:02
52,3.102,0.58275,24816,4662,24816,4662,3.3,255,0,CleanAir,0.0,2026-09-18 22:56:03
53,3.10588,0.58438,24847,4675,24847,4675,3.3,255,0,CleanAir,0.0,2026-09-18 22:56:03
55,3.11075,0.58388,24886,4671,24886,4671,3.3,255,0,CleanAir,0.0,2026-09-18 22:56:04
56,3.14188,0.58538,25135,4683,25135,4683,3.3,255,0,CleanAir,0.0,2026-09-18 22:56:05
57,3.14438,0.58675,25155,4694,25155,4694,3.3,255,0,CleanAir,0.0,2026-09-18 22:56:05
58,3.12913,0.585,25033,4680,25033,4680,3.3,255,0,CleanAir,0.0,2026-09-18 22:56:06
59,3.14863,0.58463,25189,4677,25189,4677,3.3,255,0,CleanAir,0.0,2026-09-18 22:56:06
61,3.14913,0.58488,25193,4679,25193,4679,3.3,255,0,CleanAir,0.0,2026-09-18 22:56:07
62,3.15188,0.58713,25215,4697,25215,4697,3.3,255,0,CleanAir,0.0,2026-09-18 22:56:07
63,3.15475,0.586,25238,4688,25238,4688,3.3,255,0,CleanAir,0.0,2026-09-18 22:56:08
64,3.12688,0.586,25015,4688,25015,4688,3.3,255,0,CleanAir,0.0,2026-09-18 22:56:08
65,3.15675,0.58625,25254,4690,25254,4690,3.3,255,0,CleanAir,0.0,2026-09-18 22:56:08
67,3.1595,0.587,25276,4696,25276,4696,3.3,255,0,CleanAir,0.0,2026-09-18 22:56:09
68,3.13175,0.58688,25054,4695,25054,4695,3.3,255,0,CleanAir,0.0,2026-09-18 22:56:09
69,3.16238,0.58663,25299,4693,25299,4693,3.3,255,0,CleanAir,0.0,2026-09-18 22:56:10
70,3.13388,0.58463,25071,4677,25071,4677,3.3,255,0,CleanAir,0.0,2026-09-18 22:56:11
71,3.15675,0.5845,25254,4676,25254,4676,3.3,255,0,CleanAir,0.0,2026-09-18 22:56:11
72,3.16388,0.58763,25311,4701,25311,4701,3.3,255,0,CleanAir,0.0,2026-09-18 22:56:11
74,3.13538,0.587,25083,4696,25083,4696,3.3,255,0,CleanAir,0.0,2026-09-18 22:56:12
75,3.16638,0.58725,25331,4698,25331,4698,3.3,255,0,CleanAir,0.0,2026-09-18 22:56:12
76,3.1375,0.58675,25100,4694,25100,4694,3.3,255,0,CleanAir,0.0,2026-09-18 22:56:13
77,3.16788,0.58463,25343,4677,25343,4677,3.3,255,0,CleanAir,0.0,2026-09-18 22:56:13
78,3.16925,0.585,25354,4680,25354,4680,3.3,255,0,CleanAir,0.0,2026-09-18 22:56:14
79,3.17013,0.58538,25361,4683,25361,4683,3.3,255,0,CleanAir,0.0,2026-09-18 22:56:14
80,3.171,0.58388,25368,4671,25368,4671,3.3,255,0,CleanAir,0.0,2026-09-18 22:56:14
81,3.17175,0.58413,25374,4673,25374,4673,3.3,255,0,CleanAir,0.0,2026-09-18 22:56:15
82,3.17138,0.58338,25371,4667,25371,4667,3.3,255,0,CleanAir,0.0,2026-09-18 22:56:15
83,3.142,0.5855,25136,4684,25136,4684,3.3,255,0,CleanAir,0.0,2026-09-18 22:56:16
84,3.17238,0.58475,25379,4678,25379,4678,3.3,255,0,CleanAir,0.0,2026-09-18 22:56:16
85,3.1505,0.58413,25204,4673,25204,4673,3.3,255,0,CleanAir,0.0,2026-09-18 22:56:16
86,3.1435,0.58463,25148,4677,25148,4677,3.3,255,0,CleanAir,0.0,2026-09-18 22:56:17
87,3.173,0.58463,25384,4677,25384,4677,3.3,255,0,CleanAir,0.0,2026-09-18 22:56:17
88,3.15075,0.5875,25206,4700,25206,4700,3.3,255,0,CleanAir,0.0,2026-09-18 22:56:17
89,3.17388,0.5845,25391,4676,25391,4676,3.3,255,0,CleanAir,0.0,2026-09-18 22:56:18
90,3.14763,0.5875,25181,4700,25181,4700,3.3,255,0,CleanAir,0.0,2026-09-18 22:56:18
91,3.17275,0.58713,25382,4697,25382,4697,3.3,255,0,CleanAir,0.0,2026-09-18 22:56:19
92,3.17588,0.58275,25407,4662,25407,4662,3.3,255,0,CleanAir,0.0,2026-09-18 22:56:19
93,3.17513,0.58625,25401,4690,25401,4690,3.3,255,0,CleanAir,0.0,2026-09-18 22:56:19
94,3.17525,0.58663,25402,4693,25402,4693,3.3,255,0,CleanAir,0.0,2026-09-18 22:56:20
95,3.17675,0.58413,25414,4673,25414,4673,3.3,255,0,CleanAir,0.0,2026-09-18 22:56:20
96,3.14888,0.58588,25191,4687,25191,4687,3.3,255,0,CleanAir,0.0,2026-09-18 22:56:21
97,3.17875,0.58313,25430,4665,25430,4665,3.3,255,0,CleanAir,0.0,2026-09-18 22:56:21
98,3.14938,0.58675,25195,4694,25195,4694,3.3,255,0,CleanAir,0.0,2026-09-18 22:56:22
100,3.15075,0.58675,25206,4694,25206,4694,3.3,255,0,CleanAir,0.0,2026-09-18 22:56:22
101,3.17988,0.58725,25439,4698,25439,4698,3.3,255,0,CleanAir,0.0,2026-09-18 22:56:23
102,3.15125,0.58413,25210,4673,25210,4673,3.3,255,0,CleanAir,0.0,2026-09-18 22:56:23
103,3.1795,0.587,25436,4696,25436,4696,3.3,255,0,CleanAir,0.0,2026-09-18 22:56:24
104,3.179,0.58363,25432,4669,25432,4669,3.3,255,0,CleanAir,0.0,2026-09-18 22:56:24
105,3.14975,0.58725,25198,4698,25198,4698,3.3,255,0,CleanAir,0.0,2026-09-18 22:56:24
106,3.18025,0.58388,25442,4671,25442,4671,3.3,255,0,CleanAir,0.0,2026-09-18 22:56:25
107,3.15163,0.584,25213,4672,25213,4672,3.3,255,0,CleanAir,0.0,2026-09-18 22:56:25
108,3.18038,0.58738,25443,4699,25443,4699,3.3,255,0,CleanAir,0.0,2026-09-18 22:56:26
109,3.162,0.58713,25296,4697,25296,4697,3.3,255,0,CleanAir,0.0,2026-09-18 22:56:26
110,3.18025,0.58713,25442,4697,25442,4697,3.3,255,0,CleanAir,0.0,2026-09-18 22:56:26
111,3.1815,0.58475,25452,4678,25452,4678,3.3,255,0,CleanAir,0.0,2026-09-18 22:56:27
112,3.15225,0.58425,25218,4674,25218,4674,3.3,255,0,CleanAir,0.0,2026-09-18 22:56:27
113,3.15175,0.587,25214,4696,25214,4696,3.3,255,0,CleanAir,0.0,2026-09-18 22:56:28
114,3.16125,0.58225,25290,4658,25290,4658,3.3,255,0,CleanAir,0.0,2026-09-18 22:56:28
115,3.18163,0.58475,25453,4678,25453,4678,3.3,255,0,CleanAir,0.0,2026-09-18 22:56:28
116,3.15638,0.58263,25251,4661,25251,4661,3.3,255,0,CleanAir,0.0,2026-09-18 22:56:29
117,3.18075,0.58288,25446,4663,25446,4663,3.3,255,0,CleanAir,0.0,2026-09-18 22:56:29
118,3.15188,0.58463,25215,4677,25215,4677,3.3,255,0,CleanAir,0.0,2026-09-18 22:56:30
119,3.18175,0.58388,25454,4671,25454,4671,3.3,255,0,CleanAir,0.0,2026-09-18 22:56:30
121,3.15138,0.58713,25211,4697,25211,4697,3.3,255,0,CleanAir,0.0,2026-09-18 22:56:31
122,3.1805,0.58288,25444,4663,25444,4663,3.3,255,0,CleanAir,0.0,2026-09-18 22:56:32
123,3.18063,0.58613,25445,4689,25445,4689,3.3,255,0,CleanAir,0.0,2026-09-18 22:56:32
124,3.17175,0.58675,25374,4694,25374,4694,3.3,255,0,CleanAir,0.0,2026-09-18 22:56:32
125,3.37825,0.58038,27026,4643,27026,4643,0.0,0,0,CleanAir,0.0,2026-09-18 22:56:33
126,3.34413,0.583,26753,4664,26753,4664,0.0,0,0,CleanAir,0.0,2026-09-18 22:56:34
127,3.3245,0.57963,26596,4637,26596,4637,0.0,0,0,CleanAir,0.0,2026-09-18 22:56:34
128,3.26288,0.58325,26103,4666,26103,4666,0.0,0,0,CleanAir,0.0,2026-09-18 22:56:34
129,3.24,0.58013,25920,4641,25920,4641,0.0,0,0,CleanAir,0.0,2026-09-18 22:56:35
130,3.24263,0.5805,25941,4644,25941,4644,0.0,0,0,CleanAir,0.0,2026-09-18 22:56:35
132,3.20025,0.57975,25602,4638,25602,4638,0.0,0,0,CleanAir,0.0,2026-09-18 22:56:36
133,3.17463,0.582,25397,4656,25397,4656,0.0,0,0,CleanAir,0.0,2026-09-18 22:56:36
134,3.13325,0.58338,25066,4667,25066,4667,0.0,0,0,CleanAir,0.0,2026-09-18 22:56:36
135,3.14375,0.58088,25150,4647,25150,4647,0.0,0,0,CleanAir,0.0,2026-09-18 22:56:37
136,3.10763,0.58025,24861,4642,24861,4642,0.0,0,0,CleanAir,0.0,2026-09-18 22:56:38
138,3.08225,0.5785,24658,4628,24658,4628,0.0,0,0,CleanAir,0.0,2026-09-18 22:56:38
139,3.0385,0.58,24308,4640,24308,4640,0.0,0,0,CleanAir,0.0,2026-09-18 22:56:38
140,3.05125,0.58263,24410,4661,24410,4661,0.0,0,0,CleanAir,0.0,2026-09-18 22:56:39
141,3.034,0.58113,24272,4649,24272,4649,0.0,0,0,CleanAir,0.0,2026-09-18 22:56:39
142,2.99175,0.58288,23934,4663,23934,4663,0.0,0,0,CleanAir,0.0,2026-09-18 22:56:40
143,2.99513,0.5825,23961,4660,23961,4660,0.0,0,0,CleanAir,0.0,2026-09-18 22:56:40
144,2.98625,0.583,23890,4664,23890,4664,0.0,0,0,CleanAir,0.0,2026-09-18 22:56:40
145,2.94788,0.57975,23583,4638,23583,4638,0.0,0,0,CleanAir,0.0,2026-09-18 22:56:41
146,2.96038,0.5805,23683,4644,23683,4644,0.0,0,0,CleanAir,0.0,2026-09-18 22:56:41
147,2.94613,0.58288,23569,4663,23569,4663,0.0,0,0,CleanAir,0.0,2026-09-18 22:56:42
148,2.92625,0.58275,23410,4662,23410,4662,0.0,0,0,CleanAir,0.0,2026-09-18 22:56:42
149,2.90938,0.57938,23275,4635,23275,4635,0.0,0,0,CleanAir,0.0,2026-09-18 22:56:43
150,2.87238,0.58213,22979,4657,22979,4657,0.0,0,0,CleanAir,0.0,2026-09-18 22:56:43
151,2.888,0.58113,23104,4649,23104,4649,0.0,0,0,CleanAir,0.0,2026-09-18 22:56:44
152,2.85163,0.581,22813,4648,22813,4648,0.0,0,0,CleanAir,0.0,2026-09-18 22:56:44
154,2.83238,0.57763,22659,4621,22659,4621,0.0,0,0,CleanAir,0.0,2026-09-18 22:56:44
155,2.84875,0.58313,22790,4665,22790,4665,0.0,0,0,CleanAir,0.0,2026-09-18 22:56:45
156,2.83538,0.57938,22683,4635,22683,4635,0.0,0,0,CleanAir,0.0,2026-09-18 22:56:46
157,2.80075,0.57825,22406,4626,22406,4626,0.0,0,0,CleanAir,0.0,2026-09-18 22:56:46
158,2.81875,0.57988,22550,4639,22550,4639,0.0,0,0,CleanAir,0.0,2026-09-18 22:56:46
159,2.80975,0.5825,22478,4660,22478,4660,0.0,0,0,CleanAir,0.0,2026-09-18 22:56:47
161,2.76913,0.58,22153,4640,22153,4640,0.0,0,0,CleanAir,0.0,2026-09-18 22:56:47
162,2.78788,0.57863,22303,4629,22303,4629,0.0,0,0,CleanAir,0.0,2026-09-18 22:56:48
163,2.78175,0.57875,22254,4630,22254,4630,0.0,0,0,CleanAir,0.0,2026-09-18 22:56:48
164,2.77525,0.58188,22202,4655,22202,4655,0.0,0,0,CleanAir,0.0,2026-09-18 22:56:48
165,2.76775,0.58263,22142,4661,22142,4661,0.0,0,0,CleanAir,0.0,2026-09-18 22:56:49
166,2.736,0.57963,21888,4637,21888,4637,0.0,0,0,CleanAir,0.0,2026-09-18 22:56:49
167,2.75575,0.579,22046,4632,22046,4632,0.0,0,0,CleanAir,0.0,2026-09-18 22:56:50
168,2.7235,0.58125,21788,4650,21788,4650,0.0,0,0,CleanAir,0.0,2026-09-18 22:56:50
170,2.71238,0.58113,21699,4649,21699,4649,0.0,0,0,CleanAir,0.0,2026-09-18 22:56:50
172,2.72075,0.58263,21766,4661,21766,4661,0.0,0,0,CleanAir,0.0,2026-09-18 22:56:51
173,2.72138,0.58325,21771,4666,21771,4666,0.0,0,0,CleanAir,0.0,2026-09-18 22:56:52
174,2.70913,0.58,21673,4640,21673,4640,0.0,0,0,CleanAir,0.0,2026-09-18 22:56:52
175,2.71263,0.579,21701,4632,21701,4632,0.0,0,0,CleanAir,0.0,2026-09-18 22:56:52
176,2.70688,0.5815,21655,4652,21655,4652,0.0,0,0,CleanAir,0.0,2026-09-18 22:56:53
177,2.70313,0.58288,21625,4663,21625,4663,0.0,0,0,CleanAir,0.0,2026-09-18 22:56:53
178,2.7,0.5795,21600,4636,21600,4636,0.0,0,0,CleanAir,0.0,2026-09-18 22:56:54
179,2.69388,0.58238,21551,4659,21551,4659,0.0,0,0,CleanAir,0.0,2026-09-18 22:56:54
180,2.68863,0.57875,21509,4630,21509,4630,0.0,0,0,CleanAir,0.0,2026-09-18 22:56:54
181,2.68538,0.5825,21483,4660,21483,4660,0.0,0,0,CleanAir,0.0,2026-09-18 22:56:55
182,2.68225,0.58275,21458,4662,21458,4662,0.0,0,0,CleanAir,0.0,2026-09-18 22:56:55
183,2.654,0.58263,21232,4661,21232,4661,0.0,0,0,CleanAir,0.0,2026-09-18 22:56:56
184,2.67613,0.57875,21409,4630,21409,4630,0.0,0,0,CleanAir,0.0,2026-09-18 22:56:56
185,2.6495,0.5785,21196,4628,21196,4628,0.0,0,0,CleanAir,0.0,2026-09-18 22:56:56
186,2.669,0.58163,21352,4653,21352,4653,0.0,0,0,CleanAir,0.0,2026-09-18 22:56:57
187,2.66238,0.57825,21299,4626,21299,4626,0.0,0,0,CleanAir,0.0,2026-09-18 22:56:58
188,2.66,0.5795,21280,4636,21280,4636,0.0,0,0,CleanAir,0.0,2026-09-18 22:56:58
189,2.658,0.57838,21264,4627,21264,4627,0.0,0,0,CleanAir,0.0,2026-09-18 22:56:58
190,2.6335,0.57838,21068,4627,21068,4627,0.0,0,0,CleanAir,0.0,2026-09-18 22:56:59
192,2.62513,0.58288,21001,4663,21001,4663,0.0,0,0,CleanAir,0.0,2026-09-18 22:56:59
193,2.64663,0.583,21173,4664,21173,4664,0.0,0,0,CleanAir,0.0,2026-09-18 22:57:00
194,2.637,0.57963,21096,4637,21096,4637,0.0,0,0,CleanAir,0.0,2026-09-18 22:57:00
195,2.64213,0.57988,21137,4639,21137,4639,0.0,0,0,CleanAir,0.0,2026-09-18 22:57:01
196,2.639,0.5785,21112,4628,21112,4628,0.0,0,0,CleanAir,0.0,2026-09-18 22:57:01
197,2.62025,0.58313,20962,4665,20962,4665,0.0,0,0,CleanAir,0.0,2026-09-18 22:57:02
198,2.63513,0.58288,21081,4663,21081,4663,0.0,0,0,CleanAir,0.0,2026-09-18 22:57:02
199,2.634,0.58113,21072,4649,21072,4649,0.0,0,0,CleanAir,0.0,2026-09-18 22:57:03
200,2.63238,0.57913,21059,4633,21059,4633,0.0,0,0,CleanAir,0.0,2026-09-18 22:57:03
201,2.62988,0.581,21039,4648,21039,4648,0.0,0,0,CleanAir,0.0,2026-09-18 22:57:03
202,2.60563,0.58175,20845,4654,20845,4654,0.0,0,0,CleanAir,0.0,2026-09-18 22:57:04
203,2.62725,0.57863,21018,4629,21018,4629,0.0,0,0,CleanAir,0.0,2026-09-18 22:57:04
204,2.626,0.579,21008,4632,21008,4632,0.0,0,0,CleanAir,0.0,2026-09-18 22:57:05
205,2.61663,0.581,20933,4648,20933,4648,0.0,0,0,CleanAir,0.0,2026-09-18 22:57:05
206,2.62175,0.58113,20974,4649,20974,4649,0.0,0,0,CleanAir,0.0,2026-09-18 22:57:05
207,2.62113,0.57888,20969,4631,20969,4631,0.0,0,0,CleanAir,0.0,2026-09-18 22:57:06
208,2.59525,0.57925,20762,4634,20762,4634,0.0,0,0,CleanAir,0.0,2026-09-18 22:57:06
209,2.619,0.57863,20952,4629,20952,4629,0.0,0,0,CleanAir,0.0,2026-09-18 22:57:07
210,2.6175,0.58038,20940,4643,20940,4643,0.0,0,0,CleanAir,0.0,2026-09-18 22:57:07
211,2.61588,0.57963,20927,4637,20927,4637,0.0,0,0,CleanAir,0.0,2026-09-18 22:57:07
212,2.61488,0.58238,20919,4659,20919,4659,0.0,0,0,CleanAir,0.0,2026-09-18 22:57:08
213,2.61338,0.5825,20907,4660,20907,4660,0.0,0,0,CleanAir,0.0,2026-09-18 22:57:09
214,2.58813,0.57988,20705,4639,20705,4639,0.0,0,0,CleanAir,0.0,2026-09-18 22:57:09
215,2.61125,0.57913,20890,4633,20890,4633,0.0,0,0,CleanAir,0.0,2026-09-18 22:57:09
216,2.60775,0.57875,20862,4630,20862,4630,0.0,0,0,CleanAir,0.0,2026-09-18 22:57:10
217,2.60888,0.58213,20871,4657,20871,4657,0.0,0,0,CleanAir,0.0,2026-09-18 22:57:10
218,2.58425,0.583,20674,4664,20674,4664,0.0,0,0,CleanAir,0.0,2026-09-18 22:57:10
219,2.6025,0.58263,20820,4661,20820,4661,0.0,0,0,CleanAir,0.0,2026-09-18 22:57:11
220,2.59425,0.57888,20754,4631,20754,4631,0.0,0,0,CleanAir,0.0,2026-09-18 22:57:11
221,2.60588,0.57888,20847,4631,20847,4631,0.0,0,0,CleanAir,0.0,2026-09-18 22:57:12
222,2.60563,0.58038,20845,4643,20845,4643,0.0,0,0,CleanAir,0.0,2026-09-18 22:57:12
223,2.58363,0.58038,20669,4643,20669,4643,0.0,0,0,CleanAir,0.0,2026-09-18 22:57:13
224,2.604,0.5785,20832,4628,20832,4628,0.0,0,0,CleanAir,0.0,2026-09-18 22:57:13
225,2.6045,0.57925,20836,4634,20836,4634,0.0,0,0,CleanAir,0.0,2026-09-18 22:57:13
226,2.60325,0.57788,20826,4623,20826,4623,0.0,0,0,CleanAir,0.0,2026-09-18 22:57:14
227,2.60225,0.5825,20818,4660,20818,4660,0.0,0,0,CleanAir,0.0,2026-09-18 22:57:15
228,2.60163,0.58238,20813,4659,20813,4659,0.0,0,0,CleanAir,0.0,2026-09-18 22:57:15
229,2.57713,0.58275,20617,4662,20617,4662,0.0,0,0,CleanAir,0.0,2026-09-18 22:57:16
231,2.599,0.579,20792,4632,20792,4632,0.0,0,0,CleanAir,0.0,2026-09-18 22:57:16
232,2.57538,0.58263,20603,4661,20603,4661,0.0,0,0,CleanAir,0.0,2026-09-18 22:57:17
233,2.59888,0.5785,20791,4628,20791,4628,0.0,0,0,CleanAir,0.0,2026-09-18 22:57:17
234,2.57488,0.578,20599,4624,20599,4624,0.0,0,0,CleanAir,0.0,2026-09-18 22:57:18
235,2.598,0.578,20784,4624,20784,4624,0.0,0,0,CleanAir,0.0,2026-09-18 22:57:18
237,2.59763,0.57963,20781,4637,20781,4637,0.0,0,0,CleanAir,0.0,2026-09-18 22:57:18
238,2.59625,0.57863,20770,4629,20770,4629,0.0,0,0,CleanAir,0.0,2026-09-18 22:57:19
239,2.5725,0.578,20580,4624,20580,4624,0.0,0,0,CleanAir,0.0,2026-09-18 22:57:20
241,2.59575,0.57838,20766,4627,20766,4627,0.0,0,0,CleanAir,0.0,2026-09-18 22:57:20
242,2.595,0.57938,20760,4635,20760,4635,0.0,0,0,CleanAir,0.0,2026-09-18 22:57:21
243,2.59438,0.58175,20755,4654,20755,4654,0.0,0,0,CleanAir,0.0,2026-09-18 22:57:21
244,2.595,0.58263,20760,4661,20760,4661,0.0,0,0,CleanAir,0.0,2026-09-18 22:57:22
245,2.59488,0.5825,20759,4660,20759,4660,0.0,0,0,CleanAir,0.0,2026-09-18 22:57:22
246,2.59375,0.58,20750,4640,20750,4640,0.0,0,0,CleanAir,0.0,2026-09-18 22:57:23
247,2.57638,0.58313,20611,4665,20611,4665,0.0,0,0,CleanAir,0.0,2026-09-18 22:57:23
248,2.59238,0.58313,20739,4665,20739,4665,0.0,0,0,CleanAir,0.0,2026-09-18 22:57:23
249,2.58925,0.579,20714,4632,20714,4632,0.0,0,0,CleanAir,0.0,2026-09-18 22:57:24
0,2.46638,0.5835,19731,4668,19731,4668,3.3,255,0,CleanAir,0.0,2026-09-18 22:57:24
1,2.50563,0.58388,20045,4671,20045,4671,3.3,255,0,CleanAir,0.0,2026-09-18 22:57:25
2,2.51575,0.58675,20126,4694,20126,4694,3.3,255,0,CleanAir,0.0,2026-09-18 22:57:25
3,2.57275,0.58363,20582,4669,20582,4669,3.3,255,0,CleanAir,0.0,2026-09-18 22:57:25
4,2.62063,0.58275,20965,4662,20965,4662,3.3,255,0,CleanAir,0.0,2026-09-18 22:57:26
5,2.623,0.58363,20984,4669,20984,4669,3.3,255,0,CleanAir,0.0,2026-09-18 22:57:26
6,2.64963,0.58338,21197,4667,21197,4667,3.3,255,0,CleanAir,0.0,2026-09-18 22:57:27
7,2.68175,0.58713,21454,4697,21454,4697,3.3,255,0,CleanAir,0.0,2026-09-18 22:57:27
8,2.70625,0.58338,21650,4667,21650,4667,3.3,255,0,CleanAir,0.0,2026-09-18 22:57:28
9,2.72788,0.58363,21823,4669,21823,4669,3.3,255,0,CleanAir,0.0,2026-09-18 22:57:28
10,2.7475,0.58363,21980,4669,21980,4669,3.3,255,0,CleanAir,0.0,2026-09-18 22:57:28
11,2.7935,0.58263,22348,4661,22348,4661,3.3,255,0,CleanAir,0.0,2026-09-18 22:57:29
12,2.7895,0.58313,22316,4665,22316,4665,3.3,255,0,CleanAir,0.0,2026-09-18 22:57:29
14,2.84763,0.5875,22781,4700,22781,4700,3.3,255,0,CleanAir,0.0,2026-09-18 22:57:29
15,2.83625,0.58725,22690,4698,22690,4698,3.3,255,0,CleanAir,0.0,2026-09-18 22:57:30
16,2.86025,0.58463,22882,4677,22882,4677,3.3,255,0,CleanAir,0.0,2026-09-18 22:57:31
17,2.90713,0.58238,23257,4659,23257,4659,3.3,255,0,CleanAir,0.0,2026-09-18 22:57:31
18,2.89225,0.58588,23138,4687,23138,4687,3.3,255,0,CleanAir,0.0,2026-09-18 22:57:31
20,2.91638,0.5825,23331,4660,23331,4660,3.3,255,0,CleanAir,0.0,2026-09-18 22:57:32
21,2.95525,0.5835,23642,4668,23642,4668,3.3,255,0,CleanAir,0.0,2026-09-18 22:57:33
22,2.93763,0.58325,23501,4666,23501,4666,3.3,255,0,CleanAir,0.0,2026-09-18 22:57:33
23,2.97563,0.58375,23805,4670,23805,4670,3.3,255,0,CleanAir,0.0,2026-09-18 22:57:33
24,2.95775,0.58338,23662,4667,23662,4667,3.3,255,0,CleanAir,0.0,2026-09-18 22:57:34
25,2.99413,0.58325,23953,4666,23953,4666,3.3,255,0,CleanAir,0.0,2026-09-18 22:57:34
26,2.97488,0.584,23799,4672,23799,4672,3.3,255,0,CleanAir,0.0,2026-09-18 22:57:34
27,3.01113,0.58313,24089,4665,24089,4665,3.3,255,0,CleanAir,0.0,2026-09-18 22:57:35
28,2.99188,0.5835,23935,4668,23935,4668,3.3,255,0,CleanAir,0.0,2026-09-18 22:57:35
30,3.00638,0.58325,24051,4666,24051,4666,3.3,255,0,CleanAir,0.0,2026-09-18 22:57:36
31,3.01313,0.58225,24105,4658,24105,4658,3.3,255,0,CleanAir,0.0,2026-09-18 22:57:36
32,3.0195,0.58338,24156,4667,24156,4667,3.3,255,0,CleanAir,0.0,2026-09-18 22:57:36
33,3.05425,0.58438,24434,4675,24434,4675,3.3,255,0,CleanAir,0.0,2026-09-18 22:57:37
34,3.03163,0.58438,24253,4675,24253,4675,3.3,255,0,CleanAir,0.0,2026-09-18 22:57:37
35,3.06588,0.58413,24527,4673,24527,4673,3.3,255,0,CleanAir,0.0,2026-09-18 22:57:38
36,3.04325,0.58475,24346,4678,24346,4678,3.3,255,0,CleanAir,0.0,2026-09-18 22:57:38
37,3.0755,0.587,24604,4696,24604,4696,3.3,255,0,CleanAir,0.0,2026-09-18 22:57:38
38,3.05138,0.58388,24411,4671,24411,4671,3.3,255,0,CleanAir,0.0,2026-09-18 22:57:39
39,3.08438,0.58713,24675,4697,24675,4697,3.3,255,0,CleanAir,0.0,2026-09-18 22:57:39
40,3.08925,0.58438,24714,4675,24714,4675,3.3,255,0,CleanAir,0.0,2026-09-18 22:57:40
41,3.0885,0.5835,24708,4668,24708,4668,3.3,255,0,CleanAir,0.0,2026-09-18 22:57:40
42,3.09788,0.58388,24783,4671,24783,4671,3.3,255,0,CleanAir,0.0,2026-09-18 22:57:40
44,3.10575,0.58475,24846,4678,24846,4678,3.3,255,0,CleanAir,0.0,2026-09-18 22:57:41
45,3.10925,0.58388,24874,4671,24874,4671,3.3,255,0,CleanAir,0.0,2026-09-18 22:57:41
46,3.11225,0.583,24898,4664,24898,4664,3.3,255,0,CleanAir,0.0,2026-09-18 22:57:41
47,3.098,0.587,24784,4696,24784,4696,3.3,255,0,CleanAir,0.0,2026-09-18 22:57:42
48,3.11788,0.58625,24943,4690,24943,4690,3.3,255,0,CleanAir,0.0,2026-09-18 22:57:42
49,3.09163,0.58663,24733,4693,24733,4693,3.3,255,0,CleanAir,0.0,2026-09-18 22:57:43
50,3.12363,0.58613,24989,4689,24989,4689,3.3,255,0,CleanAir,0.0,2026-09-18 22:57:43
51,3.09825,0.58613,24786,4689,24786,4689,3.3,255,0,CleanAir,0.0,2026-09-18 22:57:43
52,3.10525,0.58688,24842,4695,24842,4695,3.3,255,0,CleanAir,0.0,2026-09-18 22:57:44
53,3.1345,0.58713,25076,4697,25076,4697,3.3,255,0,CleanAir,0.0,2026-09-18 22:57:45
55,3.1365,0.587,25092,4696,25092,4696,3.3,255,0,CleanAir,0.0,2026-09-18 22:57:45
56,3.12888,0.58688,25031,4695,25031,4695,3.3,255,0,CleanAir,0.0,2026-09-18 22:57:45
57,3.14125,0.58475,25130,4678,25130,4678,3.3,255,0,CleanAir,0.0,2026-09-18 22:57:46
58,3.1135,0.587,24908,4696,24908,4696,3.3,255,0,CleanAir,0.0,2026-09-18 22:57:46
59,3.14375,0.5875,25150,4700,25150,4700,3.3,255,0,CleanAir,0.0,2026-09-18 22:57:47
60,3.11625,0.58688,24930,4695,24930,4695,3.3,255,0,CleanAir,0.0,2026-09-18 22:57:47
61,3.14675,0.58637,25174,4691,25174,4691,3.3,255,0,CleanAir,0.0,2026-09-18 22:57:47
62,3.14513,0.585,25161,4680,25161,4680,3.3,255,0,CleanAir,0.0,2026-09-18 22:57:48
63,3.13238,0.58313,25059,4665,25059,4665,3.3,255,0,CleanAir,0.0,2026-09-18 22:57:48
64,3.1525,0.58725,25220,4698,25220,4698,3.3,255,0,CleanAir,0.0,2026-09-18 22:57:49
65,3.1535,0.58513,25228,4681,25228,4681,3.3,255,0,CleanAir,0.0,2026-09-18 22:57:49
66,3.154,0.58725,25232,4698,25232,4698,3.3,255,0,CleanAir,0.0,2026-09-18 22:57:49
67,3.14063,0.586,25125,4688,25125,4688,3.3,255,0,CleanAir,0.0,2026-09-18 22:57:50
68,3.15638,0.5825,25251,4660,25251,4660,3.3,255,0,CleanAir,0.0,2026-09-18 22:57:50
69,3.12875,0.58313,25030,4665,25030,4665,3.3,255,0,CleanAir,0.0,2026-09-18 22:57:51
70,3.12938,0.58675,25035,4694,25035,4694,3.3,255,0,CleanAir,0.0,2026-09-18 22:57:51
71,3.16038,0.587,25283,4696,25283,4696,3.3,255,0,CleanAir,0.0,2026-09-18 22:57:51
72,3.132,0.58563,25056,4685,25056,4685,3.3,255,0,CleanAir,0.0,2026-09-18 22:57:52
73,3.1545,0.58425,25236,4674,25236,4674,3.3,255,0,CleanAir,0.0,2026-09-18 22:57:53
75,3.158,0.587,25264,4696,25264,4696,3.3,255,0,CleanAir,0.0,2026-09-18 22:57:54
76,3.16525,0.58588,25322,4687,25322,4687,3.3,255,0,CleanAir,0.0,2026-09-18 22:57:54
77,3.14163,0.58463,25133,4677,25133,4677,3.3,255,0,CleanAir,0.0,2026-09-18 22:57:54
79,3.139,0.58375,25112,4670,25112,4670,3.3,255,0,CleanAir,0.0,2026-09-18 22:57:55
80,3.1685,0.58325,25348,4666,25348,4666,3.3,255,0,CleanAir,0.0,2026-09-18 22:57:56
81,3.156,0.58725,25248,4698,25248,4698,3.3,255,0,CleanAir,0.0,2026-09-18 22:57:56
82,3.16975,0.5845,25358,4676,25358,4676,3.3,255,0,CleanAir,0.0,2026-09-18 22:57:57
83,3.15363,0.587,25229,4696,25229,4696,3.3,255,0,CleanAir,0.0,2026-09-18 22:57:57
86,3.17088,0.58363,25367,4669,25367,4669,3.3,255,0,CleanAir,0.0,2026-09-18 22:57:58
87,3.17113,0.58675,25369,4694,25369,4694,3.3,255,0,CleanAir,0.0,2026-09-18 22:57:59
88,3.14275,0.58288,25142,4663,25142,4663,3.3,255,0,CleanAir,0.0,2026-09-18 22:58:00
89,3.17325,0.58588,25386,4687,25386,4687,3.3,255,0,CleanAir,0.0,2026-09-18 22:58:00
90,3.15975,0.585,25278,4680,25278,4680,3.3,255,0,CleanAir,0.0,2026-09-18 22:58:00
91,3.17313,0.58713,25385,4697,25385,4697,3.3,255,0,CleanAir,0.0,2026-09-18 22:58:01
92,3.17338,0.58363,25387,4669,25387,4669,3.3,255,0,CleanAir,0.0,2026-09-18 22:58:01
93,3.17338,0.58313,25387,4665,25387,4665,3.3,255,0,CleanAir,0.0,2026-09-18 22:58:02
94,3.17475,0.58363,25398,4669,25398,4669,3.3,255,0,CleanAir,0.0,2026-09-18 22:58:02
95,3.17513,0.5845,25401,4676,25401,4676,3.3,255,0,CleanAir,0.0,2026-09-18 22:58:03
96,3.17525,0.5845,25402,4676,25402,4676,3.3,255,0,CleanAir,0.0,2026-09-18 22:58:03
97,3.14575,0.5835,25166,4668,25166,4668,3.3,255,0,CleanAir,0.0,2026-09-18 22:58:04
98,3.17538,0.58463,25403,4677,25403,4677,3.3,255,0,CleanAir,0.0,2026-09-18 22:58:04
99,3.14438,0.58375,25155,4670,25155,4670,3.3,255,0,CleanAir,0.0,2026-09-18 22:58:04
100,3.17525,0.58663,25402,4693,25402,4693,3.3,255,0,CleanAir,0.0,2026-09-18 22:58:05
101,3.17513,0.58688,25401,4695,25401,4695,3.3,255,0,CleanAir,0.0,2026-09-18 22:58:05
102,3.17538,0.58725,25403,4698,25403,4698,3.3,255,0,CleanAir,0.0,2026-09-18 22:58:06
103,3.14738,0.58688,25179,4695,25179,4695,3.3,255,0,CleanAir,0.0,2026-09-18 22:58:06
104,3.17488,0.58675,25399,4694,25399,4694,3.3,255,0,CleanAir,0.0,2026-09-18 22:58:06
105,3.17475,0.58488,25398,4679,25398,4679,3.3,255,0,CleanAir,0.0,2026-09-18 22:58:07
107,3.17625,0.58238,25410,4659,25410,4659,3.3,255,0,CleanAir,0.0,2026-09-18 22:58:07
108,3.17675,0.58375,25414,4670,25414,4670,3.3,255,0,CleanAir,0.0,2026-09-18 22:58:08
109,3.14775,0.58688,25182,4695,25182,4695,3.3,255,0,CleanAir,0.0,2026-09-18 22:58:09
110,3.17663,0.58463,25413,4677,25413,4677,3.3,255,0,CleanAir,0.0,2026-09-18 22:58:09
111,3.14775,0.58438,25182,4675,25182,4675,3.3,255,0,CleanAir,0.0,2026-09-18 22:58:09
112,3.176,0.58713,25408,4697,25408,4697,3.3,255,0,CleanAir,0.0,2026-09-18 22:58:10
113,3.14625,0.58725,25170,4698,25170,4698,3.3,255,0,CleanAir,0.0,2026-09-18 22:58:10
115,3.14638,0.58725,25171,4698,25171,4698,3.3,255,0,CleanAir,0.0,2026-09-18 22:58:11
116,3.17588,0.586,25407,4688,25407,4688,3.3,255,0,CleanAir,0.0,2026-09-18 22:58:11
117,3.176,0.58288,25408,4663,25408,4663,3.3,255,0,CleanAir,0.0,2026-09-18 22:58:12
118,3.146,0.58413,25168,4673,25168,4673,3.3,255,0,CleanAir,0.0,2026-09-18 22:58:12
120,3.14675,0.586,25174,4688,25174,4688,3.3,255,0,CleanAir,0.0,2026-09-18 22:58:12
121,3.17663,0.58563,25413,4685,25413,4685,3.3,255,0,CleanAir,0.0,2026-09-18 22:58:13
122,3.17613,0.58463,25409,4677,25409,4677,3.3,255,0,CleanAir,0.0,2026-09-18 22:58:13
123,3.16925,0.585,25354,4680,25354,4680,3.3,255,0,CleanAir,0.0,2026-09-18 22:58:15
125,3.37363,0.58038,26989,4643,26989,4643,0.0,0,0,CleanAir,0.0,2026-09-18 22:58:15
126,3.32488,0.583,26599,4664,26599,4664,0.0,0,0,CleanAir,0.0,2026-09-18 22:58:16
127,3.33263,0.5805,26661,4644,26661,4644,0.0,0,0,CleanAir,0.0,2026-09-18 22:58:16
129,3.2465,0.58338,25972,4667,25972,4667,0.0,0,0,CleanAir,0.0,2026-09-18 22:58:17
130,3.25575,0.58138,26046,4651,26046,4651,0.0,0,0,CleanAir,0.0,2026-09-18 22:58:17
131,3.20575,0.582,25646,4656,25646,4656,0.0,0,0,CleanAir,0.0,2026-09-18 22:58:18
132,3.21375,0.5825,25710,4660,25710,4660,0.0,0,0,CleanAir,0.0,2026-09-18 22:58:18
133,3.16513,0.58075,25321,4646,25321,4646,0.0,0,0,CleanAir,0.0,2026-09-18 22:58:18
135,3.12488,0.58288,24999,4663,24999,4663,0.0,0,0,CleanAir,0.0,2026-09-18 22:58:19
136,3.13463,0.582,25077,4656,25077,4656,0.0,0,0,CleanAir,0.0,2026-09-18 22:58:19
137,3.111,0.57825,24888,4626,24888,4626,0.0,0,0,CleanAir,0.0,2026-09-18 22:58:20
138,3.08438,0.5835,24675,4668,24675,4668,0.0,0,0,CleanAir,0.0,2026-09-18 22:58:20
139,3.07588,0.582,24607,4656,24607,4656,0.0,0,0,CleanAir,0.0,2026-09-18 22:58:21
141,3.01725,0.58025,24138,4642,24138,4642,0.0,0,0,CleanAir,0.0,2026-09-18 22:58:21
142,3.02738,0.58313,24219,4665,24219,4665,0.0,0,0,CleanAir,0.0,2026-09-18 22:58:21
143,3.0115,0.57825,24092,4626,24092,4626,0.0,0,0,CleanAir,0.0,2026-09-18 22:58:22
144,2.96,0.57975,23680,4638,23680,4638,0.0,0,0,CleanAir,0.0,2026-09-18 22:58:23
145,2.971,0.57913,23768,4633,23768,4633,0.0,0,0,CleanAir,0.0,2026-09-18 22:58:23
147,2.9215,0.58213,23372,4657,23372,4657,0.0,0,0,CleanAir,0.0,2026-09-18 22:58:24
148,2.9365,0.5815,23492,4652,23492,4652,0.0,0,0,CleanAir,0.0,2026-09-18 22:58:24
149,2.92425,0.58288,23394,4663,23394,4663,0.0,0,0,CleanAir,0.0,2026-09-18 22:58:24
150,2.91275,0.58188,23302,4655,23302,4655,0.0,0,0,CleanAir,0.0,2026-09-18 22:58:25
153,2.87963,0.58275,23037,4662,23037,4662,0.0,0,0,CleanAir,0.0,2026-09-18 22:58:26
154,2.8445,0.5805,22756,4644,22756,4644,0.0,0,0,CleanAir,0.0,2026-09-18 22:58:26
155,2.84788,0.57812,22783,4625,22783,4625,0.0,0,0,CleanAir,0.0,2026-09-18 22:58:27
157,2.84113,0.57975,22729,4638,22729,4638,0.0,0,0,CleanAir,0.0,2026-09-18 22:58:27
158,2.825,0.5785,22600,4628,22600,4628,0.0,0,0,CleanAir,0.0,2026-09-18 22:58:28
159,2.82125,0.58288,22570,4663,22570,4663,0.0,0,0,CleanAir,0.0,2026-09-18 22:58:28
160,2.81075,0.582,22486,4656,22486,4656,0.0,0,0,CleanAir,0.0,2026-09-18 22:58:29
162,2.79463,0.58288,22357,4663,22357,4663,0.0,0,0,CleanAir,0.0,2026-09-18 22:58:29
163,2.7625,0.57913,22100,4633,22100,4633,0.0,0,0,CleanAir,0.0,2026-09-18 22:58:30
164,2.7815,0.57838,22252,4627,22252,4627,0.0,0,0,CleanAir,0.0,2026-09-18 22:58:30
165,2.74925,0.57913,21994,4633,21994,4633,0.0,0,0,CleanAir,0.0,2026-09-18 22:58:31
166,2.76788,0.58038,22143,4643,22143,4643,0.0,0,0,CleanAir,0.0,2026-09-18 22:58:31
168,2.72975,0.58063,21838,4645,21838,4645,0.0,0,0,CleanAir,0.0,2026-09-18 22:58:31
169,2.72463,0.58,21797,4640,21797,4640,0.0,0,0,CleanAir,0.0,2026-09-18 22:58:32
170,2.74363,0.58013,21949,4641,21949,4641,0.0,0,0,CleanAir,0.0,2026-09-18 22:58:32
171,2.71275,0.57938,21702,4635,21702,4635,0.0,0,0,CleanAir,0.0,2026-09-18 22:58:33
172,2.70763,0.58013,21661,4641,21661,4641,0.0,0,0,CleanAir,0.0,2026-09-18 22:58:33
173,2.70313,0.5805,21625,4644,21625,4644,0.0,0,0,CleanAir,0.0,2026-09-18 22:58:33
175,2.69238,0.58313,21539,4665,21539,4665,0.0,0,0,CleanAir,0.0,2026-09-18 22:58:34
176,2.71225,0.58263,21698,4661,21698,4661,0.0,0,0,CleanAir,0.0,2026-09-18 22:58:34
177,2.68363,0.57875,21469,4630,21469,4630,0.0,0,0,CleanAir,0.0,2026-09-18 22:58:35
179,2.69963,0.58013,21597,4641,21597,4641,0.0,0,0,CleanAir,0.0,2026-09-18 22:58:35
180,2.69463,0.58263,21557,4661,21557,4661,0.0,0,0,CleanAir,0.0,2026-09-18 22:58:36
181,2.6905,0.583,21524,4664,21524,4664,0.0,0,0,CleanAir,0.0,2026-09-18 22:58:36
183,2.65688,0.57963,21255,4637,21255,4637,0.0,0,0,CleanAir,0.0,2026-09-18 22:58:37
184,2.65388,0.5785,21231,4628,21231,4628,0.0,0,0,CleanAir,0.0,2026-09-18 22:58:38
204,2.62975,0.5815,21038,4652,21038,4652,0.0,0,0,CleanAir,0.0,2026-09-18 22:58:44
205,2.60438,0.58263,20835,4661,20835,4661,0.0,0,0,CleanAir,0.0,2026-09-18 22:58:45
206,2.62675,0.58238,21014,4659,21014,4659,0.0,0,0,CleanAir,0.0,2026-09-18 22:58:45
207,2.6245,0.58263,20996,4661,20996,4661,0.0,0,0,CleanAir,0.0,2026-09-18 22:58:46
208,2.59975,0.57888,20798,4631,20798,4631,0.0,0,0,CleanAir,0.0,2026-09-18 22:58:46
209,2.622,0.579,20976,4632,20976,4632,0.0,0,0,CleanAir,0.0,2026-09-18 22:58:46
210,2.621,0.57838,20968,4627,20968,4627,0.0,0,0,CleanAir,0.0,2026-09-18 22:58:47
211,2.62038,0.58,20963,4640,20963,4640,0.0,0,0,CleanAir,0.0,2026-09-18 22:58:47
212,2.61863,0.5825,20949,4660,20949,4660,0.0,0,0,CleanAir,0.0,2026-09-18 22:58:48
213,2.59413,0.58038,20753,4643,20753,4643,0.0,0,0,CleanAir,0.0,2026-09-18 22:58:48
214,2.61488,0.58163,20919,4653,20919,4653,0.0,0,0,CleanAir,0.0,2026-09-18 22:58:48
215,2.60625,0.57963,20850,4637,20850,4637,0.0,0,0,CleanAir,0.0,2026-09-18 22:58:49
217,2.5885,0.58263,20708,4661,20708,4661,0.0,0,0,CleanAir,0.0,2026-09-18 22:58:49
218,2.611,0.582,20888,4656,20888,4656,0.0,0,0,CleanAir,0.0,2026-09-18 22:58:50
219,2.58638,0.57938,20691,4635,20691,4635,0.0,0,0,CleanAir,0.0,2026-09-18 22:58:50
220,2.61013,0.57888,20881,4631,20881,4631,0.0,0,0,CleanAir,0.0,2026-09-18 22:58:50
221,2.58475,0.579,20678,4632,20678,4632,0.0,0,0,CleanAir,0.0,2026-09-18 22:58:51
222,2.60863,0.57925,20869,4634,20869,4634,0.0,0,0,CleanAir,0.0,2026-09-18 22:58:51
223,2.58325,0.5795,20666,4636,20666,4636,0.0,0,0,CleanAir,0.0,2026-09-18 22:58:52
224,2.60663,0.57875,20853,4630,20853,4630,0.0,0,0,CleanAir,0.0,2026-09-18 22:58:52
225,2.60613,0.58063,20849,4645,20849,4645,0.0,0,0,CleanAir,0.0,2026-09-18 22:58:52
226,2.58138,0.579,20651,4632,20651,4632,0.0,0,0,CleanAir,0.0,2026-09-18 22:58:53
227,2.6055,0.5795,20844,4636,20844,4636,0.0,0,0,CleanAir,0.0,2026-09-18 22:58:53
229,2.60313,0.58238,20825,4659,20825,4659,0.0,0,0,CleanAir,0.0,2026-09-18 22:58:54
230,2.57975,0.58,20638,4640,20638,4640,0.0,0,0,CleanAir,0.0,2026-09-18 22:58:54
231,2.60188,0.5825,20815,4660,20815,4660,0.0,0,0,CleanAir,0.0,2026-09-18 22:58:54
232,2.5785,0.58225,20628,4658,20628,4658,0.0,0,0,CleanAir,0.0,2026-09-18 22:58:55
233,2.60125,0.5815,20810,4652,20810,4652,0.0,0,0,CleanAir,0.0,2026-09-18 22:58:55
234,2.577,0.58213,20616,4657,20616,4657,0.0,0,0,CleanAir,0.0,2026-09-18 22:58:56
235,2.59988,0.58288,20799,4663,20799,4663,0.0,0,0,CleanAir,0.0,2026-09-18 22:58:56
236,2.57663,0.58013,20613,4641,20613,4641,0.0,0,0,CleanAir,0.0,2026-09-18 22:58:56
237,2.59863,0.57938,20789,4635,20789,4635,0.0,0,0,CleanAir,0.0,2026-09-18 22:58:57
239,2.59788,0.58125,20783,4650,20783,4650,0.0,0,0,CleanAir,0.0,2026-09-18 22:58:57
240,2.57363,0.57875,20589,4630,20589,4630,0.0,0,0,CleanAir,0.0,2026-09-18 22:58:58
241,2.59738,0.58063,20779,4645,20779,4645,0.0,0,0,CleanAir,0.0,2026-09-18 22:58:58
242,2.57313,0.5825,20585,4660,20585,4660,0.0,0,0,CleanAir,0.0,2026-09-18 22:58:59
244,2.57838,0.583,20627,4664,20627,4664,0.0,0,0,CleanAir,0.0,2026-09-18 22:58:59
245,2.59475,0.58263,20758,4661,20758,4661,0.0,0,0,CleanAir,0.0,2026-09-18 22:58:59
246,2.57138,0.58213,20571,4657,20571,4657,0.0,0,0,CleanAir,0.0,2026-09-18 22:59:00
247,2.594,0.58325,20752,4666,20752,4666,0.0,0,0,CleanAir,0.0,2026-09-18 22:59:00
248,2.57038,0.582,20563,4656,20563,4656,0.0,0,0,CleanAir,0.0,2026-09-18 22:59:01
249,2.59325,0.58238,20746,4659,20746,4659,0.0,0,0,CleanAir,0.0,2026-09-18 22:59:01
0,2.45938,0.58637,19675,4691,19675,4691,3.3,255,0,CleanAir,0.0,2026-09-18 22:59:02
1,2.4915,0.58425,19932,4674,19932,4674,3.3,255,0,CleanAir,0.0,2026-09-18 22:59:02
2,2.53875,0.58413,20310,4673,20310,4673,3.3,255,0,CleanAir,0.0,2026-09-18 22:59:02
3,2.54788,0.58575,20383,4686,20383,4686,3.3,255,0,CleanAir,0.0,2026-09-18 22:59:03
4,2.60038,0.58637,20803,4691,20803,4691,3.3,255,0,CleanAir,0.0,2026-09-18 22:59:03
5,2.6025,0.58438,20820,4675,20820,4675,3.3,255,0,CleanAir,0.0,2026-09-18 22:59:04
7,2.67775,0.58288,21422,4663,21422,4663,3.3,255,0,CleanAir,0.0,2026-09-18 22:59:04
8,2.69638,0.5835,21571,4668,21571,4668,3.3,255,0,CleanAir,0.0,2026-09-18 22:59:04
9,2.70213,0.58538,21617,4683,21617,4683,3.3,255,0,CleanAir,0.0,2026-09-18 22:59:05
10,2.754,0.58713,22032,4697,22032,4697,3.3,255,0,CleanAir,0.0,2026-09-18 22:59:05
11,2.74938,0.586,21995,4688,21995,4688,3.3,255,0,CleanAir,0.0,2026-09-18 22:59:06
12,2.79113,0.58637,22329,4691,22329,4691,3.3,255,0,CleanAir,0.0,2026-09-18 22:59:06
13,2.79725,0.58338,22378,4667,22378,4667,3.3,255,0,CleanAir,0.0,2026-09-18 22:59:06
14,2.802,0.58488,22416,4679,22416,4679,3.3,255,0,CleanAir,0.0,2026-09-18 22:59:07
15,2.81875,0.58713,22550,4697,22550,4697,3.3,255,0,CleanAir,0.0,2026-09-18 22:59:07
16,2.86063,0.58713,22885,4697,22885,4697,3.3,255,0,CleanAir,0.0,2026-09-18 22:59:08
18,2.88888,0.58688,23111,4695,23111,4695,3.3,255,0,CleanAir,0.0,2026-09-18 22:59:08
19,2.87625,0.58675,23010,4694,23010,4694,3.3,255,0,CleanAir,0.0,2026-09-18 22:59:08
20,2.91588,0.58513,23327,4681,23327,4681,3.3,255,0,CleanAir,0.0,2026-09-18 22:59:09
21,2.93213,0.58525,23457,4682,23457,4682,3.3,255,0,CleanAir,0.0,2026-09-18 22:59:09
22,2.94425,0.58625,23554,4690,23554,4690,3.3,255,0,CleanAir,0.0,2026-09-18 22:59:10
23,2.95513,0.58563,23641,4685,23641,4685,3.3,255,0,CleanAir,0.0,2026-09-18 22:59:10
24,2.93938,0.58525,23515,4682,23515,4682,3.3,255,0,CleanAir,0.0,2026-09-18 22:59:10
25,2.97575,0.583,23806,4664,23806,4664,3.3,255,0,CleanAir,0.0,2026-09-18 22:59:11
26,2.98375,0.58363,23870,4669,23870,4669,3.3,255,0,CleanAir,0.0,2026-09-18 22:59:11
27,2.99425,0.58225,23954,4658,23954,4658,3.3,255,0,CleanAir,0.0,2026-09-18 22:59:12
28,3.00275,0.587,24022,4696,24022,4696,3.3,255,0,CleanAir,0.0,2026-09-18 22:59:12
29,2.9895,0.587,23916,4696,23916,4696,3.3,255,0,CleanAir,0.0,2026-09-18 22:59:12
30,3.018,0.587,24144,4696,24144,4696,3.3,255,0,CleanAir,0.0,2026-09-18 22:59:13
31,3.02413,0.58663,24193,4693,24193,4693,3.3,255,0,CleanAir,0.0,2026-09-18 22:59:13
32,3.03325,0.583,24266,4664,24266,4664,3.3,255,0,CleanAir,0.0,2026-09-18 22:59:14
33,3.01125,0.58363,24090,4669,24090,4669,3.3,255,0,CleanAir,0.0,2026-09-18 22:59:14
34,3.0445,0.58363,24356,4669,24356,4669,3.3,255,0,CleanAir,0.0,2026-09-18 22:59:14
35,3.05225,0.587,24418,4696,24418,4696,3.3,255,0,CleanAir,0.0,2026-09-18 22:59:15
36,3.02888,0.58563,24231,4685,24231,4685,3.3,255,0,CleanAir,0.0,2026-09-18 22:59:15
38,3.06825,0.58338,24546,4667,24546,4667,3.3,255,0,CleanAir,0.0,2026-09-18 22:59:16
39,3.05838,0.58675,24467,4694,24467,4694,3.3,255,0,CleanAir,0.0,2026-09-18 22:59:16
40,3.05688,0.58688,24455,4695,24455,4695,3.3,255,0,CleanAir,0.0,2026-09-18 22:59:17
41,3.05825,0.58238,24466,4659,24466,4659,3.3,255,0,CleanAir,0.0,2026-09-18 22:59:17
42,3.06075,0.584,24486,4672,24486,4672,3.3,255,0,CleanAir,0.0,2026-09-18 22:59:18
44,3.07188,0.58363,24575,4669,24575,4669,3.3,255,0,CleanAir,0.0,2026-09-18 22:59:18
45,3.10313,0.587,24825,4696,24825,4696,3.3,255,0,CleanAir,0.0,2026-09-18 22:59:19
46,3.08638,0.5825,24691,4660,24691,4660,3.3,255,0,CleanAir,0.0,2026-09-18 22:59:19
47,3.10825,0.58275,24866,4662,24866,4662,3.3,255,0,CleanAir,0.0,2026-09-18 22:59:20
48,3.11238,0.5845,24899,4676,24899,4676,3.3,255,0,CleanAir,0.0,2026-09-18 22:59:20
49,3.11488,0.5845,24919,4676,24919,4676,3.3,255,0,CleanAir,0.0,2026-09-18 22:59:21
50,3.11738,0.587,24939,4696,24939,4696,3.3,255,0,CleanAir,0.0,2026-09-18 22:59:21
51,3.091,0.58688,24728,4695,24728,4695,3.3,255,0,CleanAir,0.0,2026-09-18 22:59:21
52,3.12313,0.58625,24985,4690,24985,4690,3.3,255,0,CleanAir,0.0,2026-09-18 22:59:22
53,3.09663,0.58575,24773,4686,24773,4686,3.3,255,0,CleanAir,0.0,2026-09-18 22:59:22
55,3.1105,0.58475,24884,4678,24884,4678,3.3,255,0,CleanAir,0.0,2026-09-18 22:59:23
56,3.1335,0.58338,25068,4667,25068,4667,3.3,255,0,CleanAir,0.0,2026-09-18 22:59:23
57,3.1235,0.58438,24988,4675,24988,4675,3.3,255,0,CleanAir,0.0,2026-09-18 22:59:23
58,3.1375,0.5845,25100,4676,25100,4676,3.3,255,0,CleanAir,0.0,2026-09-18 22:59:24
59,3.1105,0.58525,24884,4682,24884,4682,3.3,255,0,CleanAir,0.0,2026-09-18 22:59:24
60,3.13925,0.58688,25114,4695,25114,4695,3.3,255,0,CleanAir,0.0,2026-09-18 22:59:25
62,3.142,0.58613,25136,4689,25136,4689,3.3,255,0,CleanAir,0.0,2026-09-18 22:59:25
63,3.12013,0.58663,24961,4693,24961,4693,3.3,255,0,CleanAir,0.0,2026-09-18 22:59:25
64,3.1445,0.58688,25156,4695,25156,4695,3.3,255,0,CleanAir,0.0,2026-09-18 22:59:26
65,3.11675,0.58463,24934,4677,24934,4677,3.3,255,0,CleanAir,0.0,2026-09-18 22:59:26
66,3.11725,0.58263,24938,4661,24938,4661,3.3,255,0,CleanAir,0.0,2026-09-18 22:59:27
67,3.119,0.58225,24952,4658,24952,4658,3.3,255,0,CleanAir,0.0,2026-09-18 22:59:27
68,3.14913,0.5835,25193,4668,25193,4668,3.3,255,0,CleanAir,0.0,2026-09-18 22:59:27
69,3.151,0.58475,25208,4678,25208,4678,3.3,255,0,CleanAir,0.0,2026-09-18 22:59:28
70,3.15113,0.5845,25209,4676,25209,4676,3.3,255,0,CleanAir,0.0,2026-09-18 22:59:28
71,3.15238,0.587,25219,4696,25219,4696,3.3,255,0,CleanAir,0.0,2026-09-18 22:59:28
72,3.1525,0.5875,25220,4700,25220,4700,3.3,255,0,CleanAir,0.0,2026-09-18 22:59:29
73,3.1535,0.58538,25228,4683,25228,4683,3.3,255,0,CleanAir,0.0,2026-09-18 22:59:29
74,3.154,0.583,25232,4664,25232,4664,3.3,255,0,CleanAir,0.0,2026-09-18 22:59:30
75,3.12638,0.58675,25011,4694,25011,4694,3.3,255,0,CleanAir,0.0,2026-09-18 22:59:30
76,3.1575,0.58413,25260,4673,25260,4673,3.3,255,0,CleanAir,0.0,2026-09-18 22:59:31
77,3.12838,0.58588,25027,4687,25027,4687,3.3,255,0,CleanAir,0.0,2026-09-18 22:59:31
78,3.15888,0.58313,25271,4665,25271,4665,3.3,255,0,CleanAir,0.0,2026-09-18 22:59:31
79,3.15875,0.58225,25270,4658,25270,4658,3.3,255,0,CleanAir,0.0,2026-09-18 22:59:32
80,3.15925,0.58325,25274,4666,25274,4666,3.3,255,0,CleanAir,0.0,2026-09-18 22:59:32
81,3.16038,0.58338,25283,4667,25283,4667,3.3,255,0,CleanAir,0.0,2026-09-18 22:59:32
82,3.16063,0.585,25285,4680,25285,4680,3.3,255,0,CleanAir,0.0,2026-09-18 22:59:33
83,3.13188,0.58575,25055,4686,25055,4686,3.3,255,0,CleanAir,0.0,2026-09-18 22:59:33
85,3.13275,0.58313,25062,4665,25062,4665,3.3,255,0,CleanAir,0.0,2026-09-18 22:59:35
86,3.163,0.58388,25304,4671,25304,4671,3.3,255,0,CleanAir,0.0,2026-09-18 22:59:35
88,3.163,0.58513,25304,4681,25304,4681,3.3,255,0,CleanAir,0.0,2026-09-18 22:59:36
90,3.13463,0.58637,25077,4691,25077,4691,3.3,255,0,CleanAir,0.0,2026-09-18 22:59:36
91,3.13525,0.58675,25082,4694,25082,4694,3.3,255,0,CleanAir,0.0,2026-09-18 22:59:37
92,3.16463,0.587,25317,4696,25317,4696,3.3,255,0,CleanAir,0.0,2026-09-18 22:59:37
93,3.14875,0.58313,25190,4665,25190,4665,3.3,255,0,CleanAir,0.0,2026-09-18 22:59:38
94,3.16588,0.58313,25327,4665,25327,4665,3.3,255,0,CleanAir,0.0,2026-09-18 22:59:38
95,3.15825,0.58375,25266,4670,25266,4670,3.3,255,0,CleanAir,0.0,2026-09-18 22:59:38
96,3.13813,0.58463,25105,4677,25105,4677,3.3,255,0,CleanAir,0.0,2026-09-18 22:59:39
97,3.13863,0.58313,25109,4665,25109,4665,3.3,255,0,CleanAir,0.0,2026-09-18 22:59:39
99,3.13788,0.58325,25103,4666,25103,4666,3.3,255,0,CleanAir,0.0,2026-09-18 22:59:40
100,3.1675,0.5835,25340,4668,25340,4668,3.3,255,0,CleanAir,0.0,2026-09-18 22:59:40
101,3.164,0.58363,25312,4669,25312,4669,3.3,255,0,CleanAir,0.0,2026-09-18 22:59:41
102,3.16738,0.587,25339,4696,25339,4696,3.3,255,0,CleanAir,0.0,2026-09-18 22:59:41
103,3.1435,0.58225,25148,4658,25148,4658,3.3,255,0,CleanAir,0.0,2026-09-18 22:59:41
104,3.1685,0.58463,25348,4677,25348,4677,3.3,255,0,CleanAir,0.0,2026-09-18 22:59:42
105,3.1385,0.5845,25108,4676,25108,4676,3.3,255,0,CleanAir,0.0,2026-09-18 22:59:42
106,3.16825,0.58275,25346,4662,25346,4662,3.3,255,0,CleanAir,0.0,2026-09-18 22:59:42
107,3.1395,0.583,25116,4664,25116,4664,3.3,255,0,CleanAir,0.0,2026-09-18 22:59:43
108,3.16825,0.58438,25346,4675,25346,4675,3.3,255,0,CleanAir,0.0,2026-09-18 22:59:43
109,3.13888,0.58637,25111,4691,25111,4691,3.3,255,0,CleanAir,0.0,2026-09-18 22:59:44
110,3.168,0.58238,25344,4659,25344,4659,3.3,255,0,CleanAir,0.0,2026-09-18 22:59:44
111,3.16988,0.58375,25359,4670,25359,4670,3.3,255,0,CleanAir,0.0,2026-09-18 22:59:45
112,3.14063,0.58263,25125,4661,25125,4661,3.3,255,0,CleanAir,0.0,2026-09-18 22:59:45
113,3.14113,0.58313,25129,4665,25129,4665,3.3,255,0,CleanAir,0.0,2026-09-18 22:59:45
114,3.14113,0.58288,25129,4663,25129,4663,3.3,255,0,CleanAir,0.0,2026-09-18 22:59:46
115,3.171,0.58325,25368,4666,25368,4666,3.3,255,0,CleanAir,0.0,2026-09-18 22:59:46
116,3.14163,0.58538,25133,4683,25133,4683,3.3,255,0,CleanAir,0.0,2026-09-18 22:59:46
117,3.16525,0.5835,25322,4668,25322,4668,3.3,255,0,CleanAir,0.0,2026-09-18 22:59:47
118,3.17275,0.58463,25382,4677,25382,4677,3.3,255,0,CleanAir,0.0,2026-09-18 22:59:47
119,3.1725,0.58388,25380,4671,25380,4671,3.3,255,0,CleanAir,0.0,2026-09-18 22:59:48
120,3.1505,0.58538,25204,4683,25204,4683,3.3,255,0,CleanAir,0.0,2026-09-18 22:59:48
121,3.17388,0.58463,25391,4677,25391,4677,3.3,255,0,CleanAir,0.0,2026-09-18 22:59:49
122,3.15563,0.58488,25245,4679,25245,4679,3.3,255,0,CleanAir,0.0,2026-09-18 22:59:49
123,3.14238,0.58675,25139,4694,25139,4694,3.3,255,0,CleanAir,0.0,2026-09-18 22:59:49
124,3.14275,0.58488,25142,4679,25142,4679,3.3,255,0,CleanAir,0.0,2026-09-18 22:59:50
125,3.36975,0.57975,26958,4638,26958,4638,0.0,0,0,CleanAir,0.0,2026-09-18 22:59:50
126,3.34175,0.57988,26734,4639,26734,4639,0.0,0,0,CleanAir,0.0,2026-09-18 22:59:50
127,3.30788,0.58013,26463,4641,26463,4641,0.0,0,0,CleanAir,0.0,2026-09-18 22:59:51
128,3.256,0.57988,26048,4639,26048,4639,0.0,0,0,CleanAir,0.0,2026-09-18 22:59:51
129,3.264,0.57963,26112,4637,26112,4637,0.0,0,0,CleanAir,0.0,2026-09-18 22:59:52
130,3.21825,0.5795,25746,4636,25746,4636,0.0,0,0,CleanAir,0.0,2026-09-18 22:59:52
131,3.22188,0.58075,25775,4646,25775,4646,0.0,0,0,CleanAir,0.0,2026-09-18 22:59:53
132,3.173,0.57812,25384,4625,25384,4625,0.0,0,0,CleanAir,0.0,2026-09-18 22:59:53
133,3.18213,0.57925,25457,4634,25457,4634,0.0,0,0,CleanAir,0.0,2026-09-18 22:59:53
134,3.13463,0.58063,25077,4645,25077,4645,0.0,0,0,CleanAir,0.0,2026-09-18 22:59:54
135,3.14438,0.58175,25155,4654,25155,4654,0.0,0,0,CleanAir,0.0,2026-09-18 22:59:54
136,3.11325,0.57988,24906,4639,24906,4639,0.0,0,0,CleanAir,0.0,2026-09-18 22:59:54
138,3.08938,0.57825,24715,4626,24715,4626,0.0,0,0,CleanAir,0.0,2026-09-18 22:59:55
140,3.04713,0.57975,24377,4638,24377,4638,0.0,0,0,CleanAir,0.0,2026-09-18 22:59:56
141,3.04288,0.57838,24343,4627,24343,4627,0.0,0,0,CleanAir,0.0,2026-09-18 22:59:56
142,3.02763,0.58288,24221,4663,24221,4663,0.0,0,0,CleanAir,0.0,2026-09-18 22:59:56
143,3.00875,0.57938,24070,4635,24070,4635,0.0,0,0,CleanAir,0.0,2026-09-18 22:59:57
144,2.99925,0.57988,23994,4639,23994,4639,0.0,0,0,CleanAir,0.0,2026-09-18 22:59:57
105,3.18813,0.58675,25505,4694,25505,4694,3.3,255,0,CleanAir,0.0,2026-09-18 23:06:23
106,3.15763,0.5865,25261,4692,25261,4692,3.3,255,0,CleanAir,0.0,2026-09-18 23:06:23
107,3.18888,0.58425,25511,4674,25511,4674,3.3,255,0,CleanAir,0.0,2026-09-18 23:06:24
109,3.18788,0.586,25503,4688,25503,4688,3.3,255,0,CleanAir,0.0,2026-09-18 23:06:25
110,3.18838,0.58363,25507,4669,25507,4669,3.3,255,0,CleanAir,0.0,2026-09-18 23:06:25
111,3.16,0.58188,25280,4655,25280,4655,3.3,255,0,CleanAir,0.0,2026-09-18 23:06:25
112,3.18913,0.58675,25513,4694,25513,4694,3.3,255,0,CleanAir,0.0,2026-09-18 23:06:26
113,3.16063,0.5835,25285,4668,25285,4668,3.3,255,0,CleanAir,0.0,2026-09-18 23:06:26
114,3.189,0.58688,25512,4695,25512,4695,3.3,255,0,CleanAir,0.0,2026-09-18 23:06:27
115,3.159,0.58675,25272,4694,25272,4694,3.3,255,0,CleanAir,0.0,2026-09-18 23:06:27
116,3.18988,0.58713,25519,4697,25519,4697,3.3,255,0,CleanAir,0.0,2026-09-18 23:06:27
117,3.16063,0.58675,25285,4694,25285,4694,3.3,255,0,CleanAir,0.0,2026-09-18 23:06:28
118,3.19088,0.582,25527,4656,25527,4656,3.3,255,0,CleanAir,0.0,2026-09-18 23:06:28
119,3.16363,0.58663,25309,4693,25309,4693,3.3,255,0,CleanAir,0.0,2026-09-18 23:06:28
120,3.1915,0.58288,25532,4663,25532,4663,3.3,255,0,CleanAir,0.0,2026-09-18 23:06:29
122,3.19263,0.58338,25541,4667,25541,4667,3.3,255,0,CleanAir,0.0,2026-09-18 23:06:29
123,3.161,0.587,25288,4696,25288,4696,3.3,255,0,CleanAir,0.0,2026-09-18 23:06:30
125,3.39325,0.58238,27146,4659,27146,4659,0.0,0,0,CleanAir,0.0,2026-09-18 23:06:31
126,3.33525,0.58263,26682,4661,26682,4661,0.0,0,0,CleanAir,0.0,2026-09-18 23:06:31
127,3.31188,0.58175,26495,4654,26495,4654,0.0,0,0,CleanAir,0.0,2026-09-18 23:06:32
128,3.306,0.58075,26448,4646,26448,4646,0.0,0,0,CleanAir,0.0,2026-09-18 23:06:32
129,3.27363,0.58225,26189,4658,26189,4658,0.0,0,0,CleanAir,0.0,2026-09-18 23:06:33
130,3.2225,0.58288,25780,4663,25780,4663,0.0,0,0,CleanAir,0.0,2026-09-18 23:06:33
131,3.21913,0.58188,25753,4655,25753,4655,0.0,0,0,CleanAir,0.0,2026-09-18 23:06:33
132,3.14975,0.578,25198,4624,25198,4624,0.0,0,0,CleanAir,0.0,2026-09-18 23:06:34
133,3.15513,0.58125,25241,4650,25241,4650,0.0,0,0,CleanAir,0.0,2026-09-18 23:06:35
134,3.12775,0.58175,25022,4654,25022,4654,0.0,0,0,CleanAir,0.0,2026-09-18 23:06:35
135,3.08363,0.57825,24669,4626,24669,4626,0.0,0,0,CleanAir,0.0,2026-09-18 23:06:36
136,3.08888,0.579,24711,4632,24711,4632,0.0,0,0,CleanAir,0.0,2026-09-18 23:06:36
137,3.0725,0.58275,24580,4662,24580,4662,0.0,0,0,CleanAir,0.0,2026-09-18 23:06:37
138,3.04688,0.58238,24375,4659,24375,4659,0.0,0,0,CleanAir,0.0,2026-09-18 23:06:37
139,3.02663,0.58225,24213,4658,24213,4658,0.0,0,0,CleanAir,0.0,2026-09-18 23:06:38
140,2.98463,0.57938,23877,4635,23877,4635,0.0,0,0,CleanAir,0.0,2026-09-18 23:06:38
141,2.99813,0.58225,23985,4658,23985,4658,0.0,0,0,CleanAir,0.0,2026-09-18 23:06:39
142,2.97925,0.579,23834,4632,23834,4632,0.0,0,0,CleanAir,0.0,2026-09-18 23:06:39
144,2.95425,0.58263,23634,4661,23634,4661,0.0,0,0,CleanAir,0.0,2026-09-18 23:06:39
145,2.91463,0.58025,23317,4642,23317,4642,0.0,0,0,CleanAir,0.0,2026-09-18 23:06:40
146,2.9285,0.5795,23428,4636,23428,4636,0.0,0,0,CleanAir,0.0,2026-09-18 23:06:40
147,2.8935,0.57925,23148,4634,23148,4634,0.0,0,0,CleanAir,0.0,2026-09-18 23:06:41
149,2.86375,0.582,22910,4656,22910,4656,0.0,0,0,CleanAir,0.0,2026-09-18 23:06:41
150,2.88025,0.58213,23042,4657,23042,4657,0.0,0,0,CleanAir,0.0,2026-09-18 23:06:42
151,2.86738,0.57913,22939,4633,22939,4633,0.0,0,0,CleanAir,0.0,2026-09-18 23:06:43
152,2.832,0.57938,22656,4635,22656,4635,0.0,0,0,CleanAir,0.0,2026-09-18 23:06:43
153,2.82388,0.582,22591,4656,22591,4656,0.0,0,0,CleanAir,0.0,2026-09-18 23:06:43
154,2.81563,0.57938,22525,4635,22525,4635,0.0,0,0,CleanAir,0.0,2026-09-18 23:06:44
155,2.83225,0.58238,22658,4659,22658,4659,0.0,0,0,CleanAir,0.0,2026-09-18 23:06:44
156,2.79888,0.58238,22391,4659,22391,4659,0.0,0,0,CleanAir,0.0,2026-09-18 23:06:44
157,2.8005,0.5795,22404,4636,22404,4636,0.0,0,0,CleanAir,0.0,2026-09-18 23:06:45
158,2.8055,0.57763,22444,4621,22444,4621,0.0,0,0,CleanAir,0.0,2026-09-18 23:06:45
159,2.79263,0.57888,22341,4631,22341,4631,0.0,0,0,CleanAir,0.0,2026-09-18 23:06:46
160,2.76138,0.57963,22091,4637,22091,4637,0.0,0,0,CleanAir,0.0,2026-09-18 23:06:46
161,2.77763,0.58138,22221,4651,22221,4651,0.0,0,0,CleanAir,0.0,2026-09-18 23:06:47
162,2.74525,0.582,21962,4656,21962,4656,0.0,0,0,CleanAir,0.0,2026-09-18 23:06:47
163,2.76488,0.5805,22119,4644,22119,4644,0.0,0,0,CleanAir,0.0,2026-09-18 23:06:48
164,2.7345,0.5775,21876,4620,21876,4620,0.0,0,0,CleanAir,0.0,2026-09-18 23:06:48
165,2.72175,0.58025,21774,4642,21774,4642,0.0,0,0,CleanAir,0.0,2026-09-18 23:06:49
166,2.74075,0.57812,21926,4625,21926,4625,0.0,0,0,CleanAir,0.0,2026-09-18 23:06:49
167,2.71038,0.582,21683,4656,21683,4656,0.0,0,0,CleanAir,0.0,2026-09-18 23:06:49
168,2.73038,0.58225,21843,4658,21843,4658,0.0,0,0,CleanAir,0.0,2026-09-18 23:06:50
169,2.72488,0.579,21799,4632,21799,4632,0.0,0,0,CleanAir,0.0,2026-09-18 23:06:50
170,2.71138,0.57763,21691,4621,21691,4621,0.0,0,0,CleanAir,0.0,2026-09-18 23:06:50
171,2.71688,0.57925,21735,4634,21735,4634,0.0,0,0,CleanAir,0.0,2026-09-18 23:06:51
172,2.68675,0.58263,21494,4661,21494,4661,0.0,0,0,CleanAir,0.0,2026-09-18 23:06:51
173,2.70713,0.57838,21657,4627,21657,4627,0.0,0,0,CleanAir,0.0,2026-09-18 23:06:52
174,2.70313,0.58238,21625,4659,21625,4659,0.0,0,0,CleanAir,0.0,2026-09-18 23:06:52
175,2.69975,0.58225,21598,4658,21598,4658,0.0,0,0,CleanAir,0.0,2026-09-18 23:06:53
176,2.69275,0.581,21542,4648,21542,4648,0.0,0,0,CleanAir,0.0,2026-09-18 23:06:53
177,2.68713,0.57913,21497,4633,21497,4633,0.0,0,0,CleanAir,0.0,2026-09-18 23:06:54
178,2.6605,0.58138,21284,4651,21284,4651,0.0,0,0,CleanAir,0.0,2026-09-18 23:06:54
179,2.68163,0.58088,21453,4647,21453,4647,0.0,0,0,CleanAir,0.0,2026-09-18 23:06:54
180,2.65375,0.58163,21230,4653,21230,4653,0.0,0,0,CleanAir,0.0,2026-09-18 23:06:55
181,2.6755,0.58113,21404,4649,21404,4649,0.0,0,0,CleanAir,0.0,2026-09-18 23:06:55
182,2.64925,0.57788,21194,4623,21194,4623,0.0,0,0,CleanAir,0.0,2026-09-18 23:06:55
183,2.64613,0.57888,21169,4631,21169,4631,0.0,0,0,CleanAir,0.0,2026-09-18 23:06:56
184,2.64338,0.58225,21147,4658,21147,4658,0.0,0,0,CleanAir,0.0,2026-09-18 23:06:56
185,2.63775,0.57812,21102,4625,21102,4625,0.0,0,0,CleanAir,0.0,2026-09-18 23:06:57
186,2.63675,0.58188,21094,4655,21094,4655,0.0,0,0,CleanAir,0.0,2026-09-18 23:06:57
187,2.635,0.58125,21080,4650,21080,4650,0.0,0,0,CleanAir,0.0,2026-09-18 23:06:57
188,2.63425,0.57863,21074,4629,21074,4629,0.0,0,0,CleanAir,0.0,2026-09-18 23:06:58
189,2.65588,0.57988,21247,4639,21247,4639,0.0,0,0,CleanAir,0.0,2026-09-18 23:06:58
190,2.65325,0.58063,21226,4645,21226,4645,0.0,0,0,CleanAir,0.0,2026-09-18 23:06:59
191,2.6515,0.58238,21212,4659,21212,4659,0.0,0,0,CleanAir,0.0,2026-09-18 23:06:59
192,2.63175,0.57988,21054,4639,21054,4639,0.0,0,0,CleanAir,0.0,2026-09-18 23:06:59
193,2.64788,0.5825,21183,4660,21183,4660,0.0,0,0,CleanAir,0.0,2026-09-18 23:07:00
194,2.64675,0.57963,21174,4637,21174,4637,0.0,0,0,CleanAir,0.0,2026-09-18 23:07:00
195,2.62,0.58188,20960,4655,20960,4655,0.0,0,0,CleanAir,0.0,2026-09-18 23:07:00
196,2.6425,0.5825,21140,4660,21140,4660,0.0,0,0,CleanAir,0.0,2026-09-18 23:07:01
197,2.61763,0.58213,20941,4657,20941,4657,0.0,0,0,CleanAir,0.0,2026-09-18 23:07:01
198,2.61488,0.57725,20919,4618,20919,4618,0.0,0,0,CleanAir,0.0,2026-09-18 23:07:02
199,2.62975,0.57913,21038,4633,21038,4633,0.0,0,0,CleanAir,0.0,2026-09-18 23:07:02
200,2.637,0.582,21096,4656,21096,4656,0.0,0,0,CleanAir,0.0,2026-09-18 23:07:02
201,2.636,0.5825,21088,4660,21088,4660,0.0,0,0,CleanAir,0.0,2026-09-18 23:07:03
202,2.634,0.579,21072,4632,21072,4632,0.0,0,0,CleanAir,0.0,2026-09-18 23:07:03
203,2.61238,0.58225,20899,4658,20899,4658,0.0,0,0,CleanAir,0.0,2026-09-18 23:07:04
204,2.6315,0.57775,21052,4622,21052,4622,0.0,0,0,CleanAir,0.0,2026-09-18 23:07:04
205,2.63063,0.58013,21045,4641,21045,4641,0.0,0,0,CleanAir,0.0,2026-09-18 23:07:04
206,2.62288,0.57875,20983,4630,20983,4630,0.0,0,0,CleanAir,0.0,2026-09-18 23:07:05
207,2.61213,0.57913,20897,4633,20897,4633,0.0,0,0,CleanAir,0.0,2026-09-18 23:07:05
208,2.62713,0.582,21017,4656,21017,4656,0.0,0,0,CleanAir,0.0,2026-09-18 23:07:05
209,2.60288,0.57925,20823,4634,20823,4634,0.0,0,0,CleanAir,0.0,2026-09-18 23:07:06
210,2.62463,0.58025,20997,4642,20997,4642,0.0,0,0,CleanAir,0.0,2026-09-18 23:07:06
211,2.626,0.57913,21008,4633,21008,4633,0.0,0,0,CleanAir,0.0,2026-09-18 23:07:06
212,2.62438,0.57738,20995,4619,20995,4619,0.0,0,0,CleanAir,0.0,2026-09-18 23:07:07
213,2.59925,0.57763,20794,4621,20794,4621,0.0,0,0,CleanAir,0.0,2026-09-18 23:07:08
215,2.59988,0.57963,20799,4637,20799,4637,0.0,0,0,CleanAir,0.0,2026-09-18 23:07:08
216,2.59788,0.58188,20783,4655,20783,4655,0.0,0,0,CleanAir,0.0,2026-09-18 23:07:08
217,2.59763,0.578,20781,4624,20781,4624,0.0,0,0,CleanAir,0.0,2026-09-18 23:07:09
218,2.59663,0.582,20773,4656,20773,4656,0.0,0,0,CleanAir,0.0,2026-09-18 23:07:09
219,2.6195,0.57888,20956,4631,20956,4631,0.0,0,0,CleanAir,0.0,2026-09-18 23:07:10
220,2.619,0.58213,20952,4657,20952,4657,0.0,0,0,CleanAir,0.0,2026-09-18 23:07:10
221,2.61825,0.57763,20946,4621,20946,4621,0.0,0,0,CleanAir,0.0,2026-09-18 23:07:10
222,2.5935,0.57738,20748,4619,20748,4619,0.0,0,0,CleanAir,0.0,2026-09-18 23:07:11
223,2.6175,0.57963,20940,4637,20940,4637,0.0,0,0,CleanAir,0.0,2026-09-18 23:07:11
224,2.5925,0.57825,20740,4626,20740,4626,0.0,0,0,CleanAir,0.0,2026-09-18 23:07:12
225,2.61613,0.58188,20929,4655,20929,4655,0.0,0,0,CleanAir,0.0,2026-09-18 23:07:12
226,2.59775,0.57788,20782,4623,20782,4623,0.0,0,0,CleanAir,0.0,2026-09-18 23:07:12
227,2.61563,0.58013,20925,4641,20925,4641,0.0,0,0,CleanAir,0.0,2026-09-18 23:07:13
228,2.591,0.582,20728,4656,20728,4656,0.0,0,0,CleanAir,0.0,2026-09-18 23:07:13
229,2.5905,0.57925,20724,4634,20724,4634,0.0,0,0,CleanAir,0.0,2026-09-18 23:07:14
230,2.59163,0.5795,20733,4636,20733,4636,0.0,0,0,CleanAir,0.0,2026-09-18 23:07:14
231,2.58913,0.5785,20713,4628,20713,4628,0.0,0,0,CleanAir,0.0,2026-09-18 23:07:14
232,2.59488,0.58213,20759,4657,20759,4657,0.0,0,0,CleanAir,0.0,2026-09-18 23:07:15
233,2.5995,0.57863,20796,4629,20796,4629,0.0,0,0,CleanAir,0.0,2026-09-18 23:07:15
234,2.60713,0.57988,20857,4639,20857,4639,0.0,0,0,CleanAir,0.0,2026-09-18 23:07:16
235,2.5915,0.57788,20732,4623,20732,4623,0.0,0,0,CleanAir,0.0,2026-09-18 23:07:16
236,2.59088,0.5795,20727,4636,20727,4636,0.0,0,0,CleanAir,0.0,2026-09-18 23:07:16
237,2.5925,0.57988,20740,4639,20740,4639,0.0,0,0,CleanAir,0.0,2026-09-18 23:07:17
238,2.61113,0.58238,20889,4659,20889,4659,0.0,0,0,CleanAir,0.0,2026-09-18 23:07:17
239,2.58675,0.57988,20694,4639,20694,4639,0.0,0,0,CleanAir,0.0,2026-09-18 23:07:18
240,2.58675,0.577,20694,4616,20694,4616,0.0,0,0,CleanAir,0.0,2026-09-18 23:07:18
241,2.5875,0.57788,20700,4623,20700,4623,0.0,0,0,CleanAir,0.0,2026-09-18 23:07:18
242,2.58725,0.57825,20698,4626,20698,4626,0.0,0,0,CleanAir,0.0,2026-09-18 23:07:19
243,2.58725,0.58013,20698,4641,20698,4641,0.0,0,0,CleanAir,0.0,2026-09-18 23:07:19
244,2.61075,0.57875,20886,4630,20886,4630,0.0,0,0,CleanAir,0.0,2026-09-18 23:07:19
245,2.58575,0.57863,20686,4629,20686,4629,0.0,0,0,CleanAir,0.0,2026-09-18 23:07:20
246,2.58675,0.579,20694,4632,20694,4632,0.0,0,0,CleanAir,0.0,2026-09-18 23:07:20
247,2.58588,0.5785,20687,4628,20687,4628,0.0,0,0,CleanAir,0.0,2026-09-18 23:07:21
248,2.58575,0.57913,20686,4633,20686,4633,0.0,0,0,CleanAir,0.0,2026-09-18 23:07:21
249,2.58375,0.58088,20670,4647,20670,4647,0.0,0,0,CleanAir,0.0,2026-09-18 23:07:21
0,2.47913,0.586,19833,4688,19833,4688,3.3,255,0,CleanAir,0.0,2026-09-18 23:07:22
1,2.48325,0.58413,19866,4673,19866,4673,3.3,255,0,CleanAir,0.0,2026-09-18 23:07:22
2,2.51613,0.5865,20129,4692,20129,4692,3.3,255,0,CleanAir,0.0,2026-09-18 23:07:22
3,2.586,0.58688,20688,4695,20688,4695,3.3,255,0,CleanAir,0.0,2026-09-18 23:07:23
4,2.599,0.586,20792,4688,20792,4688,3.3,255,0,CleanAir,0.0,2026-09-18 23:07:23
5,2.622,0.58388,20976,4671,20976,4671,3.3,255,0,CleanAir,0.0,2026-09-18 23:07:24
6,2.66613,0.58238,21329,4659,21329,4659,3.3,255,0,CleanAir,0.0,2026-09-18 23:07:24
7,2.67838,0.58213,21427,4657,21427,4657,3.3,255,0,CleanAir,0.0,2026-09-18 23:07:25
8,2.70888,0.58263,21671,4661,21671,4661,3.3,255,0,CleanAir,0.0,2026-09-18 23:07:25
9,2.7505,0.58637,22004,4691,22004,4691,3.3,255,0,CleanAir,0.0,2026-09-18 23:07:25
10,2.77463,0.58238,22197,4659,22197,4659,3.3,255,0,CleanAir,0.0,2026-09-18 23:07:26
11,2.77113,0.58538,22169,4683,22169,4683,3.3,255,0,CleanAir,0.0,2026-09-18 23:07:26
12,2.81613,0.58625,22529,4690,22529,4690,3.3,255,0,CleanAir,0.0,2026-09-18 23:07:26
13,2.842,0.58663,22736,4693,22736,4693,3.3,255,0,CleanAir,0.0,2026-09-18 23:07:27
14,2.833,0.5815,22664,4652,22664,4652,3.3,255,0,CleanAir,0.0,2026-09-18 23:07:27
15,2.87563,0.5865,23005,4692,23005,4692,3.3,255,0,CleanAir,0.0,2026-09-18 23:07:28
16,2.86488,0.58663,22919,4693,22919,4693,3.3,255,0,CleanAir,0.0,2026-09-18 23:07:28
17,2.8925,0.58363,23140,4669,23140,4669,3.3,255,0,CleanAir,0.0,2026-09-18 23:07:28
18,2.92188,0.58488,23375,4679,23375,4679,3.3,255,0,CleanAir,0.0,2026-09-18 23:07:29
19,2.90713,0.58525,23257,4682,23257,4682,3.3,255,0,CleanAir,0.0,2026-09-18 23:07:29
21,2.93225,0.5865,23458,4692,23458,4692,3.3,255,0,CleanAir,0.0,2026-09-18 23:07:30
22,2.98025,0.58338,23842,4667,23842,4667,3.3,255,0,CleanAir,0.0,2026-09-18 23:07:30
23,2.96438,0.58538,23715,4683,23715,4683,3.3,255,0,CleanAir,0.0,2026-09-18 23:07:31
24,3.00575,0.58463,24046,4677,24046,4677,3.3,255,0,CleanAir,0.0,2026-09-18 23:07:31
25,2.98625,0.58525,23890,4682,23890,4682,3.3,255,0,CleanAir,0.0,2026-09-18 23:07:32
26,2.99738,0.58238,23979,4659,23979,4659,3.3,255,0,CleanAir,0.0,2026-09-18 23:07:32
27,3.037,0.58675,24296,4694,24296,4694,3.3,255,0,CleanAir,0.0,2026-09-18 23:07:33
28,3.04538,0.58413,24363,4673,24363,4673,3.3,255,0,CleanAir,0.0,2026-09-18 23:07:33
29,3.05175,0.58625,24414,4690,24414,4690,3.3,255,0,CleanAir,0.0,2026-09-18 23:07:34
30,3.05925,0.58375,24474,4670,24474,4670,3.3,255,0,CleanAir,0.0,2026-09-18 23:07:34
31,3.06488,0.58637,24519,4691,24519,4691,3.3,255,0,CleanAir,0.0,2026-09-18 23:07:34
32,3.044,0.583,24352,4664,24352,4664,3.3,255,0,CleanAir,0.0,2026-09-18 23:07:35
33,3.07725,0.58213,24618,4657,24618,4657,3.3,255,0,CleanAir,0.0,2026-09-18 23:07:35
34,3.08275,0.58675,24662,4694,24662,4694,3.3,255,0,CleanAir,0.0,2026-09-18 23:07:35
35,3.05913,0.5815,24473,4652,24473,4652,3.3,255,0,CleanAir,0.0,2026-09-18 23:07:36
36,3.0935,0.58625,24748,4690,24748,4690,3.3,255,0,CleanAir,0.0,2026-09-18 23:07:36
37,3.1015,0.58313,24812,4665,24812,4665,3.3,255,0,CleanAir,0.0,2026-09-18 23:07:36
38,3.07713,0.58275,24617,4662,24617,4662,3.3,255,0,CleanAir,0.0,2026-09-18 23:07:37
39,3.082,0.58675,24656,4694,24656,4694,3.3,255,0,CleanAir,0.0,2026-09-18 23:07:37
40,3.11513,0.5825,24921,4660,24921,4660,3.3,255,0,CleanAir,0.0,2026-09-18 23:07:38
41,3.119,0.5835,24952,4668,24952,4668,3.3,255,0,CleanAir,0.0,2026-09-18 23:07:38
42,3.1235,0.58363,24988,4669,24988,4669,3.3,255,0,CleanAir,0.0,2026-09-18 23:07:38
43,3.1285,0.583,25028,4664,25028,4664,3.3,255,0,CleanAir,0.0,2026-09-18 23:07:39
44,3.13338,0.58663,25067,4693,25067,4693,3.3,255,0,CleanAir,0.0,2026-09-18 23:07:39
45,3.10763,0.58663,24861,4693,24861,4693,3.3,255,0,CleanAir,0.0,2026-09-18 23:07:40
46,3.14,0.58713,25120,4697,25120,4697,3.3,255,0,CleanAir,0.0,2026-09-18 23:07:40
47,3.1135,0.58675,24908,4694,24908,4694,3.3,255,0,CleanAir,0.0,2026-09-18 23:07:40
48,3.14538,0.587,25163,4696,25163,4696,3.3,255,0,CleanAir,0.0,2026-09-18 23:07:41
49,3.12775,0.58675,25022,4694,25022,4694,3.3,255,0,CleanAir,0.0,2026-09-18 23:07:41
50,3.1505,0.58625,25204,4690,25204,4690,3.3,255,0,CleanAir,0.0,2026-09-18 23:07:42
51,3.12313,0.58663,24985,4693,24985,4693,3.3,255,0,CleanAir,0.0,2026-09-18 23:07:42
52,3.125,0.5855,25000,4684,25000,4684,3.3,255,0,CleanAir,0.0,2026-09-18 23:07:42
53,3.12825,0.5865,25026,4692,25026,4692,3.3,255,0,CleanAir,0.0,2026-09-18 23:07:43
54,3.13075,0.58388,25046,4671,25046,4671,3.3,255,0,CleanAir,0.0,2026-09-18 23:07:43
56,3.13338,0.58688,25067,4695,25067,4695,3.3,255,0,CleanAir,0.0,2026-09-18 23:07:44
57,3.16538,0.58425,25323,4674,25323,4674,3.3,255,0,CleanAir,0.0,2026-09-18 23:07:44
58,3.138,0.58438,25104,4675,25104,4675,3.3,255,0,CleanAir,0.0,2026-09-18 23:07:44
59,3.16788,0.58675,25343,4694,25343,4694,3.3,255,0,CleanAir,0.0,2026-09-18 23:07:45
60,3.14088,0.58525,25127,4682,25127,4682,3.3,255,0,CleanAir,0.0,2026-09-18 23:07:45
61,3.15988,0.58675,25279,4694,25279,4694,3.3,255,0,CleanAir,0.0,2026-09-18 23:07:46
62,3.17313,0.58275,25385,4662,25385,4662,3.3,255,0,CleanAir,0.0,2026-09-18 23:07:46
63,3.15775,0.586,25262,4688,25262,4688,3.3,255,0,CleanAir,0.0,2026-09-18 23:07:47
64,3.17575,0.58463,25406,4677,25406,4677,3.3,255,0,CleanAir,0.0,2026-09-18 23:07:47
65,3.1775,0.58713,25420,4697,25420,4697,3.3,255,0,CleanAir,0.0,2026-09-18 23:07:47
66,3.1495,0.58275,25196,4662,25196,4662,3.3,255,0,CleanAir,0.0,2026-09-18 23:07:48
67,3.16663,0.58637,25333,4691,25333,4691,3.3,255,0,CleanAir,0.0,2026-09-18 23:07:48
68,3.18013,0.58438,25441,4675,25441,4675,3.3,255,0,CleanAir,0.0,2026-09-18 23:07:49
69,3.18163,0.5835,25453,4668,25453,4668,3.3,255,0,CleanAir,0.0,2026-09-18 23:07:49
70,3.1685,0.58188,25348,4655,25348,4655,3.3,255,0,CleanAir,0.0,2026-09-18 23:07:49
71,3.1855,0.58413,25484,4673,25484,4673,3.3,255,0,CleanAir,0.0,2026-09-18 23:07:50
72,3.16875,0.58538,25350,4683,25350,4683,3.3,255,0,CleanAir,0.0,2026-09-18 23:07:50
73,3.18763,0.5825,25501,4660,25501,4660,3.3,255,0,CleanAir,0.0,2026-09-18 23:07:51
74,3.1595,0.58313,25276,4665,25276,4665,3.3,255,0,CleanAir,0.0,2026-09-18 23:07:51
75,3.18963,0.58375,25517,4670,25517,4670,3.3,255,0,CleanAir,0.0,2026-09-18 23:07:51
76,3.19013,0.5845,25521,4676,25521,4676,3.3,255,0,CleanAir,0.0,2026-09-18 23:07:52
77,3.19238,0.58388,25539,4671,25539,4671,3.3,255,0,CleanAir,0.0,2026-09-18 23:07:52
78,3.18838,0.5865,25507,4692,25507,4692,3.3,255,0,CleanAir,0.0,2026-09-18 23:07:53
79,3.16363,0.58375,25309,4670,25309,4670,3.3,255,0,CleanAir,0.0,2026-09-18 23:07:53
80,3.1935,0.58688,25548,4695,25548,4695,3.3,255,0,CleanAir,0.0,2026-09-18 23:07:54
81,3.1765,0.58675,25412,4694,25412,4694,3.3,255,0,CleanAir,0.0,2026-09-18 23:07:54
82,3.19325,0.584,25546,4672,25546,4672,3.3,255,0,CleanAir,0.0,2026-09-18 23:07:54
83,3.17688,0.58513,25415,4681,25415,4681,3.3,255,0,CleanAir,0.0,2026-09-18 23:07:55
84,3.1965,0.58238,25572,4659,25572,4659,3.3,255,0,CleanAir,0.0,2026-09-18 23:07:56
85,3.16763,0.58275,25341,4662,25341,4662,3.3,255,0,CleanAir,0.0,2026-09-18 23:07:57
86,3.19788,0.5845,25583,4676,25583,4676,3.3,255,0,CleanAir,0.0,2026-09-18 23:07:57
87,3.19775,0.58188,25582,4655,25582,4655,3.3,255,0,CleanAir,0.0,2026-09-18 23:07:57
88,3.17,0.58675,25360,4694,25360,4694,3.3,255,0,CleanAir,0.0,2026-09-18 23:07:58
89,3.198,0.58413,25584,4673,25584,4673,3.3,255,0,CleanAir,0.0,2026-09-18 23:07:58
90,3.199,0.58225,25592,4658,25592,4658,3.3,255,0,CleanAir,0.0,2026-09-18 23:07:58
91,3.16988,0.584,25359,4672,25359,4672,3.3,255,0,CleanAir,0.0,2026-09-18 23:07:59
92,3.1985,0.58413,25588,4673,25588,4673,3.3,255,0,CleanAir,0.0,2026-09-18 23:07:59
93,3.16988,0.58175,25359,4654,25359,4654,3.3,255,0,CleanAir,0.0,2026-09-18 23:08:00
94,3.2005,0.5835,25604,4668,25604,4668,3.3,255,0,CleanAir,0.0,2026-09-18 23:08:00
95,3.1715,0.58425,25372,4674,25372,4674,3.3,255,0,CleanAir,0.0,2026-09-18 23:08:01
96,3.20125,0.5835,25610,4668,25610,4668,3.3,255,0,CleanAir,0.0,2026-09-18 23:08:01
98,3.20163,0.5865,25613,4692,25613,4692,3.3,255,0,CleanAir,0.0,2026-09-18 23:08:01
99,3.20075,0.58688,25606,4695,25606,4695,3.3,255,0,CleanAir,0.0,2026-09-18 23:08:02
100,3.17675,0.58563,25414,4685,25414,4685,3.3,255,0,CleanAir,0.0,2026-09-18 23:08:02
101,3.17288,0.582,25383,4656,25383,4656,3.3,255,0,CleanAir,0.0,2026-09-18 23:08:03
102,3.2035,0.58288,25628,4663,25628,4663,3.3,255,0,CleanAir,0.0,2026-09-18 23:08:03
103,3.20338,0.58363,25627,4669,25627,4669,3.3,255,0,CleanAir,0.0,2026-09-18 23:08:03
104,3.17475,0.5845,25398,4676,25398,4676,3.3,255,0,CleanAir,0.0,2026-09-18 23:08:04
105,3.20338,0.58375,25627,4670,25627,4670,3.3,255,0,CleanAir,0.0,2026-09-18 23:08:04
106,3.20313,0.58675,25625,4694,25625,4694,3.3,255,0,CleanAir,0.0,2026-09-18 23:08:05
107,3.203,0.58338,25624,4667,25624,4667,3.3,255,0,CleanAir,0.0,2026-09-18 23:08:05
108,3.17788,0.58637,25423,4691,25423,4691,3.3,255,0,CleanAir,0.0,2026-09-18 23:08:06
109,3.20438,0.5835,25635,4668,25635,4668,3.3,255,0,CleanAir,0.0,2026-09-18 23:08:06
110,3.20463,0.58313,25637,4665,25637,4665,3.3,255,0,CleanAir,0.0,2026-09-18 23:08:06
111,3.2045,0.58325,25636,4666,25636,4666,3.3,255,0,CleanAir,0.0,2026-09-18 23:08:07
113,3.20338,0.582,25627,4656,25627,4656,3.3,255,0,CleanAir,0.0,2026-09-18 23:08:07
114,3.20475,0.58338,25638,4667,25638,4667,3.3,255,0,CleanAir,0.0,2026-09-18 23:08:08
115,3.17438,0.58488,25395,4679,25395,4679,3.3,255,0,CleanAir,0.0,2026-09-18 23:08:08
116,3.1995,0.58413,25596,4673,25596,4673,3.3,255,0,CleanAir,0.0,2026-09-18 23:08:09
117,3.17575,0.58425,25406,4674,25406,4674,3.3,255,0,CleanAir,0.0,2026-09-18 23:08:09
118,3.20525,0.58637,25642,4691,25642,4691,3.3,255,0,CleanAir,0.0,2026-09-18 23:08:09
119,3.17475,0.58675,25398,4694,25398,4694,3.3,255,0,CleanAir,0.0,2026-09-18 23:08:10
120,3.20438,0.58675,25635,4694,25635,4694,3.3,255,0,CleanAir,0.0,2026-09-18 23:08:10
121,3.20275,0.58338,25622,4667,25622,4667,3.3,255,0,CleanAir,0.0,2026-09-18 23:08:10
122,3.175,0.583,25400,4664,25400,4664,3.3,255,0,CleanAir,0.0,2026-09-18 23:08:11
123,3.20363,0.58663,25629,4693,25629,4693,3.3,255,0,CleanAir,0.0,2026-09-18 23:08:12
124,3.17563,0.58388,25405,4671,25405,4671,3.3,255,0,CleanAir,0.0,2026-09-18 23:08:12
125,3.406,0.58275,27248,4662,27248,4662,0.0,0,0,CleanAir,0.0,2026-09-18 23:08:12
126,3.34388,0.57938,26751,4635,26751,4635,0.0,0,0,CleanAir,0.0,2026-09-18 23:08:13
127,3.29125,0.58175,26330,4654,26330,4654,0.0,0,0,CleanAir,0.0,2026-09-18 23:08:14
128,3.2985,0.58038,26388,4643,26388,4643,0.0,0,0,CleanAir,0.0,2026-09-18 23:08:14
129,3.24775,0.579,25982,4632,25982,4632,0.0,0,0,CleanAir,0.0,2026-09-18 23:08:14
130,3.24975,0.58038,25998,4643,25998,4643,0.0,0,0,CleanAir,0.0,2026-09-18 23:08:15
132,3.2105,0.582,25684,4656,25684,4656,0.0,0,0,CleanAir,0.0,2026-09-18 23:08:16
133,3.167,0.579,25336,4632,25336,4632,0.0,0,0,CleanAir,0.0,2026-09-18 23:08:16
134,3.17275,0.58238,25382,4659,25382,4659,0.0,0,0,CleanAir,0.0,2026-09-18 23:08:16
135,3.14738,0.57775,25179,4622,25179,4622,0.0,0,0,CleanAir,0.0,2026-09-18 23:08:17
136,3.07575,0.58025,24606,4642,24606,4642,0.0,0,0,CleanAir,0.0,2026-09-18 23:08:18
137,3.0595,0.57938,24476,4635,24476,4635,0.0,0,0,CleanAir,0.0,2026-09-18 23:08:18
138,3.05063,0.57812,24405,4625,24405,4625,0.0,0,0,CleanAir,0.0,2026-09-18 23:08:19
139,3.01763,0.57788,24141,4623,24141,4623,0.0,0,0,CleanAir,0.0,2026-09-18 23:08:19
140,3.02313,0.5795,24185,4636,24185,4636,0.0,0,0,CleanAir,0.0,2026-09-18 23:08:20
141,3.0025,0.5825,24020,4660,24020,4660,0.0,0,0,CleanAir,0.0,2026-09-18 23:08:20
142,2.97575,0.57863,23806,4629,23806,4629,0.0,0,0,CleanAir,0.0,2026-09-18 23:08:21
143,2.977,0.582,23816,4656,23816,4656,0.0,0,0,CleanAir,0.0,2026-09-18 23:08:21
144,2.95988,0.5785,23679,4628,23679,4628,0.0,0,0,CleanAir,0.0,2026-09-18 23:08:21
145,2.943,0.582,23544,4656,23544,4656,0.0,0,0,CleanAir,0.0,2026-09-18 23:08:22
146,2.90475,0.57838,23238,4627,23238,4627,0.0,0,0,CleanAir,0.0,2026-09-18 23:08:23
147,2.89038,0.57775,23123,4622,23123,4622,0.0,0,0,CleanAir,0.0,2026-09-18 23:08:23
148,2.87663,0.58175,23013,4654,23013,4654,0.0,0,0,CleanAir,0.0,2026-09-18 23:08:23
150,2.88388,0.5785,23071,4628,23071,4628,0.0,0,0,CleanAir,0.0,2026-09-18 23:08:24
151,2.875,0.57925,23000,4634,23000,4634,0.0,0,0,CleanAir,0.0,2026-09-18 23:08:24
153,2.82538,0.581,22603,4648,22603,4648,0.0,0,0,CleanAir,0.0,2026-09-18 23:08:25
154,2.84325,0.57713,22746,4617,22746,4617,0.0,0,0,CleanAir,0.0,2026-09-18 23:08:26
155,2.8095,0.58113,22476,4649,22476,4649,0.0,0,0,CleanAir,0.0,2026-09-18 23:08:26
156,2.8275,0.582,22620,4656,22620,4656,0.0,0,0,CleanAir,0.0,2026-09-18 23:08:26
157,2.81913,0.58238,22553,4659,22553,4659,0.0,0,0,CleanAir,0.0,2026-09-18 23:08:27
158,2.7865,0.58275,22292,4662,22292,4662,0.0,0,0,CleanAir,0.0,2026-09-18 23:08:27
159,2.80638,0.58038,22451,4643,22451,4643,0.0,0,0,CleanAir,0.0,2026-09-18 23:08:28
160,2.79625,0.58025,22370,4642,22370,4642,0.0,0,0,CleanAir,0.0,2026-09-18 23:08:28
161,2.76363,0.58138,22109,4651,22109,4651,0.0,0,0,CleanAir,0.0,2026-09-18 23:08:29
162,2.78438,0.57763,22275,4621,22275,4621,0.0,0,0,CleanAir,0.0,2026-09-18 23:08:29
164,2.77313,0.578,22185,4624,22185,4624,0.0,0,0,CleanAir,0.0,2026-09-18 23:08:29
165,2.75763,0.58213,22061,4657,22061,4657,0.0,0,0,CleanAir,0.0,2026-09-18 23:08:30
166,2.75175,0.582,22014,4656,22014,4656,0.0,0,0,CleanAir,0.0,2026-09-18 23:08:30
167,2.7555,0.58075,22044,4646,22044,4646,0.0,0,0,CleanAir,0.0,2026-09-18 23:08:31
168,2.72488,0.58175,21799,4654,21799,4654,0.0,0,0,CleanAir,0.0,2026-09-18 23:08:31
169,2.7455,0.57763,21964,4621,21964,4621,0.0,0,0,CleanAir,0.0,2026-09-18 23:08:31
170,2.71525,0.5795,21722,4636,21722,4636,0.0,0,0,CleanAir,0.0,2026-09-18 23:08:32
171,2.73625,0.58225,21890,4658,21890,4658,0.0,0,0,CleanAir,0.0,2026-09-18 23:08:32
173,2.72788,0.57738,21823,4619,21823,4619,0.0,0,0,CleanAir,0.0,2026-09-18 23:08:33
174,2.69813,0.57725,21585,4618,21585,4618,0.0,0,0,CleanAir,0.0,2026-09-18 23:08:33
175,2.72013,0.579,21761,4632,21761,4632,0.0,0,0,CleanAir,0.0,2026-09-18 23:08:33
176,2.69125,0.57888,21530,4631,21530,4631,0.0,0,0,CleanAir,0.0,2026-09-18 23:08:34
177,2.71138,0.57888,21691,4631,21691,4631,0.0,0,0,CleanAir,0.0,2026-09-18 23:08:34
178,2.68475,0.57925,21478,4634,21478,4634,0.0,0,0,CleanAir,0.0,2026-09-18 23:08:35
179,2.67863,0.58263,21429,4661,21429,4661,0.0,0,0,CleanAir,0.0,2026-09-18 23:08:35
180,2.69975,0.58213,21598,4657,21598,4657,0.0,0,0,CleanAir,0.0,2026-09-18 23:08:35
181,2.67163,0.58075,21373,4646,21373,4646,0.0,0,0,CleanAir,0.0,2026-09-18 23:08:36
182,2.6935,0.577,21548,4616,21548,4616,0.0,0,0,CleanAir,0.0,2026-09-18 23:08:36
183,2.66713,0.5795,21337,4636,21337,4636,0.0,0,0,CleanAir,0.0,2026-09-18 23:08:37
184,2.68875,0.578,21510,4624,21510,4624,0.0,0,0,CleanAir,0.0,2026-09-18 23:08:37
185,2.66188,0.57875,21295,4630,21295,4630,0.0,0,0,CleanAir,0.0,2026-09-18 23:08:37
187,2.6555,0.57675,21244,4614,21244,4614,0.0,0,0,CleanAir,0.0,2026-09-18 23:08:38
188,2.67788,0.57688,21423,4615,21423,4615,0.0,0,0,CleanAir,0.0,2026-09-18 23:08:38
189,2.675,0.57913,21400,4633,21400,4633,0.0,0,0,CleanAir,0.0,2026-09-18 23:08:39
191,2.67013,0.57863,21361,4629,21361,4629,0.0,0,0,CleanAir,0.0,2026-09-18 23:08:39
192,2.64838,0.57875,21187,4630,21187,4630,0.0,0,0,CleanAir,0.0,2026-09-18 23:08:40
193,2.64125,0.57963,21130,4637,21130,4637,0.0,0,0,CleanAir,0.0,2026-09-18 23:08:40
194,2.63975,0.58025,21118,4642,21118,4642,0.0,0,0,CleanAir,0.0,2026-09-18 23:08:41
195,2.66175,0.57875,21294,4630,21294,4630,0.0,0,0,CleanAir,0.0,2026-09-18 23:08:41
196,2.6375,0.58175,21100,4654,21100,4654,0.0,0,0,CleanAir,0.0,2026-09-18 23:08:41
197,2.65775,0.57775,21262,4622,21262,4622,0.0,0,0,CleanAir,0.0,2026-09-18 23:08:42
198,2.65563,0.58213,21245,4657,21245,4657,0.0,0,0,CleanAir,0.0,2026-09-18 23:08:42
199,2.65463,0.579,21237,4632,21237,4632,0.0,0,0,CleanAir,0.0,2026-09-18 23:08:43
200,2.62825,0.57975,21026,4638,21026,4638,0.0,0,0,CleanAir,0.0,2026-09-18 23:08:43
201,2.65163,0.57875,21213,4630,21213,4630,0.0,0,0,CleanAir,0.0,2026-09-18 23:08:43
202,2.6265,0.58075,21012,4646,21012,4646,0.0,0,0,CleanAir,0.0,2026-09-18 23:08:44
203,2.64888,0.58188,21191,4655,21191,4655,0.0,0,0,CleanAir,0.0,2026-09-18 23:08:44
204,2.62375,0.57938,20990,4635,20990,4635,0.0,0,0,CleanAir,0.0,2026-09-18 23:08:45
205,2.64638,0.57838,21171,4627,21171,4627,0.0,0,0,CleanAir,0.0,2026-09-18 23:08:45
206,2.62038,0.58163,20963,4653,20963,4653,0.0,0,0,CleanAir,0.0,2026-09-18 23:08:45
208,2.61725,0.58138,20938,4651,20938,4651,0.0,0,0,CleanAir,0.0,2026-09-18 23:08:46
209,2.64125,0.58225,21130,4658,21130,4658,0.0,0,0,CleanAir,0.0,2026-09-18 23:08:46
210,2.61688,0.57925,20935,4634,20935,4634,0.0,0,0,CleanAir,0.0,2026-09-18 23:08:47
211,2.63938,0.58225,21115,4658,21115,4658,0.0,0,0,CleanAir,0.0,2026-09-18 23:08:47
212,2.61425,0.58213,20914,4657,20914,4657,0.0,0,0,CleanAir,0.0,2026-09-18 23:08:47
213,2.6375,0.58213,21100,4657,21100,4657,0.0,0,0,CleanAir,0.0,2026-09-18 23:08:48
214,2.61713,0.57975,20937,4638,20937,4638,0.0,0,0,CleanAir,0.0,2026-09-18 23:08:48
215,2.6105,0.5825,20884,4660,20884,4660,0.0,0,0,CleanAir,0.0,2026-09-18 23:08:49
216,2.634,0.57925,21072,4634,21072,4634,0.0,0,0,CleanAir,0.0,2026-09-18 23:08:49
217,2.629,0.57863,21032,4629,21032,4629,0.0,0,0,CleanAir,0.0,2026-09-18 23:08:49
218,2.60838,0.58238,20867,4659,20867,4659,0.0,0,0,CleanAir,0.0,2026-09-18 23:08:50
219,2.63275,0.57788,21062,4623,21062,4623,0.0,0,0,CleanAir,0.0,2026-09-18 23:08:50
220,2.60838,0.57925,20867,4634,20867,4634,0.0,0,0,CleanAir,0.0,2026-09-18 23:08:51
221,2.63125,0.57938,21050,4635,21050,4635,0.0,0,0,CleanAir,0.0,2026-09-18 23:08:51
222,2.62963,0.58188,21037,4655,21037,4655,0.0,0,0,CleanAir,0.0,2026-09-18 23:08:51
224,2.60375,0.5815,20830,4652,20830,4652,0.0,0,0,CleanAir,0.0,2026-09-18 23:08:52
225,2.60538,0.58225,20843,4658,20843,4658,0.0,0,0,CleanAir,0.0,2026-09-18 23:08:53
226,2.61788,0.5795,20943,4636,20943,4636,0.0,0,0,CleanAir,0.0,2026-09-18 23:08:53
227,2.62213,0.5815,20977,4652,20977,4652,0.0,0,0,CleanAir,0.0,2026-09-18 23:08:53
228,2.62675,0.57925,21014,4634,21014,4634,0.0,0,0,CleanAir,0.0,2026-09-18 23:08:54
229,2.60088,0.58188,20807,4655,20807,4655,0.0,0,0,CleanAir,0.0,2026-09-18 23:08:54
230,2.62475,0.58213,20998,4657,20998,4657,0.0,0,0,CleanAir,0.0,2026-09-18 23:08:55
231,2.61638,0.579,20931,4632,20931,4632,0.0,0,0,CleanAir,0.0,2026-09-18 23:08:55
232,2.62363,0.58213,20989,4657,20989,4657,0.0,0,0,CleanAir,0.0,2026-09-18 23:08:55
233,2.623,0.578,20984,4624,20984,4624,0.0,0,0,CleanAir,0.0,2026-09-18 23:08:56
234,2.62325,0.57738,20986,4619,20986,4619,0.0,0,0,CleanAir,0.0,2026-09-18 23:08:56
235,2.622,0.57713,20976,4617,20976,4617,0.0,0,0,CleanAir,0.0,2026-09-18 23:08:57
236,2.59738,0.57875,20779,4630,20779,4630,0.0,0,0,CleanAir,0.0,2026-09-18 23:08:57
237,2.62175,0.57725,20974,4618,20974,4618,0.0,0,0,CleanAir,0.0,2026-09-18 23:08:57
238,2.597,0.57838,20776,4627,20776,4627,0.0,0,0,CleanAir,0.0,2026-09-18 23:08:58
239,2.62113,0.57888,20969,4631,20969,4631,0.0,0,0,CleanAir,0.0,2026-09-18 23:08:58
241,2.6195,0.58188,20956,4655,20956,4655,0.0,0,0,CleanAir,0.0,2026-09-18 23:08:59
242,2.59413,0.58188,20753,4655,20753,4655,0.0,0,0,CleanAir,0.0,2026-09-18 23:08:59
243,2.595,0.5785,20760,4628,20760,4628,0.0,0,0,CleanAir,0.0,2026-09-18 23:08:59
244,2.61613,0.58175,20929,4654,20929,4654,0.0,0,0,CleanAir,0.0,2026-09-18 23:09:00
245,2.59375,0.5785,20750,4628,20750,4628,0.0,0,0,CleanAir,0.0,2026-09-18 23:09:00
246,2.61688,0.578,20935,4624,20935,4624,0.0,0,0,CleanAir,0.0,2026-09-18 23:09:01
247,2.59363,0.57763,20749,4621,20749,4621,0.0,0,0,CleanAir,0.0,2026-09-18 23:09:01
248,2.617,0.57763,20936,4621,20936,4621,0.0,0,0,CleanAir,0.0,2026-09-18 23:09:02
249,2.61188,0.578,20895,4624,20895,4624,0.0,0,0,CleanAir,0.0,2026-09-18 23:09:02
0,2.48625,0.58188,19890,4655,19890,4655,3.3,255,0,CleanAir,0.0,2026-09-18 23:09:02
1,2.48913,0.58313,19913,4665,19913,4665,3.3,255,0,CleanAir,0.0,2026-09-18 23:09:03
2,2.547,0.58175,20376,4654,20376,4654,3.3,255,0,CleanAir,0.0,2026-09-18 23:09:03
4,2.61088,0.58288,20887,4663,20887,4663,3.3,255,0,CleanAir,0.0,2026-09-18 23:09:04
5,2.65125,0.58288,21210,4663,21210,4663,3.3,255,0,CleanAir,0.0,2026-09-18 23:09:04
6,2.671,0.58188,21368,4655,21368,4655,3.3,255,0,CleanAir,0.0,2026-09-18 23:09:05
7,2.70363,0.58238,21629,4659,21629,4659,3.3,255,0,CleanAir,0.0,2026-09-18 23:09:05
8,2.70713,0.58275,21657,4662,21657,4662,3.3,255,0,CleanAir,0.0,2026-09-18 23:09:05
10,2.74625,0.58625,21970,4690,21970,4690,3.3,255,0,CleanAir,0.0,2026-09-18 23:09:06
11,2.79363,0.58637,22349,4691,22349,4691,3.3,255,0,CleanAir,0.0,2026-09-18 23:09:06
12,2.81363,0.58175,22509,4654,22509,4654,3.3,255,0,CleanAir,0.0,2026-09-18 23:09:07
13,2.82688,0.58388,22615,4671,22615,4671,3.3,255,0,CleanAir,0.0,2026-09-18 23:09:07
14,2.85225,0.58275,22818,4662,22818,4662,3.3,255,0,CleanAir,0.0,2026-09-18 23:09:07
15,2.84288,0.58563,22743,4685,22743,4685,3.3,255,0,CleanAir,0.0,2026-09-18 23:09:08
16,2.874,0.58625,22992,4690,22992,4690,3.3,255,0,CleanAir,0.0,2026-09-18 23:09:08
17,2.87488,0.5835,22999,4668,22999,4668,3.3,255,0,CleanAir,0.0,2026-09-18 23:09:09
18,2.89838,0.58188,23187,4655,23187,4655,3.3,255,0,CleanAir,0.0,2026-09-18 23:09:09
19,2.93975,0.58213,23518,4657,23518,4657,3.3,255,0,CleanAir,0.0,2026-09-18 23:09:09
20,2.92525,0.5835,23402,4668,23402,4668,3.3,255,0,CleanAir,0.0,2026-09-18 23:09:10
21,2.96438,0.58625,23715,4690,23715,4690,3.3,255,0,CleanAir,0.0,2026-09-18 23:09:10
22,2.95788,0.58663,23663,4693,23663,4693,3.3,255,0,CleanAir,0.0,2026-09-18 23:09:11
23,2.98688,0.58388,23895,4671,23895,4671,3.3,255,0,CleanAir,0.0,2026-09-18 23:09:11
24,3.00225,0.584,24018,4672,24018,4672,3.3,255,0,CleanAir,0.0,2026-09-18 23:09:11
25,2.99613,0.58225,23969,4658,23969,4658,3.3,255,0,CleanAir,0.0,2026-09-18 23:09:12
27,3.00263,0.58575,24021,4686,24021,4686,3.3,255,0,CleanAir,0.0,2026-09-18 23:09:12
28,3.03838,0.58625,24307,4690,24307,4690,3.3,255,0,CleanAir,0.0,2026-09-18 23:09:13
29,3.03575,0.58238,24286,4659,24286,4659,3.3,255,0,CleanAir,0.0,2026-09-18 23:09:13
30,3.05425,0.58513,24434,4681,24434,4681,3.3,255,0,CleanAir,0.0,2026-09-18 23:09:14
31,3.03238,0.58688,24259,4695,24259,4695,3.3,255,0,CleanAir,0.0,2026-09-18 23:09:14
32,3.068,0.58663,24544,4693,24544,4693,3.3,255,0,CleanAir,0.0,2026-09-18 23:09:14
33,3.04663,0.58663,24373,4693,24373,4693,3.3,255,0,CleanAir,0.0,2026-09-18 23:09:15
34,3.08163,0.5835,24653,4668,24653,4668,3.3,255,0,CleanAir,0.0,2026-09-18 23:09:15
35,3.08975,0.58313,24718,4665,24718,4665,3.3,255,0,CleanAir,0.0,2026-09-18 23:09:16
36,3.09775,0.586,24782,4688,24782,4688,3.3,255,0,CleanAir,0.0,2026-09-18 23:09:16
37,3.07525,0.58338,24602,4667,24602,4667,3.3,255,0,CleanAir,0.0,2026-09-18 23:09:16
38,3.11175,0.584,24894,4672,24894,4672,3.3,255,0,CleanAir,0.0,2026-09-18 23:09:17
39,3.08738,0.584,24699,4672,24699,4672,3.3,255,0,CleanAir,0.0,2026-09-18 23:09:17
40,3.09025,0.58663,24722,4693,24722,4693,3.3,255,0,CleanAir,0.0,2026-09-18 23:09:18
41,3.095,0.5865,24760,4692,24760,4692,3.3,255,0,CleanAir,0.0,2026-09-18 23:09:18
42,3.127,0.587,25016,4696,25016,4696,3.3,255,0,CleanAir,0.0,2026-09-18 23:09:18
43,3.13113,0.58625,25049,4690,25049,4690,3.3,255,0,CleanAir,0.0,2026-09-18 23:09:19
44,3.13413,0.58675,25073,4694,25073,4694,3.3,255,0,CleanAir,0.0,2026-09-18 23:09:19
45,3.13763,0.58663,25101,4693,25101,4693,3.3,255,0,CleanAir,0.0,2026-09-18 23:09:20
47,3.14438,0.58213,25155,4657,25155,4657,3.3,255,0,CleanAir,0.0,2026-09-18 23:09:20
48,3.14663,0.58275,25173,4662,25173,4662,3.3,255,0,CleanAir,0.0,2026-09-18 23:09:20
49,3.15013,0.58288,25201,4663,25201,4663,3.3,255,0,CleanAir,0.0,2026-09-18 23:09:21
50,3.15225,0.58275,25218,4662,25218,4662,3.3,255,0,CleanAir,0.0,2026-09-18 23:09:21
51,3.14263,0.5845,25141,4676,25141,4676,3.3,255,0,CleanAir,0.0,2026-09-18 23:09:22
52,3.15838,0.58488,25267,4679,25267,4679,3.3,255,0,CleanAir,0.0,2026-09-18 23:09:22
54,3.16213,0.58588,25297,4687,25297,4687,3.3,255,0,CleanAir,0.0,2026-09-18 23:09:23
55,3.16425,0.58288,25314,4663,25314,4663,3.3,255,0,CleanAir,0.0,2026-09-18 23:09:23
57,3.16938,0.58338,25355,4667,25355,4667,3.3,255,0,CleanAir,0.0,2026-09-18 23:09:24
59,3.17263,0.584,25381,4672,25381,4672,3.3,255,0,CleanAir,0.0,2026-09-18 23:09:25
60,3.17488,0.5845,25399,4676,25399,4676,3.3,255,0,CleanAir,0.0,2026-09-18 23:09:25
61,3.17775,0.5825,25422,4660,25422,4660,3.3,255,0,CleanAir,0.0,2026-09-18 23:09:26
62,3.17913,0.58688,25433,4695,25433,4695,3.3,255,0,CleanAir,0.0,2026-09-18 23:09:26
64,3.18113,0.58275,25449,4662,25449,4662,3.3,255,0,CleanAir,0.0,2026-09-18 23:09:27
66,3.18438,0.5865,25475,4692,25475,4692,3.3,255,0,CleanAir,0.0,2026-09-18 23:09:28
67,3.18538,0.58363,25483,4669,25483,4669,3.3,255,0,CleanAir,0.0,2026-09-18 23:09:28
68,3.18775,0.58675,25502,4694,25502,4694,3.3,255,0,CleanAir,0.0,2026-09-18 23:09:28
69,3.17138,0.58525,25371,4682,25371,4682,3.3,255,0,CleanAir,0.0,2026-09-18 23:09:29
70,3.15938,0.587,25275,4696,25275,4696,3.3,255,0,CleanAir,0.0,2026-09-18 23:09:29
71,3.16075,0.58637,25286,4691,25286,4691,3.3,255,0,CleanAir,0.0,2026-09-18 23:09:30
72,3.19175,0.58625,25534,4690,25534,4690,3.3,255,0,CleanAir,0.0,2026-09-18 23:09:30
73,3.16313,0.5865,25305,4692,25305,4692,3.3,255,0,CleanAir,0.0,2026-09-18 23:09:30
74,3.195,0.58538,25560,4683,25560,4683,3.3,255,0,CleanAir,0.0,2026-09-18 23:09:31
75,3.16638,0.58425,25331,4674,25331,4674,3.3,255,0,CleanAir,0.0,2026-09-18 23:09:31
76,3.19613,0.58688,25569,4695,25569,4695,3.3,255,0,CleanAir,0.0,2026-09-18 23:09:32
77,3.18875,0.58513,25510,4681,25510,4681,3.3,255,0,CleanAir,0.0,2026-09-18 23:09:32
79,3.17038,0.58338,25363,4667,25363,4667,3.3,255,0,CleanAir,0.0,2026-09-18 23:09:33
80,3.2,0.58275,25600,4662,25600,4662,3.3,255,0,CleanAir,0.0,2026-09-18 23:09:33
81,3.17063,0.58463,25365,4677,25365,4677,3.3,255,0,CleanAir,0.0,2026-09-18 23:09:33
82,3.171,0.58388,25368,4671,25368,4671,3.3,255,0,CleanAir,0.0,2026-09-18 23:09:34
83,3.20088,0.58637,25607,4691,25607,4691,3.3,255,0,CleanAir,0.0,2026-09-18 23:09:34
85,3.20225,0.58688,25618,4695,25618,4695,3.3,255,0,CleanAir,0.0,2026-09-18 23:09:35
86,3.20325,0.58213,25626,4657,25626,4657,3.3,255,0,CleanAir,0.0,2026-09-18 23:09:36
87,3.1805,0.58175,25444,4654,25444,4654,3.3,255,0,CleanAir,0.0,2026-09-18 23:09:36
89,3.17463,0.58363,25397,4669,25397,4669,3.3,255,0,CleanAir,0.0,2026-09-18 23:09:37
91,3.174,0.58575,25392,4686,25392,4686,3.3,255,0,CleanAir,0.0,2026-09-18 23:09:38
93,3.175,0.58388,25400,4671,25400,4671,3.3,255,0,CleanAir,0.0,2026-09-18 23:09:38
94,3.20625,0.58613,25650,4689,25650,4689,3.3,255,0,CleanAir,0.0,2026-09-18 23:09:38
95,3.2055,0.58625,25644,4690,25644,4690,3.3,255,0,CleanAir,0.0,2026-09-18 23:09:39
96,3.2065,0.58688,25652,4695,25652,4695,3.3,255,0,CleanAir,0.0,2026-09-18 23:09:40
98,3.20688,0.58163,25655,4653,25655,4653,3.3,255,0,CleanAir,0.0,2026-09-18 23:09:40
99,3.17788,0.5835,25423,4668,25423,4668,3.3,255,0,CleanAir,0.0,2026-09-18 23:09:41
100,3.2075,0.58225,25660,4658,25660,4658,3.3,255,0,CleanAir,0.0,2026-09-18 23:09:41
101,3.17725,0.5855,25418,4684,25418,4684,3.3,255,0,CleanAir,0.0,2026-09-18 23:09:42
103,3.17775,0.583,25422,4664,25422,4664,3.3,255,0,CleanAir,0.0,2026-09-18 23:09:42
104,3.20638,0.58588,25651,4687,25651,4687,3.3,255,0,CleanAir,0.0,2026-09-18 23:09:43
105,3.17738,0.58225,25419,4658,25419,4658,3.3,255,0,CleanAir,0.0,2026-09-18 23:09:43
106,3.20688,0.5835,25655,4668,25655,4668,3.3,255,0,CleanAir,0.0,2026-09-18 23:09:43
107,3.17713,0.58263,25417,4661,25417,4661,3.3,255,0,CleanAir,0.0,2026-09-18 23:09:44
108,3.17763,0.586,25421,4688,25421,4688,3.3,255,0,CleanAir,0.0,2026-09-18 23:09:44
109,3.17663,0.5855,25413,4684,25413,4684,3.3,255,0,CleanAir,0.0,2026-09-18 23:09:45
110,3.20675,0.5865,25654,4692,25654,4692,3.3,255,0,CleanAir,0.0,2026-09-18 23:09:45
112,3.20675,0.5865,25654,4692,25654,4692,3.3,255,0,CleanAir,0.0,2026-09-18 23:09:45
114,3.20713,0.586,25657,4688,25657,4688,3.3,255,0,CleanAir,0.0,2026-09-18 23:09:46
115,3.17725,0.58588,25418,4687,25418,4687,3.3,255,0,CleanAir,0.0,2026-09-18 23:09:46
116,3.208,0.58525,25664,4682,25664,4682,3.3,255,0,CleanAir,0.0,2026-09-18 23:09:47
117,3.17888,0.58263,25431,4661,25431,4661,3.3,255,0,CleanAir,0.0,2026-09-18 23:09:47
118,3.2095,0.58288,25676,4663,25676,4663,3.3,255,0,CleanAir,0.0,2026-09-18 23:09:48
119,3.21,0.58463,25680,4677,25680,4677,3.3,255,0,CleanAir,0.0,2026-09-18 23:09:48
120,3.1805,0.58225,25444,4658,25444,4658,3.3,255,0,CleanAir,0.0,2026-09-18 23:09:49
121,3.18113,0.584,25449,4672,25449,4672,3.3,255,0,CleanAir,0.0,2026-09-18 23:09:50
123,3.1945,0.582,25556,4656,25556,4656,3.3,255,0,CleanAir,0.0,2026-09-18 23:09:50
124,3.21088,0.58625,25687,4690,25687,4690,3.3,255,0,CleanAir,0.0,2026-09-18 23:09:50
125,3.41213,0.58275,27297,4662,27297,4662,0.0,0,0,CleanAir,0.0,2026-09-18 23:09:51
127,3.371,0.57775,26968,4622,26968,4622,0.0,0,0,CleanAir,0.0,2026-09-18 23:09:52
128,3.318,0.5795,26544,4636,26544,4636,0.0,0,0,CleanAir,0.0,2026-09-18 23:09:52
129,3.32475,0.58,26598,4640,26598,4640,0.0,0,0,CleanAir,0.0,2026-09-18 23:09:52
130,3.27325,0.58263,26186,4661,26186,4661,0.0,0,0,CleanAir,0.0,2026-09-18 23:09:53
131,3.2325,0.57913,25860,4633,25860,4633,0.0,0,0,CleanAir,0.0,2026-09-18 23:09:54
132,3.23975,0.58188,25918,4655,25918,4655,0.0,0,0,CleanAir,0.0,2026-09-18 23:09:54
133,3.1905,0.579,25524,4632,25524,4632,0.0,0,0,CleanAir,0.0,2026-09-18 23:09:54
134,3.20025,0.582,25602,4656,25602,4656,0.0,0,0,CleanAir,0.0,2026-09-18 23:09:55
135,3.16988,0.58075,25359,4646,25359,4646,0.0,0,0,CleanAir,0.0,2026-09-18 23:09:55
136,3.16413,0.57975,25313,4638,25313,4638,0.0,0,0,CleanAir,0.0,2026-09-18 23:09:55
137,3.11488,0.57725,24919,4618,24919,4618,0.0,0,0,CleanAir,0.0,2026-09-18 23:09:56
138,3.129,0.57925,25032,4634,25032,4634,0.0,0,0,CleanAir,0.0,2026-09-18 23:09:56
139,3.111,0.58238,24888,4659,24888,4659,0.0,0,0,CleanAir,0.0,2026-09-18 23:09:56
140,3.09525,0.58263,24762,4661,24762,4661,0.0,0,0,CleanAir,0.0,2026-09-18 23:09:57
141,3.07988,0.5795,24639,4636,24639,4636,0.0,0,0,CleanAir,0.0,2026-09-18 23:09:57
142,3.06513,0.57925,24521,4634,24521,4634,0.0,0,0,CleanAir,0.0,2026-09-18 23:09:58
143,3.0495,0.582,24396,4656,24396,4656,0.0,0,0,CleanAir,0.0,2026-09-18 23:09:58
144,3.03438,0.5825,24275,4660,24275,4660,0.0,0,0,CleanAir,0.0,2026-09-18 23:09:58
145,2.99175,0.58213,23934,4657,23934,4657,0.0,0,0,CleanAir,0.0,2026-09-18 23:09:59
146,2.97888,0.57812,23831,4625,23831,4625,0.0,0,0,CleanAir,0.0,2026-09-18 23:09:59
147,2.98063,0.57975,23845,4638,23845,4638,0.0,0,0,CleanAir,0.0,2026-09-18 23:09:59
148,2.98075,0.58263,23846,4661,23846,4661,0.0,0,0,CleanAir,0.0,2026-09-18 23:10:00
149,2.94163,0.57925,23533,4634,23533,4634,0.0,0,0,CleanAir,0.0,2026-09-18 23:10:00
150,2.958,0.578,23664,4624,23664,4624,0.0,0,0,CleanAir,0.0,2026-09-18 23:10:00
151,2.94488,0.58175,23559,4654,23559,4654,0.0,0,0,CleanAir,0.0,2026-09-18 23:10:01
152,2.9305,0.57913,23444,4633,23444,4633,0.0,0,0,CleanAir,0.0,2026-09-18 23:10:01
153,2.924,0.57875,23392,4630,23392,4630,0.0,0,0,CleanAir,0.0,2026-09-18 23:10:01
154,2.91238,0.58213,23299,4657,23299,4657,0.0,0,0,CleanAir,0.0,2026-09-18 23:10:02
155,2.8975,0.579,23180,4632,23180,4632,0.0,0,0,CleanAir,0.0,2026-09-18 23:10:02
156,2.8915,0.57775,23132,4622,23132,4622,0.0,0,0,CleanAir,0.0,2026-09-18 23:10:03
157,2.86613,0.57913,22929,4633,22929,4633,0.0,0,0,CleanAir,0.0,2026-09-18 23:10:03
158,2.86525,0.58113,22922,4649,22922,4649,0.0,0,0,CleanAir,0.0,2026-09-18 23:10:03
159,2.84988,0.58188,22799,4655,22799,4655,0.0,0,0,CleanAir,0.0,2026-09-18 23:10:04
160,2.82988,0.57763,22639,4621,22639,4621,0.0,0,0,CleanAir,0.0,2026-09-18 23:10:04
161,2.82238,0.57925,22579,4634,22579,4634,0.0,0,0,CleanAir,0.0,2026-09-18 23:10:04
162,2.83763,0.57875,22701,4630,22701,4630,0.0,0,0,CleanAir,0.0,2026-09-18 23:10:05
163,2.824,0.57888,22592,4631,22592,4631,0.0,0,0,CleanAir,0.0,2026-09-18 23:10:05
164,2.80375,0.5775,22430,4620,22430,4620,0.0,0,0,CleanAir,0.0,2026-09-18 23:10:06
165,2.8095,0.5775,22476,4620,22476,4620,0.0,0,0,CleanAir,0.0,2026-09-18 23:10:06
166,2.7775,0.57775,22220,4622,22220,4622,0.0,0,0,CleanAir,0.0,2026-09-18 23:10:06
167,2.79588,0.5815,22367,4652,22367,4652,0.0,0,0,CleanAir,0.0,2026-09-18 23:10:07
168,2.78875,0.58238,22310,4659,22310,4659,0.0,0,0,CleanAir,0.0,2026-09-18 23:10:07
169,2.75513,0.57812,22041,4625,22041,4625,0.0,0,0,CleanAir,0.0,2026-09-18 23:10:08
171,2.769,0.57938,22152,4635,22152,4635,0.0,0,0,CleanAir,0.0,2026-09-18 23:10:08
172,2.73813,0.58138,21905,4651,21905,4651,0.0,0,0,CleanAir,0.0,2026-09-18 23:10:09
173,2.75813,0.57925,22065,4634,22065,4634,0.0,0,0,CleanAir,0.0,2026-09-18 23:10:09
174,2.7275,0.58025,21820,4642,21820,4642,0.0,0,0,CleanAir,0.0,2026-09-18 23:10:10
175,2.74713,0.581,21977,4648,21977,4648,0.0,0,0,CleanAir,0.0,2026-09-18 23:10:10
176,2.71863,0.57775,21749,4622,21749,4622,0.0,0,0,CleanAir,0.0,2026-09-18 23:10:10
177,2.73713,0.582,21897,4656,21897,4656,0.0,0,0,CleanAir,0.0,2026-09-18 23:10:11
178,2.70763,0.57675,21661,4614,21661,4614,0.0,0,0,CleanAir,0.0,2026-09-18 23:10:11
179,2.72913,0.5795,21833,4636,21833,4636,0.0,0,0,CleanAir,0.0,2026-09-18 23:10:11
180,2.6985,0.57938,21588,4635,21588,4635,0.0,0,0,CleanAir,0.0,2026-09-18 23:10:12
181,2.71925,0.5825,21754,4660,21754,4660,0.0,0,0,CleanAir,0.0,2026-09-18 23:10:12
182,2.69025,0.57988,21522,4639,21522,4639,0.0,0,0,CleanAir,0.0,2026-09-18 23:10:13
185,2.68075,0.57875,21446,4630,21446,4630,0.0,0,0,CleanAir,0.0,2026-09-18 23:10:14
186,2.702,0.57863,21616,4629,21616,4629,0.0,0,0,CleanAir,0.0,2026-09-18 23:10:14
187,2.67425,0.57763,21394,4621,21394,4621,0.0,0,0,CleanAir,0.0,2026-09-18 23:10:14
188,2.69563,0.581,21565,4648,21565,4648,0.0,0,0,CleanAir,0.0,2026-09-18 23:10:15
189,2.66788,0.58238,21343,4659,21343,4659,0.0,0,0,CleanAir,0.0,2026-09-18 23:10:15
190,2.68888,0.58163,21511,4653,21511,4653,0.0,0,0,CleanAir,0.0,2026-09-18 23:10:15
191,2.66263,0.57788,21301,4623,21301,4623,0.0,0,0,CleanAir,0.0,2026-09-18 23:10:16
192,2.68238,0.57738,21459,4619,21459,4619,0.0,0,0,CleanAir,0.0,2026-09-18 23:10:16
193,2.65563,0.57838,21245,4627,21245,4627,0.0,0,0,CleanAir,0.0,2026-09-18 23:10:17
194,2.654,0.57888,21232,4631,21232,4631,0.0,0,0,CleanAir,0.0,2026-09-18 23:10:17
195,2.65113,0.5785,21209,4628,21209,4628,0.0,0,0,CleanAir,0.0,2026-09-18 23:10:18
196,2.67338,0.582,21387,4656,21387,4656,0.0,0,0,CleanAir,0.0,2026-09-18 23:10:18
197,2.64813,0.57975,21185,4638,21185,4638,0.0,0,0,CleanAir,0.0,2026-09-18 23:10:18
198,2.66925,0.58225,21354,4658,21354,4658,0.0,0,0,CleanAir,0.0,2026-09-18 23:10:19
199,2.64625,0.58225,21170,4658,21170,4658,0.0,0,0,CleanAir,0.0,2026-09-18 23:10:19
200,2.66513,0.57975,21321,4638,21321,4638,0.0,0,0,CleanAir,0.0,2026-09-18 23:10:19
201,2.639,0.5775,21112,4620,21112,4620,0.0,0,0,CleanAir,0.0,2026-09-18 23:10:20
202,2.66363,0.57863,21309,4629,21309,4629,0.0,0,0,CleanAir,0.0,2026-09-18 23:10:20
203,2.64425,0.58163,21154,4653,21154,4653,0.0,0,0,CleanAir,0.0,2026-09-18 23:10:20
204,2.63575,0.58225,21086,4658,21086,4658,0.0,0,0,CleanAir,0.0,2026-09-18 23:10:21
205,2.65725,0.579,21258,4632,21258,4632,0.0,0,0,CleanAir,0.0,2026-09-18 23:10:21
206,2.63175,0.57738,21054,4619,21054,4619,0.0,0,0,CleanAir,0.0,2026-09-18 23:10:21
207,2.6555,0.57875,21244,4630,21244,4630,0.0,0,0,CleanAir,0.0,2026-09-18 23:10:22
35,3.11038,0.58538,24883,4683,24883,4683,3.3,255,0,CleanAir,0.0,2026-09-18 23:10:52
36,3.09263,0.58637,24741,4691,24741,4691,3.3,255,0,CleanAir,0.0,2026-09-18 23:10:52
37,3.09025,0.58188,24722,4655,24722,4655,3.3,255,0,CleanAir,0.0,2026-09-18 23:10:53
38,3.12388,0.58213,24991,4657,24991,4657,3.3,255,0,CleanAir,0.0,2026-09-18 23:10:53
39,3.10038,0.5835,24803,4668,24803,4668,3.3,255,0,CleanAir,0.0,2026-09-18 23:10:53
40,3.12788,0.58538,25023,4683,25023,4683,3.3,255,0,CleanAir,0.0,2026-09-18 23:10:54
208,2.62925,0.57925,21034,4634,21034,4634,0.0,0,0,CleanAir,0.0,2026-09-18 23:10:22
209,2.627,0.58225,21016,4658,21016,4658,0.0,0,0,CleanAir,0.0,2026-09-18 23:10:23
210,2.627,0.57763,21016,4621,21016,4621,0.0,0,0,CleanAir,0.0,2026-09-18 23:10:23
211,2.649,0.58188,21192,4655,21192,4655,0.0,0,0,CleanAir,0.0,2026-09-18 23:10:23
212,2.623,0.57763,20984,4621,20984,4621,0.0,0,0,CleanAir,0.0,2026-09-18 23:10:24
213,2.6465,0.5785,21172,4628,21172,4628,0.0,0,0,CleanAir,0.0,2026-09-18 23:10:24
215,2.64438,0.5785,21155,4628,21155,4628,0.0,0,0,CleanAir,0.0,2026-09-18 23:10:25
216,2.6445,0.5785,21156,4628,21156,4628,0.0,0,0,CleanAir,0.0,2026-09-18 23:10:25
217,2.6185,0.57713,20948,4617,20948,4617,0.0,0,0,CleanAir,0.0,2026-09-18 23:10:25
218,2.618,0.57838,20944,4627,20944,4627,0.0,0,0,CleanAir,0.0,2026-09-18 23:10:26
219,2.61613,0.58225,20929,4658,20929,4658,0.0,0,0,CleanAir,0.0,2026-09-18 23:10:26
221,2.61763,0.5775,20941,4620,20941,4620,0.0,0,0,CleanAir,0.0,2026-09-18 23:10:27
222,2.63775,0.5785,21102,4628,21102,4628,0.0,0,0,CleanAir,0.0,2026-09-18 23:10:27
223,2.62725,0.57825,21018,4626,21018,4626,0.0,0,0,CleanAir,0.0,2026-09-18 23:10:28
224,2.63538,0.582,21083,4656,21083,4656,0.0,0,0,CleanAir,0.0,2026-09-18 23:10:28
225,2.61038,0.58238,20883,4659,20883,4659,0.0,0,0,CleanAir,0.0,2026-09-18 23:10:29
226,2.63325,0.582,21066,4656,21066,4656,0.0,0,0,CleanAir,0.0,2026-09-18 23:10:29
227,2.60875,0.57675,20870,4614,20870,4614,0.0,0,0,CleanAir,0.0,2026-09-18 23:10:29
228,2.63213,0.5805,21057,4644,21057,4644,0.0,0,0,CleanAir,0.0,2026-09-18 23:10:30
229,2.60713,0.57938,20857,4635,20857,4635,0.0,0,0,CleanAir,0.0,2026-09-18 23:10:30
230,2.63163,0.57838,21053,4627,21053,4627,0.0,0,0,CleanAir,0.0,2026-09-18 23:10:30
231,2.62338,0.58225,20987,4658,20987,4658,0.0,0,0,CleanAir,0.0,2026-09-18 23:10:31
232,2.62963,0.58213,21037,4657,21037,4657,0.0,0,0,CleanAir,0.0,2026-09-18 23:10:31
233,2.60575,0.57938,20846,4635,20846,4635,0.0,0,0,CleanAir,0.0,2026-09-18 23:10:31
234,2.62975,0.57788,21038,4623,21038,4623,0.0,0,0,CleanAir,0.0,2026-09-18 23:10:32
235,2.60538,0.58213,20843,4657,20843,4657,0.0,0,0,CleanAir,0.0,2026-09-18 23:10:32
236,2.604,0.58163,20832,4653,20832,4653,0.0,0,0,CleanAir,0.0,2026-09-18 23:10:32
237,2.60413,0.57725,20833,4618,20833,4618,0.0,0,0,CleanAir,0.0,2026-09-18 23:10:33
238,2.62813,0.57775,21025,4622,21025,4622,0.0,0,0,CleanAir,0.0,2026-09-18 23:10:33
239,2.60338,0.57788,20827,4623,20827,4623,0.0,0,0,CleanAir,0.0,2026-09-18 23:10:34
240,2.62738,0.57875,21019,4630,21019,4630,0.0,0,0,CleanAir,0.0,2026-09-18 23:10:34
241,2.60238,0.579,20819,4632,20819,4632,0.0,0,0,CleanAir,0.0,2026-09-18 23:10:34
242,2.62613,0.58213,21009,4657,21009,4657,0.0,0,0,CleanAir,0.0,2026-09-18 23:10:35
243,2.60138,0.58238,20811,4659,20811,4659,0.0,0,0,CleanAir,0.0,2026-09-18 23:10:35
245,2.60088,0.579,20807,4632,20807,4632,0.0,0,0,CleanAir,0.0,2026-09-18 23:10:36
248,2.61025,0.57725,20882,4618,20882,4618,0.0,0,0,CleanAir,0.0,2026-09-18 23:10:37
249,2.59838,0.57975,20787,4638,20787,4638,0.0,0,0,CleanAir,0.0,2026-09-18 23:10:37
0,2.4925,0.58313,19940,4665,19940,4665,3.3,255,0,CleanAir,0.0,2026-09-18 23:10:37
1,2.495,0.58238,19960,4659,19960,4659,3.3,255,0,CleanAir,0.0,2026-09-18 23:10:38
2,2.55263,0.58175,20421,4654,20421,4654,3.3,255,0,CleanAir,0.0,2026-09-18 23:10:38
3,2.56225,0.58275,20498,4662,20498,4662,3.3,255,0,CleanAir,0.0,2026-09-18 23:10:38
4,2.59188,0.58675,20735,4694,20735,4694,3.3,255,0,CleanAir,0.0,2026-09-18 23:10:39
5,2.6205,0.58637,20964,4691,20964,4691,3.3,255,0,CleanAir,0.0,2026-09-18 23:10:39
6,2.64675,0.586,21174,4688,21174,4688,3.3,255,0,CleanAir,0.0,2026-09-18 23:10:40
7,2.68363,0.582,21469,4656,21469,4656,3.3,255,0,CleanAir,0.0,2026-09-18 23:10:40
8,2.708,0.583,21664,4664,21664,4664,3.3,255,0,CleanAir,0.0,2026-09-18 23:10:41
9,2.75538,0.58613,22043,4689,22043,4689,3.3,255,0,CleanAir,0.0,2026-09-18 23:10:43
10,2.83913,0.58338,22713,4667,22713,4667,3.3,255,0,CleanAir,0.0,2026-09-18 23:10:43
11,2.85738,0.58438,22859,4675,22859,4675,3.3,255,0,CleanAir,0.0,2026-09-18 23:10:43
12,2.89838,0.5865,23187,4692,23187,4692,3.3,255,0,CleanAir,0.0,2026-09-18 23:10:44
13,2.8865,0.58188,23092,4655,23092,4655,3.3,255,0,CleanAir,0.0,2026-09-18 23:10:44
14,2.92738,0.5825,23419,4660,23419,4660,3.3,255,0,CleanAir,0.0,2026-09-18 23:10:45
16,2.95213,0.58613,23617,4689,23617,4689,3.3,255,0,CleanAir,0.0,2026-09-18 23:10:45
17,2.9575,0.58288,23660,4663,23660,4663,3.3,255,0,CleanAir,0.0,2026-09-18 23:10:45
18,2.9765,0.58338,23812,4667,23812,4667,3.3,255,0,CleanAir,0.0,2026-09-18 23:10:46
19,2.98625,0.58637,23890,4691,23890,4691,3.3,255,0,CleanAir,0.0,2026-09-18 23:10:46
20,2.9855,0.58163,23884,4653,23884,4653,3.3,255,0,CleanAir,0.0,2026-09-18 23:10:47
21,3.00838,0.5825,24067,4660,24067,4660,3.3,255,0,CleanAir,0.0,2026-09-18 23:10:47
22,3.00513,0.58388,24041,4671,24041,4671,3.3,255,0,CleanAir,0.0,2026-09-18 23:10:47
23,3.02488,0.58613,24199,4689,24199,4689,3.3,255,0,CleanAir,0.0,2026-09-18 23:10:48
24,3.00725,0.584,24058,4672,24058,4672,3.3,255,0,CleanAir,0.0,2026-09-18 23:10:48
25,3.04225,0.58663,24338,4693,24338,4693,3.3,255,0,CleanAir,0.0,2026-09-18 23:10:48
27,3.02875,0.58188,24230,4655,24230,4655,3.3,255,0,CleanAir,0.0,2026-09-18 23:10:49
28,3.037,0.58313,24296,4665,24296,4665,3.3,255,0,CleanAir,0.0,2026-09-18 23:10:49
29,3.0715,0.58513,24572,4681,24572,4681,3.3,255,0,CleanAir,0.0,2026-09-18 23:10:50
30,3.0655,0.58363,24524,4669,24524,4669,3.3,255,0,CleanAir,0.0,2026-09-18 23:10:50
31,3.084,0.58663,24672,4693,24672,4693,3.3,255,0,CleanAir,0.0,2026-09-18 23:10:50
32,3.076,0.58388,24608,4671,24608,4671,3.3,255,0,CleanAir,0.0,2026-09-18 23:10:51
33,3.07063,0.58225,24565,4658,24565,4658,3.3,255,0,CleanAir,0.0,2026-09-18 23:10:51
34,3.10413,0.58125,24833,4650,24833,4650,3.3,255,0,CleanAir,0.0,2026-09-18 23:10:52
35,3.11038,0.58538,24883,4683,24883,4683,3.3,255,0,CleanAir,0.0,2026-09-18 23:10:52
37,3.09025,0.58188,24722,4655,24722,4655,3.3,255,0,CleanAir,0.0,2026-09-18 23:10:53
38,3.12388,0.58213,24991,4657,24991,4657,3.3,255,0,CleanAir,0.0,2026-09-18 23:10:53
39,3.10038,0.5835,24803,4668,24803,4668,3.3,255,0,CleanAir,0.0,2026-09-18 23:10:54
40,3.12788,0.58538,25023,4683,25023,4683,3.3,255,0,CleanAir,0.0,2026-09-18 23:10:54
41,3.13613,0.58213,25089,4657,25089,4657,3.3,255,0,CleanAir,0.0,2026-09-18 23:10:54
42,3.11088,0.58388,24887,4671,24887,4671,3.3,255,0,CleanAir,0.0,2026-09-18 23:10:55
43,3.1435,0.5865,25148,4692,25148,4692,3.3,255,0,CleanAir,0.0,2026-09-18 23:10:55
44,3.14825,0.58363,25186,4669,25186,4669,3.3,255,0,CleanAir,0.0,2026-09-18 23:10:56
45,3.11975,0.58575,24958,4686,24958,4686,3.3,255,0,CleanAir,0.0,2026-09-18 23:10:56
46,3.12363,0.58313,24989,4665,24989,4665,3.3,255,0,CleanAir,0.0,2026-09-18 23:10:56
48,3.12888,0.5835,25031,4668,25031,4668,3.3,255,0,CleanAir,0.0,2026-09-18 23:10:57
49,3.13013,0.58475,25041,4678,25041,4678,3.3,255,0,CleanAir,0.0,2026-09-18 23:10:57
50,3.16175,0.58637,25294,4691,25294,4691,3.3,255,0,CleanAir,0.0,2026-09-18 23:10:57
51,3.13538,0.58163,25083,4653,25083,4653,3.3,255,0,CleanAir,0.0,2026-09-18 23:10:58
52,3.16663,0.58313,25333,4665,25333,4665,3.3,255,0,CleanAir,0.0,2026-09-18 23:10:58
53,3.1385,0.5865,25108,4692,25108,4692,3.3,255,0,CleanAir,0.0,2026-09-18 23:10:58
54,3.17063,0.585,25365,4680,25365,4680,3.3,255,0,CleanAir,0.0,2026-09-18 23:10:59
55,3.15888,0.58263,25271,4661,25271,4661,3.3,255,0,CleanAir,0.0,2026-09-18 23:10:59
56,3.17525,0.58388,25402,4671,25402,4671,3.3,255,0,CleanAir,0.0,2026-09-18 23:11:00
57,3.17638,0.58463,25411,4677,25411,4677,3.3,255,0,CleanAir,0.0,2026-09-18 23:11:00
58,3.14838,0.58275,25187,4662,25187,4662,3.3,255,0,CleanAir,0.0,2026-09-18 23:11:01
59,3.18025,0.58263,25442,4661,25442,4661,3.3,255,0,CleanAir,0.0,2026-09-18 23:11:01
61,3.18263,0.58388,25461,4671,25461,4671,3.3,255,0,CleanAir,0.0,2026-09-18 23:11:01
63,3.18525,0.58163,25482,4653,25482,4653,3.3,255,0,CleanAir,0.0,2026-09-18 23:11:02
64,3.15688,0.58388,25255,4671,25255,4671,3.3,255,0,CleanAir,0.0,2026-09-18 23:11:02
65,3.18863,0.58488,25509,4679,25509,4679,3.3,255,0,CleanAir,0.0,2026-09-18 23:11:03
66,3.16663,0.584,25333,4672,25333,4672,3.3,255,0,CleanAir,0.0,2026-09-18 23:11:03
67,3.16025,0.58413,25282,4673,25282,4673,3.3,255,0,CleanAir,0.0,2026-09-18 23:11:04
68,3.19225,0.58688,25538,4695,25538,4695,3.3,255,0,CleanAir,0.0,2026-09-18 23:11:05
69,3.1635,0.58475,25308,4678,25308,4678,3.3,255,0,CleanAir,0.0,2026-09-18 23:11:05
70,3.18775,0.58575,25502,4686,25502,4686,3.3,255,0,CleanAir,0.0,2026-09-18 23:11:05
71,3.1655,0.5855,25324,4684,25324,4684,3.3,255,0,CleanAir,0.0,2026-09-18 23:11:06
72,3.16675,0.58525,25334,4682,25334,4682,3.3,255,0,CleanAir,0.0,2026-09-18 23:11:06
73,3.16788,0.5825,25343,4660,25343,4660,3.3,255,0,CleanAir,0.0,2026-09-18 23:11:07
74,3.19788,0.58175,25583,4654,25583,4654,3.3,255,0,CleanAir,0.0,2026-09-18 23:11:07
75,3.16963,0.582,25357,4656,25357,4656,3.3,255,0,CleanAir,0.0,2026-09-18 23:11:07
76,3.19988,0.58288,25599,4663,25599,4663,3.3,255,0,CleanAir,0.0,2026-09-18 23:11:08
77,3.17125,0.58313,25370,4665,25370,4665,3.3,255,0,CleanAir,0.0,2026-09-18 23:11:08
78,3.201,0.58313,25608,4665,25608,4665,3.3,255,0,CleanAir,0.0,2026-09-18 23:11:08
79,3.20275,0.58688,25622,4695,25622,4695,3.3,255,0,CleanAir,0.0,2026-09-18 23:11:09
80,3.17588,0.58637,25407,4691,25407,4691,3.3,255,0,CleanAir,0.0,2026-09-18 23:11:09
81,3.2045,0.5825,25636,4660,25636,4660,3.3,255,0,CleanAir,0.0,2026-09-18 23:11:09
82,3.17513,0.5865,25401,4692,25401,4692,3.3,255,0,CleanAir,0.0,2026-09-18 23:11:10
84,3.1765,0.58613,25412,4689,25412,4689,3.3,255,0,CleanAir,0.0,2026-09-18 23:11:11
85,3.20675,0.58513,25654,4681,25654,4681,3.3,255,0,CleanAir,0.0,2026-09-18 23:11:11
86,3.17725,0.58338,25418,4667,25418,4667,3.3,255,0,CleanAir,0.0,2026-09-18 23:11:11
87,3.20763,0.58163,25661,4653,25661,4653,3.3,255,0,CleanAir,0.0,2026-09-18 23:11:12
88,3.19725,0.58375,25578,4670,25578,4670,3.3,255,0,CleanAir,0.0,2026-09-18 23:11:12
89,3.17875,0.58463,25430,4677,25430,4677,3.3,255,0,CleanAir,0.0,2026-09-18 23:11:13
90,3.20763,0.58675,25661,4694,25661,4694,3.3,255,0,CleanAir,0.0,2026-09-18 23:11:13
91,3.17813,0.58675,25425,4694,25425,4694,3.3,255,0,CleanAir,0.0,2026-09-18 23:11:13
92,3.20738,0.58425,25659,4674,25659,4674,3.3,255,0,CleanAir,0.0,2026-09-18 23:11:14
93,3.17913,0.58413,25433,4673,25433,4673,3.3,255,0,CleanAir,0.0,2026-09-18 23:11:14
94,3.20838,0.58325,25667,4666,25667,4666,3.3,255,0,CleanAir,0.0,2026-09-18 23:11:15
95,3.207,0.58663,25656,4693,25656,4693,3.3,255,0,CleanAir,0.0,2026-09-18 23:11:15
96,3.1755,0.58375,25404,4670,25404,4670,3.3,255,0,CleanAir,0.0,2026-09-18 23:11:15
97,3.177,0.583,25416,4664,25416,4664,3.3,255,0,CleanAir,0.0,2026-09-18 23:11:16
99,3.18825,0.58213,25506,4657,25506,4657,3.3,255,0,CleanAir,0.0,2026-09-18 23:11:17
101,3.1785,0.5835,25428,4668,25428,4668,3.3,255,0,CleanAir,0.0,2026-09-18 23:11:17
102,3.20788,0.58713,25663,4697,25663,4697,3.3,255,0,CleanAir,0.0,2026-09-18 23:11:18
104,3.2085,0.584,25668,4672,25668,4672,3.3,255,0,CleanAir,0.0,2026-09-18 23:11:18
105,3.20863,0.58275,25669,4662,25669,4662,3.3,255,0,CleanAir,0.0,2026-09-18 23:11:19
111,3.20925,0.58425,25674,4674,25674,4674,3.3,255,0,CleanAir,0.0,2026-09-18 23:11:21
113,3.20913,0.58637,25673,4691,25673,4691,3.3,255,0,CleanAir,0.0,2026-09-18 23:11:22
115,3.17825,0.58675,25426,4694,25426,4694,3.3,255,0,CleanAir,0.0,2026-09-18 23:11:23
117,3.18063,0.5825,25445,4660,25445,4660,3.3,255,0,CleanAir,0.0,2026-09-18 23:11:24
118,3.19838,0.58488,25587,4679,25587,4679,3.3,255,0,CleanAir,0.0,2026-09-18 23:11:24
120,3.21038,0.583,25683,4664,25683,4664,3.3,255,0,CleanAir,0.0,2026-09-18 23:11:25
121,3.21038,0.5845,25683,4676,25683,4676,3.3,255,0,CleanAir,0.0,2026-09-18 23:11:25
122,3.21113,0.58513,25689,4681,25689,4681,3.3,255,0,CleanAir,0.0,2026-09-18 23:11:26
123,3.18125,0.58637,25450,4691,25450,4691,3.3,255,0,CleanAir,0.0,2026-09-18 23:11:26
125,3.4145,0.58025,27316,4642,27316,4642,0.0,0,0,CleanAir,0.0,2026-09-18 23:11:26
126,3.366,0.5785,26928,4628,26928,4628,0.0,0,0,CleanAir,0.0,2026-09-18 23:11:27
127,3.37375,0.5805,26990,4644,26990,4644,0.0,0,0,CleanAir,0.0,2026-09-18 23:11:27
128,3.34775,0.58138,26782,4651,26782,4651,0.0,0,0,CleanAir,0.0,2026-09-18 23:11:28
129,3.29438,0.58125,26355,4650,26355,4650,0.0,0,0,CleanAir,0.0,2026-09-18 23:11:28
130,3.30338,0.57788,26427,4623,26427,4623,0.0,0,0,CleanAir,0.0,2026-09-18 23:11:28
131,3.257,0.5825,26056,4660,26056,4660,0.0,0,0,CleanAir,0.0,2026-09-18 23:11:29
132,3.25725,0.58263,26058,4661,26058,4661,0.0,0,0,CleanAir,0.0,2026-09-18 23:11:29
133,3.208,0.58013,25664,4641,25664,4641,0.0,0,0,CleanAir,0.0,2026-09-18 23:11:30
134,3.21375,0.57913,25710,4633,25710,4633,0.0,0,0,CleanAir,0.0,2026-09-18 23:11:30
135,3.165,0.5775,25320,4620,25320,4620,0.0,0,0,CleanAir,0.0,2026-09-18 23:11:30
136,3.1765,0.57838,25412,4627,25412,4627,0.0,0,0,CleanAir,0.0,2026-09-18 23:11:31
137,3.15088,0.57875,25207,4630,25207,4630,0.0,0,0,CleanAir,0.0,2026-09-18 23:11:31
138,3.10475,0.57888,24838,4631,24838,4631,0.0,0,0,CleanAir,0.0,2026-09-18 23:11:32
139,3.11563,0.57825,24925,4626,24925,4626,0.0,0,0,CleanAir,0.0,2026-09-18 23:11:32
140,3.07125,0.57888,24570,4631,24570,4631,0.0,0,0,CleanAir,0.0,2026-09-18 23:11:32
142,3.04038,0.5825,24323,4660,24323,4660,0.0,0,0,CleanAir,0.0,2026-09-18 23:11:33
143,3.0535,0.5825,24428,4660,24428,4660,0.0,0,0,CleanAir,0.0,2026-09-18 23:11:33
144,3.01138,0.57988,24091,4639,24091,4639,0.0,0,0,CleanAir,0.0,2026-09-18 23:11:34
145,2.99688,0.58225,23975,4658,23975,4658,0.0,0,0,CleanAir,0.0,2026-09-18 23:11:34
146,2.98363,0.58238,23869,4659,23869,4659,0.0,0,0,CleanAir,0.0,2026-09-18 23:11:34
147,2.99813,0.58213,23985,4657,23985,4657,0.0,0,0,CleanAir,0.0,2026-09-18 23:11:35
148,2.95763,0.5825,23661,4660,23661,4660,0.0,0,0,CleanAir,0.0,2026-09-18 23:11:35
150,2.93313,0.58063,23465,4645,23465,4645,0.0,0,0,CleanAir,0.0,2026-09-18 23:11:36
151,2.94925,0.582,23594,4656,23594,4656,0.0,0,0,CleanAir,0.0,2026-09-18 23:11:36
152,2.91738,0.58225,23339,4658,23339,4658,0.0,0,0,CleanAir,0.0,2026-09-18 23:11:36
153,2.92838,0.57888,23427,4631,23427,4631,0.0,0,0,CleanAir,0.0,2026-09-18 23:11:37
154,2.90763,0.5825,23261,4660,23261,4660,0.0,0,0,CleanAir,0.0,2026-09-18 23:11:37
155,2.90588,0.58188,23247,4655,23247,4655,0.0,0,0,CleanAir,0.0,2026-09-18 23:11:38
156,2.8695,0.57925,22956,4634,22956,4634,0.0,0,0,CleanAir,0.0,2026-09-18 23:11:38
157,2.88413,0.57963,23073,4637,23073,4637,0.0,0,0,CleanAir,0.0,2026-09-18 23:11:39
158,2.872,0.5785,22976,4628,22976,4628,0.0,0,0,CleanAir,0.0,2026-09-18 23:11:39
159,2.83663,0.57838,22693,4627,22693,4627,0.0,0,0,CleanAir,0.0,2026-09-18 23:11:39
160,2.85575,0.5795,22846,4636,22846,4636,0.0,0,0,CleanAir,0.0,2026-09-18 23:11:40
161,2.82363,0.5785,22589,4628,22589,4628,0.0,0,0,CleanAir,0.0,2026-09-18 23:11:40
162,2.816,0.5795,22528,4636,22528,4636,0.0,0,0,CleanAir,0.0,2026-09-18 23:11:40
163,2.80575,0.58025,22446,4642,22446,4642,0.0,0,0,CleanAir,0.0,2026-09-18 23:11:41
164,2.82363,0.58213,22589,4657,22589,4657,0.0,0,0,CleanAir,0.0,2026-09-18 23:11:41
165,2.791,0.58013,22328,4641,22328,4641,0.0,0,0,CleanAir,0.0,2026-09-18 23:11:42
166,2.78375,0.5825,22270,4660,22270,4660,0.0,0,0,CleanAir,0.0,2026-09-18 23:11:42
167,2.77663,0.581,22213,4648,22213,4648,0.0,0,0,CleanAir,0.0,2026-09-18 23:11:42
169,2.76375,0.57688,22110,4615,22110,4615,0.0,0,0,CleanAir,0.0,2026-09-18 23:11:43
170,2.78388,0.58113,22271,4649,22271,4649,0.0,0,0,CleanAir,0.0,2026-09-18 23:11:43
171,2.7655,0.578,22124,4624,22124,4624,0.0,0,0,CleanAir,0.0,2026-09-18 23:11:44
172,2.76788,0.58225,22143,4658,22143,4658,0.0,0,0,CleanAir,0.0,2026-09-18 23:11:44
174,2.75763,0.5785,22061,4628,22061,4628,0.0,0,0,CleanAir,0.0,2026-09-18 23:11:45
175,2.72775,0.58013,21822,4641,21822,4641,0.0,0,0,CleanAir,0.0,2026-09-18 23:11:45
176,2.74763,0.58013,21981,4641,21981,4641,0.0,0,0,CleanAir,0.0,2026-09-18 23:11:46
177,2.71775,0.58025,21742,4642,21742,4642,0.0,0,0,CleanAir,0.0,2026-09-18 23:11:46
178,2.73913,0.5795,21913,4636,21913,4636,0.0,0,0,CleanAir,0.0,2026-09-18 23:11:46
179,2.73438,0.57838,21875,4627,21875,4627,0.0,0,0,CleanAir,0.0,2026-09-18 23:11:47
180,2.72988,0.57875,21839,4630,21839,4630,0.0,0,0,CleanAir,0.0,2026-09-18 23:11:47
181,2.70813,0.57963,21665,4637,21665,4637,0.0,0,0,CleanAir,0.0,2026-09-18 23:11:48
182,2.72225,0.58125,21778,4650,21778,4650,0.0,0,0,CleanAir,0.0,2026-09-18 23:11:48
183,2.69275,0.58188,21542,4655,21542,4655,0.0,0,0,CleanAir,0.0,2026-09-18 23:11:48
184,2.71363,0.58138,21709,4651,21709,4651,0.0,0,0,CleanAir,0.0,2026-09-18 23:11:49
185,2.68563,0.58188,21485,4655,21485,4655,0.0,0,0,CleanAir,0.0,2026-09-18 23:11:49
187,2.678,0.58,21424,4640,21424,4640,0.0,0,0,CleanAir,0.0,2026-09-18 23:11:50
188,2.70088,0.5785,21607,4628,21607,4628,0.0,0,0,CleanAir,0.0,2026-09-18 23:11:50
189,2.6725,0.5815,21380,4652,21380,4652,0.0,0,0,CleanAir,0.0,2026-09-18 23:11:50
190,2.67138,0.57863,21371,4629,21371,4629,0.0,0,0,CleanAir,0.0,2026-09-18 23:11:51
191,2.6925,0.58175,21540,4654,21540,4654,0.0,0,0,CleanAir,0.0,2026-09-18 23:11:51
192,2.66475,0.58175,21318,4654,21318,4654,0.0,0,0,CleanAir,0.0,2026-09-18 23:11:52
193,2.68638,0.58163,21491,4653,21491,4653,0.0,0,0,CleanAir,0.0,2026-09-18 23:11:52
194,2.659,0.582,21272,4656,21272,4656,0.0,0,0,CleanAir,0.0,2026-09-18 23:11:52
195,2.65613,0.58038,21249,4643,21249,4643,0.0,0,0,CleanAir,0.0,2026-09-18 23:11:53
197,2.678,0.5815,21424,4652,21424,4652,0.0,0,0,CleanAir,0.0,2026-09-18 23:11:53
198,2.65063,0.58225,21205,4658,21205,4658,0.0,0,0,CleanAir,0.0,2026-09-18 23:11:54
199,2.67238,0.5805,21379,4644,21379,4644,0.0,0,0,CleanAir,0.0,2026-09-18 23:11:54
200,2.64713,0.5815,21177,4652,21177,4652,0.0,0,0,CleanAir,0.0,2026-09-18 23:11:55
202,2.652,0.582,21216,4656,21216,4656,0.0,0,0,CleanAir,0.0,2026-09-18 23:11:55
203,2.66563,0.58163,21325,4653,21325,4653,0.0,0,0,CleanAir,0.0,2026-09-18 23:11:55
204,2.63938,0.57688,21115,4615,21115,4615,0.0,0,0,CleanAir,0.0,2026-09-18 23:11:56
205,2.66263,0.57988,21301,4639,21301,4639,0.0,0,0,CleanAir,0.0,2026-09-18 23:11:56
206,2.63613,0.579,21089,4632,21089,4632,0.0,0,0,CleanAir,0.0,2026-09-18 23:11:57
207,2.634,0.58175,21072,4654,21072,4654,0.0,0,0,CleanAir,0.0,2026-09-18 23:11:57
208,2.633,0.57963,21064,4637,21064,4637,0.0,0,0,CleanAir,0.0,2026-09-18 23:11:57
209,2.65588,0.57838,21247,4627,21247,4627,0.0,0,0,CleanAir,0.0,2026-09-18 23:11:58
210,2.63075,0.579,21046,4632,21046,4632,0.0,0,0,CleanAir,0.0,2026-09-18 23:11:58
211,2.654,0.582,21232,4656,21232,4656,0.0,0,0,CleanAir,0.0,2026-09-18 23:11:59
212,2.65113,0.57988,21209,4639,21209,4639,0.0,0,0,CleanAir,0.0,2026-09-18 23:11:59
213,2.626,0.57725,21008,4618,21008,4618,0.0,0,0,CleanAir,0.0,2026-09-18 23:11:59
215,2.63125,0.58225,21050,4658,21050,4658,0.0,0,0,CleanAir,0.0,2026-09-18 23:12:00
216,2.6225,0.58238,20980,4659,20980,4659,0.0,0,0,CleanAir,0.0,2026-09-18 23:12:00
217,2.62163,0.57913,20973,4633,20973,4633,0.0,0,0,CleanAir,0.0,2026-09-18 23:12:01
218,2.64525,0.578,21162,4624,21162,4624,0.0,0,0,CleanAir,0.0,2026-09-18 23:12:01
219,2.62225,0.57888,20978,4631,20978,4631,0.0,0,0,CleanAir,0.0,2026-09-18 23:12:02
220,2.6425,0.57738,21140,4619,21140,4619,0.0,0,0,CleanAir,0.0,2026-09-18 23:12:02
221,2.64225,0.58063,21138,4645,21138,4645,0.0,0,0,CleanAir,0.0,2026-09-18 23:12:02
222,2.64125,0.57812,21130,4625,21130,4625,0.0,0,0,CleanAir,0.0,2026-09-18 23:12:03
223,2.62313,0.58163,20985,4653,20985,4653,0.0,0,0,CleanAir,0.0,2026-09-18 23:12:04
225,2.63813,0.57888,21105,4631,21105,4631,0.0,0,0,CleanAir,0.0,2026-09-18 23:12:04
226,2.63675,0.582,21094,4656,21094,4656,0.0,0,0,CleanAir,0.0,2026-09-18 23:12:05
227,2.6365,0.58013,21092,4641,21092,4641,0.0,0,0,CleanAir,0.0,2026-09-18 23:12:05
228,2.63613,0.57763,21089,4621,21089,4621,0.0,0,0,CleanAir,0.0,2026-09-18 23:12:06
229,2.61225,0.5815,20898,4652,20898,4652,0.0,0,0,CleanAir,0.0,2026-09-18 23:12:06
231,2.60875,0.5795,20870,4636,20870,4636,0.0,0,0,CleanAir,0.0,2026-09-18 23:12:07
232,2.60875,0.57812,20870,4625,20870,4625,0.0,0,0,CleanAir,0.0,2026-09-18 23:12:07
233,2.60838,0.57725,20867,4618,20867,4618,0.0,0,0,CleanAir,0.0,2026-09-18 23:12:07
234,2.60813,0.57913,20865,4633,20865,4633,0.0,0,0,CleanAir,0.0,2026-09-18 23:12:08
235,2.60675,0.581,20854,4648,20854,4648,0.0,0,0,CleanAir,0.0,2026-09-18 23:12:08
237,2.63038,0.58013,21043,4641,21043,4641,0.0,0,0,CleanAir,0.0,2026-09-18 23:12:09
238,2.63013,0.58213,21041,4657,21041,4657,0.0,0,0,CleanAir,0.0,2026-09-18 23:12:09
239,2.63,0.57875,21040,4630,21040,4630,0.0,0,0,CleanAir,0.0,2026-09-18 23:12:10
241,2.62925,0.57913,21034,4633,21034,4633,0.0,0,0,CleanAir,0.0,2026-09-18 23:12:10
242,2.62925,0.57925,21034,4634,21034,4634,0.0,0,0,CleanAir,0.0,2026-09-18 23:12:11
243,2.62838,0.57975,21027,4638,21027,4638,0.0,0,0,CleanAir,0.0,2026-09-18 23:12:11
245,2.6275,0.58213,21020,4657,21020,4657,0.0,0,0,CleanAir,0.0,2026-09-18 23:12:12
246,2.60375,0.57825,20830,4626,20830,4626,0.0,0,0,CleanAir,0.0,2026-09-18 23:12:12
247,2.62763,0.57825,21021,4626,21021,4626,0.0,0,0,CleanAir,0.0,2026-09-18 23:12:12
248,2.60313,0.57825,20825,4626,20825,4626,0.0,0,0,CleanAir,0.0,2026-09-18 23:12:13
249,2.62663,0.57838,21013,4627,21013,4627,0.0,0,0,CleanAir,0.0,2026-09-18 23:12:13
0,2.472,0.58413,19776,4673,19776,4673,3.3,255,0,CleanAir,0.0,2026-09-18 23:12:14
1,2.521,0.5835,20168,4668,20168,4668,3.3,255,0,CleanAir,0.0,2026-09-18 23:12:14
2,2.53063,0.586,20245,4688,20245,4688,3.3,255,0,CleanAir,0.0,2026-09-18 23:12:14
3,2.58763,0.58637,20701,4691,20701,4691,3.3,255,0,CleanAir,0.0,2026-09-18 23:12:15
4,2.59488,0.58425,20759,4674,20759,4674,3.3,255,0,CleanAir,0.0,2026-09-18 23:12:15
9,2.74925,0.5855,21994,4684,21994,4684,3.3,255,0,CleanAir,0.0,2026-09-18 23:12:17
10,2.74575,0.58637,21966,4691,21966,4691,3.3,255,0,CleanAir,0.0,2026-09-18 23:12:17
11,2.79325,0.58463,22346,4677,22346,4677,3.3,255,0,CleanAir,0.0,2026-09-18 23:12:18
12,2.78825,0.58613,22306,4689,22306,4689,3.3,255,0,CleanAir,0.0,2026-09-18 23:12:18
13,2.84,0.58475,22720,4678,22720,4678,3.3,255,0,CleanAir,0.0,2026-09-18 23:12:18
14,2.8315,0.58625,22652,4690,22652,4690,3.3,255,0,CleanAir,0.0,2026-09-18 23:12:19
15,2.87363,0.58488,22989,4679,22989,4679,3.3,255,0,CleanAir,0.0,2026-09-18 23:12:19
17,2.88275,0.58563,23062,4685,23062,4685,3.3,255,0,CleanAir,0.0,2026-09-18 23:12:20
18,2.8975,0.582,23180,4656,23180,4656,3.3,255,0,CleanAir,0.0,2026-09-18 23:12:20
20,2.92888,0.58525,23431,4682,23431,4682,3.3,255,0,CleanAir,0.0,2026-09-18 23:12:21
21,2.939,0.58663,23512,4693,23512,4693,3.3,255,0,CleanAir,0.0,2026-09-18 23:12:21
22,2.97538,0.5815,23803,4652,23803,4652,3.3,255,0,CleanAir,0.0,2026-09-18 23:12:22
23,2.96363,0.58388,23709,4671,23709,4671,3.3,255,0,CleanAir,0.0,2026-09-18 23:12:22
24,3.00088,0.58563,24007,4685,24007,4685,3.3,255,0,CleanAir,0.0,2026-09-18 23:12:23
184,2.71263,0.57812,21701,4625,21701,4625,0.0,0,0,CleanAir,0.0,2026-09-18 23:13:26
185,2.69138,0.57963,21531,4637,21531,4637,0.0,0,0,CleanAir,0.0,2026-09-18 23:13:26
186,2.68738,0.58163,21499,4653,21499,4653,0.0,0,0,CleanAir,0.0,2026-09-18 23:13:26
187,2.69638,0.57713,21571,4617,21571,4617,0.0,0,0,CleanAir,0.0,2026-09-18 23:13:27
188,2.68025,0.57775,21442,4622,21442,4622,0.0,0,0,CleanAir,0.0,2026-09-18 23:13:27
189,2.67725,0.579,21418,4632,21418,4632,0.0,0,0,CleanAir,0.0,2026-09-18 23:13:27
190,2.67488,0.58188,21399,4655,21399,4655,0.0,0,0,CleanAir,0.0,2026-09-18 23:13:28
191,2.69663,0.58125,21573,4650,21573,4650,0.0,0,0,CleanAir,0.0,2026-09-18 23:13:28
192,2.66788,0.58113,21343,4649,21343,4649,0.0,0,0,CleanAir,0.0,2026-09-18 23:13:28
193,2.691,0.57838,21528,4627,21528,4627,0.0,0,0,CleanAir,0.0,2026-09-18 23:13:29
194,2.66488,0.57738,21319,4619,21319,4619,0.0,0,0,CleanAir,0.0,2026-09-18 23:13:29
195,2.68675,0.57863,21494,4629,21494,4629,0.0,0,0,CleanAir,0.0,2026-09-18 23:13:29
196,2.672,0.58075,21376,4646,21376,4646,0.0,0,0,CleanAir,0.0,2026-09-18 23:13:30
197,2.68088,0.58188,21447,4655,21447,4655,0.0,0,0,CleanAir,0.0,2026-09-18 23:13:30
198,2.65538,0.57913,21243,4633,21243,4633,0.0,0,0,CleanAir,0.0,2026-09-18 23:13:31
199,2.67788,0.57938,21423,4635,21423,4635,0.0,0,0,CleanAir,0.0,2026-09-18 23:13:31
200,2.67363,0.57888,21389,4631,21389,4631,0.0,0,0,CleanAir,0.0,2026-09-18 23:13:31
201,2.64838,0.57788,21187,4623,21187,4623,0.0,0,0,CleanAir,0.0,2026-09-18 23:13:32
202,2.67063,0.57812,21365,4625,21365,4625,0.0,0,0,CleanAir,0.0,2026-09-18 23:13:32
203,2.64388,0.57688,21151,4615,21151,4615,0.0,0,0,CleanAir,0.0,2026-09-18 23:13:33
204,2.6425,0.57863,21140,4629,21140,4629,0.0,0,0,CleanAir,0.0,2026-09-18 23:13:33
205,2.64088,0.579,21127,4632,21127,4632,0.0,0,0,CleanAir,0.0,2026-09-18 23:13:33
206,2.66363,0.58175,21309,4654,21309,4654,0.0,0,0,CleanAir,0.0,2026-09-18 23:13:34
207,2.63713,0.58225,21097,4658,21097,4658,0.0,0,0,CleanAir,0.0,2026-09-18 23:13:34
208,2.66025,0.582,21282,4656,21282,4656,0.0,0,0,CleanAir,0.0,2026-09-18 23:13:34
209,2.63288,0.58188,21063,4655,21063,4655,0.0,0,0,CleanAir,0.0,2026-09-18 23:13:35
210,2.65725,0.58238,21258,4659,21258,4659,0.0,0,0,CleanAir,0.0,2026-09-18 23:13:35
211,2.65525,0.57988,21242,4639,21242,4639,0.0,0,0,CleanAir,0.0,2026-09-18 23:13:36
212,2.63,0.57688,21040,4615,21040,4615,0.0,0,0,CleanAir,0.0,2026-09-18 23:13:36
213,2.6535,0.57925,21228,4634,21228,4634,0.0,0,0,CleanAir,0.0,2026-09-18 23:13:36
214,2.62825,0.57988,21026,4639,21026,4639,0.0,0,0,CleanAir,0.0,2026-09-18 23:13:37
215,2.65188,0.58075,21215,4646,21215,4646,0.0,0,0,CleanAir,0.0,2026-09-18 23:13:37
216,2.62488,0.58113,20999,4649,20999,4649,0.0,0,0,CleanAir,0.0,2026-09-18 23:13:37
217,2.64938,0.57838,21195,4627,21195,4627,0.0,0,0,CleanAir,0.0,2026-09-18 23:13:38
218,2.62325,0.577,20986,4616,20986,4616,0.0,0,0,CleanAir,0.0,2026-09-18 23:13:38
219,2.622,0.58138,20976,4651,20976,4651,0.0,0,0,CleanAir,0.0,2026-09-18 23:13:38
220,2.64675,0.57738,21174,4619,21174,4619,0.0,0,0,CleanAir,0.0,2026-09-18 23:13:39
221,2.62188,0.582,20975,4656,20975,4656,0.0,0,0,CleanAir,0.0,2026-09-18 23:13:39
222,2.64413,0.57925,21153,4634,21153,4634,0.0,0,0,CleanAir,0.0,2026-09-18 23:13:40
223,2.6345,0.5765,21076,4612,21076,4612,0.0,0,0,CleanAir,0.0,2026-09-18 23:13:40
224,2.64488,0.57938,21159,4635,21159,4635,0.0,0,0,CleanAir,0.0,2026-09-18 23:13:40
225,2.6435,0.58175,21148,4654,21148,4654,0.0,0,0,CleanAir,0.0,2026-09-18 23:13:41
226,2.643,0.57812,21144,4625,21144,4625,0.0,0,0,CleanAir,0.0,2026-09-18 23:13:41
227,2.6185,0.57825,20948,4626,20948,4626,0.0,0,0,CleanAir,0.0,2026-09-18 23:13:41
228,2.61725,0.581,20938,4648,20938,4648,0.0,0,0,CleanAir,0.0,2026-09-18 23:13:42
229,2.6155,0.58075,20924,4646,20924,4646,0.0,0,0,CleanAir,0.0,2026-09-18 23:13:42
230,2.64175,0.5775,21134,4620,21134,4620,0.0,0,0,CleanAir,0.0,2026-09-18 23:13:42
231,2.61675,0.57963,20934,4637,20934,4637,0.0,0,0,CleanAir,0.0,2026-09-18 23:13:43
232,2.641,0.57838,21128,4627,21128,4627,0.0,0,0,CleanAir,0.0,2026-09-18 23:13:43
233,2.61625,0.5815,20930,4652,20930,4652,0.0,0,0,CleanAir,0.0,2026-09-18 23:13:43
234,2.63788,0.5815,21103,4652,21103,4652,0.0,0,0,CleanAir,0.0,2026-09-18 23:13:44
235,2.63825,0.58188,21106,4655,21106,4655,0.0,0,0,CleanAir,0.0,2026-09-18 23:13:44
236,2.63725,0.58025,21098,4642,21098,4642,0.0,0,0,CleanAir,0.0,2026-09-18 23:13:45
237,2.63713,0.57913,21097,4633,21097,4633,0.0,0,0,CleanAir,0.0,2026-09-18 23:13:45
238,2.63675,0.58,21094,4640,21094,4640,0.0,0,0,CleanAir,0.0,2026-09-18 23:13:45
239,2.61225,0.58088,20898,4647,20898,4647,0.0,0,0,CleanAir,0.0,2026-09-18 23:13:46
240,2.61213,0.58175,20897,4654,20897,4654,0.0,0,0,CleanAir,0.0,2026-09-18 23:13:46
241,2.6125,0.5815,20900,4652,20900,4652,0.0,0,0,CleanAir,0.0,2026-09-18 23:13:46
242,2.61063,0.58163,20885,4653,20885,4653,0.0,0,0,CleanAir,0.0,2026-09-18 23:13:47
243,2.61013,0.582,20881,4656,20881,4656,0.0,0,0,CleanAir,0.0,2026-09-18 23:13:47
244,2.6345,0.58163,21076,4653,21076,4653,0.0,0,0,CleanAir,0.0,2026-09-18 23:13:47
245,2.61038,0.58063,20883,4645,20883,4645,0.0,0,0,CleanAir,0.0,2026-09-18 23:13:48
246,2.6325,0.58225,21060,4658,21060,4658,0.0,0,0,CleanAir,0.0,2026-09-18 23:13:48
247,2.6325,0.5795,21060,4636,21060,4636,0.0,0,0,CleanAir,0.0,2026-09-18 23:13:49
248,2.63275,0.5775,21062,4620,21062,4620,0.0,0,0,CleanAir,0.0,2026-09-18 23:13:49
249,2.60825,0.57725,20866,4618,20866,4618,0.0,0,0,CleanAir,0.0,2026-09-18 23:13:49
0,2.50038,0.58088,20003,4647,20003,4647,3.3,255,0,CleanAir,0.0,2026-09-18 23:13:50
1,2.542,0.583,20336,4664,20336,4664,3.3,255,0,CleanAir,0.0,2026-09-18 23:13:50
2,2.55325,0.5865,20426,4692,20426,4692,3.3,255,0,CleanAir,0.0,2026-09-18 23:13:51
3,2.60663,0.58637,20853,4691,20853,4691,3.3,255,0,CleanAir,0.0,2026-09-18 23:13:51
4,2.61113,0.58263,20889,4661,20889,4661,3.3,255,0,CleanAir,0.0,2026-09-18 23:13:51
5,2.66463,0.58238,21317,4659,21317,4659,3.3,255,0,CleanAir,0.0,2026-09-18 23:13:52
6,2.666,0.58275,21328,4662,21328,4662,3.3,255,0,CleanAir,0.0,2026-09-18 23:13:52
7,2.71738,0.582,21739,4656,21739,4656,3.3,255,0,CleanAir,0.0,2026-09-18 23:13:52
8,2.71513,0.58225,21721,4658,21721,4658,3.3,255,0,CleanAir,0.0,2026-09-18 23:13:53
9,2.7645,0.5815,22116,4652,22116,4652,3.3,255,0,CleanAir,0.0,2026-09-18 23:13:53
10,2.76075,0.58188,22086,4655,22086,4655,3.3,255,0,CleanAir,0.0,2026-09-18 23:13:53
11,2.78225,0.58263,22258,4661,22258,4661,3.3,255,0,CleanAir,0.0,2026-09-18 23:13:54
12,2.802,0.58275,22416,4662,22416,4662,3.3,255,0,CleanAir,0.0,2026-09-18 23:13:54
13,2.84725,0.58388,22778,4671,22778,4671,3.3,255,0,CleanAir,0.0,2026-09-18 23:13:55
14,2.84063,0.5865,22725,4692,22725,4692,3.3,255,0,CleanAir,0.0,2026-09-18 23:13:55
15,2.88238,0.5865,23059,4692,23059,4692,3.3,255,0,CleanAir,0.0,2026-09-18 23:13:55
16,2.89813,0.58538,23185,4683,23185,4683,3.3,255,0,CleanAir,0.0,2026-09-18 23:13:56
17,2.91475,0.58138,23318,4651,23318,4651,3.3,255,0,CleanAir,0.0,2026-09-18 23:13:56
18,2.90475,0.582,23238,4656,23238,4656,3.3,255,0,CleanAir,0.0,2026-09-18 23:13:56
19,2.9165,0.58238,23332,4659,23332,4659,3.3,255,0,CleanAir,0.0,2026-09-18 23:13:57
20,2.92963,0.58275,23437,4662,23437,4662,3.3,255,0,CleanAir,0.0,2026-09-18 23:13:57
21,2.97025,0.58325,23762,4666,23762,4666,3.3,255,0,CleanAir,0.0,2026-09-18 23:13:57
22,2.95375,0.58663,23630,4693,23630,4693,3.3,255,0,CleanAir,0.0,2026-09-18 23:13:58
23,2.99688,0.5835,23975,4668,23975,4668,3.3,255,0,CleanAir,0.0,2026-09-18 23:13:58
24,2.97913,0.58275,23833,4662,23833,4662,3.3,255,0,CleanAir,0.0,2026-09-18 23:13:59
25,3.01713,0.58188,24137,4655,24137,4655,3.3,255,0,CleanAir,0.0,2026-09-18 23:13:59
26,2.99913,0.58288,23993,4663,23993,4663,3.3,255,0,CleanAir,0.0,2026-09-18 23:13:59
27,3.03625,0.5835,24290,4668,24290,4668,3.3,255,0,CleanAir,0.0,2026-09-18 23:14:00
28,3.0165,0.58375,24132,4670,24132,4670,3.3,255,0,CleanAir,0.0,2026-09-18 23:14:00
29,3.025,0.58625,24200,4690,24200,4690,3.3,255,0,CleanAir,0.0,2026-09-18 23:14:00
30,3.03313,0.58588,24265,4687,24265,4687,3.3,255,0,CleanAir,0.0,2026-09-18 23:14:01
31,3.069,0.58525,24552,4682,24552,4682,3.3,255,0,CleanAir,0.0,2026-09-18 23:14:01
32,3.048,0.58213,24384,4657,24384,4657,3.3,255,0,CleanAir,0.0,2026-09-18 23:14:01
33,3.08275,0.58313,24662,4665,24662,4665,3.3,255,0,CleanAir,0.0,2026-09-18 23:14:02
34,3.06088,0.58463,24487,4677,24487,4677,3.3,255,0,CleanAir,0.0,2026-09-18 23:14:02
35,3.09463,0.58525,24757,4682,24757,4682,3.3,255,0,CleanAir,0.0,2026-09-18 23:14:02
36,3.09988,0.58538,24799,4683,24799,4683,3.3,255,0,CleanAir,0.0,2026-09-18 23:14:03
37,3.10663,0.58175,24853,4654,24853,4654,3.3,255,0,CleanAir,0.0,2026-09-18 23:14:03
38,3.11238,0.58275,24899,4662,24899,4662,3.3,255,0,CleanAir,0.0,2026-09-18 23:14:04
39,3.11725,0.58613,24938,4689,24938,4689,3.3,255,0,CleanAir,0.0,2026-09-18 23:14:04
40,3.12113,0.58563,24969,4685,24969,4685,3.3,255,0,CleanAir,0.0,2026-09-18 23:14:04
41,3.09763,0.58138,24781,4651,24781,4651,3.3,255,0,CleanAir,0.0,2026-09-18 23:14:05
42,3.1315,0.58288,25052,4663,25052,4663,3.3,255,0,CleanAir,0.0,2026-09-18 23:14:05
43,3.13663,0.58688,25093,4695,25093,4695,3.3,255,0,CleanAir,0.0,2026-09-18 23:14:05
44,3.11138,0.58637,24891,4691,24891,4691,3.3,255,0,CleanAir,0.0,2026-09-18 23:14:06
45,3.14475,0.584,25158,4672,25158,4672,3.3,255,0,CleanAir,0.0,2026-09-18 23:14:06
46,3.11813,0.58563,24945,4685,24945,4685,3.3,255,0,CleanAir,0.0,2026-09-18 23:14:07
47,3.12088,0.5815,24967,4652,24967,4652,3.3,255,0,CleanAir,0.0,2026-09-18 23:14:07
48,3.12525,0.58275,25002,4662,25002,4662,3.3,255,0,CleanAir,0.0,2026-09-18 23:14:07
49,3.12938,0.58288,25035,4663,25035,4663,3.3,255,0,CleanAir,0.0,2026-09-18 23:14:08
50,3.16163,0.58263,25293,4661,25293,4661,3.3,255,0,CleanAir,0.0,2026-09-18 23:14:08
51,3.143,0.58238,25144,4659,25144,4659,3.3,255,0,CleanAir,0.0,2026-09-18 23:14:08
52,3.16713,0.58225,25337,4658,25337,4658,3.3,255,0,CleanAir,0.0,2026-09-18 23:14:09
53,3.16575,0.58213,25326,4657,25326,4657,3.3,255,0,CleanAir,0.0,2026-09-18 23:14:09
54,3.17238,0.5815,25379,4652,25379,4652,3.3,255,0,CleanAir,0.0,2026-09-18 23:14:09
55,3.16513,0.58375,25321,4670,25321,4670,3.3,255,0,CleanAir,0.0,2026-09-18 23:14:10
56,3.14775,0.5865,25182,4692,25182,4692,3.3,255,0,CleanAir,0.0,2026-09-18 23:14:10
57,3.153,0.58663,25224,4693,25224,4693,3.3,255,0,CleanAir,0.0,2026-09-18 23:14:11
58,3.15063,0.5825,25205,4660,25205,4660,3.3,255,0,CleanAir,0.0,2026-09-18 23:14:11
59,3.1525,0.58213,25220,4657,25220,4657,3.3,255,0,CleanAir,0.0,2026-09-18 23:14:11
60,3.18413,0.58275,25473,4662,25473,4662,3.3,255,0,CleanAir,0.0,2026-09-18 23:14:12
61,3.15663,0.58438,25253,4675,25253,4675,3.3,255,0,CleanAir,0.0,2026-09-18 23:14:12
62,3.18838,0.58375,25507,4670,25507,4670,3.3,255,0,CleanAir,0.0,2026-09-18 23:14:12
63,3.16,0.58313,25280,4665,25280,4665,3.3,255,0,CleanAir,0.0,2026-09-18 23:14:13
64,3.191,0.58637,25528,4691,25528,4691,3.3,255,0,CleanAir,0.0,2026-09-18 23:14:13
65,3.16238,0.58675,25299,4694,25299,4694,3.3,255,0,CleanAir,0.0,2026-09-18 23:14:13
66,3.19375,0.58663,25550,4693,25550,4693,3.3,255,0,CleanAir,0.0,2026-09-18 23:14:14
67,3.1645,0.58675,25316,4694,25316,4694,3.3,255,0,CleanAir,0.0,2026-09-18 23:14:14
68,3.19625,0.58525,25570,4682,25570,4682,3.3,255,0,CleanAir,0.0,2026-09-18 23:14:14
69,3.16763,0.58538,25341,4683,25341,4683,3.3,255,0,CleanAir,0.0,2026-09-18 23:14:15
70,3.16925,0.58313,25354,4665,25354,4665,3.3,255,0,CleanAir,0.0,2026-09-18 23:14:15
71,3.16975,0.58125,25358,4650,25358,4650,3.3,255,0,CleanAir,0.0,2026-09-18 23:14:16
72,3.20125,0.58213,25610,4657,25610,4657,3.3,255,0,CleanAir,0.0,2026-09-18 23:14:16
73,3.1725,0.58338,25380,4667,25380,4667,3.3,255,0,CleanAir,0.0,2026-09-18 23:14:16
74,3.20363,0.583,25629,4664,25629,4664,3.3,255,0,CleanAir,0.0,2026-09-18 23:14:17
75,3.17513,0.58275,25401,4662,25401,4662,3.3,255,0,CleanAir,0.0,2026-09-18 23:14:17
76,3.20488,0.58175,25639,4654,25639,4654,3.3,255,0,CleanAir,0.0,2026-09-18 23:14:17
77,3.1765,0.58275,25412,4662,25412,4662,3.3,255,0,CleanAir,0.0,2026-09-18 23:14:18
78,3.20663,0.58288,25653,4663,25653,4663,3.3,255,0,CleanAir,0.0,2026-09-18 23:14:18
79,3.177,0.58613,25416,4689,25416,4689,3.3,255,0,CleanAir,0.0,2026-09-18 23:14:18
80,3.20825,0.58688,25666,4695,25666,4695,3.3,255,0,CleanAir,0.0,2026-09-18 23:14:19
81,3.17875,0.58637,25430,4691,25430,4691,3.3,255,0,CleanAir,0.0,2026-09-18 23:14:19
82,3.2015,0.58575,25612,4686,25612,4686,3.3,255,0,CleanAir,0.0,2026-09-18 23:14:19
83,3.18013,0.58688,25441,4695,25441,4695,3.3,255,0,CleanAir,0.0,2026-09-18 23:14:20
84,3.2105,0.58613,25684,4689,25684,4689,3.3,255,0,CleanAir,0.0,2026-09-18 23:14:20
85,3.18163,0.58637,25453,4691,25453,4691,3.3,255,0,CleanAir,0.0,2026-09-18 23:14:21
86,3.212,0.583,25696,4664,25696,4664,3.3,255,0,CleanAir,0.0,2026-09-18 23:14:21
87,3.184,0.58213,25472,4657,25472,4657,3.3,255,0,CleanAir,0.0,2026-09-18 23:14:21
88,3.21475,0.583,25718,4664,25718,4664,3.3,255,0,CleanAir,0.0,2026-09-18 23:14:22
89,3.2075,0.5825,25660,4660,25660,4660,3.3,255,0,CleanAir,0.0,2026-09-18 23:14:22
90,3.21513,0.58263,25721,4661,25721,4661,3.3,255,0,CleanAir,0.0,2026-09-18 23:14:22
91,3.18588,0.5835,25487,4668,25487,4668,3.3,255,0,CleanAir,0.0,2026-09-18 23:14:23
92,3.217,0.584,25736,4672,25736,4672,3.3,255,0,CleanAir,0.0,2026-09-18 23:14:23
93,3.18738,0.58388,25499,4671,25499,4671,3.3,255,0,CleanAir,0.0,2026-09-18 23:14:23
94,3.21688,0.5865,25735,4692,25735,4692,3.3,255,0,CleanAir,0.0,2026-09-18 23:14:24
95,3.18813,0.58663,25505,4693,25505,4693,3.3,255,0,CleanAir,0.0,2026-09-18 23:14:24
96,3.21863,0.58637,25749,4691,25749,4691,3.3,255,0,CleanAir,0.0,2026-09-18 23:14:24
97,3.18888,0.58438,25511,4675,25511,4675,3.3,255,0,CleanAir,0.0,2026-09-18 23:14:25
98,3.18975,0.58575,25518,4686,25518,4686,3.3,255,0,CleanAir,0.0,2026-09-18 23:14:25
99,3.18988,0.5815,25519,4652,25519,4652,3.3,255,0,CleanAir,0.0,2026-09-18 23:14:26
100,3.22,0.58213,25760,4657,25760,4657,3.3,255,0,CleanAir,0.0,2026-09-18 23:14:26
101,3.19038,0.58413,25523,4673,25523,4673,3.3,255,0,CleanAir,0.0,2026-09-18 23:14:26
102,3.22063,0.58325,25765,4666,25765,4666,3.3,255,0,CleanAir,0.0,2026-09-18 23:14:27
103,3.19163,0.58288,25533,4663,25533,4663,3.3,255,0,CleanAir,0.0,2026-09-18 23:14:27
104,3.22125,0.58288,25770,4663,25770,4663,3.3,255,0,CleanAir,0.0,2026-09-18 23:14:27
105,3.19163,0.58238,25533,4659,25533,4659,3.3,255,0,CleanAir,0.0,2026-09-18 23:14:28
106,3.22225,0.58675,25778,4694,25778,4694,3.3,255,0,CleanAir,0.0,2026-09-18 23:14:28
107,3.2015,0.58313,25612,4665,25612,4665,3.3,255,0,CleanAir,0.0,2026-09-18 23:14:28
108,3.22288,0.58238,25783,4659,25783,4659,3.3,255,0,CleanAir,0.0,2026-09-18 23:14:29
109,3.2175,0.5865,25740,4692,25740,4692,3.3,255,0,CleanAir,0.0,2026-09-18 23:14:29
110,3.19225,0.58525,25538,4682,25538,4682,3.3,255,0,CleanAir,0.0,2026-09-18 23:14:30
111,3.20313,0.5825,25625,4660,25625,4660,3.3,255,0,CleanAir,0.0,2026-09-18 23:14:30
112,3.2225,0.58525,25780,4682,25780,4682,3.3,255,0,CleanAir,0.0,2026-09-18 23:14:30
113,3.21038,0.58338,25683,4667,25683,4667,3.3,255,0,CleanAir,0.0,2026-09-18 23:14:31
114,3.22238,0.58613,25779,4689,25779,4689,3.3,255,0,CleanAir,0.0,2026-09-18 23:14:31
115,3.19175,0.58538,25534,4683,25534,4683,3.3,255,0,CleanAir,0.0,2026-09-18 23:14:31
116,3.22188,0.58625,25775,4690,25775,4690,3.3,255,0,CleanAir,0.0,2026-09-18 23:14:32
117,3.19263,0.58425,25541,4674,25541,4674,3.3,255,0,CleanAir,0.0,2026-09-18 23:14:32
118,3.22288,0.58263,25783,4661,25783,4661,3.3,255,0,CleanAir,0.0,2026-09-18 23:14:32
119,3.194,0.58325,25552,4666,25552,4666,3.3,255,0,CleanAir,0.0,2026-09-18 23:14:33
120,3.22425,0.58388,25794,4671,25794,4671,3.3,255,0,CleanAir,0.0,2026-09-18 23:14:33
121,3.194,0.58663,25552,4693,25552,4693,3.3,255,0,CleanAir,0.0,2026-09-18 23:14:33
122,3.19313,0.58575,25545,4686,25545,4686,3.3,255,0,CleanAir,0.0,2026-09-18 23:14:34
123,3.22325,0.586,25786,4688,25786,4688,3.3,255,0,CleanAir,0.0,2026-09-18 23:14:34
124,3.1945,0.58525,25556,4682,25556,4682,3.3,255,0,CleanAir,0.0,2026-09-18 23:14:35
125,3.39688,0.57913,27175,4633,27175,4633,0.0,0,0,CleanAir,0.0,2026-09-18 23:14:35
126,3.37788,0.57913,27023,4633,27023,4633,0.0,0,0,CleanAir,0.0,2026-09-18 23:14:35
127,3.38638,0.5815,27091,4652,27091,4652,0.0,0,0,CleanAir,0.0,2026-09-18 23:14:36
128,3.3315,0.57875,26652,4630,26652,4630,0.0,0,0,CleanAir,0.0,2026-09-18 23:14:36
129,3.34013,0.57888,26721,4631,26721,4631,0.0,0,0,CleanAir,0.0,2026-09-18 23:14:36
130,3.28863,0.58238,26309,4659,26309,4659,0.0,0,0,CleanAir,0.0,2026-09-18 23:14:37
131,3.29663,0.58013,26373,4641,26373,4641,0.0,0,0,CleanAir,0.0,2026-09-18 23:14:37
132,3.27625,0.57812,26210,4625,26210,4625,0.0,0,0,CleanAir,0.0,2026-09-18 23:14:38
133,3.25463,0.57725,26037,4618,26037,4618,0.0,0,0,CleanAir,0.0,2026-09-18 23:14:38
134,3.23563,0.57925,25885,4634,25885,4634,0.0,0,0,CleanAir,0.0,2026-09-18 23:14:38
135,3.21525,0.58213,25722,4657,25722,4657,0.0,0,0,CleanAir,0.0,2026-09-18 23:14:39
136,3.18688,0.5795,25495,4636,25495,4636,0.0,0,0,CleanAir,0.0,2026-09-18 23:14:39
137,3.15913,0.58213,25273,4657,25273,4657,0.0,0,0,CleanAir,0.0,2026-09-18 23:14:40
138,3.14175,0.57863,25134,4629,25134,4629,0.0,0,0,CleanAir,0.0,2026-09-18 23:14:40
139,3.126,0.57875,25008,4630,25008,4630,0.0,0,0,CleanAir,0.0,2026-09-18 23:14:40
140,3.08075,0.58225,24646,4658,24646,4658,0.0,0,0,CleanAir,0.0,2026-09-18 23:14:41
141,3.09363,0.58238,24749,4659,24749,4659,0.0,0,0,CleanAir,0.0,2026-09-18 23:14:41
142,3.05075,0.57775,24406,4622,24406,4622,0.0,0,0,CleanAir,0.0,2026-09-18 23:14:41
143,3.06413,0.57913,24513,4633,24513,4633,0.0,0,0,CleanAir,0.0,2026-09-18 23:14:42
144,3.02338,0.57988,24187,4639,24187,4639,0.0,0,0,CleanAir,0.0,2026-09-18 23:14:42
145,3.03575,0.5805,24286,4644,24286,4644,0.0,0,0,CleanAir,0.0,2026-09-18 23:14:43
146,2.993,0.58213,23944,4657,23944,4657,0.0,0,0,CleanAir,0.0,2026-09-18 23:14:43
147,3.00863,0.58188,24069,4655,24069,4655,0.0,0,0,CleanAir,0.0,2026-09-18 23:14:43
148,2.968,0.58125,23744,4650,23744,4650,0.0,0,0,CleanAir,0.0,2026-09-18 23:14:44
149,2.98288,0.5805,23863,4644,23863,4644,0.0,0,0,CleanAir,0.0,2026-09-18 23:14:44
150,2.94388,0.5795,23551,4636,23551,4636,0.0,0,0,CleanAir,0.0,2026-09-18 23:14:44
151,2.95975,0.58163,23678,4653,23678,4653,0.0,0,0,CleanAir,0.0,2026-09-18 23:14:45
152,2.9275,0.5805,23420,4644,23420,4644,0.0,0,0,CleanAir,0.0,2026-09-18 23:14:45
153,2.93725,0.582,23498,4656,23498,4656,0.0,0,0,CleanAir,0.0,2026-09-18 23:14:45
154,2.89925,0.579,23194,4632,23194,4632,0.0,0,0,CleanAir,0.0,2026-09-18 23:14:46
155,2.91775,0.57925,23342,4634,23342,4634,0.0,0,0,CleanAir,0.0,2026-09-18 23:14:46
156,2.88125,0.5795,23050,4636,23050,4636,0.0,0,0,CleanAir,0.0,2026-09-18 23:14:46
157,2.89725,0.582,23178,4656,23178,4656,0.0,0,0,CleanAir,0.0,2026-09-18 23:14:47
158,2.86575,0.57725,22926,4618,22926,4618,0.0,0,0,CleanAir,0.0,2026-09-18 23:14:47
159,2.87863,0.58013,23029,4641,23029,4641,0.0,0,0,CleanAir,0.0,2026-09-18 23:14:48
160,2.84488,0.57738,22759,4619,22759,4619,0.0,0,0,CleanAir,0.0,2026-09-18 23:14:48
161,2.86275,0.57825,22902,4626,22902,4626,0.0,0,0,CleanAir,0.0,2026-09-18 23:14:48
162,2.82863,0.58238,22629,4659,22629,4659,0.0,0,0,CleanAir,0.0,2026-09-18 23:14:49
163,2.847,0.57688,22776,4615,22776,4615,0.0,0,0,CleanAir,0.0,2026-09-18 23:14:49
164,2.81363,0.57863,22509,4629,22509,4629,0.0,0,0,CleanAir,0.0,2026-09-18 23:14:49
165,2.83288,0.57888,22663,4631,22663,4631,0.0,0,0,CleanAir,0.0,2026-09-18 23:14:50
166,2.8,0.57963,22400,4637,22400,4637,0.0,0,0,CleanAir,0.0,2026-09-18 23:14:50
167,2.79263,0.57913,22341,4633,22341,4633,0.0,0,0,CleanAir,0.0,2026-09-18 23:14:50
168,2.78638,0.57938,22291,4635,22291,4635,0.0,0,0,CleanAir,0.0,2026-09-18 23:14:51
169,2.80525,0.58138,22442,4651,22442,4651,0.0,0,0,CleanAir,0.0,2026-09-18 23:14:51
170,2.7735,0.57812,22188,4625,22188,4625,0.0,0,0,CleanAir,0.0,2026-09-18 23:14:51
171,2.7945,0.57875,22356,4630,22356,4630,0.0,0,0,CleanAir,0.0,2026-09-18 23:14:52
172,2.76213,0.58213,22097,4657,22097,4657,0.0,0,0,CleanAir,0.0,2026-09-18 23:14:52
173,2.7825,0.578,22260,4624,22260,4624,0.0,0,0,CleanAir,0.0,2026-09-18 23:14:53
174,2.77775,0.57938,22222,4635,22222,4635,0.0,0,0,CleanAir,0.0,2026-09-18 23:14:53
175,2.77275,0.58063,22182,4645,22182,4645,0.0,0,0,CleanAir,0.0,2026-09-18 23:14:53
176,2.76675,0.58013,22134,4641,22134,4641,0.0,0,0,CleanAir,0.0,2026-09-18 23:14:54
177,2.75975,0.57825,22078,4626,22078,4626,0.0,0,0,CleanAir,0.0,2026-09-18 23:14:54
178,2.757,0.58238,22056,4659,22056,4659,0.0,0,0,CleanAir,0.0,2026-09-18 23:14:54
179,2.75213,0.57963,22017,4637,22017,4637,0.0,0,0,CleanAir,0.0,2026-09-18 23:14:55
180,2.74813,0.58175,21985,4654,21985,4654,0.0,0,0,CleanAir,0.0,2026-09-18 23:14:55
181,2.72088,0.57725,21767,4618,21767,4618,0.0,0,0,CleanAir,0.0,2026-09-18 23:14:55
182,2.71625,0.58063,21730,4645,21730,4645,0.0,0,0,CleanAir,0.0,2026-09-18 23:14:56
183,2.73363,0.58213,21869,4657,21869,4657,0.0,0,0,CleanAir,0.0,2026-09-18 23:14:56
184,2.70438,0.57812,21635,4625,21635,4625,0.0,0,0,CleanAir,0.0,2026-09-18 23:14:57
185,2.70188,0.5815,21615,4652,21615,4652,0.0,0,0,CleanAir,0.0,2026-09-18 23:14:57
186,2.71638,0.5815,21731,4652,21731,4652,0.0,0,0,CleanAir,0.0,2026-09-18 23:14:57
187,2.72063,0.5825,21765,4660,21765,4660,0.0,0,0,CleanAir,0.0,2026-09-18 23:14:58
188,2.718,0.57875,21744,4630,21744,4630,0.0,0,0,CleanAir,0.0,2026-09-18 23:14:58
189,2.715,0.57925,21720,4634,21720,4634,0.0,0,0,CleanAir,0.0,2026-09-18 23:14:58
190,2.71113,0.57975,21689,4638,21689,4638,0.0,0,0,CleanAir,0.0,2026-09-18 23:14:59
191,2.70875,0.579,21670,4632,21670,4632,0.0,0,0,CleanAir,0.0,2026-09-18 23:14:59
192,2.681,0.5815,21448,4652,21448,4652,0.0,0,0,CleanAir,0.0,2026-09-18 23:14:59
193,2.70175,0.57863,21614,4629,21614,4629,0.0,0,0,CleanAir,0.0,2026-09-18 23:15:00
194,2.67475,0.57763,21398,4621,21398,4621,0.0,0,0,CleanAir,0.0,2026-09-18 23:15:00
195,2.69675,0.57725,21574,4618,21574,4618,0.0,0,0,CleanAir,0.0,2026-09-18 23:15:01
196,2.67013,0.5785,21361,4628,21361,4628,0.0,0,0,CleanAir,0.0,2026-09-18 23:15:01
197,2.668,0.57888,21344,4631,21344,4631,0.0,0,0,CleanAir,0.0,2026-09-18 23:15:01
198,2.665,0.582,21320,4656,21320,4656,0.0,0,0,CleanAir,0.0,2026-09-18 23:15:02
199,2.688,0.58113,21504,4649,21504,4649,0.0,0,0,CleanAir,0.0,2026-09-18 23:15:02
200,2.66075,0.58238,21286,4659,21286,4659,0.0,0,0,CleanAir,0.0,2026-09-18 23:15:02
201,2.68375,0.5795,21470,4636,21470,4636,0.0,0,0,CleanAir,0.0,2026-09-18 23:15:03
202,2.65588,0.57938,21247,4635,21247,4635,0.0,0,0,CleanAir,0.0,2026-09-18 23:15:03
203,2.67838,0.58138,21427,4651,21427,4651,0.0,0,0,CleanAir,0.0,2026-09-18 23:15:03
204,2.653,0.57725,21224,4618,21224,4618,0.0,0,0,CleanAir,0.0,2026-09-18 23:15:04
205,2.67663,0.57812,21413,4625,21413,4625,0.0,0,0,CleanAir,0.0,2026-09-18 23:15:04
206,2.65075,0.57925,21206,4634,21206,4634,0.0,0,0,CleanAir,0.0,2026-09-18 23:15:04
207,2.67213,0.57713,21377,4617,21377,4617,0.0,0,0,CleanAir,0.0,2026-09-18 23:15:05
208,2.6475,0.57963,21180,4637,21180,4637,0.0,0,0,CleanAir,0.0,2026-09-18 23:15:05
209,2.66938,0.582,21355,4656,21355,4656,0.0,0,0,CleanAir,0.0,2026-09-18 23:15:06
210,2.643,0.5795,21144,4636,21144,4636,0.0,0,0,CleanAir,0.0,2026-09-18 23:15:06
211,2.64175,0.5775,21134,4620,21134,4620,0.0,0,0,CleanAir,0.0,2026-09-18 23:15:06
212,2.6415,0.58188,21132,4655,21132,4655,0.0,0,0,CleanAir,0.0,2026-09-18 23:15:07
213,2.66463,0.57738,21317,4619,21317,4619,0.0,0,0,CleanAir,0.0,2026-09-18 23:15:07
214,2.66338,0.5815,21307,4652,21307,4652,0.0,0,0,CleanAir,0.0,2026-09-18 23:15:07
215,2.66113,0.57663,21289,4613,21289,4613,0.0,0,0,CleanAir,0.0,2026-09-18 23:15:08
216,2.6625,0.57875,21300,4630,21300,4630,0.0,0,0,CleanAir,0.0,2026-09-18 23:15:08
217,2.66013,0.5785,21281,4628,21281,4628,0.0,0,0,CleanAir,0.0,2026-09-18 23:15:08
218,2.63363,0.58188,21069,4655,21069,4655,0.0,0,0,CleanAir,0.0,2026-09-18 23:15:09
219,2.65725,0.58063,21258,4645,21258,4645,0.0,0,0,CleanAir,0.0,2026-09-18 23:15:09
220,2.63213,0.57763,21057,4621,21057,4621,0.0,0,0,CleanAir,0.0,2026-09-18 23:15:09
221,2.6565,0.57788,21252,4623,21252,4623,0.0,0,0,CleanAir,0.0,2026-09-18 23:15:10
222,2.63075,0.58225,21046,4658,21046,4658,0.0,0,0,CleanAir,0.0,2026-09-18 23:15:10
223,2.64775,0.5775,21182,4620,21182,4620,0.0,0,0,CleanAir,0.0,2026-09-18 23:15:11
224,2.6295,0.58,21036,4640,21036,4640,0.0,0,0,CleanAir,0.0,2026-09-18 23:15:11
225,2.65363,0.57963,21229,4637,21229,4637,0.0,0,0,CleanAir,0.0,2026-09-18 23:15:11
226,2.62775,0.58113,21022,4649,21022,4649,0.0,0,0,CleanAir,0.0,2026-09-18 23:15:12
227,2.65075,0.58025,21206,4642,21206,4642,0.0,0,0,CleanAir,0.0,2026-09-18 23:15:12
228,2.62625,0.58025,21010,4642,21010,4642,0.0,0,0,CleanAir,0.0,2026-09-18 23:15:12
229,2.65025,0.57688,21202,4615,21202,4615,0.0,0,0,CleanAir,0.0,2026-09-18 23:15:13
230,2.62525,0.57738,21002,4619,21002,4619,0.0,0,0,CleanAir,0.0,2026-09-18 23:15:13
231,2.64913,0.579,21193,4632,21193,4632,0.0,0,0,CleanAir,0.0,2026-09-18 23:15:13
232,2.6235,0.582,20988,4656,20988,4656,0.0,0,0,CleanAir,0.0,2026-09-18 23:15:14
233,2.64713,0.582,21177,4656,21177,4656,0.0,0,0,CleanAir,0.0,2026-09-18 23:15:14
234,2.62325,0.57913,20986,4633,20986,4633,0.0,0,0,CleanAir,0.0,2026-09-18 23:15:15
235,2.6215,0.5785,20972,4628,20972,4628,0.0,0,0,CleanAir,0.0,2026-09-18 23:15:15
236,2.61963,0.57838,20957,4627,20957,4627,0.0,0,0,CleanAir,0.0,2026-09-18 23:15:16
237,2.61938,0.57738,20955,4619,20955,4619,0.0,0,0,CleanAir,0.0,2026-09-18 23:15:16
238,2.63838,0.57888,21107,4631,21107,4631,0.0,0,0,CleanAir,0.0,2026-09-18 23:15:17
239,2.61713,0.582,20937,4656,20937,4656,0.0,0,0,CleanAir,0.0,2026-09-18 23:15:18
240,2.64175,0.5795,21134,4636,21134,4636,0.0,0,0,CleanAir,0.0,2026-09-18 23:15:18
241,2.61663,0.58225,20933,4658,20933,4658,0.0,0,0,CleanAir,0.0,2026-09-18 23:15:18
242,2.64063,0.57925,21125,4634,21125,4634,0.0,0,0,CleanAir,0.0,2026-09-18 23:15:19
243,2.61563,0.58188,20925,4655,20925,4655,0.0,0,0,CleanAir,0.0,2026-09-18 23:15:19
244,2.63938,0.58188,21115,4655,21115,4655,0.0,0,0,CleanAir,0.0,2026-09-18 23:15:19
245,2.61463,0.58125,20917,4650,20917,4650,0.0,0,0,CleanAir,0.0,2026-09-18 23:15:20
246,2.63888,0.57788,21111,4623,21111,4623,0.0,0,0,CleanAir,0.0,2026-09-18 23:15:20
247,2.61388,0.57888,20911,4631,20911,4631,0.0,0,0,CleanAir,0.0,2026-09-18 23:15:21
248,2.63863,0.5795,21109,4636,21109,4636,0.0,0,0,CleanAir,0.0,2026-09-18 23:15:21
249,2.61375,0.578,20910,4624,20910,4624,0.0,0,0,CleanAir,0.0,2026-09-18 23:15:21
0,2.50575,0.586,20046,4688,20046,4688,3.3,255,0,CleanAir,0.0,2026-09-18 23:15:22
1,2.50725,0.5855,20058,4684,20058,4684,3.3,255,0,CleanAir,0.0,2026-09-18 23:15:22
2,2.56638,0.5825,20531,4660,20531,4660,3.3,255,0,CleanAir,0.0,2026-09-18 23:15:22
3,2.58588,0.586,20687,4688,20687,4688,3.3,255,0,CleanAir,0.0,2026-09-18 23:15:23
4,2.60263,0.583,20821,4664,20821,4664,3.3,255,0,CleanAir,0.0,2026-09-18 23:15:23
5,2.658,0.58263,21264,4661,21264,4661,3.3,255,0,CleanAir,0.0,2026-09-18 23:15:24
6,2.66113,0.5825,21289,4660,21289,4660,3.3,255,0,CleanAir,0.0,2026-09-18 23:15:24
7,2.71013,0.58538,21681,4683,21681,4683,3.3,255,0,CleanAir,0.0,2026-09-18 23:15:24
8,2.7365,0.58338,21892,4667,21892,4667,3.3,255,0,CleanAir,0.0,2026-09-18 23:15:25
9,2.74613,0.58213,21969,4657,21969,4657,3.3,255,0,CleanAir,0.0,2026-09-18 23:15:25
10,2.78338,0.58313,22267,4665,22267,4665,3.3,255,0,CleanAir,0.0,2026-09-18 23:15:25
11,2.80475,0.58637,22438,4691,22438,4691,3.3,255,0,CleanAir,0.0,2026-09-18 23:15:26
12,2.82413,0.58388,22593,4671,22593,4671,3.3,255,0,CleanAir,0.0,2026-09-18 23:15:26
13,2.84463,0.58263,22757,4661,22757,4661,3.3,255,0,CleanAir,0.0,2026-09-18 23:15:26
14,2.87038,0.58125,22963,4650,22963,4650,3.3,255,0,CleanAir,0.0,2026-09-18 23:15:27
15,2.86138,0.583,22891,4664,22891,4664,3.3,255,0,CleanAir,0.0,2026-09-18 23:15:27
16,2.9035,0.58538,23228,4683,23228,4683,3.3,255,0,CleanAir,0.0,2026-09-18 23:15:28
17,2.89188,0.58613,23135,4689,23135,4689,3.3,255,0,CleanAir,0.0,2026-09-18 23:15:28
18,2.93438,0.58213,23475,4657,23475,4657,3.3,255,0,CleanAir,0.0,2026-09-18 23:15:28
19,2.922,0.58363,23376,4669,23376,4669,3.3,255,0,CleanAir,0.0,2026-09-18 23:15:29
20,2.96038,0.58563,23683,4685,23683,4685,3.3,255,0,CleanAir,0.0,2026-09-18 23:15:29
21,2.94675,0.58238,23574,4659,23574,4659,3.3,255,0,CleanAir,0.0,2026-09-18 23:15:29
22,2.98588,0.58575,23887,4686,23887,4686,3.3,255,0,CleanAir,0.0,2026-09-18 23:15:30
23,2.99738,0.58613,23979,4689,23979,4689,3.3,255,0,CleanAir,0.0,2026-09-18 23:15:30
24,2.98138,0.58225,23851,4658,23851,4658,3.3,255,0,CleanAir,0.0,2026-09-18 23:15:30
25,3.02,0.58375,24160,4670,24160,4670,3.3,255,0,CleanAir,0.0,2026-09-18 23:15:31
26,3.00275,0.58663,24022,4693,24022,4693,3.3,255,0,CleanAir,0.0,2026-09-18 23:15:31
27,3.01613,0.58188,24129,4655,24129,4655,3.3,255,0,CleanAir,0.0,2026-09-18 23:15:32
28,3.04388,0.58475,24351,4678,24351,4678,3.3,255,0,CleanAir,0.0,2026-09-18 23:15:32
29,3.033,0.5865,24264,4692,24264,4692,3.3,255,0,CleanAir,0.0,2026-09-18 23:15:32
30,3.04113,0.58363,24329,4669,24329,4669,3.3,255,0,CleanAir,0.0,2026-09-18 23:15:33
31,3.04938,0.58213,24395,4657,24395,4657,3.3,255,0,CleanAir,0.0,2026-09-18 23:15:33
32,3.08488,0.58625,24679,4690,24679,4690,3.3,255,0,CleanAir,0.0,2026-09-18 23:15:33
33,3.07688,0.58513,24615,4681,24615,4681,3.3,255,0,CleanAir,0.0,2026-09-18 23:15:34
34,3.06813,0.58325,24545,4666,24545,4666,3.3,255,0,CleanAir,0.0,2026-09-18 23:15:34
35,3.10413,0.58613,24833,4689,24833,4689,3.3,255,0,CleanAir,0.0,2026-09-18 23:15:35
36,3.10713,0.58138,24857,4651,24857,4651,3.3,255,0,CleanAir,0.0,2026-09-18 23:15:35
37,3.11575,0.58388,24926,4671,24926,4671,3.3,255,0,CleanAir,0.0,2026-09-18 23:15:35
38,3.092,0.5855,24736,4684,24736,4684,3.3,255,0,CleanAir,0.0,2026-09-18 23:15:36
39,3.11625,0.58588,24930,4687,24930,4687,3.3,255,0,CleanAir,0.0,2026-09-18 23:15:36
40,3.10075,0.582,24806,4656,24806,4656,3.3,255,0,CleanAir,0.0,2026-09-18 23:15:36
41,3.13513,0.58213,25081,4657,25081,4657,3.3,255,0,CleanAir,0.0,2026-09-18 23:15:37
42,3.111,0.58375,24888,4670,24888,4670,3.3,255,0,CleanAir,0.0,2026-09-18 23:15:37
43,3.14338,0.58488,25147,4679,25147,4679,3.3,255,0,CleanAir,0.0,2026-09-18 23:15:37
44,3.1175,0.5855,24940,4684,24940,4684,3.3,255,0,CleanAir,0.0,2026-09-18 23:15:38
45,3.15125,0.582,25210,4656,25210,4656,3.3,255,0,CleanAir,0.0,2026-09-18 23:15:38
46,3.14988,0.5865,25199,4692,25199,4692,3.3,255,0,CleanAir,0.0,2026-09-18 23:15:39
47,3.12938,0.58463,25035,4677,25035,4677,3.3,255,0,CleanAir,0.0,2026-09-18 23:15:39
48,3.16288,0.58275,25303,4662,25303,4662,3.3,255,0,CleanAir,0.0,2026-09-18 23:15:39
49,3.1365,0.58163,25092,4653,25092,4653,3.3,255,0,CleanAir,0.0,2026-09-18 23:15:40
50,3.1705,0.58175,25364,4654,25364,4654,3.3,255,0,CleanAir,0.0,2026-09-18 23:15:40
51,3.14425,0.58288,25154,4663,25154,4663,3.3,255,0,CleanAir,0.0,2026-09-18 23:15:40
52,3.1765,0.58238,25412,4659,25412,4659,3.3,255,0,CleanAir,0.0,2026-09-18 23:15:41
53,3.1495,0.58238,25196,4659,25196,4659,3.3,255,0,CleanAir,0.0,2026-09-18 23:15:41
54,3.15188,0.5835,25215,4668,25215,4668,3.3,255,0,CleanAir,0.0,2026-09-18 23:15:42
55,3.154,0.58475,25232,4678,25232,4678,3.3,255,0,CleanAir,0.0,2026-09-18 23:15:42
56,3.18575,0.58525,25486,4682,25486,4682,3.3,255,0,CleanAir,0.0,2026-09-18 23:15:42
57,3.15738,0.586,25259,4688,25259,4688,3.3,255,0,CleanAir,0.0,2026-09-18 23:15:43
58,3.18975,0.58513,25518,4681,25518,4681,3.3,255,0,CleanAir,0.0,2026-09-18 23:15:43
59,3.163,0.58613,25304,4689,25304,4689,3.3,255,0,CleanAir,0.0,2026-09-18 23:15:43
60,3.19313,0.58588,25545,4687,25545,4687,3.3,255,0,CleanAir,0.0,2026-09-18 23:15:44
61,3.16488,0.582,25319,4656,25319,4656,3.3,255,0,CleanAir,0.0,2026-09-18 23:15:44
62,3.19675,0.5835,25574,4668,25574,4668,3.3,255,0,CleanAir,0.0,2026-09-18 23:15:44
63,3.17763,0.58637,25421,4691,25421,4691,3.3,255,0,CleanAir,0.0,2026-09-18 23:15:45
64,3.19288,0.58613,25543,4689,25543,4689,3.3,255,0,CleanAir,0.0,2026-09-18 23:15:45
65,3.17713,0.586,25417,4688,25417,4688,3.3,255,0,CleanAir,0.0,2026-09-18 23:15:45
66,3.1615,0.5815,25292,4652,25292,4652,3.3,255,0,CleanAir,0.0,2026-09-18 23:15:46
67,3.199,0.58338,25592,4667,25592,4667,3.3,255,0,CleanAir,0.0,2026-09-18 23:15:46
68,3.16188,0.58188,25295,4655,25295,4655,3.3,255,0,CleanAir,0.0,2026-09-18 23:15:47
69,3.18388,0.58637,25471,4691,25471,4691,3.3,255,0,CleanAir,0.0,2026-09-18 23:15:47
70,3.17863,0.58313,25429,4665,25429,4665,3.3,255,0,CleanAir,0.0,2026-09-18 23:15:47
71,3.21013,0.58213,25681,4657,25681,4657,3.3,255,0,CleanAir,0.0,2026-09-18 23:15:48
72,3.18175,0.583,25454,4664,25454,4664,3.3,255,0,CleanAir,0.0,2026-09-18 23:15:48
73,3.21238,0.58663,25699,4693,25699,4693,3.3,255,0,CleanAir,0.0,2026-09-18 23:15:48
74,3.18313,0.58388,25465,4671,25465,4671,3.3,255,0,CleanAir,0.0,2026-09-18 23:15:49
75,3.21375,0.5825,25710,4660,25710,4660,3.3,255,0,CleanAir,0.0,2026-09-18 23:15:49
76,3.18475,0.586,25478,4688,25478,4688,3.3,255,0,CleanAir,0.0,2026-09-18 23:15:50
77,3.18588,0.58225,25487,4658,25487,4658,3.3,255,0,CleanAir,0.0,2026-09-18 23:15:50
78,3.18725,0.5845,25498,4676,25498,4676,3.3,255,0,CleanAir,0.0,2026-09-18 23:15:50
79,3.18713,0.58625,25497,4690,25497,4690,3.3,255,0,CleanAir,0.0,2026-09-18 23:15:51
80,3.18763,0.58263,25501,4661,25501,4661,3.3,255,0,CleanAir,0.0,2026-09-18 23:15:51
81,3.21888,0.58263,25751,4661,25751,4661,3.3,255,0,CleanAir,0.0,2026-09-18 23:15:52
82,3.218,0.58663,25744,4693,25744,4693,3.3,255,0,CleanAir,0.0,2026-09-18 23:15:52
83,3.2195,0.5865,25756,4692,25756,4692,3.3,255,0,CleanAir,0.0,2026-09-18 23:15:52
84,3.21413,0.58563,25713,4685,25713,4685,3.3,255,0,CleanAir,0.0,2026-09-18 23:15:53
85,3.19125,0.58175,25530,4654,25530,4654,3.3,255,0,CleanAir,0.0,2026-09-18 23:15:53
86,3.21013,0.5865,25681,4692,25681,4692,3.3,255,0,CleanAir,0.0,2026-09-18 23:15:54
87,3.22163,0.58625,25773,4690,25773,4690,3.3,255,0,CleanAir,0.0,2026-09-18 23:15:54
88,3.219,0.5845,25752,4676,25752,4676,3.3,255,0,CleanAir,0.0,2026-09-18 23:15:54
89,3.22238,0.58663,25779,4693,25779,4693,3.3,255,0,CleanAir,0.0,2026-09-18 23:15:55
90,3.22263,0.58363,25781,4669,25781,4669,3.3,255,0,CleanAir,0.0,2026-09-18 23:15:55
91,3.223,0.58275,25784,4662,25784,4662,3.3,255,0,CleanAir,0.0,2026-09-18 23:15:56
92,3.19375,0.58388,25550,4671,25550,4671,3.3,255,0,CleanAir,0.0,2026-09-18 23:15:56
93,3.224,0.58475,25792,4678,25792,4678,3.3,255,0,CleanAir,0.0,2026-09-18 23:15:56
94,3.1945,0.58425,25556,4674,25556,4674,3.3,255,0,CleanAir,0.0,2026-09-18 23:15:57
95,3.22475,0.5865,25798,4692,25798,4692,3.3,255,0,CleanAir,0.0,2026-09-18 23:15:57
96,3.195,0.58637,25560,4691,25560,4691,3.3,255,0,CleanAir,0.0,2026-09-18 23:15:57
97,3.22588,0.58525,25807,4682,25807,4682,3.3,255,0,CleanAir,0.0,2026-09-18 23:15:58
98,3.19575,0.58663,25566,4693,25566,4693,3.3,255,0,CleanAir,0.0,2026-09-18 23:15:58
99,3.22575,0.58613,25806,4689,25806,4689,3.3,255,0,CleanAir,0.0,2026-09-18 23:15:58
100,3.19663,0.58637,25573,4691,25573,4691,3.3,255,0,CleanAir,0.0,2026-09-18 23:15:59
101,3.19613,0.58637,25569,4691,25569,4691,3.3,255,0,CleanAir,0.0,2026-09-18 23:15:59
102,3.20588,0.5835,25647,4668,25647,4668,3.3,255,0,CleanAir,0.0,2026-09-18 23:15:59
103,3.22663,0.58388,25813,4671,25813,4671,3.3,255,0,CleanAir,0.0,2026-09-18 23:16:00
104,3.19725,0.5855,25578,4684,25578,4684,3.3,255,0,CleanAir,0.0,2026-09-18 23:16:00
105,3.22738,0.58625,25819,4690,25819,4690,3.3,255,0,CleanAir,0.0,2026-09-18 23:16:01
106,3.221,0.58175,25768,4654,25768,4654,3.3,255,0,CleanAir,0.0,2026-09-18 23:16:01
107,3.19925,0.5865,25594,4692,25594,4692,3.3,255,0,CleanAir,0.0,2026-09-18 23:16:01
108,3.22763,0.58388,25821,4671,25821,4671,3.3,255,0,CleanAir,0.0,2026-09-18 23:16:02
109,3.22725,0.58325,25818,4666,25818,4666,3.3,255,0,CleanAir,0.0,2026-09-18 23:16:02
110,3.22525,0.58275,25802,4662,25802,4662,3.3,255,0,CleanAir,0.0,2026-09-18 23:16:02
111,3.22988,0.58213,25839,4657,25839,4657,3.3,255,0,CleanAir,0.0,2026-09-18 23:16:03
112,3.21738,0.58263,25739,4661,25739,4661,3.3,255,0,CleanAir,0.0,2026-09-18 23:16:03
113,3.2295,0.58388,25836,4671,25836,4671,3.3,255,0,CleanAir,0.0,2026-09-18 23:16:04
114,3.2005,0.58288,25604,4663,25604,4663,3.3,255,0,CleanAir,0.0,2026-09-18 23:16:04
115,3.23013,0.58338,25841,4667,25841,4667,3.3,255,0,CleanAir,0.0,2026-09-18 23:16:04
116,3.20025,0.58663,25602,4693,25602,4693,3.3,255,0,CleanAir,0.0,2026-09-18 23:16:05
117,3.20175,0.58213,25614,4657,25614,4657,3.3,255,0,CleanAir,0.0,2026-09-18 23:16:05
118,3.23125,0.583,25850,4664,25850,4664,3.3,255,0,CleanAir,0.0,2026-09-18 23:16:05
119,3.19788,0.58413,25583,4673,25583,4673,3.3,255,0,CleanAir,0.0,2026-09-18 23:16:06
120,3.22775,0.5825,25822,4660,25822,4660,3.3,255,0,CleanAir,0.0,2026-09-18 23:16:06
121,3.23213,0.58263,25857,4661,25857,4661,3.3,255,0,CleanAir,0.0,2026-09-18 23:16:07
122,3.21313,0.58675,25705,4694,25705,4694,3.3,255,0,CleanAir,0.0,2026-09-18 23:16:07
123,3.231,0.58475,25848,4678,25848,4678,3.3,255,0,CleanAir,0.0,2026-09-18 23:16:07
124,3.20113,0.58313,25609,4665,25609,4665,3.3,255,0,CleanAir,0.0,2026-09-18 23:16:08
125,3.43538,0.57825,27483,4626,27483,4626,0.0,0,0,CleanAir,0.0,2026-09-18 23:16:08
126,3.38613,0.57863,27089,4629,27089,4629,0.0,0,0,CleanAir,0.0,2026-09-18 23:16:08
127,3.39463,0.57913,27157,4633,27157,4633,0.0,0,0,CleanAir,0.0,2026-09-18 23:16:09
128,3.34,0.57888,26720,4631,26720,4631,0.0,0,0,CleanAir,0.0,2026-09-18 23:16:09
129,3.34788,0.5805,26783,4644,26783,4644,0.0,0,0,CleanAir,0.0,2026-09-18 23:16:09
130,3.29463,0.57863,26357,4629,26357,4629,0.0,0,0,CleanAir,0.0,2026-09-18 23:16:10
131,3.27263,0.57913,26181,4633,26181,4633,0.0,0,0,CleanAir,0.0,2026-09-18 23:16:10
132,3.24713,0.5775,25977,4620,25977,4620,0.0,0,0,CleanAir,0.0,2026-09-18 23:16:11
133,3.2565,0.57825,26052,4626,26052,4626,0.0,0,0,CleanAir,0.0,2026-09-18 23:16:11
134,3.2055,0.58175,25644,4654,25644,4654,0.0,0,0,CleanAir,0.0,2026-09-18 23:16:11
135,3.18513,0.58238,25481,4659,25481,4659,0.0,0,0,CleanAir,0.0,2026-09-18 23:16:12
136,3.1675,0.58063,25340,4645,25340,4645,0.0,0,0,CleanAir,0.0,2026-09-18 23:16:12
137,3.14938,0.58238,25195,4659,25195,4659,0.0,0,0,CleanAir,0.0,2026-09-18 23:16:12
138,3.13313,0.5775,25065,4620,25065,4620,0.0,0,0,CleanAir,0.0,2026-09-18 23:16:13
139,3.145,0.579,25160,4632,25160,4632,0.0,0,0,CleanAir,0.0,2026-09-18 23:16:13
140,3.107,0.58213,24856,4657,24856,4657,0.0,0,0,CleanAir,0.0,2026-09-18 23:16:14
141,3.112,0.5815,24896,4652,24896,4652,0.0,0,0,CleanAir,0.0,2026-09-18 23:16:14
142,3.0805,0.58138,24644,4651,24644,4651,0.0,0,0,CleanAir,0.0,2026-09-18 23:16:14
143,3.08188,0.578,24655,4624,24655,4624,0.0,0,0,CleanAir,0.0,2026-09-18 23:16:15
144,3.06713,0.581,24537,4648,24537,4648,0.0,0,0,CleanAir,0.0,2026-09-18 23:16:15
145,3.05225,0.58263,24418,4661,24418,4661,0.0,0,0,CleanAir,0.0,2026-09-18 23:16:15
146,3.03913,0.578,24313,4624,24313,4624,0.0,0,0,CleanAir,0.0,2026-09-18 23:16:16
147,2.99913,0.579,23993,4632,23993,4632,0.0,0,0,CleanAir,0.0,2026-09-18 23:16:16
148,3.01375,0.58088,24110,4647,24110,4647,0.0,0,0,CleanAir,0.0,2026-09-18 23:16:16
149,2.97275,0.58213,23782,4657,23782,4657,0.0,0,0,CleanAir,0.0,2026-09-18 23:16:17
150,2.98825,0.57775,23906,4622,23906,4622,0.0,0,0,CleanAir,0.0,2026-09-18 23:16:17
151,2.949,0.579,23592,4632,23592,4632,0.0,0,0,CleanAir,0.0,2026-09-18 23:16:17
152,2.94125,0.57725,23530,4618,23530,4618,0.0,0,0,CleanAir,0.0,2026-09-18 23:16:18
153,2.92675,0.577,23414,4616,23414,4616,0.0,0,0,CleanAir,0.0,2026-09-18 23:16:18
154,2.94338,0.57888,23547,4631,23547,4631,0.0,0,0,CleanAir,0.0,2026-09-18 23:16:18
155,2.90563,0.5775,23245,4620,23245,4620,0.0,0,0,CleanAir,0.0,2026-09-18 23:16:19
156,2.92288,0.57863,23383,4629,23383,4629,0.0,0,0,CleanAir,0.0,2026-09-18 23:16:19
157,2.89425,0.58213,23154,4657,23154,4657,0.0,0,0,CleanAir,0.0,2026-09-18 23:16:20
158,2.9025,0.579,23220,4632,23220,4632,0.0,0,0,CleanAir,0.0,2026-09-18 23:16:20
159,2.88725,0.57663,23098,4613,23098,4613,0.0,0,0,CleanAir,0.0,2026-09-18 23:16:20
160,2.88525,0.57788,23082,4623,23082,4623,0.0,0,0,CleanAir,0.0,2026-09-18 23:16:21
161,2.85088,0.579,22807,4632,22807,4632,0.0,0,0,CleanAir,0.0,2026-09-18 23:16:21
162,2.868,0.58225,22944,4658,22944,4658,0.0,0,0,CleanAir,0.0,2026-09-18 23:16:21
163,2.834,0.58213,22672,4657,22672,4657,0.0,0,0,CleanAir,0.0,2026-09-18 23:16:22
164,2.85175,0.58225,22814,4658,22814,4658,0.0,0,0,CleanAir,0.0,2026-09-18 23:16:22
165,2.8175,0.58075,22540,4646,22540,4646,0.0,0,0,CleanAir,0.0,2026-09-18 23:16:22
166,2.837,0.58138,22696,4651,22696,4651,0.0,0,0,CleanAir,0.0,2026-09-18 23:16:23
167,2.80363,0.58175,22429,4654,22429,4654,0.0,0,0,CleanAir,0.0,2026-09-18 23:16:23
168,2.8225,0.581,22580,4648,22580,4648,0.0,0,0,CleanAir,0.0,2026-09-18 23:16:23
169,2.79088,0.57913,22327,4633,22327,4633,0.0,0,0,CleanAir,0.0,2026-09-18 23:16:24
170,2.81113,0.57713,22489,4617,22489,4617,0.0,0,0,CleanAir,0.0,2026-09-18 23:16:24
171,2.77825,0.57863,22226,4629,22226,4629,0.0,0,0,CleanAir,0.0,2026-09-18 23:16:25
172,2.79875,0.5775,22390,4620,22390,4620,0.0,0,0,CleanAir,0.0,2026-09-18 23:16:25
173,2.76788,0.57738,22143,4619,22143,4619,0.0,0,0,CleanAir,0.0,2026-09-18 23:16:25
174,2.78725,0.57812,22298,4625,22298,4625,0.0,0,0,CleanAir,0.0,2026-09-18 23:16:26
175,2.7565,0.57838,22052,4627,22052,4627,0.0,0,0,CleanAir,0.0,2026-09-18 23:16:26
176,2.77688,0.57825,22215,4626,22215,4626,0.0,0,0,CleanAir,0.0,2026-09-18 23:16:26
177,2.74613,0.57812,21969,4625,21969,4625,0.0,0,0,CleanAir,0.0,2026-09-18 23:16:27
178,2.76688,0.57738,22135,4619,22135,4619,0.0,0,0,CleanAir,0.0,2026-09-18 23:16:27
179,2.76025,0.58188,22082,4655,22082,4655,0.0,0,0,CleanAir,0.0,2026-09-18 23:16:28
180,2.72988,0.58238,21839,4659,21839,4659,0.0,0,0,CleanAir,0.0,2026-09-18 23:16:28
181,2.751,0.58013,22008,4641,22008,4641,0.0,0,0,CleanAir,0.0,2026-09-18 23:16:28
182,2.721,0.5815,21768,4652,21768,4652,0.0,0,0,CleanAir,0.0,2026-09-18 23:16:29
183,2.7425,0.57775,21940,4622,21940,4622,0.0,0,0,CleanAir,0.0,2026-09-18 23:16:29
184,2.71375,0.58188,21710,4655,21710,4655,0.0,0,0,CleanAir,0.0,2026-09-18 23:16:29
185,2.7355,0.57825,21884,4626,21884,4626,0.0,0,0,CleanAir,0.0,2026-09-18 23:16:30
186,2.70625,0.57675,21650,4614,21650,4614,0.0,0,0,CleanAir,0.0,2026-09-18 23:16:30
187,2.7285,0.57713,21828,4617,21828,4617,0.0,0,0,CleanAir,0.0,2026-09-18 23:16:30
188,2.70113,0.57875,21609,4630,21609,4630,0.0,0,0,CleanAir,0.0,2026-09-18 23:16:31
189,2.72213,0.58188,21777,4655,21777,4655,0.0,0,0,CleanAir,0.0,2026-09-18 23:16:31
190,2.7,0.58163,21600,4653,21600,4653,0.0,0,0,CleanAir,0.0,2026-09-18 23:16:32
191,2.71625,0.57763,21730,4621,21730,4621,0.0,0,0,CleanAir,0.0,2026-09-18 23:16:32
192,2.68813,0.57838,21505,4627,21505,4627,0.0,0,0,CleanAir,0.0,2026-09-18 23:16:32
193,2.70938,0.57738,21675,4619,21675,4619,0.0,0,0,CleanAir,0.0,2026-09-18 23:16:33
194,2.68113,0.582,21449,4656,21449,4656,0.0,0,0,CleanAir,0.0,2026-09-18 23:16:33
195,2.70413,0.579,21633,4632,21633,4632,0.0,0,0,CleanAir,0.0,2026-09-18 23:16:33
196,2.70163,0.57938,21613,4635,21613,4635,0.0,0,0,CleanAir,0.0,2026-09-18 23:16:34
197,2.6985,0.582,21588,4656,21588,4656,0.0,0,0,CleanAir,0.0,2026-09-18 23:16:34
198,2.67425,0.58063,21394,4645,21394,4645,0.0,0,0,CleanAir,0.0,2026-09-18 23:16:35
199,2.69363,0.577,21549,4616,21549,4616,0.0,0,0,CleanAir,0.0,2026-09-18 23:16:35
200,2.66813,0.57925,21345,4634,21345,4634,0.0,0,0,CleanAir,0.0,2026-09-18 23:16:35
201,2.6905,0.58138,21524,4651,21524,4651,0.0,0,0,CleanAir,0.0,2026-09-18 23:16:36
202,2.66388,0.57913,21311,4633,21311,4633,0.0,0,0,CleanAir,0.0,2026-09-18 23:16:36
203,2.68675,0.5785,21494,4628,21494,4628,0.0,0,0,CleanAir,0.0,2026-09-18 23:16:36
204,2.6605,0.5805,21284,4644,21284,4644,0.0,0,0,CleanAir,0.0,2026-09-18 23:16:37
205,2.68288,0.58188,21463,4655,21463,4655,0.0,0,0,CleanAir,0.0,2026-09-18 23:16:37
206,2.6565,0.58113,21252,4649,21252,4649,0.0,0,0,CleanAir,0.0,2026-09-18 23:16:37
207,2.67925,0.58138,21434,4651,21434,4651,0.0,0,0,CleanAir,0.0,2026-09-18 23:16:38
208,2.65338,0.58188,21227,4655,21227,4655,0.0,0,0,CleanAir,0.0,2026-09-18 23:16:38
209,2.67613,0.57963,21409,4637,21409,4637,0.0,0,0,CleanAir,0.0,2026-09-18 23:16:38
210,2.65,0.57888,21200,4631,21200,4631,0.0,0,0,CleanAir,0.0,2026-09-18 23:16:39
211,2.6735,0.58163,21388,4653,21388,4653,0.0,0,0,CleanAir,0.0,2026-09-18 23:16:39
212,2.64788,0.58225,21183,4658,21183,4658,0.0,0,0,CleanAir,0.0,2026-09-18 23:16:40
213,2.64563,0.57925,21165,4634,21165,4634,0.0,0,0,CleanAir,0.0,2026-09-18 23:16:40
214,2.645,0.58088,21160,4647,21160,4647,0.0,0,0,CleanAir,0.0,2026-09-18 23:16:40
215,2.6685,0.57988,21348,4639,21348,4639,0.0,0,0,CleanAir,0.0,2026-09-18 23:16:41
216,2.6435,0.57788,21148,4623,21148,4623,0.0,0,0,CleanAir,0.0,2026-09-18 23:16:41
217,2.66638,0.57738,21331,4619,21331,4619,0.0,0,0,CleanAir,0.0,2026-09-18 23:16:41
218,2.64038,0.5775,21123,4620,21123,4620,0.0,0,0,CleanAir,0.0,2026-09-18 23:16:42
219,2.66513,0.579,21321,4632,21321,4632,0.0,0,0,CleanAir,0.0,2026-09-18 23:16:42
220,2.63963,0.57838,21117,4627,21117,4627,0.0,0,0,CleanAir,0.0,2026-09-18 23:16:42
221,2.66288,0.57863,21303,4629,21303,4629,0.0,0,0,CleanAir,0.0,2026-09-18 23:16:43
222,2.63775,0.57875,21102,4630,21102,4630,0.0,0,0,CleanAir,0.0,2026-09-18 23:16:43
223,2.66063,0.57812,21285,4625,21285,4625,0.0,0,0,CleanAir,0.0,2026-09-18 23:16:44
224,2.6345,0.57825,21076,4626,21076,4626,0.0,0,0,CleanAir,0.0,2026-09-18 23:16:44
225,2.65875,0.57688,21270,4615,21270,4615,0.0,0,0,CleanAir,0.0,2026-09-18 23:16:44
226,2.63475,0.57825,21078,4626,21078,4626,0.0,0,0,CleanAir,0.0,2026-09-18 23:16:45
227,2.657,0.5805,21256,4644,21256,4644,0.0,0,0,CleanAir,0.0,2026-09-18 23:16:45
228,2.64838,0.57688,21187,4615,21187,4615,0.0,0,0,CleanAir,0.0,2026-09-18 23:16:46
229,2.655,0.57875,21240,4630,21240,4630,0.0,0,0,CleanAir,0.0,2026-09-18 23:16:46
230,2.65288,0.57788,21223,4623,21223,4623,0.0,0,0,CleanAir,0.0,2026-09-18 23:16:46
231,2.65413,0.582,21233,4656,21233,4656,0.0,0,0,CleanAir,0.0,2026-09-18 23:16:47
232,2.6535,0.582,21228,4656,21228,4656,0.0,0,0,CleanAir,0.0,2026-09-18 23:16:47
233,2.629,0.57675,21032,4614,21032,4614,0.0,0,0,CleanAir,0.0,2026-09-18 23:16:47
234,2.653,0.58088,21224,4647,21224,4647,0.0,0,0,CleanAir,0.0,2026-09-18 23:16:48
235,2.62763,0.58188,21021,4655,21021,4655,0.0,0,0,CleanAir,0.0,2026-09-18 23:16:48
236,2.65213,0.5795,21217,4636,21217,4636,0.0,0,0,CleanAir,0.0,2026-09-18 23:16:48
237,2.63025,0.5815,21042,4652,21042,4652,0.0,0,0,CleanAir,0.0,2026-09-18 23:16:49
238,2.64988,0.58025,21199,4642,21199,4642,0.0,0,0,CleanAir,0.0,2026-09-18 23:16:49
239,2.62563,0.57763,21005,4621,21005,4621,0.0,0,0,CleanAir,0.0,2026-09-18 23:16:50
240,2.64863,0.58163,21189,4653,21189,4653,0.0,0,0,CleanAir,0.0,2026-09-18 23:16:50
241,2.624,0.57713,20992,4617,20992,4617,0.0,0,0,CleanAir,0.0,2026-09-18 23:16:50
242,2.64913,0.57863,21193,4629,21193,4629,0.0,0,0,CleanAir,0.0,2026-09-18 23:16:51
243,2.62413,0.57925,20993,4634,20993,4634,0.0,0,0,CleanAir,0.0,2026-09-18 23:16:51
244,2.64825,0.58013,21186,4641,21186,4641,0.0,0,0,CleanAir,0.0,2026-09-18 23:16:51
245,2.62338,0.5785,20987,4628,20987,4628,0.0,0,0,CleanAir,0.0,2026-09-18 23:16:52
246,2.64625,0.57788,21170,4623,21170,4623,0.0,0,0,CleanAir,0.0,2026-09-18 23:16:52
247,2.63638,0.57775,21091,4622,21091,4622,0.0,0,0,CleanAir,0.0,2026-09-18 23:16:53
248,2.646,0.57863,21168,4629,21168,4629,0.0,0,0,CleanAir,0.0,2026-09-18 23:16:53
249,2.61975,0.5815,20958,4652,20958,4652,0.0,0,0,CleanAir,0.0,2026-09-18 23:16:53
0,2.51225,0.581,20098,4648,20098,4648,3.3,255,0,CleanAir,0.0,2026-09-18 23:16:54
1,2.5155,0.58225,20124,4658,20124,4658,3.3,255,0,CleanAir,0.0,2026-09-18 23:16:54
2,2.5735,0.5835,20588,4668,20588,4668,3.3,255,0,CleanAir,0.0,2026-09-18 23:16:55
3,2.581,0.58613,20648,4689,20648,4689,3.3,255,0,CleanAir,0.0,2026-09-18 23:16:55
4,2.63638,0.58625,21091,4690,21091,4690,3.3,255,0,CleanAir,0.0,2026-09-18 23:16:55
5,2.64263,0.58288,21141,4663,21141,4663,3.3,255,0,CleanAir,0.0,2026-09-18 23:16:56
6,2.69475,0.58413,21558,4673,21558,4673,3.3,255,0,CleanAir,0.0,2026-09-18 23:16:56
7,2.69463,0.5865,21557,4692,21557,4692,3.3,255,0,CleanAir,0.0,2026-09-18 23:16:56
8,2.742,0.58613,21936,4689,21936,4689,3.3,255,0,CleanAir,0.0,2026-09-18 23:16:57
9,2.74225,0.58575,21938,4686,21938,4686,3.3,255,0,CleanAir,0.0,2026-09-18 23:16:57
10,2.76538,0.58438,22123,4675,22123,4675,3.3,255,0,CleanAir,0.0,2026-09-18 23:16:57
11,2.78625,0.58413,22290,4673,22290,4673,3.3,255,0,CleanAir,0.0,2026-09-18 23:16:58
12,2.833,0.5815,22664,4652,22664,4652,3.3,255,0,CleanAir,0.0,2026-09-18 23:16:58
13,2.82625,0.583,22610,4664,22610,4664,3.3,255,0,CleanAir,0.0,2026-09-18 23:16:59
14,2.87213,0.58238,22977,4659,22977,4659,3.3,255,0,CleanAir,0.0,2026-09-18 23:16:59
15,2.86325,0.58263,22906,4661,22906,4661,3.3,255,0,CleanAir,0.0,2026-09-18 23:16:59
16,2.88438,0.58163,23075,4653,23075,4653,3.3,255,0,CleanAir,0.0,2026-09-18 23:17:00
17,2.89888,0.58663,23191,4693,23191,4693,3.3,255,0,CleanAir,0.0,2026-09-18 23:17:00
18,2.94038,0.58563,23523,4685,23523,4685,3.3,255,0,CleanAir,0.0,2026-09-18 23:17:00
19,2.93625,0.58175,23490,4654,23490,4654,3.3,255,0,CleanAir,0.0,2026-09-18 23:17:01
20,2.9455,0.5815,23564,4652,23564,4652,3.3,255,0,CleanAir,0.0,2026-09-18 23:17:01
21,2.96575,0.5855,23726,4684,23726,4684,3.3,255,0,CleanAir,0.0,2026-09-18 23:17:02
22,2.97175,0.583,23774,4664,23774,4664,3.3,255,0,CleanAir,0.0,2026-09-18 23:17:02
23,3.004,0.58688,24032,4695,24032,4695,3.3,255,0,CleanAir,0.0,2026-09-18 23:17:02
24,3.02075,0.58438,24166,4675,24166,4675,3.3,255,0,CleanAir,0.0,2026-09-18 23:17:03
25,3.02088,0.58588,24167,4687,24167,4687,3.3,255,0,CleanAir,0.0,2026-09-18 23:17:03
26,3.04063,0.5825,24325,4660,24325,4660,3.3,255,0,CleanAir,0.0,2026-09-18 23:17:03
27,3.03325,0.58263,24266,4661,24266,4661,3.3,255,0,CleanAir,0.0,2026-09-18 23:17:04
28,3.04638,0.58288,24371,4663,24371,4663,3.3,255,0,CleanAir,0.0,2026-09-18 23:17:05
29,3.08188,0.58225,24655,4658,24655,4658,3.3,255,0,CleanAir,0.0,2026-09-18 23:17:05
30,3.09263,0.586,24741,4688,24741,4688,3.3,255,0,CleanAir,0.0,2026-09-18 23:17:06
31,3.07175,0.584,24574,4672,24574,4672,3.3,255,0,CleanAir,0.0,2026-09-18 23:17:06
32,3.10613,0.58637,24849,4691,24849,4691,3.3,255,0,CleanAir,0.0,2026-09-18 23:17:06
33,3.11313,0.58413,24905,4673,24905,4673,3.3,255,0,CleanAir,0.0,2026-09-18 23:17:07
34,3.1165,0.58688,24932,4695,24932,4695,3.3,255,0,CleanAir,0.0,2026-09-18 23:17:07
35,3.12425,0.58625,24994,4690,24994,4690,3.3,255,0,CleanAir,0.0,2026-09-18 23:17:08
36,3.12238,0.58637,24979,4691,24979,4691,3.3,255,0,CleanAir,0.0,2026-09-18 23:17:08
37,3.13463,0.58188,25077,4655,25077,4655,3.3,255,0,CleanAir,0.0,2026-09-18 23:17:08
38,3.11113,0.58325,24889,4666,24889,4666,3.3,255,0,CleanAir,0.0,2026-09-18 23:17:09
39,3.14463,0.58637,25157,4691,25157,4691,3.3,255,0,CleanAir,0.0,2026-09-18 23:17:09
40,3.11913,0.5835,24953,4668,24953,4668,3.3,255,0,CleanAir,0.0,2026-09-18 23:17:09
41,3.15275,0.58175,25222,4654,25222,4654,3.3,255,0,CleanAir,0.0,2026-09-18 23:17:10
42,3.15125,0.5815,25210,4652,25210,4652,3.3,255,0,CleanAir,0.0,2026-09-18 23:17:10
43,3.16138,0.5835,25291,4668,25291,4668,3.3,255,0,CleanAir,0.0,2026-09-18 23:17:10
44,3.16413,0.58637,25313,4691,25313,4691,3.3,255,0,CleanAir,0.0,2026-09-18 23:17:11
45,3.16725,0.58588,25338,4687,25338,4687,3.3,255,0,CleanAir,0.0,2026-09-18 23:17:11
46,3.17125,0.58175,25370,4654,25370,4654,3.3,255,0,CleanAir,0.0,2026-09-18 23:17:11
47,3.14488,0.58413,25159,4673,25159,4673,3.3,255,0,CleanAir,0.0,2026-09-18 23:17:12
48,3.17713,0.5865,25417,4692,25417,4692,3.3,255,0,CleanAir,0.0,2026-09-18 23:17:12
49,3.1505,0.58425,25204,4674,25204,4674,3.3,255,0,CleanAir,0.0,2026-09-18 23:17:12
50,3.15275,0.58188,25222,4655,25222,4655,3.3,255,0,CleanAir,0.0,2026-09-18 23:17:13
51,3.15575,0.58213,25246,4657,25246,4657,3.3,255,0,CleanAir,0.0,2026-09-18 23:17:13
52,3.15263,0.58313,25221,4665,25221,4665,3.3,255,0,CleanAir,0.0,2026-09-18 23:17:14
53,3.15988,0.58263,25279,4661,25279,4661,3.3,255,0,CleanAir,0.0,2026-09-18 23:17:14
54,3.19325,0.5825,25546,4660,25546,4660,3.3,255,0,CleanAir,0.0,2026-09-18 23:17:14
55,3.16675,0.583,25334,4664,25334,4664,3.3,255,0,CleanAir,0.0,2026-09-18 23:17:15
56,3.19825,0.58625,25586,4690,25586,4690,3.3,255,0,CleanAir,0.0,2026-09-18 23:17:15
57,3.17075,0.58438,25366,4675,25366,4675,3.3,255,0,CleanAir,0.0,2026-09-18 23:17:15
58,3.20113,0.58625,25609,4690,25609,4690,3.3,255,0,CleanAir,0.0,2026-09-18 23:17:16
59,3.17375,0.58188,25390,4655,25390,4655,3.3,255,0,CleanAir,0.0,2026-09-18 23:17:16
60,3.20525,0.58238,25642,4659,25642,4659,3.3,255,0,CleanAir,0.0,2026-09-18 23:17:16
61,3.18213,0.5855,25457,4684,25457,4684,3.3,255,0,CleanAir,0.0,2026-09-18 23:17:17
62,3.18563,0.58613,25485,4689,25485,4689,3.3,255,0,CleanAir,0.0,2026-09-18 23:17:17
63,3.20963,0.58288,25677,4663,25677,4663,3.3,255,0,CleanAir,0.0,2026-09-18 23:17:17
64,3.18175,0.585,25454,4680,25454,4680,3.3,255,0,CleanAir,0.0,2026-09-18 23:17:18
65,3.21375,0.58175,25710,4654,25710,4654,3.3,255,0,CleanAir,0.0,2026-09-18 23:17:18
66,3.21513,0.5825,25721,4660,25721,4660,3.3,255,0,CleanAir,0.0,2026-09-18 23:17:19
67,3.21838,0.5865,25747,4692,25747,4692,3.3,255,0,CleanAir,0.0,2026-09-18 23:17:20
68,3.18925,0.58575,25514,4686,25514,4686,3.3,255,0,CleanAir,0.0,2026-09-18 23:17:20
69,3.2205,0.58388,25764,4671,25764,4671,3.3,255,0,CleanAir,0.0,2026-09-18 23:17:20
70,3.19163,0.58288,25533,4663,25533,4663,3.3,255,0,CleanAir,0.0,2026-09-18 23:17:21
71,3.22238,0.582,25779,4656,25779,4656,3.3,255,0,CleanAir,0.0,2026-09-18 23:17:21
72,3.19375,0.58138,25550,4651,25550,4651,3.3,255,0,CleanAir,0.0,2026-09-18 23:17:21
73,3.1945,0.58313,25556,4665,25556,4665,3.3,255,0,CleanAir,0.0,2026-09-18 23:17:22
74,3.22575,0.584,25806,4672,25806,4672,3.3,255,0,CleanAir,0.0,2026-09-18 23:17:22
75,3.20813,0.58637,25665,4691,25665,4691,3.3,255,0,CleanAir,0.0,2026-09-18 23:17:22
76,3.22725,0.58675,25818,4694,25818,4694,3.3,255,0,CleanAir,0.0,2026-09-18 23:17:23
77,3.19725,0.58513,25578,4681,25578,4681,3.3,255,0,CleanAir,0.0,2026-09-18 23:17:23
78,3.22863,0.58238,25829,4659,25829,4659,3.3,255,0,CleanAir,0.0,2026-09-18 23:17:23
79,3.22988,0.58388,25839,4671,25839,4671,3.3,255,0,CleanAir,0.0,2026-09-18 23:17:24
80,3.22288,0.586,25783,4688,25783,4688,3.3,255,0,CleanAir,0.0,2026-09-18 23:17:24
81,3.23113,0.58363,25849,4669,25849,4669,3.3,255,0,CleanAir,0.0,2026-09-18 23:17:25
82,3.20188,0.5825,25615,4660,25615,4660,3.3,255,0,CleanAir,0.0,2026-09-18 23:17:25
83,3.23213,0.5835,25857,4668,25857,4668,3.3,255,0,CleanAir,0.0,2026-09-18 23:17:25
84,3.23225,0.584,25858,4672,25858,4672,3.3,255,0,CleanAir,0.0,2026-09-18 23:17:26
85,3.23275,0.58663,25862,4693,25862,4693,3.3,255,0,CleanAir,0.0,2026-09-18 23:17:26
86,3.23363,0.58363,25869,4669,25869,4669,3.3,255,0,CleanAir,0.0,2026-09-18 23:17:26
87,3.2175,0.58325,25740,4666,25740,4666,3.3,255,0,CleanAir,0.0,2026-09-18 23:17:27
88,3.23338,0.58713,25867,4697,25867,4697,3.3,255,0,CleanAir,0.0,2026-09-18 23:17:27
89,3.20425,0.58325,25634,4666,25634,4666,3.3,255,0,CleanAir,0.0,2026-09-18 23:17:27
90,3.23513,0.58288,25881,4663,25881,4663,3.3,255,0,CleanAir,0.0,2026-09-18 23:17:28
91,3.23575,0.5845,25886,4676,25886,4676,3.3,255,0,CleanAir,0.0,2026-09-18 23:17:28
92,3.23325,0.5865,25866,4692,25866,4692,3.3,255,0,CleanAir,0.0,2026-09-18 23:17:28
93,3.22825,0.58613,25826,4689,25826,4689,3.3,255,0,CleanAir,0.0,2026-09-18 23:17:29
94,3.20613,0.5825,25649,4660,25649,4660,3.3,255,0,CleanAir,0.0,2026-09-18 23:17:29
95,3.23638,0.58338,25891,4667,25891,4667,3.3,255,0,CleanAir,0.0,2026-09-18 23:17:30
96,3.23775,0.58388,25902,4671,25902,4671,3.3,255,0,CleanAir,0.0,2026-09-18 23:17:30
97,3.23713,0.58625,25897,4690,25897,4690,3.3,255,0,CleanAir,0.0,2026-09-18 23:17:30
98,3.237,0.58513,25896,4681,25896,4681,3.3,255,0,CleanAir,0.0,2026-09-18 23:17:31
99,3.23738,0.58363,25899,4669,25899,4669,3.3,255,0,CleanAir,0.0,2026-09-18 23:17:31
100,3.22775,0.5825,25822,4660,25822,4660,3.3,255,0,CleanAir,0.0,2026-09-18 23:17:31
101,3.20875,0.58363,25670,4669,25670,4669,3.3,255,0,CleanAir,0.0,2026-09-18 23:17:32
102,3.208,0.58613,25664,4689,25664,4689,3.3,255,0,CleanAir,0.0,2026-09-18 23:17:32
103,3.23775,0.58713,25902,4697,25902,4697,3.3,255,0,CleanAir,0.0,2026-09-18 23:17:32
104,3.20813,0.58563,25665,4685,25665,4685,3.3,255,0,CleanAir,0.0,2026-09-18 23:17:33
105,3.238,0.585,25904,4680,25904,4680,3.3,255,0,CleanAir,0.0,2026-09-18 23:17:33
106,3.20888,0.5825,25671,4660,25671,4660,3.3,255,0,CleanAir,0.0,2026-09-18 23:17:33
107,3.23925,0.58238,25914,4659,25914,4659,3.3,255,0,CleanAir,0.0,2026-09-18 23:17:34
108,3.2095,0.58238,25676,4659,25676,4659,3.3,255,0,CleanAir,0.0,2026-09-18 23:17:34
109,3.23988,0.58338,25919,4667,25919,4667,3.3,255,0,CleanAir,0.0,2026-09-18 23:17:35
110,3.21025,0.58363,25682,4669,25682,4669,3.3,255,0,CleanAir,0.0,2026-09-18 23:17:35
111,3.24,0.58425,25920,4674,25920,4674,3.3,255,0,CleanAir,0.0,2026-09-18 23:17:35
112,3.14138,0.58563,25131,4685,25131,4685,3.3,255,0,CleanAir,0.0,2026-09-18 23:17:36
113,3.20275,0.58613,25622,4689,25622,4689,3.3,255,0,CleanAir,0.0,2026-09-18 23:17:36
114,3.15463,0.58463,25237,4677,25237,4677,3.3,255,0,CleanAir,0.0,2026-09-18 23:17:36
115,2.83463,0.588,22677,4704,22677,4704,3.3,255,0,CleanAir,0.0,2026-09-18 23:17:37
116,3.16313,0.58613,25305,4689,25305,4689,3.3,255,0,CleanAir,0.0,2026-09-18 23:17:37
117,2.98688,0.5885,23895,4708,23895,4708,3.3,255,0,CleanAir,0.0,2026-09-18 23:17:37
118,2.85775,0.58363,22862,4669,22862,4669,3.3,255,0,CleanAir,0.0,2026-09-18 23:17:38
119,2.80213,0.583,22417,4664,22417,4664,3.3,255,0,CleanAir,0.0,2026-09-18 23:17:38
120,3.24025,0.582,25922,4656,25922,4656,3.3,255,0,CleanAir,0.0,2026-09-18 23:17:39
121,3.21063,0.58188,25685,4655,25685,4655,3.3,255,0,CleanAir,0.0,2026-09-18 23:17:39
122,3.23925,0.58188,25914,4655,25914,4655,3.3,255,0,CleanAir,0.0,2026-09-18 23:17:39
123,3.24063,0.58363,25925,4669,25925,4669,3.3,255,0,CleanAir,0.0,2026-09-18 23:17:40
124,3.23863,0.58675,25909,4694,25909,4694,3.3,255,0,CleanAir,0.0,2026-09-18 23:17:40
125,3.41388,0.58075,27311,4646,27311,4646,0.0,0,0,CleanAir,0.0,2026-09-18 23:17:40
126,3.42475,0.57775,27398,4622,27398,4622,0.0,0,0,CleanAir,0.0,2026-09-18 23:17:41
127,3.37113,0.57838,26969,4627,26969,4627,0.0,0,0,CleanAir,0.0,2026-09-18 23:17:41
128,3.34813,0.57988,26785,4639,26785,4639,0.0,0,0,CleanAir,0.0,2026-09-18 23:17:42
129,3.35463,0.58263,26837,4661,26837,4661,0.0,0,0,CleanAir,0.0,2026-09-18 23:17:42
130,3.332,0.57925,26656,4634,26656,4634,0.0,0,0,CleanAir,0.0,2026-09-18 23:17:42
131,3.28138,0.57863,26251,4629,26251,4629,0.0,0,0,CleanAir,0.0,2026-09-18 23:17:43
132,3.29125,0.57963,26330,4637,26330,4637,0.0,0,0,CleanAir,0.0,2026-09-18 23:17:43
133,3.25188,0.582,26015,4656,26015,4656,0.0,0,0,CleanAir,0.0,2026-09-18 23:17:43
134,3.25013,0.58,26001,4640,26001,4640,0.0,0,0,CleanAir,0.0,2026-09-18 23:17:44
135,3.20075,0.58225,25606,4658,25606,4658,0.0,0,0,CleanAir,0.0,2026-09-18 23:17:44
136,3.21163,0.57963,25693,4637,25693,4637,0.0,0,0,CleanAir,0.0,2026-09-18 23:17:44
137,3.169,0.57938,25352,4635,25352,4635,0.0,0,0,CleanAir,0.0,2026-09-18 23:17:45
138,3.17525,0.57988,25402,4639,25402,4639,0.0,0,0,CleanAir,0.0,2026-09-18 23:17:45
139,3.12875,0.58138,25030,4651,25030,4651,0.0,0,0,CleanAir,0.0,2026-09-18 23:17:45
140,3.11113,0.57863,24889,4629,24889,4629,0.0,0,0,CleanAir,0.0,2026-09-18 23:17:46
141,3.09625,0.5785,24770,4628,24770,4628,0.0,0,0,CleanAir,0.0,2026-09-18 23:17:46
142,3.08088,0.57825,24647,4626,24647,4626,0.0,0,0,CleanAir,0.0,2026-09-18 23:17:47
143,3.06588,0.57875,24527,4630,24527,4630,0.0,0,0,CleanAir,0.0,2026-09-18 23:17:47
144,3.0795,0.579,24636,4632,24636,4632,0.0,0,0,CleanAir,0.0,2026-09-18 23:17:47
145,3.0365,0.57925,24292,4634,24292,4634,0.0,0,0,CleanAir,0.0,2026-09-18 23:17:48
146,3.04875,0.581,24390,4648,24390,4648,0.0,0,0,CleanAir,0.0,2026-09-18 23:17:48
147,3.00788,0.57913,24063,4633,24063,4633,0.0,0,0,CleanAir,0.0,2026-09-18 23:17:48
148,3.02288,0.58213,24183,4657,24183,4657,0.0,0,0,CleanAir,0.0,2026-09-18 23:17:49
149,3.0045,0.58113,24036,4649,24036,4649,0.0,0,0,CleanAir,0.0,2026-09-18 23:17:49
150,2.9645,0.5815,23716,4652,23716,4652,0.0,0,0,CleanAir,0.0,2026-09-18 23:17:50
151,2.98088,0.577,23847,4616,23847,4616,0.0,0,0,CleanAir,0.0,2026-09-18 23:17:50
152,2.944,0.57825,23552,4626,23552,4626,0.0,0,0,CleanAir,0.0,2026-09-18 23:17:50
153,2.958,0.57738,23664,4619,23664,4619,0.0,0,0,CleanAir,0.0,2026-09-18 23:17:51
154,2.9205,0.57875,23364,4630,23364,4630,0.0,0,0,CleanAir,0.0,2026-09-18 23:17:51
155,2.911,0.58063,23288,4645,23288,4645,0.0,0,0,CleanAir,0.0,2026-09-18 23:17:51
156,2.90063,0.58188,23205,4655,23205,4655,0.0,0,0,CleanAir,0.0,2026-09-18 23:17:52
157,2.91713,0.57863,23337,4629,23337,4629,0.0,0,0,CleanAir,0.0,2026-09-18 23:17:52
158,2.88225,0.5785,23058,4628,23058,4628,0.0,0,0,CleanAir,0.0,2026-09-18 23:17:52
159,2.89875,0.57688,23190,4615,23190,4615,0.0,0,0,CleanAir,0.0,2026-09-18 23:17:53
160,2.88625,0.58113,23090,4649,23090,4649,0.0,0,0,CleanAir,0.0,2026-09-18 23:17:53
161,2.85113,0.58113,22809,4649,22809,4649,0.0,0,0,CleanAir,0.0,2026-09-18 23:17:54
162,2.86863,0.58188,22949,4655,22949,4655,0.0,0,0,CleanAir,0.0,2026-09-18 23:17:54
163,2.83413,0.57988,22673,4639,22673,4639,0.0,0,0,CleanAir,0.0,2026-09-18 23:17:54
164,2.85463,0.57763,22837,4621,22837,4621,0.0,0,0,CleanAir,0.0,2026-09-18 23:17:55
165,2.82013,0.579,22561,4632,22561,4632,0.0,0,0,CleanAir,0.0,2026-09-18 23:17:55
166,2.81113,0.57788,22489,4623,22489,4623,0.0,0,0,CleanAir,0.0,2026-09-18 23:17:56
167,2.82988,0.57788,22639,4623,22639,4623,0.0,0,0,CleanAir,0.0,2026-09-18 23:17:56
168,2.7995,0.57838,22396,4627,22396,4627,0.0,0,0,CleanAir,0.0,2026-09-18 23:17:56
169,2.8165,0.58175,22532,4654,22532,4654,0.0,0,0,CleanAir,0.0,2026-09-18 23:17:57
170,2.80738,0.57763,22459,4621,22459,4621,0.0,0,0,CleanAir,0.0,2026-09-18 23:17:57
171,2.77675,0.57838,22214,4627,22214,4627,0.0,0,0,CleanAir,0.0,2026-09-18 23:17:58
172,2.771,0.578,22168,4624,22168,4624,0.0,0,0,CleanAir,0.0,2026-09-18 23:17:58
173,2.765,0.581,22120,4648,22120,4648,0.0,0,0,CleanAir,0.0,2026-09-18 23:17:58
174,2.78475,0.58175,22278,4654,22278,4654,0.0,0,0,CleanAir,0.0,2026-09-18 23:17:59
175,2.75338,0.57963,22027,4637,22027,4637,0.0,0,0,CleanAir,0.0,2026-09-18 23:17:59
176,2.775,0.57812,22200,4625,22200,4625,0.0,0,0,CleanAir,0.0,2026-09-18 23:17:59
177,2.76,0.57888,22080,4631,22080,4631,0.0,0,0,CleanAir,0.0,2026-09-18 23:18:00
178,2.76638,0.57988,22131,4639,22131,4639,0.0,0,0,CleanAir,0.0,2026-09-18 23:18:00
179,2.73563,0.57788,21885,4623,21885,4623,0.0,0,0,CleanAir,0.0,2026-09-18 23:18:00
180,2.75813,0.57938,22065,4635,22065,4635,0.0,0,0,CleanAir,0.0,2026-09-18 23:18:01
181,2.72663,0.58163,21813,4653,21813,4653,0.0,0,0,CleanAir,0.0,2026-09-18 23:18:01
182,2.74788,0.58175,21983,4654,21983,4654,0.0,0,0,CleanAir,0.0,2026-09-18 23:18:01
183,2.72013,0.5815,21761,4652,21761,4652,0.0,0,0,CleanAir,0.0,2026-09-18 23:18:02
184,2.73413,0.579,21873,4632,21873,4632,0.0,0,0,CleanAir,0.0,2026-09-18 23:18:03
185,2.70375,0.581,21630,4648,21630,4648,0.0,0,0,CleanAir,0.0,2026-09-18 23:18:03
186,2.72713,0.57713,21817,4617,21817,4617,0.0,0,0,CleanAir,0.0,2026-09-18 23:18:04
187,2.69775,0.581,21582,4648,21582,4648,0.0,0,0,CleanAir,0.0,2026-09-18 23:18:04
188,2.72025,0.57825,21762,4626,21762,4626,0.0,0,0,CleanAir,0.0,2026-09-18 23:18:04
189,2.69313,0.57838,21545,4627,21545,4627,0.0,0,0,CleanAir,0.0,2026-09-18 23:18:05
190,2.71625,0.57913,21730,4633,21730,4633,0.0,0,0,CleanAir,0.0,2026-09-18 23:18:05
191,2.6885,0.57812,21508,4625,21508,4625,0.0,0,0,CleanAir,0.0,2026-09-18 23:18:05
192,2.71138,0.5785,21691,4628,21691,4628,0.0,0,0,CleanAir,0.0,2026-09-18 23:18:06
193,2.68413,0.57938,21473,4635,21473,4635,0.0,0,0,CleanAir,0.0,2026-09-18 23:18:06
194,2.70663,0.57988,21653,4639,21653,4639,0.0,0,0,CleanAir,0.0,2026-09-18 23:18:06
195,2.67913,0.5805,21433,4644,21433,4644,0.0,0,0,CleanAir,0.0,2026-09-18 23:18:07
196,2.70088,0.58163,21607,4653,21607,4653,0.0,0,0,CleanAir,0.0,2026-09-18 23:18:07
197,2.69425,0.5775,21554,4620,21554,4620,0.0,0,0,CleanAir,0.0,2026-09-18 23:18:07
198,2.69713,0.57812,21577,4625,21577,4625,0.0,0,0,CleanAir,0.0,2026-09-18 23:18:08
199,2.69313,0.58075,21545,4646,21545,4646,0.0,0,0,CleanAir,0.0,2026-09-18 23:18:08
200,2.66825,0.58238,21346,4659,21346,4659,0.0,0,0,CleanAir,0.0,2026-09-18 23:18:09
201,2.68925,0.58113,21514,4649,21514,4649,0.0,0,0,CleanAir,0.0,2026-09-18 23:18:09
202,2.6635,0.5775,21308,4620,21308,4620,0.0,0,0,CleanAir,0.0,2026-09-18 23:18:09
203,2.68688,0.5795,21495,4636,21495,4636,0.0,0,0,CleanAir,0.0,2026-09-18 23:18:10
204,2.66025,0.58125,21282,4650,21282,4650,0.0,0,0,CleanAir,0.0,2026-09-18 23:18:10
205,2.65725,0.579,21258,4632,21258,4632,0.0,0,0,CleanAir,0.0,2026-09-18 23:18:10
206,2.64938,0.579,21195,4632,21195,4632,0.0,0,0,CleanAir,0.0,2026-09-18 23:18:11
207,2.672,0.57913,21376,4633,21376,4633,0.0,0,0,CleanAir,0.0,2026-09-18 23:18:11
208,2.65425,0.582,21234,4656,21234,4656,0.0,0,0,CleanAir,0.0,2026-09-18 23:18:12
209,2.674,0.57975,21392,4638,21392,4638,0.0,0,0,CleanAir,0.0,2026-09-18 23:18:12
210,2.66025,0.57988,21282,4639,21282,4639,0.0,0,0,CleanAir,0.0,2026-09-18 23:18:13
211,2.65975,0.58163,21278,4653,21278,4653,0.0,0,0,CleanAir,0.0,2026-09-18 23:18:13
212,2.66963,0.58025,21357,4642,21357,4642,0.0,0,0,CleanAir,0.0,2026-09-18 23:18:13
213,2.65313,0.5805,21225,4644,21225,4644,0.0,0,0,CleanAir,0.0,2026-09-18 23:18:14
214,2.664,0.57713,21312,4617,21312,4617,0.0,0,0,CleanAir,0.0,2026-09-18 23:18:14
215,2.64563,0.57913,21165,4633,21165,4633,0.0,0,0,CleanAir,0.0,2026-09-18 23:18:14
216,2.64513,0.58113,21161,4649,21161,4649,0.0,0,0,CleanAir,0.0,2026-09-18 23:18:15
217,2.639,0.58163,21112,4653,21112,4653,0.0,0,0,CleanAir,0.0,2026-09-18 23:18:15
218,2.66513,0.581,21321,4648,21321,4648,0.0,0,0,CleanAir,0.0,2026-09-18 23:18:16
219,2.64038,0.57838,21123,4627,21123,4627,0.0,0,0,CleanAir,0.0,2026-09-18 23:18:16
220,2.66125,0.58075,21290,4646,21290,4646,0.0,0,0,CleanAir,0.0,2026-09-18 23:18:16
221,2.64063,0.58163,21125,4653,21125,4653,0.0,0,0,CleanAir,0.0,2026-09-18 23:18:17
222,2.65838,0.581,21267,4648,21267,4648,0.0,0,0,CleanAir,0.0,2026-09-18 23:18:17
223,2.63425,0.57938,21074,4635,21074,4635,0.0,0,0,CleanAir,0.0,2026-09-18 23:18:17
224,2.63325,0.57788,21066,4623,21066,4623,0.0,0,0,CleanAir,0.0,2026-09-18 23:18:18
225,2.633,0.57663,21064,4613,21064,4613,0.0,0,0,CleanAir,0.0,2026-09-18 23:18:18
226,2.63288,0.5775,21063,4620,21063,4620,0.0,0,0,CleanAir,0.0,2026-09-18 23:18:19
227,2.65875,0.57938,21270,4635,21270,4635,0.0,0,0,CleanAir,0.0,2026-09-18 23:18:19
228,2.65463,0.58075,21237,4646,21237,4646,0.0,0,0,CleanAir,0.0,2026-09-18 23:18:19
229,2.6525,0.57775,21220,4622,21220,4622,0.0,0,0,CleanAir,0.0,2026-09-18 23:18:20
230,2.63113,0.57663,21049,4613,21049,4613,0.0,0,0,CleanAir,0.0,2026-09-18 23:18:20
231,2.65513,0.57675,21241,4614,21241,4614,0.0,0,0,CleanAir,0.0,2026-09-18 23:18:20
232,2.63213,0.57913,21057,4633,21057,4633,0.0,0,0,CleanAir,0.0,2026-09-18 23:18:21
233,2.65363,0.578,21229,4624,21229,4624,0.0,0,0,CleanAir,0.0,2026-09-18 23:18:21
234,2.62738,0.57688,21019,4615,21019,4615,0.0,0,0,CleanAir,0.0,2026-09-18 23:18:22
235,2.65238,0.57925,21219,4634,21219,4634,0.0,0,0,CleanAir,0.0,2026-09-18 23:18:22
236,2.62838,0.58113,21027,4649,21027,4649,0.0,0,0,CleanAir,0.0,2026-09-18 23:18:22
237,2.64838,0.58188,21187,4655,21187,4655,0.0,0,0,CleanAir,0.0,2026-09-18 23:18:23
238,2.62625,0.57688,21010,4615,21010,4615,0.0,0,0,CleanAir,0.0,2026-09-18 23:18:23
239,2.62413,0.57838,20993,4627,20993,4627,0.0,0,0,CleanAir,0.0,2026-09-18 23:18:23
240,2.64838,0.57812,21187,4625,21187,4625,0.0,0,0,CleanAir,0.0,2026-09-18 23:18:24
241,2.65213,0.58213,21217,4657,21217,4657,0.0,0,0,CleanAir,0.0,2026-09-18 23:18:24
242,2.65163,0.58125,21213,4650,21213,4650,0.0,0,0,CleanAir,0.0,2026-09-18 23:18:25
243,2.62638,0.58013,21011,4641,21011,4641,0.0,0,0,CleanAir,0.0,2026-09-18 23:18:25
244,2.65125,0.57788,21210,4623,21210,4623,0.0,0,0,CleanAir,0.0,2026-09-18 23:18:25
245,2.62738,0.57988,21019,4639,21019,4639,0.0,0,0,CleanAir,0.0,2026-09-18 23:18:26
246,2.6505,0.58138,21204,4651,21204,4651,0.0,0,0,CleanAir,0.0,2026-09-18 23:18:26
247,2.62538,0.58175,21003,4654,21003,4654,0.0,0,0,CleanAir,0.0,2026-09-18 23:18:26
248,2.64888,0.582,21191,4656,21191,4656,0.0,0,0,CleanAir,0.0,2026-09-18 23:18:27
249,2.62688,0.582,21015,4656,21015,4656,0.0,0,0,CleanAir,0.0,2026-09-18 23:18:27
0,2.51563,0.58213,20125,4657,20125,4657,3.3,255,0,CleanAir,0.0,2026-09-18 23:18:28
1,2.51913,0.58175,20153,4654,20153,4654,3.3,255,0,CleanAir,0.0,2026-09-18 23:18:28
2,2.57738,0.581,20619,4648,20619,4648,3.3,255,0,CleanAir,0.0,2026-09-18 23:18:28
3,2.5865,0.5825,20692,4660,20692,4660,3.3,255,0,CleanAir,0.0,2026-09-18 23:18:29
4,2.64263,0.58263,21141,4661,21141,4661,3.3,255,0,CleanAir,0.0,2026-09-18 23:18:29
5,2.64638,0.58363,21171,4669,21171,4669,3.3,255,0,CleanAir,0.0,2026-09-18 23:18:29
6,2.69813,0.58663,21585,4693,21585,4693,3.3,255,0,CleanAir,0.0,2026-09-18 23:18:30
7,2.72575,0.58363,21806,4669,21806,4669,3.3,255,0,CleanAir,0.0,2026-09-18 23:18:30
8,2.75025,0.5865,22002,4692,22002,4692,3.3,255,0,CleanAir,0.0,2026-09-18 23:18:30
9,2.748,0.58538,21984,4683,21984,4683,3.3,255,0,CleanAir,0.0,2026-09-18 23:18:31
10,2.797,0.582,22376,4656,22376,4656,3.3,255,0,CleanAir,0.0,2026-09-18 23:18:31
11,2.79275,0.58363,22342,4669,22342,4669,3.3,255,0,CleanAir,0.0,2026-09-18 23:18:32
12,2.83988,0.58338,22719,4667,22719,4667,3.3,255,0,CleanAir,0.0,2026-09-18 23:18:32
13,2.8325,0.586,22660,4688,22660,4688,3.3,255,0,CleanAir,0.0,2026-09-18 23:18:32
14,2.87725,0.583,23018,4664,23018,4664,3.3,255,0,CleanAir,0.0,2026-09-18 23:18:33
15,2.8715,0.58288,22972,4663,22972,4663,3.3,255,0,CleanAir,0.0,2026-09-18 23:18:33
16,2.91113,0.58588,23289,4687,23289,4687,3.3,255,0,CleanAir,0.0,2026-09-18 23:18:33
17,2.91788,0.58625,23343,4690,23343,4690,3.3,255,0,CleanAir,0.0,2026-09-18 23:18:34
18,2.94313,0.58275,23545,4662,23545,4662,3.3,255,0,CleanAir,0.0,2026-09-18 23:18:34
19,2.95025,0.58238,23602,4659,23602,4659,3.3,255,0,CleanAir,0.0,2026-09-18 23:18:34
20,2.9725,0.58325,23780,4666,23780,4666,3.3,255,0,CleanAir,0.0,2026-09-18 23:18:35
21,2.9565,0.58637,23652,4691,23652,4691,3.3,255,0,CleanAir,0.0,2026-09-18 23:18:35
22,2.99588,0.5815,23967,4652,23967,4652,3.3,255,0,CleanAir,0.0,2026-09-18 23:18:35
23,3.00838,0.58288,24067,4663,24067,4663,3.3,255,0,CleanAir,0.0,2026-09-18 23:18:36
24,3.01888,0.58613,24151,4689,24151,4689,3.3,255,0,CleanAir,0.0,2026-09-18 23:18:36
25,3.02938,0.582,24235,4656,24235,4656,3.3,255,0,CleanAir,0.0,2026-09-18 23:18:37
26,3.0115,0.582,24092,4656,24092,4656,3.3,255,0,CleanAir,0.0,2026-09-18 23:18:37
27,3.04925,0.58625,24394,4690,24394,4690,3.3,255,0,CleanAir,0.0,2026-09-18 23:18:37
28,3.02938,0.58588,24235,4687,24235,4687,3.3,255,0,CleanAir,0.0,2026-09-18 23:18:38
29,3.067,0.58637,24536,4691,24536,4691,3.3,255,0,CleanAir,0.0,2026-09-18 23:18:38
30,3.04613,0.586,24369,4688,24369,4688,3.3,255,0,CleanAir,0.0,2026-09-18 23:18:38
31,3.06475,0.582,24518,4656,24518,4656,3.3,255,0,CleanAir,0.0,2026-09-18 23:18:39
32,3.06138,0.58188,24491,4655,24491,4655,3.3,255,0,CleanAir,0.0,2026-09-18 23:18:39
33,3.07063,0.5825,24565,4660,24565,4660,3.3,255,0,CleanAir,0.0,2026-09-18 23:18:39
34,3.10513,0.58163,24841,4653,24841,4653,3.3,255,0,CleanAir,0.0,2026-09-18 23:18:40
35,3.11188,0.58275,24895,4662,24895,4662,3.3,255,0,CleanAir,0.0,2026-09-18 23:18:40
36,3.11825,0.58238,24946,4659,24946,4659,3.3,255,0,CleanAir,0.0,2026-09-18 23:18:40
37,3.1245,0.5825,24996,4660,24996,4660,3.3,255,0,CleanAir,0.0,2026-09-18 23:18:41
38,3.12975,0.58375,25038,4670,25038,4670,3.3,255,0,CleanAir,0.0,2026-09-18 23:18:41
39,3.13425,0.586,25074,4688,25074,4688,3.3,255,0,CleanAir,0.0,2026-09-18 23:18:42
40,3.11088,0.5855,24887,4684,24887,4684,3.3,255,0,CleanAir,0.0,2026-09-18 23:18:42
41,3.14488,0.5815,25159,4652,25159,4652,3.3,255,0,CleanAir,0.0,2026-09-18 23:18:42
42,3.14988,0.58388,25199,4671,25199,4671,3.3,255,0,CleanAir,0.0,2026-09-18 23:18:43
43,3.15363,0.5865,25229,4692,25229,4692,3.3,255,0,CleanAir,0.0,2026-09-18 23:18:43
44,3.15738,0.586,25259,4688,25259,4688,3.3,255,0,CleanAir,0.0,2026-09-18 23:18:43
45,3.16275,0.58263,25302,4661,25302,4661,3.3,255,0,CleanAir,0.0,2026-09-18 23:18:44
46,3.1375,0.58613,25100,4689,25100,4689,3.3,255,0,CleanAir,0.0,2026-09-18 23:18:44
47,3.17025,0.586,25362,4688,25362,4688,3.3,255,0,CleanAir,0.0,2026-09-18 23:18:44
48,3.14363,0.58375,25149,4670,25149,4670,3.3,255,0,CleanAir,0.0,2026-09-18 23:18:45
49,3.1765,0.5825,25412,4660,25412,4660,3.3,255,0,CleanAir,0.0,2026-09-18 23:18:45
50,3.16813,0.58625,25345,4690,25345,4690,3.3,255,0,CleanAir,0.0,2026-09-18 23:18:46
51,3.185,0.5835,25480,4668,25480,4668,3.3,255,0,CleanAir,0.0,2026-09-18 23:18:46
52,3.15775,0.58613,25262,4689,25262,4689,3.3,255,0,CleanAir,0.0,2026-09-18 23:18:46
53,3.19,0.58125,25520,4650,25520,4650,3.3,255,0,CleanAir,0.0,2026-09-18 23:18:47
54,3.1925,0.58238,25540,4659,25540,4659,3.3,255,0,CleanAir,0.0,2026-09-18 23:18:47
55,3.19538,0.58375,25563,4670,25563,4670,3.3,255,0,CleanAir,0.0,2026-09-18 23:18:48
56,3.17425,0.58413,25394,4673,25394,4673,3.3,255,0,CleanAir,0.0,2026-09-18 23:18:48
57,3.19938,0.58575,25595,4686,25595,4686,3.3,255,0,CleanAir,0.0,2026-09-18 23:18:48
58,3.17988,0.58637,25439,4691,25439,4691,3.3,255,0,CleanAir,0.0,2026-09-18 23:18:49
59,3.203,0.585,25624,4680,25624,4680,3.3,255,0,CleanAir,0.0,2026-09-18 23:18:49
60,3.176,0.582,25408,4656,25408,4656,3.3,255,0,CleanAir,0.0,2026-09-18 23:18:49
61,3.19625,0.58225,25570,4658,25570,4658,3.3,255,0,CleanAir,0.0,2026-09-18 23:18:50
62,3.18475,0.58225,25478,4658,25478,4658,3.3,255,0,CleanAir,0.0,2026-09-18 23:18:50
63,3.19575,0.58625,25566,4690,25566,4690,3.3,255,0,CleanAir,0.0,2026-09-18 23:18:51
64,3.18388,0.584,25471,4672,25471,4672,3.3,255,0,CleanAir,0.0,2026-09-18 23:18:51
65,3.21588,0.58213,25727,4657,25727,4657,3.3,255,0,CleanAir,0.0,2026-09-18 23:18:51
66,3.18675,0.5855,25494,4684,25494,4684,3.3,255,0,CleanAir,0.0,2026-09-18 23:18:52
67,3.218,0.58588,25744,4687,25744,4687,3.3,255,0,CleanAir,0.0,2026-09-18 23:18:52
68,3.20963,0.58313,25677,4665,25677,4665,3.3,255,0,CleanAir,0.0,2026-09-18 23:18:52
69,3.22163,0.58325,25773,4666,25773,4666,3.3,255,0,CleanAir,0.0,2026-09-18 23:18:53
70,3.19238,0.58625,25539,4690,25539,4690,3.3,255,0,CleanAir,0.0,2026-09-18 23:18:53
71,3.22288,0.585,25783,4680,25783,4680,3.3,255,0,CleanAir,0.0,2026-09-18 23:18:54
72,3.22513,0.58637,25801,4691,25801,4691,3.3,255,0,CleanAir,0.0,2026-09-18 23:18:54
73,3.22625,0.58538,25810,4683,25810,4683,3.3,255,0,CleanAir,0.0,2026-09-18 23:18:55
74,3.22725,0.58475,25818,4678,25818,4678,3.3,255,0,CleanAir,0.0,2026-09-18 23:18:55
75,3.22863,0.58275,25829,4662,25829,4662,3.3,255,0,CleanAir,0.0,2026-09-18 23:18:55
76,3.22988,0.58388,25839,4671,25839,4671,3.3,255,0,CleanAir,0.0,2026-09-18 23:18:56
77,3.23025,0.58463,25842,4677,25842,4677,3.3,255,0,CleanAir,0.0,2026-09-18 23:18:56
78,3.22975,0.58575,25838,4686,25838,4686,3.3,255,0,CleanAir,0.0,2026-09-18 23:18:56
79,3.231,0.58588,25848,4687,25848,4687,3.3,255,0,CleanAir,0.0,2026-09-18 23:18:57
80,3.2315,0.5835,25852,4668,25852,4668,3.3,255,0,CleanAir,0.0,2026-09-18 23:18:57
81,3.20175,0.58225,25614,4658,25614,4658,3.3,255,0,CleanAir,0.0,2026-09-18 23:18:58
82,3.23375,0.58313,25870,4665,25870,4665,3.3,255,0,CleanAir,0.0,2026-09-18 23:18:58
83,3.20425,0.58275,25634,4662,25634,4662,3.3,255,0,CleanAir,0.0,2026-09-18 23:18:58
84,3.2335,0.5865,25868,4692,25868,4692,3.3,255,0,CleanAir,0.0,2026-09-18 23:18:59
85,3.23538,0.5845,25883,4676,25883,4676,3.3,255,0,CleanAir,0.0,2026-09-18 23:18:59
86,3.235,0.58625,25880,4690,25880,4690,3.3,255,0,CleanAir,0.0,2026-09-18 23:18:59
87,3.23588,0.58225,25887,4658,25887,4658,3.3,255,0,CleanAir,0.0,2026-09-18 23:19:00
88,3.21988,0.582,25759,4656,25759,4656,3.3,255,0,CleanAir,0.0,2026-09-18 23:19:00
89,3.23825,0.58413,25906,4673,25906,4673,3.3,255,0,CleanAir,0.0,2026-09-18 23:19:00
90,3.209,0.58413,25672,4673,25672,4673,3.3,255,0,CleanAir,0.0,2026-09-18 23:19:01
91,3.23838,0.586,25907,4688,25907,4688,3.3,255,0,CleanAir,0.0,2026-09-18 23:19:01
92,3.21188,0.58675,25695,4694,25695,4694,3.3,255,0,CleanAir,0.0,2026-09-18 23:19:02
93,3.23913,0.587,25913,4696,25913,4696,3.3,255,0,CleanAir,0.0,2026-09-18 23:19:02
94,3.24063,0.58325,25925,4666,25925,4666,3.3,255,0,CleanAir,0.0,2026-09-18 23:19:02
95,3.2405,0.58363,25924,4669,25924,4669,3.3,255,0,CleanAir,0.0,2026-09-18 23:19:03
96,3.228,0.58625,25824,4690,25824,4690,3.3,255,0,CleanAir,0.0,2026-09-18 23:19:03
97,3.24088,0.58513,25927,4681,25927,4681,3.3,255,0,CleanAir,0.0,2026-09-18 23:19:03
98,3.21463,0.58225,25717,4658,25717,4658,3.3,255,0,CleanAir,0.0,2026-09-18 23:19:04
99,3.2115,0.58338,25692,4667,25692,4667,3.3,255,0,CleanAir,0.0,2026-09-18 23:19:04
100,3.21175,0.58413,25694,4673,25694,4673,3.3,255,0,CleanAir,0.0,2026-09-18 23:19:04
101,3.2425,0.58363,25940,4669,25940,4669,3.3,255,0,CleanAir,0.0,2026-09-18 23:19:05
102,3.21275,0.58375,25702,4670,25702,4670,3.3,255,0,CleanAir,0.0,2026-09-18 23:19:05
103,3.24313,0.58338,25945,4667,25945,4667,3.3,255,0,CleanAir,0.0,2026-09-18 23:19:06
104,3.23638,0.58188,25891,4655,25891,4655,3.3,255,0,CleanAir,0.0,2026-09-18 23:19:06
105,3.212,0.58637,25696,4691,25696,4691,3.3,255,0,CleanAir,0.0,2026-09-18 23:19:07
106,3.243,0.58613,25944,4689,25944,4689,3.3,255,0,CleanAir,0.0,2026-09-18 23:19:07
107,3.24413,0.585,25953,4680,25953,4680,3.3,255,0,CleanAir,0.0,2026-09-18 23:19:07
108,3.24413,0.5825,25953,4660,25953,4660,3.3,255,0,CleanAir,0.0,2026-09-18 23:19:08
109,3.24363,0.58425,25949,4674,25949,4674,3.3,255,0,CleanAir,0.0,2026-09-18 23:19:08
110,3.24475,0.58263,25958,4661,25958,4661,3.3,255,0,CleanAir,0.0,2026-09-18 23:19:08
111,3.23188,0.58338,25855,4667,25855,4667,3.3,255,0,CleanAir,0.0,2026-09-18 23:19:09
112,3.23713,0.58325,25897,4666,25897,4666,3.3,255,0,CleanAir,0.0,2026-09-18 23:19:09
113,3.21538,0.58275,25723,4662,25723,4662,3.3,255,0,CleanAir,0.0,2026-09-18 23:19:10
114,3.24525,0.5865,25962,4692,25962,4692,3.3,255,0,CleanAir,0.0,2026-09-18 23:19:10
115,3.245,0.5845,25960,4676,25960,4676,3.3,255,0,CleanAir,0.0,2026-09-18 23:19:10
116,3.24563,0.58625,25965,4690,25965,4690,3.3,255,0,CleanAir,0.0,2026-09-18 23:19:11
117,3.24638,0.584,25971,4672,25971,4672,3.3,255,0,CleanAir,0.0,2026-09-18 23:19:11
118,3.23025,0.58275,25842,4662,25842,4662,3.3,255,0,CleanAir,0.0,2026-09-18 23:19:11
119,3.24675,0.58625,25974,4690,25974,4690,3.3,255,0,CleanAir,0.0,2026-09-18 23:19:12
120,3.24625,0.586,25970,4688,25970,4688,3.3,255,0,CleanAir,0.0,2026-09-18 23:19:12
121,3.24575,0.58525,25966,4682,25966,4682,3.3,255,0,CleanAir,0.0,2026-09-18 23:19:13
122,3.24588,0.5865,25967,4692,25967,4692,3.3,255,0,CleanAir,0.0,2026-09-18 23:19:13
123,3.217,0.58213,25736,4657,25736,4657,3.3,255,0,CleanAir,0.0,2026-09-18 23:19:13
124,3.2475,0.58325,25980,4666,25980,4666,3.3,255,0,CleanAir,0.0,2026-09-18 23:19:14
125,3.44563,0.582,27565,4656,27565,4656,0.0,0,0,CleanAir,0.0,2026-09-18 23:19:14
126,3.43475,0.5805,27478,4644,27478,4644,0.0,0,0,CleanAir,0.0,2026-09-18 23:19:14
127,3.39988,0.57738,27199,4619,27199,4619,0.0,0,0,CleanAir,0.0,2026-09-18 23:19:15
128,3.38788,0.57888,27103,4631,27103,4631,0.0,0,0,CleanAir,0.0,2026-09-18 23:19:15
129,3.33325,0.58163,26666,4653,26666,4653,0.0,0,0,CleanAir,0.0,2026-09-18 23:19:15
130,3.342,0.58225,26736,4658,26736,4658,0.0,0,0,CleanAir,0.0,2026-09-18 23:19:16
131,3.28913,0.578,26313,4624,26313,4624,0.0,0,0,CleanAir,0.0,2026-09-18 23:19:16
132,3.29825,0.58125,26386,4650,26386,4650,0.0,0,0,CleanAir,0.0,2026-09-18 23:19:16
133,3.25763,0.5825,26061,4660,26061,4660,0.0,0,0,CleanAir,0.0,2026-09-18 23:19:17
134,3.25713,0.5795,26057,4636,26057,4636,0.0,0,0,CleanAir,0.0,2026-09-18 23:19:17
135,3.20825,0.57825,25666,4626,25666,4626,0.0,0,0,CleanAir,0.0,2026-09-18 23:19:18
136,3.21875,0.5775,25750,4620,25750,4620,0.0,0,0,CleanAir,0.0,2026-09-18 23:19:18
137,3.1715,0.57775,25372,4622,25372,4622,0.0,0,0,CleanAir,0.0,2026-09-18 23:19:18
138,3.183,0.57863,25464,4629,25464,4629,0.0,0,0,CleanAir,0.0,2026-09-18 23:19:19
139,3.1515,0.57888,25212,4631,25212,4631,0.0,0,0,CleanAir,0.0,2026-09-18 23:19:19
140,3.14825,0.57825,25186,4626,25186,4626,0.0,0,0,CleanAir,0.0,2026-09-18 23:19:19
141,3.10913,0.57888,24873,4631,24873,4631,0.0,0,0,CleanAir,0.0,2026-09-18 23:19:20
142,3.11663,0.57838,24933,4627,24933,4627,0.0,0,0,CleanAir,0.0,2026-09-18 23:19:20
143,3.0725,0.57875,24580,4630,24580,4630,0.0,0,0,CleanAir,0.0,2026-09-18 23:19:20
144,3.08588,0.58138,24687,4651,24687,4651,0.0,0,0,CleanAir,0.0,2026-09-18 23:19:21
145,3.07038,0.5775,24563,4620,24563,4620,0.0,0,0,CleanAir,0.0,2026-09-18 23:19:21
146,3.05675,0.57713,24454,4617,24454,4617,0.0,0,0,CleanAir,0.0,2026-09-18 23:19:21
147,3.04263,0.57888,24341,4631,24341,4631,0.0,0,0,CleanAir,0.0,2026-09-18 23:19:22
148,3.02913,0.58163,24233,4653,24233,4653,0.0,0,0,CleanAir,0.0,2026-09-18 23:19:22
149,3.01663,0.58125,24133,4650,24133,4650,0.0,0,0,CleanAir,0.0,2026-09-18 23:19:23
150,3.00188,0.57788,24015,4623,24015,4623,0.0,0,0,CleanAir,0.0,2026-09-18 23:19:23
151,2.96225,0.57775,23698,4622,23698,4622,0.0,0,0,CleanAir,0.0,2026-09-18 23:19:23
152,2.97875,0.57788,23830,4623,23830,4623,0.0,0,0,CleanAir,0.0,2026-09-18 23:19:24
153,2.93963,0.57863,23517,4629,23517,4629,0.0,0,0,CleanAir,0.0,2026-09-18 23:19:24
154,2.95538,0.57988,23643,4639,23643,4639,0.0,0,0,CleanAir,0.0,2026-09-18 23:19:24
155,2.92663,0.57825,23413,4626,23413,4626,0.0,0,0,CleanAir,0.0,2026-09-18 23:19:25
156,2.90963,0.57838,23277,4627,23277,4627,0.0,0,0,CleanAir,0.0,2026-09-18 23:19:25
157,2.90225,0.57788,23218,4623,23218,4623,0.0,0,0,CleanAir,0.0,2026-09-18 23:19:26
158,2.91688,0.57875,23335,4630,23335,4630,0.0,0,0,CleanAir,0.0,2026-09-18 23:19:26
159,2.90563,0.57975,23245,4638,23245,4638,0.0,0,0,CleanAir,0.0,2026-09-18 23:19:26
160,2.89738,0.58163,23179,4653,23179,4653,0.0,0,0,CleanAir,0.0,2026-09-18 23:19:27
161,2.86288,0.57963,22903,4637,22903,4637,0.0,0,0,CleanAir,0.0,2026-09-18 23:19:27
162,2.88075,0.57713,23046,4617,23046,4617,0.0,0,0,CleanAir,0.0,2026-09-18 23:19:27
163,2.86463,0.57825,22917,4626,22917,4626,0.0,0,0,CleanAir,0.0,2026-09-18 23:19:28
164,2.865,0.58188,22920,4655,22920,4655,0.0,0,0,CleanAir,0.0,2026-09-18 23:19:28
165,2.8315,0.58163,22652,4653,22652,4653,0.0,0,0,CleanAir,0.0,2026-09-18 23:19:28
166,2.84988,0.58188,22799,4655,22799,4655,0.0,0,0,CleanAir,0.0,2026-09-18 23:19:29
167,2.82225,0.58188,22578,4655,22578,4655,0.0,0,0,CleanAir,0.0,2026-09-18 23:19:29
168,2.80913,0.5795,22473,4636,22473,4636,0.0,0,0,CleanAir,0.0,2026-09-18 23:19:29
169,2.82838,0.58225,22627,4658,22627,4658,0.0,0,0,CleanAir,0.0,2026-09-18 23:19:30
170,2.79638,0.57863,22371,4629,22371,4629,0.0,0,0,CleanAir,0.0,2026-09-18 23:19:30
171,2.81563,0.579,22525,4632,22525,4632,0.0,0,0,CleanAir,0.0,2026-09-18 23:19:31
172,2.80988,0.57713,22479,4617,22479,4617,0.0,0,0,CleanAir,0.0,2026-09-18 23:19:31
173,2.80388,0.58013,22431,4641,22431,4641,0.0,0,0,CleanAir,0.0,2026-09-18 23:19:31
174,2.79688,0.57775,22375,4622,22375,4622,0.0,0,0,CleanAir,0.0,2026-09-18 23:19:32
175,2.7655,0.57775,22124,4622,22124,4622,0.0,0,0,CleanAir,0.0,2026-09-18 23:19:32
176,2.78638,0.5785,22291,4628,22291,4628,0.0,0,0,CleanAir,0.0,2026-09-18 23:19:33
177,2.756,0.58213,22048,4657,22048,4657,0.0,0,0,CleanAir,0.0,2026-09-18 23:19:33
178,2.77613,0.5825,22209,4660,22209,4660,0.0,0,0,CleanAir,0.0,2026-09-18 23:19:33
179,2.746,0.58225,21968,4658,21968,4658,0.0,0,0,CleanAir,0.0,2026-09-18 23:19:34
180,2.767,0.58163,22136,4653,22136,4653,0.0,0,0,CleanAir,0.0,2026-09-18 23:19:34
181,2.7375,0.582,21900,4656,21900,4656,0.0,0,0,CleanAir,0.0,2026-09-18 23:19:34
182,2.75838,0.58188,22067,4655,22067,4655,0.0,0,0,CleanAir,0.0,2026-09-18 23:19:35
183,2.72738,0.57938,21819,4635,21819,4635,0.0,0,0,CleanAir,0.0,2026-09-18 23:19:35
184,2.751,0.57725,22008,4618,22008,4618,0.0,0,0,CleanAir,0.0,2026-09-18 23:19:35
185,2.7225,0.57888,21780,4631,21780,4631,0.0,0,0,CleanAir,0.0,2026-09-18 23:19:36
186,2.74388,0.57975,21951,4638,21951,4638,0.0,0,0,CleanAir,0.0,2026-09-18 23:19:36
187,2.72625,0.58188,21810,4655,21810,4655,0.0,0,0,CleanAir,0.0,2026-09-18 23:19:36
188,2.73625,0.58188,21890,4655,21890,4655,0.0,0,0,CleanAir,0.0,2026-09-18 23:19:37
189,2.72738,0.5815,21819,4652,21819,4652,0.0,0,0,CleanAir,0.0,2026-09-18 23:19:37
190,2.731,0.57938,21848,4635,21848,4635,0.0,0,0,CleanAir,0.0,2026-09-18 23:19:38
191,2.71238,0.5815,21699,4652,21699,4652,0.0,0,0,CleanAir,0.0,2026-09-18 23:19:38
192,2.72275,0.58163,21782,4653,21782,4653,0.0,0,0,CleanAir,0.0,2026-09-18 23:19:38
193,2.69513,0.58163,21561,4653,21561,4653,0.0,0,0,CleanAir,0.0,2026-09-18 23:19:39
194,2.71738,0.58138,21739,4651,21739,4651,0.0,0,0,CleanAir,0.0,2026-09-18 23:19:39
195,2.69113,0.581,21529,4648,21529,4648,0.0,0,0,CleanAir,0.0,2026-09-18 23:19:40
196,2.71325,0.58175,21706,4654,21706,4654,0.0,0,0,CleanAir,0.0,2026-09-18 23:19:40
197,2.68575,0.58225,21486,4658,21486,4658,0.0,0,0,CleanAir,0.0,2026-09-18 23:19:40
198,2.70825,0.58175,21666,4654,21666,4654,0.0,0,0,CleanAir,0.0,2026-09-18 23:19:41
199,2.68125,0.58213,21450,4657,21450,4657,0.0,0,0,CleanAir,0.0,2026-09-18 23:19:41
200,2.70413,0.581,21633,4648,21633,4648,0.0,0,0,CleanAir,0.0,2026-09-18 23:19:41
201,2.67675,0.58213,21414,4657,21414,4657,0.0,0,0,CleanAir,0.0,2026-09-18 23:19:42
202,2.69913,0.58163,21593,4653,21593,4653,0.0,0,0,CleanAir,0.0,2026-09-18 23:19:42
203,2.67363,0.58175,21389,4654,21389,4654,0.0,0,0,CleanAir,0.0,2026-09-18 23:19:42
204,2.69538,0.58163,21563,4653,21563,4653,0.0,0,0,CleanAir,0.0,2026-09-18 23:19:43
205,2.669,0.58213,21352,4657,21352,4657,0.0,0,0,CleanAir,0.0,2026-09-18 23:19:43
206,2.69163,0.58013,21533,4641,21533,4641,0.0,0,0,CleanAir,0.0,2026-09-18 23:19:43
207,2.68075,0.57738,21446,4619,21446,4619,0.0,0,0,CleanAir,0.0,2026-09-18 23:19:44
208,2.68825,0.58113,21506,4649,21506,4649,0.0,0,0,CleanAir,0.0,2026-09-18 23:19:44
209,2.66263,0.577,21301,4616,21301,4616,0.0,0,0,CleanAir,0.0,2026-09-18 23:19:45
210,2.68563,0.57825,21485,4626,21485,4626,0.0,0,0,CleanAir,0.0,2026-09-18 23:19:45
211,2.66038,0.57812,21283,4625,21283,4625,0.0,0,0,CleanAir,0.0,2026-09-18 23:19:45
212,2.68275,0.5785,21462,4628,21462,4628,0.0,0,0,CleanAir,0.0,2026-09-18 23:19:46
213,2.6575,0.5765,21260,4612,21260,4612,0.0,0,0,CleanAir,0.0,2026-09-18 23:19:46
214,2.68113,0.57763,21449,4621,21449,4621,0.0,0,0,CleanAir,0.0,2026-09-18 23:19:46
215,2.65488,0.5785,21239,4628,21239,4628,0.0,0,0,CleanAir,0.0,2026-09-18 23:19:47
216,2.67913,0.57812,21433,4625,21433,4625,0.0,0,0,CleanAir,0.0,2026-09-18 23:19:47
217,2.65325,0.57788,21226,4623,21226,4623,0.0,0,0,CleanAir,0.0,2026-09-18 23:19:48
218,2.6765,0.58175,21412,4654,21412,4654,0.0,0,0,CleanAir,0.0,2026-09-18 23:19:48
219,2.65075,0.58175,21206,4654,21206,4654,0.0,0,0,CleanAir,0.0,2026-09-18 23:19:48
220,2.6745,0.58188,21396,4655,21396,4655,0.0,0,0,CleanAir,0.0,2026-09-18 23:19:49
221,2.64975,0.58163,21198,4653,21198,4653,0.0,0,0,CleanAir,0.0,2026-09-18 23:19:49
222,2.673,0.58188,21384,4655,21384,4655,0.0,0,0,CleanAir,0.0,2026-09-18 23:19:49
223,2.65725,0.57675,21258,4614,21258,4614,0.0,0,0,CleanAir,0.0,2026-09-18 23:19:50
224,2.6705,0.57913,21364,4633,21364,4633,0.0,0,0,CleanAir,0.0,2026-09-18 23:19:50
225,2.66988,0.57825,21359,4626,21359,4626,0.0,0,0,CleanAir,0.0,2026-09-18 23:19:50
226,2.66438,0.5765,21315,4612,21315,4612,0.0,0,0,CleanAir,0.0,2026-09-18 23:19:51
227,2.645,0.57913,21160,4633,21160,4633,0.0,0,0,CleanAir,0.0,2026-09-18 23:19:51
228,2.66813,0.58225,21345,4658,21345,4658,0.0,0,0,CleanAir,0.0,2026-09-18 23:19:51
229,2.66675,0.58188,21334,4655,21334,4655,0.0,0,0,CleanAir,0.0,2026-09-18 23:19:52
230,2.66638,0.57763,21331,4621,21331,4621,0.0,0,0,CleanAir,0.0,2026-09-18 23:19:52
231,2.66513,0.57875,21321,4630,21321,4630,0.0,0,0,CleanAir,0.0,2026-09-18 23:19:53
232,2.66475,0.57663,21318,4613,21318,4613,0.0,0,0,CleanAir,0.0,2026-09-18 23:19:53
233,2.65663,0.57838,21253,4627,21253,4627,0.0,0,0,CleanAir,0.0,2026-09-18 23:19:53
234,2.64,0.579,21120,4632,21120,4632,0.0,0,0,CleanAir,0.0,2026-09-18 23:19:54
235,2.63988,0.582,21119,4656,21119,4656,0.0,0,0,CleanAir,0.0,2026-09-18 23:19:54
236,2.6615,0.5805,21292,4644,21292,4644,0.0,0,0,CleanAir,0.0,2026-09-18 23:19:54
237,2.637,0.58038,21096,4643,21096,4643,0.0,0,0,CleanAir,0.0,2026-09-18 23:19:55
238,2.6615,0.58125,21292,4650,21292,4650,0.0,0,0,CleanAir,0.0,2026-09-18 23:19:55
239,2.63525,0.5805,21082,4644,21082,4644,0.0,0,0,CleanAir,0.0,2026-09-18 23:19:55
240,2.66013,0.57775,21281,4622,21281,4622,0.0,0,0,CleanAir,0.0,2026-09-18 23:19:56
241,2.64188,0.58163,21135,4653,21135,4653,0.0,0,0,CleanAir,0.0,2026-09-18 23:19:56
242,2.65913,0.5775,21273,4620,21273,4620,0.0,0,0,CleanAir,0.0,2026-09-18 23:19:56
243,2.63575,0.578,21086,4624,21086,4624,0.0,0,0,CleanAir,0.0,2026-09-18 23:19:57
244,2.65838,0.57688,21267,4615,21267,4615,0.0,0,0,CleanAir,0.0,2026-09-18 23:19:57
245,2.63438,0.57875,21075,4630,21075,4630,0.0,0,0,CleanAir,0.0,2026-09-18 23:19:58
246,2.63375,0.5785,21070,4628,21070,4628,0.0,0,0,CleanAir,0.0,2026-09-18 23:19:58
247,2.63325,0.5785,21066,4628,21066,4628,0.0,0,0,CleanAir,0.0,2026-09-18 23:19:58
248,2.65675,0.5815,21254,4652,21254,4652,0.0,0,0,CleanAir,0.0,2026-09-18 23:19:59
249,2.6325,0.58063,21060,4645,21060,4645,0.0,0,0,CleanAir,0.0,2026-09-18 23:19:59
0,2.52313,0.58588,20185,4687,20185,4687,3.3,255,0,CleanAir,0.0,2026-09-18 23:19:59
1,2.52438,0.586,20195,4688,20195,4688,3.3,255,0,CleanAir,0.0,2026-09-18 23:20:00
2,2.563,0.5835,20504,4668,20504,4668,3.3,255,0,CleanAir,0.0,2026-09-18 23:20:00
3,2.6205,0.58125,20964,4650,20964,4650,3.3,255,0,CleanAir,0.0,2026-09-18 23:20:01
4,2.62663,0.582,21013,4656,21013,4656,3.3,255,0,CleanAir,0.0,2026-09-18 23:20:01
5,2.68113,0.58613,21449,4689,21449,4689,3.3,255,0,CleanAir,0.0,2026-09-18 23:20:01
6,2.68825,0.58588,21506,4687,21506,4687,3.3,255,0,CleanAir,0.0,2026-09-18 23:20:02
7,2.73588,0.58225,21887,4658,21887,4658,3.3,255,0,CleanAir,0.0,2026-09-18 23:20:02
8,2.76138,0.58588,22091,4687,22091,4687,3.3,255,0,CleanAir,0.0,2026-09-18 23:20:02
9,2.77563,0.58588,22205,4687,22205,4687,3.3,255,0,CleanAir,0.0,2026-09-18 23:20:03
10,2.80688,0.58413,22455,4673,22455,4673,3.3,255,0,CleanAir,0.0,2026-09-18 23:20:03
11,2.805,0.581,22440,4648,22440,4648,3.3,255,0,CleanAir,0.0,2026-09-18 23:20:03
12,2.84863,0.58138,22789,4651,22789,4651,3.3,255,0,CleanAir,0.0,2026-09-18 23:20:04
13,2.84188,0.58275,22735,4662,22735,4662,3.3,255,0,CleanAir,0.0,2026-09-18 23:20:04
14,2.88663,0.58188,23093,4655,23093,4655,3.3,255,0,CleanAir,0.0,2026-09-18 23:20:05
15,2.90188,0.5825,23215,4660,23215,4660,3.3,255,0,CleanAir,0.0,2026-09-18 23:20:05
16,2.92088,0.58225,23367,4658,23367,4658,3.3,255,0,CleanAir,0.0,2026-09-18 23:20:05
17,2.92163,0.58438,23373,4675,23373,4675,3.3,255,0,CleanAir,0.0,2026-09-18 23:20:06
18,2.9525,0.58338,23620,4667,23620,4667,3.3,255,0,CleanAir,0.0,2026-09-18 23:20:06
19,2.9395,0.58113,23516,4649,23516,4649,3.3,255,0,CleanAir,0.0,2026-09-18 23:20:06
20,2.95375,0.58288,23630,4663,23630,4663,3.3,255,0,CleanAir,0.0,2026-09-18 23:20:07
21,2.96588,0.5835,23727,4668,23727,4668,3.3,255,0,CleanAir,0.0,2026-09-18 23:20:07
22,3.00563,0.5835,24045,4668,24045,4668,3.3,255,0,CleanAir,0.0,2026-09-18 23:20:07
23,2.98975,0.58313,23918,4665,23918,4665,3.3,255,0,CleanAir,0.0,2026-09-18 23:20:08
24,3.02825,0.58463,24226,4677,24226,4677,3.3,255,0,CleanAir,0.0,2026-09-18 23:20:08
25,3.03988,0.58263,24319,4661,24319,4661,3.3,255,0,CleanAir,0.0,2026-09-18 23:20:09
26,3.04963,0.58375,24397,4670,24397,4670,3.3,255,0,CleanAir,0.0,2026-09-18 23:20:09
27,3.059,0.58637,24472,4691,24472,4691,3.3,255,0,CleanAir,0.0,2026-09-18 23:20:09
28,3.06725,0.58463,24538,4677,24538,4677,3.3,255,0,CleanAir,0.0,2026-09-18 23:20:10
29,3.06675,0.5825,24534,4660,24534,4660,3.3,255,0,CleanAir,0.0,2026-09-18 23:20:10
30,3.0845,0.58438,24676,4675,24676,4675,3.3,255,0,CleanAir,0.0,2026-09-18 23:20:10
31,3.09525,0.58175,24762,4654,24762,4654,3.3,255,0,CleanAir,0.0,2026-09-18 23:20:11
32,3.07375,0.58213,24590,4657,24590,4657,3.3,255,0,CleanAir,0.0,2026-09-18 23:20:11
33,3.1095,0.58213,24876,4657,24876,4657,3.3,255,0,CleanAir,0.0,2026-09-18 23:20:12
34,3.0875,0.583,24700,4664,24700,4664,3.3,255,0,CleanAir,0.0,2026-09-18 23:20:12
35,3.09363,0.58475,24749,4678,24749,4678,3.3,255,0,CleanAir,0.0,2026-09-18 23:20:12
36,3.12938,0.58538,25035,4683,25035,4683,3.3,255,0,CleanAir,0.0,2026-09-18 23:20:13
37,3.12525,0.58163,25002,4653,25002,4653,3.3,255,0,CleanAir,0.0,2026-09-18 23:20:13
38,3.14075,0.58288,25126,4663,25126,4663,3.3,255,0,CleanAir,0.0,2026-09-18 23:20:13
39,3.12875,0.58325,25030,4666,25030,4666,3.3,255,0,CleanAir,0.0,2026-09-18 23:20:14
40,3.1505,0.58625,25204,4690,25204,4690,3.3,255,0,CleanAir,0.0,2026-09-18 23:20:14
41,3.12613,0.58588,25009,4687,25009,4687,3.3,255,0,CleanAir,0.0,2026-09-18 23:20:14
42,3.1495,0.58338,25196,4667,25196,4667,3.3,255,0,CleanAir,0.0,2026-09-18 23:20:15
43,3.1345,0.582,25076,4656,25076,4656,3.3,255,0,CleanAir,0.0,2026-09-18 23:20:15
44,3.13775,0.58263,25102,4661,25102,4661,3.3,255,0,CleanAir,0.0,2026-09-18 23:20:16
45,3.144,0.584,25152,4672,25152,4672,3.3,255,0,CleanAir,0.0,2026-09-18 23:20:16
46,3.14575,0.58637,25166,4691,25166,4691,3.3,255,0,CleanAir,0.0,2026-09-18 23:20:16
47,3.16788,0.583,25343,4664,25343,4664,3.3,255,0,CleanAir,0.0,2026-09-18 23:20:17
48,3.18188,0.581,25455,4648,25455,4648,3.3,255,0,CleanAir,0.0,2026-09-18 23:20:17
49,3.18538,0.58288,25483,4663,25483,4663,3.3,255,0,CleanAir,0.0,2026-09-18 23:20:17
50,3.18863,0.585,25509,4680,25509,4680,3.3,255,0,CleanAir,0.0,2026-09-18 23:20:18
51,3.16888,0.58338,25351,4667,25351,4667,3.3,255,0,CleanAir,0.0,2026-09-18 23:20:18
52,3.19475,0.586,25558,4688,25558,4688,3.3,255,0,CleanAir,0.0,2026-09-18 23:20:18
53,3.16663,0.58675,25333,4694,25333,4694,3.3,255,0,CleanAir,0.0,2026-09-18 23:20:19
54,3.19963,0.58563,25597,4685,25597,4685,3.3,255,0,CleanAir,0.0,2026-09-18 23:20:19
55,3.17188,0.58375,25375,4670,25375,4670,3.3,255,0,CleanAir,0.0,2026-09-18 23:20:19
56,3.175,0.58238,25400,4659,25400,4659,3.3,255,0,CleanAir,0.0,2026-09-18 23:20:20
57,3.17725,0.58313,25418,4665,25418,4665,3.3,255,0,CleanAir,0.0,2026-09-18 23:20:20
58,3.20888,0.58325,25671,4666,25671,4666,3.3,255,0,CleanAir,0.0,2026-09-18 23:20:21
59,3.18188,0.58463,25455,4677,25455,4677,3.3,255,0,CleanAir,0.0,2026-09-18 23:20:21
60,3.21288,0.5825,25703,4660,25703,4660,3.3,255,0,CleanAir,0.0,2026-09-18 23:20:21
61,3.185,0.58325,25480,4666,25480,4666,3.3,255,0,CleanAir,0.0,2026-09-18 23:20:22
62,3.21588,0.58675,25727,4694,25727,4694,3.3,255,0,CleanAir,0.0,2026-09-18 23:20:22
63,3.21775,0.58563,25742,4685,25742,4685,3.3,255,0,CleanAir,0.0,2026-09-18 23:20:22
64,3.22,0.58675,25760,4694,25760,4694,3.3,255,0,CleanAir,0.0,2026-09-18 23:20:23
65,3.19175,0.58263,25534,4661,25534,4661,3.3,255,0,CleanAir,0.0,2026-09-18 23:20:23
66,3.22363,0.58288,25789,4663,25789,4663,3.3,255,0,CleanAir,0.0,2026-09-18 23:20:23
67,3.22188,0.58188,25775,4655,25775,4655,3.3,255,0,CleanAir,0.0,2026-09-18 23:20:24
68,3.22625,0.584,25810,4672,25810,4672,3.3,255,0,CleanAir,0.0,2026-09-18 23:20:24
69,3.2105,0.58413,25684,4673,25684,4673,3.3,255,0,CleanAir,0.0,2026-09-18 23:20:24
70,3.19825,0.587,25586,4696,25586,4696,3.3,255,0,CleanAir,0.0,2026-09-18 23:20:25
71,3.19888,0.58538,25591,4683,25591,4683,3.3,255,0,CleanAir,0.0,2026-09-18 23:20:25
72,3.23063,0.58338,25845,4667,25845,4667,3.3,255,0,CleanAir,0.0,2026-09-18 23:20:26
73,3.20188,0.58163,25615,4653,25615,4653,3.3,255,0,CleanAir,0.0,2026-09-18 23:20:26
74,3.233,0.5815,25864,4652,25864,4652,3.3,255,0,CleanAir,0.0,2026-09-18 23:20:26
75,3.20425,0.58138,25634,4651,25634,4651,3.3,255,0,CleanAir,0.0,2026-09-18 23:20:27
76,3.23513,0.5835,25881,4668,25881,4668,3.3,255,0,CleanAir,0.0,2026-09-18 23:20:27
77,3.22088,0.58588,25767,4687,25767,4687,3.3,255,0,CleanAir,0.0,2026-09-18 23:20:28
78,3.20688,0.58525,25655,4682,25655,4682,3.3,255,0,CleanAir,0.0,2026-09-18 23:20:28
79,3.23725,0.583,25898,4664,25898,4664,3.3,255,0,CleanAir,0.0,2026-09-18 23:20:28
80,3.2085,0.58213,25668,4657,25668,4657,3.3,255,0,CleanAir,0.0,2026-09-18 23:20:29
81,3.23888,0.58275,25911,4662,25911,4662,3.3,255,0,CleanAir,0.0,2026-09-18 23:20:29
82,3.20913,0.58163,25673,4653,25673,4653,3.3,255,0,CleanAir,0.0,2026-09-18 23:20:29
83,3.20963,0.5825,25677,4660,25677,4660,3.3,255,0,CleanAir,0.0,2026-09-18 23:20:30
84,3.21125,0.58325,25690,4666,25690,4666,3.3,255,0,CleanAir,0.0,2026-09-18 23:20:30
85,3.212,0.58275,25696,4662,25696,4662,3.3,255,0,CleanAir,0.0,2026-09-18 23:20:30
86,3.21238,0.58637,25699,4691,25699,4691,3.3,255,0,CleanAir,0.0,2026-09-18 23:20:31
87,3.2135,0.58575,25708,4686,25708,4686,3.3,255,0,CleanAir,0.0,2026-09-18 23:20:31
88,3.24338,0.58538,25947,4683,25947,4683,3.3,255,0,CleanAir,0.0,2026-09-18 23:20:32
89,3.21375,0.58275,25710,4662,25710,4662,3.3,255,0,CleanAir,0.0,2026-09-18 23:20:32
90,3.24475,0.5865,25958,4692,25958,4692,3.3,255,0,CleanAir,0.0,2026-09-18 23:20:32
91,3.23413,0.58637,25873,4691,25873,4691,3.3,255,0,CleanAir,0.0,2026-09-18 23:20:33
92,3.2455,0.583,25964,4664,25964,4664,3.3,255,0,CleanAir,0.0,2026-09-18 23:20:33
93,3.21613,0.58625,25729,4690,25729,4690,3.3,255,0,CleanAir,0.0,2026-09-18 23:20:33
94,3.24663,0.5845,25973,4676,25973,4676,3.3,255,0,CleanAir,0.0,2026-09-18 23:20:34
95,3.21725,0.58525,25738,4682,25738,4682,3.3,255,0,CleanAir,0.0,2026-09-18 23:20:34
96,3.24775,0.586,25982,4688,25982,4688,3.3,255,0,CleanAir,0.0,2026-09-18 23:20:35
97,3.21663,0.58637,25733,4691,25733,4691,3.3,255,0,CleanAir,0.0,2026-09-18 23:20:35
98,3.24825,0.58613,25986,4689,25986,4689,3.3,255,0,CleanAir,0.0,2026-09-18 23:20:35
99,3.2485,0.58313,25988,4665,25988,4665,3.3,255,0,CleanAir,0.0,2026-09-18 23:20:36
100,3.21913,0.58338,25753,4667,25753,4667,3.3,255,0,CleanAir,0.0,2026-09-18 23:20:36
101,3.21888,0.5865,25751,4692,25751,4692,3.3,255,0,CleanAir,0.0,2026-09-18 23:20:36
102,3.2195,0.58425,25756,4674,25756,4674,3.3,255,0,CleanAir,0.0,2026-09-18 23:20:37
103,3.25,0.58363,26000,4669,26000,4669,3.3,255,0,CleanAir,0.0,2026-09-18 23:20:37
104,3.22025,0.58213,25762,4657,25762,4657,3.3,255,0,CleanAir,0.0,2026-09-18 23:20:37
105,3.25075,0.58238,26006,4659,26006,4659,3.3,255,0,CleanAir,0.0,2026-09-18 23:20:38
106,3.22138,0.58425,25771,4674,25771,4674,3.3,255,0,CleanAir,0.0,2026-09-18 23:20:38
107,3.2505,0.58663,26004,4693,26004,4693,3.3,255,0,CleanAir,0.0,2026-09-18 23:20:39
108,3.23,0.58575,25840,4686,25840,4686,3.3,255,0,CleanAir,0.0,2026-09-18 23:20:39
109,3.25113,0.58225,26009,4658,26009,4658,3.3,255,0,CleanAir,0.0,2026-09-18 23:20:39
110,3.249,0.58138,25992,4651,25992,4651,3.3,255,0,CleanAir,0.0,2026-09-18 23:20:40
111,3.25263,0.58313,26021,4665,26021,4665,3.3,255,0,CleanAir,0.0,2026-09-18 23:20:40
112,3.25288,0.58625,26023,4690,26023,4690,3.3,255,0,CleanAir,0.0,2026-09-18 23:20:40
113,3.22225,0.58613,25778,4689,25778,4689,3.3,255,0,CleanAir,0.0,2026-09-18 23:20:41
114,3.25188,0.58625,26015,4690,26015,4690,3.3,255,0,CleanAir,0.0,2026-09-18 23:20:41
115,3.25225,0.58688,26018,4695,26018,4695,3.3,255,0,CleanAir,0.0,2026-09-18 23:20:41
116,3.25163,0.58388,26013,4671,26013,4671,3.3,255,0,CleanAir,0.0,2026-09-18 23:20:42
117,3.25238,0.58175,26019,4654,26019,4654,3.3,255,0,CleanAir,0.0,2026-09-18 23:20:42
118,3.22263,0.58288,25781,4663,25781,4663,3.3,255,0,CleanAir,0.0,2026-09-18 23:20:42
119,3.244,0.58513,25952,4681,25952,4681,3.3,255,0,CleanAir,0.0,2026-09-18 23:20:43
120,3.25275,0.58513,26022,4681,26022,4681,3.3,255,0,CleanAir,0.0,2026-09-18 23:20:43
121,3.23725,0.5865,25898,4692,25898,4692,3.3,255,0,CleanAir,0.0,2026-09-18 23:20:44
122,3.25263,0.58413,26021,4673,26021,4673,3.3,255,0,CleanAir,0.0,2026-09-18 23:20:44
123,3.2505,0.5865,26004,4692,26004,4692,3.3,255,0,CleanAir,0.0,2026-09-18 23:20:44
124,3.25288,0.58613,26023,4689,26023,4689,3.3,255,0,CleanAir,0.0,2026-09-18 23:20:45
125,3.4535,0.58125,27628,4650,27628,4650,0.0,0,0,CleanAir,0.0,2026-09-18 23:20:45
126,3.4105,0.58238,27284,4659,27284,4659,0.0,0,0,CleanAir,0.0,2026-09-18 23:20:45
127,3.3865,0.58138,27092,4651,27092,4651,0.0,0,0,CleanAir,0.0,2026-09-18 23:20:46
128,3.36363,0.5775,26909,4620,26909,4620,0.0,0,0,CleanAir,0.0,2026-09-18 23:20:46
129,3.37013,0.58225,26961,4658,26961,4658,0.0,0,0,CleanAir,0.0,2026-09-18 23:20:46
130,3.31738,0.58213,26539,4657,26539,4657,0.0,0,0,CleanAir,0.0,2026-09-18 23:20:47
131,3.3255,0.57938,26604,4635,26604,4635,0.0,0,0,CleanAir,0.0,2026-09-18 23:20:47
132,3.27413,0.57938,26193,4635,26193,4635,0.0,0,0,CleanAir,0.0,2026-09-18 23:20:48
133,3.28338,0.578,26267,4624,26267,4624,0.0,0,0,CleanAir,0.0,2026-09-18 23:20:48
134,3.234,0.57888,25872,4631,25872,4631,0.0,0,0,CleanAir,0.0,2026-09-18 23:20:48
135,3.2435,0.58175,25948,4654,25948,4654,0.0,0,0,CleanAir,0.0,2026-09-18 23:20:49
136,3.21963,0.58213,25757,4657,25757,4657,0.0,0,0,CleanAir,0.0,2026-09-18 23:20:49
137,3.20513,0.58125,25641,4650,25641,4650,0.0,0,0,CleanAir,0.0,2026-09-18 23:20:49
138,3.17025,0.58025,25362,4642,25362,4642,0.0,0,0,CleanAir,0.0,2026-09-18 23:20:50
139,3.14125,0.57675,25130,4614,25130,4614,0.0,0,0,CleanAir,0.0,2026-09-18 23:20:50
140,3.1255,0.578,25004,4624,25004,4624,0.0,0,0,CleanAir,0.0,2026-09-18 23:20:50
141,3.137,0.577,25096,4616,25096,4616,0.0,0,0,CleanAir,0.0,2026-09-18 23:20:51
142,3.09363,0.57812,24749,4625,24749,4625,0.0,0,0,CleanAir,0.0,2026-09-18 23:20:51
143,3.10688,0.57863,24855,4629,24855,4629,0.0,0,0,CleanAir,0.0,2026-09-18 23:20:51
144,3.08938,0.58013,24715,4641,24715,4641,0.0,0,0,CleanAir,0.0,2026-09-18 23:20:52
145,3.0765,0.57713,24612,4617,24612,4617,0.0,0,0,CleanAir,0.0,2026-09-18 23:20:52
146,3.05688,0.57838,24455,4627,24455,4627,0.0,0,0,CleanAir,0.0,2026-09-18 23:20:53
147,3.01513,0.58175,24121,4654,24121,4654,0.0,0,0,CleanAir,0.0,2026-09-18 23:20:53
148,3.03038,0.57688,24243,4615,24243,4615,0.0,0,0,CleanAir,0.0,2026-09-18 23:20:53
149,2.99025,0.57725,23922,4618,23922,4618,0.0,0,0,CleanAir,0.0,2026-09-18 23:20:54
150,3.00538,0.57725,24043,4618,24043,4618,0.0,0,0,CleanAir,0.0,2026-09-18 23:20:54
151,2.97325,0.57925,23786,4634,23786,4634,0.0,0,0,CleanAir,0.0,2026-09-18 23:20:55
152,2.98125,0.58213,23850,4657,23850,4657,0.0,0,0,CleanAir,0.0,2026-09-18 23:20:55
153,2.95475,0.58175,23638,4654,23638,4654,0.0,0,0,CleanAir,0.0,2026-09-18 23:20:55
154,2.9325,0.58188,23460,4655,23460,4655,0.0,0,0,CleanAir,0.0,2026-09-18 23:20:56
155,2.93413,0.58138,23473,4651,23473,4651,0.0,0,0,CleanAir,0.0,2026-09-18 23:20:56
156,2.939,0.57838,23512,4627,23512,4627,0.0,0,0,CleanAir,0.0,2026-09-18 23:20:56
157,2.92938,0.58188,23435,4655,23435,4655,0.0,0,0,CleanAir,0.0,2026-09-18 23:20:57
158,2.91988,0.57788,23359,4623,23359,4623,0.0,0,0,CleanAir,0.0,2026-09-18 23:20:57
159,2.91025,0.57775,23282,4622,23282,4622,0.0,0,0,CleanAir,0.0,2026-09-18 23:20:57
160,2.902,0.5785,23216,4628,23216,4628,0.0,0,0,CleanAir,0.0,2026-09-18 23:20:58
161,2.86688,0.58213,22935,4657,22935,4657,0.0,0,0,CleanAir,0.0,2026-09-18 23:20:58
162,2.8845,0.5815,23076,4652,23076,4652,0.0,0,0,CleanAir,0.0,2026-09-18 23:20:58
163,2.87338,0.58138,22987,4651,22987,4651,0.0,0,0,CleanAir,0.0,2026-09-18 23:20:59
164,2.86825,0.5775,22946,4620,22946,4620,0.0,0,0,CleanAir,0.0,2026-09-18 23:20:59
165,2.85263,0.57838,22821,4627,22821,4627,0.0,0,0,CleanAir,0.0,2026-09-18 23:21:00
166,2.82025,0.5785,22562,4628,22562,4628,0.0,0,0,CleanAir,0.0,2026-09-18 23:21:00
167,2.837,0.57863,22696,4629,22696,4629,0.0,0,0,CleanAir,0.0,2026-09-18 23:21:01
168,2.82925,0.58175,22634,4654,22634,4654,0.0,0,0,CleanAir,0.0,2026-09-18 23:21:01
169,2.8205,0.5775,22564,4620,22564,4620,0.0,0,0,CleanAir,0.0,2026-09-18 23:21:02
170,2.7885,0.57725,22308,4618,22308,4618,0.0,0,0,CleanAir,0.0,2026-09-18 23:21:02
171,2.8085,0.57775,22468,4622,22468,4622,0.0,0,0,CleanAir,0.0,2026-09-18 23:21:02
172,2.8025,0.57975,22420,4638,22420,4638,0.0,0,0,CleanAir,0.0,2026-09-18 23:21:03
173,2.79713,0.581,22377,4648,22377,4648,0.0,0,0,CleanAir,0.0,2026-09-18 23:21:03
174,2.78488,0.5825,22279,4660,22279,4660,0.0,0,0,CleanAir,0.0,2026-09-18 23:21:04
175,2.76138,0.5795,22091,4636,22091,4636,0.0,0,0,CleanAir,0.0,2026-09-18 23:21:04
176,2.766,0.58088,22128,4647,22128,4647,0.0,0,0,CleanAir,0.0,2026-09-18 23:21:04
177,2.77675,0.5785,22214,4628,22214,4628,0.0,0,0,CleanAir,0.0,2026-09-18 23:21:05
178,2.75788,0.5795,22063,4636,22063,4636,0.0,0,0,CleanAir,0.0,2026-09-18 23:21:05
179,2.7685,0.57725,22148,4618,22148,4618,0.0,0,0,CleanAir,0.0,2026-09-18 23:21:05
180,2.75038,0.5785,22003,4628,22003,4628,0.0,0,0,CleanAir,0.0,2026-09-18 23:21:06
181,2.76025,0.57812,22082,4625,22082,4625,0.0,0,0,CleanAir,0.0,2026-09-18 23:21:06
182,2.73438,0.57675,21875,4614,21875,4614,0.0,0,0,CleanAir,0.0,2026-09-18 23:21:06
183,2.752,0.57812,22016,4625,22016,4625,0.0,0,0,CleanAir,0.0,2026-09-18 23:21:07
184,2.7235,0.5795,21788,4636,21788,4636,0.0,0,0,CleanAir,0.0,2026-09-18 23:21:07
185,2.744,0.58175,21952,4654,21952,4654,0.0,0,0,CleanAir,0.0,2026-09-18 23:21:07
186,2.738,0.57838,21904,4627,21904,4627,0.0,0,0,CleanAir,0.0,2026-09-18 23:21:08
187,2.73788,0.58188,21903,4655,21903,4655,0.0,0,0,CleanAir,0.0,2026-09-18 23:21:08
188,2.73425,0.5805,21874,4644,21874,4644,0.0,0,0,CleanAir,0.0,2026-09-18 23:21:09
189,2.73138,0.57875,21851,4630,21851,4630,0.0,0,0,CleanAir,0.0,2026-09-18 23:21:09
190,2.72938,0.579,21835,4632,21835,4632,0.0,0,0,CleanAir,0.0,2026-09-18 23:21:09
191,2.727,0.578,21816,4624,21816,4624,0.0,0,0,CleanAir,0.0,2026-09-18 23:21:10
192,2.709,0.57875,21672,4630,21672,4630,0.0,0,0,CleanAir,0.0,2026-09-18 23:21:10
193,2.72125,0.58088,21770,4647,21770,4647,0.0,0,0,CleanAir,0.0,2026-09-18 23:21:10
194,2.71788,0.58138,21743,4651,21743,4651,0.0,0,0,CleanAir,0.0,2026-09-18 23:21:11
195,2.71575,0.58175,21726,4654,21726,4654,0.0,0,0,CleanAir,0.0,2026-09-18 23:21:11
196,2.68875,0.582,21510,4656,21510,4656,0.0,0,0,CleanAir,0.0,2026-09-18 23:21:11
197,2.71125,0.58113,21690,4649,21690,4649,0.0,0,0,CleanAir,0.0,2026-09-18 23:21:12
198,2.70838,0.58013,21667,4641,21667,4641,0.0,0,0,CleanAir,0.0,2026-09-18 23:21:12
199,2.69063,0.57788,21525,4623,21525,4623,0.0,0,0,CleanAir,0.0,2026-09-18 23:21:13
200,2.70538,0.5795,21643,4636,21643,4636,0.0,0,0,CleanAir,0.0,2026-09-18 23:21:13
201,2.6775,0.58163,21420,4653,21420,4653,0.0,0,0,CleanAir,0.0,2026-09-18 23:21:13
202,2.7005,0.58138,21604,4651,21604,4651,0.0,0,0,CleanAir,0.0,2026-09-18 23:21:14
203,2.67438,0.58175,21395,4654,21395,4654,0.0,0,0,CleanAir,0.0,2026-09-18 23:21:14
204,2.69775,0.5775,21582,4620,21582,4620,0.0,0,0,CleanAir,0.0,2026-09-18 23:21:14
205,2.68488,0.58213,21479,4657,21479,4657,0.0,0,0,CleanAir,0.0,2026-09-18 23:21:15
206,2.69413,0.578,21553,4624,21553,4624,0.0,0,0,CleanAir,0.0,2026-09-18 23:21:15
207,2.69325,0.5785,21546,4628,21546,4628,0.0,0,0,CleanAir,0.0,2026-09-18 23:21:16
208,2.68825,0.58163,21506,4653,21506,4653,0.0,0,0,CleanAir,0.0,2026-09-18 23:21:16
209,2.68888,0.57975,21511,4638,21511,4638,0.0,0,0,CleanAir,0.0,2026-09-18 23:21:16
210,2.664,0.58188,21312,4655,21312,4655,0.0,0,0,CleanAir,0.0,2026-09-18 23:21:17
211,2.68563,0.58163,21485,4653,21485,4653,0.0,0,0,CleanAir,0.0,2026-09-18 23:21:17
212,2.66025,0.581,21282,4648,21282,4648,0.0,0,0,CleanAir,0.0,2026-09-18 23:21:17
213,2.68375,0.57763,21470,4621,21470,4621,0.0,0,0,CleanAir,0.0,2026-09-18 23:21:18
214,2.682,0.5785,21456,4628,21456,4628,0.0,0,0,CleanAir,0.0,2026-09-18 23:21:18
215,2.65625,0.58,21250,4640,21250,4640,0.0,0,0,CleanAir,0.0,2026-09-18 23:21:19
216,2.67863,0.58038,21429,4643,21429,4643,0.0,0,0,CleanAir,0.0,2026-09-18 23:21:19
217,2.67838,0.57675,21427,4614,21427,4614,0.0,0,0,CleanAir,0.0,2026-09-18 23:21:20
218,2.67763,0.57788,21421,4623,21421,4623,0.0,0,0,CleanAir,0.0,2026-09-18 23:21:20
219,2.67563,0.58013,21405,4641,21405,4641,0.0,0,0,CleanAir,0.0,2026-09-18 23:21:20
220,2.65013,0.57925,21201,4634,21201,4634,0.0,0,0,CleanAir,0.0,2026-09-18 23:21:21
221,2.64975,0.57713,21198,4617,21198,4617,0.0,0,0,CleanAir,0.0,2026-09-18 23:21:21
222,2.64838,0.57675,21187,4614,21187,4614,0.0,0,0,CleanAir,0.0,2026-09-18 23:21:21
223,2.67313,0.57688,21385,4615,21385,4615,0.0,0,0,CleanAir,0.0,2026-09-18 23:21:22
224,2.648,0.58063,21184,4645,21184,4645,0.0,0,0,CleanAir,0.0,2026-09-18 23:21:22
225,2.67025,0.58088,21362,4647,21362,4647,0.0,0,0,CleanAir,0.0,2026-09-18 23:21:23
226,2.66888,0.57738,21351,4619,21351,4619,0.0,0,0,CleanAir,0.0,2026-09-18 23:21:23
227,2.669,0.57863,21352,4629,21352,4629,0.0,0,0,CleanAir,0.0,2026-09-18 23:21:23
228,2.66525,0.5785,21322,4628,21322,4628,0.0,0,0,CleanAir,0.0,2026-09-18 23:21:24
229,2.6675,0.5785,21340,4628,21340,4628,0.0,0,0,CleanAir,0.0,2026-09-18 23:21:24
230,2.65113,0.57788,21209,4623,21209,4623,0.0,0,0,CleanAir,0.0,2026-09-18 23:21:25
231,2.667,0.57825,21336,4626,21336,4626,0.0,0,0,CleanAir,0.0,2026-09-18 23:21:25
232,2.66525,0.57812,21322,4625,21322,4625,0.0,0,0,CleanAir,0.0,2026-09-18 23:21:26
233,2.66413,0.58063,21313,4645,21313,4645,0.0,0,0,CleanAir,0.0,2026-09-18 23:21:26
234,2.66388,0.58213,21311,4657,21311,4657,0.0,0,0,CleanAir,0.0,2026-09-18 23:21:27
235,2.63988,0.57838,21119,4627,21119,4627,0.0,0,0,CleanAir,0.0,2026-09-18 23:21:27
236,2.66363,0.58013,21309,4641,21309,4641,0.0,0,0,CleanAir,0.0,2026-09-18 23:21:27
237,2.66288,0.58188,21303,4655,21303,4655,0.0,0,0,CleanAir,0.0,2026-09-18 23:21:28
238,2.64575,0.5795,21166,4636,21166,4636,0.0,0,0,CleanAir,0.0,2026-09-18 23:21:28
239,2.63638,0.57988,21091,4639,21091,4639,0.0,0,0,CleanAir,0.0,2026-09-18 23:21:29
240,2.63663,0.57675,21093,4614,21093,4614,0.0,0,0,CleanAir,0.0,2026-09-18 23:21:29
241,2.63613,0.57875,21089,4630,21089,4630,0.0,0,0,CleanAir,0.0,2026-09-18 23:21:30
242,2.66113,0.5785,21289,4628,21289,4628,0.0,0,0,CleanAir,0.0,2026-09-18 23:21:30
243,2.63575,0.579,21086,4632,21086,4632,0.0,0,0,CleanAir,0.0,2026-09-18 23:21:31
244,2.659,0.58163,21272,4653,21272,4653,0.0,0,0,CleanAir,0.0,2026-09-18 23:21:31
245,2.63363,0.57863,21069,4629,21069,4629,0.0,0,0,CleanAir,0.0,2026-09-18 23:21:31
246,2.63388,0.57975,21071,4638,21071,4638,0.0,0,0,CleanAir,0.0,2026-09-18 23:21:32
247,2.659,0.57775,21272,4622,21272,4622,0.0,0,0,CleanAir,0.0,2026-09-18 23:21:32
248,2.65788,0.57713,21263,4617,21263,4617,0.0,0,0,CleanAir,0.0,2026-09-18 23:21:33
249,2.657,0.58,21256,4640,21256,4640,0.0,0,0,CleanAir,0.0,2026-09-18 23:21:33
0,2.52375,0.58138,20190,4651,20190,4651,3.3,255,0,CleanAir,0.0,2026-09-18 23:21:33
1,2.52588,0.58138,20207,4651,20207,4651,3.3,255,0,CleanAir,0.0,2026-09-18 23:21:34
2,2.5855,0.58125,20684,4650,20684,4650,3.3,255,0,CleanAir,0.0,2026-09-18 23:21:34
3,2.61888,0.58513,20951,4681,20951,4681,3.3,255,0,CleanAir,0.0,2026-09-18 23:21:35
4,2.64963,0.58263,21197,4661,21197,4661,3.3,255,0,CleanAir,0.0,2026-09-18 23:21:35
5,2.65588,0.583,21247,4664,21247,4664,3.3,255,0,CleanAir,0.0,2026-09-18 23:21:35
6,2.70725,0.58613,21658,4689,21658,4689,3.3,255,0,CleanAir,0.0,2026-09-18 23:21:36
7,2.71225,0.58613,21698,4689,21698,4689,3.3,255,0,CleanAir,0.0,2026-09-18 23:21:36
8,2.76625,0.58613,22130,4689,22130,4689,3.3,255,0,CleanAir,0.0,2026-09-18 23:21:36
9,2.79975,0.58588,22398,4687,22398,4687,3.3,255,0,CleanAir,0.0,2026-09-18 23:21:37
10,2.79563,0.58475,22365,4678,22365,4678,3.3,255,0,CleanAir,0.0,2026-09-18 23:21:37
11,2.84325,0.58113,22746,4649,22746,4649,3.3,255,0,CleanAir,0.0,2026-09-18 23:21:38
12,2.8365,0.5825,22692,4660,22692,4660,3.3,255,0,CleanAir,0.0,2026-09-18 23:21:38
13,2.88213,0.58275,23057,4662,23057,4662,3.3,255,0,CleanAir,0.0,2026-09-18 23:21:38
14,2.873,0.58338,22984,4667,22984,4667,3.3,255,0,CleanAir,0.0,2026-09-18 23:21:39
15,2.89338,0.58313,23147,4665,23147,4665,3.3,255,0,CleanAir,0.0,2026-09-18 23:21:39
16,2.9335,0.58325,23468,4666,23468,4666,3.3,255,0,CleanAir,0.0,2026-09-18 23:21:39
17,2.93463,0.58575,23477,4686,23477,4686,3.3,255,0,CleanAir,0.0,2026-09-18 23:21:40
18,2.96525,0.5835,23722,4668,23722,4668,3.3,255,0,CleanAir,0.0,2026-09-18 23:21:40
19,2.96175,0.58613,23694,4689,23694,4689,3.3,255,0,CleanAir,0.0,2026-09-18 23:21:41
20,2.99225,0.58388,23938,4671,23938,4671,3.3,255,0,CleanAir,0.0,2026-09-18 23:21:41
21,2.991,0.586,23928,4688,23928,4688,3.3,255,0,CleanAir,0.0,2026-09-18 23:21:41
22,3.00663,0.58488,24053,4679,24053,4679,3.3,255,0,CleanAir,0.0,2026-09-18 23:21:42
23,3.03313,0.5815,24265,4652,24265,4652,3.3,255,0,CleanAir,0.0,2026-09-18 23:21:42
24,3.01525,0.58188,24122,4655,24122,4655,3.3,255,0,CleanAir,0.0,2026-09-18 23:21:43
25,3.0245,0.58313,24196,4665,24196,4665,3.3,255,0,CleanAir,0.0,2026-09-18 23:21:43
26,3.03475,0.58313,24278,4665,24278,4665,3.3,255,0,CleanAir,0.0,2026-09-18 23:21:43
27,3.0435,0.58313,24348,4665,24348,4665,3.3,255,0,CleanAir,0.0,2026-09-18 23:21:44
28,3.05138,0.58625,24411,4690,24411,4690,3.3,255,0,CleanAir,0.0,2026-09-18 23:21:44
29,3.08825,0.58525,24706,4682,24706,4682,3.3,255,0,CleanAir,0.0,2026-09-18 23:21:44
30,3.06775,0.5815,24542,4652,24542,4652,3.3,255,0,CleanAir,0.0,2026-09-18 23:21:45
31,3.10338,0.582,24827,4656,24827,4656,3.3,255,0,CleanAir,0.0,2026-09-18 23:21:45
32,3.08138,0.58075,24651,4646,24651,4646,3.3,255,0,CleanAir,0.0,2026-09-18 23:21:45
33,3.11713,0.58275,24937,4662,24937,4662,3.3,255,0,CleanAir,0.0,2026-09-18 23:21:46
34,3.10513,0.582,24841,4656,24841,4656,3.3,255,0,CleanAir,0.0,2026-09-18 23:21:46
35,3.13025,0.58325,25042,4666,25042,4666,3.3,255,0,CleanAir,0.0,2026-09-18 23:21:46
36,3.13775,0.58637,25102,4691,25102,4691,3.3,255,0,CleanAir,0.0,2026-09-18 23:21:47
37,3.13975,0.58188,25118,4655,25118,4655,3.3,255,0,CleanAir,0.0,2026-09-18 23:21:47
38,3.152,0.58388,25216,4671,25216,4671,3.3,255,0,CleanAir,0.0,2026-09-18 23:21:48
39,3.14888,0.58325,25191,4666,25191,4666,3.3,255,0,CleanAir,0.0,2026-09-18 23:21:48
40,3.13263,0.58325,25061,4666,25061,4666,3.3,255,0,CleanAir,0.0,2026-09-18 23:21:49
41,3.16363,0.586,25309,4688,25309,4688,3.3,255,0,CleanAir,0.0,2026-09-18 23:21:49
42,3.14125,0.58263,25130,4661,25130,4661,3.3,255,0,CleanAir,0.0,2026-09-18 23:21:49
43,3.15313,0.58313,25225,4665,25225,4665,3.3,255,0,CleanAir,0.0,2026-09-18 23:21:50
44,3.17863,0.58625,25429,4690,25429,4690,3.3,255,0,CleanAir,0.0,2026-09-18 23:21:50
45,3.18175,0.5855,25454,4684,25454,4684,3.3,255,0,CleanAir,0.0,2026-09-18 23:21:51
46,3.18663,0.585,25493,4680,25493,4680,3.3,255,0,CleanAir,0.0,2026-09-18 23:21:51
47,3.15963,0.583,25277,4664,25277,4664,3.3,255,0,CleanAir,0.0,2026-09-18 23:21:51
48,3.16388,0.58325,25311,4666,25311,4666,3.3,255,0,CleanAir,0.0,2026-09-18 23:21:52
49,3.16738,0.58263,25339,4661,25339,4661,3.3,255,0,CleanAir,0.0,2026-09-18 23:21:52
50,3.19838,0.58113,25587,4649,25587,4649,3.3,255,0,CleanAir,0.0,2026-09-18 23:21:53
51,3.17263,0.58213,25381,4657,25381,4657,3.3,255,0,CleanAir,0.0,2026-09-18 23:21:53
52,3.20375,0.58325,25630,4666,25630,4666,3.3,255,0,CleanAir,0.0,2026-09-18 23:21:53
53,3.2065,0.58288,25652,4663,25652,4663,3.3,255,0,CleanAir,0.0,2026-09-18 23:21:54
54,3.21188,0.58163,25695,4653,25695,4653,3.3,255,0,CleanAir,0.0,2026-09-18 23:21:54
55,3.215,0.58213,25720,4657,25720,4657,3.3,255,0,CleanAir,0.0,2026-09-18 23:21:55
56,3.1875,0.58275,25500,4662,25500,4662,3.3,255,0,CleanAir,0.0,2026-09-18 23:21:55
57,3.22013,0.58275,25761,4662,25761,4662,3.3,255,0,CleanAir,0.0,2026-09-18 23:21:56
58,3.19125,0.5835,25530,4668,25530,4668,3.3,255,0,CleanAir,0.0,2026-09-18 23:21:56
59,3.22263,0.5835,25781,4668,25781,4668,3.3,255,0,CleanAir,0.0,2026-09-18 23:21:56
60,3.19438,0.58688,25555,4695,25555,4695,3.3,255,0,CleanAir,0.0,2026-09-18 23:21:57
61,3.2255,0.58637,25804,4691,25804,4691,3.3,255,0,CleanAir,0.0,2026-09-18 23:21:57
62,3.22775,0.58375,25822,4670,25822,4670,3.3,255,0,CleanAir,0.0,2026-09-18 23:21:58
63,3.19925,0.584,25594,4672,25594,4672,3.3,255,0,CleanAir,0.0,2026-09-18 23:21:58
64,3.2255,0.586,25804,4688,25804,4688,3.3,255,0,CleanAir,0.0,2026-09-18 23:21:58
65,3.23175,0.58175,25854,4654,25854,4654,3.3,255,0,CleanAir,0.0,2026-09-18 23:21:59
66,3.20488,0.58263,25639,4661,25639,4661,3.3,255,0,CleanAir,0.0,2026-09-18 23:21:59
67,3.23513,0.58375,25881,4670,25881,4670,3.3,255,0,CleanAir,0.0,2026-09-18 23:22:00
68,3.2145,0.58637,25716,4691,25716,4691,3.3,255,0,CleanAir,0.0,2026-09-18 23:22:00
69,3.237,0.58513,25896,4681,25896,4681,3.3,255,0,CleanAir,0.0,2026-09-18 23:22:00
70,3.20838,0.58475,25667,4678,25667,4678,3.3,255,0,CleanAir,0.0,2026-09-18 23:22:01
71,3.23913,0.584,25913,4672,25913,4672,3.3,255,0,CleanAir,0.0,2026-09-18 23:22:01
72,3.20863,0.58238,25669,4659,25669,4659,3.3,255,0,CleanAir,0.0,2026-09-18 23:22:01
73,3.21888,0.58663,25751,4693,25751,4693,3.3,255,0,CleanAir,0.0,2026-09-18 23:22:02
74,3.211,0.585,25688,4680,25688,4680,3.3,255,0,CleanAir,0.0,2026-09-18 23:22:02
75,3.21175,0.58613,25694,4689,25694,4689,3.3,255,0,CleanAir,0.0,2026-09-18 23:22:03
76,3.24213,0.58613,25937,4689,25937,4689,3.3,255,0,CleanAir,0.0,2026-09-18 23:22:03
77,3.21238,0.5855,25699,4684,25699,4684,3.3,255,0,CleanAir,0.0,2026-09-18 23:22:03
78,3.24338,0.58338,25947,4667,25947,4667,3.3,255,0,CleanAir,0.0,2026-09-18 23:22:04
79,3.214,0.58238,25712,4659,25712,4659,3.3,255,0,CleanAir,0.0,2026-09-18 23:22:04
80,3.24575,0.58325,25966,4666,25966,4666,3.3,255,0,CleanAir,0.0,2026-09-18 23:22:04
81,3.21613,0.58625,25729,4690,25729,4690,3.3,255,0,CleanAir,0.0,2026-09-18 23:22:05
82,3.24575,0.58463,25966,4677,25966,4677,3.3,255,0,CleanAir,0.0,2026-09-18 23:22:05
83,3.21638,0.58675,25731,4694,25731,4694,3.3,255,0,CleanAir,0.0,2026-09-18 23:22:06
84,3.21713,0.5855,25737,4684,25737,4684,3.3,255,0,CleanAir,0.0,2026-09-18 23:22:06
85,3.218,0.58213,25744,4657,25744,4657,3.3,255,0,CleanAir,0.0,2026-09-18 23:22:06
86,3.23363,0.58413,25869,4673,25869,4673,3.3,255,0,CleanAir,0.0,2026-09-18 23:22:07
87,3.249,0.58637,25992,4691,25992,4691,3.3,255,0,CleanAir,0.0,2026-09-18 23:22:07
88,3.21975,0.58625,25758,4690,25758,4690,3.3,255,0,CleanAir,0.0,2026-09-18 23:22:07
89,3.24988,0.58625,25999,4690,25999,4690,3.3,255,0,CleanAir,0.0,2026-09-18 23:22:08
90,3.237,0.5835,25896,4668,25896,4668,3.3,255,0,CleanAir,0.0,2026-09-18 23:22:08
91,3.251,0.58375,26008,4670,26008,4670,3.3,255,0,CleanAir,0.0,2026-09-18 23:22:09
92,3.22038,0.58675,25763,4694,25763,4694,3.3,255,0,CleanAir,0.0,2026-09-18 23:22:09
93,3.25125,0.58475,26010,4678,26010,4678,3.3,255,0,CleanAir,0.0,2026-09-18 23:22:10
94,3.25113,0.58475,26009,4678,26009,4678,3.3,255,0,CleanAir,0.0,2026-09-18 23:22:10
95,3.25288,0.5835,26023,4668,26023,4668,3.3,255,0,CleanAir,0.0,2026-09-18 23:22:11
96,3.2235,0.58238,25788,4659,25788,4659,3.3,255,0,CleanAir,0.0,2026-09-18 23:22:11
97,3.2545,0.58425,26036,4674,26036,4674,3.3,255,0,CleanAir,0.0,2026-09-18 23:22:11
98,3.25413,0.58488,26033,4679,26033,4679,3.3,255,0,CleanAir,0.0,2026-09-18 23:22:12
99,3.25475,0.58225,26038,4658,26038,4658,3.3,255,0,CleanAir,0.0,2026-09-18 23:22:12
100,3.22413,0.581,25793,4648,25793,4648,3.3,255,0,CleanAir,0.0,2026-09-18 23:22:13
101,3.25488,0.58375,26039,4670,26039,4670,3.3,255,0,CleanAir,0.0,2026-09-18 23:22:13
102,3.25488,0.58425,26039,4674,26039,4674,3.3,255,0,CleanAir,0.0,2026-09-18 23:22:14
103,3.25475,0.58625,26038,4690,26038,4690,3.3,255,0,CleanAir,0.0,2026-09-18 23:22:15
104,3.25538,0.58175,26043,4654,26043,4654,3.3,255,0,CleanAir,0.0,2026-09-18 23:22:15
105,3.22525,0.58475,25802,4678,25802,4678,3.3,255,0,CleanAir,0.0,2026-09-18 23:22:15
106,3.25588,0.58188,26047,4655,26047,4655,3.3,255,0,CleanAir,0.0,2026-09-18 23:22:16
107,3.25525,0.58338,26042,4667,26042,4667,3.3,255,0,CleanAir,0.0,2026-09-18 23:22:16
108,3.25613,0.58375,26049,4670,26049,4670,3.3,255,0,CleanAir,0.0,2026-09-18 23:22:16
109,3.24938,0.58675,25995,4694,25995,4694,3.3,255,0,CleanAir,0.0,2026-09-18 23:22:17
110,3.22538,0.58438,25803,4675,25803,4675,3.3,255,0,CleanAir,0.0,2026-09-18 23:22:17
111,3.22713,0.58175,25817,4654,25817,4654,3.3,255,0,CleanAir,0.0,2026-09-18 23:22:17
112,3.25713,0.58637,26057,4691,26057,4691,3.3,255,0,CleanAir,0.0,2026-09-18 23:22:18
113,3.22625,0.58388,25810,4671,25810,4671,3.3,255,0,CleanAir,0.0,2026-09-18 23:22:18
114,3.2575,0.58213,26060,4657,26060,4657,3.3,255,0,CleanAir,0.0,2026-09-18 23:22:19
115,3.22725,0.58138,25818,4651,25818,4651,3.3,255,0,CleanAir,0.0,2026-09-18 23:22:19
116,3.2575,0.58475,26060,4678,26060,4678,3.3,255,0,CleanAir,0.0,2026-09-18 23:22:19
117,3.22788,0.58213,25823,4657,25823,4657,3.3,255,0,CleanAir,0.0,2026-09-18 23:22:20
118,3.2585,0.583,26068,4664,26068,4664,3.3,255,0,CleanAir,0.0,2026-09-18 23:22:20
119,3.22838,0.58388,25827,4671,25827,4671,3.3,255,0,CleanAir,0.0,2026-09-18 23:22:21
120,3.2275,0.5865,25820,4692,25820,4692,3.3,255,0,CleanAir,0.0,2026-09-18 23:22:21
121,3.22863,0.5865,25829,4692,25829,4692,3.3,255,0,CleanAir,0.0,2026-09-18 23:22:21
122,3.228,0.58125,25824,4650,25824,4650,3.3,255,0,CleanAir,0.0,2026-09-18 23:22:22
123,3.247,0.584,25976,4672,25976,4672,3.3,255,0,CleanAir,0.0,2026-09-18 23:22:22
124,3.2585,0.58675,26068,4694,26068,4694,3.3,255,0,CleanAir,0.0,2026-09-18 23:22:22
125,3.4505,0.5785,27604,4628,27604,4628,0.0,0,0,CleanAir,0.0,2026-09-18 23:22:23
126,3.44775,0.57963,27582,4637,27582,4637,0.0,0,0,CleanAir,0.0,2026-09-18 23:22:23
127,3.4235,0.57975,27388,4638,27388,4638,0.0,0,0,CleanAir,0.0,2026-09-18 23:22:23
128,3.39713,0.57938,27177,4635,27177,4635,0.0,0,0,CleanAir,0.0,2026-09-18 23:22:24
129,3.34238,0.5815,26739,4652,26739,4652,0.0,0,0,CleanAir,0.0,2026-09-18 23:22:24
130,3.35025,0.58,26802,4640,26802,4640,0.0,0,0,CleanAir,0.0,2026-09-18 23:22:24
131,3.2975,0.581,26380,4648,26380,4648,0.0,0,0,CleanAir,0.0,2026-09-18 23:22:25
132,3.3065,0.579,26452,4632,26452,4632,0.0,0,0,CleanAir,0.0,2026-09-18 23:22:25
133,3.25538,0.581,26043,4648,26043,4648,0.0,0,0,CleanAir,0.0,2026-09-18 23:22:26
134,3.23388,0.58238,25871,4659,25871,4659,0.0,0,0,CleanAir,0.0,2026-09-18 23:22:26
135,3.21613,0.58075,25729,4646,25729,4646,0.0,0,0,CleanAir,0.0,2026-09-18 23:22:26
136,3.227,0.57913,25816,4633,25816,4633,0.0,0,0,CleanAir,0.0,2026-09-18 23:22:27
137,3.17975,0.5775,25438,4620,25438,4620,0.0,0,0,CleanAir,0.0,2026-09-18 23:22:27
138,3.191,0.57913,25528,4633,25528,4633,0.0,0,0,CleanAir,0.0,2026-09-18 23:22:27
139,3.1455,0.57925,25164,4634,25164,4634,0.0,0,0,CleanAir,0.0,2026-09-18 23:22:28
140,3.15725,0.57963,25258,4637,25258,4637,0.0,0,0,CleanAir,0.0,2026-09-18 23:22:28
141,3.13688,0.57838,25095,4627,25095,4627,0.0,0,0,CleanAir,0.0,2026-09-18 23:22:28
142,3.11763,0.57788,24941,4623,24941,4623,0.0,0,0,CleanAir,0.0,2026-09-18 23:22:29
143,3.077,0.58138,24616,4651,24616,4651,0.0,0,0,CleanAir,0.0,2026-09-18 23:22:29
144,3.063,0.58113,24504,4649,24504,4649,0.0,0,0,CleanAir,0.0,2026-09-18 23:22:30
145,3.0765,0.5815,24612,4652,24612,4652,0.0,0,0,CleanAir,0.0,2026-09-18 23:22:30
146,3.034,0.57988,24272,4639,24272,4639,0.0,0,0,CleanAir,0.0,2026-09-18 23:22:30
147,3.04938,0.5785,24395,4628,24395,4628,0.0,0,0,CleanAir,0.0,2026-09-18 23:22:31
148,3.03088,0.57913,24247,4633,24247,4633,0.0,0,0,CleanAir,0.0,2026-09-18 23:22:31
149,3.0095,0.579,24076,4632,24076,4632,0.0,0,0,CleanAir,0.0,2026-09-18 23:22:32
150,2.9695,0.5815,23756,4652,23756,4652,0.0,0,0,CleanAir,0.0,2026-09-18 23:22:32
151,2.98538,0.58213,23883,4657,23883,4657,0.0,0,0,CleanAir,0.0,2026-09-18 23:22:32
152,2.94725,0.58138,23578,4651,23578,4651,0.0,0,0,CleanAir,0.0,2026-09-18 23:22:33
153,2.93625,0.58213,23490,4657,23490,4657,0.0,0,0,CleanAir,0.0,2026-09-18 23:22:33
154,2.92575,0.58013,23406,4641,23406,4641,0.0,0,0,CleanAir,0.0,2026-09-18 23:22:34
155,2.94263,0.57863,23541,4629,23541,4629,0.0,0,0,CleanAir,0.0,2026-09-18 23:22:34
156,2.90613,0.57913,23249,4633,23249,4633,0.0,0,0,CleanAir,0.0,2026-09-18 23:22:34
157,2.92363,0.5765,23389,4612,23389,4612,0.0,0,0,CleanAir,0.0,2026-09-18 23:22:35
158,2.8885,0.57838,23108,4627,23108,4627,0.0,0,0,CleanAir,0.0,2026-09-18 23:22:35
159,2.87588,0.57725,23007,4618,23007,4618,0.0,0,0,CleanAir,0.0,2026-09-18 23:22:35
160,2.89313,0.5785,23145,4628,23145,4628,0.0,0,0,CleanAir,0.0,2026-09-18 23:22:36
161,2.88688,0.58188,23095,4655,23095,4655,0.0,0,0,CleanAir,0.0,2026-09-18 23:22:36
162,2.85088,0.58138,22807,4651,22807,4651,0.0,0,0,CleanAir,0.0,2026-09-18 23:22:36
163,2.86925,0.57925,22954,4634,22954,4634,0.0,0,0,CleanAir,0.0,2026-09-18 23:22:37
164,2.83625,0.57675,22690,4614,22690,4614,0.0,0,0,CleanAir,0.0,2026-09-18 23:22:37
165,2.85063,0.58188,22805,4655,22805,4655,0.0,0,0,CleanAir,0.0,2026-09-18 23:22:38
166,2.8415,0.57738,22732,4619,22732,4619,0.0,0,0,CleanAir,0.0,2026-09-18 23:22:38
167,2.80975,0.5785,22478,4628,22478,4628,0.0,0,0,CleanAir,0.0,2026-09-18 23:22:39
168,2.828,0.57838,22624,4627,22624,4627,0.0,0,0,CleanAir,0.0,2026-09-18 23:22:39
169,2.80163,0.578,22413,4624,22413,4624,0.0,0,0,CleanAir,0.0,2026-09-18 23:22:39
170,2.7915,0.578,22332,4624,22332,4624,0.0,0,0,CleanAir,0.0,2026-09-18 23:22:40
171,2.80325,0.58075,22426,4646,22426,4646,0.0,0,0,CleanAir,0.0,2026-09-18 23:22:40
172,2.80463,0.57825,22437,4626,22437,4626,0.0,0,0,CleanAir,0.0,2026-09-18 23:22:40
173,2.77525,0.5785,22202,4628,22202,4628,0.0,0,0,CleanAir,0.0,2026-09-18 23:22:41
174,2.79538,0.579,22363,4632,22363,4632,0.0,0,0,CleanAir,0.0,2026-09-18 23:22:41
175,2.789,0.5815,22312,4652,22312,4652,0.0,0,0,CleanAir,0.0,2026-09-18 23:22:42
176,2.78538,0.57825,22283,4626,22283,4626,0.0,0,0,CleanAir,0.0,2026-09-18 23:22:42
177,2.7625,0.57938,22100,4635,22100,4635,0.0,0,0,CleanAir,0.0,2026-09-18 23:22:42
178,2.775,0.57875,22200,4630,22200,4630,0.0,0,0,CleanAir,0.0,2026-09-18 23:22:43
179,2.746,0.58025,21968,4642,21968,4642,0.0,0,0,CleanAir,0.0,2026-09-18 23:22:43
180,2.7655,0.58175,22124,4654,22124,4654,0.0,0,0,CleanAir,0.0,2026-09-18 23:22:43
181,2.73663,0.58075,21893,4646,21893,4646,0.0,0,0,CleanAir,0.0,2026-09-18 23:22:44
182,2.75838,0.579,22067,4632,22067,4632,0.0,0,0,CleanAir,0.0,2026-09-18 23:22:44
183,2.75313,0.57775,22025,4622,22025,4622,0.0,0,0,CleanAir,0.0,2026-09-18 23:22:45
184,2.72413,0.5785,21793,4628,21793,4628,0.0,0,0,CleanAir,0.0,2026-09-18 23:22:45
185,2.74575,0.58213,21966,4657,21966,4657,0.0,0,0,CleanAir,0.0,2026-09-18 23:22:45
186,2.72625,0.57988,21810,4639,21810,4639,0.0,0,0,CleanAir,0.0,2026-09-18 23:22:46
187,2.73875,0.57913,21910,4633,21910,4633,0.0,0,0,CleanAir,0.0,2026-09-18 23:22:46
188,2.71513,0.57738,21721,4619,21721,4619,0.0,0,0,CleanAir,0.0,2026-09-18 23:22:46
189,2.73338,0.5815,21867,4652,21867,4652,0.0,0,0,CleanAir,0.0,2026-09-18 23:22:47
190,2.73,0.58125,21840,4650,21840,4650,0.0,0,0,CleanAir,0.0,2026-09-18 23:22:47
191,2.70225,0.58138,21618,4651,21618,4651,0.0,0,0,CleanAir,0.0,2026-09-18 23:22:47
192,2.72538,0.57825,21803,4626,21803,4626,0.0,0,0,CleanAir,0.0,2026-09-18 23:22:48
193,2.71563,0.58125,21725,4650,21725,4650,0.0,0,0,CleanAir,0.0,2026-09-18 23:22:48
194,2.7035,0.57788,21628,4623,21628,4623,0.0,0,0,CleanAir,0.0,2026-09-18 23:22:49
195,2.693,0.57913,21544,4633,21544,4633,0.0,0,0,CleanAir,0.0,2026-09-18 23:22:49
196,2.71375,0.57938,21710,4635,21710,4635,0.0,0,0,CleanAir,0.0,2026-09-18 23:22:49
197,2.71163,0.57875,21693,4630,21693,4630,0.0,0,0,CleanAir,0.0,2026-09-18 23:22:50
198,2.70988,0.578,21679,4624,21679,4624,0.0,0,0,CleanAir,0.0,2026-09-18 23:22:50
199,2.70788,0.58088,21663,4647,21663,4647,0.0,0,0,CleanAir,0.0,2026-09-18 23:22:51
200,2.69288,0.58163,21543,4653,21543,4653,0.0,0,0,CleanAir,0.0,2026-09-18 23:22:51
201,2.67788,0.58138,21423,4651,21423,4651,0.0,0,0,CleanAir,0.0,2026-09-18 23:22:52
202,2.70163,0.57825,21613,4626,21613,4626,0.0,0,0,CleanAir,0.0,2026-09-18 23:22:52
203,2.68438,0.58175,21475,4654,21475,4654,0.0,0,0,CleanAir,0.0,2026-09-18 23:22:52
204,2.69725,0.58013,21578,4641,21578,4641,0.0,0,0,CleanAir,0.0,2026-09-18 23:22:53
205,2.69675,0.57875,21574,4630,21574,4630,0.0,0,0,CleanAir,0.0,2026-09-18 23:22:53
206,2.69538,0.57888,21563,4631,21563,4631,0.0,0,0,CleanAir,0.0,2026-09-18 23:22:53
207,2.66813,0.58175,21345,4654,21345,4654,0.0,0,0,CleanAir,0.0,2026-09-18 23:22:54
208,2.69138,0.57975,21531,4638,21531,4638,0.0,0,0,CleanAir,0.0,2026-09-18 23:22:54
209,2.66688,0.57838,21335,4627,21335,4627,0.0,0,0,CleanAir,0.0,2026-09-18 23:22:55
210,2.69038,0.57888,21523,4631,21523,4631,0.0,0,0,CleanAir,0.0,2026-09-18 23:22:55
211,2.67225,0.57625,21378,4610,21378,4610,0.0,0,0,CleanAir,0.0,2026-09-18 23:22:55
212,2.68275,0.579,21462,4632,21462,4632,0.0,0,0,CleanAir,0.0,2026-09-18 23:22:56
213,2.66088,0.578,21287,4624,21287,4624,0.0,0,0,CleanAir,0.0,2026-09-18 23:22:56
214,2.68525,0.579,21482,4632,21482,4632,0.0,0,0,CleanAir,0.0,2026-09-18 23:22:57
215,2.67088,0.57888,21367,4631,21367,4631,0.0,0,0,CleanAir,0.0,2026-09-18 23:22:57
216,2.6815,0.577,21452,4616,21452,4616,0.0,0,0,CleanAir,0.0,2026-09-18 23:22:57
217,2.65625,0.57763,21250,4621,21250,4621,0.0,0,0,CleanAir,0.0,2026-09-18 23:22:58
218,2.68038,0.579,21443,4632,21443,4632,0.0,0,0,CleanAir,0.0,2026-09-18 23:22:58
219,2.65463,0.57875,21237,4630,21237,4630,0.0,0,0,CleanAir,0.0,2026-09-18 23:22:58
220,2.67775,0.57663,21422,4613,21422,4613,0.0,0,0,CleanAir,0.0,2026-09-18 23:22:59
221,2.653,0.57838,21224,4627,21224,4627,0.0,0,0,CleanAir,0.0,2026-09-18 23:22:59
222,2.67488,0.57938,21399,4635,21399,4635,0.0,0,0,CleanAir,0.0,2026-09-18 23:23:00
223,2.65463,0.57788,21237,4623,21237,4623,0.0,0,0,CleanAir,0.0,2026-09-18 23:23:00
224,2.67388,0.57738,21391,4619,21391,4619,0.0,0,0,CleanAir,0.0,2026-09-18 23:23:01
225,2.64875,0.57688,21190,4615,21190,4615,0.0,0,0,CleanAir,0.0,2026-09-18 23:23:01
226,2.67338,0.57825,21387,4626,21387,4626,0.0,0,0,CleanAir,0.0,2026-09-18 23:23:01
227,2.648,0.57663,21184,4613,21184,4613,0.0,0,0,CleanAir,0.0,2026-09-18 23:23:02
228,2.67138,0.57825,21371,4626,21371,4626,0.0,0,0,CleanAir,0.0,2026-09-18 23:23:02
229,2.64675,0.57763,21174,4621,21174,4621,0.0,0,0,CleanAir,0.0,2026-09-18 23:23:02
230,2.64713,0.57938,21177,4635,21177,4635,0.0,0,0,CleanAir,0.0,2026-09-18 23:23:03
231,2.66838,0.5815,21347,4652,21347,4652,0.0,0,0,CleanAir,0.0,2026-09-18 23:23:03
232,2.66625,0.579,21330,4632,21330,4632,0.0,0,0,CleanAir,0.0,2026-09-18 23:23:04
233,2.64475,0.5795,21158,4636,21158,4636,0.0,0,0,CleanAir,0.0,2026-09-18 23:23:04
234,2.643,0.58138,21144,4651,21144,4651,0.0,0,0,CleanAir,0.0,2026-09-18 23:23:04
235,2.66825,0.57938,21346,4635,21346,4635,0.0,0,0,CleanAir,0.0,2026-09-18 23:23:05
236,2.66738,0.57825,21339,4626,21339,4626,0.0,0,0,CleanAir,0.0,2026-09-18 23:23:05
237,2.66663,0.57838,21333,4627,21333,4627,0.0,0,0,CleanAir,0.0,2026-09-18 23:23:06
238,2.66675,0.57938,21334,4635,21334,4635,0.0,0,0,CleanAir,0.0,2026-09-18 23:23:06
239,2.66613,0.57988,21329,4639,21329,4639,0.0,0,0,CleanAir,0.0,2026-09-18 23:23:06
240,2.66463,0.58188,21317,4655,21317,4655,0.0,0,0,CleanAir,0.0,2026-09-18 23:23:07
241,2.66525,0.5795,21322,4636,21322,4636,0.0,0,0,CleanAir,0.0,2026-09-18 23:23:07
242,2.66363,0.58163,21309,4653,21309,4653,0.0,0,0,CleanAir,0.0,2026-09-18 23:23:07
243,2.66413,0.58188,21313,4655,21313,4655,0.0,0,0,CleanAir,0.0,2026-09-18 23:23:08
244,2.66375,0.58063,21310,4645,21310,4645,0.0,0,0,CleanAir,0.0,2026-09-18 23:23:08
245,2.6635,0.57788,21308,4623,21308,4623,0.0,0,0,CleanAir,0.0,2026-09-18 23:23:09
246,2.63963,0.5785,21117,4628,21117,4628,0.0,0,0,CleanAir,0.0,2026-09-18 23:23:09
247,2.66238,0.57675,21299,4614,21299,4614,0.0,0,0,CleanAir,0.0,2026-09-18 23:23:09
248,2.63788,0.57775,21103,4622,21103,4622,0.0,0,0,CleanAir,0.0,2026-09-18 23:23:10
249,2.6535,0.58025,21228,4642,21228,4642,0.0,0,0,CleanAir,0.0,2026-09-18 23:23:10
0,2.527,0.58575,20216,4686,20216,4686,3.3,255,0,CleanAir,0.0,2026-09-18 23:23:11
1,2.529,0.58038,20232,4643,20232,4643,3.3,255,0,CleanAir,0.0,2026-09-18 23:23:11
2,2.58813,0.583,20705,4664,20705,4664,3.3,255,0,CleanAir,0.0,2026-09-18 23:23:11
3,2.59788,0.585,20783,4680,20783,4680,3.3,255,0,CleanAir,0.0,2026-09-18 23:23:12
4,2.62938,0.58588,21035,4687,21035,4687,3.3,255,0,CleanAir,0.0,2026-09-18 23:23:12
5,2.72438,0.586,21795,4688,21795,4688,3.3,255,0,CleanAir,0.0,2026-09-18 23:23:13
6,2.72625,0.58425,21810,4674,21810,4674,3.3,255,0,CleanAir,0.0,2026-09-18 23:23:13
7,2.776,0.58325,22208,4666,22208,4666,3.3,255,0,CleanAir,0.0,2026-09-18 23:23:14
8,2.77363,0.58188,22189,4655,22189,4655,3.3,255,0,CleanAir,0.0,2026-09-18 23:23:14
9,2.79575,0.58238,22366,4659,22366,4659,3.3,255,0,CleanAir,0.0,2026-09-18 23:23:15
10,2.82925,0.58275,22634,4662,22634,4662,3.3,255,0,CleanAir,0.0,2026-09-18 23:23:15
11,2.86663,0.58588,22933,4687,22933,4687,3.3,255,0,CleanAir,0.0,2026-09-18 23:23:15
12,2.8985,0.58588,23188,4687,23188,4687,3.3,255,0,CleanAir,0.0,2026-09-18 23:23:16
13,2.88975,0.58513,23118,4681,23118,4681,3.3,255,0,CleanAir,0.0,2026-09-18 23:23:16
14,2.90525,0.583,23242,4664,23242,4664,3.3,255,0,CleanAir,0.0,2026-09-18 23:23:17
15,2.95563,0.58263,23645,4661,23645,4661,3.3,255,0,CleanAir,0.0,2026-09-18 23:23:17
16,2.94225,0.585,23538,4680,23538,4680,3.3,255,0,CleanAir,0.0,2026-09-18 23:23:18
17,2.983,0.58625,23864,4690,23864,4690,3.3,255,0,CleanAir,0.0,2026-09-18 23:23:18
18,3.00913,0.58625,24073,4690,24073,4690,3.3,255,0,CleanAir,0.0,2026-09-18 23:23:19
19,2.9935,0.5855,23948,4684,23948,4684,3.3,255,0,CleanAir,0.0,2026-09-18 23:23:19
20,3.03113,0.5835,24249,4668,24249,4668,3.3,255,0,CleanAir,0.0,2026-09-18 23:23:19
21,3.055,0.58588,24440,4687,24440,4687,3.3,255,0,CleanAir,0.0,2026-09-18 23:23:20
22,3.03638,0.58613,24291,4689,24291,4689,3.3,255,0,CleanAir,0.0,2026-09-18 23:23:21
23,3.0735,0.586,24588,4688,24588,4688,3.3,255,0,CleanAir,0.0,2026-09-18 23:23:21
24,3.05413,0.58575,24433,4686,24433,4686,3.3,255,0,CleanAir,0.0,2026-09-18 23:23:21
25,3.06375,0.58288,24510,4663,24510,4663,3.3,255,0,CleanAir,0.0,2026-09-18 23:23:22
26,3.07638,0.5825,24611,4660,24611,4660,3.3,255,0,CleanAir,0.0,2026-09-18 23:23:22
27,3.11425,0.58338,24914,4667,24914,4667,3.3,255,0,CleanAir,0.0,2026-09-18 23:23:23
28,3.09475,0.58463,24758,4677,24758,4677,3.3,255,0,CleanAir,0.0,2026-09-18 23:23:23
29,3.10038,0.583,24803,4664,24803,4664,3.3,255,0,CleanAir,0.0,2026-09-18 23:23:24
30,3.13538,0.58488,25083,4679,25083,4679,3.3,255,0,CleanAir,0.0,2026-09-18 23:23:24
31,3.11413,0.58288,24913,4663,24913,4663,3.3,255,0,CleanAir,0.0,2026-09-18 23:23:24
32,3.12075,0.582,24966,4656,24966,4656,3.3,255,0,CleanAir,0.0,2026-09-18 23:23:25
33,3.15463,0.58213,25237,4657,25237,4657,3.3,255,0,CleanAir,0.0,2026-09-18 23:23:25
34,3.15963,0.586,25277,4688,25277,4688,3.3,255,0,CleanAir,0.0,2026-09-18 23:23:26
35,3.158,0.58575,25264,4686,25264,4686,3.3,255,0,CleanAir,0.0,2026-09-18 23:23:27
36,3.18,0.58663,25440,4693,25440,4693,3.3,255,0,CleanAir,0.0,2026-09-18 23:23:27
37,3.155,0.58588,25240,4687,25240,4687,3.3,255,0,CleanAir,0.0,2026-09-18 23:23:28
38,3.18725,0.58513,25498,4681,25498,4681,3.3,255,0,CleanAir,0.0,2026-09-18 23:23:28
39,3.16063,0.58375,25285,4670,25285,4670,3.3,255,0,CleanAir,0.0,2026-09-18 23:23:28
40,3.17638,0.58388,25411,4671,25411,4671,3.3,255,0,CleanAir,0.0,2026-09-18 23:23:29
41,3.16638,0.5835,25331,4668,25331,4668,3.3,255,0,CleanAir,0.0,2026-09-18 23:23:29
42,3.17063,0.58113,25365,4649,25365,4649,3.3,255,0,CleanAir,0.0,2026-09-18 23:23:29
43,3.17225,0.58275,25378,4662,25378,4662,3.3,255,0,CleanAir,0.0,2026-09-18 23:23:30
44,3.20913,0.58438,25673,4675,25673,4675,3.3,255,0,CleanAir,0.0,2026-09-18 23:23:31
45,3.18125,0.58613,25450,4689,25450,4689,3.3,255,0,CleanAir,0.0,2026-09-18 23:23:31
46,3.213,0.58563,25704,4685,25704,4685,3.3,255,0,CleanAir,0.0,2026-09-18 23:23:31
47,3.21525,0.58238,25722,4659,25722,4659,3.3,255,0,CleanAir,0.0,2026-09-18 23:23:32
48,3.188,0.58588,25504,4687,25504,4687,3.3,255,0,CleanAir,0.0,2026-09-18 23:23:32
49,3.21925,0.58238,25754,4659,25754,4659,3.3,255,0,CleanAir,0.0,2026-09-18 23:23:33
50,3.196,0.58113,25568,4649,25568,4649,3.3,255,0,CleanAir,0.0,2026-09-18 23:23:33
51,3.22338,0.58388,25787,4671,25787,4671,3.3,255,0,CleanAir,0.0,2026-09-18 23:23:33
52,3.19488,0.5845,25559,4676,25559,4676,3.3,255,0,CleanAir,0.0,2026-09-18 23:23:34
53,3.2265,0.58425,25812,4674,25812,4674,3.3,255,0,CleanAir,0.0,2026-09-18 23:23:34
54,3.19888,0.58388,25591,4671,25591,4671,3.3,255,0,CleanAir,0.0,2026-09-18 23:23:34
55,3.19988,0.58575,25599,4686,25599,4686,3.3,255,0,CleanAir,0.0,2026-09-18 23:23:35
56,3.20075,0.581,25606,4648,25606,4648,3.3,255,0,CleanAir,0.0,2026-09-18 23:23:35
57,3.233,0.58637,25864,4691,25864,4691,3.3,255,0,CleanAir,0.0,2026-09-18 23:23:36
58,3.20425,0.5845,25634,4676,25634,4676,3.3,255,0,CleanAir,0.0,2026-09-18 23:23:36
59,3.20575,0.5855,25646,4684,25646,4684,3.3,255,0,CleanAir,0.0,2026-09-18 23:23:36
60,3.23675,0.58563,25894,4685,25894,4685,3.3,255,0,CleanAir,0.0,2026-09-18 23:23:37
61,3.208,0.58138,25664,4651,25664,4651,3.3,255,0,CleanAir,0.0,2026-09-18 23:23:37
62,3.23938,0.58225,25915,4658,25915,4658,3.3,255,0,CleanAir,0.0,2026-09-18 23:23:37
63,3.21463,0.58188,25717,4655,25717,4655,3.3,255,0,CleanAir,0.0,2026-09-18 23:23:38
64,3.24138,0.58388,25931,4671,25931,4671,3.3,255,0,CleanAir,0.0,2026-09-18 23:23:38
65,3.21238,0.58325,25699,4666,25699,4666,3.3,255,0,CleanAir,0.0,2026-09-18 23:23:39
66,3.2445,0.58388,25956,4671,25956,4671,3.3,255,0,CleanAir,0.0,2026-09-18 23:23:39
67,3.21975,0.58325,25758,4666,25758,4666,3.3,255,0,CleanAir,0.0,2026-09-18 23:23:40
68,3.24588,0.58463,25967,4677,25967,4677,3.3,255,0,CleanAir,0.0,2026-09-18 23:23:40
69,3.22938,0.58375,25835,4670,25835,4670,3.3,255,0,CleanAir,0.0,2026-09-18 23:23:41
70,3.247,0.58637,25976,4691,25976,4691,3.3,255,0,CleanAir,0.0,2026-09-18 23:23:41
71,3.21738,0.58238,25739,4659,25739,4659,3.3,255,0,CleanAir,0.0,2026-09-18 23:23:41
72,3.24813,0.58637,25985,4691,25985,4691,3.3,255,0,CleanAir,0.0,2026-09-18 23:23:42
73,3.21825,0.58475,25746,4678,25746,4678,3.3,255,0,CleanAir,0.0,2026-09-18 23:23:42
74,3.21875,0.58325,25750,4666,25750,4666,3.3,255,0,CleanAir,0.0,2026-09-18 23:23:43
75,3.21975,0.58625,25758,4690,25758,4690,3.3,255,0,CleanAir,0.0,2026-09-18 23:23:43
76,3.2205,0.5815,25764,4652,25764,4652,3.3,255,0,CleanAir,0.0,2026-09-18 23:23:43
77,3.22125,0.58213,25770,4657,25770,4657,3.3,255,0,CleanAir,0.0,2026-09-18 23:23:44
78,3.25125,0.5865,26010,4692,26010,4692,3.3,255,0,CleanAir,0.0,2026-09-18 23:23:44
79,3.222,0.58125,25776,4650,25776,4650,3.3,255,0,CleanAir,0.0,2026-09-18 23:23:45
80,3.25275,0.58175,26022,4654,26022,4654,3.3,255,0,CleanAir,0.0,2026-09-18 23:23:45
81,3.23463,0.58425,25877,4674,25877,4674,3.3,255,0,CleanAir,0.0,2026-09-18 23:23:45
82,3.2535,0.582,26028,4656,26028,4656,3.3,255,0,CleanAir,0.0,2026-09-18 23:23:46
83,3.25388,0.58225,26031,4658,26031,4658,3.3,255,0,CleanAir,0.0,2026-09-18 23:23:46
84,3.23175,0.58213,25854,4657,25854,4657,3.3,255,0,CleanAir,0.0,2026-09-18 23:23:47
85,3.2545,0.58288,26036,4663,26036,4663,3.3,255,0,CleanAir,0.0,2026-09-18 23:23:47
86,3.24125,0.58475,25930,4678,25930,4678,3.3,255,0,CleanAir,0.0,2026-09-18 23:23:47
87,3.23325,0.58538,25866,4683,25866,4683,3.3,255,0,CleanAir,0.0,2026-09-18 23:23:48
88,3.25538,0.58613,26043,4689,26043,4689,3.3,255,0,CleanAir,0.0,2026-09-18 23:23:48
89,3.25588,0.58375,26047,4670,26047,4670,3.3,255,0,CleanAir,0.0,2026-09-18 23:23:49
90,3.22638,0.58263,25811,4661,25811,4661,3.3,255,0,CleanAir,0.0,2026-09-18 23:23:49
91,3.25688,0.58288,26055,4663,26055,4663,3.3,255,0,CleanAir,0.0,2026-09-18 23:23:49
92,3.22713,0.583,25817,4664,25817,4664,3.3,255,0,CleanAir,0.0,2026-09-18 23:23:50
93,3.257,0.58625,26056,4690,26056,4690,3.3,255,0,CleanAir,0.0,2026-09-18 23:23:51
94,3.25763,0.5835,26061,4668,26061,4668,3.3,255,0,CleanAir,0.0,2026-09-18 23:23:51
95,3.228,0.58388,25824,4671,25824,4671,3.3,255,0,CleanAir,0.0,2026-09-18 23:23:52
96,3.25763,0.58288,26061,4663,26061,4663,3.3,255,0,CleanAir,0.0,2026-09-18 23:23:52
97,3.22775,0.583,25822,4664,25822,4664,3.3,255,0,CleanAir,0.0,2026-09-18 23:23:52
98,3.22838,0.5835,25827,4668,25827,4668,3.3,255,0,CleanAir,0.0,2026-09-18 23:23:53
99,3.24063,0.58188,25925,4655,25925,4655,3.3,255,0,CleanAir,0.0,2026-09-18 23:23:53
100,3.25813,0.58213,26065,4657,26065,4657,3.3,255,0,CleanAir,0.0,2026-09-18 23:23:53
101,3.24175,0.58213,25934,4657,25934,4657,3.3,255,0,CleanAir,0.0,2026-09-18 23:23:54
102,3.259,0.5835,26072,4668,26072,4668,3.3,255,0,CleanAir,0.0,2026-09-18 23:23:54
103,3.22863,0.58637,25829,4691,25829,4691,3.3,255,0,CleanAir,0.0,2026-09-18 23:23:54
104,3.2585,0.58525,26068,4682,26068,4682,3.3,255,0,CleanAir,0.0,2026-09-18 23:23:55
105,3.22875,0.58625,25830,4690,25830,4690,3.3,255,0,CleanAir,0.0,2026-09-18 23:23:55
106,3.25863,0.5845,26069,4676,26069,4676,3.3,255,0,CleanAir,0.0,2026-09-18 23:23:55
107,3.22838,0.58425,25827,4674,25827,4674,3.3,255,0,CleanAir,0.0,2026-09-18 23:23:56
108,3.25925,0.58225,26074,4658,26074,4658,3.3,255,0,CleanAir,0.0,2026-09-18 23:23:56
109,3.22925,0.58625,25834,4690,25834,4690,3.3,255,0,CleanAir,0.0,2026-09-18 23:23:57
110,3.25913,0.586,26073,4688,26073,4688,3.3,255,0,CleanAir,0.0,2026-09-18 23:23:57
111,3.25975,0.58313,26078,4665,26078,4665,3.3,255,0,CleanAir,0.0,2026-09-18 23:23:57
112,3.25938,0.58588,26075,4687,26075,4687,3.3,255,0,CleanAir,0.0,2026-09-18 23:23:58
113,3.23,0.58175,25840,4654,25840,4654,3.3,255,0,CleanAir,0.0,2026-09-18 23:23:58
114,3.23313,0.58338,25865,4667,25865,4667,3.3,255,0,CleanAir,0.0,2026-09-18 23:23:59
115,3.2605,0.58375,26084,4670,26084,4670,3.3,255,0,CleanAir,0.0,2026-09-18 23:23:59
116,3.22988,0.58488,25839,4679,25839,4679,3.3,255,0,CleanAir,0.0,2026-09-18 23:23:59
117,3.25963,0.58663,26077,4693,26077,4693,3.3,255,0,CleanAir,0.0,2026-09-18 23:24:00
118,3.241,0.58688,25928,4695,25928,4695,3.3,255,0,CleanAir,0.0,2026-09-18 23:24:00
119,3.25975,0.586,26078,4688,26078,4688,3.3,255,0,CleanAir,0.0,2026-09-18 23:24:00
120,3.23075,0.5865,25846,4692,25846,4692,3.3,255,0,CleanAir,0.0,2026-09-18 23:24:01
121,3.25963,0.58588,26077,4687,26077,4687,3.3,255,0,CleanAir,0.0,2026-09-18 23:24:01
122,3.23,0.58637,25840,4691,25840,4691,3.3,255,0,CleanAir,0.0,2026-09-18 23:24:01
123,3.26088,0.58413,26087,4673,26087,4673,3.3,255,0,CleanAir,0.0,2026-09-18 23:24:02
124,3.245,0.5865,25960,4692,25960,4692,3.3,255,0,CleanAir,0.0,2026-09-18 23:24:02
125,3.46088,0.5815,27687,4652,27687,4652,0.0,0,0,CleanAir,0.0,2026-09-18 23:24:02
126,3.42213,0.57825,27377,4626,27377,4626,0.0,0,0,CleanAir,0.0,2026-09-18 23:24:03
127,3.37525,0.582,27002,4656,27002,4656,0.0,0,0,CleanAir,0.0,2026-09-18 23:24:03
128,3.3835,0.57775,27068,4622,27068,4622,0.0,0,0,CleanAir,0.0,2026-09-18 23:24:04
129,3.34013,0.57775,26721,4622,26721,4622,0.0,0,0,CleanAir,0.0,2026-09-18 23:24:04
130,3.339,0.5785,26712,4628,26712,4628,0.0,0,0,CleanAir,0.0,2026-09-18 23:24:05
131,3.3045,0.57875,26436,4630,26436,4630,0.0,0,0,CleanAir,0.0,2026-09-18 23:24:05
132,3.29563,0.57688,26365,4615,26365,4615,0.0,0,0,CleanAir,0.0,2026-09-18 23:24:05
133,3.24625,0.57838,25970,4627,25970,4627,0.0,0,0,CleanAir,0.0,2026-09-18 23:24:06
134,3.22638,0.58263,25811,4661,25811,4661,0.0,0,0,CleanAir,0.0,2026-09-18 23:24:06
135,3.21213,0.57863,25697,4629,25697,4629,0.0,0,0,CleanAir,0.0,2026-09-18 23:24:06
136,3.21775,0.58225,25742,4658,25742,4658,0.0,0,0,CleanAir,0.0,2026-09-18 23:24:07
137,3.1705,0.58113,25364,4649,25364,4649,0.0,0,0,CleanAir,0.0,2026-09-18 23:24:07
138,3.18163,0.58213,25453,4657,25453,4657,0.0,0,0,CleanAir,0.0,2026-09-18 23:24:07
139,3.13675,0.58188,25094,4655,25094,4655,0.0,0,0,CleanAir,0.0,2026-09-18 23:24:08
140,3.14763,0.58038,25181,4643,25181,4643,0.0,0,0,CleanAir,0.0,2026-09-18 23:24:08
141,3.10313,0.582,24825,4656,24825,4656,0.0,0,0,CleanAir,0.0,2026-09-18 23:24:08
142,3.08788,0.58213,24703,4657,24703,4657,0.0,0,0,CleanAir,0.0,2026-09-18 23:24:09
143,3.07338,0.58188,24587,4655,24587,4655,0.0,0,0,CleanAir,0.0,2026-09-18 23:24:09
144,3.08638,0.582,24691,4656,24691,4656,0.0,0,0,CleanAir,0.0,2026-09-18 23:24:10
145,3.06663,0.57738,24533,4619,24533,4619,0.0,0,0,CleanAir,0.0,2026-09-18 23:24:10
146,3.02538,0.578,24203,4624,24203,4624,0.0,0,0,CleanAir,0.0,2026-09-18 23:24:10
147,3.04025,0.57888,24322,4631,24322,4631,0.0,0,0,CleanAir,0.0,2026-09-18 23:24:11
148,3.02625,0.58175,24210,4654,24210,4654,0.0,0,0,CleanAir,0.0,2026-09-18 23:24:11
149,2.98638,0.5815,23891,4652,23891,4652,0.0,0,0,CleanAir,0.0,2026-09-18 23:24:11
150,3.00175,0.58175,24014,4654,24014,4654,0.0,0,0,CleanAir,0.0,2026-09-18 23:24:12
151,2.99,0.58125,23920,4650,23920,4650,0.0,0,0,CleanAir,0.0,2026-09-18 23:24:12
152,2.97875,0.5785,23830,4628,23830,4628,0.0,0,0,CleanAir,0.0,2026-09-18 23:24:13
153,2.96813,0.5805,23745,4644,23745,4644,0.0,0,0,CleanAir,0.0,2026-09-18 23:24:13
154,2.95738,0.57938,23659,4635,23659,4635,0.0,0,0,CleanAir,0.0,2026-09-18 23:24:13
155,2.94675,0.58163,23574,4653,23574,4653,0.0,0,0,CleanAir,0.0,2026-09-18 23:24:14
156,2.937,0.57688,23496,4615,23496,4615,0.0,0,0,CleanAir,0.0,2026-09-18 23:24:14
157,2.92825,0.57888,23426,4631,23426,4631,0.0,0,0,CleanAir,0.0,2026-09-18 23:24:14
158,2.914,0.57988,23312,4639,23312,4639,0.0,0,0,CleanAir,0.0,2026-09-18 23:24:15
159,2.87863,0.58188,23029,4655,23029,4655,0.0,0,0,CleanAir,0.0,2026-09-18 23:24:15
160,2.89688,0.57838,23175,4627,23175,4627,0.0,0,0,CleanAir,0.0,2026-09-18 23:24:16
161,2.86475,0.58188,22918,4655,22918,4655,0.0,0,0,CleanAir,0.0,2026-09-18 23:24:16
162,2.88038,0.58175,23043,4654,23043,4654,0.0,0,0,CleanAir,0.0,2026-09-18 23:24:16
163,2.84663,0.582,22773,4656,22773,4656,0.0,0,0,CleanAir,0.0,2026-09-18 23:24:17
164,2.83913,0.57775,22713,4622,22713,4622,0.0,0,0,CleanAir,0.0,2026-09-18 23:24:17
165,2.83463,0.57938,22677,4635,22677,4635,0.0,0,0,CleanAir,0.0,2026-09-18 23:24:17
166,2.85125,0.58175,22810,4654,22810,4654,0.0,0,0,CleanAir,0.0,2026-09-18 23:24:18
167,2.84388,0.57963,22751,4637,22751,4637,0.0,0,0,CleanAir,0.0,2026-09-18 23:24:18
168,2.83363,0.5815,22669,4652,22669,4652,0.0,0,0,CleanAir,0.0,2026-09-18 23:24:19
169,2.80138,0.58125,22411,4650,22411,4650,0.0,0,0,CleanAir,0.0,2026-09-18 23:24:19
170,2.8225,0.57863,22580,4629,22580,4629,0.0,0,0,CleanAir,0.0,2026-09-18 23:24:19
171,2.79325,0.581,22346,4648,22346,4648,0.0,0,0,CleanAir,0.0,2026-09-18 23:24:20
172,2.8105,0.57913,22484,4633,22484,4633,0.0,0,0,CleanAir,0.0,2026-09-18 23:24:20
173,2.77913,0.582,22233,4656,22233,4656,0.0,0,0,CleanAir,0.0,2026-09-18 23:24:20
174,2.79863,0.5815,22389,4652,22389,4652,0.0,0,0,CleanAir,0.0,2026-09-18 23:24:21
175,2.77288,0.58113,22183,4649,22183,4649,0.0,0,0,CleanAir,0.0,2026-09-18 23:24:21
176,2.7885,0.58188,22308,4655,22308,4655,0.0,0,0,CleanAir,0.0,2026-09-18 23:24:21
177,2.76025,0.582,22082,4656,22082,4656,0.0,0,0,CleanAir,0.0,2026-09-18 23:24:22
178,2.77913,0.5775,22233,4620,22233,4620,0.0,0,0,CleanAir,0.0,2026-09-18 23:24:22
179,2.77525,0.57663,22202,4613,22202,4613,0.0,0,0,CleanAir,0.0,2026-09-18 23:24:23
180,2.7595,0.57812,22076,4625,22076,4625,0.0,0,0,CleanAir,0.0,2026-09-18 23:24:23
181,2.74175,0.58088,21934,4647,21934,4647,0.0,0,0,CleanAir,0.0,2026-09-18 23:24:23
182,2.76313,0.58138,22105,4651,22105,4651,0.0,0,0,CleanAir,0.0,2026-09-18 23:24:24
183,2.75863,0.5805,22069,4644,22069,4644,0.0,0,0,CleanAir,0.0,2026-09-18 23:24:24
184,2.75538,0.57713,22043,4617,22043,4617,0.0,0,0,CleanAir,0.0,2026-09-18 23:24:24
185,2.75138,0.577,22011,4616,22011,4616,0.0,0,0,CleanAir,0.0,2026-09-18 23:24:25
186,2.74763,0.57938,21981,4635,21981,4635,0.0,0,0,CleanAir,0.0,2026-09-18 23:24:25
187,2.74513,0.578,21961,4624,21961,4624,0.0,0,0,CleanAir,0.0,2026-09-18 23:24:25
188,2.71738,0.57775,21739,4622,21739,4622,0.0,0,0,CleanAir,0.0,2026-09-18 23:24:26
189,2.73913,0.58025,21913,4642,21913,4642,0.0,0,0,CleanAir,0.0,2026-09-18 23:24:26
190,2.71075,0.5815,21686,4652,21686,4652,0.0,0,0,CleanAir,0.0,2026-09-18 23:24:27
191,2.73175,0.58125,21854,4650,21854,4650,0.0,0,0,CleanAir,0.0,2026-09-18 23:24:27
192,2.7295,0.57638,21836,4611,21836,4611,0.0,0,0,CleanAir,0.0,2026-09-18 23:24:27
193,2.72738,0.57738,21819,4619,21819,4619,0.0,0,0,CleanAir,0.0,2026-09-18 23:24:28
194,2.7,0.58125,21600,4650,21600,4650,0.0,0,0,CleanAir,0.0,2026-09-18 23:24:28
195,2.72213,0.58138,21777,4651,21777,4651,0.0,0,0,CleanAir,0.0,2026-09-18 23:24:28
196,2.72,0.57725,21760,4618,21760,4618,0.0,0,0,CleanAir,0.0,2026-09-18 23:24:29
197,2.69363,0.57975,21549,4638,21549,4638,0.0,0,0,CleanAir,0.0,2026-09-18 23:24:29
198,2.69038,0.58188,21523,4655,21523,4655,0.0,0,0,CleanAir,0.0,2026-09-18 23:24:29
199,2.71275,0.58,21702,4640,21702,4640,0.0,0,0,CleanAir,0.0,2026-09-18 23:24:30
200,2.6855,0.57675,21484,4614,21484,4614,0.0,0,0,CleanAir,0.0,2026-09-18 23:24:30
201,2.70988,0.58013,21679,4641,21679,4641,0.0,0,0,CleanAir,0.0,2026-09-18 23:24:31
202,2.68125,0.58163,21450,4653,21450,4653,0.0,0,0,CleanAir,0.0,2026-09-18 23:24:31
203,2.705,0.579,21640,4632,21640,4632,0.0,0,0,CleanAir,0.0,2026-09-18 23:24:31
204,2.68925,0.5815,21514,4652,21514,4652,0.0,0,0,CleanAir,0.0,2026-09-18 23:24:32
205,2.70163,0.57663,21613,4613,21613,4613,0.0,0,0,CleanAir,0.0,2026-09-18 23:24:32
206,2.67563,0.57738,21405,4619,21405,4619,0.0,0,0,CleanAir,0.0,2026-09-18 23:24:32
207,2.69963,0.57825,21597,4626,21597,4626,0.0,0,0,CleanAir,0.0,2026-09-18 23:24:33
208,2.69613,0.582,21569,4656,21569,4656,0.0,0,0,CleanAir,0.0,2026-09-18 23:24:33
209,2.69463,0.58125,21557,4650,21557,4650,0.0,0,0,CleanAir,0.0,2026-09-18 23:24:33
210,2.69325,0.58113,21546,4649,21546,4649,0.0,0,0,CleanAir,0.0,2026-09-18 23:24:34
211,2.692,0.58075,21536,4646,21536,4646,0.0,0,0,CleanAir,0.0,2026-09-18 23:24:34
212,2.6745,0.577,21396,4616,21396,4616,0.0,0,0,CleanAir,0.0,2026-09-18 23:24:35
213,2.69038,0.578,21523,4624,21523,4624,0.0,0,0,CleanAir,0.0,2026-09-18 23:24:35
214,2.68163,0.57812,21453,4625,21453,4625,0.0,0,0,CleanAir,0.0,2026-09-18 23:24:35
215,2.68713,0.58163,21497,4653,21497,4653,0.0,0,0,CleanAir,0.0,2026-09-18 23:24:36
216,2.68625,0.5815,21490,4652,21490,4652,0.0,0,0,CleanAir,0.0,2026-09-18 23:24:36
217,2.685,0.577,21480,4616,21480,4616,0.0,0,0,CleanAir,0.0,2026-09-18 23:24:36
218,2.68413,0.58075,21473,4646,21473,4646,0.0,0,0,CleanAir,0.0,2026-09-18 23:24:37
219,2.68338,0.57663,21467,4613,21467,4613,0.0,0,0,CleanAir,0.0,2026-09-18 23:24:37
220,2.65888,0.5785,21271,4628,21271,4628,0.0,0,0,CleanAir,0.0,2026-09-18 23:24:37
221,2.682,0.58025,21456,4642,21456,4642,0.0,0,0,CleanAir,0.0,2026-09-18 23:24:38
222,2.68,0.5815,21440,4652,21440,4652,0.0,0,0,CleanAir,0.0,2026-09-18 23:24:38
223,2.67913,0.58213,21433,4657,21433,4657,0.0,0,0,CleanAir,0.0,2026-09-18 23:24:39
224,2.67888,0.57925,21431,4634,21431,4634,0.0,0,0,CleanAir,0.0,2026-09-18 23:24:39
225,2.65375,0.58125,21230,4650,21230,4650,0.0,0,0,CleanAir,0.0,2026-09-18 23:24:39
226,2.67638,0.58213,21411,4657,21411,4657,0.0,0,0,CleanAir,0.0,2026-09-18 23:24:40
227,2.66713,0.58163,21337,4653,21337,4653,0.0,0,0,CleanAir,0.0,2026-09-18 23:24:40
228,2.65325,0.57825,21226,4626,21226,4626,0.0,0,0,CleanAir,0.0,2026-09-18 23:24:41
229,2.67513,0.579,21401,4632,21401,4632,0.0,0,0,CleanAir,0.0,2026-09-18 23:24:41
230,2.67375,0.5815,21390,4652,21390,4652,0.0,0,0,CleanAir,0.0,2026-09-18 23:24:41
231,2.67288,0.58163,21383,4653,21383,4653,0.0,0,0,CleanAir,0.0,2026-09-18 23:24:42
232,2.64825,0.57825,21186,4626,21186,4626,0.0,0,0,CleanAir,0.0,2026-09-18 23:24:42
233,2.6655,0.58175,21324,4654,21324,4654,0.0,0,0,CleanAir,0.0,2026-09-18 23:24:42
234,2.64725,0.58088,21178,4647,21178,4647,0.0,0,0,CleanAir,0.0,2026-09-18 23:24:43
235,2.66088,0.58188,21287,4655,21287,4655,0.0,0,0,CleanAir,0.0,2026-09-18 23:24:43
236,2.6445,0.57838,21156,4627,21156,4627,0.0,0,0,CleanAir,0.0,2026-09-18 23:24:43
237,2.64413,0.57663,21153,4613,21153,4613,0.0,0,0,CleanAir,0.0,2026-09-18 23:24:44
238,2.645,0.58138,21160,4651,21160,4651,0.0,0,0,CleanAir,0.0,2026-09-18 23:24:44
239,2.66813,0.58113,21345,4649,21345,4649,0.0,0,0,CleanAir,0.0,2026-09-18 23:24:45
240,2.64413,0.58175,21153,4654,21153,4654,0.0,0,0,CleanAir,0.0,2026-09-18 23:24:45
241,2.66725,0.57863,21338,4629,21338,4629,0.0,0,0,CleanAir,0.0,2026-09-18 23:24:45
242,2.64263,0.581,21141,4648,21141,4648,0.0,0,0,CleanAir,0.0,2026-09-18 23:24:46
243,2.66675,0.57863,21334,4629,21334,4629,0.0,0,0,CleanAir,0.0,2026-09-18 23:24:46
244,2.64413,0.57863,21153,4629,21153,4629,0.0,0,0,CleanAir,0.0,2026-09-18 23:24:46
245,2.64213,0.58113,21137,4649,21137,4649,0.0,0,0,CleanAir,0.0,2026-09-18 23:24:47
246,2.66513,0.58213,21321,4657,21321,4657,0.0,0,0,CleanAir,0.0,2026-09-18 23:24:47
247,2.64163,0.57875,21133,4630,21133,4630,0.0,0,0,CleanAir,0.0,2026-09-18 23:24:48
248,2.66513,0.58063,21321,4645,21321,4645,0.0,0,0,CleanAir,0.0,2026-09-18 23:24:48
249,2.63975,0.58175,21118,4654,21118,4654,0.0,0,0,CleanAir,0.0,2026-09-18 23:24:48
0,2.52938,0.58188,20235,4655,20235,4655,3.3,255,0,CleanAir,0.0,2026-09-18 23:24:49
1,2.53388,0.58188,20271,4655,20271,4655,3.3,255,0,CleanAir,0.0,2026-09-18 23:24:49
2,2.59138,0.58138,20731,4651,20731,4651,3.3,255,0,CleanAir,0.0,2026-09-18 23:24:49
3,2.61288,0.58225,20903,4658,20903,4658,3.3,255,0,CleanAir,0.0,2026-09-18 23:24:50
4,2.6555,0.58275,21244,4662,21244,4662,3.3,255,0,CleanAir,0.0,2026-09-18 23:24:50
5,2.69763,0.58588,21581,4687,21581,4687,3.3,255,0,CleanAir,0.0,2026-09-18 23:24:51
6,2.69975,0.58575,21598,4686,21598,4686,3.3,255,0,CleanAir,0.0,2026-09-18 23:24:51
7,2.75238,0.58275,22019,4662,22019,4662,3.3,255,0,CleanAir,0.0,2026-09-18 23:24:51
8,2.75875,0.583,22070,4664,22070,4664,3.3,255,0,CleanAir,0.0,2026-09-18 23:24:52
9,2.79913,0.586,22393,4688,22393,4688,3.3,255,0,CleanAir,0.0,2026-09-18 23:24:52
10,2.79475,0.58663,22358,4693,22358,4693,3.3,255,0,CleanAir,0.0,2026-09-18 23:24:52
11,2.8435,0.58275,22748,4662,22748,4662,3.3,255,0,CleanAir,0.0,2026-09-18 23:24:53
12,2.8575,0.58263,22860,4661,22860,4661,3.3,255,0,CleanAir,0.0,2026-09-18 23:24:53
13,2.85513,0.58325,22841,4666,22841,4666,3.3,255,0,CleanAir,0.0,2026-09-18 23:24:54
14,2.90088,0.58588,23207,4687,23207,4687,3.3,255,0,CleanAir,0.0,2026-09-18 23:24:54
15,2.93913,0.58563,23513,4685,23513,4685,3.3,255,0,CleanAir,0.0,2026-09-18 23:24:55
16,2.928,0.583,23424,4664,23424,4664,3.3,255,0,CleanAir,0.0,2026-09-18 23:24:55
17,2.96925,0.58138,23754,4651,23754,4651,3.3,255,0,CleanAir,0.0,2026-09-18 23:24:55
18,2.98575,0.58575,23886,4686,23886,4686,3.3,255,0,CleanAir,0.0,2026-09-18 23:24:56
19,2.9725,0.58463,23780,4677,23780,4677,3.3,255,0,CleanAir,0.0,2026-09-18 23:24:56
20,3.01075,0.58525,24086,4682,24086,4682,3.3,255,0,CleanAir,0.0,2026-09-18 23:24:57
21,2.99475,0.58538,23958,4683,23958,4683,3.3,255,0,CleanAir,0.0,2026-09-18 23:24:57
22,3.035,0.58275,24280,4662,24280,4662,3.3,255,0,CleanAir,0.0,2026-09-18 23:24:57
23,3.01913,0.586,24153,4688,24153,4688,3.3,255,0,CleanAir,0.0,2026-09-18 23:24:58
24,3.05525,0.58613,24442,4689,24442,4689,3.3,255,0,CleanAir,0.0,2026-09-18 23:24:58
25,3.03638,0.58613,24291,4689,24291,4689,3.3,255,0,CleanAir,0.0,2026-09-18 23:24:58
26,3.04525,0.58563,24362,4685,24362,4685,3.3,255,0,CleanAir,0.0,2026-09-18 23:24:59
27,3.06175,0.58625,24494,4690,24494,4690,3.3,255,0,CleanAir,0.0,2026-09-18 23:24:59
28,3.09163,0.58488,24733,4679,24733,4679,3.3,255,0,CleanAir,0.0,2026-09-18 23:24:59
29,3.07425,0.58625,24594,4690,24594,4690,3.3,255,0,CleanAir,0.0,2026-09-18 23:25:00
30,3.10638,0.583,24851,4664,24851,4664,3.3,255,0,CleanAir,0.0,2026-09-18 23:25:00
31,3.08513,0.58175,24681,4654,24681,4654,3.3,255,0,CleanAir,0.0,2026-09-18 23:25:01
32,3.12063,0.58163,24965,4653,24965,4653,3.3,255,0,CleanAir,0.0,2026-09-18 23:25:01
33,3.12688,0.58075,25015,4646,25015,4646,3.3,255,0,CleanAir,0.0,2026-09-18 23:25:01
34,3.13363,0.5825,25069,4660,25069,4660,3.3,255,0,CleanAir,0.0,2026-09-18 23:25:02
35,3.13725,0.586,25098,4688,25098,4688,3.3,255,0,CleanAir,0.0,2026-09-18 23:25:02
36,3.14438,0.5865,25155,4692,25155,4692,3.3,255,0,CleanAir,0.0,2026-09-18 23:25:02
37,3.14163,0.58625,25133,4690,25133,4690,3.3,255,0,CleanAir,0.0,2026-09-18 23:25:03
38,3.12038,0.58563,24963,4685,24963,4685,3.3,255,0,CleanAir,0.0,2026-09-18 23:25:03
39,3.163,0.583,25304,4664,25304,4664,3.3,255,0,CleanAir,0.0,2026-09-18 23:25:04
40,3.13813,0.58338,25105,4667,25105,4667,3.3,255,0,CleanAir,0.0,2026-09-18 23:25:04
41,3.17425,0.58225,25394,4658,25394,4658,3.3,255,0,CleanAir,0.0,2026-09-18 23:25:05
42,3.15225,0.5825,25218,4660,25218,4660,3.3,255,0,CleanAir,0.0,2026-09-18 23:25:05
43,3.1525,0.58363,25220,4669,25220,4669,3.3,255,0,CleanAir,0.0,2026-09-18 23:25:05
44,3.15625,0.58363,25250,4669,25250,4669,3.3,255,0,CleanAir,0.0,2026-09-18 23:25:06
45,3.18913,0.58488,25513,4679,25513,4679,3.3,255,0,CleanAir,0.0,2026-09-18 23:25:06
46,3.1795,0.58213,25436,4657,25436,4657,3.3,255,0,CleanAir,0.0,2026-09-18 23:25:06
47,3.19538,0.5835,25563,4668,25563,4668,3.3,255,0,CleanAir,0.0,2026-09-18 23:25:07
48,3.1755,0.58375,25404,4670,25404,4670,3.3,255,0,CleanAir,0.0,2026-09-18 23:25:07
49,3.20163,0.58188,25613,4655,25613,4655,3.3,255,0,CleanAir,0.0,2026-09-18 23:25:07
50,3.175,0.58263,25400,4661,25400,4661,3.3,255,0,CleanAir,0.0,2026-09-18 23:25:08
51,3.2065,0.58188,25652,4655,25652,4655,3.3,255,0,CleanAir,0.0,2026-09-18 23:25:08
52,3.202,0.58325,25616,4666,25616,4666,3.3,255,0,CleanAir,0.0,2026-09-18 23:25:09
53,3.21125,0.58588,25690,4687,25690,4687,3.3,255,0,CleanAir,0.0,2026-09-18 23:25:09
54,3.1845,0.58637,25476,4691,25476,4691,3.3,255,0,CleanAir,0.0,2026-09-18 23:25:09
55,3.21613,0.58338,25729,4667,25729,4667,3.3,255,0,CleanAir,0.0,2026-09-18 23:25:10
56,3.1885,0.58425,25508,4674,25508,4674,3.3,255,0,CleanAir,0.0,2026-09-18 23:25:10
57,3.22038,0.58138,25763,4651,25763,4651,3.3,255,0,CleanAir,0.0,2026-09-18 23:25:10
58,3.19263,0.582,25541,4656,25541,4656,3.3,255,0,CleanAir,0.0,2026-09-18 23:25:11
59,3.22513,0.5825,25801,4660,25801,4660,3.3,255,0,CleanAir,0.0,2026-09-18 23:25:11
60,3.21138,0.58637,25691,4691,25691,4691,3.3,255,0,CleanAir,0.0,2026-09-18 23:25:12
61,3.22763,0.58575,25821,4686,25821,4686,3.3,255,0,CleanAir,0.0,2026-09-18 23:25:12
62,3.20263,0.58313,25621,4665,25621,4665,3.3,255,0,CleanAir,0.0,2026-09-18 23:25:12
63,3.23038,0.58475,25843,4678,25843,4678,3.3,255,0,CleanAir,0.0,2026-09-18 23:25:13
64,3.20788,0.58125,25663,4650,25663,4650,3.3,255,0,CleanAir,0.0,2026-09-18 23:25:13
65,3.23338,0.58188,25867,4655,25867,4655,3.3,255,0,CleanAir,0.0,2026-09-18 23:25:13
66,3.23438,0.58625,25875,4690,25875,4690,3.3,255,0,CleanAir,0.0,2026-09-18 23:25:14
67,3.20563,0.58675,25645,4694,25645,4694,3.3,255,0,CleanAir,0.0,2026-09-18 23:25:14
68,3.23175,0.58263,25854,4661,25854,4661,3.3,255,0,CleanAir,0.0,2026-09-18 23:25:14
69,3.23738,0.58575,25899,4686,25899,4686,3.3,255,0,CleanAir,0.0,2026-09-18 23:25:15
70,3.23838,0.58238,25907,4659,25907,4659,3.3,255,0,CleanAir,0.0,2026-09-18 23:25:15
71,3.24025,0.58275,25922,4662,25922,4662,3.3,255,0,CleanAir,0.0,2026-09-18 23:25:16
72,3.23713,0.58213,25897,4657,25897,4657,3.3,255,0,CleanAir,0.0,2026-09-18 23:25:16
73,3.21138,0.583,25691,4664,25691,4664,3.3,255,0,CleanAir,0.0,2026-09-18 23:25:16
74,3.2435,0.58238,25948,4659,25948,4659,3.3,255,0,CleanAir,0.0,2026-09-18 23:25:17
75,3.214,0.58238,25712,4659,25712,4659,3.3,255,0,CleanAir,0.0,2026-09-18 23:25:17
76,3.2445,0.58625,25956,4690,25956,4690,3.3,255,0,CleanAir,0.0,2026-09-18 23:25:18
77,3.222,0.58263,25776,4661,25776,4661,3.3,255,0,CleanAir,0.0,2026-09-18 23:25:18
78,3.24663,0.58475,25973,4678,25973,4678,3.3,255,0,CleanAir,0.0,2026-09-18 23:25:18
79,3.24375,0.58538,25950,4683,25950,4683,3.3,255,0,CleanAir,0.0,2026-09-18 23:25:19
80,3.24825,0.583,25986,4664,25986,4664,3.3,255,0,CleanAir,0.0,2026-09-18 23:25:19
81,3.24863,0.58675,25989,4694,25989,4694,3.3,255,0,CleanAir,0.0,2026-09-18 23:25:19
82,3.21988,0.58563,25759,4685,25759,4685,3.3,255,0,CleanAir,0.0,2026-09-18 23:25:20
83,3.25,0.58188,26000,4655,26000,4655,3.3,255,0,CleanAir,0.0,2026-09-18 23:25:20
84,3.23225,0.58613,25858,4689,25858,4689,3.3,255,0,CleanAir,0.0,2026-09-18 23:25:20
85,3.2505,0.58513,26004,4681,26004,4681,3.3,255,0,CleanAir,0.0,2026-09-18 23:25:21
86,3.2215,0.5835,25772,4668,25772,4668,3.3,255,0,CleanAir,0.0,2026-09-18 23:25:21
87,3.25163,0.58575,26013,4686,26013,4686,3.3,255,0,CleanAir,0.0,2026-09-18 23:25:22
88,3.23413,0.5845,25873,4676,25873,4676,3.3,255,0,CleanAir,0.0,2026-09-18 23:25:22
89,3.24088,0.58125,25927,4650,25927,4650,3.3,255,0,CleanAir,0.0,2026-09-18 23:25:22
90,3.22863,0.581,25829,4648,25829,4648,3.3,255,0,CleanAir,0.0,2026-09-18 23:25:23
91,3.22413,0.58288,25793,4663,25793,4663,3.3,255,0,CleanAir,0.0,2026-09-18 23:25:23
92,3.25375,0.58575,26030,4686,26030,4686,3.3,255,0,CleanAir,0.0,2026-09-18 23:25:23
93,3.241,0.58475,25928,4678,25928,4678,3.3,255,0,CleanAir,0.0,2026-09-18 23:25:24
94,3.25513,0.58238,26041,4659,26041,4659,3.3,255,0,CleanAir,0.0,2026-09-18 23:25:24
95,3.245,0.58288,25960,4663,25960,4663,3.3,255,0,CleanAir,0.0,2026-09-18 23:25:24
96,3.256,0.58175,26048,4654,26048,4654,3.3,255,0,CleanAir,0.0,2026-09-18 23:25:25
97,3.22638,0.5835,25811,4668,25811,4668,3.3,255,0,CleanAir,0.0,2026-09-18 23:25:25
98,3.25638,0.58213,26051,4657,26051,4657,3.3,255,0,CleanAir,0.0,2026-09-18 23:25:26
99,3.2265,0.58525,25812,4682,25812,4682,3.3,255,0,CleanAir,0.0,2026-09-18 23:25:26
100,3.25713,0.58363,26057,4669,26057,4669,3.3,255,0,CleanAir,0.0,2026-09-18 23:25:26
101,3.2265,0.58325,25812,4666,25812,4666,3.3,255,0,CleanAir,0.0,2026-09-18 23:25:27
102,3.25775,0.5815,26062,4652,26062,4652,3.3,255,0,CleanAir,0.0,2026-09-18 23:25:27
103,3.22763,0.58163,25821,4653,25821,4653,3.3,255,0,CleanAir,0.0,2026-09-18 23:25:27
104,3.2445,0.58413,25956,4673,25956,4673,3.3,255,0,CleanAir,0.0,2026-09-18 23:25:28
105,3.25813,0.5865,26065,4692,26065,4692,3.3,255,0,CleanAir,0.0,2026-09-18 23:25:28
106,3.22825,0.584,25826,4672,25826,4672,3.3,255,0,CleanAir,0.0,2026-09-18 23:25:29
107,3.25625,0.5835,26050,4668,26050,4668,3.3,255,0,CleanAir,0.0,2026-09-18 23:25:29
108,3.258,0.58513,26064,4681,26064,4681,3.3,255,0,CleanAir,0.0,2026-09-18 23:25:29
109,3.23575,0.58637,25886,4691,25886,4691,3.3,255,0,CleanAir,0.0,2026-09-18 23:25:30
110,3.259,0.58163,26072,4653,26072,4653,3.3,255,0,CleanAir,0.0,2026-09-18 23:25:30
111,3.238,0.58388,25904,4671,25904,4671,3.3,255,0,CleanAir,0.0,2026-09-18 23:25:30
112,3.25863,0.58313,26069,4665,26069,4665,3.3,255,0,CleanAir,0.0,2026-09-18 23:25:31
113,3.2335,0.58188,25868,4655,25868,4655,3.3,255,0,CleanAir,0.0,2026-09-18 23:25:31
114,3.25275,0.58225,26022,4658,26022,4658,3.3,255,0,CleanAir,0.0,2026-09-18 23:25:32
115,3.22963,0.58375,25837,4670,25837,4670,3.3,255,0,CleanAir,0.0,2026-09-18 23:25:32
116,3.25975,0.5825,26078,4660,26078,4660,3.3,255,0,CleanAir,0.0,2026-09-18 23:25:32
117,3.25938,0.58675,26075,4694,26075,4694,3.3,255,0,CleanAir,0.0,2026-09-18 23:25:33
118,3.25938,0.586,26075,4688,26075,4688,3.3,255,0,CleanAir,0.0,2026-09-18 23:25:33
119,3.23475,0.58275,25878,4662,25878,4662,3.3,255,0,CleanAir,0.0,2026-09-18 23:25:34
120,3.25975,0.58225,26078,4658,26078,4658,3.3,255,0,CleanAir,0.0,2026-09-18 23:25:34
121,3.23063,0.58225,25845,4658,25845,4658,3.3,255,0,CleanAir,0.0,2026-09-18 23:25:34
122,3.26125,0.5845,26090,4676,26090,4676,3.3,255,0,CleanAir,0.0,2026-09-18 23:25:35
123,3.23038,0.58288,25843,4663,25843,4663,3.3,255,0,CleanAir,0.0,2026-09-18 23:25:35
124,3.26013,0.58625,26081,4690,26081,4690,3.3,255,0,CleanAir,0.0,2026-09-18 23:25:35
125,3.435,0.58175,27480,4654,27480,4654,0.0,0,0,CleanAir,0.0,2026-09-18 23:25:36
126,3.44875,0.582,27590,4656,27590,4656,0.0,0,0,CleanAir,0.0,2026-09-18 23:25:36
127,3.39338,0.5815,27147,4652,27147,4652,0.0,0,0,CleanAir,0.0,2026-09-18 23:25:36
128,3.39375,0.58263,27150,4661,27150,4661,0.0,0,0,CleanAir,0.0,2026-09-18 23:25:37
129,3.34025,0.57863,26722,4629,26722,4629,0.0,0,0,CleanAir,0.0,2026-09-18 23:25:37
130,3.34813,0.581,26785,4648,26785,4648,0.0,0,0,CleanAir,0.0,2026-09-18 23:25:38
131,3.29663,0.57975,26373,4638,26373,4638,0.0,0,0,CleanAir,0.0,2026-09-18 23:25:38
132,3.30475,0.57775,26438,4622,26438,4622,0.0,0,0,CleanAir,0.0,2026-09-18 23:25:38
133,3.25763,0.57963,26061,4637,26061,4637,0.0,0,0,CleanAir,0.0,2026-09-18 23:25:39
134,3.235,0.58013,25880,4641,25880,4641,0.0,0,0,CleanAir,0.0,2026-09-18 23:25:39
135,3.2435,0.58225,25948,4658,25948,4658,0.0,0,0,CleanAir,0.0,2026-09-18 23:25:39
136,3.22463,0.57888,25797,4631,25797,4631,0.0,0,0,CleanAir,0.0,2026-09-18 23:25:40
137,3.20588,0.57812,25647,4625,25647,4625,0.0,0,0,CleanAir,0.0,2026-09-18 23:25:40
138,3.18925,0.57863,25514,4629,25514,4629,0.0,0,0,CleanAir,0.0,2026-09-18 23:25:40
139,3.14338,0.57863,25147,4629,25147,4629,0.0,0,0,CleanAir,0.0,2026-09-18 23:25:41
140,3.15488,0.58225,25239,4658,25239,4658,0.0,0,0,CleanAir,0.0,2026-09-18 23:25:41
141,3.12175,0.58225,24974,4658,24974,4658,0.0,0,0,CleanAir,0.0,2026-09-18 23:25:42
142,3.12288,0.58013,24983,4641,24983,4641,0.0,0,0,CleanAir,0.0,2026-09-18 23:25:42
143,3.0795,0.57788,24636,4623,24636,4623,0.0,0,0,CleanAir,0.0,2026-09-18 23:25:42
144,3.09338,0.58075,24747,4646,24747,4646,0.0,0,0,CleanAir,0.0,2026-09-18 23:25:43
145,3.05825,0.5815,24466,4652,24466,4652,0.0,0,0,CleanAir,0.0,2026-09-18 23:25:43
146,3.03638,0.577,24291,4616,24291,4616,0.0,0,0,CleanAir,0.0,2026-09-18 23:25:43
147,3.02625,0.57913,24210,4633,24210,4633,0.0,0,0,CleanAir,0.0,2026-09-18 23:25:44
148,3.03775,0.57738,24302,4619,24302,4619,0.0,0,0,CleanAir,0.0,2026-09-18 23:25:44
149,3.02425,0.58225,24194,4658,24194,4658,0.0,0,0,CleanAir,0.0,2026-09-18 23:25:44
150,3.01213,0.582,24097,4656,24097,4656,0.0,0,0,CleanAir,0.0,2026-09-18 23:25:45
151,2.99988,0.58063,23999,4645,23999,4645,0.0,0,0,CleanAir,0.0,2026-09-18 23:25:45
152,2.98838,0.57975,23907,4638,23907,4638,0.0,0,0,CleanAir,0.0,2026-09-18 23:25:45
153,2.95925,0.57675,23674,4614,23674,4614,0.0,0,0,CleanAir,0.0,2026-09-18 23:25:46
154,2.96763,0.57713,23741,4617,23741,4617,0.0,0,0,CleanAir,0.0,2026-09-18 23:25:46
155,2.93038,0.57863,23443,4629,23443,4629,0.0,0,0,CleanAir,0.0,2026-09-18 23:25:47
156,2.91975,0.57888,23358,4631,23358,4631,0.0,0,0,CleanAir,0.0,2026-09-18 23:25:47
157,2.91025,0.58038,23282,4643,23282,4643,0.0,0,0,CleanAir,0.0,2026-09-18 23:25:47
158,2.90188,0.57875,23215,4630,23215,4630,0.0,0,0,CleanAir,0.0,2026-09-18 23:25:48
159,2.91738,0.57875,23339,4630,23339,4630,0.0,0,0,CleanAir,0.0,2026-09-18 23:25:48
160,2.88175,0.57975,23054,4638,23054,4638,0.0,0,0,CleanAir,0.0,2026-09-18 23:25:48
161,2.89913,0.58063,23193,4645,23193,4645,0.0,0,0,CleanAir,0.0,2026-09-18 23:25:49
162,2.8915,0.57875,23132,4630,23132,4630,0.0,0,0,CleanAir,0.0,2026-09-18 23:25:49
163,2.87838,0.57863,23027,4629,23027,4629,0.0,0,0,CleanAir,0.0,2026-09-18 23:25:49
164,2.87625,0.58063,23010,4645,23010,4645,0.0,0,0,CleanAir,0.0,2026-09-18 23:25:50
165,2.85163,0.58213,22813,4657,22813,4657,0.0,0,0,CleanAir,0.0,2026-09-18 23:25:50
166,2.8605,0.58013,22884,4641,22884,4641,0.0,0,0,CleanAir,0.0,2026-09-18 23:25:50
167,2.8275,0.5815,22620,4652,22620,4652,0.0,0,0,CleanAir,0.0,2026-09-18 23:25:51
168,2.846,0.58025,22768,4642,22768,4642,0.0,0,0,CleanAir,0.0,2026-09-18 23:25:51
169,2.83738,0.577,22699,4616,22699,4616,0.0,0,0,CleanAir,0.0,2026-09-18 23:25:52
170,2.82638,0.58188,22611,4655,22611,4655,0.0,0,0,CleanAir,0.0,2026-09-18 23:25:52
171,2.7955,0.57925,22364,4634,22364,4634,0.0,0,0,CleanAir,0.0,2026-09-18 23:25:53
172,2.81563,0.57838,22525,4627,22525,4627,0.0,0,0,CleanAir,0.0,2026-09-18 23:25:53
173,2.79663,0.578,22373,4624,22373,4624,0.0,0,0,CleanAir,0.0,2026-09-18 23:25:54
174,2.79025,0.57888,22322,4631,22322,4631,0.0,0,0,CleanAir,0.0,2026-09-18 23:25:55
175,2.78075,0.58163,22246,4653,22246,4653,0.0,0,0,CleanAir,0.0,2026-09-18 23:25:55
176,2.77588,0.57825,22207,4626,22207,4626,0.0,0,0,CleanAir,0.0,2026-09-18 23:25:56
177,2.74688,0.5815,21975,4652,21975,4652,0.0,0,0,CleanAir,0.0,2026-09-18 23:25:56
178,2.76763,0.57738,22141,4619,22141,4619,0.0,0,0,CleanAir,0.0,2026-09-18 23:25:57
179,2.76213,0.58125,22097,4650,22097,4650,0.0,0,0,CleanAir,0.0,2026-09-18 23:25:57
180,2.758,0.582,22064,4656,22064,4656,0.0,0,0,CleanAir,0.0,2026-09-18 23:25:57
181,2.75363,0.578,22029,4624,22029,4624,0.0,0,0,CleanAir,0.0,2026-09-18 23:25:58
182,2.74988,0.57775,21999,4622,21999,4622,0.0,0,0,CleanAir,0.0,2026-09-18 23:25:58
183,2.74425,0.57688,21954,4615,21954,4615,0.0,0,0,CleanAir,0.0,2026-09-18 23:25:59
184,2.71688,0.57812,21735,4625,21735,4625,0.0,0,0,CleanAir,0.0,2026-09-18 23:25:59
185,2.73825,0.57625,21906,4610,21906,4610,0.0,0,0,CleanAir,0.0,2026-09-18 23:26:00
186,2.72675,0.57838,21814,4627,21814,4627,0.0,0,0,CleanAir,0.0,2026-09-18 23:26:00
187,2.73088,0.578,21847,4624,21847,4624,0.0,0,0,CleanAir,0.0,2026-09-18 23:26:01
188,2.70388,0.57788,21631,4623,21631,4623,0.0,0,0,CleanAir,0.0,2026-09-18 23:26:01
189,2.72638,0.5795,21811,4636,21811,4636,0.0,0,0,CleanAir,0.0,2026-09-18 23:26:01
190,2.72225,0.58188,21778,4655,21778,4655,0.0,0,0,CleanAir,0.0,2026-09-18 23:26:02
191,2.7205,0.57825,21764,4626,21764,4626,0.0,0,0,CleanAir,0.0,2026-09-18 23:26:02
192,2.71875,0.57925,21750,4634,21750,4634,0.0,0,0,CleanAir,0.0,2026-09-18 23:26:02
193,2.7165,0.58125,21732,4650,21732,4650,0.0,0,0,CleanAir,0.0,2026-09-18 23:26:03
194,2.71288,0.58025,21703,4642,21703,4642,0.0,0,0,CleanAir,0.0,2026-09-18 23:26:03
195,2.69738,0.57675,21579,4614,21579,4614,0.0,0,0,CleanAir,0.0,2026-09-18 23:26:04
196,2.70963,0.5785,21677,4628,21677,4628,0.0,0,0,CleanAir,0.0,2026-09-18 23:26:04
197,2.682,0.57638,21456,4611,21456,4611,0.0,0,0,CleanAir,0.0,2026-09-18 23:26:04
198,2.70525,0.57713,21642,4617,21642,4617,0.0,0,0,CleanAir,0.0,2026-09-18 23:26:05
199,2.67825,0.57812,21426,4625,21426,4625,0.0,0,0,CleanAir,0.0,2026-09-18 23:26:05
200,2.7015,0.58163,21612,4653,21612,4653,0.0,0,0,CleanAir,0.0,2026-09-18 23:26:06
201,2.69913,0.58113,21593,4649,21593,4649,0.0,0,0,CleanAir,0.0,2026-09-18 23:26:06
202,2.67338,0.58,21387,4640,21387,4640,0.0,0,0,CleanAir,0.0,2026-09-18 23:26:06
203,2.69663,0.57625,21573,4610,21573,4610,0.0,0,0,CleanAir,0.0,2026-09-18 23:26:07
204,2.69513,0.5785,21561,4628,21561,4628,0.0,0,0,CleanAir,0.0,2026-09-18 23:26:07
205,2.66875,0.57888,21350,4631,21350,4631,0.0,0,0,CleanAir,0.0,2026-09-18 23:26:08
206,2.68988,0.57938,21519,4635,21519,4635,0.0,0,0,CleanAir,0.0,2026-09-18 23:26:08
207,2.66425,0.57838,21314,4627,21314,4627,0.0,0,0,CleanAir,0.0,2026-09-18 23:26:09
208,2.66225,0.579,21298,4632,21298,4632,0.0,0,0,CleanAir,0.0,2026-09-18 23:26:09
209,2.68738,0.57825,21499,4626,21499,4626,0.0,0,0,CleanAir,0.0,2026-09-18 23:26:10
210,2.6855,0.58113,21484,4649,21484,4649,0.0,0,0,CleanAir,0.0,2026-09-18 23:26:10
211,2.68463,0.578,21477,4624,21477,4624,0.0,0,0,CleanAir,0.0,2026-09-18 23:26:10
212,2.68425,0.57825,21474,4626,21474,4626,0.0,0,0,CleanAir,0.0,2026-09-18 23:26:11
213,2.68375,0.5785,21470,4628,21470,4628,0.0,0,0,CleanAir,0.0,2026-09-18 23:26:11
214,2.65725,0.577,21258,4616,21258,4616,0.0,0,0,CleanAir,0.0,2026-09-18 23:26:11
215,2.653,0.577,21224,4616,21224,4616,0.0,0,0,CleanAir,0.0,2026-09-18 23:26:12
216,2.66863,0.57725,21349,4618,21349,4618,0.0,0,0,CleanAir,0.0,2026-09-18 23:26:12
217,2.67975,0.5785,21438,4628,21438,4628,0.0,0,0,CleanAir,0.0,2026-09-18 23:26:13
218,2.67788,0.58163,21423,4653,21423,4653,0.0,0,0,CleanAir,0.0,2026-09-18 23:26:13
219,2.66488,0.5795,21319,4636,21319,4636,0.0,0,0,CleanAir,0.0,2026-09-18 23:26:13
220,2.67663,0.58113,21413,4649,21413,4649,0.0,0,0,CleanAir,0.0,2026-09-18 23:26:14
221,2.67625,0.57775,21410,4622,21410,4622,0.0,0,0,CleanAir,0.0,2026-09-18 23:26:14
222,2.67563,0.57875,21405,4630,21405,4630,0.0,0,0,CleanAir,0.0,2026-09-18 23:26:15
223,2.65038,0.57838,21203,4627,21203,4627,0.0,0,0,CleanAir,0.0,2026-09-18 23:26:15
224,2.64913,0.58175,21193,4654,21193,4654,0.0,0,0,CleanAir,0.0,2026-09-18 23:26:15
225,2.67338,0.58213,21387,4657,21387,4657,0.0,0,0,CleanAir,0.0,2026-09-18 23:26:16
226,2.64775,0.58075,21182,4646,21182,4646,0.0,0,0,CleanAir,0.0,2026-09-18 23:26:16
227,2.6715,0.58175,21372,4654,21372,4654,0.0,0,0,CleanAir,0.0,2026-09-18 23:26:17
228,2.64688,0.58125,21175,4650,21175,4650,0.0,0,0,CleanAir,0.0,2026-09-18 23:26:17
229,2.671,0.57975,21368,4638,21368,4638,0.0,0,0,CleanAir,0.0,2026-09-18 23:26:18
230,2.67013,0.58138,21361,4651,21361,4651,0.0,0,0,CleanAir,0.0,2026-09-18 23:26:18
231,2.64613,0.57812,21169,4625,21169,4625,0.0,0,0,CleanAir,0.0,2026-09-18 23:26:18
232,2.67013,0.58163,21361,4653,21361,4653,0.0,0,0,CleanAir,0.0,2026-09-18 23:26:19
233,2.66838,0.58175,21347,4654,21347,4654,0.0,0,0,CleanAir,0.0,2026-09-18 23:26:19
234,2.64725,0.5805,21178,4644,21178,4644,0.0,0,0,CleanAir,0.0,2026-09-18 23:26:20
235,2.66825,0.578,21346,4624,21346,4624,0.0,0,0,CleanAir,0.0,2026-09-18 23:26:20
236,2.66775,0.57788,21342,4623,21342,4623,0.0,0,0,CleanAir,0.0,2026-09-18 23:26:20
237,2.66688,0.577,21335,4616,21335,4616,0.0,0,0,CleanAir,0.0,2026-09-18 23:26:21
238,2.66725,0.57825,21338,4626,21338,4626,0.0,0,0,CleanAir,0.0,2026-09-18 23:26:21
239,2.66663,0.57838,21333,4627,21333,4627,0.0,0,0,CleanAir,0.0,2026-09-18 23:26:21
240,2.66588,0.57775,21327,4622,21327,4622,0.0,0,0,CleanAir,0.0,2026-09-18 23:26:22
241,2.66525,0.57988,21322,4639,21322,4639,0.0,0,0,CleanAir,0.0,2026-09-18 23:26:22
242,2.66025,0.57713,21282,4617,21282,4617,0.0,0,0,CleanAir,0.0,2026-09-18 23:26:23
243,2.66488,0.58188,21319,4655,21319,4655,0.0,0,0,CleanAir,0.0,2026-09-18 23:26:23
244,2.64075,0.57738,21126,4619,21126,4619,0.0,0,0,CleanAir,0.0,2026-09-18 23:26:23
245,2.66463,0.581,21317,4648,21317,4648,0.0,0,0,CleanAir,0.0,2026-09-18 23:26:24
246,2.6595,0.57812,21276,4625,21276,4625,0.0,0,0,CleanAir,0.0,2026-09-18 23:26:24
247,2.66363,0.57688,21309,4615,21309,4615,0.0,0,0,CleanAir,0.0,2026-09-18 23:26:25
248,2.63938,0.58038,21115,4643,21115,4643,0.0,0,0,CleanAir,0.0,2026-09-18 23:26:25
249,2.66325,0.57738,21306,4619,21306,4619,0.0,0,0,CleanAir,0.0,2026-09-18 23:26:26
0,2.50525,0.58088,20042,4647,20042,4647,3.3,255,0,CleanAir,0.0,2026-09-18 23:26:26
1,2.554,0.58125,20432,4650,20432,4650,3.3,255,0,CleanAir,0.0,2026-09-18 23:26:26
2,2.592,0.58513,20736,4681,20736,4681,3.3,255,0,CleanAir,0.0,2026-09-18 23:26:27
3,2.60063,0.58588,20805,4687,20805,4687,3.3,255,0,CleanAir,0.0,2026-09-18 23:26:27
4,2.65525,0.58625,21242,4690,21242,4690,3.3,255,0,CleanAir,0.0,2026-09-18 23:26:27
5,2.686,0.58325,21488,4666,21488,4666,3.3,255,0,CleanAir,0.0,2026-09-18 23:26:28
6,2.72213,0.58613,21777,4689,21777,4689,3.3,255,0,CleanAir,0.0,2026-09-18 23:26:28
7,2.72388,0.58637,21791,4691,21791,4691,3.3,255,0,CleanAir,0.0,2026-09-18 23:26:29
8,2.7725,0.58538,22180,4683,22180,4683,3.3,255,0,CleanAir,0.0,2026-09-18 23:26:29
9,2.77325,0.58588,22186,4687,22186,4687,3.3,255,0,CleanAir,0.0,2026-09-18 23:26:29
10,2.82138,0.583,22571,4664,22571,4664,3.3,255,0,CleanAir,0.0,2026-09-18 23:26:30
11,2.8425,0.582,22740,4656,22740,4656,3.3,255,0,CleanAir,0.0,2026-09-18 23:26:30
12,2.853,0.58213,22824,4657,22824,4657,3.3,255,0,CleanAir,0.0,2026-09-18 23:26:30
13,2.85513,0.58588,22841,4687,22841,4687,3.3,255,0,CleanAir,0.0,2026-09-18 23:26:31
14,2.89863,0.58525,23189,4682,23189,4682,3.3,255,0,CleanAir,0.0,2026-09-18 23:26:31
15,2.916,0.58175,23328,4654,23328,4654,3.3,255,0,CleanAir,0.0,2026-09-18 23:26:32
16,2.9335,0.58238,23468,4659,23468,4659,3.3,255,0,CleanAir,0.0,2026-09-18 23:26:32
17,2.94613,0.58213,23569,4657,23569,4657,3.3,255,0,CleanAir,0.0,2026-09-18 23:26:32
18,2.93638,0.58175,23491,4654,23491,4654,3.3,255,0,CleanAir,0.0,2026-09-18 23:26:33
19,2.97775,0.58125,23822,4650,23822,4650,3.3,255,0,CleanAir,0.0,2026-09-18 23:26:33
20,2.98238,0.586,23859,4688,23859,4688,3.3,255,0,CleanAir,0.0,2026-09-18 23:26:33
21,3.00388,0.58637,24031,4691,24031,4691,3.3,255,0,CleanAir,0.0,2026-09-18 23:26:34
22,3.00325,0.58563,24026,4685,24026,4685,3.3,255,0,CleanAir,0.0,2026-09-18 23:26:34
23,3.02763,0.586,24221,4688,24221,4688,3.3,255,0,CleanAir,0.0,2026-09-18 23:26:34
24,3.01375,0.58163,24110,4653,24110,4653,3.3,255,0,CleanAir,0.0,2026-09-18 23:26:35
25,3.05238,0.58225,24419,4658,24419,4658,3.3,255,0,CleanAir,0.0,2026-09-18 23:26:35
26,3.06113,0.583,24489,4664,24489,4664,3.3,255,0,CleanAir,0.0,2026-09-18 23:26:36
27,3.07125,0.58163,24570,4653,24570,4653,3.3,255,0,CleanAir,0.0,2026-09-18 23:26:36
28,3.0795,0.58388,24636,4671,24636,4671,3.3,255,0,CleanAir,0.0,2026-09-18 23:26:36
29,3.08963,0.58463,24717,4677,24717,4677,3.3,255,0,CleanAir,0.0,2026-09-18 23:26:37
30,3.09738,0.58637,24779,4691,24779,4691,3.3,255,0,CleanAir,0.0,2026-09-18 23:26:37
31,3.10488,0.58637,24839,4691,24839,4691,3.3,255,0,CleanAir,0.0,2026-09-18 23:26:37
32,3.11163,0.58575,24893,4686,24893,4686,3.3,255,0,CleanAir,0.0,2026-09-18 23:26:38
33,3.09038,0.58213,24723,4657,24723,4657,3.3,255,0,CleanAir,0.0,2026-09-18 23:26:38
34,3.1075,0.58338,24860,4667,24860,4667,3.3,255,0,CleanAir,0.0,2026-09-18 23:26:39
35,3.104,0.58338,24832,4667,24832,4667,3.3,255,0,CleanAir,0.0,2026-09-18 23:26:39
36,3.13813,0.58588,25105,4687,25105,4687,3.3,255,0,CleanAir,0.0,2026-09-18 23:26:39
37,3.12013,0.582,24961,4656,24961,4656,3.3,255,0,CleanAir,0.0,2026-09-18 23:26:40
38,3.14938,0.58275,25195,4662,25195,4662,3.3,255,0,CleanAir,0.0,2026-09-18 23:26:40
39,3.12638,0.58288,25011,4663,25011,4663,3.3,255,0,CleanAir,0.0,2026-09-18 23:26:40
40,3.14438,0.58575,25155,4686,25155,4686,3.3,255,0,CleanAir,0.0,2026-09-18 23:26:41
41,3.14325,0.5825,25146,4660,25146,4660,3.3,255,0,CleanAir,0.0,2026-09-18 23:26:41
42,3.13975,0.58188,25118,4655,25118,4655,3.3,255,0,CleanAir,0.0,2026-09-18 23:26:41
43,3.14838,0.58325,25187,4666,25187,4666,3.3,255,0,CleanAir,0.0,2026-09-18 23:26:42
44,3.1775,0.58275,25420,4662,25420,4662,3.3,255,0,CleanAir,0.0,2026-09-18 23:26:42
45,3.1525,0.58538,25220,4683,25220,4683,3.3,255,0,CleanAir,0.0,2026-09-18 23:26:42
46,3.1845,0.58588,25476,4687,25476,4687,3.3,255,0,CleanAir,0.0,2026-09-18 23:26:43
47,3.16313,0.58438,25305,4675,25305,4675,3.3,255,0,CleanAir,0.0,2026-09-18 23:26:43
48,3.191,0.58588,25528,4687,25528,4687,3.3,255,0,CleanAir,0.0,2026-09-18 23:26:44
49,3.16463,0.58613,25317,4689,25317,4689,3.3,255,0,CleanAir,0.0,2026-09-18 23:26:44
50,3.19825,0.5855,25586,4684,25586,4684,3.3,255,0,CleanAir,0.0,2026-09-18 23:26:44
51,3.17113,0.58637,25369,4691,25369,4691,3.3,255,0,CleanAir,0.0,2026-09-18 23:26:45
52,3.20325,0.58263,25626,4661,25626,4661,3.3,255,0,CleanAir,0.0,2026-09-18 23:26:45
53,3.18863,0.58588,25509,4687,25509,4687,3.3,255,0,CleanAir,0.0,2026-09-18 23:26:45
54,3.17963,0.58525,25437,4682,25437,4682,3.3,255,0,CleanAir,0.0,2026-09-18 23:26:46
55,3.21188,0.58588,25695,4687,25695,4687,3.3,255,0,CleanAir,0.0,2026-09-18 23:26:46
56,3.20275,0.586,25622,4688,25622,4688,3.3,255,0,CleanAir,0.0,2026-09-18 23:26:47
57,3.21713,0.58363,25737,4669,25737,4669,3.3,255,0,CleanAir,0.0,2026-09-18 23:26:47
58,3.189,0.58275,25512,4662,25512,4662,3.3,255,0,CleanAir,0.0,2026-09-18 23:26:47
59,3.22038,0.58138,25763,4651,25763,4651,3.3,255,0,CleanAir,0.0,2026-09-18 23:26:48
60,3.2195,0.58563,25756,4685,25756,4685,3.3,255,0,CleanAir,0.0,2026-09-18 23:26:48
61,3.194,0.58525,25552,4682,25552,4682,3.3,255,0,CleanAir,0.0,2026-09-18 23:26:48
62,3.22663,0.58313,25813,4665,25813,4665,3.3,255,0,CleanAir,0.0,2026-09-18 23:26:49
63,3.22825,0.58275,25826,4662,25826,4662,3.3,255,0,CleanAir,0.0,2026-09-18 23:26:49
64,3.22875,0.58188,25830,4655,25830,4655,3.3,255,0,CleanAir,0.0,2026-09-18 23:26:50
65,3.2315,0.5825,25852,4660,25852,4660,3.3,255,0,CleanAir,0.0,2026-09-18 23:26:50
66,3.20338,0.58263,25627,4661,25627,4661,3.3,255,0,CleanAir,0.0,2026-09-18 23:26:51
67,3.2345,0.58625,25876,4690,25876,4690,3.3,255,0,CleanAir,0.0,2026-09-18 23:26:51
68,3.23575,0.58163,25886,4653,25886,4653,3.3,255,0,CleanAir,0.0,2026-09-18 23:26:51
69,3.2255,0.58588,25804,4687,25804,4687,3.3,255,0,CleanAir,0.0,2026-09-18 23:26:52
70,3.23813,0.58425,25905,4674,25905,4674,3.3,255,0,CleanAir,0.0,2026-09-18 23:26:52
71,3.23963,0.58163,25917,4653,25917,4653,3.3,255,0,CleanAir,0.0,2026-09-18 23:26:52
72,3.21163,0.58338,25693,4667,25693,4667,3.3,255,0,CleanAir,0.0,2026-09-18 23:26:53
73,3.24125,0.58613,25930,4689,25930,4689,3.3,255,0,CleanAir,0.0,2026-09-18 23:26:53
74,3.241,0.58575,25928,4686,25928,4686,3.3,255,0,CleanAir,0.0,2026-09-18 23:26:53
75,3.243,0.58363,25944,4669,25944,4669,3.3,255,0,CleanAir,0.0,2026-09-18 23:26:54
76,3.2215,0.5815,25772,4652,25772,4652,3.3,255,0,CleanAir,0.0,2026-09-18 23:26:54
77,3.24563,0.58325,25965,4666,25965,4666,3.3,255,0,CleanAir,0.0,2026-09-18 23:26:54
78,3.216,0.58313,25728,4665,25728,4665,3.3,255,0,CleanAir,0.0,2026-09-18 23:26:55
79,3.24725,0.58388,25978,4671,25978,4671,3.3,255,0,CleanAir,0.0,2026-09-18 23:26:55
80,3.23663,0.58175,25893,4654,25893,4654,3.3,255,0,CleanAir,0.0,2026-09-18 23:26:56
81,3.24825,0.5825,25986,4660,25986,4660,3.3,255,0,CleanAir,0.0,2026-09-18 23:26:56
82,3.2485,0.58275,25988,4662,25988,4662,3.3,255,0,CleanAir,0.0,2026-09-18 23:26:56
83,3.24938,0.58163,25995,4653,25995,4653,3.3,255,0,CleanAir,0.0,2026-09-18 23:26:57
84,3.22063,0.58225,25765,4658,25765,4658,3.3,255,0,CleanAir,0.0,2026-09-18 23:26:57
85,3.25088,0.5845,26007,4676,26007,4676,3.3,255,0,CleanAir,0.0,2026-09-18 23:26:57
86,3.22925,0.58413,25834,4673,25834,4673,3.3,255,0,CleanAir,0.0,2026-09-18 23:26:58
87,3.25113,0.58625,26009,4690,26009,4690,3.3,255,0,CleanAir,0.0,2026-09-18 23:26:58
88,3.22163,0.58613,25773,4689,25773,4689,3.3,255,0,CleanAir,0.0,2026-09-18 23:26:58
89,3.25275,0.58288,26022,4663,26022,4663,3.3,255,0,CleanAir,0.0,2026-09-18 23:26:59
90,3.23513,0.58575,25881,4686,25881,4686,3.3,255,0,CleanAir,0.0,2026-09-18 23:26:59
91,3.22338,0.58575,25787,4686,25787,4686,3.3,255,0,CleanAir,0.0,2026-09-18 23:27:00
92,3.23675,0.5865,25894,4692,25894,4692,3.3,255,0,CleanAir,0.0,2026-09-18 23:27:00
93,3.254,0.586,26032,4688,26032,4688,3.3,255,0,CleanAir,0.0,2026-09-18 23:27:00
94,3.22575,0.58637,25806,4691,25806,4691,3.3,255,0,CleanAir,0.0,2026-09-18 23:27:01
95,3.2545,0.58325,26036,4666,26036,4666,3.3,255,0,CleanAir,0.0,2026-09-18 23:27:01
96,3.25288,0.58238,26023,4659,26023,4659,3.3,255,0,CleanAir,0.0,2026-09-18 23:27:01
97,3.25575,0.58313,26046,4665,26046,4665,3.3,255,0,CleanAir,0.0,2026-09-18 23:27:02
98,3.22525,0.58288,25802,4663,25802,4663,3.3,255,0,CleanAir,0.0,2026-09-18 23:27:02
99,3.2565,0.5825,26052,4660,26052,4660,3.3,255,0,CleanAir,0.0,2026-09-18 23:27:02
100,3.22588,0.58275,25807,4662,25807,4662,3.3,255,0,CleanAir,0.0,2026-09-18 23:27:03
101,3.257,0.58338,26056,4667,26056,4667,3.3,255,0,CleanAir,0.0,2026-09-18 23:27:03
102,3.22825,0.58138,25826,4651,25826,4651,3.3,255,0,CleanAir,0.0,2026-09-18 23:27:03
103,3.22588,0.58363,25807,4669,25807,4669,3.3,255,0,CleanAir,0.0,2026-09-18 23:27:04
104,3.22975,0.58238,25838,4659,25838,4659,3.3,255,0,CleanAir,0.0,2026-09-18 23:27:04
105,3.22763,0.58375,25821,4670,25821,4670,3.3,255,0,CleanAir,0.0,2026-09-18 23:27:05
106,3.22788,0.584,25823,4672,25823,4672,3.3,255,0,CleanAir,0.0,2026-09-18 23:27:05
107,3.25788,0.58625,26063,4690,26063,4690,3.3,255,0,CleanAir,0.0,2026-09-18 23:27:05
108,3.228,0.58637,25824,4691,25824,4691,3.3,255,0,CleanAir,0.0,2026-09-18 23:27:06
109,3.25775,0.5865,26062,4692,26062,4692,3.3,255,0,CleanAir,0.0,2026-09-18 23:27:06
110,3.22875,0.58637,25830,4691,25830,4691,3.3,255,0,CleanAir,0.0,2026-09-18 23:27:06
111,3.25775,0.586,26062,4688,26062,4688,3.3,255,0,CleanAir,0.0,2026-09-18 23:27:07
112,3.228,0.58163,25824,4653,25824,4653,3.3,255,0,CleanAir,0.0,2026-09-18 23:27:07
113,3.25913,0.58388,26073,4671,26073,4671,3.3,255,0,CleanAir,0.0,2026-09-18 23:27:07
114,3.22888,0.58637,25831,4691,25831,4691,3.3,255,0,CleanAir,0.0,2026-09-18 23:27:08
115,3.25313,0.585,26025,4680,26025,4680,3.3,255,0,CleanAir,0.0,2026-09-18 23:27:08
116,3.23588,0.58663,25887,4693,25887,4693,3.3,255,0,CleanAir,0.0,2026-09-18 23:27:08
117,3.22975,0.585,25838,4680,25838,4680,3.3,255,0,CleanAir,0.0,2026-09-18 23:27:09
118,3.23638,0.58637,25891,4691,25891,4691,3.3,255,0,CleanAir,0.0,2026-09-18 23:27:09
119,3.25938,0.58675,26075,4694,26075,4694,3.3,255,0,CleanAir,0.0,2026-09-18 23:27:10
120,3.23363,0.586,25869,4688,25869,4688,3.3,255,0,CleanAir,0.0,2026-09-18 23:27:10
121,3.25925,0.58425,26074,4674,26074,4674,3.3,255,0,CleanAir,0.0,2026-09-18 23:27:10
122,3.23075,0.58338,25846,4667,25846,4667,3.3,255,0,CleanAir,0.0,2026-09-18 23:27:11
123,3.26025,0.582,26082,4656,26082,4656,3.3,255,0,CleanAir,0.0,2026-09-18 23:27:11
124,3.26025,0.58637,26082,4691,26082,4691,3.3,255,0,CleanAir,0.0,2026-09-18 23:27:11
125,3.43538,0.581,27483,4648,27483,4648,0.0,0,0,CleanAir,0.0,2026-09-18 23:27:12
126,3.44888,0.58238,27591,4659,27591,4659,0.0,0,0,CleanAir,0.0,2026-09-18 23:27:12
127,3.41788,0.578,27343,4624,27343,4624,0.0,0,0,CleanAir,0.0,2026-09-18 23:27:13
128,3.40125,0.57825,27210,4626,27210,4626,0.0,0,0,CleanAir,0.0,2026-09-18 23:27:13
129,3.35938,0.57963,26875,4637,26875,4637,0.0,0,0,CleanAir,0.0,2026-09-18 23:27:13
130,3.355,0.58238,26840,4659,26840,4659,0.0,0,0,CleanAir,0.0,2026-09-18 23:27:14
131,3.304,0.58175,26432,4654,26432,4654,0.0,0,0,CleanAir,0.0,2026-09-18 23:27:14
132,3.2815,0.58163,26252,4653,26252,4653,0.0,0,0,CleanAir,0.0,2026-09-18 23:27:14
133,3.26088,0.57963,26087,4637,26087,4637,0.0,0,0,CleanAir,0.0,2026-09-18 23:27:15
134,3.2705,0.57925,26164,4634,26164,4634,0.0,0,0,CleanAir,0.0,2026-09-18 23:27:15
135,3.24975,0.57775,25998,4622,25998,4622,0.0,0,0,CleanAir,0.0,2026-09-18 23:27:15
136,3.2315,0.578,25852,4624,25852,4624,0.0,0,0,CleanAir,0.0,2026-09-18 23:27:16
137,3.2135,0.57863,25708,4629,25708,4629,0.0,0,0,CleanAir,0.0,2026-09-18 23:27:16
138,3.19563,0.57825,25565,4626,25565,4626,0.0,0,0,CleanAir,0.0,2026-09-18 23:27:17
139,3.17125,0.58025,25370,4642,25370,4642,0.0,0,0,CleanAir,0.0,2026-09-18 23:27:17
140,3.12538,0.57863,25003,4629,25003,4629,0.0,0,0,CleanAir,0.0,2026-09-18 23:27:17
141,3.13838,0.58163,25107,4653,25107,4653,0.0,0,0,CleanAir,0.0,2026-09-18 23:27:18
142,3.115,0.58138,24920,4651,24920,4651,0.0,0,0,CleanAir,0.0,2026-09-18 23:27:18
143,3.072,0.58175,24576,4654,24576,4654,0.0,0,0,CleanAir,0.0,2026-09-18 23:27:19
144,3.0755,0.57838,24604,4627,24604,4627,0.0,0,0,CleanAir,0.0,2026-09-18 23:27:19
145,3.06313,0.57888,24505,4631,24505,4631,0.0,0,0,CleanAir,0.0,2026-09-18 23:27:20
146,3.04913,0.58175,24393,4654,24393,4654,0.0,0,0,CleanAir,0.0,2026-09-18 23:27:20
147,3.03638,0.57963,24291,4637,24291,4637,0.0,0,0,CleanAir,0.0,2026-09-18 23:27:20
148,3.02388,0.57675,24191,4614,24191,4614,0.0,0,0,CleanAir,0.0,2026-09-18 23:27:21
149,3.01225,0.57812,24098,4625,24098,4625,0.0,0,0,CleanAir,0.0,2026-09-18 23:27:21
150,3.0005,0.58063,24004,4645,24004,4645,0.0,0,0,CleanAir,0.0,2026-09-18 23:27:21
151,2.96375,0.58188,23710,4655,23710,4655,0.0,0,0,CleanAir,0.0,2026-09-18 23:27:22
152,2.977,0.5815,23816,4652,23816,4652,0.0,0,0,CleanAir,0.0,2026-09-18 23:27:22
153,2.93888,0.58125,23511,4650,23511,4650,0.0,0,0,CleanAir,0.0,2026-09-18 23:27:22
154,2.95613,0.57738,23649,4619,23649,4619,0.0,0,0,CleanAir,0.0,2026-09-18 23:27:23
155,2.91863,0.57863,23349,4629,23349,4629,0.0,0,0,CleanAir,0.0,2026-09-18 23:27:23
156,2.9365,0.577,23492,4616,23492,4616,0.0,0,0,CleanAir,0.0,2026-09-18 23:27:24
157,2.89975,0.57963,23198,4637,23198,4637,0.0,0,0,CleanAir,0.0,2026-09-18 23:27:24
158,2.91788,0.57812,23343,4625,23343,4625,0.0,0,0,CleanAir,0.0,2026-09-18 23:27:24
159,2.907,0.58188,23256,4655,23256,4655,0.0,0,0,CleanAir,0.0,2026-09-18 23:27:25
160,2.893,0.57913,23144,4633,23144,4633,0.0,0,0,CleanAir,0.0,2026-09-18 23:27:25
161,2.88913,0.57888,23113,4631,23113,4631,0.0,0,0,CleanAir,0.0,2026-09-18 23:27:25
162,2.85425,0.58175,22834,4654,22834,4654,0.0,0,0,CleanAir,0.0,2026-09-18 23:27:26
163,2.87225,0.58188,22978,4655,22978,4655,0.0,0,0,CleanAir,0.0,2026-09-18 23:27:26
164,2.84188,0.57938,22735,4635,22735,4635,0.0,0,0,CleanAir,0.0,2026-09-18 23:27:26
165,2.85813,0.58075,22865,4646,22865,4646,0.0,0,0,CleanAir,0.0,2026-09-18 23:27:27
166,2.82463,0.581,22597,4648,22597,4648,0.0,0,0,CleanAir,0.0,2026-09-18 23:27:27
167,2.84363,0.579,22749,4632,22749,4632,0.0,0,0,CleanAir,0.0,2026-09-18 23:27:28
168,2.81075,0.57988,22486,4639,22486,4639,0.0,0,0,CleanAir,0.0,2026-09-18 23:27:28
169,2.82988,0.58125,22639,4650,22639,4650,0.0,0,0,CleanAir,0.0,2026-09-18 23:27:28
170,2.7985,0.57913,22388,4633,22388,4633,0.0,0,0,CleanAir,0.0,2026-09-18 23:27:29
171,2.81838,0.5805,22547,4644,22547,4644,0.0,0,0,CleanAir,0.0,2026-09-18 23:27:29
172,2.787,0.57963,22296,4637,22296,4637,0.0,0,0,CleanAir,0.0,2026-09-18 23:27:29
173,2.807,0.58163,22456,4653,22456,4653,0.0,0,0,CleanAir,0.0,2026-09-18 23:27:30
174,2.7755,0.58175,22204,4654,22204,4654,0.0,0,0,CleanAir,0.0,2026-09-18 23:27:30
175,2.79575,0.581,22366,4648,22366,4648,0.0,0,0,CleanAir,0.0,2026-09-18 23:27:31
176,2.7655,0.58138,22124,4651,22124,4651,0.0,0,0,CleanAir,0.0,2026-09-18 23:27:31
177,2.77,0.57788,22160,4623,22160,4623,0.0,0,0,CleanAir,0.0,2026-09-18 23:27:31
178,2.78038,0.57763,22243,4621,22243,4621,0.0,0,0,CleanAir,0.0,2026-09-18 23:27:32
179,2.75013,0.57863,22001,4629,22001,4629,0.0,0,0,CleanAir,0.0,2026-09-18 23:27:32
180,2.74663,0.578,21973,4624,21973,4624,0.0,0,0,CleanAir,0.0,2026-09-18 23:27:32
181,2.7425,0.57763,21940,4621,21940,4621,0.0,0,0,CleanAir,0.0,2026-09-18 23:27:33
182,2.7635,0.57775,22108,4622,22108,4622,0.0,0,0,CleanAir,0.0,2026-09-18 23:27:33
183,2.73425,0.57713,21874,4617,21874,4617,0.0,0,0,CleanAir,0.0,2026-09-18 23:27:34
184,2.75613,0.57812,22049,4625,22049,4625,0.0,0,0,CleanAir,0.0,2026-09-18 23:27:34
185,2.72738,0.577,21819,4616,21819,4616,0.0,0,0,CleanAir,0.0,2026-09-18 23:27:34
186,2.74988,0.57875,21999,4630,21999,4630,0.0,0,0,CleanAir,0.0,2026-09-18 23:27:35
187,2.72088,0.57763,21767,4621,21767,4621,0.0,0,0,CleanAir,0.0,2026-09-18 23:27:35
188,2.74288,0.5785,21943,4628,21943,4628,0.0,0,0,CleanAir,0.0,2026-09-18 23:27:35
189,2.71575,0.57875,21726,4630,21726,4630,0.0,0,0,CleanAir,0.0,2026-09-18 23:27:36
190,2.73625,0.57825,21890,4626,21890,4626,0.0,0,0,CleanAir,0.0,2026-09-18 23:27:36
191,2.733,0.57713,21864,4617,21864,4617,0.0,0,0,CleanAir,0.0,2026-09-18 23:27:37
192,2.73088,0.57863,21847,4629,21847,4629,0.0,0,0,CleanAir,0.0,2026-09-18 23:27:37
193,2.7035,0.57863,21628,4629,21628,4629,0.0,0,0,CleanAir,0.0,2026-09-18 23:27:37
194,2.72563,0.5795,21805,4636,21805,4636,0.0,0,0,CleanAir,0.0,2026-09-18 23:27:38
195,2.69788,0.58163,21583,4653,21583,4653,0.0,0,0,CleanAir,0.0,2026-09-18 23:27:38
196,2.72088,0.577,21767,4616,21767,4616,0.0,0,0,CleanAir,0.0,2026-09-18 23:27:38
197,2.7175,0.57925,21740,4634,21740,4634,0.0,0,0,CleanAir,0.0,2026-09-18 23:27:39
198,2.6965,0.57675,21572,4614,21572,4614,0.0,0,0,CleanAir,0.0,2026-09-18 23:27:39
199,2.6895,0.57863,21516,4629,21516,4629,0.0,0,0,CleanAir,0.0,2026-09-18 23:27:39
200,2.6875,0.5785,21500,4628,21500,4628,0.0,0,0,CleanAir,0.0,2026-09-18 23:27:40
201,2.68513,0.58063,21481,4645,21481,4645,0.0,0,0,CleanAir,0.0,2026-09-18 23:27:40
202,2.70763,0.58138,21661,4651,21661,4651,0.0,0,0,CleanAir,0.0,2026-09-18 23:27:40
203,2.68238,0.57975,21459,4638,21459,4638,0.0,0,0,CleanAir,0.0,2026-09-18 23:27:41
204,2.70475,0.58088,21638,4647,21638,4647,0.0,0,0,CleanAir,0.0,2026-09-18 23:27:41
205,2.67813,0.579,21425,4632,21425,4632,0.0,0,0,CleanAir,0.0,2026-09-18 23:27:42
206,2.70075,0.57863,21606,4629,21606,4629,0.0,0,0,CleanAir,0.0,2026-09-18 23:27:42
207,2.67513,0.578,21401,4624,21401,4624,0.0,0,0,CleanAir,0.0,2026-09-18 23:27:42
208,2.698,0.5775,21584,4620,21584,4620,0.0,0,0,CleanAir,0.0,2026-09-18 23:27:43
209,2.69475,0.57913,21558,4633,21558,4633,0.0,0,0,CleanAir,0.0,2026-09-18 23:27:43
210,2.695,0.5815,21560,4652,21560,4652,0.0,0,0,CleanAir,0.0,2026-09-18 23:27:43
211,2.69363,0.57738,21549,4619,21549,4619,0.0,0,0,CleanAir,0.0,2026-09-18 23:27:44
212,2.69225,0.57713,21538,4617,21538,4617,0.0,0,0,CleanAir,0.0,2026-09-18 23:27:44
213,2.69163,0.57888,21533,4631,21533,4631,0.0,0,0,CleanAir,0.0,2026-09-18 23:27:44
214,2.667,0.57963,21336,4637,21336,4637,0.0,0,0,CleanAir,0.0,2026-09-18 23:27:45
215,2.689,0.58113,21512,4649,21512,4649,0.0,0,0,CleanAir,0.0,2026-09-18 23:27:45
216,2.6635,0.57688,21308,4615,21308,4615,0.0,0,0,CleanAir,0.0,2026-09-18 23:27:46
217,2.68675,0.5805,21494,4644,21494,4644,0.0,0,0,CleanAir,0.0,2026-09-18 23:27:46
218,2.66238,0.58138,21299,4651,21299,4651,0.0,0,0,CleanAir,0.0,2026-09-18 23:27:46
219,2.684,0.58125,21472,4650,21472,4650,0.0,0,0,CleanAir,0.0,2026-09-18 23:27:47
220,2.67063,0.57963,21365,4637,21365,4637,0.0,0,0,CleanAir,0.0,2026-09-18 23:27:47
221,2.68288,0.5815,21463,4652,21463,4652,0.0,0,0,CleanAir,0.0,2026-09-18 23:27:47
222,2.65788,0.58163,21263,4653,21263,4653,0.0,0,0,CleanAir,0.0,2026-09-18 23:27:48
223,2.68063,0.57863,21445,4629,21445,4629,0.0,0,0,CleanAir,0.0,2026-09-18 23:27:48
224,2.65513,0.57913,21241,4633,21241,4633,0.0,0,0,CleanAir,0.0,2026-09-18 23:27:48
225,2.67988,0.57688,21439,4615,21439,4615,0.0,0,0,CleanAir,0.0,2026-09-18 23:27:49
226,2.6665,0.57788,21332,4623,21332,4623,0.0,0,0,CleanAir,0.0,2026-09-18 23:27:49
227,2.67825,0.57763,21426,4621,21426,4621,0.0,0,0,CleanAir,0.0,2026-09-18 23:27:49
228,2.65313,0.57775,21225,4622,21225,4622,0.0,0,0,CleanAir,0.0,2026-09-18 23:27:50
229,2.6765,0.57675,21412,4614,21412,4614,0.0,0,0,CleanAir,0.0,2026-09-18 23:27:50
230,2.65225,0.57638,21218,4611,21218,4611,0.0,0,0,CleanAir,0.0,2026-09-18 23:27:51
231,2.67588,0.57812,21407,4625,21407,4625,0.0,0,0,CleanAir,0.0,2026-09-18 23:27:51
232,2.66413,0.578,21313,4624,21313,4624,0.0,0,0,CleanAir,0.0,2026-09-18 23:27:51
233,2.67438,0.577,21395,4616,21395,4616,0.0,0,0,CleanAir,0.0,2026-09-18 23:27:52
234,2.67325,0.5815,21386,4652,21386,4652,0.0,0,0,CleanAir,0.0,2026-09-18 23:27:52
235,2.648,0.58075,21184,4646,21184,4646,0.0,0,0,CleanAir,0.0,2026-09-18 23:27:52
236,2.67163,0.57975,21373,4638,21373,4638,0.0,0,0,CleanAir,0.0,2026-09-18 23:27:53
237,2.6465,0.57825,21172,4626,21172,4626,0.0,0,0,CleanAir,0.0,2026-09-18 23:27:53
238,2.67075,0.57675,21366,4614,21366,4614,0.0,0,0,CleanAir,0.0,2026-09-18 23:27:54
239,2.64588,0.58038,21167,4643,21167,4643,0.0,0,0,CleanAir,0.0,2026-09-18 23:27:54
240,2.64663,0.57963,21173,4637,21173,4637,0.0,0,0,CleanAir,0.0,2026-09-18 23:27:55
241,2.66938,0.58113,21355,4649,21355,4649,0.0,0,0,CleanAir,0.0,2026-09-18 23:27:55
242,2.649,0.57738,21192,4619,21192,4619,0.0,0,0,CleanAir,0.0,2026-09-18 23:27:55
243,2.66788,0.57838,21343,4627,21343,4627,0.0,0,0,CleanAir,0.0,2026-09-18 23:27:56
244,2.64813,0.5775,21185,4620,21185,4620,0.0,0,0,CleanAir,0.0,2026-09-18 23:27:56
245,2.66875,0.57763,21350,4621,21350,4621,0.0,0,0,CleanAir,0.0,2026-09-18 23:27:56
246,2.66775,0.5785,21342,4628,21342,4628,0.0,0,0,CleanAir,0.0,2026-09-18 23:27:57
247,2.66588,0.57775,21327,4622,21327,4622,0.0,0,0,CleanAir,0.0,2026-09-18 23:27:57
248,2.64175,0.5805,21134,4644,21134,4644,0.0,0,0,CleanAir,0.0,2026-09-18 23:27:58
249,2.6655,0.5815,21324,4652,21324,4652,0.0,0,0,CleanAir,0.0,2026-09-18 23:27:58
0,2.50875,0.5835,20070,4668,20070,4668,3.3,255,0,CleanAir,0.0,2026-09-18 23:27:59
1,2.53513,0.58225,20281,4658,20281,4658,3.3,255,0,CleanAir,0.0,2026-09-18 23:27:59
2,2.57313,0.58188,20585,4655,20585,4655,3.3,255,0,CleanAir,0.0,2026-09-18 23:27:59
3,2.62625,0.58088,21010,4647,21010,4647,3.3,255,0,CleanAir,0.0,2026-09-18 23:28:00
4,2.664,0.58575,21312,4686,21312,4686,3.3,255,0,CleanAir,0.0,2026-09-18 23:28:00
5,2.6735,0.58563,21388,4685,21388,4685,3.3,255,0,CleanAir,0.0,2026-09-18 23:28:00
6,2.72625,0.58475,21810,4678,21810,4678,3.3,255,0,CleanAir,0.0,2026-09-18 23:28:01
7,2.727,0.58513,21816,4681,21816,4681,3.3,255,0,CleanAir,0.0,2026-09-18 23:28:01
8,2.776,0.58588,22208,4687,22208,4687,3.3,255,0,CleanAir,0.0,2026-09-18 23:28:02
9,2.78488,0.5835,22279,4668,22279,4668,3.3,255,0,CleanAir,0.0,2026-09-18 23:28:02
10,2.79888,0.58238,22391,4659,22391,4659,3.3,255,0,CleanAir,0.0,2026-09-18 23:28:02
11,2.82013,0.583,22561,4664,22561,4664,3.3,255,0,CleanAir,0.0,2026-09-18 23:28:03
12,2.84213,0.58138,22737,4651,22737,4651,3.3,255,0,CleanAir,0.0,2026-09-18 23:28:03
13,2.85888,0.58188,22871,4655,22871,4655,3.3,255,0,CleanAir,0.0,2026-09-18 23:28:03
14,2.87688,0.58238,23015,4659,23015,4659,3.3,255,0,CleanAir,0.0,2026-09-18 23:28:04
15,2.921,0.58238,23368,4659,23368,4659,3.3,255,0,CleanAir,0.0,2026-09-18 23:28:04
16,2.91038,0.58275,23283,4662,23283,4662,3.3,255,0,CleanAir,0.0,2026-09-18 23:28:04
17,2.95263,0.58375,23621,4670,23621,4670,3.3,255,0,CleanAir,0.0,2026-09-18 23:28:05
18,2.96775,0.58588,23742,4687,23742,4687,3.3,255,0,CleanAir,0.0,2026-09-18 23:28:05
19,2.98163,0.586,23853,4688,23853,4688,3.3,255,0,CleanAir,0.0,2026-09-18 23:28:06
20,2.96775,0.58588,23742,4687,23742,4687,3.3,255,0,CleanAir,0.0,2026-09-18 23:28:06
21,3.0075,0.58425,24060,4674,24060,4674,3.3,255,0,CleanAir,0.0,2026-09-18 23:28:06
22,3.01938,0.58613,24155,4689,24155,4689,3.3,255,0,CleanAir,0.0,2026-09-18 23:28:07
23,3.03075,0.58425,24246,4674,24246,4674,3.3,255,0,CleanAir,0.0,2026-09-18 23:28:07
24,3.04225,0.58613,24338,4689,24338,4689,3.3,255,0,CleanAir,0.0,2026-09-18 23:28:07
25,3.0235,0.58538,24188,4683,24188,4683,3.3,255,0,CleanAir,0.0,2026-09-18 23:28:08
26,3.06288,0.58175,24503,4654,24503,4654,3.3,255,0,CleanAir,0.0,2026-09-18 23:28:08
27,3.04375,0.58188,24350,4655,24350,4655,3.3,255,0,CleanAir,0.0,2026-09-18 23:28:08
28,3.08138,0.582,24651,4656,24651,4656,3.3,255,0,CleanAir,0.0,2026-09-18 23:28:09
29,3.06075,0.58625,24486,4690,24486,4690,3.3,255,0,CleanAir,0.0,2026-09-18 23:28:09
30,3.09775,0.58288,24782,4663,24782,4663,3.3,255,0,CleanAir,0.0,2026-09-18 23:28:10
31,3.07663,0.582,24613,4656,24613,4656,3.3,255,0,CleanAir,0.0,2026-09-18 23:28:10
32,3.1145,0.58238,24916,4659,24916,4659,3.3,255,0,CleanAir,0.0,2026-09-18 23:28:10
33,3.09425,0.58188,24754,4655,24754,4655,3.3,255,0,CleanAir,0.0,2026-09-18 23:28:11
34,3.12725,0.582,25018,4656,25018,4656,3.3,255,0,CleanAir,0.0,2026-09-18 23:28:11
35,3.10463,0.58288,24837,4663,24837,4663,3.3,255,0,CleanAir,0.0,2026-09-18 23:28:11
36,3.14525,0.58563,25162,4685,25162,4685,3.3,255,0,CleanAir,0.0,2026-09-18 23:28:12
37,3.12263,0.58488,24981,4679,24981,4679,3.3,255,0,CleanAir,0.0,2026-09-18 23:28:13
38,3.1565,0.58637,25252,4691,25252,4691,3.3,255,0,CleanAir,0.0,2026-09-18 23:28:13
39,3.132,0.58575,25056,4686,25056,4686,3.3,255,0,CleanAir,0.0,2026-09-18 23:28:13
40,3.16588,0.58175,25327,4654,25327,4654,3.3,255,0,CleanAir,0.0,2026-09-18 23:28:14
41,3.14175,0.58288,25134,4663,25134,4663,3.3,255,0,CleanAir,0.0,2026-09-18 23:28:14
42,3.17438,0.58338,25395,4667,25395,4667,3.3,255,0,CleanAir,0.0,2026-09-18 23:28:14
43,3.14938,0.583,25195,4664,25195,4664,3.3,255,0,CleanAir,0.0,2026-09-18 23:28:15
44,3.18163,0.58163,25453,4653,25453,4653,3.3,255,0,CleanAir,0.0,2026-09-18 23:28:15
45,3.18588,0.58213,25487,4657,25487,4657,3.3,255,0,CleanAir,0.0,2026-09-18 23:28:16
46,3.19975,0.58575,25598,4686,25598,4686,3.3,255,0,CleanAir,0.0,2026-09-18 23:28:17
47,3.173,0.58363,25384,4669,25384,4669,3.3,255,0,CleanAir,0.0,2026-09-18 23:28:17
48,3.20638,0.5825,25651,4660,25651,4660,3.3,255,0,CleanAir,0.0,2026-09-18 23:28:18
49,3.179,0.58213,25432,4657,25432,4657,3.3,255,0,CleanAir,0.0,2026-09-18 23:28:18
50,3.21025,0.58188,25682,4655,25682,4655,3.3,255,0,CleanAir,0.0,2026-09-18 23:28:18
51,3.19838,0.58238,25587,4659,25587,4659,3.3,255,0,CleanAir,0.0,2026-09-18 23:28:19
52,3.2155,0.58113,25724,4649,25724,4649,3.3,255,0,CleanAir,0.0,2026-09-18 23:28:19
53,3.18813,0.58188,25505,4655,25505,4655,3.3,255,0,CleanAir,0.0,2026-09-18 23:28:20
54,3.21975,0.58163,25758,4653,25758,4653,3.3,255,0,CleanAir,0.0,2026-09-18 23:28:20
55,3.19225,0.58613,25538,4689,25538,4689,3.3,255,0,CleanAir,0.0,2026-09-18 23:28:20
56,3.223,0.585,25784,4680,25784,4680,3.3,255,0,CleanAir,0.0,2026-09-18 23:28:21
57,3.224,0.5835,25792,4668,25792,4668,3.3,255,0,CleanAir,0.0,2026-09-18 23:28:21
58,3.22663,0.58575,25813,4686,25813,4686,3.3,255,0,CleanAir,0.0,2026-09-18 23:28:21
59,3.2285,0.5835,25828,4668,25828,4668,3.3,255,0,CleanAir,0.0,2026-09-18 23:28:22
60,3.2315,0.58275,25852,4662,25852,4662,3.3,255,0,CleanAir,0.0,2026-09-18 23:28:22
61,3.23238,0.5855,25859,4684,25859,4684,3.3,255,0,CleanAir,0.0,2026-09-18 23:28:23
62,3.215,0.58563,25720,4685,25720,4685,3.3,255,0,CleanAir,0.0,2026-09-18 23:28:23
63,3.2355,0.58225,25884,4658,25884,4658,3.3,255,0,CleanAir,0.0,2026-09-18 23:28:23
64,3.20725,0.58238,25658,4659,25658,4659,3.3,255,0,CleanAir,0.0,2026-09-18 23:28:24
65,3.238,0.584,25904,4672,25904,4672,3.3,255,0,CleanAir,0.0,2026-09-18 23:28:24
66,3.23888,0.5855,25911,4684,25911,4684,3.3,255,0,CleanAir,0.0,2026-09-18 23:28:25
67,3.23938,0.58637,25915,4691,25915,4691,3.3,255,0,CleanAir,0.0,2026-09-18 23:28:25
68,3.24013,0.586,25921,4688,25921,4688,3.3,255,0,CleanAir,0.0,2026-09-18 23:28:25
69,3.24113,0.585,25929,4680,25929,4680,3.3,255,0,CleanAir,0.0,2026-09-18 23:28:26
70,3.24225,0.58625,25938,4690,25938,4690,3.3,255,0,CleanAir,0.0,2026-09-18 23:28:26
71,3.21413,0.58575,25713,4686,25713,4686,3.3,255,0,CleanAir,0.0,2026-09-18 23:28:26
72,3.24413,0.5845,25953,4676,25953,4676,3.3,255,0,CleanAir,0.0,2026-09-18 23:28:27
73,3.24575,0.58238,25966,4659,25966,4659,3.3,255,0,CleanAir,0.0,2026-09-18 23:28:27
74,3.24638,0.5825,25971,4660,25971,4660,3.3,255,0,CleanAir,0.0,2026-09-18 23:28:27
75,3.24663,0.5815,25973,4652,25973,4652,3.3,255,0,CleanAir,0.0,2026-09-18 23:28:28
76,3.21763,0.5815,25741,4652,25741,4652,3.3,255,0,CleanAir,0.0,2026-09-18 23:28:28
77,3.24825,0.58188,25986,4655,25986,4655,3.3,255,0,CleanAir,0.0,2026-09-18 23:28:28
78,3.2185,0.582,25748,4656,25748,4656,3.3,255,0,CleanAir,0.0,2026-09-18 23:28:29
79,3.2495,0.582,25996,4656,25996,4656,3.3,255,0,CleanAir,0.0,2026-09-18 23:28:29
80,3.21975,0.58138,25758,4651,25758,4651,3.3,255,0,CleanAir,0.0,2026-09-18 23:28:30
81,3.251,0.583,26008,4664,26008,4664,3.3,255,0,CleanAir,0.0,2026-09-18 23:28:30
82,3.23463,0.58263,25877,4661,25877,4661,3.3,255,0,CleanAir,0.0,2026-09-18 23:28:30
83,3.25213,0.58263,26017,4661,26017,4661,3.3,255,0,CleanAir,0.0,2026-09-18 23:28:31
84,3.23038,0.5825,25843,4660,25843,4660,3.3,255,0,CleanAir,0.0,2026-09-18 23:28:31
85,3.25263,0.583,26021,4664,26021,4664,3.3,255,0,CleanAir,0.0,2026-09-18 23:28:31
86,3.22363,0.58413,25789,4673,25789,4673,3.3,255,0,CleanAir,0.0,2026-09-18 23:28:32
87,3.25388,0.5845,26031,4676,26031,4676,3.3,255,0,CleanAir,0.0,2026-09-18 23:28:32
88,3.25238,0.58238,26019,4659,26019,4659,3.3,255,0,CleanAir,0.0,2026-09-18 23:28:33
89,3.25425,0.58325,26034,4666,26034,4666,3.3,255,0,CleanAir,0.0,2026-09-18 23:28:33
90,3.254,0.58513,26032,4681,26032,4681,3.3,255,0,CleanAir,0.0,2026-09-18 23:28:33
91,3.22525,0.586,25802,4688,25802,4688,3.3,255,0,CleanAir,0.0,2026-09-18 23:28:34
92,3.25513,0.58613,26041,4689,26041,4689,3.3,255,0,CleanAir,0.0,2026-09-18 23:28:34
93,3.25513,0.58575,26041,4686,26041,4686,3.3,255,0,CleanAir,0.0,2026-09-18 23:28:34
94,3.25563,0.5865,26045,4692,26045,4692,3.3,255,0,CleanAir,0.0,2026-09-18 23:28:35
95,3.25588,0.58488,26047,4679,26047,4679,3.3,255,0,CleanAir,0.0,2026-09-18 23:28:35
96,3.25613,0.58637,26049,4691,26049,4691,3.3,255,0,CleanAir,0.0,2026-09-18 23:28:35
97,3.25588,0.58463,26047,4677,26047,4677,3.3,255,0,CleanAir,0.0,2026-09-18 23:28:36
98,3.226,0.58363,25808,4669,25808,4669,3.3,255,0,CleanAir,0.0,2026-09-18 23:28:36
99,3.25013,0.58538,26001,4683,26001,4683,3.3,255,0,CleanAir,0.0,2026-09-18 23:28:36
100,3.25688,0.58463,26055,4677,26055,4677,3.3,255,0,CleanAir,0.0,2026-09-18 23:28:37
101,3.25725,0.58163,26058,4653,26058,4653,3.3,255,0,CleanAir,0.0,2026-09-18 23:28:37
102,3.25738,0.583,26059,4664,26059,4664,3.3,255,0,CleanAir,0.0,2026-09-18 23:28:38
103,3.22763,0.58238,25821,4659,25821,4659,3.3,255,0,CleanAir,0.0,2026-09-18 23:28:38
104,3.25813,0.58225,26065,4658,26065,4658,3.3,255,0,CleanAir,0.0,2026-09-18 23:28:38
105,3.25025,0.58163,26002,4653,26002,4653,3.3,255,0,CleanAir,0.0,2026-09-18 23:28:39
106,3.259,0.583,26072,4664,26072,4664,3.3,255,0,CleanAir,0.0,2026-09-18 23:28:39
107,3.22838,0.5855,25827,4684,25827,4684,3.3,255,0,CleanAir,0.0,2026-09-18 23:28:39
108,3.25913,0.586,26073,4688,26073,4688,3.3,255,0,CleanAir,0.0,2026-09-18 23:28:40
109,3.22888,0.5855,25831,4684,25831,4684,3.3,255,0,CleanAir,0.0,2026-09-18 23:28:40
110,3.22938,0.58275,25835,4662,25835,4662,3.3,255,0,CleanAir,0.0,2026-09-18 23:28:41
111,3.2535,0.58575,26028,4686,26028,4686,3.3,255,0,CleanAir,0.0,2026-09-18 23:28:41
112,3.22938,0.58613,25835,4689,25835,4689,3.3,255,0,CleanAir,0.0,2026-09-18 23:28:41
113,3.2385,0.58575,25908,4686,25908,4686,3.3,255,0,CleanAir,0.0,2026-09-18 23:28:42
114,3.25975,0.5855,26078,4684,26078,4684,3.3,255,0,CleanAir,0.0,2026-09-18 23:28:42
115,3.23175,0.58313,25854,4665,25854,4665,3.3,255,0,CleanAir,0.0,2026-09-18 23:28:42
116,3.23063,0.58175,25845,4654,25845,4654,3.3,255,0,CleanAir,0.0,2026-09-18 23:28:43
117,3.26038,0.58625,26083,4690,26083,4690,3.3,255,0,CleanAir,0.0,2026-09-18 23:28:43
118,3.23063,0.58363,25845,4669,25845,4669,3.3,255,0,CleanAir,0.0,2026-09-18 23:28:44
119,3.26113,0.58238,26089,4659,26089,4659,3.3,255,0,CleanAir,0.0,2026-09-18 23:28:44
120,3.26025,0.58238,26082,4659,26082,4659,3.3,255,0,CleanAir,0.0,2026-09-18 23:28:44
121,3.23025,0.58363,25842,4669,25842,4669,3.3,255,0,CleanAir,0.0,2026-09-18 23:28:45
122,3.22988,0.58475,25839,4678,25839,4678,3.3,255,0,CleanAir,0.0,2026-09-18 23:28:45
123,3.2355,0.58375,25884,4670,25884,4670,3.3,255,0,CleanAir,0.0,2026-09-18 23:28:46
124,3.26088,0.5865,26087,4692,26087,4692,3.3,255,0,CleanAir,0.0,2026-09-18 23:28:46
125,3.45413,0.58163,27633,4653,27633,4653,0.0,0,0,CleanAir,0.0,2026-09-18 23:28:46
126,3.44913,0.58013,27593,4641,27593,4641,0.0,0,0,CleanAir,0.0,2026-09-18 23:28:47
127,3.39413,0.57875,27153,4630,27153,4630,0.0,0,0,CleanAir,0.0,2026-09-18 23:28:47
128,3.40163,0.5775,27213,4620,27213,4620,0.0,0,0,CleanAir,0.0,2026-09-18 23:28:47
129,3.35988,0.57875,26879,4630,26879,4630,0.0,0,0,CleanAir,0.0,2026-09-18 23:28:48
130,3.35563,0.579,26845,4632,26845,4632,0.0,0,0,CleanAir,0.0,2026-09-18 23:28:48
131,3.33413,0.57963,26673,4637,26673,4637,0.0,0,0,CleanAir,0.0,2026-09-18 23:28:48
132,3.31238,0.58088,26499,4647,26499,4647,0.0,0,0,CleanAir,0.0,2026-09-18 23:28:49
133,3.29063,0.57713,26325,4617,26325,4617,0.0,0,0,CleanAir,0.0,2026-09-18 23:28:49
134,3.25813,0.58013,26065,4641,26065,4641,0.0,0,0,CleanAir,0.0,2026-09-18 23:28:50
135,3.25025,0.57888,26002,4631,26002,4631,0.0,0,0,CleanAir,0.0,2026-09-18 23:28:50
136,3.20325,0.57613,25626,4609,25626,4609,0.0,0,0,CleanAir,0.0,2026-09-18 23:28:50
137,3.21288,0.57638,25703,4611,25703,4611,0.0,0,0,CleanAir,0.0,2026-09-18 23:28:51
138,3.18688,0.57812,25495,4625,25495,4625,0.0,0,0,CleanAir,0.0,2026-09-18 23:28:51
139,3.17775,0.57688,25422,4615,25422,4615,0.0,0,0,CleanAir,0.0,2026-09-18 23:28:51
140,3.16125,0.57775,25290,4622,25290,4622,0.0,0,0,CleanAir,0.0,2026-09-18 23:28:52
141,3.144,0.57788,25152,4623,25152,4623,0.0,0,0,CleanAir,0.0,2026-09-18 23:28:52
142,3.12875,0.577,25030,4616,25030,4616,0.0,0,0,CleanAir,0.0,2026-09-18 23:28:52
143,3.08488,0.5775,24679,4620,24679,4620,0.0,0,0,CleanAir,0.0,2026-09-18 23:28:53
144,3.0985,0.578,24788,4624,24788,4624,0.0,0,0,CleanAir,0.0,2026-09-18 23:28:53
145,3.07775,0.57838,24622,4627,24622,4627,0.0,0,0,CleanAir,0.0,2026-09-18 23:28:54
146,3.05063,0.58163,24405,4653,24405,4653,0.0,0,0,CleanAir,0.0,2026-09-18 23:28:54
147,3.05025,0.57675,24402,4614,24402,4614,0.0,0,0,CleanAir,0.0,2026-09-18 23:28:54
148,3.02925,0.577,24234,4616,24234,4616,0.0,0,0,CleanAir,0.0,2026-09-18 23:28:55
149,2.9885,0.578,23908,4624,23908,4624,0.0,0,0,CleanAir,0.0,2026-09-18 23:28:55
150,3.001,0.58,24008,4640,24008,4640,0.0,0,0,CleanAir,0.0,2026-09-18 23:28:56
151,2.96213,0.58,23697,4640,23697,4640,0.0,0,0,CleanAir,0.0,2026-09-18 23:28:56
152,2.97875,0.577,23830,4616,23830,4616,0.0,0,0,CleanAir,0.0,2026-09-18 23:28:56
153,2.9535,0.58175,23628,4654,23628,4654,0.0,0,0,CleanAir,0.0,2026-09-18 23:28:57
154,2.957,0.581,23656,4648,23656,4648,0.0,0,0,CleanAir,0.0,2026-09-18 23:28:57
155,2.93663,0.57913,23493,4633,23493,4633,0.0,0,0,CleanAir,0.0,2026-09-18 23:28:58
156,2.90963,0.57775,23277,4622,23277,4622,0.0,0,0,CleanAir,0.0,2026-09-18 23:28:58
157,2.92413,0.57825,23393,4626,23393,4626,0.0,0,0,CleanAir,0.0,2026-09-18 23:28:58
158,2.88838,0.57838,23107,4627,23107,4627,0.0,0,0,CleanAir,0.0,2026-09-18 23:28:59
159,2.90613,0.57825,23249,4626,23249,4626,0.0,0,0,CleanAir,0.0,2026-09-18 23:28:59
160,2.87113,0.57738,22969,4619,22969,4619,0.0,0,0,CleanAir,0.0,2026-09-18 23:28:59
161,2.88875,0.58138,23110,4651,23110,4651,0.0,0,0,CleanAir,0.0,2026-09-18 23:29:00
162,2.88075,0.58113,23046,4649,23046,4649,0.0,0,0,CleanAir,0.0,2026-09-18 23:29:00
163,2.84688,0.58175,22775,4654,22775,4654,0.0,0,0,CleanAir,0.0,2026-09-18 23:29:01
164,2.86488,0.57775,22919,4622,22919,4622,0.0,0,0,CleanAir,0.0,2026-09-18 23:29:01
165,2.83238,0.579,22659,4632,22659,4632,0.0,0,0,CleanAir,0.0,2026-09-18 23:29:01
166,2.85163,0.5775,22813,4620,22813,4620,0.0,0,0,CleanAir,0.0,2026-09-18 23:29:02
167,2.81838,0.57975,22547,4638,22547,4638,0.0,0,0,CleanAir,0.0,2026-09-18 23:29:02
168,2.83675,0.58013,22694,4641,22694,4641,0.0,0,0,CleanAir,0.0,2026-09-18 23:29:02
169,2.81688,0.58188,22535,4655,22535,4655,0.0,0,0,CleanAir,0.0,2026-09-18 23:29:03
170,2.82475,0.5805,22598,4644,22598,4644,0.0,0,0,CleanAir,0.0,2026-09-18 23:29:03
171,2.80175,0.579,22414,4632,22414,4632,0.0,0,0,CleanAir,0.0,2026-09-18 23:29:03
172,2.78863,0.577,22309,4616,22309,4616,0.0,0,0,CleanAir,0.0,2026-09-18 23:29:04
173,2.78275,0.5765,22262,4612,22262,4612,0.0,0,0,CleanAir,0.0,2026-09-18 23:29:04
174,2.80325,0.58113,22426,4649,22426,4649,0.0,0,0,CleanAir,0.0,2026-09-18 23:29:05
175,2.7975,0.58125,22380,4650,22380,4650,0.0,0,0,CleanAir,0.0,2026-09-18 23:29:05
176,2.79263,0.57838,22341,4627,22341,4627,0.0,0,0,CleanAir,0.0,2026-09-18 23:29:05
177,2.78675,0.58025,22294,4642,22294,4642,0.0,0,0,CleanAir,0.0,2026-09-18 23:29:06
178,2.7575,0.5815,22060,4652,22060,4652,0.0,0,0,CleanAir,0.0,2026-09-18 23:29:06
179,2.77688,0.58175,22215,4654,22215,4654,0.0,0,0,CleanAir,0.0,2026-09-18 23:29:06
180,2.75213,0.58125,22017,4650,22017,4650,0.0,0,0,CleanAir,0.0,2026-09-18 23:29:07
181,2.76813,0.58075,22145,4646,22145,4646,0.0,0,0,CleanAir,0.0,2026-09-18 23:29:07
182,2.73938,0.5815,21915,4652,21915,4652,0.0,0,0,CleanAir,0.0,2026-09-18 23:29:08
183,2.76113,0.5805,22089,4644,22089,4644,0.0,0,0,CleanAir,0.0,2026-09-18 23:29:08
184,2.73875,0.5815,21910,4652,21910,4652,0.0,0,0,CleanAir,0.0,2026-09-18 23:29:08
185,2.74763,0.57913,21981,4633,21981,4633,0.0,0,0,CleanAir,0.0,2026-09-18 23:29:09
186,2.75025,0.57838,22002,4627,22002,4627,0.0,0,0,CleanAir,0.0,2026-09-18 23:29:09
187,2.71763,0.581,21741,4648,21741,4648,0.0,0,0,CleanAir,0.0,2026-09-18 23:29:09
188,2.74263,0.58138,21941,4651,21941,4651,0.0,0,0,CleanAir,0.0,2026-09-18 23:29:10
189,2.71525,0.58163,21722,4653,21722,4653,0.0,0,0,CleanAir,0.0,2026-09-18 23:29:10
190,2.73688,0.58,21895,4640,21895,4640,0.0,0,0,CleanAir,0.0,2026-09-18 23:29:10
191,2.70938,0.57663,21675,4613,21675,4613,0.0,0,0,CleanAir,0.0,2026-09-18 23:29:11
192,2.73238,0.578,21859,4624,21859,4624,0.0,0,0,CleanAir,0.0,2026-09-18 23:29:11
193,2.71088,0.58013,21687,4641,21687,4641,0.0,0,0,CleanAir,0.0,2026-09-18 23:29:12
194,2.72663,0.57638,21813,4611,21813,4611,0.0,0,0,CleanAir,0.0,2026-09-18 23:29:12
195,2.72375,0.58075,21790,4646,21790,4646,0.0,0,0,CleanAir,0.0,2026-09-18 23:29:12
196,2.69713,0.57713,21577,4617,21577,4617,0.0,0,0,CleanAir,0.0,2026-09-18 23:29:13
197,2.7205,0.57788,21764,4623,21764,4623,0.0,0,0,CleanAir,0.0,2026-09-18 23:29:13
198,2.7185,0.57925,21748,4634,21748,4634,0.0,0,0,CleanAir,0.0,2026-09-18 23:29:13
199,2.70238,0.5815,21619,4652,21619,4652,0.0,0,0,CleanAir,0.0,2026-09-18 23:29:14
200,2.71325,0.58088,21706,4647,21706,4647,0.0,0,0,CleanAir,0.0,2026-09-18 23:29:14
201,2.69888,0.58163,21591,4653,21591,4653,0.0,0,0,CleanAir,0.0,2026-09-18 23:29:14
202,2.70938,0.58113,21675,4649,21675,4649,0.0,0,0,CleanAir,0.0,2026-09-18 23:29:15
203,2.68263,0.58013,21461,4641,21461,4641,0.0,0,0,CleanAir,0.0,2026-09-18 23:29:15
204,2.70575,0.58013,21646,4641,21646,4641,0.0,0,0,CleanAir,0.0,2026-09-18 23:29:15
205,2.68025,0.57625,21442,4610,21442,4610,0.0,0,0,CleanAir,0.0,2026-09-18 23:29:16
206,2.70325,0.57788,21626,4623,21626,4623,0.0,0,0,CleanAir,0.0,2026-09-18 23:29:16
207,2.68463,0.5785,21477,4628,21477,4628,0.0,0,0,CleanAir,0.0,2026-09-18 23:29:17
208,2.67538,0.57663,21403,4613,21403,4613,0.0,0,0,CleanAir,0.0,2026-09-18 23:29:17
209,2.69863,0.57775,21589,4622,21589,4622,0.0,0,0,CleanAir,0.0,2026-09-18 23:29:17
210,2.69763,0.57775,21581,4622,21581,4622,0.0,0,0,CleanAir,0.0,2026-09-18 23:29:18
211,2.69613,0.57738,21569,4619,21569,4619,0.0,0,0,CleanAir,0.0,2026-09-18 23:29:18
212,2.69475,0.57638,21558,4611,21558,4611,0.0,0,0,CleanAir,0.0,2026-09-18 23:29:18
213,2.69275,0.57675,21542,4614,21542,4614,0.0,0,0,CleanAir,0.0,2026-09-18 23:29:19
214,2.69213,0.57713,21537,4617,21537,4617,0.0,0,0,CleanAir,0.0,2026-09-18 23:29:19
215,2.69038,0.58088,21523,4647,21523,4647,0.0,0,0,CleanAir,0.0,2026-09-18 23:29:20
216,2.67513,0.58138,21401,4651,21401,4651,0.0,0,0,CleanAir,0.0,2026-09-18 23:29:20
217,2.68713,0.58125,21497,4650,21497,4650,0.0,0,0,CleanAir,0.0,2026-09-18 23:29:20
218,2.68013,0.57888,21441,4631,21441,4631,0.0,0,0,CleanAir,0.0,2026-09-18 23:29:21
219,2.662,0.57963,21296,4637,21296,4637,0.0,0,0,CleanAir,0.0,2026-09-18 23:29:21
220,2.68525,0.58013,21482,4641,21482,4641,0.0,0,0,CleanAir,0.0,2026-09-18 23:29:22
221,2.668,0.576,21344,4608,21344,4608,0.0,0,0,CleanAir,0.0,2026-09-18 23:29:22
222,2.683,0.57688,21464,4615,21464,4615,0.0,0,0,CleanAir,0.0,2026-09-18 23:29:22
223,2.65763,0.57825,21261,4626,21261,4626,0.0,0,0,CleanAir,0.0,2026-09-18 23:29:23
224,2.66625,0.57938,21330,4635,21330,4635,0.0,0,0,CleanAir,0.0,2026-09-18 23:29:23
225,2.66888,0.57738,21351,4619,21351,4619,0.0,0,0,CleanAir,0.0,2026-09-18 23:29:23
226,2.65588,0.57825,21247,4626,21247,4626,0.0,0,0,CleanAir,0.0,2026-09-18 23:29:24
227,2.65863,0.57875,21269,4630,21269,4630,0.0,0,0,CleanAir,0.0,2026-09-18 23:29:24
228,2.67913,0.57875,21433,4630,21433,4630,0.0,0,0,CleanAir,0.0,2026-09-18 23:29:24
229,2.653,0.58138,21224,4651,21224,4651,0.0,0,0,CleanAir,0.0,2026-09-18 23:29:25
230,2.67763,0.5785,21421,4628,21421,4628,0.0,0,0,CleanAir,0.0,2026-09-18 23:29:25
231,2.67288,0.57775,21383,4622,21383,4622,0.0,0,0,CleanAir,0.0,2026-09-18 23:29:25
232,2.67625,0.5785,21410,4628,21410,4628,0.0,0,0,CleanAir,0.0,2026-09-18 23:29:26
233,2.65075,0.58088,21206,4647,21206,4647,0.0,0,0,CleanAir,0.0,2026-09-18 23:29:26
234,2.67363,0.5815,21389,4652,21389,4652,0.0,0,0,CleanAir,0.0,2026-09-18 23:29:27
235,2.6495,0.58138,21196,4651,21196,4651,0.0,0,0,CleanAir,0.0,2026-09-18 23:29:27
236,2.67275,0.58125,21382,4650,21382,4650,0.0,0,0,CleanAir,0.0,2026-09-18 23:29:27
237,2.65988,0.57913,21279,4633,21279,4633,0.0,0,0,CleanAir,0.0,2026-09-18 23:29:28
238,2.672,0.58125,21376,4650,21376,4650,0.0,0,0,CleanAir,0.0,2026-09-18 23:29:28
239,2.64713,0.57788,21177,4623,21177,4623,0.0,0,0,CleanAir,0.0,2026-09-18 23:29:28
240,2.67163,0.5795,21373,4636,21373,4636,0.0,0,0,CleanAir,0.0,2026-09-18 23:29:29
241,2.66888,0.578,21351,4624,21351,4624,0.0,0,0,CleanAir,0.0,2026-09-18 23:29:29
242,2.67038,0.57913,21363,4633,21363,4633,0.0,0,0,CleanAir,0.0,2026-09-18 23:29:30
243,2.64613,0.58038,21169,4643,21169,4643,0.0,0,0,CleanAir,0.0,2026-09-18 23:29:30
244,2.64625,0.58163,21170,4653,21170,4653,0.0,0,0,CleanAir,0.0,2026-09-18 23:29:30
245,2.64438,0.58113,21155,4649,21155,4649,0.0,0,0,CleanAir,0.0,2026-09-18 23:29:31
246,2.66863,0.5815,21349,4652,21349,4652,0.0,0,0,CleanAir,0.0,2026-09-18 23:29:31
247,2.6685,0.57663,21348,4613,21348,4613,0.0,0,0,CleanAir,0.0,2026-09-18 23:29:31
248,2.66838,0.57775,21347,4622,21347,4622,0.0,0,0,CleanAir,0.0,2026-09-18 23:29:32
249,2.66675,0.579,21334,4632,21334,4632,0.0,0,0,CleanAir,0.0,2026-09-18 23:29:32
0,2.53188,0.58388,20255,4671,20255,4671,3.3,255,0,CleanAir,0.0,2026-09-18 23:29:33
1,2.5585,0.5825,20468,4660,20468,4660,3.3,255,0,CleanAir,0.0,2026-09-18 23:29:33
2,2.59288,0.58463,20743,4677,20743,4677,3.3,255,0,CleanAir,0.0,2026-09-18 23:29:33
3,2.63913,0.583,21113,4664,21113,4664,3.3,255,0,CleanAir,0.0,2026-09-18 23:29:34
4,2.644,0.58238,21152,4659,21152,4659,3.3,255,0,CleanAir,0.0,2026-09-18 23:29:34
5,2.698,0.58188,21584,4655,21584,4655,3.3,255,0,CleanAir,0.0,2026-09-18 23:29:34
6,2.73625,0.58425,21890,4674,21890,4674,3.3,255,0,CleanAir,0.0,2026-09-18 23:29:35
7,2.74688,0.58225,21975,4658,21975,4658,3.3,255,0,CleanAir,0.0,2026-09-18 23:29:35
8,2.78563,0.58125,22285,4650,22285,4650,3.3,255,0,CleanAir,0.0,2026-09-18 23:29:36
9,2.78288,0.58125,22263,4650,22263,4650,3.3,255,0,CleanAir,0.0,2026-09-18 23:29:36
10,2.8305,0.58263,22644,4661,22644,4661,3.3,255,0,CleanAir,0.0,2026-09-18 23:29:36
11,2.8375,0.5825,22700,4660,22700,4660,3.3,255,0,CleanAir,0.0,2026-09-18 23:29:37
12,2.87125,0.58375,22970,4670,22970,4670,3.3,255,0,CleanAir,0.0,2026-09-18 23:29:37
13,2.86313,0.58575,22905,4686,22905,4686,3.3,255,0,CleanAir,0.0,2026-09-18 23:29:37
14,2.90788,0.58225,23263,4658,23263,4658,3.3,255,0,CleanAir,0.0,2026-09-18 23:29:38
15,2.922,0.582,23376,4656,23376,4656,3.3,255,0,CleanAir,0.0,2026-09-18 23:29:38
16,2.91388,0.5825,23311,4660,23311,4660,3.3,255,0,CleanAir,0.0,2026-09-18 23:29:39
17,2.944,0.58313,23552,4665,23552,4665,3.3,255,0,CleanAir,0.0,2026-09-18 23:29:39
18,2.97375,0.58488,23790,4679,23790,4679,3.3,255,0,CleanAir,0.0,2026-09-18 23:29:39
19,2.963,0.584,23704,4672,23704,4672,3.3,255,0,CleanAir,0.0,2026-09-18 23:29:40
20,3.0015,0.58563,24012,4685,24012,4685,3.3,255,0,CleanAir,0.0,2026-09-18 23:29:40
21,3.01463,0.58575,24117,4686,24117,4686,3.3,255,0,CleanAir,0.0,2026-09-18 23:29:40
22,3.02638,0.58563,24211,4685,24211,4685,3.3,255,0,CleanAir,0.0,2026-09-18 23:29:41
23,3.038,0.583,24304,4664,24304,4664,3.3,255,0,CleanAir,0.0,2026-09-18 23:29:41
24,3.02075,0.58288,24166,4663,24166,4663,3.3,255,0,CleanAir,0.0,2026-09-18 23:29:42
25,3.05788,0.586,24463,4688,24463,4688,3.3,255,0,CleanAir,0.0,2026-09-18 23:29:42
26,3.06725,0.58575,24538,4686,24538,4686,3.3,255,0,CleanAir,0.0,2026-09-18 23:29:42
27,3.07613,0.58325,24609,4666,24609,4666,3.3,255,0,CleanAir,0.0,2026-09-18 23:29:43
28,3.07288,0.58125,24583,4650,24583,4650,3.3,255,0,CleanAir,0.0,2026-09-18 23:29:43
29,3.09363,0.58113,24749,4649,24749,4649,3.3,255,0,CleanAir,0.0,2026-09-18 23:29:43
30,3.1015,0.58263,24812,4661,24812,4661,3.3,255,0,CleanAir,0.0,2026-09-18 23:29:44
31,3.07863,0.5855,24629,4684,24629,4684,3.3,255,0,CleanAir,0.0,2026-09-18 23:29:44
32,3.11588,0.5855,24927,4684,24927,4684,3.3,255,0,CleanAir,0.0,2026-09-18 23:29:44
33,3.0935,0.5825,24748,4660,24748,4660,3.3,255,0,CleanAir,0.0,2026-09-18 23:29:45
34,3.12925,0.58225,25034,4658,25034,4658,3.3,255,0,CleanAir,0.0,2026-09-18 23:29:45
35,3.13575,0.58325,25086,4666,25086,4666,3.3,255,0,CleanAir,0.0,2026-09-18 23:29:46
36,3.14138,0.58625,25131,4690,25131,4690,3.3,255,0,CleanAir,0.0,2026-09-18 23:29:46
37,3.14638,0.5855,25171,4684,25171,4684,3.3,255,0,CleanAir,0.0,2026-09-18 23:29:46
38,3.15188,0.58563,25215,4685,25215,4685,3.3,255,0,CleanAir,0.0,2026-09-18 23:29:47
39,3.15638,0.58263,25251,4661,25251,4661,3.3,255,0,CleanAir,0.0,2026-09-18 23:29:47
40,3.16375,0.58338,25310,4667,25310,4667,3.3,255,0,CleanAir,0.0,2026-09-18 23:29:47
41,3.139,0.58113,25112,4649,25112,4649,3.3,255,0,CleanAir,0.0,2026-09-18 23:29:48
42,3.17263,0.58238,25381,4659,25381,4659,3.3,255,0,CleanAir,0.0,2026-09-18 23:29:48
43,3.1775,0.58525,25420,4682,25420,4682,3.3,255,0,CleanAir,0.0,2026-09-18 23:29:49
44,3.15513,0.58488,25241,4679,25241,4679,3.3,255,0,CleanAir,0.0,2026-09-18 23:29:49
45,3.18538,0.58613,25483,4689,25483,4689,3.3,255,0,CleanAir,0.0,2026-09-18 23:29:49
46,3.15863,0.586,25269,4688,25269,4688,3.3,255,0,CleanAir,0.0,2026-09-18 23:29:50
47,3.19175,0.58588,25534,4687,25534,4687,3.3,255,0,CleanAir,0.0,2026-09-18 23:29:50
48,3.166,0.586,25328,4688,25328,4688,3.3,255,0,CleanAir,0.0,2026-09-18 23:29:50
49,3.19825,0.5845,25586,4676,25586,4676,3.3,255,0,CleanAir,0.0,2026-09-18 23:29:51
50,3.201,0.5855,25608,4684,25608,4684,3.3,255,0,CleanAir,0.0,2026-09-18 23:29:51
51,3.20413,0.58325,25633,4666,25633,4666,3.3,255,0,CleanAir,0.0,2026-09-18 23:29:52
52,3.20663,0.58163,25653,4653,25653,4653,3.3,255,0,CleanAir,0.0,2026-09-18 23:29:52
53,3.2095,0.58213,25676,4657,25676,4657,3.3,255,0,CleanAir,0.0,2026-09-18 23:29:52
54,3.18338,0.58275,25467,4662,25467,4662,3.3,255,0,CleanAir,0.0,2026-09-18 23:29:53
55,3.2145,0.58288,25716,4663,25716,4663,3.3,255,0,CleanAir,0.0,2026-09-18 23:29:53
56,3.18775,0.585,25502,4680,25502,4680,3.3,255,0,CleanAir,0.0,2026-09-18 23:29:53
57,3.21788,0.584,25743,4672,25743,4672,3.3,255,0,CleanAir,0.0,2026-09-18 23:29:54
58,3.19513,0.58088,25561,4647,25561,4647,3.3,255,0,CleanAir,0.0,2026-09-18 23:29:54
59,3.22275,0.58238,25782,4659,25782,4659,3.3,255,0,CleanAir,0.0,2026-09-18 23:29:54
60,3.21363,0.58325,25709,4666,25709,4666,3.3,255,0,CleanAir,0.0,2026-09-18 23:29:55
61,3.22625,0.58138,25810,4651,25810,4651,3.3,255,0,CleanAir,0.0,2026-09-18 23:29:55
62,3.214,0.58125,25712,4650,25712,4650,3.3,255,0,CleanAir,0.0,2026-09-18 23:29:55
63,3.22975,0.58225,25838,4658,25838,4658,3.3,255,0,CleanAir,0.0,2026-09-18 23:29:56
64,3.20088,0.58363,25607,4669,25607,4669,3.3,255,0,CleanAir,0.0,2026-09-18 23:29:56
65,3.23225,0.58313,25858,4665,25858,4665,3.3,255,0,CleanAir,0.0,2026-09-18 23:29:57
66,3.20363,0.58538,25629,4683,25629,4683,3.3,255,0,CleanAir,0.0,2026-09-18 23:29:57
67,3.23425,0.5825,25874,4660,25874,4660,3.3,255,0,CleanAir,0.0,2026-09-18 23:29:57
68,3.23575,0.58588,25886,4687,25886,4687,3.3,255,0,CleanAir,0.0,2026-09-18 23:29:58
69,3.23663,0.58488,25893,4679,25893,4679,3.3,255,0,CleanAir,0.0,2026-09-18 23:29:58
70,3.2375,0.58325,25900,4666,25900,4666,3.3,255,0,CleanAir,0.0,2026-09-18 23:29:58
71,3.23813,0.58325,25905,4666,25905,4666,3.3,255,0,CleanAir,0.0,2026-09-18 23:29:59
72,3.23963,0.5835,25917,4668,25917,4668,3.3,255,0,CleanAir,0.0,2026-09-18 23:29:59
73,3.21,0.58313,25680,4665,25680,4665,3.3,255,0,CleanAir,0.0,2026-09-18 23:29:59
74,3.2425,0.58413,25940,4673,25940,4673,3.3,255,0,CleanAir,0.0,2026-09-18 23:30:00
75,3.21363,0.58363,25709,4669,25709,4669,3.3,255,0,CleanAir,0.0,2026-09-18 23:30:00
76,3.2445,0.585,25956,4680,25956,4680,3.3,255,0,CleanAir,0.0,2026-09-18 23:30:01
77,3.2205,0.58188,25764,4655,25764,4655,3.3,255,0,CleanAir,0.0,2026-09-18 23:30:01
78,3.246,0.5825,25968,4660,25968,4660,3.3,255,0,CleanAir,0.0,2026-09-18 23:30:01
79,3.21888,0.583,25751,4664,25751,4664,3.3,255,0,CleanAir,0.0,2026-09-18 23:30:02
80,3.24675,0.58138,25974,4651,25974,4651,3.3,255,0,CleanAir,0.0,2026-09-18 23:30:02
81,3.23275,0.5815,25862,4652,25862,4652,3.3,255,0,CleanAir,0.0,2026-09-18 23:30:02
82,3.21825,0.58238,25746,4659,25746,4659,3.3,255,0,CleanAir,0.0,2026-09-18 23:30:03
83,3.22738,0.58275,25819,4662,25819,4662,3.3,255,0,CleanAir,0.0,2026-09-18 23:30:03
84,3.24938,0.58625,25995,4690,25995,4690,3.3,255,0,CleanAir,0.0,2026-09-18 23:30:03
85,3.25,0.58538,26000,4683,26000,4683,3.3,255,0,CleanAir,0.0,2026-09-18 23:30:04
86,3.25025,0.58588,26002,4687,26002,4687,3.3,255,0,CleanAir,0.0,2026-09-18 23:30:04
87,3.251,0.58588,26008,4687,26008,4687,3.3,255,0,CleanAir,0.0,2026-09-18 23:30:05
88,3.25163,0.58613,26013,4689,26013,4689,3.3,255,0,CleanAir,0.0,2026-09-18 23:30:05
89,3.25213,0.58625,26017,4690,26017,4690,3.3,255,0,CleanAir,0.0,2026-09-18 23:30:05
90,3.25225,0.585,26018,4680,26018,4680,3.3,255,0,CleanAir,0.0,2026-09-18 23:30:06
91,3.2525,0.58388,26020,4671,26020,4671,3.3,255,0,CleanAir,0.0,2026-09-18 23:30:06
92,3.25363,0.585,26029,4680,26029,4680,3.3,255,0,CleanAir,0.0,2026-09-18 23:30:06
93,3.254,0.58363,26032,4669,26032,4669,3.3,255,0,CleanAir,0.0,2026-09-18 23:30:07
94,3.2455,0.58175,25964,4654,25964,4654,3.3,255,0,CleanAir,0.0,2026-09-18 23:30:07
95,3.25438,0.58538,26035,4683,26035,4683,3.3,255,0,CleanAir,0.0,2026-09-18 23:30:07
96,3.22488,0.582,25799,4656,25799,4656,3.3,255,0,CleanAir,0.0,2026-09-18 23:30:08
97,3.25488,0.582,26039,4656,26039,4656,3.3,255,0,CleanAir,0.0,2026-09-18 23:30:08
98,3.25525,0.58238,26042,4659,26042,4659,3.3,255,0,CleanAir,0.0,2026-09-18 23:30:08
99,3.25588,0.58625,26047,4690,26047,4690,3.3,255,0,CleanAir,0.0,2026-09-18 23:30:09
100,3.25513,0.58625,26041,4690,26041,4690,3.3,255,0,CleanAir,0.0,2026-09-18 23:30:09
101,3.256,0.585,26048,4680,26048,4680,3.3,255,0,CleanAir,0.0,2026-09-18 23:30:10
102,3.24988,0.58388,25999,4671,25999,4671,3.3,255,0,CleanAir,0.0,2026-09-18 23:30:10
103,3.22713,0.58563,25817,4685,25817,4685,3.3,255,0,CleanAir,0.0,2026-09-18 23:30:10
104,3.25663,0.58625,26053,4690,26053,4690,3.3,255,0,CleanAir,0.0,2026-09-18 23:30:11
105,3.25675,0.58688,26054,4695,26054,4695,3.3,255,0,CleanAir,0.0,2026-09-18 23:30:11
106,3.25725,0.58475,26058,4678,26058,4678,3.3,255,0,CleanAir,0.0,2026-09-18 23:30:11
107,3.23463,0.58663,25877,4693,25877,4693,3.3,255,0,CleanAir,0.0,2026-09-18 23:30:12
108,3.25775,0.58625,26062,4690,26062,4690,3.3,255,0,CleanAir,0.0,2026-09-18 23:30:12
109,3.22838,0.58575,25827,4686,25827,4686,3.3,255,0,CleanAir,0.0,2026-09-18 23:30:12
110,3.25775,0.5855,26062,4684,26062,4684,3.3,255,0,CleanAir,0.0,2026-09-18 23:30:13
111,3.2275,0.58513,25820,4681,25820,4681,3.3,255,0,CleanAir,0.0,2026-09-18 23:30:13
112,3.24613,0.583,25969,4664,25969,4664,3.3,255,0,CleanAir,0.0,2026-09-18 23:30:14
113,3.22863,0.58475,25829,4678,25829,4678,3.3,255,0,CleanAir,0.0,2026-09-18 23:30:14
114,3.22813,0.583,25825,4664,25825,4664,3.3,255,0,CleanAir,0.0,2026-09-18 23:30:14
115,3.22813,0.58238,25825,4659,25825,4659,3.3,255,0,CleanAir,0.0,2026-09-18 23:30:15
116,3.25888,0.58275,26071,4662,26071,4662,3.3,255,0,CleanAir,0.0,2026-09-18 23:30:15
117,3.23213,0.5845,25857,4676,25857,4676,3.3,255,0,CleanAir,0.0,2026-09-18 23:30:15
118,3.25888,0.5845,26071,4676,26071,4676,3.3,255,0,CleanAir,0.0,2026-09-18 23:30:16
119,3.23713,0.58463,25897,4677,25897,4677,3.3,255,0,CleanAir,0.0,2026-09-18 23:30:16
120,3.25875,0.58413,26070,4673,26070,4673,3.3,255,0,CleanAir,0.0,2026-09-18 23:30:16
121,3.22888,0.58225,25831,4658,25831,4658,3.3,255,0,CleanAir,0.0,2026-09-18 23:30:17
122,3.25975,0.5825,26078,4660,26078,4660,3.3,255,0,CleanAir,0.0,2026-09-18 23:30:17
123,3.23463,0.583,25877,4664,25877,4664,3.3,255,0,CleanAir,0.0,2026-09-18 23:30:17
124,3.2595,0.583,26076,4664,26076,4664,3.3,255,0,CleanAir,0.0,2026-09-18 23:30:18
125,3.467,0.58025,27736,4642,27736,4642,0.0,0,0,CleanAir,0.0,2026-09-18 23:30:18
126,3.41713,0.58088,27337,4647,27337,4647,0.0,0,0,CleanAir,0.0,2026-09-18 23:30:19
127,3.39213,0.58188,27137,4655,27137,4655,0.0,0,0,CleanAir,0.0,2026-09-18 23:30:19
128,3.37863,0.57913,27029,4633,27029,4633,0.0,0,0,CleanAir,0.0,2026-09-18 23:30:19
129,3.34725,0.57913,26778,4633,26778,4633,0.0,0,0,CleanAir,0.0,2026-09-18 23:30:20
130,3.32463,0.58038,26597,4643,26597,4643,0.0,0,0,CleanAir,0.0,2026-09-18 23:30:20
131,3.3195,0.58188,26556,4655,26556,4655,0.0,0,0,CleanAir,0.0,2026-09-18 23:30:21
132,3.283,0.58163,26264,4653,26264,4653,0.0,0,0,CleanAir,0.0,2026-09-18 23:30:21
133,3.2905,0.58213,26324,4657,26324,4657,0.0,0,0,CleanAir,0.0,2026-09-18 23:30:21
134,3.24563,0.58163,25965,4653,25965,4653,0.0,0,0,CleanAir,0.0,2026-09-18 23:30:22
135,3.24975,0.57875,25998,4630,25998,4630,0.0,0,0,CleanAir,0.0,2026-09-18 23:30:22
136,3.20213,0.57738,25617,4619,25617,4619,0.0,0,0,CleanAir,0.0,2026-09-18 23:30:22
137,3.191,0.57738,25528,4619,25528,4619,0.0,0,0,CleanAir,0.0,2026-09-18 23:30:23
138,3.19413,0.578,25553,4624,25553,4624,0.0,0,0,CleanAir,0.0,2026-09-18 23:30:23
139,3.16663,0.57825,25333,4626,25333,4626,0.0,0,0,CleanAir,0.0,2026-09-18 23:30:23
140,3.1585,0.57812,25268,4625,25268,4625,0.0,0,0,CleanAir,0.0,2026-09-18 23:30:24
141,3.1145,0.57638,24916,4611,24916,4611,0.0,0,0,CleanAir,0.0,2026-09-18 23:30:24
142,3.12675,0.57763,25014,4621,25014,4621,0.0,0,0,CleanAir,0.0,2026-09-18 23:30:24
143,3.08525,0.57763,24682,4621,24682,4621,0.0,0,0,CleanAir,0.0,2026-09-18 23:30:25
144,3.09688,0.57925,24775,4634,24775,4634,0.0,0,0,CleanAir,0.0,2026-09-18 23:30:25
145,3.06688,0.57938,24535,4635,24535,4635,0.0,0,0,CleanAir,0.0,2026-09-18 23:30:26
146,3.0685,0.57975,24548,4638,24548,4638,0.0,0,0,CleanAir,0.0,2026-09-18 23:30:26
147,3.04425,0.58188,24354,4655,24354,4655,0.0,0,0,CleanAir,0.0,2026-09-18 23:30:26
148,3.023,0.58188,24184,4655,24184,4655,0.0,0,0,CleanAir,0.0,2026-09-18 23:30:27
149,3.02125,0.58163,24170,4653,24170,4653,0.0,0,0,CleanAir,0.0,2026-09-18 23:30:27
150,2.98875,0.58,23910,4640,23910,4640,0.0,0,0,CleanAir,0.0,2026-09-18 23:30:27
151,3.0045,0.57763,24036,4621,24036,4621,0.0,0,0,CleanAir,0.0,2026-09-18 23:30:28
152,2.99288,0.57763,23943,4621,23943,4621,0.0,0,0,CleanAir,0.0,2026-09-18 23:30:28
153,2.98225,0.579,23858,4632,23858,4632,0.0,0,0,CleanAir,0.0,2026-09-18 23:30:28
154,2.97163,0.57863,23773,4629,23773,4629,0.0,0,0,CleanAir,0.0,2026-09-18 23:30:29
155,2.96075,0.57838,23686,4627,23686,4627,0.0,0,0,CleanAir,0.0,2026-09-18 23:30:29
156,2.95038,0.58113,23603,4649,23603,4649,0.0,0,0,CleanAir,0.0,2026-09-18 23:30:29
157,2.94013,0.58125,23521,4650,23521,4650,0.0,0,0,CleanAir,0.0,2026-09-18 23:30:30
158,2.92688,0.58163,23415,4653,23415,4653,0.0,0,0,CleanAir,0.0,2026-09-18 23:30:30
159,2.89175,0.58175,23134,4654,23134,4654,0.0,0,0,CleanAir,0.0,2026-09-18 23:30:31
160,2.90963,0.57863,23277,4629,23277,4629,0.0,0,0,CleanAir,0.0,2026-09-18 23:30:31
161,2.89538,0.5785,23163,4628,23163,4628,0.0,0,0,CleanAir,0.0,2026-09-18 23:30:31
162,2.89275,0.5815,23142,4652,23142,4652,0.0,0,0,CleanAir,0.0,2026-09-18 23:30:32
163,2.85775,0.58125,22862,4650,22862,4650,0.0,0,0,CleanAir,0.0,2026-09-18 23:30:32
164,2.87588,0.58138,23007,4651,23007,4651,0.0,0,0,CleanAir,0.0,2026-09-18 23:30:32
165,2.84413,0.58075,22753,4646,22753,4646,0.0,0,0,CleanAir,0.0,2026-09-18 23:30:33
166,2.86138,0.58125,22891,4650,22891,4650,0.0,0,0,CleanAir,0.0,2026-09-18 23:30:33
167,2.8345,0.5805,22676,4644,22676,4644,0.0,0,0,CleanAir,0.0,2026-09-18 23:30:34
168,2.83488,0.57825,22679,4626,22679,4626,0.0,0,0,CleanAir,0.0,2026-09-18 23:30:34
169,2.81488,0.57738,22519,4619,22519,4619,0.0,0,0,CleanAir,0.0,2026-09-18 23:30:34
170,2.83463,0.5765,22677,4612,22677,4612,0.0,0,0,CleanAir,0.0,2026-09-18 23:30:35
171,2.80275,0.57613,22422,4609,22422,4609,0.0,0,0,CleanAir,0.0,2026-09-18 23:30:35
172,2.82288,0.57713,22583,4617,22583,4617,0.0,0,0,CleanAir,0.0,2026-09-18 23:30:35
173,2.80188,0.57913,22415,4633,22415,4633,0.0,0,0,CleanAir,0.0,2026-09-18 23:30:36
174,2.81113,0.57638,22489,4611,22489,4611,0.0,0,0,CleanAir,0.0,2026-09-18 23:30:36
175,2.77888,0.57663,22231,4613,22231,4613,0.0,0,0,CleanAir,0.0,2026-09-18 23:30:36
176,2.79888,0.5815,22391,4652,22391,4652,0.0,0,0,CleanAir,0.0,2026-09-18 23:30:37
177,2.76975,0.57938,22158,4635,22158,4635,0.0,0,0,CleanAir,0.0,2026-09-18 23:30:37
178,2.789,0.5815,22312,4652,22312,4652,0.0,0,0,CleanAir,0.0,2026-09-18 23:30:38
179,2.75975,0.57875,22078,4630,22078,4630,0.0,0,0,CleanAir,0.0,2026-09-18 23:30:38
180,2.77988,0.58138,22239,4651,22239,4651,0.0,0,0,CleanAir,0.0,2026-09-18 23:30:38
181,2.7505,0.58063,22004,4645,22004,4645,0.0,0,0,CleanAir,0.0,2026-09-18 23:30:39
182,2.76488,0.58138,22119,4651,22119,4651,0.0,0,0,CleanAir,0.0,2026-09-18 23:30:40
183,2.73625,0.58175,21890,4654,21890,4654,0.0,0,0,CleanAir,0.0,2026-09-18 23:30:40
184,2.75725,0.5815,22058,4652,22058,4652,0.0,0,0,CleanAir,0.0,2026-09-18 23:30:40
185,2.73613,0.58125,21889,4650,21889,4650,0.0,0,0,CleanAir,0.0,2026-09-18 23:30:41
186,2.75038,0.58138,22003,4651,22003,4651,0.0,0,0,CleanAir,0.0,2026-09-18 23:30:41
187,2.72188,0.58175,21775,4654,21775,4654,0.0,0,0,CleanAir,0.0,2026-09-18 23:30:41
188,2.74463,0.57838,21957,4627,21957,4627,0.0,0,0,CleanAir,0.0,2026-09-18 23:30:42
189,2.7405,0.57613,21924,4609,21924,4609,0.0,0,0,CleanAir,0.0,2026-09-18 23:30:42
190,2.713,0.57775,21704,4622,21704,4622,0.0,0,0,CleanAir,0.0,2026-09-18 23:30:42
191,2.73563,0.57888,21885,4631,21885,4631,0.0,0,0,CleanAir,0.0,2026-09-18 23:30:43
192,2.73075,0.58075,21846,4646,21846,4646,0.0,0,0,CleanAir,0.0,2026-09-18 23:30:43
193,2.7275,0.57775,21820,4622,21820,4622,0.0,0,0,CleanAir,0.0,2026-09-18 23:30:44
194,2.71213,0.58138,21697,4651,21697,4651,0.0,0,0,CleanAir,0.0,2026-09-18 23:30:44
195,2.72175,0.5795,21774,4636,21774,4636,0.0,0,0,CleanAir,0.0,2026-09-18 23:30:45
196,2.69875,0.57875,21590,4630,21590,4630,0.0,0,0,CleanAir,0.0,2026-09-18 23:30:45
197,2.717,0.57838,21736,4627,21736,4627,0.0,0,0,CleanAir,0.0,2026-09-18 23:30:45
198,2.69175,0.57688,21534,4615,21534,4615,0.0,0,0,CleanAir,0.0,2026-09-18 23:30:46
199,2.7135,0.57688,21708,4615,21708,4615,0.0,0,0,CleanAir,0.0,2026-09-18 23:30:46
200,2.7115,0.57775,21692,4622,21692,4622,0.0,0,0,CleanAir,0.0,2026-09-18 23:30:46
201,2.68425,0.57738,21474,4619,21474,4619,0.0,0,0,CleanAir,0.0,2026-09-18 23:30:47
202,2.70775,0.5785,21662,4628,21662,4628,0.0,0,0,CleanAir,0.0,2026-09-18 23:30:47
203,2.70425,0.57763,21634,4621,21634,4621,0.0,0,0,CleanAir,0.0,2026-09-18 23:30:48
204,2.67725,0.57663,21418,4613,21418,4613,0.0,0,0,CleanAir,0.0,2026-09-18 23:30:48
205,2.70175,0.57713,21614,4617,21614,4617,0.0,0,0,CleanAir,0.0,2026-09-18 23:30:48
206,2.68625,0.581,21490,4648,21490,4648,0.0,0,0,CleanAir,0.0,2026-09-18 23:30:49
207,2.69788,0.57938,21583,4635,21583,4635,0.0,0,0,CleanAir,0.0,2026-09-18 23:30:49
208,2.67475,0.57812,21398,4625,21398,4625,0.0,0,0,CleanAir,0.0,2026-09-18 23:30:49
209,2.69488,0.57738,21559,4619,21559,4619,0.0,0,0,CleanAir,0.0,2026-09-18 23:30:50
210,2.67525,0.578,21402,4624,21402,4624,0.0,0,0,CleanAir,0.0,2026-09-18 23:30:50
211,2.66738,0.5765,21339,4612,21339,4612,0.0,0,0,CleanAir,0.0,2026-09-18 23:30:51
212,2.675,0.5775,21400,4620,21400,4620,0.0,0,0,CleanAir,0.0,2026-09-18 23:30:51
213,2.66638,0.57725,21331,4618,21331,4618,0.0,0,0,CleanAir,0.0,2026-09-18 23:30:51
214,2.665,0.5775,21320,4620,21320,4620,0.0,0,0,CleanAir,0.0,2026-09-18 23:30:52
215,2.68825,0.57738,21506,4619,21506,4619,0.0,0,0,CleanAir,0.0,2026-09-18 23:30:52
216,2.666,0.57625,21328,4610,21328,4610,0.0,0,0,CleanAir,0.0,2026-09-18 23:30:52
217,2.66188,0.57713,21295,4617,21295,4617,0.0,0,0,CleanAir,0.0,2026-09-18 23:30:53
218,2.67075,0.57812,21366,4625,21366,4625,0.0,0,0,CleanAir,0.0,2026-09-18 23:30:53
219,2.68363,0.57663,21469,4613,21469,4613,0.0,0,0,CleanAir,0.0,2026-09-18 23:30:53
220,2.68225,0.57825,21458,4626,21458,4626,0.0,0,0,CleanAir,0.0,2026-09-18 23:30:54
221,2.6765,0.5795,21412,4636,21412,4636,0.0,0,0,CleanAir,0.0,2026-09-18 23:30:55
222,2.65875,0.578,21270,4624,21270,4624,0.0,0,0,CleanAir,0.0,2026-09-18 23:30:55
223,2.67963,0.58038,21437,4643,21437,4643,0.0,0,0,CleanAir,0.0,2026-09-18 23:30:55
224,2.67875,0.5765,21430,4612,21430,4612,0.0,0,0,CleanAir,0.0,2026-09-18 23:30:56
225,2.66438,0.57888,21315,4631,21315,4631,0.0,0,0,CleanAir,0.0,2026-09-18 23:30:56
226,2.66438,0.58038,21315,4643,21315,4643,0.0,0,0,CleanAir,0.0,2026-09-18 23:30:56
227,2.65225,0.58025,21218,4642,21218,4642,0.0,0,0,CleanAir,0.0,2026-09-18 23:30:57
228,2.65038,0.57863,21203,4629,21203,4629,0.0,0,0,CleanAir,0.0,2026-09-18 23:30:57
229,2.67438,0.5785,21395,4628,21395,4628,0.0,0,0,CleanAir,0.0,2026-09-18 23:30:57
230,2.65075,0.57812,21206,4625,21206,4625,0.0,0,0,CleanAir,0.0,2026-09-18 23:30:58
231,2.674,0.576,21392,4608,21392,4608,0.0,0,0,CleanAir,0.0,2026-09-18 23:30:58
232,2.65838,0.5815,21267,4652,21267,4652,0.0,0,0,CleanAir,0.0,2026-09-18 23:30:59
233,2.67225,0.58163,21378,4653,21378,4653,0.0,0,0,CleanAir,0.0,2026-09-18 23:30:59
234,2.64775,0.58125,21182,4650,21182,4650,0.0,0,0,CleanAir,0.0,2026-09-18 23:30:59
235,2.67125,0.58038,21370,4643,21370,4643,0.0,0,0,CleanAir,0.0,2026-09-18 23:31:00
236,2.646,0.57663,21168,4613,21168,4613,0.0,0,0,CleanAir,0.0,2026-09-18 23:31:00
237,2.6705,0.57675,21364,4614,21364,4614,0.0,0,0,CleanAir,0.0,2026-09-18 23:31:00
238,2.65488,0.5815,21239,4652,21239,4652,0.0,0,0,CleanAir,0.0,2026-09-18 23:31:01
239,2.64575,0.57725,21166,4618,21166,4618,0.0,0,0,CleanAir,0.0,2026-09-18 23:31:01
240,2.66825,0.58113,21346,4649,21346,4649,0.0,0,0,CleanAir,0.0,2026-09-18 23:31:02
241,2.64838,0.58188,21187,4655,21187,4655,0.0,0,0,CleanAir,0.0,2026-09-18 23:31:02
242,2.64363,0.57763,21149,4621,21149,4621,0.0,0,0,CleanAir,0.0,2026-09-18 23:31:03
243,2.65338,0.579,21227,4632,21227,4632,0.0,0,0,CleanAir,0.0,2026-09-18 23:31:03
244,2.667,0.5815,21336,4652,21336,4652,0.0,0,0,CleanAir,0.0,2026-09-18 23:31:04
245,2.6415,0.58138,21132,4651,21132,4651,0.0,0,0,CleanAir,0.0,2026-09-18 23:31:04
246,2.66538,0.57938,21323,4635,21323,4635,0.0,0,0,CleanAir,0.0,2026-09-18 23:31:04
247,2.66538,0.57863,21323,4629,21323,4629,0.0,0,0,CleanAir,0.0,2026-09-18 23:31:05
248,2.66513,0.5765,21321,4612,21321,4612,0.0,0,0,CleanAir,0.0,2026-09-18 23:31:05
249,2.64113,0.578,21129,4624,21129,4624,0.0,0,0,CleanAir,0.0,2026-09-18 23:31:05
0,2.53075,0.58375,20246,4670,20246,4670,3.3,255,0,CleanAir,0.0,2026-09-18 23:31:06
1,2.5715,0.58163,20572,4653,20572,4653,3.3,255,0,CleanAir,0.0,2026-09-18 23:31:06
2,2.60775,0.581,20862,4648,20862,4648,3.3,255,0,CleanAir,0.0,2026-09-18 23:31:07
3,2.63988,0.58138,21119,4651,21119,4651,3.3,255,0,CleanAir,0.0,2026-09-18 23:31:07
4,2.66963,0.58113,21357,4649,21357,4649,3.3,255,0,CleanAir,0.0,2026-09-18 23:31:07
5,2.69788,0.58263,21583,4661,21583,4661,3.3,255,0,CleanAir,0.0,2026-09-18 23:31:08
6,2.72538,0.58175,21803,4654,21803,4654,3.3,255,0,CleanAir,0.0,2026-09-18 23:31:08
7,2.75075,0.582,22006,4656,22006,4656,3.3,255,0,CleanAir,0.0,2026-09-18 23:31:08
8,2.77513,0.58263,22201,4661,22201,4661,3.3,255,0,CleanAir,0.0,2026-09-18 23:31:09
9,2.79113,0.58563,22329,4685,22329,4685,3.3,255,0,CleanAir,0.0,2026-09-18 23:31:09
10,2.82113,0.58575,22569,4686,22569,4686,3.3,255,0,CleanAir,0.0,2026-09-18 23:31:10
11,2.84188,0.58413,22735,4673,22735,4673,3.3,255,0,CleanAir,0.0,2026-09-18 23:31:10
12,2.86175,0.58113,22894,4649,22894,4649,3.3,255,0,CleanAir,0.0,2026-09-18 23:31:10
13,2.85525,0.58225,22842,4658,22842,4658,3.3,255,0,CleanAir,0.0,2026-09-18 23:31:11
14,2.89925,0.58313,23194,4665,23194,4665,3.3,255,0,CleanAir,0.0,2026-09-18 23:31:11
15,2.917,0.58275,23336,4662,23336,4662,3.3,255,0,CleanAir,0.0,2026-09-18 23:31:11
16,2.92713,0.58563,23417,4685,23417,4685,3.3,255,0,CleanAir,0.0,2026-09-18 23:31:12
17,2.928,0.58475,23424,4678,23424,4678,3.3,255,0,CleanAir,0.0,2026-09-18 23:31:12
18,2.96863,0.58538,23749,4683,23749,4683,3.3,255,0,CleanAir,0.0,2026-09-18 23:31:13
19,2.95513,0.58313,23641,4665,23641,4665,3.3,255,0,CleanAir,0.0,2026-09-18 23:31:13
20,2.99513,0.58563,23961,4685,23961,4685,3.3,255,0,CleanAir,0.0,2026-09-18 23:31:13
21,2.98613,0.58575,23889,4686,23889,4686,3.3,255,0,CleanAir,0.0,2026-09-18 23:31:14
22,3.0195,0.58588,24156,4687,24156,4687,3.3,255,0,CleanAir,0.0,2026-09-18 23:31:14
23,3.0355,0.58113,24284,4649,24284,4649,3.3,255,0,CleanAir,0.0,2026-09-18 23:31:14
24,3.01738,0.58413,24139,4673,24139,4673,3.3,255,0,CleanAir,0.0,2026-09-18 23:31:15
25,3.05588,0.58125,24447,4650,24447,4650,3.3,255,0,CleanAir,0.0,2026-09-18 23:31:15
26,3.03813,0.581,24305,4648,24305,4648,3.3,255,0,CleanAir,0.0,2026-09-18 23:31:16
27,3.07388,0.58063,24591,4645,24591,4645,3.3,255,0,CleanAir,0.0,2026-09-18 23:31:16
28,3.05688,0.58088,24455,4647,24455,4647,3.3,255,0,CleanAir,0.0,2026-09-18 23:31:16
29,3.091,0.58225,24728,4658,24728,4658,3.3,255,0,CleanAir,0.0,2026-09-18 23:31:17
30,3.071,0.58163,24568,4653,24568,4653,3.3,255,0,CleanAir,0.0,2026-09-18 23:31:17
31,3.10663,0.58288,24853,4663,24853,4663,3.3,255,0,CleanAir,0.0,2026-09-18 23:31:17
32,3.08475,0.583,24678,4664,24678,4664,3.3,255,0,CleanAir,0.0,2026-09-18 23:31:18
33,3.12025,0.58313,24962,4665,24962,4665,3.3,255,0,CleanAir,0.0,2026-09-18 23:31:18
34,3.09788,0.58275,24783,4662,24783,4662,3.3,255,0,CleanAir,0.0,2026-09-18 23:31:18
35,3.13225,0.58637,25058,4691,25058,4691,3.3,255,0,CleanAir,0.0,2026-09-18 23:31:19
36,3.1125,0.58275,24900,4662,24900,4662,3.3,255,0,CleanAir,0.0,2026-09-18 23:31:19
37,3.14425,0.58338,25154,4667,25154,4667,3.3,255,0,CleanAir,0.0,2026-09-18 23:31:19
38,3.12388,0.58275,24991,4662,24991,4662,3.3,255,0,CleanAir,0.0,2026-09-18 23:31:20
39,3.15425,0.58313,25234,4665,25234,4665,3.3,255,0,CleanAir,0.0,2026-09-18 23:31:20
40,3.1295,0.58625,25036,4690,25036,4690,3.3,255,0,CleanAir,0.0,2026-09-18 23:31:21
41,3.13425,0.58213,25074,4657,25074,4657,3.3,255,0,CleanAir,0.0,2026-09-18 23:31:21
42,3.15825,0.58275,25266,4662,25266,4662,3.3,255,0,CleanAir,0.0,2026-09-18 23:31:21
43,3.17225,0.58375,25378,4670,25378,4670,3.3,255,0,CleanAir,0.0,2026-09-18 23:31:22
44,3.1465,0.586,25172,4688,25172,4688,3.3,255,0,CleanAir,0.0,2026-09-18 23:31:22
45,3.15038,0.58275,25203,4662,25203,4662,3.3,255,0,CleanAir,0.0,2026-09-18 23:31:22
46,3.18438,0.58225,25475,4658,25475,4658,3.3,255,0,CleanAir,0.0,2026-09-18 23:31:23
47,3.18675,0.58213,25494,4657,25494,4657,3.3,255,0,CleanAir,0.0,2026-09-18 23:31:23
48,3.19113,0.58213,25529,4657,25529,4657,3.3,255,0,CleanAir,0.0,2026-09-18 23:31:24
49,3.16438,0.58188,25315,4655,25315,4655,3.3,255,0,CleanAir,0.0,2026-09-18 23:31:24
50,3.19688,0.58375,25575,4670,25575,4670,3.3,255,0,CleanAir,0.0,2026-09-18 23:31:24
51,3.171,0.58263,25368,4661,25368,4661,3.3,255,0,CleanAir,0.0,2026-09-18 23:31:25
52,3.202,0.58313,25616,4665,25616,4665,3.3,255,0,CleanAir,0.0,2026-09-18 23:31:25
53,3.1745,0.58575,25396,4686,25396,4686,3.3,255,0,CleanAir,0.0,2026-09-18 23:31:25
54,3.2075,0.58438,25660,4675,25660,4675,3.3,255,0,CleanAir,0.0,2026-09-18 23:31:26
55,3.186,0.58263,25488,4661,25488,4661,3.3,255,0,CleanAir,0.0,2026-09-18 23:31:26
56,3.18275,0.58388,25462,4671,25462,4671,3.3,255,0,CleanAir,0.0,2026-09-18 23:31:26
57,3.18425,0.58538,25474,4683,25474,4683,3.3,255,0,CleanAir,0.0,2026-09-18 23:31:27
58,3.21575,0.586,25726,4688,25726,4688,3.3,255,0,CleanAir,0.0,2026-09-18 23:31:27
59,3.21775,0.58637,25742,4691,25742,4691,3.3,255,0,CleanAir,0.0,2026-09-18 23:31:28
60,3.21938,0.5855,25755,4684,25755,4684,3.3,255,0,CleanAir,0.0,2026-09-18 23:31:28
61,3.2005,0.58275,25604,4662,25604,4662,3.3,255,0,CleanAir,0.0,2026-09-18 23:31:28
62,3.22288,0.58125,25783,4650,25783,4650,3.3,255,0,CleanAir,0.0,2026-09-18 23:31:29
63,3.22475,0.582,25798,4656,25798,4656,3.3,255,0,CleanAir,0.0,2026-09-18 23:31:29
64,3.2255,0.58213,25804,4657,25804,4657,3.3,255,0,CleanAir,0.0,2026-09-18 23:31:29
65,3.22775,0.582,25822,4656,25822,4656,3.3,255,0,CleanAir,0.0,2026-09-18 23:31:30
66,3.22938,0.58238,25835,4659,25835,4659,3.3,255,0,CleanAir,0.0,2026-09-18 23:31:30
67,3.22638,0.58363,25811,4669,25811,4669,3.3,255,0,CleanAir,0.0,2026-09-18 23:31:30
68,3.20025,0.58113,25602,4649,25602,4649,3.3,255,0,CleanAir,0.0,2026-09-18 23:31:31
69,3.23313,0.58238,25865,4659,25865,4659,3.3,255,0,CleanAir,0.0,2026-09-18 23:31:31
70,3.20463,0.58238,25637,4659,25637,4659,3.3,255,0,CleanAir,0.0,2026-09-18 23:31:31
71,3.236,0.58225,25888,4658,25888,4658,3.3,255,0,CleanAir,0.0,2026-09-18 23:31:32
72,3.20775,0.58225,25662,4658,25662,4658,3.3,255,0,CleanAir,0.0,2026-09-18 23:31:32
73,3.23775,0.58588,25902,4687,25902,4687,3.3,255,0,CleanAir,0.0,2026-09-18 23:31:33
74,3.23275,0.58275,25862,4662,25862,4662,3.3,255,0,CleanAir,0.0,2026-09-18 23:31:33
75,3.23888,0.58263,25911,4661,25911,4661,3.3,255,0,CleanAir,0.0,2026-09-18 23:31:33
76,3.22038,0.58588,25763,4687,25763,4687,3.3,255,0,CleanAir,0.0,2026-09-18 23:31:34
77,3.241,0.58575,25928,4686,25928,4686,3.3,255,0,CleanAir,0.0,2026-09-18 23:31:34
78,3.24238,0.58363,25939,4669,25939,4669,3.3,255,0,CleanAir,0.0,2026-09-18 23:31:35
79,3.244,0.58338,25952,4667,25952,4667,3.3,255,0,CleanAir,0.0,2026-09-18 23:31:35
80,3.24438,0.58588,25955,4687,25955,4687,3.3,255,0,CleanAir,0.0,2026-09-18 23:31:35
81,3.24538,0.58575,25963,4686,25963,4686,3.3,255,0,CleanAir,0.0,2026-09-18 23:31:36
82,3.245,0.58613,25960,4689,25960,4689,3.3,255,0,CleanAir,0.0,2026-09-18 23:31:36
83,3.21538,0.5835,25723,4668,25723,4668,3.3,255,0,CleanAir,0.0,2026-09-18 23:31:36
84,3.24588,0.58225,25967,4658,25967,4658,3.3,255,0,CleanAir,0.0,2026-09-18 23:31:37
85,3.24725,0.58225,25978,4658,25978,4658,3.3,255,0,CleanAir,0.0,2026-09-18 23:31:37
86,3.23013,0.5825,25841,4660,25841,4660,3.3,255,0,CleanAir,0.0,2026-09-18 23:31:37
87,3.2475,0.58488,25980,4679,25980,4679,3.3,255,0,CleanAir,0.0,2026-09-18 23:31:38
88,3.24825,0.583,25986,4664,25986,4664,3.3,255,0,CleanAir,0.0,2026-09-18 23:31:38
89,3.21988,0.58088,25759,4647,25759,4647,3.3,255,0,CleanAir,0.0,2026-09-18 23:31:39
90,3.24975,0.58325,25998,4666,25998,4666,3.3,255,0,CleanAir,0.0,2026-09-18 23:31:39
91,3.22038,0.58138,25763,4651,25763,4651,3.3,255,0,CleanAir,0.0,2026-09-18 23:31:40
92,3.221,0.58575,25768,4686,25768,4686,3.3,255,0,CleanAir,0.0,2026-09-18 23:31:40
93,3.23888,0.58113,25911,4649,25911,4649,3.3,255,0,CleanAir,0.0,2026-09-18 23:31:40
94,3.22163,0.5825,25773,4660,25773,4660,3.3,255,0,CleanAir,0.0,2026-09-18 23:31:41
95,3.2295,0.58263,25836,4661,25836,4661,3.3,255,0,CleanAir,0.0,2026-09-18 23:31:41
96,3.25225,0.58175,26018,4654,26018,4654,3.3,255,0,CleanAir,0.0,2026-09-18 23:31:42
97,3.25275,0.584,26022,4672,26022,4672,3.3,255,0,CleanAir,0.0,2026-09-18 23:31:42
98,3.2525,0.58613,26020,4689,26020,4689,3.3,255,0,CleanAir,0.0,2026-09-18 23:31:42
99,3.2525,0.58625,26020,4690,26020,4690,3.3,255,0,CleanAir,0.0,2026-09-18 23:31:43
100,3.25388,0.58313,26031,4665,26031,4665,3.3,255,0,CleanAir,0.0,2026-09-18 23:31:43
101,3.22363,0.58438,25789,4675,25789,4675,3.3,255,0,CleanAir,0.0,2026-09-18 23:31:43
102,3.254,0.58625,26032,4690,26032,4690,3.3,255,0,CleanAir,0.0,2026-09-18 23:31:44
103,3.25363,0.58563,26029,4685,26029,4685,3.3,255,0,CleanAir,0.0,2026-09-18 23:31:44
104,3.25388,0.58325,26031,4666,26031,4666,3.3,255,0,CleanAir,0.0,2026-09-18 23:31:44
105,3.23575,0.58213,25886,4657,25886,4657,3.3,255,0,CleanAir,0.0,2026-09-18 23:31:45
106,3.22425,0.58113,25794,4649,25794,4649,3.3,255,0,CleanAir,0.0,2026-09-18 23:31:45
107,3.25463,0.58325,26037,4666,26037,4666,3.3,255,0,CleanAir,0.0,2026-09-18 23:31:45
108,3.25488,0.584,26039,4672,26039,4672,3.3,255,0,CleanAir,0.0,2026-09-18 23:31:46
109,3.25475,0.58213,26038,4657,26038,4657,3.3,255,0,CleanAir,0.0,2026-09-18 23:31:46
110,3.22488,0.58637,25799,4691,25799,4691,3.3,255,0,CleanAir,0.0,2026-09-18 23:31:47
111,3.25513,0.58563,26041,4685,26041,4685,3.3,255,0,CleanAir,0.0,2026-09-18 23:31:47
112,3.22575,0.58575,25806,4686,25806,4686,3.3,255,0,CleanAir,0.0,2026-09-18 23:31:47
113,3.25625,0.58325,26050,4666,26050,4666,3.3,255,0,CleanAir,0.0,2026-09-18 23:31:48
114,3.23388,0.58275,25871,4662,25871,4662,3.3,255,0,CleanAir,0.0,2026-09-18 23:31:48
115,3.22613,0.581,25809,4648,25809,4648,3.3,255,0,CleanAir,0.0,2026-09-18 23:31:48
116,3.23038,0.58138,25843,4651,25843,4651,3.3,255,0,CleanAir,0.0,2026-09-18 23:31:49
117,3.2565,0.58138,26052,4651,26052,4651,3.3,255,0,CleanAir,0.0,2026-09-18 23:31:49
118,3.22688,0.58213,25815,4657,25815,4657,3.3,255,0,CleanAir,0.0,2026-09-18 23:31:49
119,3.25763,0.5825,26061,4660,26061,4660,3.3,255,0,CleanAir,0.0,2026-09-18 23:31:50
120,3.25738,0.58613,26059,4689,26059,4689,3.3,255,0,CleanAir,0.0,2026-09-18 23:31:50
121,3.24175,0.58363,25934,4669,25934,4669,3.3,255,0,CleanAir,0.0,2026-09-18 23:31:51
122,3.257,0.58613,26056,4689,26056,4689,3.3,255,0,CleanAir,0.0,2026-09-18 23:31:51
123,3.23088,0.586,25847,4688,25847,4688,3.3,255,0,CleanAir,0.0,2026-09-18 23:31:51
124,3.25625,0.58613,26050,4689,26050,4689,3.3,255,0,CleanAir,0.0,2026-09-18 23:31:52
125,3.43125,0.58188,27450,4655,27450,4655,0.0,0,0,CleanAir,0.0,2026-09-18 23:31:52
126,3.44525,0.58075,27562,4646,27562,4646,0.0,0,0,CleanAir,0.0,2026-09-18 23:31:52
127,3.39038,0.5815,27123,4652,27123,4652,0.0,0,0,CleanAir,0.0,2026-09-18 23:31:53
128,3.36413,0.58113,26913,4649,26913,4649,0.0,0,0,CleanAir,0.0,2026-09-18 23:31:53
129,3.3705,0.58063,26964,4645,26964,4645,0.0,0,0,CleanAir,0.0,2026-09-18 23:31:54
130,3.33213,0.57713,26657,4617,26657,4617,0.0,0,0,CleanAir,0.0,2026-09-18 23:31:54
131,3.32663,0.57713,26613,4617,26613,4617,0.0,0,0,CleanAir,0.0,2026-09-18 23:31:54
132,3.28738,0.57688,26299,4615,26299,4615,0.0,0,0,CleanAir,0.0,2026-09-18 23:31:55
133,3.2855,0.57775,26284,4622,26284,4622,0.0,0,0,CleanAir,0.0,2026-09-18 23:31:55
134,3.24038,0.57838,25923,4627,25923,4627,0.0,0,0,CleanAir,0.0,2026-09-18 23:31:55
135,3.24588,0.579,25967,4632,25967,4632,0.0,0,0,CleanAir,0.0,2026-09-18 23:31:56
136,3.2185,0.58075,25748,4646,25748,4646,0.0,0,0,CleanAir,0.0,2026-09-18 23:31:56
137,3.18113,0.5815,25449,4652,25449,4652,0.0,0,0,CleanAir,0.0,2026-09-18 23:31:57
138,3.1825,0.58125,25460,4650,25460,4650,0.0,0,0,CleanAir,0.0,2026-09-18 23:31:57
139,3.13963,0.5815,25117,4652,25117,4652,0.0,0,0,CleanAir,0.0,2026-09-18 23:31:57
140,3.12063,0.57725,24965,4618,24965,4618,0.0,0,0,CleanAir,0.0,2026-09-18 23:31:58
141,3.10413,0.58075,24833,4646,24833,4646,0.0,0,0,CleanAir,0.0,2026-09-18 23:31:58
142,3.08625,0.57688,24690,4615,24690,4615,0.0,0,0,CleanAir,0.0,2026-09-18 23:31:58
143,3.07538,0.58138,24603,4651,24603,4651,0.0,0,0,CleanAir,0.0,2026-09-18 23:31:59
144,3.08775,0.58013,24702,4641,24702,4641,0.0,0,0,CleanAir,0.0,2026-09-18 23:31:59
145,3.07138,0.5815,24571,4652,24571,4652,0.0,0,0,CleanAir,0.0,2026-09-18 23:31:59
146,3.05963,0.5795,24477,4636,24477,4636,0.0,0,0,CleanAir,0.0,2026-09-18 23:32:00
147,3.04463,0.58125,24357,4650,24357,4650,0.0,0,0,CleanAir,0.0,2026-09-18 23:32:00
148,3.0305,0.58188,24244,4655,24244,4655,0.0,0,0,CleanAir,0.0,2026-09-18 23:32:01
149,2.99488,0.57913,23959,4633,23959,4633,0.0,0,0,CleanAir,0.0,2026-09-18 23:32:01
150,3.00575,0.5775,24046,4620,24046,4620,0.0,0,0,CleanAir,0.0,2026-09-18 23:32:01
151,2.96638,0.57738,23731,4619,23731,4619,0.0,0,0,CleanAir,0.0,2026-09-18 23:32:02
152,2.98413,0.57838,23873,4627,23873,4627,0.0,0,0,CleanAir,0.0,2026-09-18 23:32:02
153,2.97238,0.58138,23779,4651,23779,4651,0.0,0,0,CleanAir,0.0,2026-09-18 23:32:02
154,2.96125,0.57888,23690,4631,23690,4631,0.0,0,0,CleanAir,0.0,2026-09-18 23:32:03
155,2.952,0.57713,23616,4617,23616,4617,0.0,0,0,CleanAir,0.0,2026-09-18 23:32:03
156,2.93425,0.57863,23474,4629,23474,4629,0.0,0,0,CleanAir,0.0,2026-09-18 23:32:03
157,2.932,0.58113,23456,4649,23456,4649,0.0,0,0,CleanAir,0.0,2026-09-18 23:32:04
158,2.89625,0.58013,23170,4641,23170,4641,0.0,0,0,CleanAir,0.0,2026-09-18 23:32:04
159,2.91425,0.57825,23314,4626,23314,4626,0.0,0,0,CleanAir,0.0,2026-09-18 23:32:05
160,2.889,0.58175,23112,4654,23112,4654,0.0,0,0,CleanAir,0.0,2026-09-18 23:32:05
161,2.89625,0.57825,23170,4626,23170,4626,0.0,0,0,CleanAir,0.0,2026-09-18 23:32:05
162,2.88838,0.5765,23107,4612,23107,4612,0.0,0,0,CleanAir,0.0,2026-09-18 23:32:06
163,2.854,0.57812,22832,4625,22832,4625,0.0,0,0,CleanAir,0.0,2026-09-18 23:32:06
164,2.87238,0.58113,22979,4649,22979,4649,0.0,0,0,CleanAir,0.0,2026-09-18 23:32:06
165,2.86075,0.5815,22886,4652,22886,4652,0.0,0,0,CleanAir,0.0,2026-09-18 23:32:07
166,2.84588,0.58013,22767,4641,22767,4641,0.0,0,0,CleanAir,0.0,2026-09-18 23:32:07
167,2.83588,0.57925,22687,4634,22687,4634,0.0,0,0,CleanAir,0.0,2026-09-18 23:32:08
168,2.814,0.5815,22512,4652,22512,4652,0.0,0,0,CleanAir,0.0,2026-09-18 23:32:08
169,2.8335,0.57725,22668,4618,22668,4618,0.0,0,0,CleanAir,0.0,2026-09-18 23:32:08
170,2.8015,0.57975,22412,4638,22412,4638,0.0,0,0,CleanAir,0.0,2026-09-18 23:32:09
171,2.82125,0.57938,22570,4635,22570,4635,0.0,0,0,CleanAir,0.0,2026-09-18 23:32:09
172,2.78963,0.57613,22317,4609,22317,4609,0.0,0,0,CleanAir,0.0,2026-09-18 23:32:09
173,2.80338,0.57788,22427,4623,22427,4623,0.0,0,0,CleanAir,0.0,2026-09-18 23:32:10
174,2.77863,0.57988,22229,4639,22229,4639,0.0,0,0,CleanAir,0.0,2026-09-18 23:32:10
175,2.77438,0.576,22195,4608,22195,4608,0.0,0,0,CleanAir,0.0,2026-09-18 23:32:10
176,2.7695,0.58075,22156,4646,22156,4646,0.0,0,0,CleanAir,0.0,2026-09-18 23:32:11
177,2.78975,0.58138,22318,4651,22318,4651,0.0,0,0,CleanAir,0.0,2026-09-18 23:32:11
178,2.76963,0.57588,22157,4607,22157,4607,0.0,0,0,CleanAir,0.0,2026-09-18 23:32:12
179,2.78138,0.57763,22251,4621,22251,4621,0.0,0,0,CleanAir,0.0,2026-09-18 23:32:12
180,2.777,0.57863,22216,4629,22216,4629,0.0,0,0,CleanAir,0.0,2026-09-18 23:32:12
181,2.77175,0.58125,22174,4650,22174,4650,0.0,0,0,CleanAir,0.0,2026-09-18 23:32:13
182,2.7675,0.57688,22140,4615,22140,4615,0.0,0,0,CleanAir,0.0,2026-09-18 23:32:13
183,2.75963,0.57788,22077,4623,22077,4623,0.0,0,0,CleanAir,0.0,2026-09-18 23:32:13
184,2.76075,0.58113,22086,4649,22086,4649,0.0,0,0,CleanAir,0.0,2026-09-18 23:32:14
185,2.73125,0.58138,21850,4651,21850,4651,0.0,0,0,CleanAir,0.0,2026-09-18 23:32:14
186,2.753,0.58138,22024,4651,22024,4651,0.0,0,0,CleanAir,0.0,2026-09-18 23:32:14
187,2.72388,0.58088,21791,4647,21791,4647,0.0,0,0,CleanAir,0.0,2026-09-18 23:32:15
188,2.74613,0.57825,21969,4626,21969,4626,0.0,0,0,CleanAir,0.0,2026-09-18 23:32:15
189,2.74275,0.58,21942,4640,21942,4640,0.0,0,0,CleanAir,0.0,2026-09-18 23:32:15
190,2.73975,0.58038,21918,4643,21918,4643,0.0,0,0,CleanAir,0.0,2026-09-18 23:32:16
191,2.73775,0.581,21902,4648,21902,4648,0.0,0,0,CleanAir,0.0,2026-09-18 23:32:16
192,2.73438,0.58138,21875,4651,21875,4651,0.0,0,0,CleanAir,0.0,2026-09-18 23:32:17
193,2.7315,0.57875,21852,4630,21852,4630,0.0,0,0,CleanAir,0.0,2026-09-18 23:32:17
194,2.72838,0.5765,21827,4612,21827,4612,0.0,0,0,CleanAir,0.0,2026-09-18 23:32:17
195,2.72513,0.576,21801,4608,21801,4608,0.0,0,0,CleanAir,0.0,2026-09-18 23:32:18
196,2.6985,0.5765,21588,4612,21588,4612,0.0,0,0,CleanAir,0.0,2026-09-18 23:32:18
197,2.72125,0.578,21770,4624,21770,4624,0.0,0,0,CleanAir,0.0,2026-09-18 23:32:18
198,2.71825,0.57613,21746,4609,21746,4609,0.0,0,0,CleanAir,0.0,2026-09-18 23:32:19
199,2.71663,0.57838,21733,4627,21733,4627,0.0,0,0,CleanAir,0.0,2026-09-18 23:32:19
200,2.68963,0.57725,21517,4618,21517,4618,0.0,0,0,CleanAir,0.0,2026-09-18 23:32:20
201,2.71113,0.57963,21689,4637,21689,4637,0.0,0,0,CleanAir,0.0,2026-09-18 23:32:20
202,2.692,0.57938,21536,4635,21536,4635,0.0,0,0,CleanAir,0.0,2026-09-18 23:32:20
203,2.70788,0.577,21663,4616,21663,4616,0.0,0,0,CleanAir,0.0,2026-09-18 23:32:21
204,2.68075,0.57675,21446,4614,21446,4614,0.0,0,0,CleanAir,0.0,2026-09-18 23:32:21
205,2.70425,0.57625,21634,4610,21634,4610,0.0,0,0,CleanAir,0.0,2026-09-18 23:32:21
206,2.67788,0.576,21423,4608,21423,4608,0.0,0,0,CleanAir,0.0,2026-09-18 23:32:22
207,2.70113,0.57675,21609,4614,21609,4614,0.0,0,0,CleanAir,0.0,2026-09-18 23:32:22
208,2.69988,0.579,21599,4632,21599,4632,0.0,0,0,CleanAir,0.0,2026-09-18 23:32:23
209,2.696,0.58125,21568,4650,21568,4650,0.0,0,0,CleanAir,0.0,2026-09-18 23:32:23
210,2.69475,0.5775,21558,4620,21558,4620,0.0,0,0,CleanAir,0.0,2026-09-18 23:32:24
211,2.693,0.57812,21544,4625,21544,4625,0.0,0,0,CleanAir,0.0,2026-09-18 23:32:24
212,2.69263,0.57812,21541,4625,21541,4625,0.0,0,0,CleanAir,0.0,2026-09-18 23:32:24
213,2.6915,0.58038,21532,4643,21532,4643,0.0,0,0,CleanAir,0.0,2026-09-18 23:32:25
214,2.66813,0.58013,21345,4641,21345,4641,0.0,0,0,CleanAir,0.0,2026-09-18 23:32:25
215,2.6885,0.58138,21508,4651,21508,4651,0.0,0,0,CleanAir,0.0,2026-09-18 23:32:26
216,2.68513,0.5775,21481,4620,21481,4620,0.0,0,0,CleanAir,0.0,2026-09-18 23:32:26
217,2.68688,0.5785,21495,4628,21495,4628,0.0,0,0,CleanAir,0.0,2026-09-18 23:32:26
218,2.66,0.58163,21280,4653,21280,4653,0.0,0,0,CleanAir,0.0,2026-09-18 23:32:27
219,2.68488,0.57788,21479,4623,21479,4623,0.0,0,0,CleanAir,0.0,2026-09-18 23:32:27
220,2.65888,0.57812,21271,4625,21271,4625,0.0,0,0,CleanAir,0.0,2026-09-18 23:32:27
221,2.68288,0.58013,21463,4641,21463,4641,0.0,0,0,CleanAir,0.0,2026-09-18 23:32:28
222,2.672,0.57938,21376,4635,21376,4635,0.0,0,0,CleanAir,0.0,2026-09-18 23:32:28
223,2.68013,0.58163,21441,4653,21441,4653,0.0,0,0,CleanAir,0.0,2026-09-18 23:32:28
224,2.65763,0.58075,21261,4646,21261,4646,0.0,0,0,CleanAir,0.0,2026-09-18 23:32:29
225,2.67838,0.58013,21427,4641,21427,4641,0.0,0,0,CleanAir,0.0,2026-09-18 23:32:29
226,2.65325,0.57975,21226,4638,21226,4638,0.0,0,0,CleanAir,0.0,2026-09-18 23:32:29
227,2.67675,0.5785,21414,4628,21414,4628,0.0,0,0,CleanAir,0.0,2026-09-18 23:32:30
228,2.66525,0.58163,21322,4653,21322,4653,0.0,0,0,CleanAir,0.0,2026-09-18 23:32:30
229,2.67563,0.57863,21405,4629,21405,4629,0.0,0,0,CleanAir,0.0,2026-09-18 23:32:31
230,2.65088,0.57725,21207,4618,21207,4618,0.0,0,0,CleanAir,0.0,2026-09-18 23:32:31
231,2.67463,0.5765,21397,4612,21397,4612,0.0,0,0,CleanAir,0.0,2026-09-18 23:32:31
232,2.64875,0.57812,21190,4625,21190,4625,0.0,0,0,CleanAir,0.0,2026-09-18 23:32:32
233,2.67288,0.57625,21383,4610,21383,4610,0.0,0,0,CleanAir,0.0,2026-09-18 23:32:32
234,2.65088,0.57625,21207,4610,21207,4610,0.0,0,0,CleanAir,0.0,2026-09-18 23:32:32
235,2.67313,0.57812,21385,4625,21385,4625,0.0,0,0,CleanAir,0.0,2026-09-18 23:32:33
236,2.6485,0.57763,21188,4621,21188,4621,0.0,0,0,CleanAir,0.0,2026-09-18 23:32:33
237,2.67113,0.57775,21369,4622,21369,4622,0.0,0,0,CleanAir,0.0,2026-09-18 23:32:33
238,2.64963,0.57763,21197,4621,21197,4621,0.0,0,0,CleanAir,0.0,2026-09-18 23:32:34
239,2.64613,0.5785,21169,4628,21169,4628,0.0,0,0,CleanAir,0.0,2026-09-18 23:32:34
240,2.65088,0.57812,21207,4625,21207,4625,0.0,0,0,CleanAir,0.0,2026-09-18 23:32:35
241,2.66925,0.58038,21354,4643,21354,4643,0.0,0,0,CleanAir,0.0,2026-09-18 23:32:35
242,2.64675,0.57925,21174,4634,21174,4634,0.0,0,0,CleanAir,0.0,2026-09-18 23:32:35
243,2.66813,0.58125,21345,4650,21345,4650,0.0,0,0,CleanAir,0.0,2026-09-18 23:32:36
244,2.64175,0.58113,21134,4649,21134,4649,0.0,0,0,CleanAir,0.0,2026-09-18 23:32:36
245,2.667,0.581,21336,4648,21336,4648,0.0,0,0,CleanAir,0.0,2026-09-18 23:32:36
246,2.64638,0.58125,21171,4650,21171,4650,0.0,0,0,CleanAir,0.0,2026-09-18 23:32:37
247,2.6665,0.58125,21332,4650,21332,4650,0.0,0,0,CleanAir,0.0,2026-09-18 23:32:37
248,2.66538,0.579,21323,4632,21323,4632,0.0,0,0,CleanAir,0.0,2026-09-18 23:32:37
249,2.66488,0.57975,21319,4638,21319,4638,0.0,0,0,CleanAir,0.0,2026-09-18 23:32:38
0,2.531,0.58238,20248,4659,20248,4659,3.3,255,0,CleanAir,0.0,2026-09-18 23:32:38
1,2.55713,0.58263,20457,4661,20457,4661,3.3,255,0,CleanAir,0.0,2026-09-18 23:32:39
2,2.59225,0.58325,20738,4666,20738,4666,3.3,255,0,CleanAir,0.0,2026-09-18 23:32:39
3,2.62375,0.58575,20990,4686,20990,4686,3.3,255,0,CleanAir,0.0,2026-09-18 23:32:39
4,2.62938,0.58488,21035,4679,21035,4679,3.3,255,0,CleanAir,0.0,2026-09-18 23:32:40
5,2.67413,0.58288,21393,4663,21393,4663,3.3,255,0,CleanAir,0.0,2026-09-18 23:32:40
6,2.72525,0.58125,21802,4650,21802,4650,3.3,255,0,CleanAir,0.0,2026-09-18 23:32:41
7,2.72613,0.58213,21809,4657,21809,4657,3.3,255,0,CleanAir,0.0,2026-09-18 23:32:41
8,2.7825,0.58588,22260,4687,22260,4687,3.3,255,0,CleanAir,0.0,2026-09-18 23:32:41
9,2.8,0.58563,22400,4685,22400,4685,3.3,255,0,CleanAir,0.0,2026-09-18 23:32:42
10,2.8275,0.58588,22620,4687,22620,4687,3.3,255,0,CleanAir,0.0,2026-09-18 23:32:42
11,2.83563,0.586,22685,4688,22685,4688,3.3,255,0,CleanAir,0.0,2026-09-18 23:32:42
12,2.86775,0.58563,22942,4685,22942,4685,3.3,255,0,CleanAir,0.0,2026-09-18 23:32:43
13,2.8595,0.5845,22876,4676,22876,4676,3.3,255,0,CleanAir,0.0,2026-09-18 23:32:43
14,2.90338,0.58313,23227,4665,23227,4665,3.3,255,0,CleanAir,0.0,2026-09-18 23:32:44
15,2.89613,0.58388,23169,4671,23169,4671,3.3,255,0,CleanAir,0.0,2026-09-18 23:32:44
16,2.93663,0.58038,23493,4643,23493,4643,3.3,255,0,CleanAir,0.0,2026-09-18 23:32:44
17,2.92788,0.58375,23423,4670,23423,4670,3.3,255,0,CleanAir,0.0,2026-09-18 23:32:45
18,2.94775,0.58088,23582,4647,23582,4647,3.3,255,0,CleanAir,0.0,2026-09-18 23:32:45
19,2.95263,0.58188,23621,4655,23621,4655,3.3,255,0,CleanAir,0.0,2026-09-18 23:32:45
20,2.99325,0.58575,23946,4686,23946,4686,3.3,255,0,CleanAir,0.0,2026-09-18 23:32:46
21,2.98238,0.58338,23859,4667,23859,4667,3.3,255,0,CleanAir,0.0,2026-09-18 23:32:46
22,3.02063,0.58138,24165,4651,24165,4651,3.3,255,0,CleanAir,0.0,2026-09-18 23:32:47
23,3.01125,0.586,24090,4688,24090,4688,3.3,255,0,CleanAir,0.0,2026-09-18 23:32:47
24,3.01325,0.58325,24106,4666,24106,4666,3.3,255,0,CleanAir,0.0,2026-09-18 23:32:47
25,3.02863,0.58538,24229,4683,24229,4683,3.3,255,0,CleanAir,0.0,2026-09-18 23:32:48
26,3.06163,0.58588,24493,4687,24493,4687,3.3,255,0,CleanAir,0.0,2026-09-18 23:32:48
27,3.043,0.58538,24344,4683,24344,4683,3.3,255,0,CleanAir,0.0,2026-09-18 23:32:48
28,3.07888,0.58288,24631,4663,24631,4663,3.3,255,0,CleanAir,0.0,2026-09-18 23:32:49
29,3.073,0.58563,24584,4685,24584,4685,3.3,255,0,CleanAir,0.0,2026-09-18 23:32:49
30,3.09525,0.585,24762,4680,24762,4680,3.3,255,0,CleanAir,0.0,2026-09-18 23:32:49
31,3.07363,0.58513,24589,4681,24589,4681,3.3,255,0,CleanAir,0.0,2026-09-18 23:32:50
32,3.08525,0.5805,24682,4644,24682,4644,3.3,255,0,CleanAir,0.0,2026-09-18 23:32:50
33,3.11938,0.58225,24955,4658,24955,4658,3.3,255,0,CleanAir,0.0,2026-09-18 23:32:51
34,3.1225,0.58313,24980,4665,24980,4665,3.3,255,0,CleanAir,0.0,2026-09-18 23:32:51
35,3.13213,0.58313,25057,4665,25057,4665,3.3,255,0,CleanAir,0.0,2026-09-18 23:32:51
36,3.1375,0.58513,25100,4681,25100,4681,3.3,255,0,CleanAir,0.0,2026-09-18 23:32:52
37,3.11363,0.58575,24909,4686,24909,4686,3.3,255,0,CleanAir,0.0,2026-09-18 23:32:52
38,3.13638,0.58275,25091,4662,25091,4662,3.3,255,0,CleanAir,0.0,2026-09-18 23:32:52
39,3.12388,0.58188,24991,4655,24991,4655,3.3,255,0,CleanAir,0.0,2026-09-18 23:32:53
40,3.12863,0.58163,25029,4653,25029,4653,3.3,255,0,CleanAir,0.0,2026-09-18 23:32:53
41,3.16225,0.58088,25298,4647,25298,4647,3.3,255,0,CleanAir,0.0,2026-09-18 23:32:54
42,3.13738,0.58188,25099,4655,25099,4655,3.3,255,0,CleanAir,0.0,2026-09-18 23:32:54
43,3.17063,0.58238,25365,4659,25365,4659,3.3,255,0,CleanAir,0.0,2026-09-18 23:32:54
44,3.14463,0.58338,25157,4667,25157,4667,3.3,255,0,CleanAir,0.0,2026-09-18 23:32:55
45,3.17788,0.58125,25423,4650,25423,4650,3.3,255,0,CleanAir,0.0,2026-09-18 23:32:55
46,3.15288,0.58525,25223,4682,25223,4682,3.3,255,0,CleanAir,0.0,2026-09-18 23:32:55
47,3.18463,0.5845,25477,4676,25477,4676,3.3,255,0,CleanAir,0.0,2026-09-18 23:32:56
48,3.1825,0.58325,25460,4666,25460,4666,3.3,255,0,CleanAir,0.0,2026-09-18 23:32:56
49,3.16313,0.58163,25305,4653,25305,4653,3.3,255,0,CleanAir,0.0,2026-09-18 23:32:57
50,3.19513,0.58425,25561,4674,25561,4674,3.3,255,0,CleanAir,0.0,2026-09-18 23:32:57
51,3.19913,0.58075,25593,4646,25593,4646,3.3,255,0,CleanAir,0.0,2026-09-18 23:32:57
52,3.19738,0.58563,25579,4685,25579,4685,3.3,255,0,CleanAir,0.0,2026-09-18 23:32:58
53,3.20438,0.58413,25635,4673,25635,4673,3.3,255,0,CleanAir,0.0,2026-09-18 23:32:58
54,3.20688,0.58325,25655,4666,25655,4666,3.3,255,0,CleanAir,0.0,2026-09-18 23:32:59
55,3.1785,0.58038,25428,4643,25428,4643,3.3,255,0,CleanAir,0.0,2026-09-18 23:32:59
56,3.2105,0.58563,25684,4685,25684,4685,3.3,255,0,CleanAir,0.0,2026-09-18 23:32:59
57,3.18313,0.58063,25465,4645,25465,4645,3.3,255,0,CleanAir,0.0,2026-09-18 23:33:00
58,3.21425,0.58563,25714,4685,25714,4685,3.3,255,0,CleanAir,0.0,2026-09-18 23:33:00
59,3.20025,0.58225,25602,4658,25602,4658,3.3,255,0,CleanAir,0.0,2026-09-18 23:33:00
60,3.21888,0.58263,25751,4661,25751,4661,3.3,255,0,CleanAir,0.0,2026-09-18 23:33:01
61,3.19763,0.58338,25581,4667,25581,4667,3.3,255,0,CleanAir,0.0,2026-09-18 23:33:01
62,3.22238,0.58363,25779,4669,25779,4669,3.3,255,0,CleanAir,0.0,2026-09-18 23:33:01
63,3.19475,0.58588,25558,4687,25558,4687,3.3,255,0,CleanAir,0.0,2026-09-18 23:33:02
64,3.195,0.58613,25560,4689,25560,4689,3.3,255,0,CleanAir,0.0,2026-09-18 23:33:02
65,3.19588,0.58625,25567,4690,25567,4690,3.3,255,0,CleanAir,0.0,2026-09-18 23:33:02
66,3.198,0.58563,25584,4685,25584,4685,3.3,255,0,CleanAir,0.0,2026-09-18 23:33:03
67,3.1985,0.58588,25588,4687,25588,4687,3.3,255,0,CleanAir,0.0,2026-09-18 23:33:03
68,3.2295,0.58625,25836,4690,25836,4690,3.3,255,0,CleanAir,0.0,2026-09-18 23:33:04
69,3.20775,0.5855,25662,4684,25662,4684,3.3,255,0,CleanAir,0.0,2026-09-18 23:33:04
70,3.2315,0.5855,25852,4684,25852,4684,3.3,255,0,CleanAir,0.0,2026-09-18 23:33:04
71,3.23288,0.58413,25863,4673,25863,4673,3.3,255,0,CleanAir,0.0,2026-09-18 23:33:05
72,3.23413,0.58525,25873,4682,25873,4682,3.3,255,0,CleanAir,0.0,2026-09-18 23:33:05
73,3.235,0.58113,25880,4649,25880,4649,3.3,255,0,CleanAir,0.0,2026-09-18 23:33:05
74,3.23625,0.5815,25890,4652,25890,4652,3.3,255,0,CleanAir,0.0,2026-09-18 23:33:06
75,3.2365,0.584,25892,4672,25892,4672,3.3,255,0,CleanAir,0.0,2026-09-18 23:33:06
76,3.23725,0.586,25898,4688,25898,4688,3.3,255,0,CleanAir,0.0,2026-09-18 23:33:07
77,3.23838,0.58375,25907,4670,25907,4670,3.3,255,0,CleanAir,0.0,2026-09-18 23:33:07
78,3.20988,0.5825,25679,4660,25679,4660,3.3,255,0,CleanAir,0.0,2026-09-18 23:33:07
79,3.2405,0.58238,25924,4659,25924,4659,3.3,255,0,CleanAir,0.0,2026-09-18 23:33:08
80,3.21888,0.58138,25751,4651,25751,4651,3.3,255,0,CleanAir,0.0,2026-09-18 23:33:08
81,3.24263,0.582,25941,4656,25941,4656,3.3,255,0,CleanAir,0.0,2026-09-18 23:33:09
82,3.21175,0.58275,25694,4662,25694,4662,3.3,255,0,CleanAir,0.0,2026-09-18 23:33:09
83,3.24288,0.586,25943,4688,25943,4688,3.3,255,0,CleanAir,0.0,2026-09-18 23:33:09
84,3.21438,0.58175,25715,4654,25715,4654,3.3,255,0,CleanAir,0.0,2026-09-18 23:33:10
85,3.24513,0.58325,25961,4666,25961,4666,3.3,255,0,CleanAir,0.0,2026-09-18 23:33:10
86,3.232,0.58138,25856,4651,25856,4651,3.3,255,0,CleanAir,0.0,2026-09-18 23:33:10
87,3.24538,0.58588,25963,4687,25963,4687,3.3,255,0,CleanAir,0.0,2026-09-18 23:33:11
88,3.24588,0.58588,25967,4687,25967,4687,3.3,255,0,CleanAir,0.0,2026-09-18 23:33:11
89,3.24625,0.586,25970,4688,25970,4688,3.3,255,0,CleanAir,0.0,2026-09-18 23:33:11
90,3.24663,0.58438,25973,4675,25973,4675,3.3,255,0,CleanAir,0.0,2026-09-18 23:33:12
91,3.21675,0.58213,25734,4657,25734,4657,3.3,255,0,CleanAir,0.0,2026-09-18 23:33:12
92,3.24488,0.582,25959,4656,25959,4656,3.3,255,0,CleanAir,0.0,2026-09-18 23:33:12
93,3.24888,0.58325,25991,4666,25991,4666,3.3,255,0,CleanAir,0.0,2026-09-18 23:33:13
94,3.21863,0.586,25749,4688,25749,4688,3.3,255,0,CleanAir,0.0,2026-09-18 23:33:13
95,3.24875,0.58563,25990,4685,25990,4685,3.3,255,0,CleanAir,0.0,2026-09-18 23:33:14
96,3.2185,0.58588,25748,4687,25748,4687,3.3,255,0,CleanAir,0.0,2026-09-18 23:33:14
97,3.249,0.58475,25992,4678,25992,4678,3.3,255,0,CleanAir,0.0,2026-09-18 23:33:14
98,3.233,0.58338,25864,4667,25864,4667,3.3,255,0,CleanAir,0.0,2026-09-18 23:33:15
99,3.2505,0.58363,26004,4669,26004,4669,3.3,255,0,CleanAir,0.0,2026-09-18 23:33:15
100,3.2465,0.58637,25972,4691,25972,4691,3.3,255,0,CleanAir,0.0,2026-09-18 23:33:15
101,3.24975,0.586,25998,4688,25998,4688,3.3,255,0,CleanAir,0.0,2026-09-18 23:33:16
102,3.22,0.58475,25760,4678,25760,4678,3.3,255,0,CleanAir,0.0,2026-09-18 23:33:16
103,3.2505,0.58125,26004,4650,26004,4650,3.3,255,0,CleanAir,0.0,2026-09-18 23:33:17
104,3.25025,0.58288,26002,4663,26002,4663,3.3,255,0,CleanAir,0.0,2026-09-18 23:33:17
105,3.251,0.58213,26008,4657,26008,4657,3.3,255,0,CleanAir,0.0,2026-09-18 23:33:17
106,3.251,0.58213,26008,4657,26008,4657,3.3,255,0,CleanAir,0.0,2026-09-18 23:33:18
107,3.25138,0.582,26011,4656,26011,4656,3.3,255,0,CleanAir,0.0,2026-09-18 23:33:18
108,3.25175,0.58388,26014,4671,26014,4671,3.3,255,0,CleanAir,0.0,2026-09-18 23:33:18
109,3.22125,0.58637,25770,4691,25770,4691,3.3,255,0,CleanAir,0.0,2026-09-18 23:33:19
110,3.24963,0.58588,25997,4687,25997,4687,3.3,255,0,CleanAir,0.0,2026-09-18 23:33:19
111,3.25238,0.583,26019,4664,26019,4664,3.3,255,0,CleanAir,0.0,2026-09-18 23:33:19
112,3.25163,0.58513,26013,4681,26013,4681,3.3,255,0,CleanAir,0.0,2026-09-18 23:33:20
113,3.22288,0.58438,25783,4675,25783,4675,3.3,255,0,CleanAir,0.0,2026-09-18 23:33:20
114,3.25188,0.58625,26015,4690,26015,4690,3.3,255,0,CleanAir,0.0,2026-09-18 23:33:21
115,3.22188,0.58575,25775,4686,25775,4686,3.3,255,0,CleanAir,0.0,2026-09-18 23:33:21
116,3.25288,0.58363,26023,4669,26023,4669,3.3,255,0,CleanAir,0.0,2026-09-18 23:33:21
117,3.22275,0.58538,25782,4683,25782,4683,3.3,255,0,CleanAir,0.0,2026-09-18 23:33:22
118,3.2525,0.58588,26020,4687,26020,4687,3.3,255,0,CleanAir,0.0,2026-09-18 23:33:22
119,3.22325,0.58363,25786,4669,25786,4669,3.3,255,0,CleanAir,0.0,2026-09-18 23:33:23
120,3.25275,0.58613,26022,4689,26022,4689,3.3,255,0,CleanAir,0.0,2026-09-18 23:33:23
121,3.22338,0.58263,25787,4661,25787,4661,3.3,255,0,CleanAir,0.0,2026-09-18 23:33:23
122,3.25313,0.584,26025,4672,26025,4672,3.3,255,0,CleanAir,0.0,2026-09-18 23:33:24
123,3.22338,0.5865,25787,4692,25787,4692,3.3,255,0,CleanAir,0.0,2026-09-18 23:33:24
124,3.25338,0.586,26027,4688,26027,4688,3.3,255,0,CleanAir,0.0,2026-09-18 23:33:24
125,3.44338,0.58025,27547,4642,27547,4642,0.0,0,0,CleanAir,0.0,2026-09-18 23:33:25
126,3.42725,0.58175,27418,4654,27418,4654,0.0,0,0,CleanAir,0.0,2026-09-18 23:33:25
127,3.38663,0.58038,27093,4643,27093,4643,0.0,0,0,CleanAir,0.0,2026-09-18 23:33:25
128,3.39338,0.57888,27147,4631,27147,4631,0.0,0,0,CleanAir,0.0,2026-09-18 23:33:26
129,3.33963,0.58113,26717,4649,26717,4649,0.0,0,0,CleanAir,0.0,2026-09-18 23:33:26
130,3.3485,0.57675,26788,4614,26788,4614,0.0,0,0,CleanAir,0.0,2026-09-18 23:33:26
131,3.297,0.5775,26376,4620,26376,4620,0.0,0,0,CleanAir,0.0,2026-09-18 23:33:27
132,3.29888,0.58125,26391,4650,26391,4650,0.0,0,0,CleanAir,0.0,2026-09-18 23:33:27
133,3.2555,0.58188,26044,4655,26044,4655,0.0,0,0,CleanAir,0.0,2026-09-18 23:33:28
134,3.25838,0.581,26067,4648,26067,4648,0.0,0,0,CleanAir,0.0,2026-09-18 23:33:28
135,3.21325,0.5805,25706,4644,25706,4644,0.0,0,0,CleanAir,0.0,2026-09-18 23:33:28
136,3.21875,0.57788,25750,4623,25750,4623,0.0,0,0,CleanAir,0.0,2026-09-18 23:33:29
137,3.20113,0.577,25609,4616,25609,4616,0.0,0,0,CleanAir,0.0,2026-09-18 23:33:29
138,3.18275,0.58075,25462,4646,25462,4646,0.0,0,0,CleanAir,0.0,2026-09-18 23:33:29
139,3.166,0.578,25328,4624,25328,4624,0.0,0,0,CleanAir,0.0,2026-09-18 23:33:30
140,3.12025,0.58025,24962,4642,24962,4642,0.0,0,0,CleanAir,0.0,2026-09-18 23:33:30
141,3.11863,0.581,24949,4648,24949,4648,0.0,0,0,CleanAir,0.0,2026-09-18 23:33:31
142,3.10913,0.578,24873,4624,24873,4624,0.0,0,0,CleanAir,0.0,2026-09-18 23:33:31
143,3.08425,0.581,24674,4648,24674,4648,0.0,0,0,CleanAir,0.0,2026-09-18 23:33:32
144,3.041,0.58088,24328,4647,24328,4647,0.0,0,0,CleanAir,0.0,2026-09-18 23:33:32
145,3.05625,0.57638,24450,4611,24450,4611,0.0,0,0,CleanAir,0.0,2026-09-18 23:33:32
146,3.01475,0.57938,24118,4635,24118,4635,0.0,0,0,CleanAir,0.0,2026-09-18 23:33:33
147,3.03025,0.57675,24242,4614,24242,4614,0.0,0,0,CleanAir,0.0,2026-09-18 23:33:33
148,3.017,0.5815,24136,4652,24136,4652,0.0,0,0,CleanAir,0.0,2026-09-18 23:33:33
149,3.00538,0.58113,24043,4649,24043,4649,0.0,0,0,CleanAir,0.0,2026-09-18 23:33:34
150,2.9935,0.58,23948,4640,23948,4640,0.0,0,0,CleanAir,0.0,2026-09-18 23:33:34
151,2.96213,0.58175,23697,4654,23697,4654,0.0,0,0,CleanAir,0.0,2026-09-18 23:33:35
152,2.97038,0.58125,23763,4650,23763,4650,0.0,0,0,CleanAir,0.0,2026-09-18 23:33:35
153,2.93263,0.58,23461,4640,23461,4640,0.0,0,0,CleanAir,0.0,2026-09-18 23:33:35
154,2.94575,0.5775,23566,4620,23566,4620,0.0,0,0,CleanAir,0.0,2026-09-18 23:33:36
155,2.93975,0.58125,23518,4650,23518,4650,0.0,0,0,CleanAir,0.0,2026-09-18 23:33:36
156,2.92963,0.58125,23437,4650,23437,4650,0.0,0,0,CleanAir,0.0,2026-09-18 23:33:36
157,2.92025,0.57938,23362,4635,23362,4635,0.0,0,0,CleanAir,0.0,2026-09-18 23:33:37
158,2.91188,0.57663,23295,4613,23295,4613,0.0,0,0,CleanAir,0.0,2026-09-18 23:33:37
159,2.90038,0.58163,23203,4653,23203,4653,0.0,0,0,CleanAir,0.0,2026-09-18 23:33:38
160,2.86538,0.58125,22923,4650,22923,4650,0.0,0,0,CleanAir,0.0,2026-09-18 23:33:38
161,2.884,0.58175,23072,4654,23072,4654,0.0,0,0,CleanAir,0.0,2026-09-18 23:33:38
162,2.87663,0.578,23013,4624,23013,4624,0.0,0,0,CleanAir,0.0,2026-09-18 23:33:39
163,2.86863,0.58113,22949,4649,22949,4649,0.0,0,0,CleanAir,0.0,2026-09-18 23:33:39
164,2.84288,0.58188,22743,4655,22743,4655,0.0,0,0,CleanAir,0.0,2026-09-18 23:33:39
165,2.85363,0.581,22829,4648,22829,4648,0.0,0,0,CleanAir,0.0,2026-09-18 23:33:40
166,2.83338,0.58138,22667,4651,22667,4651,0.0,0,0,CleanAir,0.0,2026-09-18 23:33:40
167,2.83963,0.58125,22717,4650,22717,4650,0.0,0,0,CleanAir,0.0,2026-09-18 23:33:40
168,2.83013,0.58063,22641,4645,22641,4645,0.0,0,0,CleanAir,0.0,2026-09-18 23:33:41
169,2.82225,0.58088,22578,4647,22578,4647,0.0,0,0,CleanAir,0.0,2026-09-18 23:33:41
170,2.81388,0.58,22511,4640,22511,4640,0.0,0,0,CleanAir,0.0,2026-09-18 23:33:42
171,2.79825,0.58163,22386,4653,22386,4653,0.0,0,0,CleanAir,0.0,2026-09-18 23:33:42
172,2.80175,0.57988,22414,4639,22414,4639,0.0,0,0,CleanAir,0.0,2026-09-18 23:33:43
173,2.77588,0.58075,22207,4646,22207,4646,0.0,0,0,CleanAir,0.0,2026-09-18 23:33:43
174,2.79125,0.58163,22330,4653,22330,4653,0.0,0,0,CleanAir,0.0,2026-09-18 23:33:43
175,2.7865,0.5775,22292,4620,22292,4620,0.0,0,0,CleanAir,0.0,2026-09-18 23:33:44
176,2.7825,0.5765,22260,4612,22260,4612,0.0,0,0,CleanAir,0.0,2026-09-18 23:33:44
177,2.77825,0.57763,22226,4621,22226,4621,0.0,0,0,CleanAir,0.0,2026-09-18 23:33:44
178,2.77363,0.5805,22189,4644,22189,4644,0.0,0,0,CleanAir,0.0,2026-09-18 23:33:45
179,2.76838,0.57963,22147,4637,22147,4637,0.0,0,0,CleanAir,0.0,2026-09-18 23:33:45
180,2.76363,0.58163,22109,4653,22109,4653,0.0,0,0,CleanAir,0.0,2026-09-18 23:33:46
181,2.75975,0.57863,22078,4629,22078,4629,0.0,0,0,CleanAir,0.0,2026-09-18 23:33:46
182,2.756,0.57938,22048,4635,22048,4635,0.0,0,0,CleanAir,0.0,2026-09-18 23:33:46
183,2.72663,0.58125,21813,4650,21813,4650,0.0,0,0,CleanAir,0.0,2026-09-18 23:33:47
184,2.73875,0.57688,21910,4615,21910,4615,0.0,0,0,CleanAir,0.0,2026-09-18 23:33:47
185,2.72113,0.5785,21769,4628,21769,4628,0.0,0,0,CleanAir,0.0,2026-09-18 23:33:48
186,2.71713,0.57688,21737,4615,21737,4615,0.0,0,0,CleanAir,0.0,2026-09-18 23:33:48
187,2.73875,0.5775,21910,4620,21910,4620,0.0,0,0,CleanAir,0.0,2026-09-18 23:33:48
188,2.71613,0.57812,21729,4625,21729,4625,0.0,0,0,CleanAir,0.0,2026-09-18 23:33:49
189,2.73213,0.5775,21857,4620,21857,4620,0.0,0,0,CleanAir,0.0,2026-09-18 23:33:49
190,2.72938,0.57613,21835,4609,21835,4609,0.0,0,0,CleanAir,0.0,2026-09-18 23:33:49
191,2.727,0.57812,21816,4625,21816,4625,0.0,0,0,CleanAir,0.0,2026-09-18 23:33:50
192,2.72288,0.57788,21783,4623,21783,4623,0.0,0,0,CleanAir,0.0,2026-09-18 23:33:50
193,2.70988,0.581,21679,4648,21679,4648,0.0,0,0,CleanAir,0.0,2026-09-18 23:33:51
194,2.71813,0.58125,21745,4650,21745,4650,0.0,0,0,CleanAir,0.0,2026-09-18 23:33:51
195,2.69338,0.5805,21547,4644,21547,4644,0.0,0,0,CleanAir,0.0,2026-09-18 23:33:51
196,2.71263,0.58038,21701,4643,21701,4643,0.0,0,0,CleanAir,0.0,2026-09-18 23:33:52
197,2.71038,0.57663,21683,4613,21683,4613,0.0,0,0,CleanAir,0.0,2026-09-18 23:33:52
198,2.68438,0.57638,21475,4611,21475,4611,0.0,0,0,CleanAir,0.0,2026-09-18 23:33:53
199,2.707,0.57775,21656,4622,21656,4622,0.0,0,0,CleanAir,0.0,2026-09-18 23:33:53
200,2.7045,0.57875,21636,4630,21636,4630,0.0,0,0,CleanAir,0.0,2026-09-18 23:33:54
201,2.683,0.57825,21464,4626,21464,4626,0.0,0,0,CleanAir,0.0,2026-09-18 23:33:54
202,2.7015,0.57838,21612,4627,21612,4627,0.0,0,0,CleanAir,0.0,2026-09-18 23:33:54
203,2.69563,0.57625,21565,4610,21565,4610,0.0,0,0,CleanAir,0.0,2026-09-18 23:33:55
204,2.67038,0.57863,21363,4629,21363,4629,0.0,0,0,CleanAir,0.0,2026-09-18 23:33:55
205,2.68275,0.57838,21462,4627,21462,4627,0.0,0,0,CleanAir,0.0,2026-09-18 23:33:56
206,2.66775,0.5815,21342,4652,21342,4652,0.0,0,0,CleanAir,0.0,2026-09-18 23:33:56
207,2.6665,0.58138,21332,4651,21332,4651,0.0,0,0,CleanAir,0.0,2026-09-18 23:33:57
208,2.68975,0.57863,21518,4629,21518,4629,0.0,0,0,CleanAir,0.0,2026-09-18 23:33:57
209,2.68775,0.58175,21502,4654,21502,4654,0.0,0,0,CleanAir,0.0,2026-09-18 23:33:57
210,2.6865,0.57838,21492,4627,21492,4627,0.0,0,0,CleanAir,0.0,2026-09-18 23:33:58
211,2.68575,0.57663,21486,4613,21486,4613,0.0,0,0,CleanAir,0.0,2026-09-18 23:33:58
212,2.6855,0.57825,21484,4626,21484,4626,0.0,0,0,CleanAir,0.0,2026-09-18 23:33:59
213,2.65875,0.58163,21270,4653,21270,4653,0.0,0,0,CleanAir,0.0,2026-09-18 23:33:59
214,2.68188,0.58088,21455,4647,21455,4647,0.0,0,0,CleanAir,0.0,2026-09-18 23:33:59
215,2.65625,0.57913,21250,4633,21250,4633,0.0,0,0,CleanAir,0.0,2026-09-18 23:34:00
216,2.65563,0.57925,21245,4634,21245,4634,0.0,0,0,CleanAir,0.0,2026-09-18 23:34:00
217,2.65513,0.57613,21241,4609,21241,4609,0.0,0,0,CleanAir,0.0,2026-09-18 23:34:00
218,2.679,0.58,21432,4640,21432,4640,0.0,0,0,CleanAir,0.0,2026-09-18 23:34:01
219,2.67738,0.57725,21419,4618,21419,4618,0.0,0,0,CleanAir,0.0,2026-09-18 23:34:01
220,2.67638,0.5765,21411,4612,21411,4612,0.0,0,0,CleanAir,0.0,2026-09-18 23:34:01
221,2.676,0.5765,21408,4612,21408,4612,0.0,0,0,CleanAir,0.0,2026-09-18 23:34:02
222,2.67538,0.577,21403,4616,21403,4616,0.0,0,0,CleanAir,0.0,2026-09-18 23:34:02
223,2.67488,0.57788,21399,4623,21399,4623,0.0,0,0,CleanAir,0.0,2026-09-18 23:34:02
224,2.67375,0.58125,21390,4650,21390,4650,0.0,0,0,CleanAir,0.0,2026-09-18 23:34:03
225,2.673,0.57988,21384,4639,21384,4639,0.0,0,0,CleanAir,0.0,2026-09-18 23:34:03
226,2.64888,0.57812,21191,4625,21191,4625,0.0,0,0,CleanAir,0.0,2026-09-18 23:34:04
227,2.67225,0.57925,21378,4634,21378,4634,0.0,0,0,CleanAir,0.0,2026-09-18 23:34:04
228,2.64713,0.57988,21177,4639,21177,4639,0.0,0,0,CleanAir,0.0,2026-09-18 23:34:04
229,2.67163,0.5785,21373,4628,21373,4628,0.0,0,0,CleanAir,0.0,2026-09-18 23:34:05
230,2.64625,0.58125,21170,4650,21170,4650,0.0,0,0,CleanAir,0.0,2026-09-18 23:34:05
231,2.67,0.57875,21360,4630,21360,4630,0.0,0,0,CleanAir,0.0,2026-09-18 23:34:06
232,2.66913,0.58088,21353,4647,21353,4647,0.0,0,0,CleanAir,0.0,2026-09-18 23:34:06
233,2.66825,0.58175,21346,4654,21346,4654,0.0,0,0,CleanAir,0.0,2026-09-18 23:34:06
234,2.66663,0.57975,21333,4638,21333,4638,0.0,0,0,CleanAir,0.0,2026-09-18 23:34:07
235,2.66638,0.58113,21331,4649,21331,4649,0.0,0,0,CleanAir,0.0,2026-09-18 23:34:07
236,2.66588,0.57788,21327,4623,21327,4623,0.0,0,0,CleanAir,0.0,2026-09-18 23:34:07
237,2.666,0.57688,21328,4615,21328,4615,0.0,0,0,CleanAir,0.0,2026-09-18 23:34:08
238,2.65013,0.57812,21201,4625,21201,4625,0.0,0,0,CleanAir,0.0,2026-09-18 23:34:08
239,2.6655,0.58088,21324,4647,21324,4647,0.0,0,0,CleanAir,0.0,2026-09-18 23:34:09
240,2.64175,0.58125,21134,4650,21134,4650,0.0,0,0,CleanAir,0.0,2026-09-18 23:34:09
241,2.66363,0.58163,21309,4653,21309,4653,0.0,0,0,CleanAir,0.0,2026-09-18 23:34:09
242,2.639,0.58125,21112,4650,21112,4650,0.0,0,0,CleanAir,0.0,2026-09-18 23:34:10
243,2.64,0.57788,21120,4623,21120,4623,0.0,0,0,CleanAir,0.0,2026-09-18 23:34:10
244,2.63913,0.5815,21113,4652,21113,4652,0.0,0,0,CleanAir,0.0,2026-09-18 23:34:10
245,2.66238,0.57863,21299,4629,21299,4629,0.0,0,0,CleanAir,0.0,2026-09-18 23:34:11
246,2.66175,0.5765,21294,4612,21294,4612,0.0,0,0,CleanAir,0.0,2026-09-18 23:34:11
247,2.63775,0.57688,21102,4615,21102,4615,0.0,0,0,CleanAir,0.0,2026-09-18 23:34:12
248,2.6615,0.5765,21292,4612,21292,4612,0.0,0,0,CleanAir,0.0,2026-09-18 23:34:12
249,2.63538,0.57713,21083,4617,21083,4617,0.0,0,0,CleanAir,0.0,2026-09-18 23:34:12
0,2.52613,0.5805,20209,4644,20209,4644,3.3,255,0,CleanAir,0.0,2026-09-18 23:34:13
1,2.53888,0.58263,20311,4661,20311,4661,3.3,255,0,CleanAir,0.0,2026-09-18 23:34:13
2,2.58788,0.58025,20703,4642,20703,4642,3.3,255,0,CleanAir,0.0,2026-09-18 23:34:13
3,2.59663,0.58138,20773,4651,20773,4651,3.3,255,0,CleanAir,0.0,2026-09-18 23:34:14
4,2.65188,0.58275,21215,4662,21215,4662,3.3,255,0,CleanAir,0.0,2026-09-18 23:34:14
5,2.65663,0.582,21253,4656,21253,4656,3.3,255,0,CleanAir,0.0,2026-09-18 23:34:15
6,2.71625,0.5815,21730,4652,21730,4652,3.3,255,0,CleanAir,0.0,2026-09-18 23:34:15
7,2.716,0.58188,21728,4655,21728,4655,3.3,255,0,CleanAir,0.0,2026-09-18 23:34:15
8,2.76613,0.585,22129,4680,22129,4680,3.3,255,0,CleanAir,0.0,2026-09-18 23:34:16
9,2.76338,0.58575,22107,4686,22107,4686,3.3,255,0,CleanAir,0.0,2026-09-18 23:34:16
10,2.81088,0.58563,22487,4685,22487,4685,3.3,255,0,CleanAir,0.0,2026-09-18 23:34:16
11,2.80513,0.5825,22441,4660,22441,4660,3.3,255,0,CleanAir,0.0,2026-09-18 23:34:17
12,2.8525,0.5805,22820,4644,22820,4644,3.3,255,0,CleanAir,0.0,2026-09-18 23:34:17
13,2.84988,0.58213,22799,4657,22799,4657,3.3,255,0,CleanAir,0.0,2026-09-18 23:34:17
14,2.88975,0.58575,23118,4686,23118,4686,3.3,255,0,CleanAir,0.0,2026-09-18 23:34:18
15,2.9065,0.58538,23252,4683,23252,4683,3.3,255,0,CleanAir,0.0,2026-09-18 23:34:18
16,2.89613,0.5855,23169,4684,23169,4684,3.3,255,0,CleanAir,0.0,2026-09-18 23:34:19
17,2.939,0.58075,23512,4646,23512,4646,3.3,255,0,CleanAir,0.0,2026-09-18 23:34:19
18,2.95388,0.5805,23631,4644,23631,4644,3.3,255,0,CleanAir,0.0,2026-09-18 23:34:19
19,2.9665,0.58575,23732,4686,23732,4686,3.3,255,0,CleanAir,0.0,2026-09-18 23:34:20
20,2.9815,0.5855,23852,4684,23852,4684,3.3,255,0,CleanAir,0.0,2026-09-18 23:34:20
21,2.9675,0.584,23740,4672,23740,4672,3.3,255,0,CleanAir,0.0,2026-09-18 23:34:20
22,3.00738,0.58063,24059,4645,24059,4645,3.3,255,0,CleanAir,0.0,2026-09-18 23:34:21
23,2.99088,0.58063,23927,4645,23927,4645,3.3,255,0,CleanAir,0.0,2026-09-18 23:34:21
24,3.0295,0.58213,24236,4657,24236,4657,3.3,255,0,CleanAir,0.0,2026-09-18 23:34:21
25,3.01238,0.581,24099,4648,24099,4648,3.3,255,0,CleanAir,0.0,2026-09-18 23:34:22
26,3.05075,0.58125,24406,4650,24406,4650,3.3,255,0,CleanAir,0.0,2026-09-18 23:34:22
27,3.06063,0.58175,24485,4654,24485,4654,3.3,255,0,CleanAir,0.0,2026-09-18 23:34:23
28,3.0695,0.58338,24556,4667,24556,4667,3.3,255,0,CleanAir,0.0,2026-09-18 23:34:23
29,3.07863,0.5825,24629,4660,24629,4660,3.3,255,0,CleanAir,0.0,2026-09-18 23:34:23
30,3.08638,0.58613,24691,4689,24691,4689,3.3,255,0,CleanAir,0.0,2026-09-18 23:34:24
31,3.09375,0.58475,24750,4678,24750,4678,3.3,255,0,CleanAir,0.0,2026-09-18 23:34:24
32,3.0725,0.58525,24580,4682,24580,4682,3.3,255,0,CleanAir,0.0,2026-09-18 23:34:24
33,3.10863,0.5805,24869,4644,24869,4644,3.3,255,0,CleanAir,0.0,2026-09-18 23:34:25
34,3.1155,0.58163,24924,4653,24924,4653,3.3,255,0,CleanAir,0.0,2026-09-18 23:34:25
35,3.12063,0.58313,24965,4665,24965,4665,3.3,255,0,CleanAir,0.0,2026-09-18 23:34:25
36,3.12813,0.58288,25025,4663,25025,4663,3.3,255,0,CleanAir,0.0,2026-09-18 23:34:26
37,3.10425,0.58588,24834,4687,24834,4687,3.3,255,0,CleanAir,0.0,2026-09-18 23:34:26
38,3.13963,0.58575,25117,4686,25117,4686,3.3,255,0,CleanAir,0.0,2026-09-18 23:34:27
39,3.11525,0.586,24922,4688,24922,4688,3.3,255,0,CleanAir,0.0,2026-09-18 23:34:27
40,3.15,0.58263,25200,4661,25200,4661,3.3,255,0,CleanAir,0.0,2026-09-18 23:34:27
41,3.1565,0.58563,25252,4685,25252,4685,3.3,255,0,CleanAir,0.0,2026-09-18 23:34:28
42,3.16138,0.58075,25291,4646,25291,4646,3.3,255,0,CleanAir,0.0,2026-09-18 23:34:28
43,3.16563,0.58313,25325,4665,25325,4665,3.3,255,0,CleanAir,0.0,2026-09-18 23:34:29
44,3.13988,0.58563,25119,4685,25119,4685,3.3,255,0,CleanAir,0.0,2026-09-18 23:34:29
45,3.17325,0.58313,25386,4665,25386,4665,3.3,255,0,CleanAir,0.0,2026-09-18 23:34:29
46,3.1465,0.58213,25172,4657,25172,4657,3.3,255,0,CleanAir,0.0,2026-09-18 23:34:30
47,3.17988,0.58363,25439,4669,25439,4669,3.3,255,0,CleanAir,0.0,2026-09-18 23:34:30
48,3.18275,0.586,25462,4688,25462,4688,3.3,255,0,CleanAir,0.0,2026-09-18 23:34:30
49,3.18625,0.58563,25490,4685,25490,4685,3.3,255,0,CleanAir,0.0,2026-09-18 23:34:31
50,3.18963,0.58225,25517,4658,25517,4658,3.3,255,0,CleanAir,0.0,2026-09-18 23:34:31
51,3.192,0.58213,25536,4657,25536,4657,3.3,255,0,CleanAir,0.0,2026-09-18 23:34:31
52,3.195,0.5845,25560,4676,25560,4676,3.3,255,0,CleanAir,0.0,2026-09-18 23:34:32
53,3.16738,0.58475,25339,4678,25339,4678,3.3,255,0,CleanAir,0.0,2026-09-18 23:34:32
54,3.19963,0.58225,25597,4658,25597,4658,3.3,255,0,CleanAir,0.0,2026-09-18 23:34:32
55,3.17413,0.5825,25393,4660,25393,4660,3.3,255,0,CleanAir,0.0,2026-09-18 23:34:33
56,3.20463,0.58125,25637,4650,25637,4650,3.3,255,0,CleanAir,0.0,2026-09-18 23:34:33
57,3.17638,0.585,25411,4680,25411,4680,3.3,255,0,CleanAir,0.0,2026-09-18 23:34:34
58,3.18413,0.581,25473,4648,25473,4648,3.3,255,0,CleanAir,0.0,2026-09-18 23:34:34
59,3.18,0.58125,25440,4650,25440,4650,3.3,255,0,CleanAir,0.0,2026-09-18 23:34:34
60,3.21188,0.5855,25695,4684,25695,4684,3.3,255,0,CleanAir,0.0,2026-09-18 23:34:35
61,3.21438,0.5825,25715,4660,25715,4660,3.3,255,0,CleanAir,0.0,2026-09-18 23:34:35
62,3.216,0.58313,25728,4665,25728,4665,3.3,255,0,CleanAir,0.0,2026-09-18 23:34:35
63,3.21738,0.58213,25739,4657,25739,4657,3.3,255,0,CleanAir,0.0,2026-09-18 23:34:36
64,3.219,0.581,25752,4648,25752,4648,3.3,255,0,CleanAir,0.0,2026-09-18 23:34:36
65,3.22075,0.58225,25766,4658,25766,4658,3.3,255,0,CleanAir,0.0,2026-09-18 23:34:36
66,3.22263,0.5825,25781,4660,25781,4660,3.3,255,0,CleanAir,0.0,2026-09-18 23:34:37
67,3.19413,0.58563,25553,4685,25553,4685,3.3,255,0,CleanAir,0.0,2026-09-18 23:34:37
68,3.224,0.58538,25792,4683,25792,4683,3.3,255,0,CleanAir,0.0,2026-09-18 23:34:38
69,3.20638,0.584,25651,4672,25651,4672,3.3,255,0,CleanAir,0.0,2026-09-18 23:34:38
70,3.22713,0.5825,25817,4660,25817,4660,3.3,255,0,CleanAir,0.0,2026-09-18 23:34:38
71,3.2285,0.58488,25828,4679,25828,4679,3.3,255,0,CleanAir,0.0,2026-09-18 23:34:39
72,3.2295,0.58263,25836,4661,25836,4661,3.3,255,0,CleanAir,0.0,2026-09-18 23:34:39
73,3.23163,0.58313,25853,4665,25853,4665,3.3,255,0,CleanAir,0.0,2026-09-18 23:34:40
74,3.203,0.582,25624,4656,25624,4656,3.3,255,0,CleanAir,0.0,2026-09-18 23:34:40
75,3.23338,0.58325,25867,4666,25867,4666,3.3,255,0,CleanAir,0.0,2026-09-18 23:34:40
76,3.23488,0.58588,25879,4687,25879,4687,3.3,255,0,CleanAir,0.0,2026-09-18 23:34:41
77,3.20763,0.58588,25661,4687,25661,4687,3.3,255,0,CleanAir,0.0,2026-09-18 23:34:41
78,3.23725,0.584,25898,4672,25898,4672,3.3,255,0,CleanAir,0.0,2026-09-18 23:34:42
79,3.21925,0.58563,25754,4685,25754,4685,3.3,255,0,CleanAir,0.0,2026-09-18 23:34:42
80,3.2385,0.58163,25908,4653,25908,4653,3.3,255,0,CleanAir,0.0,2026-09-18 23:34:43
81,3.2395,0.58175,25916,4654,25916,4654,3.3,255,0,CleanAir,0.0,2026-09-18 23:34:43
82,3.23988,0.58225,25919,4658,25919,4658,3.3,255,0,CleanAir,0.0,2026-09-18 23:34:44
83,3.23125,0.58488,25850,4679,25850,4679,3.3,255,0,CleanAir,0.0,2026-09-18 23:34:44
84,3.2405,0.58538,25924,4683,25924,4683,3.3,255,0,CleanAir,0.0,2026-09-18 23:34:44
85,3.242,0.58175,25936,4654,25936,4654,3.3,255,0,CleanAir,0.0,2026-09-18 23:34:45
86,3.21225,0.58188,25698,4655,25698,4655,3.3,255,0,CleanAir,0.0,2026-09-18 23:34:45
87,3.24238,0.58288,25939,4663,25939,4663,3.3,255,0,CleanAir,0.0,2026-09-18 23:34:46
88,3.242,0.5835,25936,4668,25936,4668,3.3,255,0,CleanAir,0.0,2026-09-18 23:34:46
89,3.2145,0.58263,25716,4661,25716,4661,3.3,255,0,CleanAir,0.0,2026-09-18 23:34:46
90,3.2445,0.58313,25956,4665,25956,4665,3.3,255,0,CleanAir,0.0,2026-09-18 23:34:47
91,3.244,0.583,25952,4664,25952,4664,3.3,255,0,CleanAir,0.0,2026-09-18 23:34:47
92,3.24475,0.582,25958,4656,25958,4656,3.3,255,0,CleanAir,0.0,2026-09-18 23:34:48
93,3.24575,0.58275,25966,4662,25966,4662,3.3,255,0,CleanAir,0.0,2026-09-18 23:34:48
94,3.22638,0.58563,25811,4685,25811,4685,3.3,255,0,CleanAir,0.0,2026-09-18 23:34:48
95,3.24575,0.585,25966,4680,25966,4680,3.3,255,0,CleanAir,0.0,2026-09-18 23:34:49
96,3.21638,0.5855,25731,4684,25731,4684,3.3,255,0,CleanAir,0.0,2026-09-18 23:34:49
97,3.24688,0.582,25975,4656,25975,4656,3.3,255,0,CleanAir,0.0,2026-09-18 23:34:50
98,3.23675,0.58213,25894,4657,25894,4657,3.3,255,0,CleanAir,0.0,2026-09-18 23:34:50
99,3.24763,0.58275,25981,4662,25981,4662,3.3,255,0,CleanAir,0.0,2026-09-18 23:34:51
100,3.24763,0.58188,25981,4655,25981,4655,3.3,255,0,CleanAir,0.0,2026-09-18 23:34:51
101,3.21688,0.58288,25735,4663,25735,4663,3.3,255,0,CleanAir,0.0,2026-09-18 23:34:51
102,3.248,0.58338,25984,4667,25984,4667,3.3,255,0,CleanAir,0.0,2026-09-18 23:34:52
103,3.21888,0.582,25751,4656,25751,4656,3.3,255,0,CleanAir,0.0,2026-09-18 23:34:52
104,3.24825,0.58588,25986,4687,25986,4687,3.3,255,0,CleanAir,0.0,2026-09-18 23:34:52
105,3.22075,0.58588,25766,4687,25766,4687,3.3,255,0,CleanAir,0.0,2026-09-18 23:34:53
106,3.2485,0.58488,25988,4679,25988,4679,3.3,255,0,CleanAir,0.0,2026-09-18 23:34:53
107,3.21925,0.58175,25754,4654,25754,4654,3.3,255,0,CleanAir,0.0,2026-09-18 23:34:53
108,3.22,0.58238,25760,4659,25760,4659,3.3,255,0,CleanAir,0.0,2026-09-18 23:34:54
109,3.24913,0.58538,25993,4683,25993,4683,3.3,255,0,CleanAir,0.0,2026-09-18 23:34:54
110,3.24113,0.58175,25929,4654,25929,4654,3.3,255,0,CleanAir,0.0,2026-09-18 23:34:54
111,3.24938,0.58425,25995,4674,25995,4674,3.3,255,0,CleanAir,0.0,2026-09-18 23:34:55
112,3.23175,0.582,25854,4656,25854,4656,3.3,255,0,CleanAir,0.0,2026-09-18 23:34:55
113,3.25013,0.58188,26001,4655,26001,4655,3.3,255,0,CleanAir,0.0,2026-09-18 23:34:56
114,3.25063,0.58313,26005,4665,26005,4665,3.3,255,0,CleanAir,0.0,2026-09-18 23:34:56
115,3.21963,0.5855,25757,4684,25757,4684,3.3,255,0,CleanAir,0.0,2026-09-18 23:34:56
116,3.25,0.581,26000,4648,26000,4648,3.3,255,0,CleanAir,0.0,2026-09-18 23:34:57
117,3.2405,0.58163,25924,4653,25924,4653,3.3,255,0,CleanAir,0.0,2026-09-18 23:34:57
118,3.24975,0.58363,25998,4669,25998,4669,3.3,255,0,CleanAir,0.0,2026-09-18 23:34:58
119,3.2495,0.58463,25996,4677,25996,4677,3.3,255,0,CleanAir,0.0,2026-09-18 23:34:58
120,3.22125,0.58288,25770,4663,25770,4663,3.3,255,0,CleanAir,0.0,2026-09-18 23:34:58
121,3.2235,0.58225,25788,4658,25788,4658,3.3,255,0,CleanAir,0.0,2026-09-18 23:34:59
122,3.22025,0.581,25762,4648,25762,4648,3.3,255,0,CleanAir,0.0,2026-09-18 23:34:59
123,3.25063,0.58163,26005,4653,26005,4653,3.3,255,0,CleanAir,0.0,2026-09-18 23:35:00
124,3.221,0.58175,25768,4654,25768,4654,3.3,255,0,CleanAir,0.0,2026-09-18 23:35:00
125,3.45013,0.58175,27601,4654,27601,4654,0.0,0,0,CleanAir,0.0,2026-09-18 23:35:01
126,3.4295,0.57825,27436,4626,27436,4626,0.0,0,0,CleanAir,0.0,2026-09-18 23:35:01
127,3.402,0.582,27216,4656,27216,4656,0.0,0,0,CleanAir,0.0,2026-09-18 23:35:01
128,3.37663,0.57713,27013,4617,27013,4617,0.0,0,0,CleanAir,0.0,2026-09-18 23:35:02
129,3.3445,0.57763,26756,4621,26756,4621,0.0,0,0,CleanAir,0.0,2026-09-18 23:35:02
130,3.29263,0.5785,26341,4628,26341,4628,0.0,0,0,CleanAir,0.0,2026-09-18 23:35:03
131,3.30125,0.5815,26410,4652,26410,4652,0.0,0,0,CleanAir,0.0,2026-09-18 23:35:03
132,3.26563,0.57863,26125,4629,26125,4629,0.0,0,0,CleanAir,0.0,2026-09-18 23:35:03
133,3.25988,0.58088,26079,4647,26079,4647,0.0,0,0,CleanAir,0.0,2026-09-18 23:35:04
134,3.2405,0.5815,25924,4652,25924,4652,0.0,0,0,CleanAir,0.0,2026-09-18 23:35:04
135,3.222,0.58138,25776,4651,25776,4651,0.0,0,0,CleanAir,0.0,2026-09-18 23:35:04
136,3.17425,0.57863,25394,4629,25394,4629,0.0,0,0,CleanAir,0.0,2026-09-18 23:35:05
137,3.15063,0.58075,25205,4646,25205,4646,0.0,0,0,CleanAir,0.0,2026-09-18 23:35:05
138,3.1625,0.57888,25300,4631,25300,4631,0.0,0,0,CleanAir,0.0,2026-09-18 23:35:06
139,3.14213,0.57838,25137,4627,25137,4627,0.0,0,0,CleanAir,0.0,2026-09-18 23:35:06
140,3.117,0.58138,24936,4651,24936,4651,0.0,0,0,CleanAir,0.0,2026-09-18 23:35:06
141,3.11488,0.57975,24919,4638,24919,4638,0.0,0,0,CleanAir,0.0,2026-09-18 23:35:07
142,3.07313,0.5775,24585,4620,24585,4620,0.0,0,0,CleanAir,0.0,2026-09-18 23:35:07
143,3.08563,0.58163,24685,4653,24685,4653,0.0,0,0,CleanAir,0.0,2026-09-18 23:35:07
144,3.04313,0.58138,24345,4651,24345,4651,0.0,0,0,CleanAir,0.0,2026-09-18 23:35:08
145,3.0575,0.57988,24460,4639,24460,4639,0.0,0,0,CleanAir,0.0,2026-09-18 23:35:08
146,3.0395,0.57725,24316,4618,24316,4618,0.0,0,0,CleanAir,0.0,2026-09-18 23:35:09
147,2.999,0.57638,23992,4611,23992,4611,0.0,0,0,CleanAir,0.0,2026-09-18 23:35:09
148,2.987,0.57838,23896,4627,23896,4627,0.0,0,0,CleanAir,0.0,2026-09-18 23:35:09
149,2.97475,0.5785,23798,4628,23798,4628,0.0,0,0,CleanAir,0.0,2026-09-18 23:35:10
150,2.98625,0.57763,23890,4621,23890,4621,0.0,0,0,CleanAir,0.0,2026-09-18 23:35:10
151,2.94913,0.57713,23593,4617,23593,4617,0.0,0,0,CleanAir,0.0,2026-09-18 23:35:11
152,2.95388,0.57763,23631,4621,23631,4621,0.0,0,0,CleanAir,0.0,2026-09-18 23:35:11
153,2.92725,0.57638,23418,4611,23418,4611,0.0,0,0,CleanAir,0.0,2026-09-18 23:35:11
154,2.9175,0.578,23340,4624,23340,4624,0.0,0,0,CleanAir,0.0,2026-09-18 23:35:12
155,2.90775,0.5785,23262,4628,23262,4628,0.0,0,0,CleanAir,0.0,2026-09-18 23:35:12
156,2.92438,0.5765,23395,4612,23395,4612,0.0,0,0,CleanAir,0.0,2026-09-18 23:35:12
157,2.89075,0.57738,23126,4619,23126,4619,0.0,0,0,CleanAir,0.0,2026-09-18 23:35:13
158,2.90713,0.578,23257,4624,23257,4624,0.0,0,0,CleanAir,0.0,2026-09-18 23:35:13
159,2.87313,0.57775,22985,4622,22985,4622,0.0,0,0,CleanAir,0.0,2026-09-18 23:35:13
160,2.88963,0.5785,23117,4628,23117,4628,0.0,0,0,CleanAir,0.0,2026-09-18 23:35:14
161,2.8555,0.57738,22844,4619,22844,4619,0.0,0,0,CleanAir,0.0,2026-09-18 23:35:14
162,2.87088,0.57775,22967,4622,22967,4622,0.0,0,0,CleanAir,0.0,2026-09-18 23:35:15
163,2.837,0.57663,22696,4613,22696,4613,0.0,0,0,CleanAir,0.0,2026-09-18 23:35:15
164,2.85738,0.57838,22859,4627,22859,4627,0.0,0,0,CleanAir,0.0,2026-09-18 23:35:15
165,2.84588,0.58113,22767,4649,22767,4649,0.0,0,0,CleanAir,0.0,2026-09-18 23:35:16
166,2.84213,0.57688,22737,4615,22737,4615,0.0,0,0,CleanAir,0.0,2026-09-18 23:35:16
167,2.81163,0.57888,22493,4631,22493,4631,0.0,0,0,CleanAir,0.0,2026-09-18 23:35:16
168,2.82963,0.581,22637,4648,22637,4648,0.0,0,0,CleanAir,0.0,2026-09-18 23:35:17
169,2.82425,0.57913,22594,4633,22594,4633,0.0,0,0,CleanAir,0.0,2026-09-18 23:35:17
170,2.8175,0.58138,22540,4651,22540,4651,0.0,0,0,CleanAir,0.0,2026-09-18 23:35:17
171,2.81225,0.579,22498,4632,22498,4632,0.0,0,0,CleanAir,0.0,2026-09-18 23:35:18
172,2.7805,0.58113,22244,4649,22244,4649,0.0,0,0,CleanAir,0.0,2026-09-18 23:35:18
173,2.80063,0.58138,22405,4651,22405,4651,0.0,0,0,CleanAir,0.0,2026-09-18 23:35:19
174,2.79588,0.58163,22367,4653,22367,4653,0.0,0,0,CleanAir,0.0,2026-09-18 23:35:19
175,2.79,0.57975,22320,4638,22320,4638,0.0,0,0,CleanAir,0.0,2026-09-18 23:35:19
176,2.78563,0.57663,22285,4613,22285,4613,0.0,0,0,CleanAir,0.0,2026-09-18 23:35:20
177,2.78125,0.58138,22250,4651,22250,4651,0.0,0,0,CleanAir,0.0,2026-09-18 23:35:20
178,2.777,0.58038,22216,4643,22216,4643,0.0,0,0,CleanAir,0.0,2026-09-18 23:35:20
179,2.7475,0.5795,21980,4636,21980,4636,0.0,0,0,CleanAir,0.0,2026-09-18 23:35:21
180,2.74325,0.57888,21946,4631,21946,4631,0.0,0,0,CleanAir,0.0,2026-09-18 23:35:21
181,2.7385,0.57812,21908,4625,21908,4625,0.0,0,0,CleanAir,0.0,2026-09-18 23:35:21
182,2.7585,0.576,22068,4608,22068,4608,0.0,0,0,CleanAir,0.0,2026-09-18 23:35:22
183,2.75463,0.58063,22037,4645,22037,4645,0.0,0,0,CleanAir,0.0,2026-09-18 23:35:22
184,2.75113,0.5775,22009,4620,22009,4620,0.0,0,0,CleanAir,0.0,2026-09-18 23:35:23
185,2.723,0.57613,21784,4609,21784,4609,0.0,0,0,CleanAir,0.0,2026-09-18 23:35:23
186,2.74488,0.57775,21959,4622,21959,4622,0.0,0,0,CleanAir,0.0,2026-09-18 23:35:23
187,2.723,0.57838,21784,4627,21784,4627,0.0,0,0,CleanAir,0.0,2026-09-18 23:35:24
188,2.7385,0.58038,21908,4643,21908,4643,0.0,0,0,CleanAir,0.0,2026-09-18 23:35:24
189,2.71813,0.57775,21745,4622,21745,4622,0.0,0,0,CleanAir,0.0,2026-09-18 23:35:24
190,2.70763,0.58075,21661,4646,21661,4646,0.0,0,0,CleanAir,0.0,2026-09-18 23:35:25
191,2.72713,0.57675,21817,4614,21817,4614,0.0,0,0,CleanAir,0.0,2026-09-18 23:35:25
192,2.72488,0.58125,21799,4650,21799,4650,0.0,0,0,CleanAir,0.0,2026-09-18 23:35:26
193,2.72125,0.581,21770,4648,21770,4648,0.0,0,0,CleanAir,0.0,2026-09-18 23:35:26
194,2.71825,0.57838,21746,4627,21746,4627,0.0,0,0,CleanAir,0.0,2026-09-18 23:35:27
195,2.71013,0.5795,21681,4636,21681,4636,0.0,0,0,CleanAir,0.0,2026-09-18 23:35:27
196,2.688,0.581,21504,4648,21504,4648,0.0,0,0,CleanAir,0.0,2026-09-18 23:35:28
197,2.70675,0.57938,21654,4635,21654,4635,0.0,0,0,CleanAir,0.0,2026-09-18 23:35:28
198,2.7095,0.576,21676,4608,21676,4608,0.0,0,0,CleanAir,0.0,2026-09-18 23:35:28
199,2.70725,0.57688,21658,4615,21658,4615,0.0,0,0,CleanAir,0.0,2026-09-18 23:35:29
200,2.70588,0.57775,21647,4622,21647,4622,0.0,0,0,CleanAir,0.0,2026-09-18 23:35:29
201,2.704,0.57738,21632,4619,21632,4619,0.0,0,0,CleanAir,0.0,2026-09-18 23:35:29
202,2.6765,0.57763,21412,4621,21412,4621,0.0,0,0,CleanAir,0.0,2026-09-18 23:35:30
203,2.69988,0.5785,21599,4628,21599,4628,0.0,0,0,CleanAir,0.0,2026-09-18 23:35:30
204,2.674,0.57775,21392,4622,21392,4622,0.0,0,0,CleanAir,0.0,2026-09-18 23:35:30
205,2.67213,0.57575,21377,4606,21377,4606,0.0,0,0,CleanAir,0.0,2026-09-18 23:35:31
206,2.6715,0.57812,21372,4625,21372,4625,0.0,0,0,CleanAir,0.0,2026-09-18 23:35:31
207,2.69438,0.57988,21555,4639,21555,4639,0.0,0,0,CleanAir,0.0,2026-09-18 23:35:32
208,2.67025,0.57913,21362,4633,21362,4633,0.0,0,0,CleanAir,0.0,2026-09-18 23:35:32
209,2.66625,0.57738,21330,4619,21330,4619,0.0,0,0,CleanAir,0.0,2026-09-18 23:35:33
210,2.6645,0.57875,21316,4630,21316,4630,0.0,0,0,CleanAir,0.0,2026-09-18 23:35:33
211,2.66275,0.5815,21302,4652,21302,4652,0.0,0,0,CleanAir,0.0,2026-09-18 23:35:33
212,2.6685,0.57638,21348,4611,21348,4611,0.0,0,0,CleanAir,0.0,2026-09-18 23:35:34
213,2.68488,0.57625,21479,4610,21479,4610,0.0,0,0,CleanAir,0.0,2026-09-18 23:35:34
214,2.65925,0.57638,21274,4611,21274,4611,0.0,0,0,CleanAir,0.0,2026-09-18 23:35:35
215,2.68313,0.57838,21465,4627,21465,4627,0.0,0,0,CleanAir,0.0,2026-09-18 23:35:35
216,2.68213,0.57775,21457,4622,21457,4622,0.0,0,0,CleanAir,0.0,2026-09-18 23:35:35
217,2.68113,0.57788,21449,4623,21449,4623,0.0,0,0,CleanAir,0.0,2026-09-18 23:35:36
218,2.65675,0.581,21254,4648,21254,4648,0.0,0,0,CleanAir,0.0,2026-09-18 23:35:36
219,2.67838,0.581,21427,4648,21427,4648,0.0,0,0,CleanAir,0.0,2026-09-18 23:35:36
220,2.6775,0.58075,21420,4646,21420,4646,0.0,0,0,CleanAir,0.0,2026-09-18 23:35:37
221,2.65238,0.5815,21219,4652,21219,4652,0.0,0,0,CleanAir,0.0,2026-09-18 23:35:37
222,2.676,0.58125,21408,4650,21408,4650,0.0,0,0,CleanAir,0.0,2026-09-18 23:35:37
223,2.67475,0.58013,21398,4641,21398,4641,0.0,0,0,CleanAir,0.0,2026-09-18 23:35:38
224,2.67388,0.57925,21391,4634,21391,4634,0.0,0,0,CleanAir,0.0,2026-09-18 23:35:38
225,2.67388,0.57738,21391,4619,21391,4619,0.0,0,0,CleanAir,0.0,2026-09-18 23:35:40
226,2.64738,0.58075,21179,4646,21179,4646,0.0,0,0,CleanAir,0.0,2026-09-18 23:35:40
227,2.67188,0.57825,21375,4626,21375,4626,0.0,0,0,CleanAir,0.0,2026-09-18 23:35:40
228,2.672,0.5765,21376,4612,21376,4612,0.0,0,0,CleanAir,0.0,2026-09-18 23:35:40
229,2.67175,0.57763,21374,4621,21374,4621,0.0,0,0,CleanAir,0.0,2026-09-18 23:35:40
230,2.66988,0.57812,21359,4625,21359,4625,0.0,0,0,CleanAir,0.0,2026-09-18 23:35:40
231,2.67013,0.57863,21361,4629,21361,4629,0.0,0,0,CleanAir,0.0,2026-09-18 23:35:41
232,2.6695,0.57875,21356,4630,21356,4630,0.0,0,0,CleanAir,0.0,2026-09-18 23:35:41
233,2.669,0.5815,21352,4652,21352,4652,0.0,0,0,CleanAir,0.0,2026-09-18 23:35:42
234,2.66825,0.58088,21346,4647,21346,4647,0.0,0,0,CleanAir,0.0,2026-09-18 23:35:42
235,2.6665,0.58075,21332,4646,21332,4646,0.0,0,0,CleanAir,0.0,2026-09-18 23:35:42
236,2.6425,0.57738,21140,4619,21140,4619,0.0,0,0,CleanAir,0.0,2026-09-18 23:35:43
237,2.66713,0.57825,21337,4626,21337,4626,0.0,0,0,CleanAir,0.0,2026-09-18 23:35:43
238,2.64175,0.581,21134,4648,21134,4648,0.0,0,0,CleanAir,0.0,2026-09-18 23:35:43
239,2.665,0.5805,21320,4644,21320,4644,0.0,0,0,CleanAir,0.0,2026-09-18 23:35:44
240,2.65163,0.57938,21213,4635,21213,4635,0.0,0,0,CleanAir,0.0,2026-09-18 23:35:44
241,2.6645,0.58113,21316,4649,21316,4649,0.0,0,0,CleanAir,0.0,2026-09-18 23:35:44
242,2.65438,0.57863,21235,4629,21235,4629,0.0,0,0,CleanAir,0.0,2026-09-18 23:35:45
243,2.66438,0.58038,21315,4643,21315,4643,0.0,0,0,CleanAir,0.0,2026-09-18 23:35:45
244,2.66275,0.57938,21302,4635,21302,4635,0.0,0,0,CleanAir,0.0,2026-09-18 23:35:45
245,2.63825,0.57588,21106,4607,21106,4607,0.0,0,0,CleanAir,0.0,2026-09-18 23:35:46
246,2.663,0.57738,21304,4619,21304,4619,0.0,0,0,CleanAir,0.0,2026-09-18 23:35:46
247,2.66275,0.57738,21302,4619,21302,4619,0.0,0,0,CleanAir,0.0,2026-09-18 23:35:47
248,2.6595,0.57788,21276,4623,21276,4623,0.0,0,0,CleanAir,0.0,2026-09-18 23:35:47
249,2.66163,0.57763,21293,4621,21293,4621,0.0,0,0,CleanAir,0.0,2026-09-18 23:35:47
0,2.51038,0.582,20083,4656,20083,4656,3.3,255,0,CleanAir,0.0,2026-09-18 23:35:48
1,2.55288,0.58325,20423,4666,20423,4666,3.3,255,0,CleanAir,0.0,2026-09-18 23:35:48
2,2.5845,0.58088,20676,4647,20676,4647,3.3,255,0,CleanAir,0.0,2026-09-18 23:35:49
3,2.6295,0.5825,21036,4660,21036,4660,3.3,255,0,CleanAir,0.0,2026-09-18 23:35:49
4,2.63538,0.58138,21083,4651,21083,4651,3.3,255,0,CleanAir,0.0,2026-09-18 23:35:49
5,2.689,0.585,21512,4680,21512,4680,3.3,255,0,CleanAir,0.0,2026-09-18 23:35:50
6,2.71675,0.58188,21734,4655,21734,4655,3.3,255,0,CleanAir,0.0,2026-09-18 23:35:50
7,2.74225,0.5825,21938,4660,21938,4660,3.3,255,0,CleanAir,0.0,2026-09-18 23:35:50
8,2.76688,0.58238,22135,4659,22135,4659,3.3,255,0,CleanAir,0.0,2026-09-18 23:35:51
9,2.7895,0.58575,22316,4686,22316,4686,3.3,255,0,CleanAir,0.0,2026-09-18 23:35:51
10,2.81088,0.58525,22487,4682,22487,4682,3.3,255,0,CleanAir,0.0,2026-09-18 23:35:52
11,2.83275,0.5855,22662,4684,22662,4684,3.3,255,0,CleanAir,0.0,2026-09-18 23:35:52
12,2.85313,0.58475,22825,4678,22825,4678,3.3,255,0,CleanAir,0.0,2026-09-18 23:35:52
13,2.84638,0.58163,22771,4653,22771,4653,3.3,255,0,CleanAir,0.0,2026-09-18 23:35:53
14,2.89213,0.58388,23137,4671,23137,4671,3.3,255,0,CleanAir,0.0,2026-09-18 23:35:53
15,2.8835,0.58175,23068,4654,23068,4654,3.3,255,0,CleanAir,0.0,2026-09-18 23:35:53
16,2.92613,0.58338,23409,4667,23409,4667,3.3,255,0,CleanAir,0.0,2026-09-18 23:35:54
17,2.94125,0.582,23530,4656,23530,4656,3.3,255,0,CleanAir,0.0,2026-09-18 23:35:54
18,2.95588,0.5815,23647,4652,23647,4652,3.3,255,0,CleanAir,0.0,2026-09-18 23:35:54
19,2.96975,0.5805,23758,4644,23758,4644,3.3,255,0,CleanAir,0.0,2026-09-18 23:35:55
20,2.98338,0.581,23867,4648,23867,4648,3.3,255,0,CleanAir,0.0,2026-09-18 23:35:55
21,2.973,0.58238,23784,4659,23784,4659,3.3,255,0,CleanAir,0.0,2026-09-18 23:35:56
22,2.98525,0.58188,23882,4655,23882,4655,3.3,255,0,CleanAir,0.0,2026-09-18 23:35:56
23,3.024,0.58213,24192,4657,24192,4657,3.3,255,0,CleanAir,0.0,2026-09-18 23:35:56
24,3.0065,0.5825,24052,4660,24052,4660,3.3,255,0,CleanAir,0.0,2026-09-18 23:35:57
25,3.04475,0.58213,24358,4657,24358,4657,3.3,255,0,CleanAir,0.0,2026-09-18 23:35:57
26,3.03688,0.58113,24295,4649,24295,4649,3.3,255,0,CleanAir,0.0,2026-09-18 23:35:57
27,3.06325,0.58163,24506,4653,24506,4653,3.3,255,0,CleanAir,0.0,2026-09-18 23:35:58
28,3.04325,0.58113,24346,4649,24346,4649,3.3,255,0,CleanAir,0.0,2026-09-18 23:35:58
29,3.08013,0.58313,24641,4665,24641,4665,3.3,255,0,CleanAir,0.0,2026-09-18 23:35:59
30,3.07913,0.58088,24633,4647,24633,4647,3.3,255,0,CleanAir,0.0,2026-09-18 23:35:59
31,3.098,0.58338,24784,4667,24784,4667,3.3,255,0,CleanAir,0.0,2026-09-18 23:35:59
32,3.10725,0.5855,24858,4684,24858,4684,3.3,255,0,CleanAir,0.0,2026-09-18 23:36:00
33,3.11588,0.58225,24927,4658,24927,4658,3.3,255,0,CleanAir,0.0,2026-09-18 23:36:00
34,3.12175,0.58575,24974,4686,24974,4686,3.3,255,0,CleanAir,0.0,2026-09-18 23:36:01
35,3.13063,0.58588,25045,4687,25045,4687,3.3,255,0,CleanAir,0.0,2026-09-18 23:36:01
36,3.13663,0.58325,25093,4666,25093,4666,3.3,255,0,CleanAir,0.0,2026-09-18 23:36:02
37,3.141,0.583,25128,4664,25128,4664,3.3,255,0,CleanAir,0.0,2026-09-18 23:36:02
38,3.14863,0.58263,25189,4661,25189,4661,3.3,255,0,CleanAir,0.0,2026-09-18 23:36:02
39,3.15725,0.5855,25258,4684,25258,4684,3.3,255,0,CleanAir,0.0,2026-09-18 23:36:03
40,3.1615,0.58063,25292,4645,25292,4645,3.3,255,0,CleanAir,0.0,2026-09-18 23:36:04
41,3.153,0.58175,25224,4654,25224,4654,3.3,255,0,CleanAir,0.0,2026-09-18 23:36:04
42,3.13975,0.581,25118,4648,25118,4648,3.3,255,0,CleanAir,0.0,2026-09-18 23:36:04
43,3.17363,0.58213,25389,4657,25389,4657,3.3,255,0,CleanAir,0.0,2026-09-18 23:36:05
44,3.17863,0.58575,25429,4686,25429,4686,3.3,255,0,CleanAir,0.0,2026-09-18 23:36:05
45,3.18263,0.58075,25461,4646,25461,4646,3.3,255,0,CleanAir,0.0,2026-09-18 23:36:06
46,3.16225,0.58225,25298,4658,25298,4658,3.3,255,0,CleanAir,0.0,2026-09-18 23:36:06
47,3.18925,0.58225,25514,4658,25514,4658,3.3,255,0,CleanAir,0.0,2026-09-18 23:36:06
48,3.17538,0.58288,25403,4663,25403,4663,3.3,255,0,CleanAir,0.0,2026-09-18 23:36:07
49,3.19375,0.58475,25550,4678,25550,4678,3.3,255,0,CleanAir,0.0,2026-09-18 23:36:07
50,3.16663,0.58363,25333,4669,25333,4669,3.3,255,0,CleanAir,0.0,2026-09-18 23:36:07
51,3.16988,0.58575,25359,4686,25359,4686,3.3,255,0,CleanAir,0.0,2026-09-18 23:36:08
52,3.19138,0.58175,25531,4654,25531,4654,3.3,255,0,CleanAir,0.0,2026-09-18 23:36:08
53,3.20363,0.58238,25629,4659,25629,4659,3.3,255,0,CleanAir,0.0,2026-09-18 23:36:09
54,3.1765,0.58088,25412,4647,25412,4647,3.3,255,0,CleanAir,0.0,2026-09-18 23:36:09
55,3.208,0.583,25664,4664,25664,4664,3.3,255,0,CleanAir,0.0,2026-09-18 23:36:09
56,3.21025,0.582,25682,4656,25682,4656,3.3,255,0,CleanAir,0.0,2026-09-18 23:36:10
57,3.20875,0.58325,25670,4666,25670,4666,3.3,255,0,CleanAir,0.0,2026-09-18 23:36:10
58,3.2155,0.58388,25724,4671,25724,4671,3.3,255,0,CleanAir,0.0,2026-09-18 23:36:11
59,3.21738,0.58163,25739,4653,25739,4653,3.3,255,0,CleanAir,0.0,2026-09-18 23:36:11
60,3.19425,0.58088,25554,4647,25554,4647,3.3,255,0,CleanAir,0.0,2026-09-18 23:36:11
61,3.21925,0.58238,25754,4659,25754,4659,3.3,255,0,CleanAir,0.0,2026-09-18 23:36:12
62,3.192,0.58275,25536,4662,25536,4662,3.3,255,0,CleanAir,0.0,2026-09-18 23:36:12
63,3.22225,0.58438,25778,4675,25778,4675,3.3,255,0,CleanAir,0.0,2026-09-18 23:36:13
64,3.214,0.58413,25712,4673,25712,4673,3.3,255,0,CleanAir,0.0,2026-09-18 23:36:13
65,3.2255,0.58225,25804,4658,25804,4658,3.3,255,0,CleanAir,0.0,2026-09-18 23:36:13
66,3.22563,0.58525,25805,4682,25805,4682,3.3,255,0,CleanAir,0.0,2026-09-18 23:36:14
67,3.19713,0.58263,25577,4661,25577,4661,3.3,255,0,CleanAir,0.0,2026-09-18 23:36:14
68,3.22838,0.58525,25827,4682,25827,4682,3.3,255,0,CleanAir,0.0,2026-09-18 23:36:14
69,3.19925,0.586,25594,4688,25594,4688,3.3,255,0,CleanAir,0.0,2026-09-18 23:36:15
70,3.22963,0.58613,25837,4689,25837,4689,3.3,255,0,CleanAir,0.0,2026-09-18 23:36:15
71,3.22575,0.5845,25806,4676,25806,4676,3.3,255,0,CleanAir,0.0,2026-09-18 23:36:15
72,3.23225,0.582,25858,4656,25858,4656,3.3,255,0,CleanAir,0.0,2026-09-18 23:36:16
73,3.23275,0.58288,25862,4663,25862,4663,3.3,255,0,CleanAir,0.0,2026-09-18 23:36:16
74,3.23363,0.58063,25869,4645,25869,4645,3.3,255,0,CleanAir,0.0,2026-09-18 23:36:17
75,3.22013,0.58313,25761,4665,25761,4665,3.3,255,0,CleanAir,0.0,2026-09-18 23:36:17
76,3.21538,0.581,25723,4648,25723,4648,3.3,255,0,CleanAir,0.0,2026-09-18 23:36:17
77,3.23625,0.58125,25890,4650,25890,4650,3.3,255,0,CleanAir,0.0,2026-09-18 23:36:18
78,3.21538,0.582,25723,4656,25723,4656,3.3,255,0,CleanAir,0.0,2026-09-18 23:36:18
79,3.23788,0.582,25903,4656,25903,4656,3.3,255,0,CleanAir,0.0,2026-09-18 23:36:19
80,3.21563,0.581,25725,4648,25725,4648,3.3,255,0,CleanAir,0.0,2026-09-18 23:36:19
81,3.20938,0.58225,25675,4658,25675,4658,3.3,255,0,CleanAir,0.0,2026-09-18 23:36:19
82,3.20938,0.58238,25675,4659,25675,4659,3.3,255,0,CleanAir,0.0,2026-09-18 23:36:20
83,3.24,0.58288,25920,4663,25920,4663,3.3,255,0,CleanAir,0.0,2026-09-18 23:36:20
84,3.2395,0.58563,25916,4685,25916,4685,3.3,255,0,CleanAir,0.0,2026-09-18 23:36:20
85,3.24038,0.58563,25923,4685,25923,4685,3.3,255,0,CleanAir,0.0,2026-09-18 23:36:21
86,3.24038,0.5845,25923,4676,25923,4676,3.3,255,0,CleanAir,0.0,2026-09-18 23:36:21
87,3.24113,0.5845,25929,4676,25929,4676,3.3,255,0,CleanAir,0.0,2026-09-18 23:36:21
88,3.23075,0.58313,25846,4665,25846,4665,3.3,255,0,CleanAir,0.0,2026-09-18 23:36:22
89,3.2335,0.58438,25868,4675,25868,4675,3.3,255,0,CleanAir,0.0,2026-09-18 23:36:22
90,3.24238,0.586,25939,4688,25939,4688,3.3,255,0,CleanAir,0.0,2026-09-18 23:36:23
91,3.212,0.58538,25696,4683,25696,4683,3.3,255,0,CleanAir,0.0,2026-09-18 23:36:23
92,3.24263,0.5845,25941,4676,25941,4676,3.3,255,0,CleanAir,0.0,2026-09-18 23:36:23
93,3.22113,0.58588,25769,4687,25769,4687,3.3,255,0,CleanAir,0.0,2026-09-18 23:36:24
94,3.24313,0.58488,25945,4679,25945,4679,3.3,255,0,CleanAir,0.0,2026-09-18 23:36:24
95,3.24413,0.58088,25953,4647,25953,4647,3.3,255,0,CleanAir,0.0,2026-09-18 23:36:25
96,3.24325,0.58213,25946,4657,25946,4657,3.3,255,0,CleanAir,0.0,2026-09-18 23:36:25
97,3.2445,0.58238,25956,4659,25956,4659,3.3,255,0,CleanAir,0.0,2026-09-18 23:36:25
98,3.2445,0.58338,25956,4667,25956,4667,3.3,255,0,CleanAir,0.0,2026-09-18 23:36:26
99,3.24538,0.581,25963,4648,25963,4648,3.3,255,0,CleanAir,0.0,2026-09-18 23:36:26
100,3.24538,0.58213,25963,4657,25963,4657,3.3,255,0,CleanAir,0.0,2026-09-18 23:36:26
101,3.2455,0.58125,25964,4650,25964,4650,3.3,255,0,CleanAir,0.0,2026-09-18 23:36:27
102,3.24538,0.58213,25963,4657,25963,4657,3.3,255,0,CleanAir,0.0,2026-09-18 23:36:27
103,3.21613,0.58263,25729,4661,25729,4661,3.3,255,0,CleanAir,0.0,2026-09-18 23:36:27
104,3.24575,0.58225,25966,4658,25966,4658,3.3,255,0,CleanAir,0.0,2026-09-18 23:36:28
105,3.2165,0.58288,25732,4663,25732,4663,3.3,255,0,CleanAir,0.0,2026-09-18 23:36:28
106,3.24563,0.58613,25965,4689,25965,4689,3.3,255,0,CleanAir,0.0,2026-09-18 23:36:28
107,3.24663,0.58625,25973,4690,25973,4690,3.3,255,0,CleanAir,0.0,2026-09-18 23:36:29
108,3.24675,0.585,25974,4680,25974,4680,3.3,255,0,CleanAir,0.0,2026-09-18 23:36:29
109,3.24638,0.58637,25971,4691,25971,4691,3.3,255,0,CleanAir,0.0,2026-09-18 23:36:30
110,3.247,0.586,25976,4688,25976,4688,3.3,255,0,CleanAir,0.0,2026-09-18 23:36:30
111,3.2465,0.58563,25972,4685,25972,4685,3.3,255,0,CleanAir,0.0,2026-09-18 23:36:30
112,3.247,0.58213,25976,4657,25976,4657,3.3,255,0,CleanAir,0.0,2026-09-18 23:36:31
113,3.24725,0.58375,25978,4670,25978,4670,3.3,255,0,CleanAir,0.0,2026-09-18 23:36:31
114,3.21713,0.58563,25737,4685,25737,4685,3.3,255,0,CleanAir,0.0,2026-09-18 23:36:32
115,3.2275,0.58613,25820,4689,25820,4689,3.3,255,0,CleanAir,0.0,2026-09-18 23:36:32
116,3.247,0.58588,25976,4687,25976,4687,3.3,255,0,CleanAir,0.0,2026-09-18 23:36:32
117,3.22325,0.58538,25786,4683,25786,4683,3.3,255,0,CleanAir,0.0,2026-09-18 23:36:33
118,3.24675,0.58425,25974,4674,25974,4674,3.3,255,0,CleanAir,0.0,2026-09-18 23:36:33
119,3.23425,0.5865,25874,4692,25874,4692,3.3,255,0,CleanAir,0.0,2026-09-18 23:36:33
120,3.24775,0.58563,25982,4685,25982,4685,3.3,255,0,CleanAir,0.0,2026-09-18 23:36:34
121,3.21863,0.58175,25749,4654,25749,4654,3.3,255,0,CleanAir,0.0,2026-09-18 23:36:34
122,3.24838,0.5825,25987,4660,25987,4660,3.3,255,0,CleanAir,0.0,2026-09-18 23:36:34
123,3.24788,0.5845,25983,4676,25983,4676,3.3,255,0,CleanAir,0.0,2026-09-18 23:36:35
124,3.24813,0.584,25985,4672,25985,4672,3.3,255,0,CleanAir,0.0,2026-09-18 23:36:35
125,3.45413,0.58113,27633,4649,27633,4649,0.0,0,0,CleanAir,0.0,2026-09-18 23:36:36
126,3.405,0.58188,27240,4655,27240,4655,0.0,0,0,CleanAir,0.0,2026-09-18 23:36:36
127,3.38788,0.58063,27103,4645,27103,4645,0.0,0,0,CleanAir,0.0,2026-09-18 23:36:36
128,3.38875,0.5805,27110,4644,27110,4644,0.0,0,0,CleanAir,0.0,2026-09-18 23:36:37
129,3.3435,0.57825,26748,4626,26748,4626,0.0,0,0,CleanAir,0.0,2026-09-18 23:36:37
130,3.3435,0.57688,26748,4615,26748,4615,0.0,0,0,CleanAir,0.0,2026-09-18 23:36:37
131,3.30025,0.5775,26402,4620,26402,4620,0.0,0,0,CleanAir,0.0,2026-09-18 23:36:38
132,3.30063,0.57688,26405,4615,26405,4615,0.0,0,0,CleanAir,0.0,2026-09-18 23:36:38
133,3.25038,0.5765,26003,4612,26003,4612,0.0,0,0,CleanAir,0.0,2026-09-18 23:36:38
134,3.25375,0.58125,26030,4650,26030,4650,0.0,0,0,CleanAir,0.0,2026-09-18 23:36:39
135,3.22838,0.58163,25827,4653,25827,4653,0.0,0,0,CleanAir,0.0,2026-09-18 23:36:39
136,3.2155,0.58113,25724,4649,25724,4649,0.0,0,0,CleanAir,0.0,2026-09-18 23:36:40
137,3.19,0.58125,25520,4650,25520,4650,0.0,0,0,CleanAir,0.0,2026-09-18 23:36:40
138,3.18,0.57925,25440,4634,25440,4634,0.0,0,0,CleanAir,0.0,2026-09-18 23:36:40
139,3.16088,0.58163,25287,4653,25287,4653,0.0,0,0,CleanAir,0.0,2026-09-18 23:36:41
140,3.1295,0.57875,25036,4630,25036,4630,0.0,0,0,CleanAir,0.0,2026-09-18 23:36:41
141,3.09988,0.58125,24799,4650,24799,4650,0.0,0,0,CleanAir,0.0,2026-09-18 23:36:41
142,3.11275,0.57613,24902,4609,24902,4609,0.0,0,0,CleanAir,0.0,2026-09-18 23:36:42
143,3.0965,0.57988,24772,4639,24772,4639,0.0,0,0,CleanAir,0.0,2026-09-18 23:36:42
144,3.08263,0.57663,24661,4613,24661,4613,0.0,0,0,CleanAir,0.0,2026-09-18 23:36:43
145,3.06875,0.577,24550,4616,24550,4616,0.0,0,0,CleanAir,0.0,2026-09-18 23:36:43
146,3.05488,0.57775,24439,4622,24439,4622,0.0,0,0,CleanAir,0.0,2026-09-18 23:36:43
147,3.04188,0.5785,24335,4628,24335,4628,0.0,0,0,CleanAir,0.0,2026-09-18 23:36:44
148,3.00125,0.58113,24010,4649,24010,4649,0.0,0,0,CleanAir,0.0,2026-09-18 23:36:44
149,3.01588,0.5815,24127,4652,24127,4652,0.0,0,0,CleanAir,0.0,2026-09-18 23:36:44
150,2.9795,0.58075,23836,4646,23836,4646,0.0,0,0,CleanAir,0.0,2026-09-18 23:36:45
151,2.99238,0.57725,23939,4618,23939,4618,0.0,0,0,CleanAir,0.0,2026-09-18 23:36:45
152,2.95363,0.57663,23629,4613,23629,4613,0.0,0,0,CleanAir,0.0,2026-09-18 23:36:45
153,2.94175,0.5755,23534,4604,23534,4604,0.0,0,0,CleanAir,0.0,2026-09-18 23:36:46
154,2.93175,0.57838,23454,4627,23454,4627,0.0,0,0,CleanAir,0.0,2026-09-18 23:36:46
155,2.9485,0.57812,23588,4625,23588,4625,0.0,0,0,CleanAir,0.0,2026-09-18 23:36:46
156,2.91163,0.57588,23293,4607,23293,4607,0.0,0,0,CleanAir,0.0,2026-09-18 23:36:47
157,2.9295,0.57725,23436,4618,23436,4618,0.0,0,0,CleanAir,0.0,2026-09-18 23:36:47
158,2.89375,0.5775,23150,4620,23150,4620,0.0,0,0,CleanAir,0.0,2026-09-18 23:36:48
159,2.91113,0.5775,23289,4620,23289,4620,0.0,0,0,CleanAir,0.0,2026-09-18 23:36:48
160,2.87525,0.5765,23002,4612,23002,4612,0.0,0,0,CleanAir,0.0,2026-09-18 23:36:48
161,2.89325,0.57688,23146,4615,23146,4615,0.0,0,0,CleanAir,0.0,2026-09-18 23:36:49
162,2.85888,0.57825,22871,4626,22871,4626,0.0,0,0,CleanAir,0.0,2026-09-18 23:36:49
163,2.87713,0.57863,23017,4629,23017,4629,0.0,0,0,CleanAir,0.0,2026-09-18 23:36:49
164,2.86788,0.5765,22943,4612,22943,4612,0.0,0,0,CleanAir,0.0,2026-09-18 23:36:50
165,2.85838,0.57788,22867,4623,22867,4623,0.0,0,0,CleanAir,0.0,2026-09-18 23:36:50
166,2.854,0.57863,22832,4629,22832,4629,0.0,0,0,CleanAir,0.0,2026-09-18 23:36:50
167,2.83925,0.57875,22714,4630,22714,4630,0.0,0,0,CleanAir,0.0,2026-09-18 23:36:51
168,2.83925,0.57625,22714,4610,22714,4610,0.0,0,0,CleanAir,0.0,2026-09-18 23:36:51
169,2.82688,0.57788,22615,4623,22615,4623,0.0,0,0,CleanAir,0.0,2026-09-18 23:36:52
170,2.82725,0.57775,22618,4622,22618,4622,0.0,0,0,CleanAir,0.0,2026-09-18 23:36:52
171,2.79563,0.57738,22365,4619,22365,4619,0.0,0,0,CleanAir,0.0,2026-09-18 23:36:52
172,2.81525,0.58063,22522,4645,22522,4645,0.0,0,0,CleanAir,0.0,2026-09-18 23:36:53
173,2.80263,0.58138,22421,4651,22421,4651,0.0,0,0,CleanAir,0.0,2026-09-18 23:36:53
174,2.80363,0.58113,22429,4649,22429,4649,0.0,0,0,CleanAir,0.0,2026-09-18 23:36:53
175,2.77663,0.579,22213,4632,22213,4632,0.0,0,0,CleanAir,0.0,2026-09-18 23:36:54
176,2.79275,0.57863,22342,4629,22342,4629,0.0,0,0,CleanAir,0.0,2026-09-18 23:36:54
177,2.76363,0.57738,22109,4619,22109,4619,0.0,0,0,CleanAir,0.0,2026-09-18 23:36:54
178,2.78388,0.57675,22271,4614,22271,4614,0.0,0,0,CleanAir,0.0,2026-09-18 23:36:55
179,2.7725,0.57763,22180,4621,22180,4621,0.0,0,0,CleanAir,0.0,2026-09-18 23:36:56
180,2.76838,0.57838,22147,4627,22147,4627,0.0,0,0,CleanAir,0.0,2026-09-18 23:36:56
181,2.76363,0.58125,22109,4650,22109,4650,0.0,0,0,CleanAir,0.0,2026-09-18 23:36:56
182,2.75963,0.5785,22077,4628,22077,4628,0.0,0,0,CleanAir,0.0,2026-09-18 23:36:57
183,2.75663,0.5765,22053,4612,22053,4612,0.0,0,0,CleanAir,0.0,2026-09-18 23:36:57
184,2.75325,0.57825,22026,4626,22026,4626,0.0,0,0,CleanAir,0.0,2026-09-18 23:36:57
185,2.7235,0.5815,21788,4652,21788,4652,0.0,0,0,CleanAir,0.0,2026-09-18 23:36:58
186,2.74575,0.58125,21966,4650,21966,4650,0.0,0,0,CleanAir,0.0,2026-09-18 23:36:58
187,2.717,0.58113,21736,4649,21736,4649,0.0,0,0,CleanAir,0.0,2026-09-18 23:36:58
188,2.73925,0.5785,21914,4628,21914,4628,0.0,0,0,CleanAir,0.0,2026-09-18 23:36:59
189,2.714,0.58075,21712,4646,21712,4646,0.0,0,0,CleanAir,0.0,2026-09-18 23:36:59
190,2.70863,0.57638,21669,4611,21669,4611,0.0,0,0,CleanAir,0.0,2026-09-18 23:37:00
191,2.70675,0.57825,21654,4626,21654,4626,0.0,0,0,CleanAir,0.0,2026-09-18 23:37:00
192,2.72825,0.57763,21826,4621,21826,4621,0.0,0,0,CleanAir,0.0,2026-09-18 23:37:00
193,2.701,0.58088,21608,4647,21608,4647,0.0,0,0,CleanAir,0.0,2026-09-18 23:37:01
194,2.72325,0.58038,21786,4643,21786,4643,0.0,0,0,CleanAir,0.0,2026-09-18 23:37:01
195,2.695,0.581,21560,4648,21560,4648,0.0,0,0,CleanAir,0.0,2026-09-18 23:37:01
196,2.71813,0.57713,21745,4617,21745,4617,0.0,0,0,CleanAir,0.0,2026-09-18 23:37:02
197,2.69163,0.57788,21533,4623,21533,4623,0.0,0,0,CleanAir,0.0,2026-09-18 23:37:02
198,2.71425,0.57738,21714,4619,21714,4619,0.0,0,0,CleanAir,0.0,2026-09-18 23:37:02
199,2.68738,0.57812,21499,4625,21499,4625,0.0,0,0,CleanAir,0.0,2026-09-18 23:37:03
200,2.70988,0.57875,21679,4630,21679,4630,0.0,0,0,CleanAir,0.0,2026-09-18 23:37:03
201,2.6825,0.58138,21460,4651,21460,4651,0.0,0,0,CleanAir,0.0,2026-09-18 23:37:04
202,2.70463,0.57825,21637,4626,21637,4626,0.0,0,0,CleanAir,0.0,2026-09-18 23:37:04
203,2.70263,0.5815,21621,4652,21621,4652,0.0,0,0,CleanAir,0.0,2026-09-18 23:37:04
204,2.69988,0.58113,21599,4649,21599,4649,0.0,0,0,CleanAir,0.0,2026-09-18 23:37:05
205,2.67463,0.57625,21397,4610,21397,4610,0.0,0,0,CleanAir,0.0,2026-09-18 23:37:05
206,2.69725,0.57725,21578,4618,21578,4618,0.0,0,0,CleanAir,0.0,2026-09-18 23:37:05
207,2.69563,0.57625,21565,4610,21565,4610,0.0,0,0,CleanAir,0.0,2026-09-18 23:37:06
208,2.69488,0.578,21559,4624,21559,4624,0.0,0,0,CleanAir,0.0,2026-09-18 23:37:06
209,2.69338,0.57975,21547,4638,21547,4638,0.0,0,0,CleanAir,0.0,2026-09-18 23:37:07
210,2.69138,0.5775,21531,4620,21531,4620,0.0,0,0,CleanAir,0.0,2026-09-18 23:37:07
211,2.66563,0.577,21325,4616,21325,4616,0.0,0,0,CleanAir,0.0,2026-09-18 23:37:07
212,2.6645,0.58063,21316,4645,21316,4645,0.0,0,0,CleanAir,0.0,2026-09-18 23:37:08
213,2.687,0.58125,21496,4650,21496,4650,0.0,0,0,CleanAir,0.0,2026-09-18 23:37:08
214,2.66113,0.57888,21289,4631,21289,4631,0.0,0,0,CleanAir,0.0,2026-09-18 23:37:08
215,2.6845,0.57763,21476,4621,21476,4621,0.0,0,0,CleanAir,0.0,2026-09-18 23:37:09
216,2.6845,0.57763,21476,4621,21476,4621,0.0,0,0,CleanAir,0.0,2026-09-18 23:37:09
217,2.683,0.57663,21464,4613,21464,4613,0.0,0,0,CleanAir,0.0,2026-09-18 23:37:10
218,2.66913,0.57838,21353,4627,21353,4627,0.0,0,0,CleanAir,0.0,2026-09-18 23:37:10
219,2.6815,0.57788,21452,4623,21452,4623,0.0,0,0,CleanAir,0.0,2026-09-18 23:37:10
220,2.67,0.58013,21360,4641,21360,4641,0.0,0,0,CleanAir,0.0,2026-09-18 23:37:11
221,2.67813,0.5775,21425,4620,21425,4620,0.0,0,0,CleanAir,0.0,2026-09-18 23:37:11
222,2.67613,0.57625,21409,4610,21409,4610,0.0,0,0,CleanAir,0.0,2026-09-18 23:37:11
223,2.67688,0.57588,21415,4607,21415,4607,0.0,0,0,CleanAir,0.0,2026-09-18 23:37:12
224,2.67063,0.5765,21365,4612,21365,4612,0.0,0,0,CleanAir,0.0,2026-09-18 23:37:12
225,2.67575,0.57788,21406,4623,21406,4623,0.0,0,0,CleanAir,0.0,2026-09-18 23:37:13
226,2.65025,0.58138,21202,4651,21202,4651,0.0,0,0,CleanAir,0.0,2026-09-18 23:37:13
227,2.67388,0.58063,21391,4645,21391,4645,0.0,0,0,CleanAir,0.0,2026-09-18 23:37:13
228,2.64838,0.57588,21187,4607,21187,4607,0.0,0,0,CleanAir,0.0,2026-09-18 23:37:14
229,2.672,0.58113,21376,4649,21376,4649,0.0,0,0,CleanAir,0.0,2026-09-18 23:37:14
230,2.6715,0.57738,21372,4619,21372,4619,0.0,0,0,CleanAir,0.0,2026-09-18 23:37:15
231,2.6705,0.57888,21364,4631,21364,4631,0.0,0,0,CleanAir,0.0,2026-09-18 23:37:15
232,2.67025,0.57825,21362,4626,21362,4626,0.0,0,0,CleanAir,0.0,2026-09-18 23:37:15
233,2.66875,0.58138,21350,4651,21350,4651,0.0,0,0,CleanAir,0.0,2026-09-18 23:37:16
234,2.66813,0.57725,21345,4618,21345,4618,0.0,0,0,CleanAir,0.0,2026-09-18 23:37:16
235,2.658,0.58075,21264,4646,21264,4646,0.0,0,0,CleanAir,0.0,2026-09-18 23:37:17
236,2.66638,0.58075,21331,4646,21331,4646,0.0,0,0,CleanAir,0.0,2026-09-18 23:37:17
237,2.64438,0.58088,21155,4647,21155,4647,0.0,0,0,CleanAir,0.0,2026-09-18 23:37:17
238,2.64025,0.5775,21122,4620,21122,4620,0.0,0,0,CleanAir,0.0,2026-09-18 23:37:18
239,2.64025,0.57738,21122,4619,21122,4619,0.0,0,0,CleanAir,0.0,2026-09-18 23:37:18
240,2.66488,0.57825,21319,4626,21319,4626,0.0,0,0,CleanAir,0.0,2026-09-18 23:37:19
241,2.6425,0.58113,21140,4649,21140,4649,0.0,0,0,CleanAir,0.0,2026-09-18 23:37:19
242,2.63988,0.57838,21119,4627,21119,4627,0.0,0,0,CleanAir,0.0,2026-09-18 23:37:19
243,2.66238,0.57763,21299,4621,21299,4621,0.0,0,0,CleanAir,0.0,2026-09-18 23:37:20
244,2.63825,0.576,21106,4608,21106,4608,0.0,0,0,CleanAir,0.0,2026-09-18 23:37:20
245,2.6385,0.5815,21108,4652,21108,4652,0.0,0,0,CleanAir,0.0,2026-09-18 23:37:21
246,2.66175,0.57925,21294,4634,21294,4634,0.0,0,0,CleanAir,0.0,2026-09-18 23:37:21
247,2.63825,0.57763,21106,4621,21106,4621,0.0,0,0,CleanAir,0.0,2026-09-18 23:37:21
248,2.66138,0.5775,21291,4620,21291,4620,0.0,0,0,CleanAir,0.0,2026-09-18 23:37:22
249,2.65075,0.5765,21206,4612,21206,4612,0.0,0,0,CleanAir,0.0,2026-09-18 23:37:22
0,2.52613,0.58175,20209,4654,20209,4654,3.3,255,0,CleanAir,0.0,2026-09-18 23:37:23
1,2.52838,0.58175,20227,4654,20227,4654,3.3,255,0,CleanAir,0.0,2026-09-18 23:37:23
2,2.59625,0.58038,20770,4643,20770,4643,3.3,255,0,CleanAir,0.0,2026-09-18 23:37:23
3,2.60363,0.58138,20829,4651,20829,4651,3.3,255,0,CleanAir,0.0,2026-09-18 23:37:24
4,2.64525,0.58538,21162,4683,21162,4683,3.3,255,0,CleanAir,0.0,2026-09-18 23:37:24
5,2.69788,0.58588,21583,4687,21583,4687,3.3,255,0,CleanAir,0.0,2026-09-18 23:37:25
6,2.69938,0.58575,21595,4686,21595,4686,3.3,255,0,CleanAir,0.0,2026-09-18 23:37:25
7,2.74988,0.58588,21999,4687,21999,4687,3.3,255,0,CleanAir,0.0,2026-09-18 23:37:25
8,2.75263,0.58538,22021,4683,22021,4683,3.3,255,0,CleanAir,0.0,2026-09-18 23:37:26
9,2.79613,0.58525,22369,4682,22369,4682,3.3,255,0,CleanAir,0.0,2026-09-18 23:37:26
10,2.793,0.584,22344,4672,22344,4672,3.3,255,0,CleanAir,0.0,2026-09-18 23:37:26
11,2.83975,0.58175,22718,4654,22718,4654,3.3,255,0,CleanAir,0.0,2026-09-18 23:37:27
12,2.8595,0.58525,22876,4682,22876,4682,3.3,255,0,CleanAir,0.0,2026-09-18 23:37:27
13,2.86,0.58525,22880,4682,22880,4682,3.3,255,0,CleanAir,0.0,2026-09-18 23:37:28
14,2.87713,0.58025,23017,4642,23017,4642,3.3,255,0,CleanAir,0.0,2026-09-18 23:37:28
15,2.93075,0.58288,23446,4663,23446,4663,3.3,255,0,CleanAir,0.0,2026-09-18 23:37:29
16,2.91788,0.58363,23343,4669,23343,4669,3.3,255,0,CleanAir,0.0,2026-09-18 23:37:29
17,2.95988,0.58313,23679,4665,23679,4665,3.3,255,0,CleanAir,0.0,2026-09-18 23:37:29
18,2.945,0.58563,23560,4685,23560,4685,3.3,255,0,CleanAir,0.0,2026-09-18 23:37:30
19,2.9855,0.58538,23884,4683,23884,4683,3.3,255,0,CleanAir,0.0,2026-09-18 23:37:30
20,2.9735,0.58338,23788,4667,23788,4667,3.3,255,0,CleanAir,0.0,2026-09-18 23:37:30
21,3.0095,0.5855,24076,4684,24076,4684,3.3,255,0,CleanAir,0.0,2026-09-18 23:37:31
22,2.993,0.58588,23944,4687,23944,4687,3.3,255,0,CleanAir,0.0,2026-09-18 23:37:31
23,3.03063,0.5855,24245,4684,24245,4684,3.3,255,0,CleanAir,0.0,2026-09-18 23:37:32
24,3.0125,0.58575,24100,4686,24100,4686,3.3,255,0,CleanAir,0.0,2026-09-18 23:37:32
25,3.04975,0.583,24398,4664,24398,4664,3.3,255,0,CleanAir,0.0,2026-09-18 23:37:32
26,3.03188,0.58538,24255,4683,24255,4683,3.3,255,0,CleanAir,0.0,2026-09-18 23:37:33
27,3.06813,0.58275,24545,4662,24545,4662,3.3,255,0,CleanAir,0.0,2026-09-18 23:37:33
28,3.0745,0.5845,24596,4676,24596,4676,3.3,255,0,CleanAir,0.0,2026-09-18 23:37:33
29,3.084,0.583,24672,4664,24672,4664,3.3,255,0,CleanAir,0.0,2026-09-18 23:37:34
30,3.06325,0.58088,24506,4647,24506,4647,3.3,255,0,CleanAir,0.0,2026-09-18 23:37:34
31,3.0995,0.58113,24796,4649,24796,4649,3.3,255,0,CleanAir,0.0,2026-09-18 23:37:34
32,3.07725,0.58188,24618,4655,24618,4655,3.3,255,0,CleanAir,0.0,2026-09-18 23:37:35
33,3.11313,0.58188,24905,4655,24905,4655,3.3,255,0,CleanAir,0.0,2026-09-18 23:37:35
34,3.09,0.58175,24720,4654,24720,4654,3.3,255,0,CleanAir,0.0,2026-09-18 23:37:35
35,3.12475,0.58388,24998,4671,24998,4671,3.3,255,0,CleanAir,0.0,2026-09-18 23:37:36
36,3.10663,0.58075,24853,4646,24853,4646,3.3,255,0,CleanAir,0.0,2026-09-18 23:37:36
37,3.1065,0.582,24852,4656,24852,4656,3.3,255,0,CleanAir,0.0,2026-09-18 23:37:37
38,3.14088,0.58613,25127,4689,25127,4689,3.3,255,0,CleanAir,0.0,2026-09-18 23:37:37
39,3.14613,0.5805,25169,4644,25169,4644,3.3,255,0,CleanAir,0.0,2026-09-18 23:37:37
40,3.15063,0.58313,25205,4665,25205,4665,3.3,255,0,CleanAir,0.0,2026-09-18 23:37:38
41,3.15475,0.58175,25238,4654,25238,4654,3.3,255,0,CleanAir,0.0,2026-09-18 23:37:38
42,3.15913,0.58088,25273,4647,25273,4647,3.3,255,0,CleanAir,0.0,2026-09-18 23:37:38
43,3.13438,0.5825,25075,4660,25075,4660,3.3,255,0,CleanAir,0.0,2026-09-18 23:37:39
44,3.16725,0.58163,25338,4653,25338,4653,3.3,255,0,CleanAir,0.0,2026-09-18 23:37:39
45,3.17075,0.58563,25366,4685,25366,4685,3.3,255,0,CleanAir,0.0,2026-09-18 23:37:39
46,3.14475,0.58425,25158,4674,25158,4674,3.3,255,0,CleanAir,0.0,2026-09-18 23:37:40
47,3.17775,0.58363,25422,4669,25422,4669,3.3,255,0,CleanAir,0.0,2026-09-18 23:37:40
48,3.15163,0.58313,25213,4665,25213,4665,3.3,255,0,CleanAir,0.0,2026-09-18 23:37:41
49,3.18588,0.58263,25487,4661,25487,4661,3.3,255,0,CleanAir,0.0,2026-09-18 23:37:41
50,3.16163,0.58225,25293,4658,25293,4658,3.3,255,0,CleanAir,0.0,2026-09-18 23:37:41
51,3.16188,0.58313,25295,4665,25295,4665,3.3,255,0,CleanAir,0.0,2026-09-18 23:37:42
52,3.16413,0.5825,25313,4660,25313,4660,3.3,255,0,CleanAir,0.0,2026-09-18 23:37:42
53,3.19625,0.58375,25570,4670,25570,4670,3.3,255,0,CleanAir,0.0,2026-09-18 23:37:43
54,3.16925,0.58625,25354,4690,25354,4690,3.3,255,0,CleanAir,0.0,2026-09-18 23:37:43
55,3.20025,0.58375,25602,4670,25602,4670,3.3,255,0,CleanAir,0.0,2026-09-18 23:37:43
56,3.2025,0.58563,25620,4685,25620,4685,3.3,255,0,CleanAir,0.0,2026-09-18 23:37:44
57,3.17513,0.58488,25401,4679,25401,4679,3.3,255,0,CleanAir,0.0,2026-09-18 23:37:44
58,3.20675,0.582,25654,4656,25654,4656,3.3,255,0,CleanAir,0.0,2026-09-18 23:37:44
59,3.179,0.5825,25432,4660,25432,4660,3.3,255,0,CleanAir,0.0,2026-09-18 23:37:45
60,3.18013,0.58088,25441,4647,25441,4647,3.3,255,0,CleanAir,0.0,2026-09-18 23:37:45
61,3.1825,0.58113,25460,4649,25460,4649,3.3,255,0,CleanAir,0.0,2026-09-18 23:37:45
62,3.21338,0.58263,25707,4661,25707,4661,3.3,255,0,CleanAir,0.0,2026-09-18 23:37:46
63,3.18488,0.58113,25479,4649,25479,4649,3.3,255,0,CleanAir,0.0,2026-09-18 23:37:46
64,3.21725,0.5825,25738,4660,25738,4660,3.3,255,0,CleanAir,0.0,2026-09-18 23:37:47
65,3.188,0.58113,25504,4649,25504,4649,3.3,255,0,CleanAir,0.0,2026-09-18 23:37:47
66,3.21938,0.58163,25755,4653,25755,4653,3.3,255,0,CleanAir,0.0,2026-09-18 23:37:47
67,3.22113,0.58325,25769,4666,25769,4666,3.3,255,0,CleanAir,0.0,2026-09-18 23:37:48
68,3.22225,0.5855,25778,4684,25778,4684,3.3,255,0,CleanAir,0.0,2026-09-18 23:37:48
69,3.2235,0.58113,25788,4649,25788,4649,3.3,255,0,CleanAir,0.0,2026-09-18 23:37:49
70,3.22475,0.58288,25798,4663,25798,4663,3.3,255,0,CleanAir,0.0,2026-09-18 23:37:49
71,3.22588,0.58225,25807,4658,25807,4658,3.3,255,0,CleanAir,0.0,2026-09-18 23:37:49
72,3.22725,0.583,25818,4664,25818,4664,3.3,255,0,CleanAir,0.0,2026-09-18 23:37:50
73,3.20313,0.5855,25625,4684,25625,4684,3.3,255,0,CleanAir,0.0,2026-09-18 23:37:50
74,3.22863,0.586,25829,4688,25829,4688,3.3,255,0,CleanAir,0.0,2026-09-18 23:37:51
75,3.19888,0.58588,25591,4687,25591,4687,3.3,255,0,CleanAir,0.0,2026-09-18 23:37:51
76,3.20075,0.58225,25606,4658,25606,4658,3.3,255,0,CleanAir,0.0,2026-09-18 23:37:51
77,3.22275,0.583,25782,4664,25782,4664,3.3,255,0,CleanAir,0.0,2026-09-18 23:37:52
78,3.23088,0.58625,25847,4690,25847,4690,3.3,255,0,CleanAir,0.0,2026-09-18 23:37:52
79,3.20313,0.58538,25625,4683,25625,4683,3.3,255,0,CleanAir,0.0,2026-09-18 23:37:52
80,3.23263,0.58313,25861,4665,25861,4665,3.3,255,0,CleanAir,0.0,2026-09-18 23:37:53
81,3.20238,0.58088,25619,4647,25619,4647,3.3,255,0,CleanAir,0.0,2026-09-18 23:37:53
82,3.23438,0.58213,25875,4657,25875,4657,3.3,255,0,CleanAir,0.0,2026-09-18 23:37:54
83,3.2315,0.5845,25852,4676,25852,4676,3.3,255,0,CleanAir,0.0,2026-09-18 23:37:54
84,3.23475,0.58575,25878,4686,25878,4686,3.3,255,0,CleanAir,0.0,2026-09-18 23:37:54
85,3.22825,0.585,25826,4680,25826,4680,3.3,255,0,CleanAir,0.0,2026-09-18 23:37:55
86,3.23588,0.586,25887,4688,25887,4688,3.3,255,0,CleanAir,0.0,2026-09-18 23:37:55
87,3.20713,0.58188,25657,4655,25657,4655,3.3,255,0,CleanAir,0.0,2026-09-18 23:37:55
88,3.23625,0.58238,25890,4659,25890,4659,3.3,255,0,CleanAir,0.0,2026-09-18 23:37:56
89,3.23663,0.582,25893,4656,25893,4656,3.3,255,0,CleanAir,0.0,2026-09-18 23:37:56
90,3.2075,0.58425,25660,4674,25660,4674,3.3,255,0,CleanAir,0.0,2026-09-18 23:37:57
91,3.23825,0.58563,25906,4685,25906,4685,3.3,255,0,CleanAir,0.0,2026-09-18 23:37:57
92,3.23163,0.5815,25853,4652,25853,4652,3.3,255,0,CleanAir,0.0,2026-09-18 23:37:57
93,3.239,0.58313,25912,4665,25912,4665,3.3,255,0,CleanAir,0.0,2026-09-18 23:37:58
94,3.2395,0.58338,25916,4667,25916,4667,3.3,255,0,CleanAir,0.0,2026-09-18 23:37:58
95,3.23925,0.58613,25914,4689,25914,4689,3.3,255,0,CleanAir,0.0,2026-09-18 23:37:58
96,3.2095,0.586,25676,4688,25676,4688,3.3,255,0,CleanAir,0.0,2026-09-18 23:37:59
97,3.23938,0.583,25915,4664,25915,4664,3.3,255,0,CleanAir,0.0,2026-09-18 23:37:59
98,3.20938,0.58263,25675,4661,25675,4661,3.3,255,0,CleanAir,0.0,2026-09-18 23:37:59
99,3.24,0.5855,25920,4684,25920,4684,3.3,255,0,CleanAir,0.0,2026-09-18 23:38:00
100,3.24113,0.58263,25929,4661,25929,4661,3.3,255,0,CleanAir,0.0,2026-09-18 23:38:00
101,3.24113,0.58525,25929,4682,25929,4682,3.3,255,0,CleanAir,0.0,2026-09-18 23:38:01
102,3.21713,0.58563,25737,4685,25737,4685,3.3,255,0,CleanAir,0.0,2026-09-18 23:38:01
103,3.213,0.582,25704,4656,25704,4656,3.3,255,0,CleanAir,0.0,2026-09-18 23:38:01
104,3.23838,0.58588,25907,4687,25907,4687,3.3,255,0,CleanAir,0.0,2026-09-18 23:38:02
105,3.24125,0.586,25930,4688,25930,4688,3.3,255,0,CleanAir,0.0,2026-09-18 23:38:02
106,3.21613,0.58238,25729,4659,25729,4659,3.3,255,0,CleanAir,0.0,2026-09-18 23:38:02
107,3.242,0.58125,25936,4650,25936,4650,3.3,255,0,CleanAir,0.0,2026-09-18 23:38:03
108,3.24175,0.58588,25934,4687,25934,4687,3.3,255,0,CleanAir,0.0,2026-09-18 23:38:03
109,3.24238,0.58588,25939,4687,25939,4687,3.3,255,0,CleanAir,0.0,2026-09-18 23:38:04
110,3.22538,0.586,25803,4688,25803,4688,3.3,255,0,CleanAir,0.0,2026-09-18 23:38:04
111,3.2425,0.58313,25940,4665,25940,4665,3.3,255,0,CleanAir,0.0,2026-09-18 23:38:04
112,3.21288,0.58325,25703,4666,25703,4666,3.3,255,0,CleanAir,0.0,2026-09-18 23:38:05
113,3.2435,0.58238,25948,4659,25948,4659,3.3,255,0,CleanAir,0.0,2026-09-18 23:38:06
114,3.21288,0.58138,25703,4651,25703,4651,3.3,255,0,CleanAir,0.0,2026-09-18 23:38:06
115,3.24325,0.58538,25946,4683,25946,4683,3.3,255,0,CleanAir,0.0,2026-09-18 23:38:06
116,3.24288,0.58525,25943,4682,25943,4682,3.3,255,0,CleanAir,0.0,2026-09-18 23:38:07
117,3.2435,0.58175,25948,4654,25948,4654,3.3,255,0,CleanAir,0.0,2026-09-18 23:38:07
118,3.21838,0.58175,25747,4654,25747,4654,3.3,255,0,CleanAir,0.0,2026-09-18 23:38:08
119,3.24313,0.58188,25945,4655,25945,4655,3.3,255,0,CleanAir,0.0,2026-09-18 23:38:08
120,3.21838,0.58225,25747,4658,25747,4658,3.3,255,0,CleanAir,0.0,2026-09-18 23:38:08
121,3.21263,0.58338,25701,4667,25701,4667,3.3,255,0,CleanAir,0.0,2026-09-18 23:38:09
122,3.21325,0.58288,25706,4663,25706,4663,3.3,255,0,CleanAir,0.0,2026-09-18 23:38:09
123,3.21363,0.58575,25709,4686,25709,4686,3.3,255,0,CleanAir,0.0,2026-09-18 23:38:10
124,3.243,0.58338,25944,4667,25944,4667,3.3,255,0,CleanAir,0.0,2026-09-18 23:38:10
125,3.41775,0.57763,27342,4621,27342,4621,0.0,0,0,CleanAir,0.0,2026-09-18 23:38:10
126,3.43113,0.57663,27449,4613,27449,4613,0.0,0,0,CleanAir,0.0,2026-09-18 23:38:11
127,3.37663,0.5765,27013,4612,27013,4612,0.0,0,0,CleanAir,0.0,2026-09-18 23:38:11
128,3.38363,0.577,27069,4616,27069,4616,0.0,0,0,CleanAir,0.0,2026-09-18 23:38:11
129,3.34188,0.57675,26735,4614,26735,4614,0.0,0,0,CleanAir,0.0,2026-09-18 23:38:12
130,3.33875,0.57725,26710,4618,26710,4618,0.0,0,0,CleanAir,0.0,2026-09-18 23:38:12
131,3.28813,0.57663,26305,4613,26305,4613,0.0,0,0,CleanAir,0.0,2026-09-18 23:38:13
132,3.28275,0.58175,26262,4654,26262,4654,0.0,0,0,CleanAir,0.0,2026-09-18 23:38:13
133,3.267,0.58163,26136,4653,26136,4653,0.0,0,0,CleanAir,0.0,2026-09-18 23:38:13
134,3.24225,0.58038,25938,4643,25938,4643,0.0,0,0,CleanAir,0.0,2026-09-18 23:38:14
135,3.229,0.57725,25832,4618,25832,4618,0.0,0,0,CleanAir,0.0,2026-09-18 23:38:14
136,3.211,0.57863,25688,4629,25688,4629,0.0,0,0,CleanAir,0.0,2026-09-18 23:38:14
137,3.19238,0.5785,25539,4628,25539,4628,0.0,0,0,CleanAir,0.0,2026-09-18 23:38:15
138,3.175,0.57863,25400,4629,25400,4629,0.0,0,0,CleanAir,0.0,2026-09-18 23:38:15
139,3.15763,0.58113,25261,4649,25261,4649,0.0,0,0,CleanAir,0.0,2026-09-18 23:38:16
140,3.141,0.58138,25128,4651,25128,4651,0.0,0,0,CleanAir,0.0,2026-09-18 23:38:16
141,3.12463,0.58038,24997,4643,24997,4643,0.0,0,0,CleanAir,0.0,2026-09-18 23:38:16
142,3.0815,0.57638,24652,4611,24652,4611,0.0,0,0,CleanAir,0.0,2026-09-18 23:38:17
143,3.08163,0.57763,24653,4621,24653,4621,0.0,0,0,CleanAir,0.0,2026-09-18 23:38:17
144,3.08038,0.578,24643,4624,24643,4624,0.0,0,0,CleanAir,0.0,2026-09-18 23:38:17
145,3.038,0.58138,24304,4651,24304,4651,0.0,0,0,CleanAir,0.0,2026-09-18 23:38:18
146,3.05213,0.58138,24417,4651,24417,4651,0.0,0,0,CleanAir,0.0,2026-09-18 23:38:18
147,3.03875,0.58125,24310,4650,24310,4650,0.0,0,0,CleanAir,0.0,2026-09-18 23:38:18
148,3.02575,0.57925,24206,4634,24206,4634,0.0,0,0,CleanAir,0.0,2026-09-18 23:38:19
149,2.9865,0.58163,23892,4653,23892,4653,0.0,0,0,CleanAir,0.0,2026-09-18 23:38:19
150,3.001,0.5795,24008,4636,24008,4636,0.0,0,0,CleanAir,0.0,2026-09-18 23:38:19
151,2.9615,0.57938,23692,4635,23692,4635,0.0,0,0,CleanAir,0.0,2026-09-18 23:38:20
152,2.97163,0.58113,23773,4649,23773,4649,0.0,0,0,CleanAir,0.0,2026-09-18 23:38:20
153,2.93388,0.58138,23471,4651,23471,4651,0.0,0,0,CleanAir,0.0,2026-09-18 23:38:21
154,2.923,0.57975,23384,4638,23384,4638,0.0,0,0,CleanAir,0.0,2026-09-18 23:38:21
155,2.91338,0.57638,23307,4611,23307,4611,0.0,0,0,CleanAir,0.0,2026-09-18 23:38:21
156,2.93075,0.58025,23446,4642,23446,4642,0.0,0,0,CleanAir,0.0,2026-09-18 23:38:22
157,2.90925,0.57863,23274,4629,23274,4629,0.0,0,0,CleanAir,0.0,2026-09-18 23:38:22
158,2.91125,0.58088,23290,4647,23290,4647,0.0,0,0,CleanAir,0.0,2026-09-18 23:38:23
159,2.87475,0.581,22998,4648,22998,4648,0.0,0,0,CleanAir,0.0,2026-09-18 23:38:23
160,2.89375,0.58075,23150,4646,23150,4646,0.0,0,0,CleanAir,0.0,2026-09-18 23:38:23
161,2.877,0.58075,23016,4646,23016,4646,0.0,0,0,CleanAir,0.0,2026-09-18 23:38:24
162,2.87463,0.5815,22997,4652,22997,4652,0.0,0,0,CleanAir,0.0,2026-09-18 23:38:24
163,2.84075,0.58075,22726,4646,22726,4646,0.0,0,0,CleanAir,0.0,2026-09-18 23:38:24
164,2.85925,0.5815,22874,4652,22874,4652,0.0,0,0,CleanAir,0.0,2026-09-18 23:38:25
165,2.826,0.58038,22608,4643,22608,4643,0.0,0,0,CleanAir,0.0,2026-09-18 23:38:25
166,2.84463,0.57775,22757,4622,22757,4622,0.0,0,0,CleanAir,0.0,2026-09-18 23:38:25
167,2.81338,0.58025,22507,4642,22507,4642,0.0,0,0,CleanAir,0.0,2026-09-18 23:38:26
168,2.83213,0.57738,22657,4619,22657,4619,0.0,0,0,CleanAir,0.0,2026-09-18 23:38:26
169,2.823,0.57738,22584,4619,22584,4619,0.0,0,0,CleanAir,0.0,2026-09-18 23:38:27
170,2.814,0.5775,22512,4620,22512,4620,0.0,0,0,CleanAir,0.0,2026-09-18 23:38:27
171,2.80238,0.57913,22419,4633,22419,4633,0.0,0,0,CleanAir,0.0,2026-09-18 23:38:28
172,2.7975,0.57713,22380,4617,22380,4617,0.0,0,0,CleanAir,0.0,2026-09-18 23:38:28
173,2.79175,0.57812,22334,4625,22334,4625,0.0,0,0,CleanAir,0.0,2026-09-18 23:38:29
174,2.78663,0.58125,22293,4650,22293,4650,0.0,0,0,CleanAir,0.0,2026-09-18 23:38:29
175,2.75638,0.5765,22051,4612,22051,4612,0.0,0,0,CleanAir,0.0,2026-09-18 23:38:29
176,2.77738,0.57725,22219,4618,22219,4618,0.0,0,0,CleanAir,0.0,2026-09-18 23:38:30
177,2.77075,0.57888,22166,4631,22166,4631,0.0,0,0,CleanAir,0.0,2026-09-18 23:38:30
178,2.68288,0.57938,21463,4635,21463,4635,0.0,0,0,CleanAir,0.0,2026-09-18 23:38:31
179,2.7415,0.58075,21932,4646,21932,4646,0.0,0,0,CleanAir,0.0,2026-09-18 23:38:31
180,2.732,0.57763,21856,4621,21856,4621,0.0,0,0,CleanAir,0.0,2026-09-18 23:38:31
181,2.75413,0.578,22033,4624,22033,4624,0.0,0,0,CleanAir,0.0,2026-09-18 23:38:32
182,2.75063,0.578,22005,4624,22005,4624,0.0,0,0,CleanAir,0.0,2026-09-18 23:38:32
183,2.74638,0.581,21971,4648,21971,4648,0.0,0,0,CleanAir,0.0,2026-09-18 23:38:33
184,2.74188,0.58063,21935,4645,21935,4645,0.0,0,0,CleanAir,0.0,2026-09-18 23:38:33
185,2.72225,0.57812,21778,4625,21778,4625,0.0,0,0,CleanAir,0.0,2026-09-18 23:38:33
186,2.73675,0.5775,21894,4620,21894,4620,0.0,0,0,CleanAir,0.0,2026-09-18 23:38:34
187,2.7085,0.576,21668,4608,21668,4608,0.0,0,0,CleanAir,0.0,2026-09-18 23:38:34
188,2.73075,0.57725,21846,4618,21846,4618,0.0,0,0,CleanAir,0.0,2026-09-18 23:38:34
189,2.721,0.58025,21768,4642,21768,4642,0.0,0,0,CleanAir,0.0,2026-09-18 23:38:35
190,2.72475,0.57675,21798,4614,21798,4614,0.0,0,0,CleanAir,0.0,2026-09-18 23:38:35
191,2.72088,0.58113,21767,4649,21767,4649,0.0,0,0,CleanAir,0.0,2026-09-18 23:38:36
192,2.71775,0.57625,21742,4610,21742,4610,0.0,0,0,CleanAir,0.0,2026-09-18 23:38:36
193,2.69938,0.57588,21595,4607,21595,4607,0.0,0,0,CleanAir,0.0,2026-09-18 23:38:36
194,2.71325,0.57638,21706,4611,21706,4611,0.0,0,0,CleanAir,0.0,2026-09-18 23:38:37
195,2.69363,0.57663,21549,4613,21549,4613,0.0,0,0,CleanAir,0.0,2026-09-18 23:38:37
196,2.683,0.57812,21464,4625,21464,4625,0.0,0,0,CleanAir,0.0,2026-09-18 23:38:37
197,2.7065,0.57988,21652,4639,21652,4639,0.0,0,0,CleanAir,0.0,2026-09-18 23:38:38
198,2.68025,0.578,21442,4624,21442,4624,0.0,0,0,CleanAir,0.0,2026-09-18 23:38:38
199,2.70225,0.57738,21618,4619,21618,4619,0.0,0,0,CleanAir,0.0,2026-09-18 23:38:39
200,2.69888,0.58138,21591,4651,21591,4651,0.0,0,0,CleanAir,0.0,2026-09-18 23:38:39
201,2.69738,0.5775,21579,4620,21579,4620,0.0,0,0,CleanAir,0.0,2026-09-18 23:38:40
202,2.67113,0.57788,21369,4623,21369,4623,0.0,0,0,CleanAir,0.0,2026-09-18 23:38:40
203,2.6935,0.57913,21548,4633,21548,4633,0.0,0,0,CleanAir,0.0,2026-09-18 23:38:40
204,2.66675,0.58075,21334,4646,21334,4646,0.0,0,0,CleanAir,0.0,2026-09-18 23:38:41
205,2.68475,0.57625,21478,4610,21478,4610,0.0,0,0,CleanAir,0.0,2026-09-18 23:38:41
206,2.68763,0.57925,21501,4634,21501,4634,0.0,0,0,CleanAir,0.0,2026-09-18 23:38:42
207,2.66163,0.57713,21293,4617,21293,4617,0.0,0,0,CleanAir,0.0,2026-09-18 23:38:42
208,2.68488,0.57775,21479,4622,21479,4622,0.0,0,0,CleanAir,0.0,2026-09-18 23:38:43
209,2.67925,0.57888,21434,4631,21434,4631,0.0,0,0,CleanAir,0.0,2026-09-18 23:38:43
210,2.6825,0.57788,21460,4623,21460,4623,0.0,0,0,CleanAir,0.0,2026-09-18 23:38:43
211,2.65625,0.57575,21250,4606,21250,4606,0.0,0,0,CleanAir,0.0,2026-09-18 23:38:44
212,2.6775,0.57663,21420,4613,21420,4613,0.0,0,0,CleanAir,0.0,2026-09-18 23:38:44
213,2.67913,0.579,21433,4632,21433,4632,0.0,0,0,CleanAir,0.0,2026-09-18 23:38:44
214,2.65363,0.57788,21229,4623,21229,4623,0.0,0,0,CleanAir,0.0,2026-09-18 23:38:45
215,2.64838,0.5805,21187,4644,21187,4644,0.0,0,0,CleanAir,0.0,2026-09-18 23:38:47
216,2.672,0.57838,21376,4627,21376,4627,0.0,0,0,CleanAir,0.0,2026-09-18 23:38:47
217,2.64688,0.57888,21175,4631,21175,4631,0.0,0,0,CleanAir,0.0,2026-09-18 23:38:48
218,2.67,0.57788,21360,4623,21360,4623,0.0,0,0,CleanAir,0.0,2026-09-18 23:38:48
219,2.64488,0.57925,21159,4634,21159,4634,0.0,0,0,CleanAir,0.0,2026-09-18 23:38:48
220,2.66825,0.57812,21346,4625,21346,4625,0.0,0,0,CleanAir,0.0,2026-09-18 23:38:49
221,2.66775,0.57963,21342,4637,21342,4637,0.0,0,0,CleanAir,0.0,2026-09-18 23:38:49
222,2.66675,0.57738,21334,4619,21334,4619,0.0,0,0,CleanAir,0.0,2026-09-18 23:38:50
223,2.6665,0.57825,21332,4626,21332,4626,0.0,0,0,CleanAir,0.0,2026-09-18 23:38:50
224,2.66513,0.58125,21321,4650,21321,4650,0.0,0,0,CleanAir,0.0,2026-09-18 23:38:51
225,2.6645,0.57713,21316,4617,21316,4617,0.0,0,0,CleanAir,0.0,2026-09-18 23:38:51
226,2.66413,0.57688,21313,4615,21313,4615,0.0,0,0,CleanAir,0.0,2026-09-18 23:38:52
227,2.66313,0.58113,21305,4649,21305,4649,0.0,0,0,CleanAir,0.0,2026-09-18 23:38:52
228,2.66225,0.57588,21298,4607,21298,4607,0.0,0,0,CleanAir,0.0,2026-09-18 23:38:52
229,2.63813,0.57763,21105,4621,21105,4621,0.0,0,0,CleanAir,0.0,2026-09-18 23:38:53
230,2.63675,0.57625,21094,4610,21094,4610,0.0,0,0,CleanAir,0.0,2026-09-18 23:38:53
231,2.63738,0.57812,21099,4625,21099,4625,0.0,0,0,CleanAir,0.0,2026-09-18 23:38:54
232,2.63625,0.58113,21090,4649,21090,4649,0.0,0,0,CleanAir,0.0,2026-09-18 23:38:54
233,2.6595,0.57788,21276,4623,21276,4623,0.0,0,0,CleanAir,0.0,2026-09-18 23:38:54
234,2.66,0.57625,21280,4610,21280,4610,0.0,0,0,CleanAir,0.0,2026-09-18 23:38:55
235,2.65175,0.57812,21214,4625,21214,4625,0.0,0,0,CleanAir,0.0,2026-09-18 23:38:55
236,2.658,0.581,21264,4648,21264,4648,0.0,0,0,CleanAir,0.0,2026-09-18 23:38:55
237,2.63463,0.578,21077,4624,21077,4624,0.0,0,0,CleanAir,0.0,2026-09-18 23:38:56
238,2.65825,0.578,21266,4624,21266,4624,0.0,0,0,CleanAir,0.0,2026-09-18 23:38:56
239,2.63413,0.57775,21073,4622,21073,4622,0.0,0,0,CleanAir,0.0,2026-09-18 23:38:57
240,2.6575,0.5785,21260,4628,21260,4628,0.0,0,0,CleanAir,0.0,2026-09-18 23:38:57
241,2.63188,0.58025,21055,4642,21055,4642,0.0,0,0,CleanAir,0.0,2026-09-18 23:38:57
242,2.6555,0.58013,21244,4641,21244,4641,0.0,0,0,CleanAir,0.0,2026-09-18 23:38:58
243,2.64463,0.5765,21157,4612,21157,4612,0.0,0,0,CleanAir,0.0,2026-09-18 23:38:58
244,2.63075,0.581,21046,4648,21046,4648,0.0,0,0,CleanAir,0.0,2026-09-18 23:38:59
245,2.63138,0.5805,21051,4644,21051,4644,0.0,0,0,CleanAir,0.0,2026-09-18 23:38:59
246,2.65488,0.57775,21239,4622,21239,4622,0.0,0,0,CleanAir,0.0,2026-09-18 23:38:59
247,2.65475,0.57638,21238,4611,21238,4611,0.0,0,0,CleanAir,0.0,2026-09-18 23:39:00
248,2.636,0.57638,21088,4611,21088,4611,0.0,0,0,CleanAir,0.0,2026-09-18 23:39:00
249,2.62988,0.57812,21039,4625,21039,4625,0.0,0,0,CleanAir,0.0,2026-09-18 23:39:01
0,2.498,0.58013,19984,4641,19984,4641,3.3,255,0,CleanAir,0.0,2026-09-18 23:39:01
1,2.546,0.58075,20368,4646,20368,4646,3.3,255,0,CleanAir,0.0,2026-09-18 23:39:01
2,2.55675,0.58163,20454,4653,20454,4653,3.3,255,0,CleanAir,0.0,2026-09-18 23:39:02
3,2.613,0.58225,20904,4658,20904,4658,3.3,255,0,CleanAir,0.0,2026-09-18 23:39:02
4,2.61875,0.58463,20950,4677,20950,4677,3.3,255,0,CleanAir,0.0,2026-09-18 23:39:02
5,2.64813,0.58313,21185,4665,21185,4665,3.3,255,0,CleanAir,0.0,2026-09-18 23:39:03
6,2.67513,0.58338,21401,4667,21401,4667,3.3,255,0,CleanAir,0.0,2026-09-18 23:39:03
7,2.72763,0.58375,21821,4670,21821,4670,3.3,255,0,CleanAir,0.0,2026-09-18 23:39:04
8,2.73475,0.58488,21878,4679,21878,4679,3.3,255,0,CleanAir,0.0,2026-09-18 23:39:04
9,2.75713,0.58425,22057,4674,22057,4674,3.3,255,0,CleanAir,0.0,2026-09-18 23:39:04
10,2.80475,0.58263,22438,4661,22438,4661,3.3,255,0,CleanAir,0.0,2026-09-18 23:39:05
11,2.82863,0.58238,22629,4659,22629,4659,3.3,255,0,CleanAir,0.0,2026-09-18 23:39:05
12,2.85675,0.58575,22854,4686,22854,4686,3.3,255,0,CleanAir,0.0,2026-09-18 23:39:06
13,2.8825,0.58475,23060,4678,23060,4678,3.3,255,0,CleanAir,0.0,2026-09-18 23:39:06
14,2.87463,0.5805,22997,4644,22997,4644,3.3,255,0,CleanAir,0.0,2026-09-18 23:39:07
15,2.917,0.58238,23336,4659,23336,4659,3.3,255,0,CleanAir,0.0,2026-09-18 23:39:07
16,2.93775,0.58575,23502,4686,23502,4686,3.3,255,0,CleanAir,0.0,2026-09-18 23:39:07
17,2.9535,0.58275,23628,4662,23628,4662,3.3,255,0,CleanAir,0.0,2026-09-18 23:39:08
18,2.967,0.58238,23736,4659,23736,4659,3.3,255,0,CleanAir,0.0,2026-09-18 23:39:08
19,2.97988,0.58413,23839,4673,23839,4673,3.3,255,0,CleanAir,0.0,2026-09-18 23:39:09
20,2.97575,0.581,23806,4648,23806,4648,3.3,255,0,CleanAir,0.0,2026-09-18 23:39:09
21,3.00388,0.58125,24031,4650,24031,4650,3.3,255,0,CleanAir,0.0,2026-09-18 23:39:09
22,3.012,0.5825,24096,4660,24096,4660,3.3,255,0,CleanAir,0.0,2026-09-18 23:39:10
23,3.001,0.58338,24008,4667,24008,4667,3.3,255,0,CleanAir,0.0,2026-09-18 23:39:10
24,3.01063,0.5825,24085,4660,24085,4660,3.3,255,0,CleanAir,0.0,2026-09-18 23:39:10
25,3.048,0.585,24384,4680,24384,4680,3.3,255,0,CleanAir,0.0,2026-09-18 23:39:11
26,3.04313,0.58488,24345,4679,24345,4679,3.3,255,0,CleanAir,0.0,2026-09-18 23:39:11
27,3.06613,0.58075,24529,4646,24529,4646,3.3,255,0,CleanAir,0.0,2026-09-18 23:39:12
28,3.06125,0.5835,24490,4668,24490,4668,3.3,255,0,CleanAir,0.0,2026-09-18 23:39:12
29,3.08225,0.58138,24658,4651,24658,4651,3.3,255,0,CleanAir,0.0,2026-09-18 23:39:12
30,3.06038,0.58125,24483,4650,24483,4650,3.3,255,0,CleanAir,0.0,2026-09-18 23:39:13
31,3.0965,0.58125,24772,4650,24772,4650,3.3,255,0,CleanAir,0.0,2026-09-18 23:39:13
32,3.1025,0.58525,24820,4682,24820,4682,3.3,255,0,CleanAir,0.0,2026-09-18 23:39:13
33,3.10888,0.58275,24871,4662,24871,4662,3.3,255,0,CleanAir,0.0,2026-09-18 23:39:14
34,3.11563,0.58263,24925,4661,24925,4661,3.3,255,0,CleanAir,0.0,2026-09-18 23:39:14
35,3.0955,0.58263,24764,4661,24764,4661,3.3,255,0,CleanAir,0.0,2026-09-18 23:39:15
36,3.12975,0.58575,25038,4686,25038,4686,3.3,255,0,CleanAir,0.0,2026-09-18 23:39:15
37,3.13563,0.58075,25085,4646,25085,4646,3.3,255,0,CleanAir,0.0,2026-09-18 23:39:15
38,3.14075,0.58225,25126,4658,25126,4658,3.3,255,0,CleanAir,0.0,2026-09-18 23:39:16
39,3.126,0.58463,25008,4677,25008,4677,3.3,255,0,CleanAir,0.0,2026-09-18 23:39:16
40,3.15088,0.58538,25207,4683,25207,4683,3.3,255,0,CleanAir,0.0,2026-09-18 23:39:17
41,3.12588,0.58175,25007,4654,25007,4654,3.3,255,0,CleanAir,0.0,2026-09-18 23:39:17
42,3.16038,0.5835,25283,4668,25283,4668,3.3,255,0,CleanAir,0.0,2026-09-18 23:39:18
43,3.1345,0.58388,25076,4671,25076,4671,3.3,255,0,CleanAir,0.0,2026-09-18 23:39:18
44,3.1675,0.58213,25340,4657,25340,4657,3.3,255,0,CleanAir,0.0,2026-09-18 23:39:18
45,3.1425,0.58563,25140,4685,25140,4685,3.3,255,0,CleanAir,0.0,2026-09-18 23:39:19
46,3.173,0.58325,25384,4666,25384,4666,3.3,255,0,CleanAir,0.0,2026-09-18 23:39:19
47,3.14725,0.58125,25178,4650,25178,4650,3.3,255,0,CleanAir,0.0,2026-09-18 23:39:19
48,3.16663,0.58513,25333,4681,25333,4681,3.3,255,0,CleanAir,0.0,2026-09-18 23:39:20
49,3.18275,0.58325,25462,4666,25462,4666,3.3,255,0,CleanAir,0.0,2026-09-18 23:39:20
50,3.15875,0.58125,25270,4650,25270,4650,3.3,255,0,CleanAir,0.0,2026-09-18 23:39:21
51,3.15863,0.58188,25269,4655,25269,4655,3.3,255,0,CleanAir,0.0,2026-09-18 23:39:21
52,3.161,0.58225,25288,4658,25288,4658,3.3,255,0,CleanAir,0.0,2026-09-18 23:39:21
53,3.16463,0.5815,25317,4652,25317,4652,3.3,255,0,CleanAir,0.0,2026-09-18 23:39:22
54,3.1955,0.58175,25564,4654,25564,4654,3.3,255,0,CleanAir,0.0,2026-09-18 23:39:22
55,3.19788,0.58313,25583,4665,25583,4665,3.3,255,0,CleanAir,0.0,2026-09-18 23:39:22
56,3.19963,0.5855,25597,4684,25597,4684,3.3,255,0,CleanAir,0.0,2026-09-18 23:39:23
57,3.17275,0.58188,25382,4655,25382,4655,3.3,255,0,CleanAir,0.0,2026-09-18 23:39:23
58,3.20463,0.58188,25637,4655,25637,4655,3.3,255,0,CleanAir,0.0,2026-09-18 23:39:24
59,3.178,0.5855,25424,4684,25424,4684,3.3,255,0,CleanAir,0.0,2026-09-18 23:39:24
60,3.2085,0.58538,25668,4683,25668,4683,3.3,255,0,CleanAir,0.0,2026-09-18 23:39:25
61,3.20963,0.5855,25677,4684,25677,4684,3.3,255,0,CleanAir,0.0,2026-09-18 23:39:25
62,3.21075,0.58563,25686,4685,25686,4685,3.3,255,0,CleanAir,0.0,2026-09-18 23:39:25
63,3.21288,0.58088,25703,4647,25703,4647,3.3,255,0,CleanAir,0.0,2026-09-18 23:39:26
64,3.1905,0.58138,25524,4651,25524,4651,3.3,255,0,CleanAir,0.0,2026-09-18 23:39:26
65,3.19988,0.58175,25599,4654,25599,4654,3.3,255,0,CleanAir,0.0,2026-09-18 23:39:27
66,3.1865,0.58213,25492,4657,25492,4657,3.3,255,0,CleanAir,0.0,2026-09-18 23:39:27
67,3.21775,0.58163,25742,4653,25742,4653,3.3,255,0,CleanAir,0.0,2026-09-18 23:39:27
68,3.18988,0.58263,25519,4661,25519,4661,3.3,255,0,CleanAir,0.0,2026-09-18 23:39:28
69,3.22,0.5835,25760,4668,25760,4668,3.3,255,0,CleanAir,0.0,2026-09-18 23:39:28
70,3.19088,0.5825,25527,4660,25527,4660,3.3,255,0,CleanAir,0.0,2026-09-18 23:39:28
71,3.22113,0.58588,25769,4687,25769,4687,3.3,255,0,CleanAir,0.0,2026-09-18 23:39:29
72,3.207,0.581,25656,4648,25656,4648,3.3,255,0,CleanAir,0.0,2026-09-18 23:39:29
73,3.22313,0.58225,25785,4658,25785,4658,3.3,255,0,CleanAir,0.0,2026-09-18 23:39:29
74,3.1945,0.583,25556,4664,25556,4664,3.3,255,0,CleanAir,0.0,2026-09-18 23:39:30
75,3.22488,0.58288,25799,4663,25799,4663,3.3,255,0,CleanAir,0.0,2026-09-18 23:39:31
76,3.20663,0.58563,25653,4685,25653,4685,3.3,255,0,CleanAir,0.0,2026-09-18 23:39:31
77,3.2265,0.58288,25812,4663,25812,4663,3.3,255,0,CleanAir,0.0,2026-09-18 23:39:31
78,3.1965,0.58075,25572,4646,25572,4646,3.3,255,0,CleanAir,0.0,2026-09-18 23:39:32
79,3.22813,0.5815,25825,4652,25825,4652,3.3,255,0,CleanAir,0.0,2026-09-18 23:39:32
80,3.19825,0.58325,25586,4666,25586,4666,3.3,255,0,CleanAir,0.0,2026-09-18 23:39:33
81,3.22925,0.58225,25834,4658,25834,4658,3.3,255,0,CleanAir,0.0,2026-09-18 23:39:33
82,3.2075,0.58038,25660,4643,25660,4643,3.3,255,0,CleanAir,0.0,2026-09-18 23:39:33
83,3.22975,0.582,25838,4656,25838,4656,3.3,255,0,CleanAir,0.0,2026-09-18 23:39:34
84,3.22988,0.5845,25839,4676,25839,4676,3.3,255,0,CleanAir,0.0,2026-09-18 23:39:34
85,3.22413,0.5825,25793,4660,25793,4660,3.3,255,0,CleanAir,0.0,2026-09-18 23:39:34
86,3.23063,0.58538,25845,4683,25845,4683,3.3,255,0,CleanAir,0.0,2026-09-18 23:39:35
87,3.20138,0.58488,25611,4679,25611,4679,3.3,255,0,CleanAir,0.0,2026-09-18 23:39:35
88,3.23163,0.5815,25853,4652,25853,4652,3.3,255,0,CleanAir,0.0,2026-09-18 23:39:35
89,3.21363,0.5825,25709,4660,25709,4660,3.3,255,0,CleanAir,0.0,2026-09-18 23:39:36
90,3.23275,0.58213,25862,4657,25862,4657,3.3,255,0,CleanAir,0.0,2026-09-18 23:39:36
91,3.2025,0.58338,25620,4667,25620,4667,3.3,255,0,CleanAir,0.0,2026-09-18 23:39:36
92,3.2095,0.58225,25676,4658,25676,4658,3.3,255,0,CleanAir,0.0,2026-09-18 23:39:37
93,3.23363,0.583,25869,4664,25869,4664,3.3,255,0,CleanAir,0.0,2026-09-18 23:39:37
94,3.23388,0.586,25871,4688,25871,4688,3.3,255,0,CleanAir,0.0,2026-09-18 23:39:38
95,3.23338,0.58325,25867,4666,25867,4666,3.3,255,0,CleanAir,0.0,2026-09-18 23:39:38
96,3.23413,0.58163,25873,4653,25873,4653,3.3,255,0,CleanAir,0.0,2026-09-18 23:39:38
97,3.2345,0.58225,25876,4658,25876,4658,3.3,255,0,CleanAir,0.0,2026-09-18 23:39:39
98,3.2215,0.58525,25772,4682,25772,4682,3.3,255,0,CleanAir,0.0,2026-09-18 23:39:39
99,3.204,0.58563,25632,4685,25632,4685,3.3,255,0,CleanAir,0.0,2026-09-18 23:39:39
100,3.20838,0.58525,25667,4682,25667,4682,3.3,255,0,CleanAir,0.0,2026-09-18 23:39:40
101,3.235,0.58538,25880,4683,25880,4683,3.3,255,0,CleanAir,0.0,2026-09-18 23:39:40
102,3.23525,0.58113,25882,4649,25882,4649,3.3,255,0,CleanAir,0.0,2026-09-18 23:39:41
103,3.20625,0.58138,25650,4651,25650,4651,3.3,255,0,CleanAir,0.0,2026-09-18 23:39:41
104,3.2145,0.58263,25716,4661,25716,4661,3.3,255,0,CleanAir,0.0,2026-09-18 23:39:41
105,3.23563,0.58525,25885,4682,25885,4682,3.3,255,0,CleanAir,0.0,2026-09-18 23:39:42
106,3.2345,0.58225,25876,4658,25876,4658,3.3,255,0,CleanAir,0.0,2026-09-18 23:39:42
107,3.23663,0.58275,25893,4662,25893,4662,3.3,255,0,CleanAir,0.0,2026-09-18 23:39:42
108,3.23613,0.58588,25889,4687,25889,4687,3.3,255,0,CleanAir,0.0,2026-09-18 23:39:43
109,3.23663,0.58625,25893,4690,25893,4690,3.3,255,0,CleanAir,0.0,2026-09-18 23:39:43
110,3.23613,0.586,25889,4688,25889,4688,3.3,255,0,CleanAir,0.0,2026-09-18 23:39:44
111,3.2365,0.58525,25892,4682,25892,4682,3.3,255,0,CleanAir,0.0,2026-09-18 23:39:44
112,3.23613,0.58313,25889,4665,25889,4665,3.3,255,0,CleanAir,0.0,2026-09-18 23:39:44
113,3.2375,0.5825,25900,4660,25900,4660,3.3,255,0,CleanAir,0.0,2026-09-18 23:39:45
114,3.212,0.58188,25696,4655,25696,4655,3.3,255,0,CleanAir,0.0,2026-09-18 23:39:46
115,3.23725,0.58075,25898,4646,25898,4646,3.3,255,0,CleanAir,0.0,2026-09-18 23:39:46
116,3.206,0.58563,25648,4685,25648,4685,3.3,255,0,CleanAir,0.0,2026-09-18 23:39:46
117,3.20813,0.582,25665,4656,25665,4656,3.3,255,0,CleanAir,0.0,2026-09-18 23:39:48
118,3.23825,0.58275,25906,4662,25906,4662,3.3,255,0,CleanAir,0.0,2026-09-18 23:39:48
119,3.20775,0.58588,25662,4687,25662,4687,3.3,255,0,CleanAir,0.0,2026-09-18 23:39:49
120,3.208,0.58413,25664,4673,25664,4673,3.3,255,0,CleanAir,0.0,2026-09-18 23:39:49
121,3.23763,0.5855,25901,4684,25901,4684,3.3,255,0,CleanAir,0.0,2026-09-18 23:39:50
122,3.20825,0.58175,25666,4654,25666,4654,3.3,255,0,CleanAir,0.0,2026-09-18 23:39:50
123,3.23838,0.582,25907,4656,25907,4656,3.3,255,0,CleanAir,0.0,2026-09-18 23:39:51
124,3.20788,0.58125,25663,4650,25663,4650,3.3,255,0,CleanAir,0.0,2026-09-18 23:39:51
125,3.444,0.5785,27552,4628,27552,4628,0.0,0,0,CleanAir,0.0,2026-09-18 23:39:52
126,3.3945,0.5785,27156,4628,27156,4628,0.0,0,0,CleanAir,0.0,2026-09-18 23:39:52
127,3.40213,0.57775,27217,4622,27217,4622,0.0,0,0,CleanAir,0.0,2026-09-18 23:39:52
128,3.36825,0.58038,26946,4643,26946,4643,0.0,0,0,CleanAir,0.0,2026-09-18 23:39:53
129,3.33675,0.57788,26694,4623,26694,4623,0.0,0,0,CleanAir,0.0,2026-09-18 23:39:53
130,3.31263,0.57775,26501,4622,26501,4622,0.0,0,0,CleanAir,0.0,2026-09-18 23:39:54
131,3.25088,0.57925,26007,4634,26007,4634,0.0,0,0,CleanAir,0.0,2026-09-18 23:39:54
132,3.23075,0.58,25846,4640,25846,4640,0.0,0,0,CleanAir,0.0,2026-09-18 23:39:55
133,3.23988,0.58088,25919,4647,25919,4647,0.0,0,0,CleanAir,0.0,2026-09-18 23:39:55
134,3.17113,0.58013,25369,4641,25369,4641,0.0,0,0,CleanAir,0.0,2026-09-18 23:39:56
135,3.1835,0.58113,25468,4649,25468,4649,0.0,0,0,CleanAir,0.0,2026-09-18 23:39:56
136,3.13675,0.58163,25094,4653,25094,4653,0.0,0,0,CleanAir,0.0,2026-09-18 23:39:56
137,3.14913,0.57863,25193,4629,25193,4629,0.0,0,0,CleanAir,0.0,2026-09-18 23:39:57
138,3.1045,0.577,24836,4616,24836,4616,0.0,0,0,CleanAir,0.0,2026-09-18 23:39:57
139,3.1175,0.57938,24940,4635,24940,4635,0.0,0,0,CleanAir,0.0,2026-09-18 23:39:57
140,3.0735,0.58163,24588,4653,24588,4653,0.0,0,0,CleanAir,0.0,2026-09-18 23:39:58
141,3.087,0.5815,24696,4652,24696,4652,0.0,0,0,CleanAir,0.0,2026-09-18 23:39:58
142,3.044,0.5815,24352,4652,24352,4652,0.0,0,0,CleanAir,0.0,2026-09-18 23:39:59
143,3.05838,0.57788,24467,4623,24467,4623,0.0,0,0,CleanAir,0.0,2026-09-18 23:39:59
144,3.01588,0.57925,24127,4634,24127,4634,0.0,0,0,CleanAir,0.0,2026-09-18 23:39:59
145,3.03075,0.5785,24246,4628,24246,4628,0.0,0,0,CleanAir,0.0,2026-09-18 23:40:00
146,2.99088,0.57788,23927,4623,23927,4623,0.0,0,0,CleanAir,0.0,2026-09-18 23:40:00
147,2.99,0.57788,23920,4623,23920,4623,0.0,0,0,CleanAir,0.0,2026-09-18 23:40:01
148,2.97375,0.57863,23790,4629,23790,4629,0.0,0,0,CleanAir,0.0,2026-09-18 23:40:01
149,2.93513,0.581,23481,4648,23481,4648,0.0,0,0,CleanAir,0.0,2026-09-18 23:40:02
150,2.94838,0.5785,23587,4628,23587,4628,0.0,0,0,CleanAir,0.0,2026-09-18 23:40:02
151,2.912,0.57963,23296,4637,23296,4637,0.0,0,0,CleanAir,0.0,2026-09-18 23:40:03
152,2.92875,0.576,23430,4608,23430,4608,0.0,0,0,CleanAir,0.0,2026-09-18 23:40:03
153,2.91875,0.57825,23350,4626,23350,4626,0.0,0,0,CleanAir,0.0,2026-09-18 23:40:03
154,2.90925,0.57775,23274,4622,23274,4622,0.0,0,0,CleanAir,0.0,2026-09-18 23:40:04
155,2.87463,0.5775,22997,4620,22997,4620,0.0,0,0,CleanAir,0.0,2026-09-18 23:40:04
156,2.8915,0.58113,23132,4649,23132,4649,0.0,0,0,CleanAir,0.0,2026-09-18 23:40:04
157,2.86163,0.58163,22893,4653,22893,4653,0.0,0,0,CleanAir,0.0,2026-09-18 23:40:05
158,2.87513,0.577,23001,4616,23001,4616,0.0,0,0,CleanAir,0.0,2026-09-18 23:40:05
159,2.841,0.57838,22728,4627,22728,4627,0.0,0,0,CleanAir,0.0,2026-09-18 23:40:05
160,2.86013,0.57988,22881,4639,22881,4639,0.0,0,0,CleanAir,0.0,2026-09-18 23:40:06
161,2.8265,0.57625,22612,4610,22612,4610,0.0,0,0,CleanAir,0.0,2026-09-18 23:40:06
162,2.81913,0.58113,22553,4649,22553,4649,0.0,0,0,CleanAir,0.0,2026-09-18 23:40:06
163,2.828,0.58063,22624,4645,22624,4645,0.0,0,0,CleanAir,0.0,2026-09-18 23:40:07
164,2.83175,0.578,22654,4624,22654,4624,0.0,0,0,CleanAir,0.0,2026-09-18 23:40:07
165,2.80975,0.57688,22478,4615,22478,4615,0.0,0,0,CleanAir,0.0,2026-09-18 23:40:08
166,2.81738,0.58088,22539,4647,22539,4647,0.0,0,0,CleanAir,0.0,2026-09-18 23:40:08
167,2.79638,0.579,22371,4632,22371,4632,0.0,0,0,CleanAir,0.0,2026-09-18 23:40:08
168,2.80638,0.57725,22451,4618,22451,4618,0.0,0,0,CleanAir,0.0,2026-09-18 23:40:09
169,2.7975,0.58113,22380,4649,22380,4649,0.0,0,0,CleanAir,0.0,2026-09-18 23:40:09
170,2.7925,0.5775,22340,4620,22340,4620,0.0,0,0,CleanAir,0.0,2026-09-18 23:40:10
171,2.76175,0.578,22094,4624,22094,4624,0.0,0,0,CleanAir,0.0,2026-09-18 23:40:10
172,2.77813,0.58013,22225,4641,22225,4641,0.0,0,0,CleanAir,0.0,2026-09-18 23:40:11
173,2.75238,0.57938,22019,4635,22019,4635,0.0,0,0,CleanAir,0.0,2026-09-18 23:40:11
174,2.76763,0.57875,22141,4630,22141,4630,0.0,0,0,CleanAir,0.0,2026-09-18 23:40:11
175,2.76325,0.57938,22106,4635,22106,4635,0.0,0,0,CleanAir,0.0,2026-09-18 23:40:12
176,2.75788,0.579,22063,4632,22063,4632,0.0,0,0,CleanAir,0.0,2026-09-18 23:40:12
177,2.75263,0.57788,22021,4623,22021,4623,0.0,0,0,CleanAir,0.0,2026-09-18 23:40:13
178,2.72775,0.5785,21822,4628,21822,4628,0.0,0,0,CleanAir,0.0,2026-09-18 23:40:13
179,2.74588,0.57738,21967,4619,21967,4619,0.0,0,0,CleanAir,0.0,2026-09-18 23:40:13
180,2.71775,0.5805,21742,4644,21742,4644,0.0,0,0,CleanAir,0.0,2026-09-18 23:40:14
181,2.73788,0.58125,21903,4650,21903,4650,0.0,0,0,CleanAir,0.0,2026-09-18 23:40:14
182,2.71913,0.57725,21753,4618,21753,4618,0.0,0,0,CleanAir,0.0,2026-09-18 23:40:14
183,2.7325,0.57775,21860,4622,21860,4622,0.0,0,0,CleanAir,0.0,2026-09-18 23:40:15
184,2.70475,0.57738,21638,4619,21638,4619,0.0,0,0,CleanAir,0.0,2026-09-18 23:40:15
185,2.72375,0.57938,21790,4635,21790,4635,0.0,0,0,CleanAir,0.0,2026-09-18 23:40:16
186,2.69875,0.58125,21590,4650,21590,4650,0.0,0,0,CleanAir,0.0,2026-09-18 23:40:16
187,2.7205,0.58138,21764,4651,21764,4651,0.0,0,0,CleanAir,0.0,2026-09-18 23:40:16
188,2.69238,0.5815,21539,4652,21539,4652,0.0,0,0,CleanAir,0.0,2026-09-18 23:40:17
189,2.71513,0.57938,21721,4635,21721,4635,0.0,0,0,CleanAir,0.0,2026-09-18 23:40:17
190,2.71188,0.58138,21695,4651,21695,4651,0.0,0,0,CleanAir,0.0,2026-09-18 23:40:17
191,2.68425,0.57988,21474,4639,21474,4639,0.0,0,0,CleanAir,0.0,2026-09-18 23:40:18
192,2.7075,0.57688,21660,4615,21660,4615,0.0,0,0,CleanAir,0.0,2026-09-18 23:40:18
193,2.6805,0.57888,21444,4631,21444,4631,0.0,0,0,CleanAir,0.0,2026-09-18 23:40:18
194,2.70363,0.57738,21629,4619,21629,4619,0.0,0,0,CleanAir,0.0,2026-09-18 23:40:19
195,2.70238,0.57875,21619,4630,21619,4630,0.0,0,0,CleanAir,0.0,2026-09-18 23:40:19
196,2.69963,0.581,21597,4648,21597,4648,0.0,0,0,CleanAir,0.0,2026-09-18 23:40:20
197,2.69825,0.57988,21586,4639,21586,4639,0.0,0,0,CleanAir,0.0,2026-09-18 23:40:20
198,2.67163,0.57963,21373,4637,21373,4637,0.0,0,0,CleanAir,0.0,2026-09-18 23:40:20
199,2.69425,0.578,21554,4624,21554,4624,0.0,0,0,CleanAir,0.0,2026-09-18 23:40:21
200,2.66738,0.58038,21339,4643,21339,4643,0.0,0,0,CleanAir,0.0,2026-09-18 23:40:21
201,2.6905,0.581,21524,4648,21524,4648,0.0,0,0,CleanAir,0.0,2026-09-18 23:40:22
202,2.672,0.57863,21376,4629,21376,4629,0.0,0,0,CleanAir,0.0,2026-09-18 23:40:22
203,2.68838,0.58038,21507,4643,21507,4643,0.0,0,0,CleanAir,0.0,2026-09-18 23:40:22
204,2.68525,0.58025,21482,4642,21482,4642,0.0,0,0,CleanAir,0.0,2026-09-18 23:40:23
205,2.66063,0.57738,21285,4619,21285,4619,0.0,0,0,CleanAir,0.0,2026-09-18 23:40:23
206,2.658,0.57763,21264,4621,21264,4621,0.0,0,0,CleanAir,0.0,2026-09-18 23:40:23
207,2.67125,0.57725,21370,4618,21370,4618,0.0,0,0,CleanAir,0.0,2026-09-18 23:40:24
208,2.68163,0.5775,21453,4620,21453,4620,0.0,0,0,CleanAir,0.0,2026-09-18 23:40:24
209,2.65425,0.58113,21234,4649,21234,4649,0.0,0,0,CleanAir,0.0,2026-09-18 23:40:25
210,2.67675,0.58038,21414,4643,21414,4643,0.0,0,0,CleanAir,0.0,2026-09-18 23:40:25
211,2.6755,0.57613,21404,4609,21404,4609,0.0,0,0,CleanAir,0.0,2026-09-18 23:40:26
212,2.65,0.57638,21200,4611,21200,4611,0.0,0,0,CleanAir,0.0,2026-09-18 23:40:26
213,2.674,0.57788,21392,4623,21392,4623,0.0,0,0,CleanAir,0.0,2026-09-18 23:40:26
214,2.65175,0.57613,21214,4609,21214,4609,0.0,0,0,CleanAir,0.0,2026-09-18 23:40:27
215,2.663,0.57788,21304,4623,21304,4623,0.0,0,0,CleanAir,0.0,2026-09-18 23:40:27
216,2.64763,0.57775,21181,4622,21181,4622,0.0,0,0,CleanAir,0.0,2026-09-18 23:40:27
217,2.67075,0.5785,21366,4628,21366,4628,0.0,0,0,CleanAir,0.0,2026-09-18 23:40:28
218,2.64525,0.57775,21162,4622,21162,4622,0.0,0,0,CleanAir,0.0,2026-09-18 23:40:28
219,2.66938,0.57925,21355,4634,21355,4634,0.0,0,0,CleanAir,0.0,2026-09-18 23:40:29
220,2.6485,0.57738,21188,4619,21188,4619,0.0,0,0,CleanAir,0.0,2026-09-18 23:40:29
221,2.66763,0.57863,21341,4629,21341,4629,0.0,0,0,CleanAir,0.0,2026-09-18 23:40:29
222,2.657,0.57938,21256,4635,21256,4635,0.0,0,0,CleanAir,0.0,2026-09-18 23:40:30
223,2.666,0.57963,21328,4637,21328,4637,0.0,0,0,CleanAir,0.0,2026-09-18 23:40:30
224,2.6425,0.5785,21140,4628,21140,4628,0.0,0,0,CleanAir,0.0,2026-09-18 23:40:30
225,2.66413,0.58113,21313,4649,21313,4649,0.0,0,0,CleanAir,0.0,2026-09-18 23:40:31
226,2.6395,0.58125,21116,4650,21116,4650,0.0,0,0,CleanAir,0.0,2026-09-18 23:40:31
227,2.66375,0.57875,21310,4630,21310,4630,0.0,0,0,CleanAir,0.0,2026-09-18 23:40:31
228,2.63925,0.58088,21114,4647,21114,4647,0.0,0,0,CleanAir,0.0,2026-09-18 23:40:32
229,2.66238,0.58138,21299,4651,21299,4651,0.0,0,0,CleanAir,0.0,2026-09-18 23:40:32
230,2.65375,0.57838,21230,4627,21230,4627,0.0,0,0,CleanAir,0.0,2026-09-18 23:40:33
231,2.641,0.5785,21128,4628,21128,4628,0.0,0,0,CleanAir,0.0,2026-09-18 23:40:33
232,2.66088,0.578,21287,4624,21287,4624,0.0,0,0,CleanAir,0.0,2026-09-18 23:40:33
233,2.65638,0.5815,21251,4652,21251,4652,0.0,0,0,CleanAir,0.0,2026-09-18 23:40:34
234,2.65888,0.57875,21271,4630,21271,4630,0.0,0,0,CleanAir,0.0,2026-09-18 23:40:34
235,2.65925,0.57988,21274,4639,21274,4639,0.0,0,0,CleanAir,0.0,2026-09-18 23:40:34
236,2.6395,0.581,21116,4648,21116,4648,0.0,0,0,CleanAir,0.0,2026-09-18 23:40:35
237,2.65725,0.57875,21258,4630,21258,4630,0.0,0,0,CleanAir,0.0,2026-09-18 23:40:35
238,2.6495,0.57725,21196,4618,21196,4618,0.0,0,0,CleanAir,0.0,2026-09-18 23:40:36
239,2.6335,0.57763,21068,4621,21068,4621,0.0,0,0,CleanAir,0.0,2026-09-18 23:40:36
240,2.65675,0.58125,21254,4650,21254,4650,0.0,0,0,CleanAir,0.0,2026-09-18 23:40:36
241,2.6555,0.57925,21244,4634,21244,4634,0.0,0,0,CleanAir,0.0,2026-09-18 23:40:37
242,2.65663,0.57863,21253,4629,21253,4629,0.0,0,0,CleanAir,0.0,2026-09-18 23:40:37
243,2.65513,0.58038,21241,4643,21241,4643,0.0,0,0,CleanAir,0.0,2026-09-18 23:40:37
244,2.64613,0.57725,21169,4618,21169,4618,0.0,0,0,CleanAir,0.0,2026-09-18 23:40:38
245,2.64063,0.57638,21125,4611,21125,4611,0.0,0,0,CleanAir,0.0,2026-09-18 23:40:38
246,2.63038,0.57613,21043,4609,21043,4609,0.0,0,0,CleanAir,0.0,2026-09-18 23:40:39
247,2.65325,0.57763,21226,4621,21226,4621,0.0,0,0,CleanAir,0.0,2026-09-18 23:40:39
248,2.6295,0.576,21036,4608,21036,4608,0.0,0,0,CleanAir,0.0,2026-09-18 23:40:39
249,2.65413,0.578,21233,4624,21233,4624,0.0,0,0,CleanAir,0.0,2026-09-18 23:40:40
0,2.49538,0.58038,19963,4643,19963,4643,3.3,255,0,CleanAir,0.0,2026-09-18 23:40:40
1,2.52163,0.58213,20173,4657,20173,4657,3.3,255,0,CleanAir,0.0,2026-09-18 23:40:40
2,2.55588,0.58188,20447,4655,20447,4655,3.3,255,0,CleanAir,0.0,2026-09-18 23:40:41
3,2.61238,0.582,20899,4656,20899,4656,3.3,255,0,CleanAir,0.0,2026-09-18 23:40:41
4,2.6235,0.58075,20988,4646,20988,4646,3.3,255,0,CleanAir,0.0,2026-09-18 23:40:42
5,2.67975,0.58175,21438,4654,21438,4654,3.3,255,0,CleanAir,0.0,2026-09-18 23:40:42
6,2.68125,0.5815,21450,4652,21450,4652,3.3,255,0,CleanAir,0.0,2026-09-18 23:40:42
7,2.70688,0.58225,21655,4658,21655,4658,3.3,255,0,CleanAir,0.0,2026-09-18 23:40:43
8,2.75875,0.5845,22070,4676,22070,4676,3.3,255,0,CleanAir,0.0,2026-09-18 23:40:43
9,2.756,0.58575,22048,4686,22048,4686,3.3,255,0,CleanAir,0.0,2026-09-18 23:40:43
10,2.804,0.58475,22432,4678,22432,4678,3.3,255,0,CleanAir,0.0,2026-09-18 23:40:44
11,2.834,0.5825,22672,4660,22672,4660,3.3,255,0,CleanAir,0.0,2026-09-18 23:40:44
12,2.8265,0.58188,22612,4655,22612,4655,3.3,255,0,CleanAir,0.0,2026-09-18 23:40:45
13,2.87175,0.582,22974,4656,22974,4656,3.3,255,0,CleanAir,0.0,2026-09-18 23:40:45
14,2.8615,0.58225,22892,4658,22892,4658,3.3,255,0,CleanAir,0.0,2026-09-18 23:40:45
15,2.90525,0.58338,23242,4667,23242,4667,3.3,255,0,CleanAir,0.0,2026-09-18 23:40:46
16,2.89325,0.58275,23146,4662,23146,4662,3.3,255,0,CleanAir,0.0,2026-09-18 23:40:46
17,2.90713,0.58513,23257,4681,23257,4681,3.3,255,0,CleanAir,0.0,2026-09-18 23:40:47
18,2.94763,0.58288,23581,4663,23581,4663,3.3,255,0,CleanAir,0.0,2026-09-18 23:40:47
19,2.96938,0.58425,23755,4674,23755,4674,3.3,255,0,CleanAir,0.0,2026-09-18 23:40:47
20,2.9535,0.58563,23628,4685,23628,4685,3.3,255,0,CleanAir,0.0,2026-09-18 23:40:48
21,2.99313,0.5845,23945,4676,23945,4676,3.3,255,0,CleanAir,0.0,2026-09-18 23:40:48
22,3.007,0.58275,24056,4662,24056,4662,3.3,255,0,CleanAir,0.0,2026-09-18 23:40:49
23,2.989,0.58238,23912,4659,23912,4659,3.3,255,0,CleanAir,0.0,2026-09-18 23:40:49
24,3.02825,0.58563,24226,4685,24226,4685,3.3,255,0,CleanAir,0.0,2026-09-18 23:40:49
25,3.03838,0.5815,24307,4652,24307,4652,3.3,255,0,CleanAir,0.0,2026-09-18 23:40:50
26,3.01975,0.58413,24158,4673,24158,4673,3.3,255,0,CleanAir,0.0,2026-09-18 23:40:50
27,3.0565,0.58475,24452,4678,24452,4678,3.3,255,0,CleanAir,0.0,2026-09-18 23:40:50
28,3.03713,0.58488,24297,4679,24297,4679,3.3,255,0,CleanAir,0.0,2026-09-18 23:40:51
29,3.073,0.58538,24584,4683,24584,4683,3.3,255,0,CleanAir,0.0,2026-09-18 23:40:51
30,3.05163,0.58588,24413,4687,24413,4687,3.3,255,0,CleanAir,0.0,2026-09-18 23:40:51
31,3.0875,0.58513,24700,4681,24700,4681,3.3,255,0,CleanAir,0.0,2026-09-18 23:40:52
32,3.0695,0.58538,24556,4683,24556,4683,3.3,255,0,CleanAir,0.0,2026-09-18 23:40:52
33,3.10125,0.58575,24810,4686,24810,4686,3.3,255,0,CleanAir,0.0,2026-09-18 23:40:53
34,3.07763,0.58413,24621,4673,24621,4673,3.3,255,0,CleanAir,0.0,2026-09-18 23:40:53
35,3.11238,0.5805,24899,4644,24899,4644,3.3,255,0,CleanAir,0.0,2026-09-18 23:40:53
36,3.0895,0.583,24716,4664,24716,4664,3.3,255,0,CleanAir,0.0,2026-09-18 23:40:54
37,3.1245,0.58125,24996,4650,24996,4650,3.3,255,0,CleanAir,0.0,2026-09-18 23:40:54
38,3.1315,0.58275,25052,4662,25052,4662,3.3,255,0,CleanAir,0.0,2026-09-18 23:40:54
39,3.10788,0.5825,24863,4660,24863,4660,3.3,255,0,CleanAir,0.0,2026-09-18 23:40:55
40,3.14,0.5855,25120,4684,25120,4684,3.3,255,0,CleanAir,0.0,2026-09-18 23:40:55
41,3.14475,0.58538,25158,4683,25158,4683,3.3,255,0,CleanAir,0.0,2026-09-18 23:40:56
42,3.11988,0.58338,24959,4667,24959,4667,3.3,255,0,CleanAir,0.0,2026-09-18 23:40:56
43,3.12288,0.58313,24983,4665,24983,4665,3.3,255,0,CleanAir,0.0,2026-09-18 23:40:56
44,3.15675,0.58225,25254,4658,25254,4658,3.3,255,0,CleanAir,0.0,2026-09-18 23:40:57
45,3.16088,0.5815,25287,4652,25287,4652,3.3,255,0,CleanAir,0.0,2026-09-18 23:40:57
46,3.16438,0.5855,25315,4684,25315,4684,3.3,255,0,CleanAir,0.0,2026-09-18 23:40:57
47,3.13788,0.58475,25103,4678,25103,4678,3.3,255,0,CleanAir,0.0,2026-09-18 23:40:58
48,3.17013,0.58063,25361,4645,25361,4645,3.3,255,0,CleanAir,0.0,2026-09-18 23:40:58
49,3.17363,0.58288,25389,4663,25389,4663,3.3,255,0,CleanAir,0.0,2026-09-18 23:40:58
50,3.17663,0.58488,25413,4679,25413,4679,3.3,255,0,CleanAir,0.0,2026-09-18 23:40:59
51,3.18025,0.58263,25442,4661,25442,4661,3.3,255,0,CleanAir,0.0,2026-09-18 23:40:59
52,3.1825,0.58063,25460,4645,25460,4645,3.3,255,0,CleanAir,0.0,2026-09-18 23:41:00
53,3.18488,0.58188,25479,4655,25479,4655,3.3,255,0,CleanAir,0.0,2026-09-18 23:41:00
54,3.18738,0.58263,25499,4661,25499,4661,3.3,255,0,CleanAir,0.0,2026-09-18 23:41:00
55,3.18938,0.58588,25515,4687,25515,4687,3.3,255,0,CleanAir,0.0,2026-09-18 23:41:01
56,3.16063,0.58588,25285,4687,25285,4687,3.3,255,0,CleanAir,0.0,2026-09-18 23:41:01
57,3.19213,0.58375,25537,4670,25537,4670,3.3,255,0,CleanAir,0.0,2026-09-18 23:41:01
58,3.19513,0.58588,25561,4687,25561,4687,3.3,255,0,CleanAir,0.0,2026-09-18 23:41:02
59,3.1975,0.5845,25580,4676,25580,4676,3.3,255,0,CleanAir,0.0,2026-09-18 23:41:02
60,3.176,0.582,25408,4656,25408,4656,3.3,255,0,CleanAir,0.0,2026-09-18 23:41:03
61,3.20163,0.58163,25613,4653,25613,4653,3.3,255,0,CleanAir,0.0,2026-09-18 23:41:03
62,3.17275,0.582,25382,4656,25382,4656,3.3,255,0,CleanAir,0.0,2026-09-18 23:41:04
63,3.20425,0.58088,25634,4647,25634,4647,3.3,255,0,CleanAir,0.0,2026-09-18 23:41:04
64,3.17588,0.58238,25407,4659,25407,4659,3.3,255,0,CleanAir,0.0,2026-09-18 23:41:04
65,3.17588,0.58275,25407,4662,25407,4662,3.3,255,0,CleanAir,0.0,2026-09-18 23:41:05
66,3.179,0.5855,25432,4684,25432,4684,3.3,255,0,CleanAir,0.0,2026-09-18 23:41:05
67,3.18013,0.58538,25441,4683,25441,4683,3.3,255,0,CleanAir,0.0,2026-09-18 23:41:05
68,3.18113,0.5855,25449,4684,25449,4684,3.3,255,0,CleanAir,0.0,2026-09-18 23:41:06
69,3.18625,0.58538,25490,4683,25490,4683,3.3,255,0,CleanAir,0.0,2026-09-18 23:41:06
70,3.21288,0.58613,25703,4689,25703,4689,3.3,255,0,CleanAir,0.0,2026-09-18 23:41:07
71,3.184,0.585,25472,4680,25472,4680,3.3,255,0,CleanAir,0.0,2026-09-18 23:41:07
72,3.217,0.58263,25736,4661,25736,4661,3.3,255,0,CleanAir,0.0,2026-09-18 23:41:08
73,3.21813,0.58138,25745,4651,25745,4651,3.3,255,0,CleanAir,0.0,2026-09-18 23:41:08
74,3.219,0.58075,25752,4646,25752,4646,3.3,255,0,CleanAir,0.0,2026-09-18 23:41:09
75,3.21975,0.58288,25758,4663,25758,4663,3.3,255,0,CleanAir,0.0,2026-09-18 23:41:09
76,3.22,0.58525,25760,4682,25760,4682,3.3,255,0,CleanAir,0.0,2026-09-18 23:41:10
77,3.22075,0.58588,25766,4687,25766,4687,3.3,255,0,CleanAir,0.0,2026-09-18 23:41:10
78,3.22138,0.58513,25771,4681,25771,4681,3.3,255,0,CleanAir,0.0,2026-09-18 23:41:11
79,3.22213,0.58563,25777,4685,25777,4685,3.3,255,0,CleanAir,0.0,2026-09-18 23:41:11
80,3.223,0.582,25784,4656,25784,4656,3.3,255,0,CleanAir,0.0,2026-09-18 23:41:11
81,3.2225,0.58138,25780,4651,25780,4651,3.3,255,0,CleanAir,0.0,2026-09-18 23:41:12
82,3.22413,0.58425,25793,4674,25793,4674,3.3,255,0,CleanAir,0.0,2026-09-18 23:41:12
83,3.207,0.58513,25656,4681,25656,4681,3.3,255,0,CleanAir,0.0,2026-09-18 23:41:12
84,3.22413,0.58413,25793,4673,25793,4673,3.3,255,0,CleanAir,0.0,2026-09-18 23:41:13
85,3.19538,0.58125,25563,4650,25563,4650,3.3,255,0,CleanAir,0.0,2026-09-18 23:41:13
86,3.22563,0.58075,25805,4646,25805,4646,3.3,255,0,CleanAir,0.0,2026-09-18 23:41:13
87,3.227,0.58213,25816,4657,25816,4657,3.3,255,0,CleanAir,0.0,2026-09-18 23:41:14
88,3.21438,0.5855,25715,4684,25715,4684,3.3,255,0,CleanAir,0.0,2026-09-18 23:41:14
89,3.2265,0.58525,25812,4682,25812,4682,3.3,255,0,CleanAir,0.0,2026-09-18 23:41:15
90,3.19688,0.58475,25575,4678,25575,4678,3.3,255,0,CleanAir,0.0,2026-09-18 23:41:15
91,3.2275,0.582,25820,4656,25820,4656,3.3,255,0,CleanAir,0.0,2026-09-18 23:41:15
92,3.21438,0.58513,25715,4681,25715,4681,3.3,255,0,CleanAir,0.0,2026-09-18 23:41:16
93,3.22813,0.58225,25825,4658,25825,4658,3.3,255,0,CleanAir,0.0,2026-09-18 23:41:16
94,3.22063,0.58088,25765,4647,25765,4647,3.3,255,0,CleanAir,0.0,2026-09-18 23:41:16
95,3.2295,0.58225,25836,4658,25836,4658,3.3,255,0,CleanAir,0.0,2026-09-18 23:41:17
96,3.22325,0.58525,25786,4682,25786,4682,3.3,255,0,CleanAir,0.0,2026-09-18 23:41:17
97,3.23,0.58113,25840,4649,25840,4649,3.3,255,0,CleanAir,0.0,2026-09-18 23:41:18
98,3.209,0.581,25672,4648,25672,4648,3.3,255,0,CleanAir,0.0,2026-09-18 23:41:18
99,3.23013,0.58225,25841,4658,25841,4658,3.3,255,0,CleanAir,0.0,2026-09-18 23:41:18
100,3.20113,0.5825,25609,4660,25609,4660,3.3,255,0,CleanAir,0.0,2026-09-18 23:41:19
101,3.20563,0.58188,25645,4655,25645,4655,3.3,255,0,CleanAir,0.0,2026-09-18 23:41:19
102,3.20913,0.58238,25673,4659,25673,4659,3.3,255,0,CleanAir,0.0,2026-09-18 23:41:19
103,3.20125,0.5845,25610,4676,25610,4676,3.3,255,0,CleanAir,0.0,2026-09-18 23:41:20
104,3.20063,0.586,25605,4688,25605,4688,3.3,255,0,CleanAir,0.0,2026-09-18 23:41:20
105,3.23113,0.58588,25849,4687,25849,4687,3.3,255,0,CleanAir,0.0,2026-09-18 23:41:20
106,3.20063,0.58563,25605,4685,25605,4685,3.3,255,0,CleanAir,0.0,2026-09-18 23:41:21
107,3.23138,0.58288,25851,4663,25851,4663,3.3,255,0,CleanAir,0.0,2026-09-18 23:41:21
108,3.201,0.5835,25608,4668,25608,4668,3.3,255,0,CleanAir,0.0,2026-09-18 23:41:22
109,3.23125,0.58625,25850,4690,25850,4690,3.3,255,0,CleanAir,0.0,2026-09-18 23:41:22
110,3.20275,0.58188,25622,4655,25622,4655,3.3,255,0,CleanAir,0.0,2026-09-18 23:41:23
111,3.232,0.58413,25856,4673,25856,4673,3.3,255,0,CleanAir,0.0,2026-09-18 23:41:23
112,3.23088,0.58538,25847,4683,25847,4683,3.3,255,0,CleanAir,0.0,2026-09-18 23:41:23
113,3.232,0.5815,25856,4652,25856,4652,3.3,255,0,CleanAir,0.0,2026-09-18 23:41:24
114,3.20275,0.58275,25622,4662,25622,4662,3.3,255,0,CleanAir,0.0,2026-09-18 23:41:24
115,3.23175,0.5855,25854,4684,25854,4684,3.3,255,0,CleanAir,0.0,2026-09-18 23:41:25
116,3.202,0.58538,25616,4683,25616,4683,3.3,255,0,CleanAir,0.0,2026-09-18 23:41:25
117,3.23225,0.582,25858,4656,25858,4656,3.3,255,0,CleanAir,0.0,2026-09-18 23:41:26
118,3.20525,0.58113,25642,4649,25642,4649,3.3,255,0,CleanAir,0.0,2026-09-18 23:41:26
119,3.20288,0.58275,25623,4662,25623,4662,3.3,255,0,CleanAir,0.0,2026-09-18 23:41:26
120,3.22363,0.58213,25789,4657,25789,4657,3.3,255,0,CleanAir,0.0,2026-09-18 23:41:27
121,3.23288,0.58225,25863,4658,25863,4658,3.3,255,0,CleanAir,0.0,2026-09-18 23:41:27
122,3.20563,0.58238,25645,4659,25645,4659,3.3,255,0,CleanAir,0.0,2026-09-18 23:41:27
123,3.23275,0.58325,25862,4666,25862,4666,3.3,255,0,CleanAir,0.0,2026-09-18 23:41:28
124,3.22175,0.58575,25774,4686,25774,4686,3.3,255,0,CleanAir,0.0,2026-09-18 23:41:28
125,3.43713,0.5815,27497,4652,27497,4652,0.0,0,0,CleanAir,0.0,2026-09-18 23:41:28
126,3.38838,0.58125,27107,4650,27107,4650,0.0,0,0,CleanAir,0.0,2026-09-18 23:41:29
127,3.39563,0.58013,27165,4641,27165,4641,0.0,0,0,CleanAir,0.0,2026-09-18 23:41:29
128,3.34175,0.58175,26734,4654,26734,4654,0.0,0,0,CleanAir,0.0,2026-09-18 23:41:29
129,3.34875,0.58125,26790,4650,26790,4650,0.0,0,0,CleanAir,0.0,2026-09-18 23:41:30
130,3.3265,0.57863,26612,4629,26612,4629,0.0,0,0,CleanAir,0.0,2026-09-18 23:41:30
131,3.30625,0.57788,26450,4623,26450,4623,0.0,0,0,CleanAir,0.0,2026-09-18 23:41:31
132,3.2855,0.57825,26284,4626,26284,4626,0.0,0,0,CleanAir,0.0,2026-09-18 23:41:31
133,3.23513,0.57763,25881,4621,25881,4621,0.0,0,0,CleanAir,0.0,2026-09-18 23:41:31
134,3.24525,0.58063,25962,4645,25962,4645,0.0,0,0,CleanAir,0.0,2026-09-18 23:41:32
135,3.22575,0.58125,25806,4650,25806,4650,0.0,0,0,CleanAir,0.0,2026-09-18 23:41:32
136,3.17838,0.57738,25427,4619,25427,4619,0.0,0,0,CleanAir,0.0,2026-09-18 23:41:32
137,3.18963,0.57763,25517,4621,25517,4621,0.0,0,0,CleanAir,0.0,2026-09-18 23:41:33
138,3.15213,0.57925,25217,4634,25217,4634,0.0,0,0,CleanAir,0.0,2026-09-18 23:41:33
139,3.155,0.57738,25240,4619,25240,4619,0.0,0,0,CleanAir,0.0,2026-09-18 23:41:33
140,3.10963,0.57688,24877,4615,24877,4615,0.0,0,0,CleanAir,0.0,2026-09-18 23:41:34
141,3.12238,0.57675,24979,4614,24979,4614,0.0,0,0,CleanAir,0.0,2026-09-18 23:41:34
142,3.07838,0.5775,24627,4620,24627,4620,0.0,0,0,CleanAir,0.0,2026-09-18 23:41:34
143,3.09225,0.57938,24738,4635,24738,4635,0.0,0,0,CleanAir,0.0,2026-09-18 23:41:35
144,3.049,0.578,24392,4624,24392,4624,0.0,0,0,CleanAir,0.0,2026-09-18 23:41:35
145,3.0355,0.58113,24284,4649,24284,4649,0.0,0,0,CleanAir,0.0,2026-09-18 23:41:36
146,3.02113,0.5795,24169,4636,24169,4636,0.0,0,0,CleanAir,0.0,2026-09-18 23:41:36
147,3.035,0.58038,24280,4643,24280,4643,0.0,0,0,CleanAir,0.0,2026-09-18 23:41:36
148,3.02125,0.57788,24170,4623,24170,4623,0.0,0,0,CleanAir,0.0,2026-09-18 23:41:37
149,3.003,0.57913,24024,4633,24024,4633,0.0,0,0,CleanAir,0.0,2026-09-18 23:41:37
150,2.96413,0.57913,23713,4633,23713,4633,0.0,0,0,CleanAir,0.0,2026-09-18 23:41:38
151,2.97863,0.58088,23829,4647,23829,4647,0.0,0,0,CleanAir,0.0,2026-09-18 23:41:38
152,2.94063,0.579,23525,4632,23525,4632,0.0,0,0,CleanAir,0.0,2026-09-18 23:41:38
153,2.95738,0.57975,23659,4638,23659,4638,0.0,0,0,CleanAir,0.0,2026-09-18 23:41:39
154,2.91888,0.58063,23351,4645,23351,4645,0.0,0,0,CleanAir,0.0,2026-09-18 23:41:39
155,2.90925,0.57825,23274,4626,23274,4626,0.0,0,0,CleanAir,0.0,2026-09-18 23:41:39
156,2.90163,0.5805,23213,4644,23213,4644,0.0,0,0,CleanAir,0.0,2026-09-18 23:41:40
157,2.91613,0.5815,23329,4652,23329,4652,0.0,0,0,CleanAir,0.0,2026-09-18 23:41:40
158,2.88025,0.58113,23042,4649,23042,4649,0.0,0,0,CleanAir,0.0,2026-09-18 23:41:40
159,2.89775,0.58125,23182,4650,23182,4650,0.0,0,0,CleanAir,0.0,2026-09-18 23:41:41
160,2.8625,0.58138,22900,4651,22900,4651,0.0,0,0,CleanAir,0.0,2026-09-18 23:41:41
161,2.88075,0.57825,23046,4626,23046,4626,0.0,0,0,CleanAir,0.0,2026-09-18 23:41:41
162,2.84588,0.58025,22767,4642,22767,4642,0.0,0,0,CleanAir,0.0,2026-09-18 23:41:42
163,2.86488,0.57963,22919,4637,22919,4637,0.0,0,0,CleanAir,0.0,2026-09-18 23:41:42
164,2.85463,0.57688,22837,4615,22837,4615,0.0,0,0,CleanAir,0.0,2026-09-18 23:41:43
165,2.83988,0.57838,22719,4627,22719,4627,0.0,0,0,CleanAir,0.0,2026-09-18 23:41:43
166,2.83275,0.58113,22662,4649,22662,4649,0.0,0,0,CleanAir,0.0,2026-09-18 23:41:44
167,2.8125,0.57775,22500,4622,22500,4622,0.0,0,0,CleanAir,0.0,2026-09-18 23:41:45
168,2.78588,0.57775,22287,4622,22287,4622,0.0,0,0,CleanAir,0.0,2026-09-18 23:41:45
169,2.8015,0.57863,22412,4629,22412,4629,0.0,0,0,CleanAir,0.0,2026-09-18 23:41:46
170,2.76975,0.57925,22158,4634,22158,4634,0.0,0,0,CleanAir,0.0,2026-09-18 23:41:46
171,2.78838,0.58138,22307,4651,22307,4651,0.0,0,0,CleanAir,0.0,2026-09-18 23:41:46
172,2.75775,0.58075,22062,4646,22062,4646,0.0,0,0,CleanAir,0.0,2026-09-18 23:41:47
173,2.77738,0.5795,22219,4636,22219,4636,0.0,0,0,CleanAir,0.0,2026-09-18 23:41:47
174,2.74775,0.57812,21982,4625,21982,4625,0.0,0,0,CleanAir,0.0,2026-09-18 23:41:48
175,2.76888,0.58125,22151,4650,22151,4650,0.0,0,0,CleanAir,0.0,2026-09-18 23:41:48
176,2.76263,0.57638,22101,4611,22101,4611,0.0,0,0,CleanAir,0.0,2026-09-18 23:41:48
177,2.75763,0.578,22061,4624,22061,4624,0.0,0,0,CleanAir,0.0,2026-09-18 23:41:49
178,2.75363,0.58075,22029,4646,22029,4646,0.0,0,0,CleanAir,0.0,2026-09-18 23:41:49
179,2.74925,0.58,21994,4640,21994,4640,0.0,0,0,CleanAir,0.0,2026-09-18 23:41:50
180,2.7455,0.57963,21964,4637,21964,4637,0.0,0,0,CleanAir,0.0,2026-09-18 23:41:50
181,2.7315,0.576,21852,4608,21852,4608,0.0,0,0,CleanAir,0.0,2026-09-18 23:41:50
182,2.738,0.58013,21904,4641,21904,4641,0.0,0,0,CleanAir,0.0,2026-09-18 23:41:51
183,2.711,0.578,21688,4624,21688,4624,0.0,0,0,CleanAir,0.0,2026-09-18 23:41:51
184,2.70613,0.58138,21649,4651,21649,4651,0.0,0,0,CleanAir,0.0,2026-09-18 23:41:51
185,2.70313,0.5785,21625,4628,21625,4628,0.0,0,0,CleanAir,0.0,2026-09-18 23:41:52
186,2.725,0.578,21800,4624,21800,4624,0.0,0,0,CleanAir,0.0,2026-09-18 23:41:52
187,2.69763,0.58013,21581,4641,21581,4641,0.0,0,0,CleanAir,0.0,2026-09-18 23:41:52
188,2.7205,0.57838,21764,4627,21764,4627,0.0,0,0,CleanAir,0.0,2026-09-18 23:41:53
189,2.69838,0.57788,21587,4623,21587,4623,0.0,0,0,CleanAir,0.0,2026-09-18 23:41:53
190,2.71613,0.579,21729,4632,21729,4632,0.0,0,0,CleanAir,0.0,2026-09-18 23:41:54
191,2.68725,0.581,21498,4648,21498,4648,0.0,0,0,CleanAir,0.0,2026-09-18 23:41:54
192,2.7095,0.57838,21676,4627,21676,4627,0.0,0,0,CleanAir,0.0,2026-09-18 23:41:54
193,2.6825,0.58075,21460,4646,21460,4646,0.0,0,0,CleanAir,0.0,2026-09-18 23:41:55
194,2.70513,0.58125,21641,4650,21641,4650,0.0,0,0,CleanAir,0.0,2026-09-18 23:41:55
195,2.67875,0.58113,21430,4649,21430,4649,0.0,0,0,CleanAir,0.0,2026-09-18 23:41:55
196,2.70138,0.58113,21611,4649,21611,4649,0.0,0,0,CleanAir,0.0,2026-09-18 23:41:56
197,2.67363,0.58088,21389,4647,21389,4647,0.0,0,0,CleanAir,0.0,2026-09-18 23:41:56
198,2.69613,0.58088,21569,4647,21569,4647,0.0,0,0,CleanAir,0.0,2026-09-18 23:41:57
199,2.66963,0.579,21357,4632,21357,4632,0.0,0,0,CleanAir,0.0,2026-09-18 23:41:57
200,2.69313,0.57613,21545,4609,21545,4609,0.0,0,0,CleanAir,0.0,2026-09-18 23:41:57
201,2.66538,0.57775,21323,4622,21323,4622,0.0,0,0,CleanAir,0.0,2026-09-18 23:41:58
202,2.689,0.57725,21512,4618,21512,4618,0.0,0,0,CleanAir,0.0,2026-09-18 23:41:58
203,2.68813,0.58063,21505,4645,21505,4645,0.0,0,0,CleanAir,0.0,2026-09-18 23:41:58
204,2.6865,0.58113,21492,4649,21492,4649,0.0,0,0,CleanAir,0.0,2026-09-18 23:41:59
205,2.66638,0.581,21331,4648,21331,4648,0.0,0,0,CleanAir,0.0,2026-09-18 23:41:59
206,2.65838,0.57838,21267,4627,21267,4627,0.0,0,0,CleanAir,0.0,2026-09-18 23:41:59
207,2.68238,0.57588,21459,4607,21459,4607,0.0,0,0,CleanAir,0.0,2026-09-18 23:42:00
208,2.68188,0.57775,21455,4622,21455,4622,0.0,0,0,CleanAir,0.0,2026-09-18 23:42:00
209,2.67925,0.58075,21434,4646,21434,4646,0.0,0,0,CleanAir,0.0,2026-09-18 23:42:00
210,2.67813,0.58125,21425,4650,21425,4650,0.0,0,0,CleanAir,0.0,2026-09-18 23:42:01
211,2.67688,0.57775,21415,4622,21415,4622,0.0,0,0,CleanAir,0.0,2026-09-18 23:42:01
212,2.65188,0.57675,21215,4614,21215,4614,0.0,0,0,CleanAir,0.0,2026-09-18 23:42:02
213,2.67513,0.57738,21401,4619,21401,4619,0.0,0,0,CleanAir,0.0,2026-09-18 23:42:02
214,2.64963,0.58063,21197,4645,21197,4645,0.0,0,0,CleanAir,0.0,2026-09-18 23:42:02
215,2.67188,0.57812,21375,4625,21375,4625,0.0,0,0,CleanAir,0.0,2026-09-18 23:42:03
216,2.65238,0.57613,21219,4609,21219,4609,0.0,0,0,CleanAir,0.0,2026-09-18 23:42:03
217,2.65175,0.579,21214,4632,21214,4632,0.0,0,0,CleanAir,0.0,2026-09-18 23:42:03
218,2.64563,0.58113,21165,4649,21165,4649,0.0,0,0,CleanAir,0.0,2026-09-18 23:42:04
219,2.66838,0.57663,21347,4613,21347,4613,0.0,0,0,CleanAir,0.0,2026-09-18 23:42:04
220,2.66775,0.58038,21342,4643,21342,4643,0.0,0,0,CleanAir,0.0,2026-09-18 23:42:05
221,2.64125,0.58125,21130,4650,21130,4650,0.0,0,0,CleanAir,0.0,2026-09-18 23:42:05
222,2.666,0.5815,21328,4652,21328,4652,0.0,0,0,CleanAir,0.0,2026-09-18 23:42:06
223,2.64938,0.581,21195,4648,21195,4648,0.0,0,0,CleanAir,0.0,2026-09-18 23:42:06
224,2.66338,0.57975,21307,4638,21307,4638,0.0,0,0,CleanAir,0.0,2026-09-18 23:42:06
225,2.6625,0.57738,21300,4619,21300,4619,0.0,0,0,CleanAir,0.0,2026-09-18 23:42:07
226,2.66225,0.57713,21298,4617,21298,4617,0.0,0,0,CleanAir,0.0,2026-09-18 23:42:07
227,2.65488,0.57975,21239,4638,21239,4638,0.0,0,0,CleanAir,0.0,2026-09-18 23:42:07
228,2.6615,0.58088,21292,4647,21292,4647,0.0,0,0,CleanAir,0.0,2026-09-18 23:42:08
229,2.66088,0.5785,21287,4628,21287,4628,0.0,0,0,CleanAir,0.0,2026-09-18 23:42:08
230,2.66063,0.57913,21285,4633,21285,4633,0.0,0,0,CleanAir,0.0,2026-09-18 23:42:09
231,2.65975,0.57838,21278,4627,21278,4627,0.0,0,0,CleanAir,0.0,2026-09-18 23:42:09
232,2.63525,0.58038,21082,4643,21082,4643,0.0,0,0,CleanAir,0.0,2026-09-18 23:42:09
233,2.65813,0.581,21265,4648,21265,4648,0.0,0,0,CleanAir,0.0,2026-09-18 23:42:10
234,2.65763,0.5805,21261,4644,21261,4644,0.0,0,0,CleanAir,0.0,2026-09-18 23:42:10
235,2.65763,0.58063,21261,4645,21261,4645,0.0,0,0,CleanAir,0.0,2026-09-18 23:42:10
236,2.65663,0.58075,21253,4646,21253,4646,0.0,0,0,CleanAir,0.0,2026-09-18 23:42:11
237,2.65588,0.57613,21247,4609,21247,4609,0.0,0,0,CleanAir,0.0,2026-09-18 23:42:11
238,2.65513,0.58125,21241,4650,21241,4650,0.0,0,0,CleanAir,0.0,2026-09-18 23:42:11
239,2.65438,0.58063,21235,4645,21235,4645,0.0,0,0,CleanAir,0.0,2026-09-18 23:42:12
240,2.65563,0.5785,21245,4628,21245,4628,0.0,0,0,CleanAir,0.0,2026-09-18 23:42:13
241,2.63088,0.57788,21047,4623,21047,4623,0.0,0,0,CleanAir,0.0,2026-09-18 23:42:13
242,2.65463,0.58113,21237,4649,21237,4649,0.0,0,0,CleanAir,0.0,2026-09-18 23:42:13
243,2.62925,0.581,21034,4648,21034,4648,0.0,0,0,CleanAir,0.0,2026-09-18 23:42:14
244,2.62875,0.5775,21030,4620,21030,4620,0.0,0,0,CleanAir,0.0,2026-09-18 23:42:14
245,2.62963,0.57763,21037,4621,21037,4621,0.0,0,0,CleanAir,0.0,2026-09-18 23:42:14
246,2.65225,0.58013,21218,4641,21218,4641,0.0,0,0,CleanAir,0.0,2026-09-18 23:42:15
247,2.64075,0.58013,21126,4641,21126,4641,0.0,0,0,CleanAir,0.0,2026-09-18 23:42:15
248,2.65138,0.5815,21211,4652,21211,4652,0.0,0,0,CleanAir,0.0,2026-09-18 23:42:15
249,2.627,0.58125,21016,4650,21016,4650,0.0,0,0,CleanAir,0.0,2026-09-18 23:42:16
0,2.51738,0.57925,20139,4634,20139,4634,3.3,255,0,CleanAir,0.0,2026-09-18 23:42:16
1,2.54288,0.58238,20343,4659,20343,4659,3.3,255,0,CleanAir,0.0,2026-09-18 23:42:17
2,2.57738,0.5855,20619,4684,20619,4684,3.3,255,0,CleanAir,0.0,2026-09-18 23:42:17
3,2.59525,0.58138,20762,4651,20762,4651,3.3,255,0,CleanAir,0.0,2026-09-18 23:42:17
4,2.64038,0.58238,21123,4659,21123,4659,3.3,255,0,CleanAir,0.0,2026-09-18 23:42:18
5,2.65038,0.5805,21203,4644,21203,4644,3.3,255,0,CleanAir,0.0,2026-09-18 23:42:18
6,2.71213,0.582,21697,4656,21697,4656,3.3,255,0,CleanAir,0.0,2026-09-18 23:42:19
7,2.73838,0.5825,21907,4660,21907,4660,3.3,255,0,CleanAir,0.0,2026-09-18 23:42:19
8,2.768,0.58063,22144,4645,22144,4645,3.3,255,0,CleanAir,0.0,2026-09-18 23:42:19
9,2.76388,0.58038,22111,4643,22111,4643,3.3,255,0,CleanAir,0.0,2026-09-18 23:42:20
10,2.81213,0.58025,22497,4642,22497,4642,3.3,255,0,CleanAir,0.0,2026-09-18 23:42:20
11,2.83238,0.582,22659,4656,22659,4656,3.3,255,0,CleanAir,0.0,2026-09-18 23:42:21
12,2.85688,0.5855,22855,4684,22855,4684,3.3,255,0,CleanAir,0.0,2026-09-18 23:42:21
13,2.85613,0.58463,22849,4677,22849,4677,3.3,255,0,CleanAir,0.0,2026-09-18 23:42:21
14,2.8915,0.58575,23132,4686,23132,4686,3.3,255,0,CleanAir,0.0,2026-09-18 23:42:22
15,2.91038,0.5835,23283,4668,23283,4668,3.3,255,0,CleanAir,0.0,2026-09-18 23:42:22
16,2.908,0.58538,23264,4683,23264,4683,3.3,255,0,CleanAir,0.0,2026-09-18 23:42:22
17,2.94,0.58213,23520,4657,23520,4657,3.3,255,0,CleanAir,0.0,2026-09-18 23:42:23
18,2.95638,0.582,23651,4656,23651,4656,3.3,255,0,CleanAir,0.0,2026-09-18 23:42:23
19,2.97113,0.58475,23769,4678,23769,4678,3.3,255,0,CleanAir,0.0,2026-09-18 23:42:24
20,2.98363,0.58538,23869,4683,23869,4683,3.3,255,0,CleanAir,0.0,2026-09-18 23:42:24
21,2.99563,0.583,23965,4664,23965,4664,3.3,255,0,CleanAir,0.0,2026-09-18 23:42:24
22,3.007,0.58063,24056,4645,24056,4645,3.3,255,0,CleanAir,0.0,2026-09-18 23:42:25
23,3.01725,0.58213,24138,4657,24138,4657,3.3,255,0,CleanAir,0.0,2026-09-18 23:42:25
24,3.02763,0.58113,24221,4649,24221,4649,3.3,255,0,CleanAir,0.0,2026-09-18 23:42:25
25,3.00863,0.582,24069,4656,24069,4656,3.3,255,0,CleanAir,0.0,2026-09-18 23:42:26
26,3.04588,0.58163,24367,4653,24367,4653,3.3,255,0,CleanAir,0.0,2026-09-18 23:42:26
27,3.05375,0.58163,24430,4653,24430,4653,3.3,255,0,CleanAir,0.0,2026-09-18 23:42:27
28,3.06225,0.5835,24498,4668,24498,4668,3.3,255,0,CleanAir,0.0,2026-09-18 23:42:27
29,3.06988,0.58563,24559,4685,24559,4685,3.3,255,0,CleanAir,0.0,2026-09-18 23:42:27
30,3.04838,0.584,24387,4672,24387,4672,3.3,255,0,CleanAir,0.0,2026-09-18 23:42:28
31,3.086,0.58075,24688,4646,24688,4646,3.3,255,0,CleanAir,0.0,2026-09-18 23:42:28
32,3.08238,0.58563,24659,4685,24659,4685,3.3,255,0,CleanAir,0.0,2026-09-18 23:42:28
33,3.09888,0.58288,24791,4663,24791,4663,3.3,255,0,CleanAir,0.0,2026-09-18 23:42:29
34,3.104,0.58075,24832,4646,24832,4646,3.3,255,0,CleanAir,0.0,2026-09-18 23:42:29
35,3.11113,0.5855,24889,4684,24889,4684,3.3,255,0,CleanAir,0.0,2026-09-18 23:42:30
36,3.0895,0.58288,24716,4663,24716,4663,3.3,255,0,CleanAir,0.0,2026-09-18 23:42:30
37,3.12413,0.58263,24993,4661,24993,4661,3.3,255,0,CleanAir,0.0,2026-09-18 23:42:30
38,3.13,0.58575,25040,4686,25040,4686,3.3,255,0,CleanAir,0.0,2026-09-18 23:42:31
39,3.13825,0.5855,25106,4684,25106,4684,3.3,255,0,CleanAir,0.0,2026-09-18 23:42:31
40,3.11713,0.58575,24937,4686,24937,4686,3.3,255,0,CleanAir,0.0,2026-09-18 23:42:32
41,3.14625,0.58575,25170,4686,25170,4686,3.3,255,0,CleanAir,0.0,2026-09-18 23:42:32
42,3.15125,0.58138,25210,4651,25210,4651,3.3,255,0,CleanAir,0.0,2026-09-18 23:42:33
43,3.15538,0.58238,25243,4659,25243,4659,3.3,255,0,CleanAir,0.0,2026-09-18 23:42:33
44,3.15963,0.58138,25277,4651,25277,4651,3.3,255,0,CleanAir,0.0,2026-09-18 23:42:33
45,3.16313,0.58225,25305,4658,25305,4658,3.3,255,0,CleanAir,0.0,2026-09-18 23:42:34
46,3.16713,0.58213,25337,4657,25337,4657,3.3,255,0,CleanAir,0.0,2026-09-18 23:42:34
47,3.14388,0.58588,25151,4687,25151,4687,3.3,255,0,CleanAir,0.0,2026-09-18 23:42:35
48,3.173,0.58175,25384,4654,25384,4654,3.3,255,0,CleanAir,0.0,2026-09-18 23:42:35
49,3.1465,0.58525,25172,4682,25172,4682,3.3,255,0,CleanAir,0.0,2026-09-18 23:42:35
50,3.17763,0.58313,25421,4665,25421,4665,3.3,255,0,CleanAir,0.0,2026-09-18 23:42:36
51,3.15038,0.58275,25203,4662,25203,4662,3.3,255,0,CleanAir,0.0,2026-09-18 23:42:36
52,3.183,0.58125,25464,4650,25464,4650,3.3,255,0,CleanAir,0.0,2026-09-18 23:42:36
53,3.156,0.58125,25248,4650,25248,4650,3.3,255,0,CleanAir,0.0,2026-09-18 23:42:37
54,3.15763,0.58138,25261,4651,25261,4651,3.3,255,0,CleanAir,0.0,2026-09-18 23:42:37
55,3.15963,0.5805,25277,4644,25277,4644,3.3,255,0,CleanAir,0.0,2026-09-18 23:42:38
56,3.191,0.583,25528,4664,25528,4664,3.3,255,0,CleanAir,0.0,2026-09-18 23:42:38
57,3.1655,0.58225,25324,4658,25324,4658,3.3,255,0,CleanAir,0.0,2026-09-18 23:42:38
58,3.19488,0.58188,25559,4655,25559,4655,3.3,255,0,CleanAir,0.0,2026-09-18 23:42:39
59,3.19588,0.58088,25567,4647,25567,4647,3.3,255,0,CleanAir,0.0,2026-09-18 23:42:39
60,3.168,0.582,25344,4656,25344,4656,3.3,255,0,CleanAir,0.0,2026-09-18 23:42:39
61,3.17,0.58113,25360,4649,25360,4649,3.3,255,0,CleanAir,0.0,2026-09-18 23:42:40
62,3.20075,0.58063,25606,4645,25606,4645,3.3,255,0,CleanAir,0.0,2026-09-18 23:42:40
63,3.20288,0.58238,25623,4659,25623,4659,3.3,255,0,CleanAir,0.0,2026-09-18 23:42:41
64,3.204,0.583,25632,4664,25632,4664,3.3,255,0,CleanAir,0.0,2026-09-18 23:42:41
65,3.2045,0.58575,25636,4686,25636,4686,3.3,255,0,CleanAir,0.0,2026-09-18 23:42:41
66,3.206,0.58488,25648,4679,25648,4679,3.3,255,0,CleanAir,0.0,2026-09-18 23:42:42
67,3.17725,0.58275,25418,4662,25418,4662,3.3,255,0,CleanAir,0.0,2026-09-18 23:42:42
68,3.20838,0.58363,25667,4669,25667,4669,3.3,255,0,CleanAir,0.0,2026-09-18 23:42:42
69,3.18,0.58088,25440,4647,25440,4647,3.3,255,0,CleanAir,0.0,2026-09-18 23:42:43
70,3.21013,0.58175,25681,4654,25681,4654,3.3,255,0,CleanAir,0.0,2026-09-18 23:42:43
71,3.18463,0.58175,25477,4654,25477,4654,3.3,255,0,CleanAir,0.0,2026-09-18 23:42:43
72,3.21188,0.58325,25695,4666,25695,4666,3.3,255,0,CleanAir,0.0,2026-09-18 23:42:44
73,3.18238,0.5845,25459,4676,25459,4676,3.3,255,0,CleanAir,0.0,2026-09-18 23:42:44
74,3.21363,0.58313,25709,4665,25709,4665,3.3,255,0,CleanAir,0.0,2026-09-18 23:42:44
75,3.18388,0.586,25471,4688,25471,4688,3.3,255,0,CleanAir,0.0,2026-09-18 23:42:45
76,3.21588,0.58163,25727,4653,25727,4653,3.3,255,0,CleanAir,0.0,2026-09-18 23:42:46
77,3.188,0.58425,25504,4674,25504,4674,3.3,255,0,CleanAir,0.0,2026-09-18 23:42:46
78,3.19488,0.582,25559,4656,25559,4656,3.3,255,0,CleanAir,0.0,2026-09-18 23:42:46
79,3.2185,0.58263,25748,4661,25748,4661,3.3,255,0,CleanAir,0.0,2026-09-18 23:42:47
80,3.18963,0.58288,25517,4663,25517,4663,3.3,255,0,CleanAir,0.0,2026-09-18 23:42:47
81,3.18925,0.582,25514,4656,25514,4656,3.3,255,0,CleanAir,0.0,2026-09-18 23:42:48
82,3.18925,0.582,25514,4656,25514,4656,3.3,255,0,CleanAir,0.0,2026-09-18 23:42:48
83,3.21963,0.58188,25757,4655,25757,4655,3.3,255,0,CleanAir,0.0,2026-09-18 23:42:48
84,3.22013,0.58425,25761,4674,25761,4674,3.3,255,0,CleanAir,0.0,2026-09-18 23:42:49
85,3.19238,0.58238,25539,4659,25539,4659,3.3,255,0,CleanAir,0.0,2026-09-18 23:42:49
86,3.2215,0.58575,25772,4686,25772,4686,3.3,255,0,CleanAir,0.0,2026-09-18 23:42:50
87,3.22225,0.5855,25778,4684,25778,4684,3.3,255,0,CleanAir,0.0,2026-09-18 23:42:50
88,3.19263,0.58563,25541,4685,25541,4685,3.3,255,0,CleanAir,0.0,2026-09-18 23:42:50
89,3.22188,0.58488,25775,4679,25775,4679,3.3,255,0,CleanAir,0.0,2026-09-18 23:42:51
90,3.19463,0.581,25557,4648,25557,4648,3.3,255,0,CleanAir,0.0,2026-09-18 23:42:51
91,3.19325,0.58225,25546,4658,25546,4658,3.3,255,0,CleanAir,0.0,2026-09-18 23:42:52
92,3.21,0.5815,25680,4652,25680,4652,3.3,255,0,CleanAir,0.0,2026-09-18 23:42:52
93,3.22438,0.5835,25795,4668,25795,4668,3.3,255,0,CleanAir,0.0,2026-09-18 23:42:52
94,3.22475,0.58275,25798,4662,25798,4662,3.3,255,0,CleanAir,0.0,2026-09-18 23:42:53
95,3.2255,0.58488,25804,4679,25804,4679,3.3,255,0,CleanAir,0.0,2026-09-18 23:42:53
96,3.225,0.58538,25800,4683,25800,4683,3.3,255,0,CleanAir,0.0,2026-09-18 23:42:54
97,3.2145,0.582,25716,4656,25716,4656,3.3,255,0,CleanAir,0.0,2026-09-18 23:42:54
98,3.22475,0.58513,25798,4681,25798,4681,3.3,255,0,CleanAir,0.0,2026-09-18 23:42:55
99,3.22625,0.583,25810,4664,25810,4664,3.3,255,0,CleanAir,0.0,2026-09-18 23:42:56
100,3.22575,0.58525,25806,4682,25806,4682,3.3,255,0,CleanAir,0.0,2026-09-18 23:42:56
101,3.22563,0.5855,25805,4684,25805,4684,3.3,255,0,CleanAir,0.0,2026-09-18 23:42:57
102,3.1955,0.58525,25564,4682,25564,4682,3.3,255,0,CleanAir,0.0,2026-09-18 23:42:57
103,3.22675,0.586,25814,4688,25814,4688,3.3,255,0,CleanAir,0.0,2026-09-18 23:42:57
104,3.20575,0.58563,25646,4685,25646,4685,3.3,255,0,CleanAir,0.0,2026-09-18 23:42:58
105,3.1965,0.58175,25572,4654,25572,4654,3.3,255,0,CleanAir,0.0,2026-09-18 23:42:58
106,3.1975,0.58113,25580,4649,25580,4649,3.3,255,0,CleanAir,0.0,2026-09-18 23:42:59
107,3.227,0.58175,25816,4654,25816,4654,3.3,255,0,CleanAir,0.0,2026-09-18 23:42:59
108,3.19775,0.58188,25582,4655,25582,4655,3.3,255,0,CleanAir,0.0,2026-09-18 23:42:59
109,3.22663,0.58563,25813,4685,25813,4685,3.3,255,0,CleanAir,0.0,2026-09-18 23:43:00
110,3.2275,0.58475,25820,4678,25820,4678,3.3,255,0,CleanAir,0.0,2026-09-18 23:43:01
111,3.20138,0.58575,25611,4686,25611,4686,3.3,255,0,CleanAir,0.0,2026-09-18 23:43:01
112,3.22675,0.58525,25814,4682,25814,4682,3.3,255,0,CleanAir,0.0,2026-09-18 23:43:01
113,3.22688,0.58288,25815,4663,25815,4663,3.3,255,0,CleanAir,0.0,2026-09-18 23:43:02
114,3.22725,0.58225,25818,4658,25818,4658,3.3,255,0,CleanAir,0.0,2026-09-18 23:43:02
115,3.227,0.5815,25816,4652,25816,4652,3.3,255,0,CleanAir,0.0,2026-09-18 23:43:02
116,3.22763,0.582,25821,4656,25821,4656,3.3,255,0,CleanAir,0.0,2026-09-18 23:43:03
117,3.22775,0.58225,25822,4658,25822,4658,3.3,255,0,CleanAir,0.0,2026-09-18 23:43:03
118,3.2275,0.58238,25820,4659,25820,4659,3.3,255,0,CleanAir,0.0,2026-09-18 23:43:04
119,3.2275,0.58188,25820,4655,25820,4655,3.3,255,0,CleanAir,0.0,2026-09-18 23:43:04
120,3.22763,0.5855,25821,4684,25821,4684,3.3,255,0,CleanAir,0.0,2026-09-18 23:43:05
121,3.21,0.58238,25680,4659,25680,4659,3.3,255,0,CleanAir,0.0,2026-09-18 23:43:05
122,3.228,0.58563,25824,4685,25824,4685,3.3,255,0,CleanAir,0.0,2026-09-18 23:43:06
123,3.22863,0.58175,25829,4654,25829,4654,3.3,255,0,CleanAir,0.0,2026-09-18 23:43:06
124,3.199,0.58288,25592,4663,25592,4663,3.3,255,0,CleanAir,0.0,2026-09-18 23:43:07
125,3.43263,0.57775,27461,4622,27461,4622,0.0,0,0,CleanAir,0.0,2026-09-18 23:43:07
126,3.40513,0.58188,27241,4655,27241,4655,0.0,0,0,CleanAir,0.0,2026-09-18 23:43:07
127,3.32575,0.57638,26606,4611,26606,4611,0.0,0,0,CleanAir,0.0,2026-09-18 23:43:09
128,3.29538,0.57725,26363,4618,26363,4618,0.0,0,0,CleanAir,0.0,2026-09-18 23:43:09
129,3.25563,0.57713,26045,4617,26045,4617,0.0,0,0,CleanAir,0.0,2026-09-18 23:43:09
130,3.22538,0.57825,25803,4626,25803,4626,0.0,0,0,CleanAir,0.0,2026-09-18 23:43:10
131,3.21738,0.57688,25739,4615,25739,4615,0.0,0,0,CleanAir,0.0,2026-09-18 23:43:10
132,3.18513,0.578,25481,4624,25481,4624,0.0,0,0,CleanAir,0.0,2026-09-18 23:43:11
133,3.13975,0.57738,25118,4619,25118,4619,0.0,0,0,CleanAir,0.0,2026-09-18 23:43:12
134,3.1455,0.581,25164,4648,25164,4648,0.0,0,0,CleanAir,0.0,2026-09-18 23:43:12
135,3.12213,0.57788,24977,4623,24977,4623,0.0,0,0,CleanAir,0.0,2026-09-18 23:43:13
136,3.07625,0.58075,24610,4646,24610,4646,0.0,0,0,CleanAir,0.0,2026-09-18 23:43:13
137,3.09063,0.581,24725,4648,24725,4648,0.0,0,0,CleanAir,0.0,2026-09-18 23:43:13
138,3.04925,0.57913,24394,4633,24394,4633,0.0,0,0,CleanAir,0.0,2026-09-18 23:43:14
139,3.06125,0.57988,24490,4639,24490,4639,0.0,0,0,CleanAir,0.0,2026-09-18 23:43:14
140,3.0305,0.57763,24244,4621,24244,4621,0.0,0,0,CleanAir,0.0,2026-09-18 23:43:14
141,3.03425,0.58113,24274,4649,24274,4649,0.0,0,0,CleanAir,0.0,2026-09-18 23:43:15
142,3.021,0.57812,24168,4625,24168,4625,0.0,0,0,CleanAir,0.0,2026-09-18 23:43:15
143,3.008,0.57613,24064,4609,24064,4609,0.0,0,0,CleanAir,0.0,2026-09-18 23:43:15
144,2.99625,0.5775,23970,4620,23970,4620,0.0,0,0,CleanAir,0.0,2026-09-18 23:43:16
145,2.98175,0.57812,23854,4625,23854,4625,0.0,0,0,CleanAir,0.0,2026-09-18 23:43:16
146,2.94375,0.57575,23550,4606,23550,4606,0.0,0,0,CleanAir,0.0,2026-09-18 23:43:17
147,2.9495,0.58088,23596,4647,23596,4647,0.0,0,0,CleanAir,0.0,2026-09-18 23:43:17
148,2.90988,0.58088,23279,4647,23279,4647,0.0,0,0,CleanAir,0.0,2026-09-18 23:43:18
149,2.926,0.58138,23408,4651,23408,4651,0.0,0,0,CleanAir,0.0,2026-09-18 23:43:18
150,2.88863,0.57663,23109,4613,23109,4613,0.0,0,0,CleanAir,0.0,2026-09-18 23:43:18
151,2.90225,0.577,23218,4616,23218,4616,0.0,0,0,CleanAir,0.0,2026-09-18 23:43:19
152,2.87163,0.58113,22973,4649,22973,4649,0.0,0,0,CleanAir,0.0,2026-09-18 23:43:19
153,2.88438,0.58175,23075,4654,23075,4654,0.0,0,0,CleanAir,0.0,2026-09-18 23:43:20
154,2.84825,0.57738,22786,4619,22786,4619,0.0,0,0,CleanAir,0.0,2026-09-18 23:43:20
155,2.86588,0.58063,22927,4645,22927,4645,0.0,0,0,CleanAir,0.0,2026-09-18 23:43:21
156,2.83975,0.58138,22718,4651,22718,4651,0.0,0,0,CleanAir,0.0,2026-09-18 23:43:21
157,2.85025,0.58088,22802,4647,22802,4647,0.0,0,0,CleanAir,0.0,2026-09-18 23:43:21
158,2.836,0.58,22688,4640,22688,4640,0.0,0,0,CleanAir,0.0,2026-09-18 23:43:22
159,2.81388,0.581,22511,4648,22511,4648,0.0,0,0,CleanAir,0.0,2026-09-18 23:43:22
160,2.81238,0.581,22499,4648,22499,4648,0.0,0,0,CleanAir,0.0,2026-09-18 23:43:22
161,2.82025,0.581,22562,4648,22562,4648,0.0,0,0,CleanAir,0.0,2026-09-18 23:43:23
162,2.78788,0.581,22303,4648,22303,4648,0.0,0,0,CleanAir,0.0,2026-09-18 23:43:23
163,2.8075,0.58038,22460,4643,22460,4643,0.0,0,0,CleanAir,0.0,2026-09-18 23:43:24
164,2.79525,0.57713,22362,4617,22362,4617,0.0,0,0,CleanAir,0.0,2026-09-18 23:43:24
165,2.79538,0.57925,22363,4634,22363,4634,0.0,0,0,CleanAir,0.0,2026-09-18 23:43:24
166,2.76413,0.58025,22113,4642,22113,4642,0.0,0,0,CleanAir,0.0,2026-09-18 23:43:25
167,2.78538,0.5775,22283,4620,22283,4620,0.0,0,0,CleanAir,0.0,2026-09-18 23:43:25
168,2.77888,0.57688,22231,4615,22231,4615,0.0,0,0,CleanAir,0.0,2026-09-18 23:43:26
169,2.77188,0.57812,22175,4625,22175,4625,0.0,0,0,CleanAir,0.0,2026-09-18 23:43:26
170,2.76575,0.58025,22126,4642,22126,4642,0.0,0,0,CleanAir,0.0,2026-09-18 23:43:26
171,2.76138,0.57812,22091,4625,22091,4625,0.0,0,0,CleanAir,0.0,2026-09-18 23:43:27
172,2.75588,0.57638,22047,4611,22047,4611,0.0,0,0,CleanAir,0.0,2026-09-18 23:43:27
173,2.75138,0.5765,22011,4612,22011,4612,0.0,0,0,CleanAir,0.0,2026-09-18 23:43:28
174,2.747,0.58088,21976,4647,21976,4647,0.0,0,0,CleanAir,0.0,2026-09-18 23:43:28
175,2.7175,0.57975,21740,4638,21740,4638,0.0,0,0,CleanAir,0.0,2026-09-18 23:43:28
176,2.738,0.57675,21904,4614,21904,4614,0.0,0,0,CleanAir,0.0,2026-09-18 23:43:29
177,2.71075,0.578,21686,4624,21686,4624,0.0,0,0,CleanAir,0.0,2026-09-18 23:43:29
178,2.70538,0.579,21643,4632,21643,4632,0.0,0,0,CleanAir,0.0,2026-09-18 23:43:30
179,2.70238,0.57888,21619,4631,21619,4631,0.0,0,0,CleanAir,0.0,2026-09-18 23:43:30
180,2.72375,0.57775,21790,4622,21790,4622,0.0,0,0,CleanAir,0.0,2026-09-18 23:43:30
181,2.69663,0.57638,21573,4611,21573,4611,0.0,0,0,CleanAir,0.0,2026-09-18 23:43:31
182,2.71813,0.5805,21745,4644,21745,4644,0.0,0,0,CleanAir,0.0,2026-09-18 23:43:31
183,2.71475,0.57875,21718,4630,21718,4630,0.0,0,0,CleanAir,0.0,2026-09-18 23:43:32
184,2.713,0.57588,21704,4607,21704,4607,0.0,0,0,CleanAir,0.0,2026-09-18 23:43:32
185,2.68863,0.57738,21509,4619,21509,4619,0.0,0,0,CleanAir,0.0,2026-09-18 23:43:32
186,2.70863,0.57663,21669,4613,21669,4613,0.0,0,0,CleanAir,0.0,2026-09-18 23:43:33
187,2.6815,0.5765,21452,4612,21452,4612,0.0,0,0,CleanAir,0.0,2026-09-18 23:43:33
188,2.704,0.57688,21632,4615,21632,4615,0.0,0,0,CleanAir,0.0,2026-09-18 23:43:33
189,2.67813,0.577,21425,4616,21425,4616,0.0,0,0,CleanAir,0.0,2026-09-18 23:43:34
190,2.67438,0.5795,21395,4636,21395,4636,0.0,0,0,CleanAir,0.0,2026-09-18 23:43:34
191,2.673,0.581,21384,4648,21384,4648,0.0,0,0,CleanAir,0.0,2026-09-18 23:43:34
192,2.67013,0.581,21361,4648,21361,4648,0.0,0,0,CleanAir,0.0,2026-09-18 23:43:35
193,2.669,0.577,21352,4616,21352,4616,0.0,0,0,CleanAir,0.0,2026-09-18 23:43:35
194,2.69238,0.57775,21539,4622,21539,4622,0.0,0,0,CleanAir,0.0,2026-09-18 23:43:35
195,2.67075,0.5805,21366,4644,21366,4644,0.0,0,0,CleanAir,0.0,2026-09-18 23:43:36
196,2.68775,0.581,21502,4648,21502,4648,0.0,0,0,CleanAir,0.0,2026-09-18 23:43:36
197,2.67475,0.58138,21398,4651,21398,4651,0.0,0,0,CleanAir,0.0,2026-09-18 23:43:37
198,2.68488,0.5785,21479,4628,21479,4628,0.0,0,0,CleanAir,0.0,2026-09-18 23:43:37
199,2.683,0.58088,21464,4647,21464,4647,0.0,0,0,CleanAir,0.0,2026-09-18 23:43:37
200,2.681,0.58138,21448,4651,21448,4651,0.0,0,0,CleanAir,0.0,2026-09-18 23:43:38
201,2.6795,0.57788,21436,4623,21436,4623,0.0,0,0,CleanAir,0.0,2026-09-18 23:43:38
202,2.65388,0.57988,21231,4639,21231,4639,0.0,0,0,CleanAir,0.0,2026-09-18 23:43:39
203,2.67713,0.57763,21417,4621,21417,4621,0.0,0,0,CleanAir,0.0,2026-09-18 23:43:39
204,2.67713,0.57713,21417,4617,21417,4617,0.0,0,0,CleanAir,0.0,2026-09-18 23:43:39
205,2.6735,0.57838,21388,4627,21388,4627,0.0,0,0,CleanAir,0.0,2026-09-18 23:43:40
206,2.67438,0.5805,21395,4644,21395,4644,0.0,0,0,CleanAir,0.0,2026-09-18 23:43:40
207,2.6725,0.58125,21380,4650,21380,4650,0.0,0,0,CleanAir,0.0,2026-09-18 23:43:40
208,2.67188,0.581,21375,4648,21375,4648,0.0,0,0,CleanAir,0.0,2026-09-18 23:43:41
209,2.67063,0.57775,21365,4622,21365,4622,0.0,0,0,CleanAir,0.0,2026-09-18 23:43:41
210,2.66888,0.5815,21351,4652,21351,4652,0.0,0,0,CleanAir,0.0,2026-09-18 23:43:42
211,2.6675,0.57913,21340,4633,21340,4633,0.0,0,0,CleanAir,0.0,2026-09-18 23:43:42
212,2.66663,0.581,21333,4648,21333,4648,0.0,0,0,CleanAir,0.0,2026-09-18 23:43:42
213,2.66613,0.57975,21329,4638,21329,4638,0.0,0,0,CleanAir,0.0,2026-09-18 23:43:43
214,2.64063,0.5815,21125,4652,21125,4652,0.0,0,0,CleanAir,0.0,2026-09-18 23:43:43
215,2.66425,0.57675,21314,4614,21314,4614,0.0,0,0,CleanAir,0.0,2026-09-18 23:43:44
216,2.63713,0.57738,21097,4619,21097,4619,0.0,0,0,CleanAir,0.0,2026-09-18 23:43:44
217,2.63725,0.57738,21098,4619,21098,4619,0.0,0,0,CleanAir,0.0,2026-09-18 23:43:45
218,2.66,0.57913,21280,4633,21280,4633,0.0,0,0,CleanAir,0.0,2026-09-18 23:43:45
219,2.64275,0.57688,21142,4615,21142,4615,0.0,0,0,CleanAir,0.0,2026-09-18 23:43:45
220,2.66,0.57863,21280,4629,21280,4629,0.0,0,0,CleanAir,0.0,2026-09-18 23:43:46
221,2.65825,0.58088,21266,4647,21266,4647,0.0,0,0,CleanAir,0.0,2026-09-18 23:43:46
222,2.63313,0.581,21065,4648,21065,4648,0.0,0,0,CleanAir,0.0,2026-09-18 23:43:47
223,2.6565,0.57888,21252,4631,21252,4631,0.0,0,0,CleanAir,0.0,2026-09-18 23:43:47
224,2.65663,0.57625,21253,4610,21253,4610,0.0,0,0,CleanAir,0.0,2026-09-18 23:43:47
225,2.6555,0.57625,21244,4610,21244,4610,0.0,0,0,CleanAir,0.0,2026-09-18 23:43:48
226,2.654,0.57863,21232,4629,21232,4629,0.0,0,0,CleanAir,0.0,2026-09-18 23:43:48
227,2.65425,0.57625,21234,4610,21234,4610,0.0,0,0,CleanAir,0.0,2026-09-18 23:43:48
228,2.63088,0.57763,21047,4621,21047,4621,0.0,0,0,CleanAir,0.0,2026-09-18 23:43:49
229,2.65413,0.57938,21233,4635,21233,4635,0.0,0,0,CleanAir,0.0,2026-09-18 23:43:49
230,2.65325,0.5765,21226,4612,21226,4612,0.0,0,0,CleanAir,0.0,2026-09-18 23:43:50
231,2.65338,0.578,21227,4624,21227,4624,0.0,0,0,CleanAir,0.0,2026-09-18 23:43:50
232,2.6505,0.58138,21204,4651,21204,4651,0.0,0,0,CleanAir,0.0,2026-09-18 23:43:50
233,2.65113,0.581,21209,4648,21209,4648,0.0,0,0,CleanAir,0.0,2026-09-18 23:43:51
234,2.6265,0.58013,21012,4641,21012,4641,0.0,0,0,CleanAir,0.0,2026-09-18 23:43:51
235,2.63863,0.58013,21109,4641,21109,4641,0.0,0,0,CleanAir,0.0,2026-09-18 23:43:52
236,2.63125,0.58088,21050,4647,21050,4647,0.0,0,0,CleanAir,0.0,2026-09-18 23:43:52
237,2.62488,0.581,20999,4648,20999,4648,0.0,0,0,CleanAir,0.0,2026-09-18 23:43:52
238,2.62475,0.58063,20998,4645,20998,4645,0.0,0,0,CleanAir,0.0,2026-09-18 23:43:53
239,2.64888,0.58088,21191,4647,21191,4647,0.0,0,0,CleanAir,0.0,2026-09-18 23:43:53
240,2.62425,0.57888,20994,4631,20994,4631,0.0,0,0,CleanAir,0.0,2026-09-18 23:43:53
241,2.6485,0.57625,21188,4610,21188,4610,0.0,0,0,CleanAir,0.0,2026-09-18 23:43:54
242,2.64913,0.57838,21193,4627,21193,4627,0.0,0,0,CleanAir,0.0,2026-09-18 23:43:54
243,2.64825,0.57713,21186,4617,21186,4617,0.0,0,0,CleanAir,0.0,2026-09-18 23:43:55
244,2.62388,0.57838,20991,4627,20991,4627,0.0,0,0,CleanAir,0.0,2026-09-18 23:43:55
245,2.647,0.58088,21176,4647,21176,4647,0.0,0,0,CleanAir,0.0,2026-09-18 23:43:55
246,2.64663,0.58138,21173,4651,21173,4651,0.0,0,0,CleanAir,0.0,2026-09-18 23:43:56
247,2.622,0.57775,20976,4622,20976,4622,0.0,0,0,CleanAir,0.0,2026-09-18 23:43:56
248,2.64725,0.5795,21178,4636,21178,4636,0.0,0,0,CleanAir,0.0,2026-09-18 23:43:56
249,2.62525,0.57875,21002,4630,21002,4630,0.0,0,0,CleanAir,0.0,2026-09-18 23:43:57
0,2.51338,0.58238,20107,4659,20107,4659,3.3,255,0,CleanAir,0.0,2026-09-18 23:43:57
1,2.52113,0.582,20169,4656,20169,4656,3.3,255,0,CleanAir,0.0,2026-09-18 23:43:58
2,2.57325,0.58263,20586,4661,20586,4661,3.3,255,0,CleanAir,0.0,2026-09-18 23:43:58
3,2.61775,0.5835,20942,4668,20942,4668,3.3,255,0,CleanAir,0.0,2026-09-18 23:43:58
4,2.64975,0.58088,21198,4647,21198,4647,3.3,255,0,CleanAir,0.0,2026-09-18 23:43:59
5,2.67025,0.5845,21362,4676,21362,4676,3.3,255,0,CleanAir,0.0,2026-09-18 23:43:59
6,2.71113,0.5855,21689,4684,21689,4684,3.3,255,0,CleanAir,0.0,2026-09-18 23:44:00
7,2.73588,0.58513,21887,4681,21887,4681,3.3,255,0,CleanAir,0.0,2026-09-18 23:44:00
8,2.73388,0.58313,21871,4665,21871,4665,3.3,255,0,CleanAir,0.0,2026-09-18 23:44:00
9,2.77575,0.58063,22206,4645,22206,4645,3.3,255,0,CleanAir,0.0,2026-09-18 23:44:01
10,2.78113,0.58125,22249,4650,22249,4650,3.3,255,0,CleanAir,0.0,2026-09-18 23:44:01
11,2.828,0.58188,22624,4655,22624,4655,3.3,255,0,CleanAir,0.0,2026-09-18 23:44:02
12,2.82538,0.581,22603,4648,22603,4648,3.3,255,0,CleanAir,0.0,2026-09-18 23:44:02
13,2.88,0.58213,23040,4657,23040,4657,3.3,255,0,CleanAir,0.0,2026-09-18 23:44:03
14,2.8685,0.58525,22948,4682,22948,4682,3.3,255,0,CleanAir,0.0,2026-09-18 23:44:03
15,2.88938,0.583,23115,4664,23115,4664,3.3,255,0,CleanAir,0.0,2026-09-18 23:44:03
16,2.90588,0.58363,23247,4669,23247,4669,3.3,255,0,CleanAir,0.0,2026-09-18 23:44:04
17,2.94538,0.58225,23563,4658,23563,4658,3.3,255,0,CleanAir,0.0,2026-09-18 23:44:04
18,2.96325,0.5855,23706,4684,23706,4684,3.3,255,0,CleanAir,0.0,2026-09-18 23:44:05
19,2.9845,0.5825,23876,4660,23876,4660,3.3,255,0,CleanAir,0.0,2026-09-18 23:44:05
20,2.996,0.58538,23968,4683,23968,4683,3.3,255,0,CleanAir,0.0,2026-09-18 23:44:06
21,2.98038,0.58125,23843,4650,23843,4650,3.3,255,0,CleanAir,0.0,2026-09-18 23:44:06
22,3.019,0.582,24152,4656,24152,4656,3.3,255,0,CleanAir,0.0,2026-09-18 23:44:06
23,3.0285,0.58538,24228,4683,24228,4683,3.3,255,0,CleanAir,0.0,2026-09-18 23:44:07
24,3.03725,0.583,24298,4664,24298,4664,3.3,255,0,CleanAir,0.0,2026-09-18 23:44:07
25,3.04938,0.58525,24395,4682,24395,4682,3.3,255,0,CleanAir,0.0,2026-09-18 23:44:08
26,3.02975,0.5805,24238,4644,24238,4644,3.3,255,0,CleanAir,0.0,2026-09-18 23:44:08
27,3.03975,0.58538,24318,4683,24318,4683,3.3,255,0,CleanAir,0.0,2026-09-18 23:44:08
28,3.04713,0.58425,24377,4674,24377,4674,3.3,255,0,CleanAir,0.0,2026-09-18 23:44:09
29,3.054,0.58188,24432,4655,24432,4655,3.3,255,0,CleanAir,0.0,2026-09-18 23:44:09
30,3.07013,0.58125,24561,4650,24561,4650,3.3,255,0,CleanAir,0.0,2026-09-18 23:44:10
31,3.09725,0.58463,24778,4677,24778,4677,3.3,255,0,CleanAir,0.0,2026-09-18 23:44:10
32,3.10425,0.58138,24834,4651,24834,4651,3.3,255,0,CleanAir,0.0,2026-09-18 23:44:10
33,3.10013,0.58575,24801,4686,24801,4686,3.3,255,0,CleanAir,0.0,2026-09-18 23:44:11
34,3.1165,0.58388,24932,4671,24932,4671,3.3,255,0,CleanAir,0.0,2026-09-18 23:44:11
35,3.12288,0.583,24983,4664,24983,4664,3.3,255,0,CleanAir,0.0,2026-09-18 23:44:12
36,3.13088,0.58125,25047,4650,25047,4650,3.3,255,0,CleanAir,0.0,2026-09-18 23:44:12
37,3.13738,0.58213,25099,4657,25099,4657,3.3,255,0,CleanAir,0.0,2026-09-18 23:44:13
38,3.14275,0.58075,25142,4646,25142,4646,3.3,255,0,CleanAir,0.0,2026-09-18 23:44:13
39,3.11738,0.58175,24939,4654,24939,4654,3.3,255,0,CleanAir,0.0,2026-09-18 23:44:14
40,3.15088,0.58275,25207,4662,25207,4662,3.3,255,0,CleanAir,0.0,2026-09-18 23:44:14
41,3.15338,0.58563,25227,4685,25227,4685,3.3,255,0,CleanAir,0.0,2026-09-18 23:44:15
42,3.15575,0.58363,25246,4669,25246,4669,3.3,255,0,CleanAir,0.0,2026-09-18 23:44:15
43,3.15975,0.58338,25278,4667,25278,4667,3.3,255,0,CleanAir,0.0,2026-09-18 23:44:15
44,3.164,0.58313,25312,4665,25312,4665,3.3,255,0,CleanAir,0.0,2026-09-18 23:44:16
45,3.17425,0.58288,25394,4663,25394,4663,3.3,255,0,CleanAir,0.0,2026-09-18 23:44:17
46,3.17638,0.58538,25411,4683,25411,4683,3.3,255,0,CleanAir,0.0,2026-09-18 23:44:17
47,3.14838,0.58525,25187,4682,25187,4682,3.3,255,0,CleanAir,0.0,2026-09-18 23:44:18
48,3.18025,0.58188,25442,4655,25442,4655,3.3,255,0,CleanAir,0.0,2026-09-18 23:44:18
49,3.18175,0.581,25454,4648,25454,4648,3.3,255,0,CleanAir,0.0,2026-09-18 23:44:18
50,3.18325,0.58188,25466,4655,25466,4655,3.3,255,0,CleanAir,0.0,2026-09-18 23:44:19
51,3.16713,0.58288,25337,4663,25337,4663,3.3,255,0,CleanAir,0.0,2026-09-18 23:44:19
52,3.18738,0.58563,25499,4685,25499,4685,3.3,255,0,CleanAir,0.0,2026-09-18 23:44:20
53,3.16075,0.58425,25286,4674,25286,4674,3.3,255,0,CleanAir,0.0,2026-09-18 23:44:20
54,3.19038,0.58538,25523,4683,25523,4683,3.3,255,0,CleanAir,0.0,2026-09-18 23:44:20
55,3.19288,0.58313,25543,4665,25543,4665,3.3,255,0,CleanAir,0.0,2026-09-18 23:44:21
56,3.16525,0.5815,25322,4652,25322,4652,3.3,255,0,CleanAir,0.0,2026-09-18 23:44:21
57,3.19675,0.58613,25574,4689,25574,4689,3.3,255,0,CleanAir,0.0,2026-09-18 23:44:22
58,3.19638,0.5855,25571,4684,25571,4684,3.3,255,0,CleanAir,0.0,2026-09-18 23:44:22
59,3.20038,0.58288,25603,4663,25603,4663,3.3,255,0,CleanAir,0.0,2026-09-18 23:44:23
60,3.20163,0.58188,25613,4655,25613,4655,3.3,255,0,CleanAir,0.0,2026-09-18 23:44:23
61,3.203,0.58213,25624,4657,25624,4657,3.3,255,0,CleanAir,0.0,2026-09-18 23:44:24
62,3.20325,0.58325,25626,4666,25626,4666,3.3,255,0,CleanAir,0.0,2026-09-18 23:44:24
63,3.20388,0.58275,25631,4662,25631,4662,3.3,255,0,CleanAir,0.0,2026-09-18 23:44:24
64,3.17513,0.58263,25401,4661,25401,4661,3.3,255,0,CleanAir,0.0,2026-09-18 23:44:25
65,3.20575,0.58025,25646,4642,25646,4642,3.3,255,0,CleanAir,0.0,2026-09-18 23:44:25
66,3.17775,0.5815,25422,4652,25422,4652,3.3,255,0,CleanAir,0.0,2026-09-18 23:44:25
67,3.20725,0.58563,25658,4685,25658,4685,3.3,255,0,CleanAir,0.0,2026-09-18 23:44:26
68,3.2045,0.58575,25636,4686,25636,4686,3.3,255,0,CleanAir,0.0,2026-09-18 23:44:26
69,3.18038,0.58238,25443,4659,25443,4659,3.3,255,0,CleanAir,0.0,2026-09-18 23:44:27
70,3.21063,0.58213,25685,4657,25685,4657,3.3,255,0,CleanAir,0.0,2026-09-18 23:44:27
71,3.18138,0.58325,25451,4666,25451,4666,3.3,255,0,CleanAir,0.0,2026-09-18 23:44:27
72,3.21175,0.58363,25694,4669,25694,4669,3.3,255,0,CleanAir,0.0,2026-09-18 23:44:28
73,3.1825,0.58538,25460,4683,25460,4683,3.3,255,0,CleanAir,0.0,2026-09-18 23:44:28
74,3.21238,0.586,25699,4688,25699,4688,3.3,255,0,CleanAir,0.0,2026-09-18 23:44:28
75,3.21263,0.58538,25701,4683,25701,4683,3.3,255,0,CleanAir,0.0,2026-09-18 23:44:29
76,3.21388,0.58563,25711,4685,25711,4685,3.3,255,0,CleanAir,0.0,2026-09-18 23:44:29
77,3.1845,0.58388,25476,4671,25476,4671,3.3,255,0,CleanAir,0.0,2026-09-18 23:44:30
78,3.1855,0.58175,25484,4654,25484,4654,3.3,255,0,CleanAir,0.0,2026-09-18 23:44:30
79,3.21513,0.58213,25721,4657,25721,4657,3.3,255,0,CleanAir,0.0,2026-09-18 23:44:30
80,3.20338,0.58488,25627,4679,25627,4679,3.3,255,0,CleanAir,0.0,2026-09-18 23:44:31
81,3.21575,0.58363,25726,4669,25726,4669,3.3,255,0,CleanAir,0.0,2026-09-18 23:44:31
82,3.18625,0.58163,25490,4653,25490,4653,3.3,255,0,CleanAir,0.0,2026-09-18 23:44:31
83,3.21675,0.58313,25734,4665,25734,4665,3.3,255,0,CleanAir,0.0,2026-09-18 23:44:32
84,3.18663,0.5825,25493,4660,25493,4660,3.3,255,0,CleanAir,0.0,2026-09-18 23:44:32
85,3.21688,0.5825,25735,4660,25735,4660,3.3,255,0,CleanAir,0.0,2026-09-18 23:44:33
86,3.1935,0.58238,25548,4659,25548,4659,3.3,255,0,CleanAir,0.0,2026-09-18 23:44:33
87,3.21738,0.58188,25739,4655,25739,4655,3.3,255,0,CleanAir,0.0,2026-09-18 23:44:33
88,3.2065,0.58188,25652,4655,25652,4655,3.3,255,0,CleanAir,0.0,2026-09-18 23:44:34
89,3.21863,0.58313,25749,4665,25749,4665,3.3,255,0,CleanAir,0.0,2026-09-18 23:44:34
90,3.21775,0.58413,25742,4673,25742,4673,3.3,255,0,CleanAir,0.0,2026-09-18 23:44:34
91,3.2185,0.58163,25748,4653,25748,4653,3.3,255,0,CleanAir,0.0,2026-09-18 23:44:35
92,3.18925,0.58163,25514,4653,25514,4653,3.3,255,0,CleanAir,0.0,2026-09-18 23:44:35
93,3.21963,0.58388,25757,4671,25757,4671,3.3,255,0,CleanAir,0.0,2026-09-18 23:44:35
94,3.19938,0.58563,25595,4685,25595,4685,3.3,255,0,CleanAir,0.0,2026-09-18 23:44:36
95,3.22,0.58588,25760,4687,25760,4687,3.3,255,0,CleanAir,0.0,2026-09-18 23:44:36
96,3.2015,0.58538,25612,4683,25612,4683,3.3,255,0,CleanAir,0.0,2026-09-18 23:44:37
97,3.22075,0.5835,25766,4668,25766,4668,3.3,255,0,CleanAir,0.0,2026-09-18 23:44:37
98,3.22025,0.58438,25762,4675,25762,4675,3.3,255,0,CleanAir,0.0,2026-09-18 23:44:38
99,3.19188,0.58188,25535,4655,25535,4655,3.3,255,0,CleanAir,0.0,2026-09-18 23:44:38
100,3.22125,0.58238,25770,4659,25770,4659,3.3,255,0,CleanAir,0.0,2026-09-18 23:44:38
101,3.22138,0.5825,25771,4660,25771,4660,3.3,255,0,CleanAir,0.0,2026-09-18 23:44:39
102,3.22125,0.58525,25770,4682,25770,4682,3.3,255,0,CleanAir,0.0,2026-09-18 23:44:39
103,3.2215,0.58163,25772,4653,25772,4653,3.3,255,0,CleanAir,0.0,2026-09-18 23:44:40
104,3.22138,0.58513,25771,4681,25771,4681,3.3,255,0,CleanAir,0.0,2026-09-18 23:44:40
105,3.22125,0.5805,25770,4644,25770,4644,3.3,255,0,CleanAir,0.0,2026-09-18 23:44:40
106,3.22213,0.58175,25777,4654,25777,4654,3.3,255,0,CleanAir,0.0,2026-09-18 23:44:41
107,3.22175,0.58213,25774,4657,25774,4657,3.3,255,0,CleanAir,0.0,2026-09-18 23:44:41
108,3.19213,0.58613,25537,4689,25537,4689,3.3,255,0,CleanAir,0.0,2026-09-18 23:44:41
109,3.22163,0.58075,25773,4646,25773,4646,3.3,255,0,CleanAir,0.0,2026-09-18 23:44:42
110,3.19263,0.58138,25541,4651,25541,4651,3.3,255,0,CleanAir,0.0,2026-09-18 23:44:42
111,3.223,0.58263,25784,4661,25784,4661,3.3,255,0,CleanAir,0.0,2026-09-18 23:44:43
112,3.19863,0.58088,25589,4647,25589,4647,3.3,255,0,CleanAir,0.0,2026-09-18 23:44:43
113,3.22275,0.58175,25782,4654,25782,4654,3.3,255,0,CleanAir,0.0,2026-09-18 23:44:43
114,3.223,0.581,25784,4648,25784,4648,3.3,255,0,CleanAir,0.0,2026-09-18 23:44:44
115,3.22363,0.5835,25789,4668,25789,4668,3.3,255,0,CleanAir,0.0,2026-09-18 23:44:44
116,3.193,0.58538,25544,4683,25544,4683,3.3,255,0,CleanAir,0.0,2026-09-18 23:44:44
117,3.22313,0.58313,25785,4665,25785,4665,3.3,255,0,CleanAir,0.0,2026-09-18 23:44:45
118,3.2225,0.58475,25780,4678,25780,4678,3.3,255,0,CleanAir,0.0,2026-09-18 23:44:45
119,3.22325,0.58175,25786,4654,25786,4654,3.3,255,0,CleanAir,0.0,2026-09-18 23:44:45
120,3.22288,0.58088,25783,4647,25783,4647,3.3,255,0,CleanAir,0.0,2026-09-18 23:44:46
121,3.19375,0.58113,25550,4649,25550,4649,3.3,255,0,CleanAir,0.0,2026-09-18 23:44:46
122,3.19388,0.58175,25551,4654,25551,4654,3.3,255,0,CleanAir,0.0,2026-09-18 23:44:47
123,3.22375,0.58088,25790,4647,25790,4647,3.3,255,0,CleanAir,0.0,2026-09-18 23:44:47
124,3.2235,0.583,25788,4664,25788,4664,3.3,255,0,CleanAir,0.0,2026-09-18 23:44:48
125,3.42825,0.578,27426,4624,27426,4624,0.0,0,0,CleanAir,0.0,2026-09-18 23:44:48
126,3.41038,0.5765,27283,4612,27283,4612,0.0,0,0,CleanAir,0.0,2026-09-18 23:44:48
127,3.38638,0.57775,27091,4622,27091,4622,0.0,0,0,CleanAir,0.0,2026-09-18 23:44:49
128,3.36138,0.58138,26891,4651,26891,4651,0.0,0,0,CleanAir,0.0,2026-09-18 23:44:49
129,3.33288,0.57625,26663,4610,26663,4610,0.0,0,0,CleanAir,0.0,2026-09-18 23:44:49
130,3.29088,0.57988,26327,4639,26327,4639,0.0,0,0,CleanAir,0.0,2026-09-18 23:44:50
131,3.28363,0.576,26269,4608,26269,4608,0.0,0,0,CleanAir,0.0,2026-09-18 23:44:50
132,3.26275,0.578,26102,4624,26102,4624,0.0,0,0,CleanAir,0.0,2026-09-18 23:44:51
133,3.233,0.57763,25864,4621,25864,4621,0.0,0,0,CleanAir,0.0,2026-09-18 23:44:51
134,3.20575,0.57625,25646,4610,25646,4610,0.0,0,0,CleanAir,0.0,2026-09-18 23:44:52
135,3.18688,0.58188,25495,4655,25495,4655,0.0,0,0,CleanAir,0.0,2026-09-18 23:44:52
136,3.16938,0.57812,25355,4625,25355,4625,0.0,0,0,CleanAir,0.0,2026-09-18 23:44:52
137,3.15175,0.58163,25214,4653,25214,4653,0.0,0,0,CleanAir,0.0,2026-09-18 23:44:53
138,3.135,0.57988,25080,4639,25080,4639,0.0,0,0,CleanAir,0.0,2026-09-18 23:44:53
139,3.09063,0.57588,24725,4607,24725,4607,0.0,0,0,CleanAir,0.0,2026-09-18 23:44:54
140,3.104,0.58,24832,4640,24832,4640,0.0,0,0,CleanAir,0.0,2026-09-18 23:44:54
141,3.08775,0.58163,24702,4653,24702,4653,0.0,0,0,CleanAir,0.0,2026-09-18 23:44:54
142,3.07288,0.5805,24583,4644,24583,4644,0.0,0,0,CleanAir,0.0,2026-09-18 23:44:55
143,3.032,0.57663,24256,4613,24256,4613,0.0,0,0,CleanAir,0.0,2026-09-18 23:44:55
144,3.02525,0.581,24202,4648,24202,4648,0.0,0,0,CleanAir,0.0,2026-09-18 23:44:56
145,3.00188,0.57975,24015,4638,24015,4638,0.0,0,0,CleanAir,0.0,2026-09-18 23:44:56
146,2.98413,0.58063,23873,4645,23873,4645,0.0,0,0,CleanAir,0.0,2026-09-18 23:44:56
147,2.972,0.58138,23776,4651,23776,4651,0.0,0,0,CleanAir,0.0,2026-09-18 23:44:57
148,2.9875,0.57975,23900,4638,23900,4638,0.0,0,0,CleanAir,0.0,2026-09-18 23:44:57
149,2.95725,0.57975,23658,4638,23658,4638,0.0,0,0,CleanAir,0.0,2026-09-18 23:44:57
150,2.96438,0.58125,23715,4650,23715,4650,0.0,0,0,CleanAir,0.0,2026-09-18 23:44:58
151,2.93638,0.581,23491,4648,23491,4648,0.0,0,0,CleanAir,0.0,2026-09-18 23:44:58
152,2.91363,0.5765,23309,4612,23309,4612,0.0,0,0,CleanAir,0.0,2026-09-18 23:44:58
153,2.91225,0.58125,23298,4650,23298,4650,0.0,0,0,CleanAir,0.0,2026-09-18 23:44:59
154,2.91988,0.58113,23359,4649,23359,4649,0.0,0,0,CleanAir,0.0,2026-09-18 23:44:59
155,2.91138,0.57838,23291,4627,23291,4627,0.0,0,0,CleanAir,0.0,2026-09-18 23:45:00
156,2.90188,0.57713,23215,4617,23215,4617,0.0,0,0,CleanAir,0.0,2026-09-18 23:45:00
157,2.89325,0.57812,23146,4625,23146,4625,0.0,0,0,CleanAir,0.0,2026-09-18 23:45:00
158,2.88413,0.58,23073,4640,23073,4640,0.0,0,0,CleanAir,0.0,2026-09-18 23:45:01
159,2.849,0.581,22792,4648,22792,4648,0.0,0,0,CleanAir,0.0,2026-09-18 23:45:01
160,2.8665,0.578,22932,4624,22932,4624,0.0,0,0,CleanAir,0.0,2026-09-18 23:45:01
161,2.83338,0.5765,22667,4612,22667,4612,0.0,0,0,CleanAir,0.0,2026-09-18 23:45:02
162,2.85188,0.57613,22815,4609,22815,4609,0.0,0,0,CleanAir,0.0,2026-09-18 23:45:02
163,2.8415,0.57625,22732,4610,22732,4610,0.0,0,0,CleanAir,0.0,2026-09-18 23:45:03
164,2.83125,0.58113,22650,4649,22650,4649,0.0,0,0,CleanAir,0.0,2026-09-18 23:45:03
165,2.79775,0.58,22382,4640,22382,4640,0.0,0,0,CleanAir,0.0,2026-09-18 23:45:04
166,2.81613,0.581,22529,4648,22529,4648,0.0,0,0,CleanAir,0.0,2026-09-18 23:45:04
167,2.79413,0.57975,22353,4638,22353,4638,0.0,0,0,CleanAir,0.0,2026-09-18 23:45:04
168,2.80463,0.57613,22437,4609,22437,4609,0.0,0,0,CleanAir,0.0,2026-09-18 23:45:05
169,2.79675,0.57763,22374,4621,22374,4621,0.0,0,0,CleanAir,0.0,2026-09-18 23:45:05
170,2.76538,0.5785,22123,4628,22123,4628,0.0,0,0,CleanAir,0.0,2026-09-18 23:45:06
171,2.78538,0.57738,22283,4619,22283,4619,0.0,0,0,CleanAir,0.0,2026-09-18 23:45:06
172,2.7775,0.57588,22220,4607,22220,4607,0.0,0,0,CleanAir,0.0,2026-09-18 23:45:06
173,2.77338,0.5765,22187,4612,22187,4612,0.0,0,0,CleanAir,0.0,2026-09-18 23:45:07
174,2.7545,0.57863,22036,4629,22036,4629,0.0,0,0,CleanAir,0.0,2026-09-18 23:45:07
175,2.73763,0.57688,21901,4615,21901,4615,0.0,0,0,CleanAir,0.0,2026-09-18 23:45:08
176,2.75813,0.57725,22065,4618,22065,4618,0.0,0,0,CleanAir,0.0,2026-09-18 23:45:08
177,2.754,0.57663,22032,4613,22032,4613,0.0,0,0,CleanAir,0.0,2026-09-18 23:45:08
178,2.74713,0.58088,21977,4647,21977,4647,0.0,0,0,CleanAir,0.0,2026-09-18 23:45:09
179,2.71825,0.58038,21746,4643,21746,4643,0.0,0,0,CleanAir,0.0,2026-09-18 23:45:09
180,2.73913,0.58088,21913,4647,21913,4647,0.0,0,0,CleanAir,0.0,2026-09-18 23:45:10
181,2.7335,0.579,21868,4632,21868,4632,0.0,0,0,CleanAir,0.0,2026-09-18 23:45:10
182,2.7065,0.57675,21652,4614,21652,4614,0.0,0,0,CleanAir,0.0,2026-09-18 23:45:11
183,2.7275,0.581,21820,4648,21820,4648,0.0,0,0,CleanAir,0.0,2026-09-18 23:45:11
184,2.70675,0.58113,21654,4649,21654,4649,0.0,0,0,CleanAir,0.0,2026-09-18 23:45:11
185,2.69638,0.58113,21571,4649,21571,4649,0.0,0,0,CleanAir,0.0,2026-09-18 23:45:12
186,2.71913,0.57812,21753,4625,21753,4625,0.0,0,0,CleanAir,0.0,2026-09-18 23:45:12
187,2.716,0.57925,21728,4634,21728,4634,0.0,0,0,CleanAir,0.0,2026-09-18 23:45:12
188,2.69613,0.58125,21569,4650,21569,4650,0.0,0,0,CleanAir,0.0,2026-09-18 23:45:13
189,2.70963,0.58038,21677,4643,21677,4643,0.0,0,0,CleanAir,0.0,2026-09-18 23:45:13
190,2.70625,0.57625,21650,4610,21650,4610,0.0,0,0,CleanAir,0.0,2026-09-18 23:45:14
191,2.70388,0.57688,21631,4615,21631,4615,0.0,0,0,CleanAir,0.0,2026-09-18 23:45:14
192,2.70063,0.577,21605,4616,21605,4616,0.0,0,0,CleanAir,0.0,2026-09-18 23:45:14
193,2.69563,0.58113,21565,4649,21565,4649,0.0,0,0,CleanAir,0.0,2026-09-18 23:45:15
194,2.67713,0.57838,21417,4627,21417,4627,0.0,0,0,CleanAir,0.0,2026-09-18 23:45:15
195,2.66963,0.581,21357,4648,21357,4648,0.0,0,0,CleanAir,0.0,2026-09-18 23:45:16
196,2.66713,0.58113,21337,4649,21337,4649,0.0,0,0,CleanAir,0.0,2026-09-18 23:45:16
197,2.69163,0.57825,21533,4626,21533,4626,0.0,0,0,CleanAir,0.0,2026-09-18 23:45:16
198,2.66763,0.581,21341,4648,21341,4648,0.0,0,0,CleanAir,0.0,2026-09-18 23:45:17
199,2.68813,0.57863,21505,4629,21505,4629,0.0,0,0,CleanAir,0.0,2026-09-18 23:45:17
200,2.66663,0.57588,21333,4607,21333,4607,0.0,0,0,CleanAir,0.0,2026-09-18 23:45:17
201,2.65875,0.5775,21270,4620,21270,4620,0.0,0,0,CleanAir,0.0,2026-09-18 23:45:18
202,2.68175,0.58,21454,4640,21454,4640,0.0,0,0,CleanAir,0.0,2026-09-18 23:45:18
203,2.65638,0.577,21251,4616,21251,4616,0.0,0,0,CleanAir,0.0,2026-09-18 23:45:18
204,2.67963,0.57575,21437,4606,21437,4606,0.0,0,0,CleanAir,0.0,2026-09-18 23:45:19
205,2.65563,0.57638,21245,4611,21245,4611,0.0,0,0,CleanAir,0.0,2026-09-18 23:45:19
206,2.6765,0.57688,21412,4615,21412,4615,0.0,0,0,CleanAir,0.0,2026-09-18 23:45:20
207,2.65138,0.5785,21211,4628,21211,4628,0.0,0,0,CleanAir,0.0,2026-09-18 23:45:20
208,2.67425,0.57963,21394,4637,21394,4637,0.0,0,0,CleanAir,0.0,2026-09-18 23:45:20
209,2.64888,0.57788,21191,4623,21191,4623,0.0,0,0,CleanAir,0.0,2026-09-18 23:45:21
210,2.671,0.58113,21368,4649,21368,4649,0.0,0,0,CleanAir,0.0,2026-09-18 23:45:21
211,2.64575,0.58088,21166,4647,21166,4647,0.0,0,0,CleanAir,0.0,2026-09-18 23:45:21
212,2.66925,0.58125,21354,4650,21354,4650,0.0,0,0,CleanAir,0.0,2026-09-18 23:45:22
213,2.6435,0.58075,21148,4646,21148,4646,0.0,0,0,CleanAir,0.0,2026-09-18 23:45:22
214,2.66725,0.57588,21338,4607,21338,4607,0.0,0,0,CleanAir,0.0,2026-09-18 23:45:23
215,2.6425,0.57775,21140,4622,21140,4622,0.0,0,0,CleanAir,0.0,2026-09-18 23:45:23
216,2.66525,0.57763,21322,4621,21322,4621,0.0,0,0,CleanAir,0.0,2026-09-18 23:45:23
217,2.64025,0.57725,21122,4618,21122,4618,0.0,0,0,CleanAir,0.0,2026-09-18 23:45:24
218,2.663,0.58088,21304,4647,21304,4647,0.0,0,0,CleanAir,0.0,2026-09-18 23:45:24
219,2.66175,0.58075,21294,4646,21294,4646,0.0,0,0,CleanAir,0.0,2026-09-18 23:45:24
220,2.66088,0.578,21287,4624,21287,4624,0.0,0,0,CleanAir,0.0,2026-09-18 23:45:25
221,2.64288,0.57713,21143,4617,21143,4617,0.0,0,0,CleanAir,0.0,2026-09-18 23:45:25
222,2.66038,0.577,21283,4616,21283,4616,0.0,0,0,CleanAir,0.0,2026-09-18 23:45:26
223,2.63538,0.5805,21083,4644,21083,4644,0.0,0,0,CleanAir,0.0,2026-09-18 23:45:26
224,2.65938,0.57812,21275,4625,21275,4625,0.0,0,0,CleanAir,0.0,2026-09-18 23:45:26
225,2.64413,0.58,21153,4640,21153,4640,0.0,0,0,CleanAir,0.0,2026-09-18 23:45:27
226,2.65638,0.57713,21251,4617,21251,4617,0.0,0,0,CleanAir,0.0,2026-09-18 23:45:27
227,2.63163,0.57875,21053,4630,21053,4630,0.0,0,0,CleanAir,0.0,2026-09-18 23:45:27
228,2.657,0.57738,21256,4619,21256,4619,0.0,0,0,CleanAir,0.0,2026-09-18 23:45:28
229,2.65488,0.58038,21239,4643,21239,4643,0.0,0,0,CleanAir,0.0,2026-09-18 23:45:28
230,2.655,0.576,21240,4608,21240,4608,0.0,0,0,CleanAir,0.0,2026-09-18 23:45:29
231,2.65363,0.57925,21229,4634,21229,4634,0.0,0,0,CleanAir,0.0,2026-09-18 23:45:29
232,2.65375,0.57675,21230,4614,21230,4614,0.0,0,0,CleanAir,0.0,2026-09-18 23:45:29
233,2.62888,0.5765,21031,4612,21031,4612,0.0,0,0,CleanAir,0.0,2026-09-18 23:45:30
234,2.62875,0.57725,21030,4618,21030,4618,0.0,0,0,CleanAir,0.0,2026-09-18 23:45:30
235,2.65213,0.58125,21217,4650,21217,4650,0.0,0,0,CleanAir,0.0,2026-09-18 23:45:30
236,2.62675,0.58063,21014,4645,21014,4645,0.0,0,0,CleanAir,0.0,2026-09-18 23:45:31
237,2.65075,0.57775,21206,4622,21206,4622,0.0,0,0,CleanAir,0.0,2026-09-18 23:45:31
238,2.62613,0.57675,21009,4614,21009,4614,0.0,0,0,CleanAir,0.0,2026-09-18 23:45:32
239,2.65,0.57575,21200,4606,21200,4606,0.0,0,0,CleanAir,0.0,2026-09-18 23:45:32
240,2.64975,0.58138,21198,4651,21198,4651,0.0,0,0,CleanAir,0.0,2026-09-18 23:45:32
241,2.62588,0.57913,21007,4633,21007,4633,0.0,0,0,CleanAir,0.0,2026-09-18 23:45:33
242,2.64875,0.58113,21190,4649,21190,4649,0.0,0,0,CleanAir,0.0,2026-09-18 23:45:33
243,2.62438,0.58075,20995,4646,20995,4646,0.0,0,0,CleanAir,0.0,2026-09-18 23:45:33
244,2.6485,0.58088,21188,4647,21188,4647,0.0,0,0,CleanAir,0.0,2026-09-18 23:45:34
245,2.62525,0.57725,21002,4618,21002,4618,0.0,0,0,CleanAir,0.0,2026-09-18 23:45:34
246,2.64825,0.5785,21186,4628,21186,4628,0.0,0,0,CleanAir,0.0,2026-09-18 23:45:35
247,2.62263,0.581,20981,4648,20981,4648,0.0,0,0,CleanAir,0.0,2026-09-18 23:45:35
248,2.62213,0.58038,20977,4643,20977,4643,0.0,0,0,CleanAir,0.0,2026-09-18 23:45:35
249,2.6225,0.57713,20980,4617,20980,4617,0.0,0,0,CleanAir,0.0,2026-09-18 23:45:36
0,2.513,0.58025,20104,4642,20104,4642,3.3,255,0,CleanAir,0.0,2026-09-18 23:45:36
1,2.51463,0.582,20117,4656,20117,4656,3.3,255,0,CleanAir,0.0,2026-09-18 23:45:36
2,2.57413,0.58525,20593,4682,20593,4682,3.3,255,0,CleanAir,0.0,2026-09-18 23:45:37
3,2.60588,0.58488,20847,4679,20847,4679,3.3,255,0,CleanAir,0.0,2026-09-18 23:45:37
4,2.60963,0.58513,20877,4681,20877,4681,3.3,255,0,CleanAir,0.0,2026-09-18 23:45:38
5,2.66363,0.58225,21309,4658,21309,4658,3.3,255,0,CleanAir,0.0,2026-09-18 23:45:38
6,2.69025,0.58088,21522,4647,21522,4647,3.3,255,0,CleanAir,0.0,2026-09-18 23:45:38
7,2.71413,0.5805,21713,4644,21713,4644,3.3,255,0,CleanAir,0.0,2026-09-18 23:45:39
8,2.74063,0.58138,21925,4651,21925,4651,3.3,255,0,CleanAir,0.0,2026-09-18 23:45:39
9,2.76325,0.582,22106,4656,22106,4656,3.3,255,0,CleanAir,0.0,2026-09-18 23:45:39
10,2.7855,0.58138,22284,4651,22284,4651,3.3,255,0,CleanAir,0.0,2026-09-18 23:45:40
11,2.78088,0.58275,22247,4662,22247,4662,3.3,255,0,CleanAir,0.0,2026-09-18 23:45:40
12,2.832,0.58563,22656,4685,22656,4685,3.3,255,0,CleanAir,0.0,2026-09-18 23:45:40
13,2.82375,0.58538,22590,4683,22590,4683,3.3,255,0,CleanAir,0.0,2026-09-18 23:45:41
14,2.869,0.58363,22952,4669,22952,4669,3.3,255,0,CleanAir,0.0,2026-09-18 23:45:41
15,2.8655,0.5825,22924,4660,22924,4660,3.3,255,0,CleanAir,0.0,2026-09-18 23:45:42
16,2.8965,0.58113,23172,4649,23172,4649,3.3,255,0,CleanAir,0.0,2026-09-18 23:45:42
17,2.9235,0.581,23388,4648,23388,4648,3.3,255,0,CleanAir,0.0,2026-09-18 23:45:42
18,2.94325,0.5825,23546,4660,23546,4660,3.3,255,0,CleanAir,0.0,2026-09-18 23:45:43
19,2.92925,0.5855,23434,4684,23434,4684,3.3,255,0,CleanAir,0.0,2026-09-18 23:45:43
20,2.96875,0.58088,23750,4647,23750,4647,3.3,255,0,CleanAir,0.0,2026-09-18 23:45:44
21,2.9575,0.58088,23660,4647,23660,4647,3.3,255,0,CleanAir,0.0,2026-09-18 23:45:44
22,2.98388,0.58125,23871,4650,23871,4650,3.3,255,0,CleanAir,0.0,2026-09-18 23:45:44
23,3.00588,0.58363,24047,4669,24047,4669,3.3,255,0,CleanAir,0.0,2026-09-18 23:45:45
24,3.01713,0.582,24137,4656,24137,4656,3.3,255,0,CleanAir,0.0,2026-09-18 23:45:45
25,2.99788,0.5855,23983,4684,23983,4684,3.3,255,0,CleanAir,0.0,2026-09-18 23:45:46
26,3.03488,0.58413,24279,4673,24279,4673,3.3,255,0,CleanAir,0.0,2026-09-18 23:45:46
27,3.02813,0.58163,24225,4653,24225,4653,3.3,255,0,CleanAir,0.0,2026-09-18 23:45:46
28,3.05225,0.58125,24418,4650,24418,4650,3.3,255,0,CleanAir,0.0,2026-09-18 23:45:47
29,3.0415,0.58038,24332,4643,24332,4643,3.3,255,0,CleanAir,0.0,2026-09-18 23:45:47
30,3.06625,0.58175,24530,4654,24530,4654,3.3,255,0,CleanAir,0.0,2026-09-18 23:45:47
31,3.07388,0.58538,24591,4683,24591,4683,3.3,255,0,CleanAir,0.0,2026-09-18 23:45:48
32,3.052,0.58213,24416,4657,24416,4657,3.3,255,0,CleanAir,0.0,2026-09-18 23:45:48
33,3.0735,0.58088,24588,4647,24588,4647,3.3,255,0,CleanAir,0.0,2026-09-18 23:45:48
34,3.09413,0.582,24753,4656,24753,4656,3.3,255,0,CleanAir,0.0,2026-09-18 23:45:49
35,3.071,0.58263,24568,4661,24568,4661,3.3,255,0,CleanAir,0.0,2026-09-18 23:45:49
36,3.10588,0.58175,24847,4654,24847,4654,3.3,255,0,CleanAir,0.0,2026-09-18 23:45:49
37,3.08325,0.58363,24666,4669,24666,4669,3.3,255,0,CleanAir,0.0,2026-09-18 23:45:50
38,3.11563,0.58488,24925,4679,24925,4679,3.3,255,0,CleanAir,0.0,2026-09-18 23:45:50
39,3.12025,0.58525,24962,4682,24962,4682,3.3,255,0,CleanAir,0.0,2026-09-18 23:45:51
40,3.12688,0.58438,25015,4675,25015,4675,3.3,255,0,CleanAir,0.0,2026-09-18 23:45:51
41,3.10213,0.58575,24817,4686,24817,4686,3.3,255,0,CleanAir,0.0,2026-09-18 23:45:51
42,3.13563,0.58188,25085,4655,25085,4655,3.3,255,0,CleanAir,0.0,2026-09-18 23:45:52
43,3.11013,0.58125,24881,4650,24881,4650,3.3,255,0,CleanAir,0.0,2026-09-18 23:45:52
44,3.143,0.58238,25144,4659,25144,4659,3.3,255,0,CleanAir,0.0,2026-09-18 23:45:52
45,3.12813,0.583,25025,4664,25025,4664,3.3,255,0,CleanAir,0.0,2026-09-18 23:45:53
46,3.15113,0.58225,25209,4658,25209,4658,3.3,255,0,CleanAir,0.0,2026-09-18 23:45:53
47,3.13288,0.583,25063,4664,25063,4664,3.3,255,0,CleanAir,0.0,2026-09-18 23:45:54
48,3.157,0.58513,25256,4681,25256,4681,3.3,255,0,CleanAir,0.0,2026-09-18 23:45:54
49,3.16063,0.58463,25285,4677,25285,4677,3.3,255,0,CleanAir,0.0,2026-09-18 23:45:54
50,3.16338,0.58125,25307,4650,25307,4650,3.3,255,0,CleanAir,0.0,2026-09-18 23:45:55
51,3.16625,0.581,25330,4648,25330,4648,3.3,255,0,CleanAir,0.0,2026-09-18 23:45:56
52,3.14313,0.5815,25145,4652,25145,4652,3.3,255,0,CleanAir,0.0,2026-09-18 23:45:56
53,3.14525,0.5835,25162,4668,25162,4668,3.3,255,0,CleanAir,0.0,2026-09-18 23:45:57
54,3.14775,0.58563,25182,4685,25182,4685,3.3,255,0,CleanAir,0.0,2026-09-18 23:45:57
55,3.17938,0.58538,25435,4683,25435,4683,3.3,255,0,CleanAir,0.0,2026-09-18 23:45:57
56,3.158,0.58175,25264,4654,25264,4654,3.3,255,0,CleanAir,0.0,2026-09-18 23:45:58
57,3.18488,0.58313,25479,4665,25479,4665,3.3,255,0,CleanAir,0.0,2026-09-18 23:45:58
58,3.17863,0.58475,25429,4678,25429,4678,3.3,255,0,CleanAir,0.0,2026-09-18 23:45:59
59,3.1895,0.58113,25516,4649,25516,4649,3.3,255,0,CleanAir,0.0,2026-09-18 23:45:59
60,3.19088,0.58063,25527,4645,25527,4645,3.3,255,0,CleanAir,0.0,2026-09-18 23:45:59
61,3.19288,0.58213,25543,4657,25543,4657,3.3,255,0,CleanAir,0.0,2026-09-18 23:46:00
62,3.19463,0.58538,25557,4683,25557,4683,3.3,255,0,CleanAir,0.0,2026-09-18 23:46:01
63,3.17913,0.58238,25433,4659,25433,4659,3.3,255,0,CleanAir,0.0,2026-09-18 23:46:01
64,3.16838,0.58338,25347,4667,25347,4667,3.3,255,0,CleanAir,0.0,2026-09-18 23:46:01
65,3.19888,0.58538,25591,4683,25591,4683,3.3,255,0,CleanAir,0.0,2026-09-18 23:46:02
66,3.19938,0.58338,25595,4667,25595,4667,3.3,255,0,CleanAir,0.0,2026-09-18 23:46:02
67,3.17063,0.58175,25365,4654,25365,4654,3.3,255,0,CleanAir,0.0,2026-09-18 23:46:02
68,3.2015,0.58063,25612,4645,25612,4645,3.3,255,0,CleanAir,0.0,2026-09-18 23:46:03
69,3.20313,0.58163,25625,4653,25625,4653,3.3,255,0,CleanAir,0.0,2026-09-18 23:46:03
70,3.20388,0.58188,25631,4655,25631,4655,3.3,255,0,CleanAir,0.0,2026-09-18 23:46:03
71,3.20425,0.58463,25634,4677,25634,4677,3.3,255,0,CleanAir,0.0,2026-09-18 23:46:04
72,3.205,0.58275,25640,4662,25640,4662,3.3,255,0,CleanAir,0.0,2026-09-18 23:46:04
73,3.20588,0.58088,25647,4647,25647,4647,3.3,255,0,CleanAir,0.0,2026-09-18 23:46:05
74,3.207,0.58113,25656,4649,25656,4649,3.3,255,0,CleanAir,0.0,2026-09-18 23:46:05
75,3.20788,0.58075,25663,4646,25663,4646,3.3,255,0,CleanAir,0.0,2026-09-18 23:46:05
76,3.17888,0.5815,25431,4652,25431,4652,3.3,255,0,CleanAir,0.0,2026-09-18 23:46:06
77,3.20988,0.5855,25679,4684,25679,4684,3.3,255,0,CleanAir,0.0,2026-09-18 23:46:06
78,3.21038,0.58438,25683,4675,25683,4675,3.3,255,0,CleanAir,0.0,2026-09-18 23:46:07
79,3.21088,0.58513,25687,4681,25687,4681,3.3,255,0,CleanAir,0.0,2026-09-18 23:46:07
80,3.21075,0.58225,25686,4658,25686,4658,3.3,255,0,CleanAir,0.0,2026-09-18 23:46:07
81,3.18188,0.5815,25455,4652,25455,4652,3.3,255,0,CleanAir,0.0,2026-09-18 23:46:08
82,3.201,0.58138,25608,4651,25608,4651,3.3,255,0,CleanAir,0.0,2026-09-18 23:46:08
83,3.21188,0.5855,25695,4684,25695,4684,3.3,255,0,CleanAir,0.0,2026-09-18 23:46:08
84,3.18438,0.58275,25475,4662,25475,4662,3.3,255,0,CleanAir,0.0,2026-09-18 23:46:09
85,3.21413,0.58313,25713,4665,25713,4665,3.3,255,0,CleanAir,0.0,2026-09-18 23:46:09
86,3.1845,0.58213,25476,4657,25476,4657,3.3,255,0,CleanAir,0.0,2026-09-18 23:46:10
87,3.21375,0.5855,25710,4684,25710,4684,3.3,255,0,CleanAir,0.0,2026-09-18 23:46:10
88,3.18463,0.58563,25477,4685,25477,4685,3.3,255,0,CleanAir,0.0,2026-09-18 23:46:10
89,3.21425,0.58425,25714,4674,25714,4674,3.3,255,0,CleanAir,0.0,2026-09-18 23:46:11
90,3.18513,0.585,25481,4680,25481,4680,3.3,255,0,CleanAir,0.0,2026-09-18 23:46:11
91,3.21638,0.58063,25731,4645,25731,4645,3.3,255,0,CleanAir,0.0,2026-09-18 23:46:11
92,3.21588,0.58538,25727,4683,25727,4683,3.3,255,0,CleanAir,0.0,2026-09-18 23:46:12
93,3.21738,0.58513,25739,4681,25739,4681,3.3,255,0,CleanAir,0.0,2026-09-18 23:46:12
94,3.21688,0.5855,25735,4684,25735,4684,3.3,255,0,CleanAir,0.0,2026-09-18 23:46:12
95,3.19663,0.58213,25573,4657,25573,4657,3.3,255,0,CleanAir,0.0,2026-09-18 23:46:13
96,3.21663,0.5825,25733,4660,25733,4660,3.3,255,0,CleanAir,0.0,2026-09-18 23:46:13
97,3.21713,0.58325,25737,4666,25737,4666,3.3,255,0,CleanAir,0.0,2026-09-18 23:46:14
98,3.21738,0.5835,25739,4668,25739,4668,3.3,255,0,CleanAir,0.0,2026-09-18 23:46:14
99,3.21725,0.58125,25738,4650,25738,4650,3.3,255,0,CleanAir,0.0,2026-09-18 23:46:14
100,3.188,0.58175,25504,4654,25504,4654,3.3,255,0,CleanAir,0.0,2026-09-18 23:46:15
101,3.18775,0.58475,25502,4678,25502,4678,3.3,255,0,CleanAir,0.0,2026-09-18 23:46:15
102,3.18913,0.58438,25513,4675,25513,4675,3.3,255,0,CleanAir,0.0,2026-09-18 23:46:15
103,3.18913,0.58,25513,4640,25513,4640,3.3,255,0,CleanAir,0.0,2026-09-18 23:46:16
104,3.2185,0.58475,25748,4678,25748,4678,3.3,255,0,CleanAir,0.0,2026-09-18 23:46:16
105,3.18925,0.58125,25514,4650,25514,4650,3.3,255,0,CleanAir,0.0,2026-09-18 23:46:17
106,3.21925,0.58138,25754,4651,25754,4651,3.3,255,0,CleanAir,0.0,2026-09-18 23:46:17
107,3.2195,0.5825,25756,4660,25756,4660,3.3,255,0,CleanAir,0.0,2026-09-18 23:46:18
108,3.20188,0.586,25615,4688,25615,4688,3.3,255,0,CleanAir,0.0,2026-09-18 23:46:18
109,3.19013,0.58588,25521,4687,25521,4687,3.3,255,0,CleanAir,0.0,2026-09-18 23:46:18
110,3.20638,0.586,25651,4688,25651,4688,3.3,255,0,CleanAir,0.0,2026-09-18 23:46:19
111,3.22075,0.585,25766,4680,25766,4680,3.3,255,0,CleanAir,0.0,2026-09-18 23:46:19
112,3.221,0.58275,25768,4662,25768,4662,3.3,255,0,CleanAir,0.0,2026-09-18 23:46:20
113,3.22088,0.58313,25767,4665,25767,4665,3.3,255,0,CleanAir,0.0,2026-09-18 23:46:20
114,3.22138,0.58175,25771,4654,25771,4654,3.3,255,0,CleanAir,0.0,2026-09-18 23:46:20
115,3.19,0.58563,25520,4685,25520,4685,3.3,255,0,CleanAir,0.0,2026-09-18 23:46:21
116,3.219,0.58125,25752,4650,25752,4650,3.3,255,0,CleanAir,0.0,2026-09-18 23:46:21
117,3.21488,0.58175,25719,4654,25719,4654,3.3,255,0,CleanAir,0.0,2026-09-18 23:46:22
118,3.22138,0.5855,25771,4684,25771,4684,3.3,255,0,CleanAir,0.0,2026-09-18 23:46:22
119,3.22175,0.582,25774,4656,25774,4656,3.3,255,0,CleanAir,0.0,2026-09-18 23:46:23
120,3.208,0.58175,25664,4654,25664,4654,3.3,255,0,CleanAir,0.0,2026-09-18 23:46:23
121,3.19275,0.58238,25542,4659,25542,4659,3.3,255,0,CleanAir,0.0,2026-09-18 23:46:23
122,3.19463,0.58188,25557,4655,25557,4655,3.3,255,0,CleanAir,0.0,2026-09-18 23:46:24
123,3.22275,0.58125,25782,4650,25782,4650,3.3,255,0,CleanAir,0.0,2026-09-18 23:46:24
124,3.21463,0.58225,25717,4658,25717,4658,3.3,255,0,CleanAir,0.0,2026-09-18 23:46:24
125,3.42738,0.57838,27419,4627,27419,4627,0.0,0,0,CleanAir,0.0,2026-09-18 23:46:25
126,3.40125,0.57838,27210,4627,27210,4627,0.0,0,0,CleanAir,0.0,2026-09-18 23:46:25
127,3.38513,0.5785,27081,4628,27081,4628,0.0,0,0,CleanAir,0.0,2026-09-18 23:46:25
128,3.36238,0.578,26899,4624,26899,4624,0.0,0,0,CleanAir,0.0,2026-09-18 23:46:26
129,3.3405,0.5785,26724,4628,26724,4628,0.0,0,0,CleanAir,0.0,2026-09-18 23:46:26
130,3.316,0.5785,26528,4628,26528,4628,0.0,0,0,CleanAir,0.0,2026-09-18 23:46:27
131,3.29688,0.57913,26375,4633,26375,4633,0.0,0,0,CleanAir,0.0,2026-09-18 23:46:27
132,3.276,0.57713,26208,4617,26208,4617,0.0,0,0,CleanAir,0.0,2026-09-18 23:46:27
133,3.25525,0.57613,26042,4609,26042,4609,0.0,0,0,CleanAir,0.0,2026-09-18 23:46:28
134,3.23588,0.57713,25887,4617,25887,4617,0.0,0,0,CleanAir,0.0,2026-09-18 23:46:28
135,3.18763,0.578,25501,4624,25501,4624,0.0,0,0,CleanAir,0.0,2026-09-18 23:46:28
136,3.19888,0.57875,25591,4630,25591,4630,0.0,0,0,CleanAir,0.0,2026-09-18 23:46:29
137,3.18075,0.57788,25446,4623,25446,4623,0.0,0,0,CleanAir,0.0,2026-09-18 23:46:29
138,3.156,0.58138,25248,4651,25248,4651,0.0,0,0,CleanAir,0.0,2026-09-18 23:46:30
139,3.11088,0.581,24887,4648,24887,4648,0.0,0,0,CleanAir,0.0,2026-09-18 23:46:30
140,3.12225,0.58125,24978,4650,24978,4650,0.0,0,0,CleanAir,0.0,2026-09-18 23:46:30
141,3.10675,0.58125,24854,4650,24854,4650,0.0,0,0,CleanAir,0.0,2026-09-18 23:46:31
142,3.07075,0.58013,24566,4641,24566,4641,0.0,0,0,CleanAir,0.0,2026-09-18 23:46:31
143,3.044,0.5805,24352,4644,24352,4644,0.0,0,0,CleanAir,0.0,2026-09-18 23:46:32
144,3.037,0.58125,24296,4650,24296,4650,0.0,0,0,CleanAir,0.0,2026-09-18 23:46:32
145,3.001,0.58038,24008,4643,24008,4643,0.0,0,0,CleanAir,0.0,2026-09-18 23:46:33
146,3.01563,0.5785,24125,4628,24125,4628,0.0,0,0,CleanAir,0.0,2026-09-18 23:46:33
147,2.99975,0.57925,23998,4634,23998,4634,0.0,0,0,CleanAir,0.0,2026-09-18 23:46:33
148,2.97738,0.57675,23819,4614,23819,4614,0.0,0,0,CleanAir,0.0,2026-09-18 23:46:34
149,2.97563,0.57675,23805,4614,23805,4614,0.0,0,0,CleanAir,0.0,2026-09-18 23:46:34
150,2.96113,0.57625,23689,4610,23689,4610,0.0,0,0,CleanAir,0.0,2026-09-18 23:46:35
151,2.92688,0.57775,23415,4622,23415,4622,0.0,0,0,CleanAir,0.0,2026-09-18 23:46:35
152,2.94063,0.57713,23525,4617,23525,4617,0.0,0,0,CleanAir,0.0,2026-09-18 23:46:35
153,2.93288,0.57738,23463,4619,23463,4619,0.0,0,0,CleanAir,0.0,2026-09-18 23:46:36
154,2.91763,0.578,23341,4624,23341,4624,0.0,0,0,CleanAir,0.0,2026-09-18 23:46:36
155,2.91325,0.57738,23306,4619,23306,4619,0.0,0,0,CleanAir,0.0,2026-09-18 23:46:36
156,2.90313,0.57963,23225,4637,23225,4637,0.0,0,0,CleanAir,0.0,2026-09-18 23:46:37
157,2.89438,0.57613,23155,4609,23155,4609,0.0,0,0,CleanAir,0.0,2026-09-18 23:46:37
158,2.88563,0.57613,23085,4609,23085,4609,0.0,0,0,CleanAir,0.0,2026-09-18 23:46:37
159,2.87663,0.5775,23013,4620,23013,4620,0.0,0,0,CleanAir,0.0,2026-09-18 23:46:38
160,2.86938,0.57638,22955,4611,22955,4611,0.0,0,0,CleanAir,0.0,2026-09-18 23:46:38
161,2.8615,0.57675,22892,4614,22892,4614,0.0,0,0,CleanAir,0.0,2026-09-18 23:46:38
162,2.85325,0.58063,22826,4645,22826,4645,0.0,0,0,CleanAir,0.0,2026-09-18 23:46:39
163,2.8345,0.577,22676,4616,22676,4616,0.0,0,0,CleanAir,0.0,2026-09-18 23:46:39
164,2.8375,0.57688,22700,4615,22700,4615,0.0,0,0,CleanAir,0.0,2026-09-18 23:46:40
165,2.83075,0.5785,22646,4628,22646,4628,0.0,0,0,CleanAir,0.0,2026-09-18 23:46:40
166,2.82375,0.57988,22590,4639,22590,4639,0.0,0,0,CleanAir,0.0,2026-09-18 23:46:40
167,2.81725,0.57975,22538,4638,22538,4638,0.0,0,0,CleanAir,0.0,2026-09-18 23:46:41
168,2.81113,0.5775,22489,4620,22489,4620,0.0,0,0,CleanAir,0.0,2026-09-18 23:46:41
169,2.78,0.5795,22240,4636,22240,4636,0.0,0,0,CleanAir,0.0,2026-09-18 23:46:41
170,2.79525,0.57812,22362,4625,22362,4625,0.0,0,0,CleanAir,0.0,2026-09-18 23:46:42
171,2.79425,0.57713,22354,4617,22354,4617,0.0,0,0,CleanAir,0.0,2026-09-18 23:46:42
172,2.78125,0.57838,22250,4627,22250,4627,0.0,0,0,CleanAir,0.0,2026-09-18 23:46:42
173,2.78375,0.578,22270,4624,22270,4624,0.0,0,0,CleanAir,0.0,2026-09-18 23:46:43
174,2.75275,0.58063,22022,4645,22022,4645,0.0,0,0,CleanAir,0.0,2026-09-18 23:46:43
175,2.77363,0.57788,22189,4623,22189,4623,0.0,0,0,CleanAir,0.0,2026-09-18 23:46:44
176,2.766,0.58,22128,4640,22128,4640,0.0,0,0,CleanAir,0.0,2026-09-18 23:46:44
177,2.73325,0.58125,21866,4650,21866,4650,0.0,0,0,CleanAir,0.0,2026-09-18 23:46:45
178,2.72888,0.58063,21831,4645,21831,4645,0.0,0,0,CleanAir,0.0,2026-09-18 23:46:45
179,2.75013,0.58075,22001,4646,22001,4646,0.0,0,0,CleanAir,0.0,2026-09-18 23:46:45
180,2.74663,0.57675,21973,4614,21973,4614,0.0,0,0,CleanAir,0.0,2026-09-18 23:46:46
181,2.74125,0.57812,21930,4625,21930,4625,0.0,0,0,CleanAir,0.0,2026-09-18 23:46:46
182,2.71438,0.581,21715,4648,21715,4648,0.0,0,0,CleanAir,0.0,2026-09-18 23:46:47
183,2.7335,0.58125,21868,4650,21868,4650,0.0,0,0,CleanAir,0.0,2026-09-18 23:46:47
184,2.7055,0.57625,21644,4610,21644,4610,0.0,0,0,CleanAir,0.0,2026-09-18 23:46:47
185,2.72725,0.57775,21818,4622,21818,4622,0.0,0,0,CleanAir,0.0,2026-09-18 23:46:48
186,2.72338,0.57725,21787,4618,21787,4618,0.0,0,0,CleanAir,0.0,2026-09-18 23:46:48
187,2.71988,0.58088,21759,4647,21759,4647,0.0,0,0,CleanAir,0.0,2026-09-18 23:46:49
188,2.71763,0.58138,21741,4651,21741,4651,0.0,0,0,CleanAir,0.0,2026-09-18 23:46:49
189,2.70013,0.57925,21601,4634,21601,4634,0.0,0,0,CleanAir,0.0,2026-09-18 23:46:49
190,2.687,0.57725,21496,4618,21496,4618,0.0,0,0,CleanAir,0.0,2026-09-18 23:46:50
191,2.70863,0.58125,21669,4650,21669,4650,0.0,0,0,CleanAir,0.0,2026-09-18 23:46:50
192,2.68138,0.58113,21451,4649,21451,4649,0.0,0,0,CleanAir,0.0,2026-09-18 23:46:50
193,2.70263,0.57863,21621,4629,21621,4629,0.0,0,0,CleanAir,0.0,2026-09-18 23:46:51
194,2.69775,0.57725,21582,4618,21582,4618,0.0,0,0,CleanAir,0.0,2026-09-18 23:46:52
195,2.67363,0.57825,21389,4626,21389,4626,0.0,0,0,CleanAir,0.0,2026-09-18 23:46:52
196,2.67063,0.58063,21365,4645,21365,4645,0.0,0,0,CleanAir,0.0,2026-09-18 23:46:52
197,2.66775,0.58088,21342,4647,21342,4647,0.0,0,0,CleanAir,0.0,2026-09-18 23:46:53
198,2.66663,0.57775,21333,4622,21333,4622,0.0,0,0,CleanAir,0.0,2026-09-18 23:46:53
199,2.67488,0.57675,21399,4614,21399,4614,0.0,0,0,CleanAir,0.0,2026-09-18 23:46:54
200,2.68363,0.57713,21469,4617,21469,4617,0.0,0,0,CleanAir,0.0,2026-09-18 23:46:55
201,2.6705,0.57713,21364,4617,21364,4617,0.0,0,0,CleanAir,0.0,2026-09-18 23:46:55
202,2.68063,0.57875,21445,4630,21445,4630,0.0,0,0,CleanAir,0.0,2026-09-18 23:46:55
203,2.6795,0.57812,21436,4625,21436,4625,0.0,0,0,CleanAir,0.0,2026-09-18 23:46:56
204,2.67688,0.577,21415,4616,21415,4616,0.0,0,0,CleanAir,0.0,2026-09-18 23:46:56
205,2.67625,0.57663,21410,4613,21410,4613,0.0,0,0,CleanAir,0.0,2026-09-18 23:46:57
206,2.6755,0.57663,21404,4613,21404,4613,0.0,0,0,CleanAir,0.0,2026-09-18 23:46:57
207,2.65013,0.57838,21201,4627,21201,4627,0.0,0,0,CleanAir,0.0,2026-09-18 23:46:57
208,2.66525,0.57738,21322,4619,21322,4619,0.0,0,0,CleanAir,0.0,2026-09-18 23:46:58
209,2.64788,0.57738,21183,4619,21183,4619,0.0,0,0,CleanAir,0.0,2026-09-18 23:46:58
210,2.67025,0.57588,21362,4607,21362,4607,0.0,0,0,CleanAir,0.0,2026-09-18 23:46:58
211,2.65025,0.5775,21202,4620,21202,4620,0.0,0,0,CleanAir,0.0,2026-09-18 23:46:59
212,2.66925,0.57725,21354,4618,21354,4618,0.0,0,0,CleanAir,0.0,2026-09-18 23:46:59
213,2.64388,0.57863,21151,4629,21151,4629,0.0,0,0,CleanAir,0.0,2026-09-18 23:46:59
214,2.66638,0.58138,21331,4651,21331,4651,0.0,0,0,CleanAir,0.0,2026-09-18 23:47:00
215,2.6415,0.57788,21132,4623,21132,4623,0.0,0,0,CleanAir,0.0,2026-09-18 23:47:00
216,2.665,0.57638,21320,4611,21320,4611,0.0,0,0,CleanAir,0.0,2026-09-18 23:47:01
217,2.6635,0.58088,21308,4647,21308,4647,0.0,0,0,CleanAir,0.0,2026-09-18 23:47:01
218,2.66375,0.57738,21310,4619,21310,4619,0.0,0,0,CleanAir,0.0,2026-09-18 23:47:01
219,2.66213,0.58113,21297,4649,21297,4649,0.0,0,0,CleanAir,0.0,2026-09-18 23:47:02
220,2.66138,0.57812,21291,4625,21291,4625,0.0,0,0,CleanAir,0.0,2026-09-18 23:47:02
221,2.63763,0.5785,21101,4628,21101,4628,0.0,0,0,CleanAir,0.0,2026-09-18 23:47:03
222,2.65963,0.57613,21277,4609,21277,4609,0.0,0,0,CleanAir,0.0,2026-09-18 23:47:03
223,2.63475,0.57588,21078,4607,21078,4607,0.0,0,0,CleanAir,0.0,2026-09-18 23:47:03
224,2.65788,0.57788,21263,4623,21263,4623,0.0,0,0,CleanAir,0.0,2026-09-18 23:47:04
225,2.63438,0.57812,21075,4625,21075,4625,0.0,0,0,CleanAir,0.0,2026-09-18 23:47:04
226,2.65688,0.581,21255,4648,21255,4648,0.0,0,0,CleanAir,0.0,2026-09-18 23:47:04
227,2.65675,0.577,21254,4616,21254,4616,0.0,0,0,CleanAir,0.0,2026-09-18 23:47:05
228,2.6565,0.57788,21252,4623,21252,4623,0.0,0,0,CleanAir,0.0,2026-09-18 23:47:05
229,2.65588,0.57863,21247,4629,21247,4629,0.0,0,0,CleanAir,0.0,2026-09-18 23:47:05
230,2.65563,0.5775,21245,4620,21245,4620,0.0,0,0,CleanAir,0.0,2026-09-18 23:47:06
231,2.6545,0.581,21236,4648,21236,4648,0.0,0,0,CleanAir,0.0,2026-09-18 23:47:06
232,2.62888,0.57812,21031,4625,21031,4625,0.0,0,0,CleanAir,0.0,2026-09-18 23:47:07
233,2.6535,0.5775,21228,4620,21228,4620,0.0,0,0,CleanAir,0.0,2026-09-18 23:47:07
234,2.65313,0.57812,21225,4625,21225,4625,0.0,0,0,CleanAir,0.0,2026-09-18 23:47:07
235,2.65225,0.58088,21218,4647,21218,4647,0.0,0,0,CleanAir,0.0,2026-09-18 23:47:08
236,2.65225,0.57775,21218,4622,21218,4622,0.0,0,0,CleanAir,0.0,2026-09-18 23:47:08
237,2.62688,0.581,21015,4648,21015,4648,0.0,0,0,CleanAir,0.0,2026-09-18 23:47:08
238,2.65088,0.57988,21207,4639,21207,4639,0.0,0,0,CleanAir,0.0,2026-09-18 23:47:09
239,2.62613,0.57925,21009,4634,21009,4634,0.0,0,0,CleanAir,0.0,2026-09-18 23:47:09
240,2.65038,0.57788,21203,4623,21203,4623,0.0,0,0,CleanAir,0.0,2026-09-18 23:47:09
241,2.63775,0.58025,21102,4642,21102,4642,0.0,0,0,CleanAir,0.0,2026-09-18 23:47:10
242,2.64925,0.57675,21194,4614,21194,4614,0.0,0,0,CleanAir,0.0,2026-09-18 23:47:10
243,2.62488,0.5775,20999,4620,20999,4620,0.0,0,0,CleanAir,0.0,2026-09-18 23:47:11
244,2.64838,0.57675,21187,4614,21187,4614,0.0,0,0,CleanAir,0.0,2026-09-18 23:47:11
245,2.62888,0.57638,21031,4611,21031,4611,0.0,0,0,CleanAir,0.0,2026-09-18 23:47:11
246,2.6465,0.578,21172,4624,21172,4624,0.0,0,0,CleanAir,0.0,2026-09-18 23:47:12
247,2.6245,0.579,20996,4632,20996,4632,0.0,0,0,CleanAir,0.0,2026-09-18 23:47:12
248,2.64763,0.57788,21181,4623,21181,4623,0.0,0,0,CleanAir,0.0,2026-09-18 23:47:12
249,2.62375,0.57863,20990,4629,20990,4629,0.0,0,0,CleanAir,0.0,2026-09-18 23:47:13
0,2.51188,0.5845,20095,4676,20095,4676,3.3,255,0,CleanAir,0.0,2026-09-18 23:47:13
1,2.5375,0.58513,20300,4681,20300,4681,3.3,255,0,CleanAir,0.0,2026-09-18 23:47:14
2,2.57263,0.58313,20581,4665,20581,4665,3.3,255,0,CleanAir,0.0,2026-09-18 23:47:14
3,2.57988,0.58563,20639,4685,20639,4685,3.3,255,0,CleanAir,0.0,2026-09-18 23:47:14
4,2.62225,0.58525,20978,4682,20978,4682,3.3,255,0,CleanAir,0.0,2026-09-18 23:47:15
5,2.6485,0.58525,21188,4682,21188,4682,3.3,255,0,CleanAir,0.0,2026-09-18 23:47:15
6,2.69863,0.58013,21589,4641,21589,4641,3.3,255,0,CleanAir,0.0,2026-09-18 23:47:16
7,2.72575,0.58513,21806,4681,21806,4681,3.3,255,0,CleanAir,0.0,2026-09-18 23:47:16
8,2.749,0.58338,21992,4667,21992,4667,3.3,255,0,CleanAir,0.0,2026-09-18 23:47:16
9,2.75463,0.58425,22037,4674,22037,4674,3.3,255,0,CleanAir,0.0,2026-09-18 23:47:17
10,2.80175,0.5835,22414,4668,22414,4668,3.3,255,0,CleanAir,0.0,2026-09-18 23:47:17
11,2.79563,0.58388,22365,4671,22365,4671,3.3,255,0,CleanAir,0.0,2026-09-18 23:47:18
12,2.81575,0.58438,22526,4675,22526,4675,3.3,255,0,CleanAir,0.0,2026-09-18 23:47:18
13,2.86288,0.58225,22903,4658,22903,4658,3.3,255,0,CleanAir,0.0,2026-09-18 23:47:18
14,2.85338,0.58163,22827,4653,22827,4653,3.3,255,0,CleanAir,0.0,2026-09-18 23:47:19
15,2.8965,0.584,23172,4672,23172,4672,3.3,255,0,CleanAir,0.0,2026-09-18 23:47:19
16,2.90263,0.58025,23221,4642,23221,4642,3.3,255,0,CleanAir,0.0,2026-09-18 23:47:19
17,2.92713,0.58175,23417,4654,23417,4654,3.3,255,0,CleanAir,0.0,2026-09-18 23:47:20
18,2.94563,0.58088,23565,4647,23565,4647,3.3,255,0,CleanAir,0.0,2026-09-18 23:47:20
19,2.96125,0.58488,23690,4679,23690,4679,3.3,255,0,CleanAir,0.0,2026-09-18 23:47:21
20,2.96538,0.58475,23723,4678,23723,4678,3.3,255,0,CleanAir,0.0,2026-09-18 23:47:21
21,2.98463,0.5805,23877,4644,23877,4644,3.3,255,0,CleanAir,0.0,2026-09-18 23:47:21
22,2.97838,0.58175,23827,4654,23827,4654,3.3,255,0,CleanAir,0.0,2026-09-18 23:47:22
23,3.00638,0.581,24051,4648,24051,4648,3.3,255,0,CleanAir,0.0,2026-09-18 23:47:22
24,3.01625,0.58175,24130,4654,24130,4654,3.3,255,0,CleanAir,0.0,2026-09-18 23:47:22
25,3.0295,0.58225,24236,4658,24236,4658,3.3,255,0,CleanAir,0.0,2026-09-18 23:47:23
26,3.03863,0.58488,24309,4679,24309,4679,3.3,255,0,CleanAir,0.0,2026-09-18 23:47:23
27,3.02075,0.58363,24166,4669,24166,4669,3.3,255,0,CleanAir,0.0,2026-09-18 23:47:24
28,3.0565,0.5855,24452,4684,24452,4684,3.3,255,0,CleanAir,0.0,2026-09-18 23:47:24
29,3.06113,0.58188,24489,4655,24489,4655,3.3,255,0,CleanAir,0.0,2026-09-18 23:47:24
30,3.0815,0.583,24652,4664,24652,4664,3.3,255,0,CleanAir,0.0,2026-09-18 23:47:25
31,3.088,0.5855,24704,4684,24704,4684,3.3,255,0,CleanAir,0.0,2026-09-18 23:47:26
32,3.09413,0.58525,24753,4682,24753,4682,3.3,255,0,CleanAir,0.0,2026-09-18 23:47:26
33,3.10025,0.58463,24802,4677,24802,4677,3.3,255,0,CleanAir,0.0,2026-09-18 23:47:26
34,3.10925,0.58275,24874,4662,24874,4662,3.3,255,0,CleanAir,0.0,2026-09-18 23:47:27
35,3.11438,0.58563,24915,4685,24915,4685,3.3,255,0,CleanAir,0.0,2026-09-18 23:47:27
36,3.11988,0.58563,24959,4685,24959,4685,3.3,255,0,CleanAir,0.0,2026-09-18 23:47:28
37,3.12375,0.58525,24990,4682,24990,4682,3.3,255,0,CleanAir,0.0,2026-09-18 23:47:28
38,3.10038,0.58475,24803,4678,24803,4678,3.3,255,0,CleanAir,0.0,2026-09-18 23:47:28
39,3.12288,0.58113,24983,4649,24983,4649,3.3,255,0,CleanAir,0.0,2026-09-18 23:47:29
40,3.10688,0.58463,24855,4677,24855,4677,3.3,255,0,CleanAir,0.0,2026-09-18 23:47:29
41,3.11213,0.58588,24897,4687,24897,4687,3.3,255,0,CleanAir,0.0,2026-09-18 23:47:29
42,3.11588,0.58425,24927,4674,24927,4674,3.3,255,0,CleanAir,0.0,2026-09-18 23:47:30
43,3.11963,0.58375,24957,4670,24957,4670,3.3,255,0,CleanAir,0.0,2026-09-18 23:47:30
44,3.15188,0.58113,25215,4649,25215,4649,3.3,255,0,CleanAir,0.0,2026-09-18 23:47:31
45,3.1265,0.58125,25012,4650,25012,4650,3.3,255,0,CleanAir,0.0,2026-09-18 23:47:31
46,3.1585,0.58063,25268,4645,25268,4645,3.3,255,0,CleanAir,0.0,2026-09-18 23:47:31
47,3.16075,0.58538,25286,4683,25286,4683,3.3,255,0,CleanAir,0.0,2026-09-18 23:47:32
48,3.16338,0.58575,25307,4686,25307,4686,3.3,255,0,CleanAir,0.0,2026-09-18 23:47:32
49,3.13788,0.58538,25103,4683,25103,4683,3.3,255,0,CleanAir,0.0,2026-09-18 23:47:32
50,3.16525,0.58513,25322,4681,25322,4681,3.3,255,0,CleanAir,0.0,2026-09-18 23:47:33
51,3.14175,0.58438,25134,4675,25134,4675,3.3,255,0,CleanAir,0.0,2026-09-18 23:47:33
52,3.17288,0.5835,25383,4668,25383,4668,3.3,255,0,CleanAir,0.0,2026-09-18 23:47:34
53,3.17675,0.58425,25414,4674,25414,4674,3.3,255,0,CleanAir,0.0,2026-09-18 23:47:34
54,3.165,0.58563,25320,4685,25320,4685,3.3,255,0,CleanAir,0.0,2026-09-18 23:47:34
55,3.18063,0.5815,25445,4652,25445,4652,3.3,255,0,CleanAir,0.0,2026-09-18 23:47:35
56,3.18213,0.58063,25457,4645,25457,4645,3.3,255,0,CleanAir,0.0,2026-09-18 23:47:35
57,3.18363,0.58113,25469,4649,25469,4649,3.3,255,0,CleanAir,0.0,2026-09-18 23:47:35
58,3.186,0.58313,25488,4665,25488,4665,3.3,255,0,CleanAir,0.0,2026-09-18 23:47:36
59,3.15725,0.58575,25258,4686,25258,4686,3.3,255,0,CleanAir,0.0,2026-09-18 23:47:36
60,3.15925,0.58263,25274,4661,25274,4661,3.3,255,0,CleanAir,0.0,2026-09-18 23:47:37
61,3.16075,0.58225,25286,4658,25286,4658,3.3,255,0,CleanAir,0.0,2026-09-18 23:47:37
62,3.1915,0.58475,25532,4678,25532,4678,3.3,255,0,CleanAir,0.0,2026-09-18 23:47:38
63,3.18475,0.58038,25478,4643,25478,4643,3.3,255,0,CleanAir,0.0,2026-09-18 23:47:38
64,3.19438,0.58225,25555,4658,25555,4658,3.3,255,0,CleanAir,0.0,2026-09-18 23:47:38
65,3.18638,0.58313,25491,4665,25491,4665,3.3,255,0,CleanAir,0.0,2026-09-18 23:47:39
66,3.19625,0.58563,25570,4685,25570,4685,3.3,255,0,CleanAir,0.0,2026-09-18 23:47:39
67,3.19775,0.583,25582,4664,25582,4664,3.3,255,0,CleanAir,0.0,2026-09-18 23:47:40
68,3.16938,0.581,25355,4648,25355,4648,3.3,255,0,CleanAir,0.0,2026-09-18 23:47:40
69,3.17038,0.58175,25363,4654,25363,4654,3.3,255,0,CleanAir,0.0,2026-09-18 23:47:40
70,3.20138,0.58213,25611,4657,25611,4657,3.3,255,0,CleanAir,0.0,2026-09-18 23:47:41
71,3.20175,0.58375,25614,4670,25614,4670,3.3,255,0,CleanAir,0.0,2026-09-18 23:47:41
72,3.20188,0.58538,25615,4683,25615,4683,3.3,255,0,CleanAir,0.0,2026-09-18 23:47:41
73,3.20238,0.58513,25619,4681,25619,4681,3.3,255,0,CleanAir,0.0,2026-09-18 23:47:42
74,3.20325,0.58588,25626,4687,25626,4687,3.3,255,0,CleanAir,0.0,2026-09-18 23:47:42
75,3.175,0.58263,25400,4661,25400,4661,3.3,255,0,CleanAir,0.0,2026-09-18 23:47:43
76,3.20525,0.5845,25642,4676,25642,4676,3.3,255,0,CleanAir,0.0,2026-09-18 23:47:43
77,3.20575,0.58575,25646,4686,25646,4686,3.3,255,0,CleanAir,0.0,2026-09-18 23:47:43
78,3.20638,0.58488,25651,4679,25651,4679,3.3,255,0,CleanAir,0.0,2026-09-18 23:47:44
79,3.20663,0.58613,25653,4689,25653,4689,3.3,255,0,CleanAir,0.0,2026-09-18 23:47:44
80,3.192,0.58425,25536,4674,25536,4674,3.3,255,0,CleanAir,0.0,2026-09-18 23:47:44
81,3.209,0.58163,25672,4653,25672,4653,3.3,255,0,CleanAir,0.0,2026-09-18 23:47:45
82,3.209,0.5815,25672,4652,25672,4652,3.3,255,0,CleanAir,0.0,2026-09-18 23:47:45
83,3.2095,0.58513,25676,4681,25676,4681,3.3,255,0,CleanAir,0.0,2026-09-18 23:47:45
84,3.20938,0.58538,25675,4683,25675,4683,3.3,255,0,CleanAir,0.0,2026-09-18 23:47:46
85,3.2105,0.58575,25684,4686,25684,4686,3.3,255,0,CleanAir,0.0,2026-09-18 23:47:46
86,3.21063,0.58313,25685,4665,25685,4665,3.3,255,0,CleanAir,0.0,2026-09-18 23:47:46
87,3.1815,0.58125,25452,4650,25452,4650,3.3,255,0,CleanAir,0.0,2026-09-18 23:47:47
88,3.21238,0.5815,25699,4652,25699,4652,3.3,255,0,CleanAir,0.0,2026-09-18 23:47:47
89,3.21225,0.583,25698,4664,25698,4664,3.3,255,0,CleanAir,0.0,2026-09-18 23:47:48
90,3.21338,0.58563,25707,4685,25707,4685,3.3,255,0,CleanAir,0.0,2026-09-18 23:47:48
91,3.184,0.58563,25472,4685,25472,4685,3.3,255,0,CleanAir,0.0,2026-09-18 23:47:49
92,3.21438,0.58575,25715,4686,25715,4686,3.3,255,0,CleanAir,0.0,2026-09-18 23:47:49
93,3.18438,0.5855,25475,4684,25475,4684,3.3,255,0,CleanAir,0.0,2026-09-18 23:47:49
94,3.21525,0.58163,25722,4653,25722,4653,3.3,255,0,CleanAir,0.0,2026-09-18 23:47:50
95,3.18525,0.58375,25482,4670,25482,4670,3.3,255,0,CleanAir,0.0,2026-09-18 23:47:50
96,3.21613,0.58175,25729,4654,25729,4654,3.3,255,0,CleanAir,0.0,2026-09-18 23:47:51
97,3.19488,0.58113,25559,4649,25559,4649,3.3,255,0,CleanAir,0.0,2026-09-18 23:47:51
98,3.21625,0.582,25730,4656,25730,4656,3.3,255,0,CleanAir,0.0,2026-09-18 23:47:51
99,3.20688,0.58075,25655,4646,25655,4646,3.3,255,0,CleanAir,0.0,2026-09-18 23:47:52
100,3.21613,0.58613,25729,4689,25729,4689,3.3,255,0,CleanAir,0.0,2026-09-18 23:47:52
101,3.21575,0.5835,25726,4668,25726,4668,3.3,255,0,CleanAir,0.0,2026-09-18 23:47:52
102,3.21563,0.586,25725,4688,25725,4688,3.3,255,0,CleanAir,0.0,2026-09-18 23:47:53
103,3.21513,0.58513,25721,4681,25721,4681,3.3,255,0,CleanAir,0.0,2026-09-18 23:47:53
104,3.21575,0.58513,25726,4681,25726,4681,3.3,255,0,CleanAir,0.0,2026-09-18 23:47:54
105,3.21663,0.583,25733,4664,25733,4664,3.3,255,0,CleanAir,0.0,2026-09-18 23:47:54
106,3.18675,0.58513,25494,4681,25494,4681,3.3,255,0,CleanAir,0.0,2026-09-18 23:47:54
107,3.21588,0.58275,25727,4662,25727,4662,3.3,255,0,CleanAir,0.0,2026-09-18 23:47:55
108,3.187,0.58263,25496,4661,25496,4661,3.3,255,0,CleanAir,0.0,2026-09-18 23:47:55
109,3.187,0.58325,25496,4666,25496,4666,3.3,255,0,CleanAir,0.0,2026-09-18 23:47:55
110,3.21613,0.5845,25729,4676,25729,4676,3.3,255,0,CleanAir,0.0,2026-09-18 23:47:56
111,3.2175,0.5855,25740,4684,25740,4684,3.3,255,0,CleanAir,0.0,2026-09-18 23:47:56
112,3.21025,0.58563,25682,4685,25682,4685,3.3,255,0,CleanAir,0.0,2026-09-18 23:47:57
113,3.20813,0.58425,25665,4674,25665,4674,3.3,255,0,CleanAir,0.0,2026-09-18 23:47:57
114,3.21863,0.58225,25749,4658,25749,4658,3.3,255,0,CleanAir,0.0,2026-09-18 23:47:57
115,3.21813,0.58375,25745,4670,25745,4670,3.3,255,0,CleanAir,0.0,2026-09-18 23:47:58
116,3.18813,0.58113,25505,4649,25505,4649,3.3,255,0,CleanAir,0.0,2026-09-18 23:47:58
117,3.2045,0.581,25636,4648,25636,4648,3.3,255,0,CleanAir,0.0,2026-09-18 23:47:58
118,3.2185,0.58138,25748,4651,25748,4651,3.3,255,0,CleanAir,0.0,2026-09-18 23:47:59
119,3.19788,0.582,25583,4656,25583,4656,3.3,255,0,CleanAir,0.0,2026-09-18 23:47:59
120,3.21913,0.58388,25753,4671,25753,4671,3.3,255,0,CleanAir,0.0,2026-09-18 23:48:00
121,3.18838,0.58475,25507,4678,25507,4678,3.3,255,0,CleanAir,0.0,2026-09-18 23:48:00
122,3.218,0.58513,25744,4681,25744,4681,3.3,255,0,CleanAir,0.0,2026-09-18 23:48:00
123,3.18813,0.58563,25505,4685,25505,4685,3.3,255,0,CleanAir,0.0,2026-09-18 23:48:01
124,3.21775,0.58513,25742,4681,25742,4681,3.3,255,0,CleanAir,0.0,2026-09-18 23:48:01
125,3.3915,0.57963,27132,4637,27132,4637,0.0,0,0,CleanAir,0.0,2026-09-18 23:48:01
126,3.4045,0.57913,27236,4633,27236,4633,0.0,0,0,CleanAir,0.0,2026-09-18 23:48:02
127,3.34988,0.58013,26799,4641,26799,4641,0.0,0,0,CleanAir,0.0,2026-09-18 23:48:02
128,3.33488,0.58125,26679,4650,26679,4650,0.0,0,0,CleanAir,0.0,2026-09-18 23:48:02
129,3.30488,0.58088,26439,4647,26439,4647,0.0,0,0,CleanAir,0.0,2026-09-18 23:48:03
130,3.31375,0.57875,26510,4630,26510,4630,0.0,0,0,CleanAir,0.0,2026-09-18 23:48:03
131,3.26263,0.57688,26101,4615,26101,4615,0.0,0,0,CleanAir,0.0,2026-09-18 23:48:03
132,3.272,0.5765,26176,4612,26176,4612,0.0,0,0,CleanAir,0.0,2026-09-18 23:48:04
133,3.22188,0.581,25775,4648,25775,4648,0.0,0,0,CleanAir,0.0,2026-09-18 23:48:04
134,3.23175,0.58088,25854,4647,25854,4647,0.0,0,0,CleanAir,0.0,2026-09-18 23:48:05
135,3.183,0.57788,25464,4623,25464,4623,0.0,0,0,CleanAir,0.0,2026-09-18 23:48:05
136,3.19438,0.57913,25555,4633,25555,4633,0.0,0,0,CleanAir,0.0,2026-09-18 23:48:05
137,3.14763,0.57838,25181,4627,25181,4627,0.0,0,0,CleanAir,0.0,2026-09-18 23:48:06
138,3.16,0.577,25280,4616,25280,4616,0.0,0,0,CleanAir,0.0,2026-09-18 23:48:06
139,3.1145,0.57663,24916,4613,24916,4613,0.0,0,0,CleanAir,0.0,2026-09-18 23:48:06
140,3.12688,0.57788,25015,4623,25015,4623,0.0,0,0,CleanAir,0.0,2026-09-18 23:48:07
141,3.08313,0.57788,24665,4623,24665,4623,0.0,0,0,CleanAir,0.0,2026-09-18 23:48:07
142,3.09538,0.5775,24763,4620,24763,4620,0.0,0,0,CleanAir,0.0,2026-09-18 23:48:07
143,3.0525,0.57575,24420,4606,24420,4606,0.0,0,0,CleanAir,0.0,2026-09-18 23:48:08
144,3.065,0.57788,24520,4623,24520,4623,0.0,0,0,CleanAir,0.0,2026-09-18 23:48:08
145,3.03038,0.58025,24243,4642,24243,4642,0.0,0,0,CleanAir,0.0,2026-09-18 23:48:09
146,3.03725,0.57725,24298,4618,24298,4618,0.0,0,0,CleanAir,0.0,2026-09-18 23:48:09
147,3.0235,0.5785,24188,4628,24188,4628,0.0,0,0,CleanAir,0.0,2026-09-18 23:48:09
148,3.011,0.57625,24088,4610,24088,4610,0.0,0,0,CleanAir,0.0,2026-09-18 23:48:10
149,2.97163,0.57688,23773,4615,23773,4615,0.0,0,0,CleanAir,0.0,2026-09-18 23:48:10
150,2.986,0.5795,23888,4636,23888,4636,0.0,0,0,CleanAir,0.0,2026-09-18 23:48:10
151,2.95325,0.57775,23626,4622,23626,4622,0.0,0,0,CleanAir,0.0,2026-09-18 23:48:11
152,2.96413,0.57775,23713,4622,23713,4622,0.0,0,0,CleanAir,0.0,2026-09-18 23:48:11
153,2.92688,0.57812,23415,4625,23415,4625,0.0,0,0,CleanAir,0.0,2026-09-18 23:48:11
154,2.94313,0.57888,23545,4631,23545,4631,0.0,0,0,CleanAir,0.0,2026-09-18 23:48:12
155,2.91813,0.57888,23345,4631,23345,4631,0.0,0,0,CleanAir,0.0,2026-09-18 23:48:12
156,2.895,0.57738,23160,4619,23160,4619,0.0,0,0,CleanAir,0.0,2026-09-18 23:48:12
157,2.89675,0.57575,23174,4606,23174,4606,0.0,0,0,CleanAir,0.0,2026-09-18 23:48:13
158,2.90313,0.57688,23225,4615,23225,4615,0.0,0,0,CleanAir,0.0,2026-09-18 23:48:13
159,2.88525,0.57688,23082,4615,23082,4615,0.0,0,0,CleanAir,0.0,2026-09-18 23:48:14
160,2.88475,0.57825,23078,4626,23078,4626,0.0,0,0,CleanAir,0.0,2026-09-18 23:48:14
161,2.85225,0.576,22818,4608,22818,4608,0.0,0,0,CleanAir,0.0,2026-09-18 23:48:14
162,2.86875,0.57713,22950,4617,22950,4617,0.0,0,0,CleanAir,0.0,2026-09-18 23:48:15
163,2.8445,0.57713,22756,4617,22756,4617,0.0,0,0,CleanAir,0.0,2026-09-18 23:48:15
164,2.85325,0.5785,22826,4628,22826,4628,0.0,0,0,CleanAir,0.0,2026-09-18 23:48:15
165,2.8235,0.57838,22588,4627,22588,4627,0.0,0,0,CleanAir,0.0,2026-09-18 23:48:16
166,2.83888,0.57938,22711,4635,22711,4635,0.0,0,0,CleanAir,0.0,2026-09-18 23:48:16
167,2.81,0.579,22480,4632,22480,4632,0.0,0,0,CleanAir,0.0,2026-09-18 23:48:16
168,2.79875,0.58088,22390,4647,22390,4647,0.0,0,0,CleanAir,0.0,2026-09-18 23:48:17
169,2.81575,0.5785,22526,4628,22526,4628,0.0,0,0,CleanAir,0.0,2026-09-18 23:48:17
170,2.79763,0.57788,22381,4623,22381,4623,0.0,0,0,CleanAir,0.0,2026-09-18 23:48:18
171,2.8045,0.57613,22436,4609,22436,4609,0.0,0,0,CleanAir,0.0,2026-09-18 23:48:18
172,2.78613,0.57988,22289,4639,22289,4639,0.0,0,0,CleanAir,0.0,2026-09-18 23:48:18
173,2.79263,0.57638,22341,4611,22341,4611,0.0,0,0,CleanAir,0.0,2026-09-18 23:48:19
174,2.76663,0.57575,22133,4606,22133,4606,0.0,0,0,CleanAir,0.0,2026-09-18 23:48:19
175,2.78225,0.57663,22258,4613,22258,4613,0.0,0,0,CleanAir,0.0,2026-09-18 23:48:19
176,2.75225,0.57625,22018,4610,22018,4610,0.0,0,0,CleanAir,0.0,2026-09-18 23:48:20
177,2.74638,0.5775,21971,4620,21971,4620,0.0,0,0,CleanAir,0.0,2026-09-18 23:48:20
178,2.76688,0.577,22135,4616,22135,4616,0.0,0,0,CleanAir,0.0,2026-09-18 23:48:20
179,2.73688,0.57688,21895,4615,21895,4615,0.0,0,0,CleanAir,0.0,2026-09-18 23:48:21
180,2.75825,0.577,22066,4616,22066,4616,0.0,0,0,CleanAir,0.0,2026-09-18 23:48:21
181,2.7295,0.57763,21836,4621,21836,4621,0.0,0,0,CleanAir,0.0,2026-09-18 23:48:21
182,2.7495,0.57688,21996,4615,21996,4615,0.0,0,0,CleanAir,0.0,2026-09-18 23:48:22
183,2.72063,0.57775,21765,4622,21765,4622,0.0,0,0,CleanAir,0.0,2026-09-18 23:48:22
184,2.74225,0.578,21938,4624,21938,4624,0.0,0,0,CleanAir,0.0,2026-09-18 23:48:23
185,2.713,0.581,21704,4648,21704,4648,0.0,0,0,CleanAir,0.0,2026-09-18 23:48:23
186,2.70913,0.5805,21673,4644,21673,4644,0.0,0,0,CleanAir,0.0,2026-09-18 23:48:23
187,2.71688,0.57775,21735,4622,21735,4622,0.0,0,0,CleanAir,0.0,2026-09-18 23:48:24
188,2.727,0.5775,21816,4620,21816,4620,0.0,0,0,CleanAir,0.0,2026-09-18 23:48:24
189,2.72263,0.57638,21781,4611,21781,4611,0.0,0,0,CleanAir,0.0,2026-09-18 23:48:24
190,2.72188,0.57775,21775,4622,21775,4622,0.0,0,0,CleanAir,0.0,2026-09-18 23:48:25
191,2.71688,0.57775,21735,4622,21735,4622,0.0,0,0,CleanAir,0.0,2026-09-18 23:48:25
192,2.69338,0.577,21547,4616,21547,4616,0.0,0,0,CleanAir,0.0,2026-09-18 23:48:26
193,2.71175,0.57738,21694,4619,21694,4619,0.0,0,0,CleanAir,0.0,2026-09-18 23:48:26
194,2.70038,0.5785,21603,4628,21603,4628,0.0,0,0,CleanAir,0.0,2026-09-18 23:48:26
195,2.70513,0.58138,21641,4651,21641,4651,0.0,0,0,CleanAir,0.0,2026-09-18 23:48:27
196,2.70288,0.581,21623,4648,21623,4648,0.0,0,0,CleanAir,0.0,2026-09-18 23:48:27
197,2.70113,0.57812,21609,4625,21609,4625,0.0,0,0,CleanAir,0.0,2026-09-18 23:48:28
198,2.67375,0.57688,21390,4615,21390,4615,0.0,0,0,CleanAir,0.0,2026-09-18 23:48:28
199,2.69563,0.57613,21565,4609,21565,4609,0.0,0,0,CleanAir,0.0,2026-09-18 23:48:28
200,2.67238,0.5765,21379,4612,21379,4612,0.0,0,0,CleanAir,0.0,2026-09-18 23:48:29
201,2.69188,0.5755,21535,4604,21535,4604,0.0,0,0,CleanAir,0.0,2026-09-18 23:48:29
202,2.69025,0.57713,21522,4617,21522,4617,0.0,0,0,CleanAir,0.0,2026-09-18 23:48:29
203,2.6885,0.57913,21508,4633,21508,4633,0.0,0,0,CleanAir,0.0,2026-09-18 23:48:30
204,2.686,0.581,21488,4648,21488,4648,0.0,0,0,CleanAir,0.0,2026-09-18 23:48:30
205,2.68488,0.57775,21479,4622,21479,4622,0.0,0,0,CleanAir,0.0,2026-09-18 23:48:30
206,2.6585,0.57863,21268,4629,21268,4629,0.0,0,0,CleanAir,0.0,2026-09-18 23:48:31
207,2.68188,0.578,21455,4624,21455,4624,0.0,0,0,CleanAir,0.0,2026-09-18 23:48:31
208,2.67913,0.57713,21433,4617,21433,4617,0.0,0,0,CleanAir,0.0,2026-09-18 23:48:32
209,2.672,0.5785,21376,4628,21376,4628,0.0,0,0,CleanAir,0.0,2026-09-18 23:48:32
210,2.67613,0.576,21409,4608,21409,4608,0.0,0,0,CleanAir,0.0,2026-09-18 23:48:33
211,2.65738,0.57625,21259,4610,21259,4610,0.0,0,0,CleanAir,0.0,2026-09-18 23:48:33
212,2.64838,0.5765,21187,4612,21187,4612,0.0,0,0,CleanAir,0.0,2026-09-18 23:48:33
213,2.64925,0.57713,21194,4617,21194,4617,0.0,0,0,CleanAir,0.0,2026-09-18 23:48:34
214,2.67113,0.577,21369,4616,21369,4616,0.0,0,0,CleanAir,0.0,2026-09-18 23:48:34
215,2.6685,0.57913,21348,4633,21348,4633,0.0,0,0,CleanAir,0.0,2026-09-18 23:48:34
216,2.66775,0.57663,21342,4613,21342,4613,0.0,0,0,CleanAir,0.0,2026-09-18 23:48:35
217,2.66738,0.57775,21339,4622,21339,4622,0.0,0,0,CleanAir,0.0,2026-09-18 23:48:35
218,2.66563,0.58163,21325,4653,21325,4653,0.0,0,0,CleanAir,0.0,2026-09-18 23:48:36
219,2.66425,0.57938,21314,4635,21314,4635,0.0,0,0,CleanAir,0.0,2026-09-18 23:48:36
220,2.664,0.57613,21312,4609,21312,4609,0.0,0,0,CleanAir,0.0,2026-09-18 23:48:36
221,2.66325,0.57713,21306,4617,21306,4617,0.0,0,0,CleanAir,0.0,2026-09-18 23:48:37
222,2.65488,0.578,21239,4624,21239,4624,0.0,0,0,CleanAir,0.0,2026-09-18 23:48:37
223,2.6615,0.57725,21292,4618,21292,4618,0.0,0,0,CleanAir,0.0,2026-09-18 23:48:37
224,2.64,0.57713,21120,4617,21120,4617,0.0,0,0,CleanAir,0.0,2026-09-18 23:48:38
225,2.66013,0.57788,21281,4623,21281,4623,0.0,0,0,CleanAir,0.0,2026-09-18 23:48:38
226,2.65875,0.57713,21270,4617,21270,4617,0.0,0,0,CleanAir,0.0,2026-09-18 23:48:39
227,2.63388,0.57863,21071,4629,21071,4629,0.0,0,0,CleanAir,0.0,2026-09-18 23:48:39
228,2.657,0.57812,21256,4625,21256,4625,0.0,0,0,CleanAir,0.0,2026-09-18 23:48:39
229,2.63225,0.578,21058,4624,21058,4624,0.0,0,0,CleanAir,0.0,2026-09-18 23:48:40
230,2.65588,0.57975,21247,4638,21247,4638,0.0,0,0,CleanAir,0.0,2026-09-18 23:48:40
231,2.631,0.58113,21048,4649,21048,4649,0.0,0,0,CleanAir,0.0,2026-09-18 23:48:40
232,2.65438,0.58063,21235,4645,21235,4645,0.0,0,0,CleanAir,0.0,2026-09-18 23:48:41
233,2.65375,0.5805,21230,4644,21230,4644,0.0,0,0,CleanAir,0.0,2026-09-18 23:48:41
234,2.65375,0.5775,21230,4620,21230,4620,0.0,0,0,CleanAir,0.0,2026-09-18 23:48:41
235,2.65313,0.579,21225,4632,21225,4632,0.0,0,0,CleanAir,0.0,2026-09-18 23:48:42
236,2.62825,0.57913,21026,4633,21026,4633,0.0,0,0,CleanAir,0.0,2026-09-18 23:48:42
237,2.65125,0.5815,21210,4652,21210,4652,0.0,0,0,CleanAir,0.0,2026-09-18 23:48:43
238,2.651,0.57625,21208,4610,21208,4610,0.0,0,0,CleanAir,0.0,2026-09-18 23:48:43
239,2.64963,0.57675,21197,4614,21197,4614,0.0,0,0,CleanAir,0.0,2026-09-18 23:48:43
240,2.62575,0.57738,21006,4619,21006,4619,0.0,0,0,CleanAir,0.0,2026-09-18 23:48:44
241,2.64975,0.578,21198,4624,21198,4624,0.0,0,0,CleanAir,0.0,2026-09-18 23:48:44
242,2.64913,0.5775,21193,4620,21193,4620,0.0,0,0,CleanAir,0.0,2026-09-18 23:48:44
243,2.649,0.57825,21192,4626,21192,4626,0.0,0,0,CleanAir,0.0,2026-09-18 23:48:45
244,2.64863,0.57775,21189,4622,21189,4622,0.0,0,0,CleanAir,0.0,2026-09-18 23:48:45
245,2.62288,0.57888,20983,4631,20983,4631,0.0,0,0,CleanAir,0.0,2026-09-18 23:48:45
246,2.64763,0.57638,21181,4611,21181,4611,0.0,0,0,CleanAir,0.0,2026-09-18 23:48:46
247,2.64688,0.5765,21175,4612,21175,4612,0.0,0,0,CleanAir,0.0,2026-09-18 23:48:46
248,2.647,0.57725,21176,4618,21176,4618,0.0,0,0,CleanAir,0.0,2026-09-18 23:48:47
249,2.647,0.57913,21176,4633,21176,4633,0.0,0,0,CleanAir,0.0,2026-09-18 23:48:47
0,2.50425,0.5825,20034,4660,20034,4660,3.3,255,0,CleanAir,0.0,2026-09-18 23:48:47
1,2.51425,0.58525,20114,4682,20114,4682,3.3,255,0,CleanAir,0.0,2026-09-18 23:48:48
2,2.56488,0.58338,20519,4667,20519,4667,3.3,255,0,CleanAir,0.0,2026-09-18 23:48:48
3,2.60388,0.58375,20831,4670,20831,4670,3.3,255,0,CleanAir,0.0,2026-09-18 23:48:48
4,2.6205,0.585,20964,4680,20964,4680,3.3,255,0,CleanAir,0.0,2026-09-18 23:48:49
5,2.66063,0.58488,21285,4679,21285,4679,3.3,255,0,CleanAir,0.0,2026-09-18 23:48:49
6,2.66963,0.58438,21357,4675,21357,4675,3.3,255,0,CleanAir,0.0,2026-09-18 23:48:49
7,2.71275,0.58038,21702,4643,21702,4643,3.3,255,0,CleanAir,0.0,2026-09-18 23:48:50
8,2.71163,0.58075,21693,4646,21693,4646,3.3,255,0,CleanAir,0.0,2026-09-18 23:48:50
9,2.7605,0.58188,22084,4655,22084,4655,3.3,255,0,CleanAir,0.0,2026-09-18 23:48:51
10,2.75725,0.58313,22058,4665,22058,4665,3.3,255,0,CleanAir,0.0,2026-09-18 23:48:51
11,2.8035,0.58263,22428,4661,22428,4661,3.3,255,0,CleanAir,0.0,2026-09-18 23:48:51
12,2.7975,0.583,22380,4664,22380,4664,3.3,255,0,CleanAir,0.0,2026-09-18 23:48:52
13,2.84738,0.58525,22779,4682,22779,4682,3.3,255,0,CleanAir,0.0,2026-09-18 23:48:52
14,2.88313,0.58563,23065,4685,23065,4685,3.3,255,0,CleanAir,0.0,2026-09-18 23:48:53
15,2.894,0.5855,23152,4684,23152,4684,3.3,255,0,CleanAir,0.0,2026-09-18 23:48:53
16,2.91375,0.58325,23310,4666,23310,4666,3.3,255,0,CleanAir,0.0,2026-09-18 23:48:54
17,2.91675,0.58213,23334,4657,23334,4657,3.3,255,0,CleanAir,0.0,2026-09-18 23:48:54
18,2.94188,0.58088,23535,4647,23535,4647,3.3,255,0,CleanAir,0.0,2026-09-18 23:48:54
19,2.94425,0.58113,23554,4649,23554,4649,3.3,255,0,CleanAir,0.0,2026-09-18 23:48:55
20,2.968,0.58163,23744,4653,23744,4653,3.3,255,0,CleanAir,0.0,2026-09-18 23:48:55
21,2.96675,0.5815,23734,4652,23734,4652,3.3,255,0,CleanAir,0.0,2026-09-18 23:48:56
22,2.9755,0.58275,23804,4662,23804,4662,3.3,255,0,CleanAir,0.0,2026-09-18 23:48:56
23,3.01288,0.58525,24103,4682,24103,4682,3.3,255,0,CleanAir,0.0,2026-09-18 23:48:56
24,2.99438,0.58488,23955,4679,23955,4679,3.3,255,0,CleanAir,0.0,2026-09-18 23:48:57
25,3.03113,0.58338,24249,4667,24249,4667,3.3,255,0,CleanAir,0.0,2026-09-18 23:48:57
26,3.012,0.5845,24096,4676,24096,4676,3.3,255,0,CleanAir,0.0,2026-09-18 23:48:58
27,3.04863,0.58213,24389,4657,24389,4657,3.3,255,0,CleanAir,0.0,2026-09-18 23:48:58
28,3.0295,0.57975,24236,4638,24236,4638,3.3,255,0,CleanAir,0.0,2026-09-18 23:48:58
29,3.06675,0.58313,24534,4665,24534,4665,3.3,255,0,CleanAir,0.0,2026-09-18 23:48:59
30,3.04588,0.58375,24367,4670,24367,4670,3.3,255,0,CleanAir,0.0,2026-09-18 23:48:59
31,3.07963,0.58225,24637,4658,24637,4658,3.3,255,0,CleanAir,0.0,2026-09-18 23:48:59
32,3.05825,0.581,24466,4648,24466,4648,3.3,255,0,CleanAir,0.0,2026-09-18 23:49:00
33,3.09188,0.58125,24735,4650,24735,4650,3.3,255,0,CleanAir,0.0,2026-09-18 23:49:00
34,3.07013,0.5815,24561,4652,24561,4652,3.3,255,0,CleanAir,0.0,2026-09-18 23:49:01
35,3.1035,0.58263,24828,4661,24828,4661,3.3,255,0,CleanAir,0.0,2026-09-18 23:49:01
36,3.07875,0.58288,24630,4663,24630,4663,3.3,255,0,CleanAir,0.0,2026-09-18 23:49:01
37,3.11388,0.581,24911,4648,24911,4648,3.3,255,0,CleanAir,0.0,2026-09-18 23:49:02
38,3.09213,0.58538,24737,4683,24737,4683,3.3,255,0,CleanAir,0.0,2026-09-18 23:49:02
39,3.12088,0.5815,24967,4652,24967,4652,3.3,255,0,CleanAir,0.0,2026-09-18 23:49:02
40,3.0985,0.58175,24788,4654,24788,4654,3.3,255,0,CleanAir,0.0,2026-09-18 23:49:03
41,3.13013,0.5815,25041,4652,25041,4652,3.3,255,0,CleanAir,0.0,2026-09-18 23:49:03
42,3.10575,0.5815,24846,4652,24846,4652,3.3,255,0,CleanAir,0.0,2026-09-18 23:49:03
43,3.13825,0.5805,25106,4644,25106,4644,3.3,255,0,CleanAir,0.0,2026-09-18 23:49:04
44,3.11338,0.58163,24907,4653,24907,4653,3.3,255,0,CleanAir,0.0,2026-09-18 23:49:04
45,3.146,0.58288,25168,4663,25168,4663,3.3,255,0,CleanAir,0.0,2026-09-18 23:49:04
46,3.11888,0.58538,24951,4683,24951,4683,3.3,255,0,CleanAir,0.0,2026-09-18 23:49:05
47,3.15238,0.5845,25219,4676,25219,4676,3.3,255,0,CleanAir,0.0,2026-09-18 23:49:05
48,3.1255,0.583,25004,4664,25004,4664,3.3,255,0,CleanAir,0.0,2026-09-18 23:49:06
49,3.1595,0.582,25276,4656,25276,4656,3.3,255,0,CleanAir,0.0,2026-09-18 23:49:06
50,3.13563,0.58075,25085,4646,25085,4646,3.3,255,0,CleanAir,0.0,2026-09-18 23:49:06
51,3.16425,0.582,25314,4656,25314,4656,3.3,255,0,CleanAir,0.0,2026-09-18 23:49:07
52,3.1545,0.58275,25236,4662,25236,4662,3.3,255,0,CleanAir,0.0,2026-09-18 23:49:07
53,3.16875,0.58538,25350,4683,25350,4683,3.3,255,0,CleanAir,0.0,2026-09-18 23:49:07
54,3.17075,0.58538,25366,4683,25366,4683,3.3,255,0,CleanAir,0.0,2026-09-18 23:49:08
55,3.17313,0.58113,25385,4649,25385,4649,3.3,255,0,CleanAir,0.0,2026-09-18 23:49:08
56,3.175,0.58175,25400,4654,25400,4654,3.3,255,0,CleanAir,0.0,2026-09-18 23:49:08
57,3.17563,0.58588,25405,4687,25405,4687,3.3,255,0,CleanAir,0.0,2026-09-18 23:49:09
58,3.14913,0.58388,25193,4671,25193,4671,3.3,255,0,CleanAir,0.0,2026-09-18 23:49:09
59,3.15138,0.5825,25211,4660,25211,4660,3.3,255,0,CleanAir,0.0,2026-09-18 23:49:09
60,3.1825,0.5805,25460,4644,25460,4644,3.3,255,0,CleanAir,0.0,2026-09-18 23:49:10
61,3.1545,0.58125,25236,4650,25236,4650,3.3,255,0,CleanAir,0.0,2026-09-18 23:49:10
62,3.18588,0.58263,25487,4661,25487,4661,3.3,255,0,CleanAir,0.0,2026-09-18 23:49:11
63,3.15763,0.58475,25261,4678,25261,4678,3.3,255,0,CleanAir,0.0,2026-09-18 23:49:11
64,3.18813,0.58438,25505,4675,25505,4675,3.3,255,0,CleanAir,0.0,2026-09-18 23:49:11
65,3.1605,0.58413,25284,4673,25284,4673,3.3,255,0,CleanAir,0.0,2026-09-18 23:49:12
66,3.19088,0.58563,25527,4685,25527,4685,3.3,255,0,CleanAir,0.0,2026-09-18 23:49:12
67,3.1625,0.5855,25300,4684,25300,4684,3.3,255,0,CleanAir,0.0,2026-09-18 23:49:12
68,3.19275,0.581,25542,4648,25542,4648,3.3,255,0,CleanAir,0.0,2026-09-18 23:49:13
69,3.16463,0.58013,25317,4641,25317,4641,3.3,255,0,CleanAir,0.0,2026-09-18 23:49:13
70,3.19613,0.58163,25569,4653,25569,4653,3.3,255,0,CleanAir,0.0,2026-09-18 23:49:13
71,3.16713,0.58175,25337,4654,25337,4654,3.3,255,0,CleanAir,0.0,2026-09-18 23:49:14
72,3.1975,0.58525,25580,4682,25580,4682,3.3,255,0,CleanAir,0.0,2026-09-18 23:49:14
73,3.16875,0.58575,25350,4686,25350,4686,3.3,255,0,CleanAir,0.0,2026-09-18 23:49:15
74,3.19888,0.5825,25591,4660,25591,4660,3.3,255,0,CleanAir,0.0,2026-09-18 23:49:15
75,3.17038,0.58213,25363,4657,25363,4657,3.3,255,0,CleanAir,0.0,2026-09-18 23:49:15
76,3.17113,0.5825,25369,4660,25369,4660,3.3,255,0,CleanAir,0.0,2026-09-18 23:49:16
77,3.17238,0.58288,25379,4663,25379,4663,3.3,255,0,CleanAir,0.0,2026-09-18 23:49:16
78,3.20188,0.58538,25615,4683,25615,4683,3.3,255,0,CleanAir,0.0,2026-09-18 23:49:16
79,3.173,0.58088,25384,4647,25384,4647,3.3,255,0,CleanAir,0.0,2026-09-18 23:49:17
80,3.20388,0.58138,25631,4651,25631,4651,3.3,255,0,CleanAir,0.0,2026-09-18 23:49:17
81,3.17513,0.58213,25401,4657,25401,4657,3.3,255,0,CleanAir,0.0,2026-09-18 23:49:17
82,3.20488,0.58438,25639,4675,25639,4675,3.3,255,0,CleanAir,0.0,2026-09-18 23:49:18
83,3.20488,0.58513,25639,4681,25639,4681,3.3,255,0,CleanAir,0.0,2026-09-18 23:49:18
84,3.2055,0.5825,25644,4660,25644,4660,3.3,255,0,CleanAir,0.0,2026-09-18 23:49:18
85,3.20675,0.58138,25654,4651,25654,4651,3.3,255,0,CleanAir,0.0,2026-09-18 23:49:19
86,3.2075,0.58263,25660,4661,25660,4661,3.3,255,0,CleanAir,0.0,2026-09-18 23:49:19
87,3.2075,0.5855,25660,4684,25660,4684,3.3,255,0,CleanAir,0.0,2026-09-18 23:49:20
88,3.17713,0.58538,25417,4683,25417,4683,3.3,255,0,CleanAir,0.0,2026-09-18 23:49:20
89,3.20788,0.58063,25663,4645,25663,4645,3.3,255,0,CleanAir,0.0,2026-09-18 23:49:20
90,3.17925,0.581,25434,4648,25434,4648,3.3,255,0,CleanAir,0.0,2026-09-18 23:49:21
91,3.20963,0.5835,25677,4668,25677,4668,3.3,255,0,CleanAir,0.0,2026-09-18 23:49:21
92,3.18013,0.58538,25441,4683,25441,4683,3.3,255,0,CleanAir,0.0,2026-09-18 23:49:21
93,3.17963,0.58225,25437,4658,25437,4658,3.3,255,0,CleanAir,0.0,2026-09-18 23:49:22
94,3.20475,0.58325,25638,4666,25638,4666,3.3,255,0,CleanAir,0.0,2026-09-18 23:49:22
95,3.2105,0.5855,25684,4684,25684,4684,3.3,255,0,CleanAir,0.0,2026-09-18 23:49:22
96,3.18,0.58063,25440,4645,25440,4645,3.3,255,0,CleanAir,0.0,2026-09-18 23:49:23
97,3.20213,0.58388,25617,4671,25617,4671,3.3,255,0,CleanAir,0.0,2026-09-18 23:49:23
98,3.21175,0.58313,25694,4665,25694,4665,3.3,255,0,CleanAir,0.0,2026-09-18 23:49:23
99,3.1995,0.58525,25596,4682,25596,4682,3.3,255,0,CleanAir,0.0,2026-09-18 23:49:24
100,3.21275,0.58263,25702,4661,25702,4661,3.3,255,0,CleanAir,0.0,2026-09-18 23:49:24
101,3.183,0.58125,25464,4650,25464,4650,3.3,255,0,CleanAir,0.0,2026-09-18 23:49:24
102,3.21338,0.58213,25707,4657,25707,4657,3.3,255,0,CleanAir,0.0,2026-09-18 23:49:25
103,3.183,0.58563,25464,4685,25464,4685,3.3,255,0,CleanAir,0.0,2026-09-18 23:49:25
104,3.21238,0.58525,25699,4682,25699,4682,3.3,255,0,CleanAir,0.0,2026-09-18 23:49:26
105,3.18413,0.58263,25473,4661,25473,4661,3.3,255,0,CleanAir,0.0,2026-09-18 23:49:26
106,3.21363,0.58213,25709,4657,25709,4657,3.3,255,0,CleanAir,0.0,2026-09-18 23:49:26
107,3.18563,0.58288,25485,4663,25485,4663,3.3,255,0,CleanAir,0.0,2026-09-18 23:49:27
108,3.2145,0.5835,25716,4668,25716,4668,3.3,255,0,CleanAir,0.0,2026-09-18 23:49:27
109,3.18438,0.58525,25475,4682,25475,4682,3.3,255,0,CleanAir,0.0,2026-09-18 23:49:27
110,3.21525,0.58175,25722,4654,25722,4654,3.3,255,0,CleanAir,0.0,2026-09-18 23:49:28
111,3.18563,0.58313,25485,4665,25485,4665,3.3,255,0,CleanAir,0.0,2026-09-18 23:49:28
112,3.21475,0.583,25718,4664,25718,4664,3.3,255,0,CleanAir,0.0,2026-09-18 23:49:29
113,3.18575,0.5815,25486,4652,25486,4652,3.3,255,0,CleanAir,0.0,2026-09-18 23:49:29
114,3.21488,0.58563,25719,4685,25719,4685,3.3,255,0,CleanAir,0.0,2026-09-18 23:49:29
115,3.21513,0.58538,25721,4683,25721,4683,3.3,255,0,CleanAir,0.0,2026-09-18 23:49:30
116,3.21563,0.58388,25725,4671,25725,4671,3.3,255,0,CleanAir,0.0,2026-09-18 23:49:30
117,3.21563,0.58588,25725,4687,25725,4687,3.3,255,0,CleanAir,0.0,2026-09-18 23:49:30
118,3.21538,0.5845,25723,4676,25723,4676,3.3,255,0,CleanAir,0.0,2026-09-18 23:49:31
119,3.2155,0.58525,25724,4682,25724,4682,3.3,255,0,CleanAir,0.0,2026-09-18 23:49:31
120,3.1865,0.5855,25492,4684,25492,4684,3.3,255,0,CleanAir,0.0,2026-09-18 23:49:31
121,3.1855,0.58275,25484,4662,25484,4662,3.3,255,0,CleanAir,0.0,2026-09-18 23:49:32
122,3.21588,0.585,25727,4680,25727,4680,3.3,255,0,CleanAir,0.0,2026-09-18 23:49:32
123,3.1855,0.58075,25484,4646,25484,4646,3.3,255,0,CleanAir,0.0,2026-09-18 23:49:33
124,3.21713,0.58313,25737,4665,25737,4665,3.3,255,0,CleanAir,0.0,2026-09-18 23:49:33
125,3.39038,0.5785,27123,4628,27123,4628,0.0,0,0,CleanAir,0.0,2026-09-18 23:49:33
126,3.40338,0.5775,27227,4620,27227,4620,0.0,0,0,CleanAir,0.0,2026-09-18 23:49:34
127,3.34925,0.57825,26794,4626,26794,4626,0.0,0,0,CleanAir,0.0,2026-09-18 23:49:34
128,3.34425,0.57613,26754,4609,26754,4609,0.0,0,0,CleanAir,0.0,2026-09-18 23:49:35
129,3.2935,0.57775,26348,4622,26348,4622,0.0,0,0,CleanAir,0.0,2026-09-18 23:49:35
130,3.2715,0.57875,26172,4630,26172,4630,0.0,0,0,CleanAir,0.0,2026-09-18 23:49:35
131,3.27575,0.58113,26206,4649,26206,4649,0.0,0,0,CleanAir,0.0,2026-09-18 23:49:36
132,3.22613,0.5805,25809,4644,25809,4644,0.0,0,0,CleanAir,0.0,2026-09-18 23:49:36
133,3.23,0.5815,25840,4652,25840,4652,0.0,0,0,CleanAir,0.0,2026-09-18 23:49:37
134,3.1815,0.58138,25452,4651,25452,4651,0.0,0,0,CleanAir,0.0,2026-09-18 23:49:37
135,3.1935,0.58025,25548,4642,25548,4642,0.0,0,0,CleanAir,0.0,2026-09-18 23:49:37
136,3.14763,0.57713,25181,4617,25181,4617,0.0,0,0,CleanAir,0.0,2026-09-18 23:49:38
137,3.15863,0.5785,25269,4628,25269,4628,0.0,0,0,CleanAir,0.0,2026-09-18 23:49:38
138,3.112,0.57575,24896,4606,24896,4606,0.0,0,0,CleanAir,0.0,2026-09-18 23:49:39
139,3.12525,0.5785,25002,4628,25002,4628,0.0,0,0,CleanAir,0.0,2026-09-18 23:49:39
140,3.10875,0.57963,24870,4637,24870,4637,0.0,0,0,CleanAir,0.0,2026-09-18 23:49:39
141,3.08963,0.5815,24717,4652,24717,4652,0.0,0,0,CleanAir,0.0,2026-09-18 23:49:40
142,3.04588,0.57725,24367,4618,24367,4618,0.0,0,0,CleanAir,0.0,2026-09-18 23:49:40
143,3.0605,0.57713,24484,4617,24484,4617,0.0,0,0,CleanAir,0.0,2026-09-18 23:49:40
144,3.02675,0.57838,24214,4627,24214,4627,0.0,0,0,CleanAir,0.0,2026-09-18 23:49:41
145,3.0005,0.5785,24004,4628,24004,4628,0.0,0,0,CleanAir,0.0,2026-09-18 23:49:41
146,3.01388,0.581,24111,4648,24111,4648,0.0,0,0,CleanAir,0.0,2026-09-18 23:49:42
147,2.96813,0.58113,23745,4649,23745,4649,0.0,0,0,CleanAir,0.0,2026-09-18 23:49:42
148,2.98325,0.58075,23866,4646,23866,4646,0.0,0,0,CleanAir,0.0,2026-09-18 23:49:43
149,2.97188,0.58113,23775,4649,23775,4649,0.0,0,0,CleanAir,0.0,2026-09-18 23:49:43
150,2.95663,0.57738,23653,4619,23653,4619,0.0,0,0,CleanAir,0.0,2026-09-18 23:49:43
151,2.9175,0.58175,23340,4654,23340,4654,0.0,0,0,CleanAir,0.0,2026-09-18 23:49:44
152,2.92875,0.5815,23430,4652,23430,4652,0.0,0,0,CleanAir,0.0,2026-09-18 23:49:44
153,2.91263,0.58075,23301,4646,23301,4646,0.0,0,0,CleanAir,0.0,2026-09-18 23:49:45
154,2.877,0.5785,23016,4628,23016,4628,0.0,0,0,CleanAir,0.0,2026-09-18 23:49:45
155,2.89438,0.5815,23155,4652,23155,4652,0.0,0,0,CleanAir,0.0,2026-09-18 23:49:46
156,2.88225,0.57788,23058,4623,23058,4623,0.0,0,0,CleanAir,0.0,2026-09-18 23:49:46
157,2.848,0.58075,22784,4646,22784,4646,0.0,0,0,CleanAir,0.0,2026-09-18 23:49:46
158,2.86513,0.57975,22921,4638,22921,4638,0.0,0,0,CleanAir,0.0,2026-09-18 23:49:47
159,2.85763,0.5815,22861,4652,22861,4652,0.0,0,0,CleanAir,0.0,2026-09-18 23:49:47
160,2.84825,0.58088,22786,4647,22786,4647,0.0,0,0,CleanAir,0.0,2026-09-18 23:49:48
161,2.815,0.57775,22520,4622,22520,4622,0.0,0,0,CleanAir,0.0,2026-09-18 23:49:48
162,2.834,0.58088,22672,4647,22672,4647,0.0,0,0,CleanAir,0.0,2026-09-18 23:49:48
163,2.80088,0.57575,22407,4606,22407,4606,0.0,0,0,CleanAir,0.0,2026-09-18 23:49:49
164,2.821,0.5775,22568,4620,22568,4620,0.0,0,0,CleanAir,0.0,2026-09-18 23:49:49
165,2.798,0.57975,22384,4638,22384,4638,0.0,0,0,CleanAir,0.0,2026-09-18 23:49:49
166,2.80725,0.57975,22458,4638,22458,4638,0.0,0,0,CleanAir,0.0,2026-09-18 23:49:50
167,2.80238,0.576,22419,4608,22419,4608,0.0,0,0,CleanAir,0.0,2026-09-18 23:49:50
168,2.79488,0.57838,22359,4627,22359,4627,0.0,0,0,CleanAir,0.0,2026-09-18 23:49:51
169,2.76375,0.57825,22110,4626,22110,4626,0.0,0,0,CleanAir,0.0,2026-09-18 23:49:51
170,2.7835,0.581,22268,4648,22268,4648,0.0,0,0,CleanAir,0.0,2026-09-18 23:49:51
171,2.75825,0.57988,22066,4639,22066,4639,0.0,0,0,CleanAir,0.0,2026-09-18 23:49:52
172,2.74588,0.57725,21967,4618,21967,4618,0.0,0,0,CleanAir,0.0,2026-09-18 23:49:52
173,2.76525,0.581,22122,4648,22122,4648,0.0,0,0,CleanAir,0.0,2026-09-18 23:49:53
174,2.75563,0.57913,22045,4633,22045,4633,0.0,0,0,CleanAir,0.0,2026-09-18 23:49:53
175,2.72713,0.5765,21817,4612,21817,4612,0.0,0,0,CleanAir,0.0,2026-09-18 23:49:54
176,2.74813,0.57688,21985,4615,21985,4615,0.0,0,0,CleanAir,0.0,2026-09-18 23:49:54
177,2.74288,0.579,21943,4632,21943,4632,0.0,0,0,CleanAir,0.0,2026-09-18 23:49:55
178,2.73663,0.58,21893,4640,21893,4640,0.0,0,0,CleanAir,0.0,2026-09-18 23:49:55
179,2.73213,0.57963,21857,4637,21857,4637,0.0,0,0,CleanAir,0.0,2026-09-18 23:49:56
180,2.72188,0.58063,21775,4645,21775,4645,0.0,0,0,CleanAir,0.0,2026-09-18 23:49:56
181,2.72625,0.57888,21810,4631,21810,4631,0.0,0,0,CleanAir,0.0,2026-09-18 23:49:56
182,2.722,0.57825,21776,4626,21776,4626,0.0,0,0,CleanAir,0.0,2026-09-18 23:49:57
183,2.69363,0.58113,21549,4649,21549,4649,0.0,0,0,CleanAir,0.0,2026-09-18 23:49:57
184,2.71525,0.58063,21722,4645,21722,4645,0.0,0,0,CleanAir,0.0,2026-09-18 23:49:58
185,2.71238,0.58125,21699,4650,21699,4650,0.0,0,0,CleanAir,0.0,2026-09-18 23:49:58
186,2.70913,0.57913,21673,4633,21673,4633,0.0,0,0,CleanAir,0.0,2026-09-18 23:49:58
187,2.705,0.57963,21640,4637,21640,4637,0.0,0,0,CleanAir,0.0,2026-09-18 23:49:59
188,2.70338,0.57738,21627,4619,21627,4619,0.0,0,0,CleanAir,0.0,2026-09-18 23:49:59
189,2.69813,0.57688,21585,4615,21585,4615,0.0,0,0,CleanAir,0.0,2026-09-18 23:50:00
190,2.69563,0.57963,21565,4637,21565,4637,0.0,0,0,CleanAir,0.0,2026-09-18 23:50:00
191,2.69638,0.58088,21571,4647,21571,4647,0.0,0,0,CleanAir,0.0,2026-09-18 23:50:00
192,2.66938,0.57875,21355,4630,21355,4630,0.0,0,0,CleanAir,0.0,2026-09-18 23:50:01
193,2.69163,0.5785,21533,4628,21533,4628,0.0,0,0,CleanAir,0.0,2026-09-18 23:50:01
194,2.69013,0.578,21521,4624,21521,4624,0.0,0,0,CleanAir,0.0,2026-09-18 23:50:02
195,2.68738,0.57575,21499,4606,21499,4606,0.0,0,0,CleanAir,0.0,2026-09-18 23:50:02
196,2.66163,0.579,21293,4632,21293,4632,0.0,0,0,CleanAir,0.0,2026-09-18 23:50:02
197,2.68025,0.57812,21442,4625,21442,4625,0.0,0,0,CleanAir,0.0,2026-09-18 23:50:03
198,2.65725,0.576,21258,4608,21258,4608,0.0,0,0,CleanAir,0.0,2026-09-18 23:50:03
199,2.67775,0.57825,21422,4626,21422,4626,0.0,0,0,CleanAir,0.0,2026-09-18 23:50:04
200,2.67938,0.579,21435,4632,21435,4632,0.0,0,0,CleanAir,0.0,2026-09-18 23:50:04
201,2.677,0.579,21416,4632,21416,4632,0.0,0,0,CleanAir,0.0,2026-09-18 23:50:04
202,2.67463,0.57775,21397,4622,21397,4622,0.0,0,0,CleanAir,0.0,2026-09-18 23:50:05
203,2.67163,0.5815,21373,4652,21373,4652,0.0,0,0,CleanAir,0.0,2026-09-18 23:50:06
204,2.64575,0.579,21166,4632,21166,4632,0.0,0,0,CleanAir,0.0,2026-09-18 23:50:06
205,2.64538,0.5775,21163,4620,21163,4620,0.0,0,0,CleanAir,0.0,2026-09-18 23:50:06
206,2.66775,0.57625,21342,4610,21342,4610,0.0,0,0,CleanAir,0.0,2026-09-18 23:50:07
207,2.66713,0.57725,21337,4618,21337,4618,0.0,0,0,CleanAir,0.0,2026-09-18 23:50:07
208,2.66625,0.58075,21330,4646,21330,4646,0.0,0,0,CleanAir,0.0,2026-09-18 23:50:08
209,2.666,0.57812,21328,4625,21328,4625,0.0,0,0,CleanAir,0.0,2026-09-18 23:50:08
210,2.66488,0.57675,21319,4614,21319,4614,0.0,0,0,CleanAir,0.0,2026-09-18 23:50:08
211,2.63775,0.58088,21102,4647,21102,4647,0.0,0,0,CleanAir,0.0,2026-09-18 23:50:09
212,2.66125,0.58075,21290,4646,21290,4646,0.0,0,0,CleanAir,0.0,2026-09-18 23:50:09
213,2.66025,0.5765,21282,4612,21282,4612,0.0,0,0,CleanAir,0.0,2026-09-18 23:50:10
214,2.65975,0.5785,21278,4628,21278,4628,0.0,0,0,CleanAir,0.0,2026-09-18 23:50:10
215,2.65863,0.57625,21269,4610,21269,4610,0.0,0,0,CleanAir,0.0,2026-09-18 23:50:11
216,2.64275,0.57713,21142,4617,21142,4617,0.0,0,0,CleanAir,0.0,2026-09-18 23:50:11
217,2.6565,0.57812,21252,4625,21252,4625,0.0,0,0,CleanAir,0.0,2026-09-18 23:50:12
218,2.656,0.57575,21248,4606,21248,4606,0.0,0,0,CleanAir,0.0,2026-09-18 23:50:12
219,2.63213,0.57688,21057,4615,21057,4615,0.0,0,0,CleanAir,0.0,2026-09-18 23:50:13
220,2.654,0.57638,21232,4611,21232,4611,0.0,0,0,CleanAir,0.0,2026-09-18 23:50:13
221,2.65163,0.57838,21213,4627,21213,4627,0.0,0,0,CleanAir,0.0,2026-09-18 23:50:13
222,2.65213,0.57788,21217,4623,21217,4623,0.0,0,0,CleanAir,0.0,2026-09-18 23:50:14
223,2.6525,0.57738,21220,4619,21220,4619,0.0,0,0,CleanAir,0.0,2026-09-18 23:50:14
224,2.65213,0.57638,21217,4611,21217,4611,0.0,0,0,CleanAir,0.0,2026-09-18 23:50:15
225,2.65113,0.579,21209,4632,21209,4632,0.0,0,0,CleanAir,0.0,2026-09-18 23:50:15
226,2.64838,0.57963,21187,4637,21187,4637,0.0,0,0,CleanAir,0.0,2026-09-18 23:50:15
227,2.64963,0.57925,21197,4634,21197,4634,0.0,0,0,CleanAir,0.0,2026-09-18 23:50:16
228,2.64125,0.57788,21130,4623,21130,4623,0.0,0,0,CleanAir,0.0,2026-09-18 23:50:16
229,2.64925,0.57588,21194,4607,21194,4607,0.0,0,0,CleanAir,0.0,2026-09-18 23:50:16
230,2.64888,0.57675,21191,4614,21191,4614,0.0,0,0,CleanAir,0.0,2026-09-18 23:50:17
231,2.6475,0.576,21180,4608,21180,4608,0.0,0,0,CleanAir,0.0,2026-09-18 23:50:17
232,2.642,0.58088,21136,4647,21136,4647,0.0,0,0,CleanAir,0.0,2026-09-18 23:50:18
233,2.64775,0.57825,21182,4626,21182,4626,0.0,0,0,CleanAir,0.0,2026-09-18 23:50:18
234,2.63875,0.57913,21110,4633,21110,4633,0.0,0,0,CleanAir,0.0,2026-09-18 23:50:18
235,2.64613,0.578,21169,4624,21169,4624,0.0,0,0,CleanAir,0.0,2026-09-18 23:50:19
236,2.64625,0.58063,21170,4645,21170,4645,0.0,0,0,CleanAir,0.0,2026-09-18 23:50:19
237,2.621,0.5775,20968,4620,20968,4620,0.0,0,0,CleanAir,0.0,2026-09-18 23:50:20
238,2.62188,0.57713,20975,4617,20975,4617,0.0,0,0,CleanAir,0.0,2026-09-18 23:50:20
239,2.64563,0.57738,21165,4619,21165,4619,0.0,0,0,CleanAir,0.0,2026-09-18 23:50:20
240,2.64475,0.58038,21158,4643,21158,4643,0.0,0,0,CleanAir,0.0,2026-09-18 23:50:21
241,2.64413,0.58063,21153,4645,21153,4645,0.0,0,0,CleanAir,0.0,2026-09-18 23:50:21
242,2.6435,0.58063,21148,4645,21148,4645,0.0,0,0,CleanAir,0.0,2026-09-18 23:50:21
243,2.61938,0.57613,20955,4609,20955,4609,0.0,0,0,CleanAir,0.0,2026-09-18 23:50:22
244,2.64288,0.57875,21143,4630,21143,4630,0.0,0,0,CleanAir,0.0,2026-09-18 23:50:22
245,2.64288,0.57563,21143,4605,21143,4605,0.0,0,0,CleanAir,0.0,2026-09-18 23:50:23
246,2.61913,0.57725,20953,4618,20953,4618,0.0,0,0,CleanAir,0.0,2026-09-18 23:50:23
247,2.61863,0.57775,20949,4622,20949,4622,0.0,0,0,CleanAir,0.0,2026-09-18 23:50:23
248,2.6185,0.57838,20948,4627,20948,4627,0.0,0,0,CleanAir,0.0,2026-09-18 23:50:24
249,2.64225,0.57675,21138,4614,21138,4614,0.0,0,0,CleanAir,0.0,2026-09-18 23:50:24
0,2.496,0.58138,19968,4651,19968,4651,3.3,255,0,CleanAir,0.0,2026-09-18 23:50:24
1,2.53475,0.581,20278,4648,20278,4648,3.3,255,0,CleanAir,0.0,2026-09-18 23:50:25
2,2.54463,0.58125,20357,4650,20357,4650,3.3,255,0,CleanAir,0.0,2026-09-18 23:50:25
3,2.57588,0.58513,20607,4681,20607,4681,3.3,255,0,CleanAir,0.0,2026-09-18 23:50:26
4,2.604,0.581,20832,4648,20832,4648,3.3,255,0,CleanAir,0.0,2026-09-18 23:50:26
5,2.65713,0.58138,21257,4651,21257,4651,3.3,255,0,CleanAir,0.0,2026-09-18 23:50:26
6,2.67125,0.58288,21370,4663,21370,4663,3.3,255,0,CleanAir,0.0,2026-09-18 23:50:27
7,2.70925,0.58275,21674,4662,21674,4662,3.3,255,0,CleanAir,0.0,2026-09-18 23:50:27
8,2.70888,0.58338,21671,4667,21671,4667,3.3,255,0,CleanAir,0.0,2026-09-18 23:50:27
9,2.7575,0.58113,22060,4649,22060,4649,3.3,255,0,CleanAir,0.0,2026-09-18 23:50:28
10,2.77888,0.58163,22231,4653,22231,4653,3.3,255,0,CleanAir,0.0,2026-09-18 23:50:28
11,2.80125,0.58463,22410,4677,22410,4677,3.3,255,0,CleanAir,0.0,2026-09-18 23:50:28
12,2.8205,0.58425,22564,4674,22564,4674,3.3,255,0,CleanAir,0.0,2026-09-18 23:50:29
13,2.84025,0.58513,22722,4681,22722,4681,3.3,255,0,CleanAir,0.0,2026-09-18 23:50:29
14,2.85738,0.5825,22859,4660,22859,4660,3.3,255,0,CleanAir,0.0,2026-09-18 23:50:29
15,2.84888,0.58425,22791,4674,22791,4674,3.3,255,0,CleanAir,0.0,2026-09-18 23:50:30
16,2.91275,0.58163,23302,4653,23302,4653,3.3,255,0,CleanAir,0.0,2026-09-18 23:50:31
17,2.92725,0.58175,23418,4654,23418,4654,3.3,255,0,CleanAir,0.0,2026-09-18 23:50:31
18,2.94075,0.58288,23526,4663,23526,4663,3.3,255,0,CleanAir,0.0,2026-09-18 23:50:31
19,2.954,0.58163,23632,4653,23632,4653,3.3,255,0,CleanAir,0.0,2026-09-18 23:50:32
20,2.93875,0.58175,23510,4654,23510,4654,3.3,255,0,CleanAir,0.0,2026-09-18 23:50:32
21,2.97788,0.58138,23823,4651,23823,4651,3.3,255,0,CleanAir,0.0,2026-09-18 23:50:32
22,2.98913,0.58313,23913,4665,23913,4665,3.3,255,0,CleanAir,0.0,2026-09-18 23:50:33
23,2.9875,0.58213,23900,4657,23900,4657,3.3,255,0,CleanAir,0.0,2026-09-18 23:50:33
24,3.00988,0.58138,24079,4651,24079,4651,3.3,255,0,CleanAir,0.0,2026-09-18 23:50:34
25,3.02,0.58125,24160,4650,24160,4650,3.3,255,0,CleanAir,0.0,2026-09-18 23:50:34
26,3.02875,0.582,24230,4656,24230,4656,3.3,255,0,CleanAir,0.0,2026-09-18 23:50:34
27,3.0095,0.58163,24076,4653,24076,4653,3.3,255,0,CleanAir,0.0,2026-09-18 23:50:35
28,3.04513,0.5815,24361,4652,24361,4652,3.3,255,0,CleanAir,0.0,2026-09-18 23:50:35
29,3.0295,0.582,24236,4656,24236,4656,3.3,255,0,CleanAir,0.0,2026-09-18 23:50:35
30,3.06088,0.58175,24487,4654,24487,4654,3.3,255,0,CleanAir,0.0,2026-09-18 23:50:36
31,3.068,0.5815,24544,4652,24544,4652,3.3,255,0,CleanAir,0.0,2026-09-18 23:50:36
32,3.07513,0.58213,24601,4657,24601,4657,3.3,255,0,CleanAir,0.0,2026-09-18 23:50:36
33,3.07713,0.5835,24617,4668,24617,4668,3.3,255,0,CleanAir,0.0,2026-09-18 23:50:37
34,3.08788,0.58275,24703,4662,24703,4662,3.3,255,0,CleanAir,0.0,2026-09-18 23:50:37
35,3.09388,0.5835,24751,4668,24751,4668,3.3,255,0,CleanAir,0.0,2026-09-18 23:50:38
36,3.09825,0.5855,24786,4684,24786,4684,3.3,255,0,CleanAir,0.0,2026-09-18 23:50:38
37,3.10363,0.58513,24829,4681,24829,4681,3.3,255,0,CleanAir,0.0,2026-09-18 23:50:38
38,3.10938,0.58538,24875,4683,24875,4683,3.3,255,0,CleanAir,0.0,2026-09-18 23:50:39
39,3.11425,0.58138,24914,4651,24914,4651,3.3,255,0,CleanAir,0.0,2026-09-18 23:50:39
40,3.116,0.58525,24928,4682,24928,4682,3.3,255,0,CleanAir,0.0,2026-09-18 23:50:39
41,3.09463,0.58088,24757,4647,24757,4647,3.3,255,0,CleanAir,0.0,2026-09-18 23:50:40
42,3.12875,0.58238,25030,4659,25030,4659,3.3,255,0,CleanAir,0.0,2026-09-18 23:50:40
43,3.1035,0.58225,24828,4658,24828,4658,3.3,255,0,CleanAir,0.0,2026-09-18 23:50:41
44,3.10788,0.58038,24863,4643,24863,4643,3.3,255,0,CleanAir,0.0,2026-09-18 23:50:41
45,3.11075,0.58413,24886,4673,24886,4673,3.3,255,0,CleanAir,0.0,2026-09-18 23:50:41
46,3.14325,0.58488,25146,4679,25146,4679,3.3,255,0,CleanAir,0.0,2026-09-18 23:50:42
47,3.11738,0.5815,24939,4652,24939,4652,3.3,255,0,CleanAir,0.0,2026-09-18 23:50:42
48,3.149,0.58563,25192,4685,25192,4685,3.3,255,0,CleanAir,0.0,2026-09-18 23:50:42
49,3.12313,0.58275,24985,4662,24985,4662,3.3,255,0,CleanAir,0.0,2026-09-18 23:50:43
50,3.155,0.58113,25240,4649,25240,4649,3.3,255,0,CleanAir,0.0,2026-09-18 23:50:43
51,3.12963,0.5825,25037,4660,25037,4660,3.3,255,0,CleanAir,0.0,2026-09-18 23:50:43
52,3.16,0.58588,25280,4687,25280,4687,3.3,255,0,CleanAir,0.0,2026-09-18 23:50:44
53,3.16313,0.5825,25305,4660,25305,4660,3.3,255,0,CleanAir,0.0,2026-09-18 23:50:44
54,3.137,0.58513,25096,4681,25096,4681,3.3,255,0,CleanAir,0.0,2026-09-18 23:50:45
55,3.16738,0.58425,25339,4674,25339,4674,3.3,255,0,CleanAir,0.0,2026-09-18 23:50:45
56,3.17,0.58463,25360,4677,25360,4677,3.3,255,0,CleanAir,0.0,2026-09-18 23:50:45
57,3.1725,0.58538,25380,4683,25380,4683,3.3,255,0,CleanAir,0.0,2026-09-18 23:50:46
58,3.174,0.581,25392,4648,25392,4648,3.3,255,0,CleanAir,0.0,2026-09-18 23:50:46
59,3.14513,0.58475,25161,4678,25161,4678,3.3,255,0,CleanAir,0.0,2026-09-18 23:50:46
60,3.1775,0.58163,25420,4653,25420,4653,3.3,255,0,CleanAir,0.0,2026-09-18 23:50:47
61,3.17888,0.58125,25431,4650,25431,4650,3.3,255,0,CleanAir,0.0,2026-09-18 23:50:47
62,3.18063,0.583,25445,4664,25445,4664,3.3,255,0,CleanAir,0.0,2026-09-18 23:50:48
63,3.15188,0.58563,25215,4685,25215,4685,3.3,255,0,CleanAir,0.0,2026-09-18 23:50:48
64,3.18263,0.58025,25461,4642,25461,4642,3.3,255,0,CleanAir,0.0,2026-09-18 23:50:48
65,3.17163,0.58275,25373,4662,25373,4662,3.3,255,0,CleanAir,0.0,2026-09-18 23:50:49
66,3.18588,0.582,25487,4656,25487,4656,3.3,255,0,CleanAir,0.0,2026-09-18 23:50:49
67,3.15738,0.58338,25259,4667,25259,4667,3.3,255,0,CleanAir,0.0,2026-09-18 23:50:49
68,3.18813,0.58563,25505,4685,25505,4685,3.3,255,0,CleanAir,0.0,2026-09-18 23:50:50
69,3.15988,0.58575,25279,4686,25279,4686,3.3,255,0,CleanAir,0.0,2026-09-18 23:50:50
70,3.19013,0.58425,25521,4674,25521,4674,3.3,255,0,CleanAir,0.0,2026-09-18 23:50:51
71,3.162,0.58225,25296,4658,25296,4658,3.3,255,0,CleanAir,0.0,2026-09-18 23:50:51
72,3.1915,0.58475,25532,4678,25532,4678,3.3,255,0,CleanAir,0.0,2026-09-18 23:50:51
73,3.193,0.58038,25544,4643,25544,4643,3.3,255,0,CleanAir,0.0,2026-09-18 23:50:52
74,3.16475,0.58213,25318,4657,25318,4657,3.3,255,0,CleanAir,0.0,2026-09-18 23:50:52
75,3.1955,0.58175,25564,4654,25564,4654,3.3,255,0,CleanAir,0.0,2026-09-18 23:50:52
76,3.19625,0.58238,25570,4659,25570,4659,3.3,255,0,CleanAir,0.0,2026-09-18 23:50:53
77,3.19688,0.5825,25575,4660,25575,4660,3.3,255,0,CleanAir,0.0,2026-09-18 23:50:53
78,3.16763,0.583,25341,4664,25341,4664,3.3,255,0,CleanAir,0.0,2026-09-18 23:50:54
79,3.1685,0.58525,25348,4682,25348,4682,3.3,255,0,CleanAir,0.0,2026-09-18 23:50:54
80,3.16963,0.58275,25357,4662,25357,4662,3.3,255,0,CleanAir,0.0,2026-09-18 23:50:54
81,3.16925,0.58075,25354,4646,25354,4646,3.3,255,0,CleanAir,0.0,2026-09-18 23:50:55
82,3.19988,0.58538,25599,4683,25599,4683,3.3,255,0,CleanAir,0.0,2026-09-18 23:50:55
83,3.17063,0.58588,25365,4687,25365,4687,3.3,255,0,CleanAir,0.0,2026-09-18 23:50:55
84,3.20063,0.58513,25605,4681,25605,4681,3.3,255,0,CleanAir,0.0,2026-09-18 23:50:56
85,3.201,0.58088,25608,4647,25608,4647,3.3,255,0,CleanAir,0.0,2026-09-18 23:50:56
86,3.202,0.58238,25616,4659,25616,4659,3.3,255,0,CleanAir,0.0,2026-09-18 23:50:56
87,3.17288,0.58238,25383,4659,25383,4659,3.3,255,0,CleanAir,0.0,2026-09-18 23:50:57
88,3.20325,0.58513,25626,4681,25626,4681,3.3,255,0,CleanAir,0.0,2026-09-18 23:50:57
89,3.20438,0.58213,25635,4657,25635,4657,3.3,255,0,CleanAir,0.0,2026-09-18 23:50:57
90,3.20475,0.58538,25638,4683,25638,4683,3.3,255,0,CleanAir,0.0,2026-09-18 23:50:58
91,3.20375,0.58238,25630,4659,25630,4659,3.3,255,0,CleanAir,0.0,2026-09-18 23:50:58
92,3.17513,0.584,25401,4672,25401,4672,3.3,255,0,CleanAir,0.0,2026-09-18 23:50:59
93,3.20675,0.58213,25654,4657,25654,4657,3.3,255,0,CleanAir,0.0,2026-09-18 23:50:59
94,3.207,0.58413,25656,4673,25656,4673,3.3,255,0,CleanAir,0.0,2026-09-18 23:50:59
95,3.20713,0.58238,25657,4659,25657,4659,3.3,255,0,CleanAir,0.0,2026-09-18 23:51:00
96,3.20713,0.582,25657,4656,25657,4656,3.3,255,0,CleanAir,0.0,2026-09-18 23:51:00
97,3.20738,0.582,25659,4656,25659,4656,3.3,255,0,CleanAir,0.0,2026-09-18 23:51:00
98,3.20788,0.58238,25663,4659,25663,4659,3.3,255,0,CleanAir,0.0,2026-09-18 23:51:01
99,3.178,0.58163,25424,4653,25424,4653,3.3,255,0,CleanAir,0.0,2026-09-18 23:51:01
100,3.20938,0.5825,25675,4660,25675,4660,3.3,255,0,CleanAir,0.0,2026-09-18 23:51:01
101,3.17925,0.58513,25434,4681,25434,4681,3.3,255,0,CleanAir,0.0,2026-09-18 23:51:02
102,3.209,0.58475,25672,4678,25672,4678,3.3,255,0,CleanAir,0.0,2026-09-18 23:51:02
103,3.204,0.58538,25632,4683,25632,4683,3.3,255,0,CleanAir,0.0,2026-09-18 23:51:02
104,3.20875,0.58263,25670,4661,25670,4661,3.3,255,0,CleanAir,0.0,2026-09-18 23:51:03
105,3.19375,0.58475,25550,4678,25550,4678,3.3,255,0,CleanAir,0.0,2026-09-18 23:51:03
106,3.20925,0.58338,25674,4667,25674,4667,3.3,255,0,CleanAir,0.0,2026-09-18 23:51:04
107,3.17988,0.58113,25439,4649,25439,4649,3.3,255,0,CleanAir,0.0,2026-09-18 23:51:04
108,3.21063,0.58263,25685,4661,25685,4661,3.3,255,0,CleanAir,0.0,2026-09-18 23:51:04
109,3.20975,0.58263,25678,4661,25678,4661,3.3,255,0,CleanAir,0.0,2026-09-18 23:51:05
110,3.20988,0.58325,25679,4666,25679,4666,3.3,255,0,CleanAir,0.0,2026-09-18 23:51:05
111,3.21125,0.58225,25690,4658,25690,4658,3.3,255,0,CleanAir,0.0,2026-09-18 23:51:06
112,3.21075,0.58138,25686,4651,25686,4651,3.3,255,0,CleanAir,0.0,2026-09-18 23:51:06
113,3.21088,0.58125,25687,4650,25687,4650,3.3,255,0,CleanAir,0.0,2026-09-18 23:51:06
114,3.1815,0.581,25452,4648,25452,4648,3.3,255,0,CleanAir,0.0,2026-09-18 23:51:07
115,3.21163,0.582,25693,4656,25693,4656,3.3,255,0,CleanAir,0.0,2026-09-18 23:51:07
116,3.21138,0.58175,25691,4654,25691,4654,3.3,255,0,CleanAir,0.0,2026-09-18 23:51:07
117,3.21188,0.58563,25695,4685,25695,4685,3.3,255,0,CleanAir,0.0,2026-09-18 23:51:08
118,3.21213,0.58313,25697,4665,25697,4665,3.3,255,0,CleanAir,0.0,2026-09-18 23:51:08
119,3.21225,0.58225,25698,4658,25698,4658,3.3,255,0,CleanAir,0.0,2026-09-18 23:51:08
120,3.21275,0.58275,25702,4662,25702,4662,3.3,255,0,CleanAir,0.0,2026-09-18 23:51:09
121,3.21213,0.586,25697,4688,25697,4688,3.3,255,0,CleanAir,0.0,2026-09-18 23:51:09
122,3.18188,0.58588,25455,4687,25455,4687,3.3,255,0,CleanAir,0.0,2026-09-18 23:51:09
123,3.21263,0.58288,25701,4663,25701,4663,3.3,255,0,CleanAir,0.0,2026-09-18 23:51:10
124,3.21225,0.58563,25698,4685,25698,4685,3.3,255,0,CleanAir,0.0,2026-09-18 23:51:10
125,3.41625,0.5795,27330,4636,27330,4636,0.0,0,0,CleanAir,0.0,2026-09-18 23:51:11
126,3.39725,0.5785,27178,4628,27178,4628,0.0,0,0,CleanAir,0.0,2026-09-18 23:51:11
127,3.37588,0.57925,27007,4634,27007,4634,0.0,0,0,CleanAir,0.0,2026-09-18 23:51:11
128,3.322,0.58138,26576,4651,26576,4651,0.0,0,0,CleanAir,0.0,2026-09-18 23:51:12
129,3.33075,0.58088,26646,4647,26646,4647,0.0,0,0,CleanAir,0.0,2026-09-18 23:51:12
130,3.28338,0.5805,26267,4644,26267,4644,0.0,0,0,CleanAir,0.0,2026-09-18 23:51:12
131,3.2875,0.577,26300,4616,26300,4616,0.0,0,0,CleanAir,0.0,2026-09-18 23:51:13
132,3.23813,0.57725,25905,4618,25905,4618,0.0,0,0,CleanAir,0.0,2026-09-18 23:51:13
133,3.248,0.57775,25984,4622,25984,4622,0.0,0,0,CleanAir,0.0,2026-09-18 23:51:13
134,3.2,0.57863,25600,4629,25600,4629,0.0,0,0,CleanAir,0.0,2026-09-18 23:51:14
135,3.20938,0.57788,25675,4623,25675,4623,0.0,0,0,CleanAir,0.0,2026-09-18 23:51:14
136,3.16363,0.57888,25309,4631,25309,4631,0.0,0,0,CleanAir,0.0,2026-09-18 23:51:14
137,3.1735,0.5785,25388,4628,25388,4628,0.0,0,0,CleanAir,0.0,2026-09-18 23:51:15
138,3.12725,0.58138,25018,4651,25018,4651,0.0,0,0,CleanAir,0.0,2026-09-18 23:51:15
139,3.13863,0.57838,25109,4627,25109,4627,0.0,0,0,CleanAir,0.0,2026-09-18 23:51:16
140,3.09413,0.581,24753,4648,24753,4648,0.0,0,0,CleanAir,0.0,2026-09-18 23:51:16
141,3.098,0.57725,24784,4618,24784,4618,0.0,0,0,CleanAir,0.0,2026-09-18 23:51:16
142,3.083,0.57775,24664,4622,24664,4622,0.0,0,0,CleanAir,0.0,2026-09-18 23:51:17
143,3.03913,0.57825,24313,4626,24313,4626,0.0,0,0,CleanAir,0.0,2026-09-18 23:51:17
144,3.05413,0.57838,24433,4627,24433,4627,0.0,0,0,CleanAir,0.0,2026-09-18 23:51:18
145,3.04025,0.57688,24322,4615,24322,4615,0.0,0,0,CleanAir,0.0,2026-09-18 23:51:18
146,3.026,0.57713,24208,4617,24208,4617,0.0,0,0,CleanAir,0.0,2026-09-18 23:51:18
147,3.0125,0.5795,24100,4636,24100,4636,0.0,0,0,CleanAir,0.0,2026-09-18 23:51:19
148,2.98025,0.57738,23842,4619,23842,4619,0.0,0,0,CleanAir,0.0,2026-09-18 23:51:19
149,2.98863,0.57688,23909,4615,23909,4615,0.0,0,0,CleanAir,0.0,2026-09-18 23:51:19
150,2.97438,0.581,23795,4648,23795,4648,0.0,0,0,CleanAir,0.0,2026-09-18 23:51:20
151,2.95863,0.57613,23669,4609,23669,4609,0.0,0,0,CleanAir,0.0,2026-09-18 23:51:20
152,2.92138,0.57675,23371,4614,23371,4614,0.0,0,0,CleanAir,0.0,2026-09-18 23:51:21
153,2.909,0.57575,23272,4606,23272,4606,0.0,0,0,CleanAir,0.0,2026-09-18 23:51:21
154,2.92625,0.57663,23410,4613,23410,4613,0.0,0,0,CleanAir,0.0,2026-09-18 23:51:21
155,2.88988,0.57763,23119,4621,23119,4621,0.0,0,0,CleanAir,0.0,2026-09-18 23:51:22
156,2.90025,0.5815,23202,4652,23202,4652,0.0,0,0,CleanAir,0.0,2026-09-18 23:51:22
157,2.8975,0.57913,23180,4633,23180,4633,0.0,0,0,CleanAir,0.0,2026-09-18 23:51:22
158,2.86363,0.57563,22909,4605,22909,4605,0.0,0,0,CleanAir,0.0,2026-09-18 23:51:23
159,2.8805,0.5765,23044,4612,23044,4612,0.0,0,0,CleanAir,0.0,2026-09-18 23:51:23
160,2.84575,0.57738,22766,4619,22766,4619,0.0,0,0,CleanAir,0.0,2026-09-18 23:51:23
161,2.86325,0.58063,22906,4645,22906,4645,0.0,0,0,CleanAir,0.0,2026-09-18 23:51:24
162,2.82925,0.57812,22634,4625,22634,4625,0.0,0,0,CleanAir,0.0,2026-09-18 23:51:24
163,2.84813,0.57625,22785,4610,22785,4610,0.0,0,0,CleanAir,0.0,2026-09-18 23:51:25
164,2.81575,0.57838,22526,4627,22526,4627,0.0,0,0,CleanAir,0.0,2026-09-18 23:51:25
165,2.83388,0.57963,22671,4637,22671,4637,0.0,0,0,CleanAir,0.0,2026-09-18 23:51:25
166,2.82338,0.58,22587,4640,22587,4640,0.0,0,0,CleanAir,0.0,2026-09-18 23:51:26
167,2.81363,0.57563,22509,4605,22509,4605,0.0,0,0,CleanAir,0.0,2026-09-18 23:51:26
168,2.79238,0.577,22339,4616,22339,4616,0.0,0,0,CleanAir,0.0,2026-09-18 23:51:26
169,2.80763,0.57738,22461,4619,22461,4619,0.0,0,0,CleanAir,0.0,2026-09-18 23:51:27
170,2.77613,0.57775,22209,4622,22209,4622,0.0,0,0,CleanAir,0.0,2026-09-18 23:51:27
171,2.79538,0.58088,22363,4647,22363,4647,0.0,0,0,CleanAir,0.0,2026-09-18 23:51:27
172,2.7645,0.58113,22116,4649,22116,4649,0.0,0,0,CleanAir,0.0,2026-09-18 23:51:28
173,2.7835,0.57888,22268,4631,22268,4631,0.0,0,0,CleanAir,0.0,2026-09-18 23:51:28
174,2.75425,0.57725,22034,4618,22034,4618,0.0,0,0,CleanAir,0.0,2026-09-18 23:51:28
175,2.77275,0.57838,22182,4627,22182,4627,0.0,0,0,CleanAir,0.0,2026-09-18 23:51:29
176,2.74188,0.58138,21935,4651,21935,4651,0.0,0,0,CleanAir,0.0,2026-09-18 23:51:29
177,2.76238,0.58013,22099,4641,22099,4641,0.0,0,0,CleanAir,0.0,2026-09-18 23:51:30
178,2.73363,0.57863,21869,4629,21869,4629,0.0,0,0,CleanAir,0.0,2026-09-18 23:51:30
179,2.75338,0.58113,22027,4649,22027,4649,0.0,0,0,CleanAir,0.0,2026-09-18 23:51:30
180,2.72425,0.5805,21794,4644,21794,4644,0.0,0,0,CleanAir,0.0,2026-09-18 23:51:31
181,2.74575,0.57625,21966,4610,21966,4610,0.0,0,0,CleanAir,0.0,2026-09-18 23:51:31
182,2.71488,0.58025,21719,4642,21719,4642,0.0,0,0,CleanAir,0.0,2026-09-18 23:51:32
183,2.7105,0.5765,21684,4612,21684,4612,0.0,0,0,CleanAir,0.0,2026-09-18 23:51:32
184,2.7315,0.58075,21852,4646,21852,4646,0.0,0,0,CleanAir,0.0,2026-09-18 23:51:32
185,2.70313,0.58013,21625,4641,21625,4641,0.0,0,0,CleanAir,0.0,2026-09-18 23:51:33
186,2.71625,0.57963,21730,4637,21730,4637,0.0,0,0,CleanAir,0.0,2026-09-18 23:51:33
187,2.722,0.581,21776,4648,21776,4648,0.0,0,0,CleanAir,0.0,2026-09-18 23:51:33
188,2.71825,0.58038,21746,4643,21746,4643,0.0,0,0,CleanAir,0.0,2026-09-18 23:51:34
189,2.71588,0.57613,21727,4609,21727,4609,0.0,0,0,CleanAir,0.0,2026-09-18 23:51:34
190,2.69538,0.57613,21563,4609,21563,4609,0.0,0,0,CleanAir,0.0,2026-09-18 23:51:35
191,2.7105,0.57875,21684,4630,21684,4630,0.0,0,0,CleanAir,0.0,2026-09-18 23:51:35
192,2.68338,0.5775,21467,4620,21467,4620,0.0,0,0,CleanAir,0.0,2026-09-18 23:51:35
193,2.70488,0.57875,21639,4630,21639,4630,0.0,0,0,CleanAir,0.0,2026-09-18 23:51:36
194,2.70163,0.58063,21613,4645,21613,4645,0.0,0,0,CleanAir,0.0,2026-09-18 23:51:36
195,2.699,0.57788,21592,4623,21592,4623,0.0,0,0,CleanAir,0.0,2026-09-18 23:51:36
196,2.68863,0.57588,21509,4607,21509,4607,0.0,0,0,CleanAir,0.0,2026-09-18 23:51:37
197,2.669,0.57788,21352,4623,21352,4623,0.0,0,0,CleanAir,0.0,2026-09-18 23:51:37
198,2.69275,0.57738,21542,4619,21542,4619,0.0,0,0,CleanAir,0.0,2026-09-18 23:51:37
199,2.69038,0.578,21523,4624,21523,4624,0.0,0,0,CleanAir,0.0,2026-09-18 23:51:38
200,2.68838,0.57713,21507,4617,21507,4617,0.0,0,0,CleanAir,0.0,2026-09-18 23:51:38
201,2.68638,0.5805,21491,4644,21491,4644,0.0,0,0,CleanAir,0.0,2026-09-18 23:51:39
202,2.65975,0.57963,21278,4637,21278,4637,0.0,0,0,CleanAir,0.0,2026-09-18 23:51:39
203,2.68213,0.57588,21457,4607,21457,4607,0.0,0,0,CleanAir,0.0,2026-09-18 23:51:39
204,2.66838,0.57513,21347,4601,21347,4601,0.0,0,0,CleanAir,0.0,2026-09-18 23:51:40
205,2.6795,0.5775,21436,4620,21436,4620,0.0,0,0,CleanAir,0.0,2026-09-18 23:51:40
206,2.67813,0.57875,21425,4630,21425,4630,0.0,0,0,CleanAir,0.0,2026-09-18 23:51:41
207,2.65163,0.58063,21213,4645,21213,4645,0.0,0,0,CleanAir,0.0,2026-09-18 23:51:41
208,2.674,0.58088,21392,4647,21392,4647,0.0,0,0,CleanAir,0.0,2026-09-18 23:51:41
209,2.64913,0.57675,21193,4614,21193,4614,0.0,0,0,CleanAir,0.0,2026-09-18 23:51:42
210,2.67225,0.57988,21378,4639,21378,4639,0.0,0,0,CleanAir,0.0,2026-09-18 23:51:42
211,2.67038,0.58113,21363,4649,21363,4649,0.0,0,0,CleanAir,0.0,2026-09-18 23:51:42
212,2.66975,0.57738,21358,4619,21358,4619,0.0,0,0,CleanAir,0.0,2026-09-18 23:51:43
213,2.66788,0.58038,21343,4643,21343,4643,0.0,0,0,CleanAir,0.0,2026-09-18 23:51:43
214,2.66588,0.58088,21327,4647,21327,4647,0.0,0,0,CleanAir,0.0,2026-09-18 23:51:44
215,2.66538,0.577,21323,4616,21323,4616,0.0,0,0,CleanAir,0.0,2026-09-18 23:51:44
216,2.664,0.58,21312,4640,21312,4640,0.0,0,0,CleanAir,0.0,2026-09-18 23:51:44
217,2.66288,0.57688,21303,4615,21303,4615,0.0,0,0,CleanAir,0.0,2026-09-18 23:51:45
218,2.64638,0.57738,21171,4619,21171,4619,0.0,0,0,CleanAir,0.0,2026-09-18 23:51:45
219,2.63825,0.57825,21106,4626,21106,4626,0.0,0,0,CleanAir,0.0,2026-09-18 23:51:45
220,2.65938,0.57888,21275,4631,21275,4631,0.0,0,0,CleanAir,0.0,2026-09-18 23:51:46
221,2.634,0.57613,21072,4609,21072,4609,0.0,0,0,CleanAir,0.0,2026-09-18 23:51:46
222,2.65688,0.57913,21255,4633,21255,4633,0.0,0,0,CleanAir,0.0,2026-09-18 23:51:47
223,2.65713,0.57675,21257,4614,21257,4614,0.0,0,0,CleanAir,0.0,2026-09-18 23:51:47
224,2.65588,0.57788,21247,4623,21247,4623,0.0,0,0,CleanAir,0.0,2026-09-18 23:51:47
225,2.65563,0.57663,21245,4613,21245,4613,0.0,0,0,CleanAir,0.0,2026-09-18 23:51:48
226,2.65363,0.57938,21229,4635,21229,4635,0.0,0,0,CleanAir,0.0,2026-09-18 23:51:48
227,2.653,0.58063,21224,4645,21224,4645,0.0,0,0,CleanAir,0.0,2026-09-18 23:51:48
228,2.65225,0.58038,21218,4643,21218,4643,0.0,0,0,CleanAir,0.0,2026-09-18 23:51:49
229,2.651,0.58075,21208,4646,21208,4646,0.0,0,0,CleanAir,0.0,2026-09-18 23:51:50
230,2.65075,0.578,21206,4624,21206,4624,0.0,0,0,CleanAir,0.0,2026-09-18 23:51:50
231,2.62625,0.57688,21010,4615,21010,4615,0.0,0,0,CleanAir,0.0,2026-09-18 23:51:50
232,2.64888,0.579,21191,4632,21191,4632,0.0,0,0,CleanAir,0.0,2026-09-18 23:51:51
233,2.62575,0.57663,21006,4613,21006,4613,0.0,0,0,CleanAir,0.0,2026-09-18 23:51:51
234,2.649,0.57725,21192,4618,21192,4618,0.0,0,0,CleanAir,0.0,2026-09-18 23:51:51
235,2.64763,0.58088,21181,4647,21181,4647,0.0,0,0,CleanAir,0.0,2026-09-18 23:51:52
236,2.64763,0.58125,21181,4650,21181,4650,0.0,0,0,CleanAir,0.0,2026-09-18 23:51:52
237,2.6465,0.57988,21172,4639,21172,4639,0.0,0,0,CleanAir,0.0,2026-09-18 23:51:53
238,2.64638,0.576,21171,4608,21171,4608,0.0,0,0,CleanAir,0.0,2026-09-18 23:51:53
239,2.63475,0.576,21078,4608,21078,4608,0.0,0,0,CleanAir,0.0,2026-09-18 23:51:53
240,2.62213,0.578,20977,4624,20977,4624,0.0,0,0,CleanAir,0.0,2026-09-18 23:51:54
241,2.64488,0.577,21159,4616,21159,4616,0.0,0,0,CleanAir,0.0,2026-09-18 23:51:54
242,2.62,0.57563,20960,4605,20960,4605,0.0,0,0,CleanAir,0.0,2026-09-18 23:51:54
243,2.64425,0.5765,21154,4612,21154,4612,0.0,0,0,CleanAir,0.0,2026-09-18 23:51:55
244,2.639,0.57775,21112,4622,21112,4622,0.0,0,0,CleanAir,0.0,2026-09-18 23:51:56
245,2.61813,0.577,20945,4616,20945,4616,0.0,0,0,CleanAir,0.0,2026-09-18 23:51:56
246,2.64288,0.57725,21143,4618,21143,4618,0.0,0,0,CleanAir,0.0,2026-09-18 23:51:57
247,2.61788,0.58075,20943,4646,20943,4646,0.0,0,0,CleanAir,0.0,2026-09-18 23:51:57
248,2.641,0.58013,21128,4641,21128,4641,0.0,0,0,CleanAir,0.0,2026-09-18 23:51:57
249,2.61638,0.5795,20931,4636,20931,4636,0.0,0,0,CleanAir,0.0,2026-09-18 23:51:58
0,2.50713,0.58038,20057,4643,20057,4643,3.3,255,0,CleanAir,0.0,2026-09-18 23:51:58
1,2.5345,0.582,20276,4656,20276,4656,3.3,255,0,CleanAir,0.0,2026-09-18 23:51:59
2,2.56775,0.585,20542,4680,20542,4680,3.3,255,0,CleanAir,0.0,2026-09-18 23:51:59
3,2.60063,0.58138,20805,4651,20805,4651,3.3,255,0,CleanAir,0.0,2026-09-18 23:51:59
4,2.62925,0.5805,21034,4644,21034,4644,3.3,255,0,CleanAir,0.0,2026-09-18 23:52:00
5,2.649,0.58188,21192,4655,21192,4655,3.3,255,0,CleanAir,0.0,2026-09-18 23:52:00
6,2.69025,0.58225,21522,4658,21522,4658,3.3,255,0,CleanAir,0.0,2026-09-18 23:52:00
7,2.69013,0.58163,21521,4653,21521,4653,3.3,255,0,CleanAir,0.0,2026-09-18 23:52:01
8,2.73975,0.58175,21918,4654,21918,4654,3.3,255,0,CleanAir,0.0,2026-09-18 23:52:01
9,2.74663,0.58063,21973,4645,21973,4645,3.3,255,0,CleanAir,0.0,2026-09-18 23:52:01
10,2.78375,0.58038,22270,4643,22270,4643,3.3,255,0,CleanAir,0.0,2026-09-18 23:52:02
11,2.77863,0.58125,22229,4650,22229,4650,3.3,255,0,CleanAir,0.0,2026-09-18 23:52:02
12,2.82438,0.58125,22595,4650,22595,4650,3.3,255,0,CleanAir,0.0,2026-09-18 23:52:03
13,2.81688,0.58463,22535,4677,22535,4677,3.3,255,0,CleanAir,0.0,2026-09-18 23:52:03
14,2.86025,0.5805,22882,4644,22882,4644,3.3,255,0,CleanAir,0.0,2026-09-18 23:52:03
15,2.87688,0.58225,23015,4658,23015,4658,3.3,255,0,CleanAir,0.0,2026-09-18 23:52:04
16,2.89313,0.5805,23145,4644,23145,4644,3.3,255,0,CleanAir,0.0,2026-09-18 23:52:04
17,2.90875,0.582,23270,4656,23270,4656,3.3,255,0,CleanAir,0.0,2026-09-18 23:52:04
18,2.89613,0.5835,23169,4668,23169,4668,3.3,255,0,CleanAir,0.0,2026-09-18 23:52:05
19,2.93788,0.585,23503,4680,23503,4680,3.3,255,0,CleanAir,0.0,2026-09-18 23:52:05
20,2.92363,0.58575,23389,4686,23389,4686,3.3,255,0,CleanAir,0.0,2026-09-18 23:52:05
21,2.963,0.58513,23704,4681,23704,4681,3.3,255,0,CleanAir,0.0,2026-09-18 23:52:06
22,2.96813,0.58263,23745,4661,23745,4661,3.3,255,0,CleanAir,0.0,2026-09-18 23:52:06
23,2.98575,0.58138,23886,4651,23886,4651,3.3,255,0,CleanAir,0.0,2026-09-18 23:52:07
24,2.996,0.58063,23968,4645,23968,4645,3.3,255,0,CleanAir,0.0,2026-09-18 23:52:07
25,3.00588,0.5815,24047,4652,24047,4652,3.3,255,0,CleanAir,0.0,2026-09-18 23:52:07
26,3.01525,0.58088,24122,4647,24122,4647,3.3,255,0,CleanAir,0.0,2026-09-18 23:52:08
27,3.02413,0.58163,24193,4653,24193,4653,3.3,255,0,CleanAir,0.0,2026-09-18 23:52:08
28,3.03263,0.58388,24261,4671,24261,4671,3.3,255,0,CleanAir,0.0,2026-09-18 23:52:08
29,3.0405,0.58013,24324,4641,24324,4641,3.3,255,0,CleanAir,0.0,2026-09-18 23:52:09
30,3.04788,0.58525,24383,4682,24383,4682,3.3,255,0,CleanAir,0.0,2026-09-18 23:52:09
31,3.05513,0.58338,24441,4667,24441,4667,3.3,255,0,CleanAir,0.0,2026-09-18 23:52:09
32,3.06263,0.5815,24501,4652,24501,4652,3.3,255,0,CleanAir,0.0,2026-09-18 23:52:10
33,3.06975,0.58188,24558,4655,24558,4655,3.3,255,0,CleanAir,0.0,2026-09-18 23:52:10
34,3.04713,0.58175,24377,4654,24377,4654,3.3,255,0,CleanAir,0.0,2026-09-18 23:52:10
35,3.08188,0.58288,24655,4663,24655,4663,3.3,255,0,CleanAir,0.0,2026-09-18 23:52:11
36,3.08713,0.5815,24697,4652,24697,4652,3.3,255,0,CleanAir,0.0,2026-09-18 23:52:11
37,3.09363,0.581,24749,4648,24749,4648,3.3,255,0,CleanAir,0.0,2026-09-18 23:52:12
38,3.09888,0.58225,24791,4658,24791,4658,3.3,255,0,CleanAir,0.0,2026-09-18 23:52:12
39,3.10338,0.58263,24827,4661,24827,4661,3.3,255,0,CleanAir,0.0,2026-09-18 23:52:12
40,3.09488,0.5855,24759,4684,24759,4684,3.3,255,0,CleanAir,0.0,2026-09-18 23:52:13
41,3.0845,0.58275,24676,4662,24676,4662,3.3,255,0,CleanAir,0.0,2026-09-18 23:52:13
42,3.11738,0.58225,24939,4658,24939,4658,3.3,255,0,CleanAir,0.0,2026-09-18 23:52:13
43,3.12138,0.58425,24971,4674,24971,4674,3.3,255,0,CleanAir,0.0,2026-09-18 23:52:14
44,3.10988,0.58538,24879,4683,24879,4683,3.3,255,0,CleanAir,0.0,2026-09-18 23:52:14
45,3.12875,0.5855,25030,4684,25030,4684,3.3,255,0,CleanAir,0.0,2026-09-18 23:52:14
46,3.1015,0.58525,24812,4682,24812,4682,3.3,255,0,CleanAir,0.0,2026-09-18 23:52:15
47,3.135,0.58513,25080,4681,25080,4681,3.3,255,0,CleanAir,0.0,2026-09-18 23:52:15
48,3.13588,0.58538,25087,4683,25087,4683,3.3,255,0,CleanAir,0.0,2026-09-18 23:52:16
49,3.14125,0.58375,25130,4670,25130,4670,3.3,255,0,CleanAir,0.0,2026-09-18 23:52:16
50,3.12175,0.58163,24974,4653,24974,4653,3.3,255,0,CleanAir,0.0,2026-09-18 23:52:16
51,3.1475,0.58,25180,4640,25180,4640,3.3,255,0,CleanAir,0.0,2026-09-18 23:52:17
52,3.13775,0.58463,25102,4677,25102,4677,3.3,255,0,CleanAir,0.0,2026-09-18 23:52:17
53,3.123,0.58213,24984,4657,24984,4657,3.3,255,0,CleanAir,0.0,2026-09-18 23:52:17
54,3.1525,0.58513,25220,4681,25220,4681,3.3,255,0,CleanAir,0.0,2026-09-18 23:52:18
55,3.15788,0.583,25263,4664,25263,4664,3.3,255,0,CleanAir,0.0,2026-09-18 23:52:18
56,3.13588,0.58025,25087,4642,25087,4642,3.3,255,0,CleanAir,0.0,2026-09-18 23:52:18
57,3.16263,0.5815,25301,4652,25301,4652,3.3,255,0,CleanAir,0.0,2026-09-18 23:52:19
58,3.16463,0.58325,25317,4666,25317,4666,3.3,255,0,CleanAir,0.0,2026-09-18 23:52:19
59,3.16625,0.5805,25330,4644,25330,4644,3.3,255,0,CleanAir,0.0,2026-09-18 23:52:19
60,3.15625,0.582,25250,4656,25250,4656,3.3,255,0,CleanAir,0.0,2026-09-18 23:52:20
61,3.17,0.58263,25360,4661,25360,4661,3.3,255,0,CleanAir,0.0,2026-09-18 23:52:20
62,3.16525,0.58313,25322,4665,25322,4665,3.3,255,0,CleanAir,0.0,2026-09-18 23:52:21
63,3.17338,0.58275,25387,4662,25387,4662,3.3,255,0,CleanAir,0.0,2026-09-18 23:52:21
64,3.161,0.58063,25288,4645,25288,4645,3.3,255,0,CleanAir,0.0,2026-09-18 23:52:21
65,3.1675,0.58188,25340,4655,25340,4655,3.3,255,0,CleanAir,0.0,2026-09-18 23:52:22
66,3.17813,0.5835,25425,4668,25425,4668,3.3,255,0,CleanAir,0.0,2026-09-18 23:52:22
67,3.14863,0.58013,25189,4641,25189,4641,3.3,255,0,CleanAir,0.0,2026-09-18 23:52:22
68,3.15038,0.582,25203,4656,25203,4656,3.3,255,0,CleanAir,0.0,2026-09-18 23:52:23
69,3.15263,0.58525,25221,4682,25221,4682,3.3,255,0,CleanAir,0.0,2026-09-18 23:52:23
70,3.18363,0.58525,25469,4682,25469,4682,3.3,255,0,CleanAir,0.0,2026-09-18 23:52:24
71,3.18238,0.58225,25459,4658,25459,4658,3.3,255,0,CleanAir,0.0,2026-09-18 23:52:24
72,3.1855,0.58238,25484,4659,25484,4659,3.3,255,0,CleanAir,0.0,2026-09-18 23:52:24
73,3.18663,0.58225,25493,4658,25493,4658,3.3,255,0,CleanAir,0.0,2026-09-18 23:52:25
74,3.158,0.58225,25264,4658,25264,4658,3.3,255,0,CleanAir,0.0,2026-09-18 23:52:25
75,3.159,0.5815,25272,4652,25272,4652,3.3,255,0,CleanAir,0.0,2026-09-18 23:52:25
76,3.1895,0.58238,25516,4659,25516,4659,3.3,255,0,CleanAir,0.0,2026-09-18 23:52:26
77,3.17813,0.58388,25425,4671,25425,4671,3.3,255,0,CleanAir,0.0,2026-09-18 23:52:26
78,3.19063,0.58138,25525,4651,25525,4651,3.3,255,0,CleanAir,0.0,2026-09-18 23:52:27
79,3.19163,0.58225,25533,4658,25533,4658,3.3,255,0,CleanAir,0.0,2026-09-18 23:52:27
80,3.19288,0.58175,25543,4654,25543,4654,3.3,255,0,CleanAir,0.0,2026-09-18 23:52:28
81,3.16738,0.58113,25339,4649,25339,4649,3.3,255,0,CleanAir,0.0,2026-09-18 23:52:28
82,3.19313,0.58238,25545,4659,25545,4659,3.3,255,0,CleanAir,0.0,2026-09-18 23:52:28
83,3.19438,0.58525,25555,4682,25555,4682,3.3,255,0,CleanAir,0.0,2026-09-18 23:52:29
84,3.195,0.5815,25560,4652,25560,4652,3.3,255,0,CleanAir,0.0,2026-09-18 23:52:30
85,3.1955,0.58288,25564,4663,25564,4663,3.3,255,0,CleanAir,0.0,2026-09-18 23:52:30
86,3.1955,0.58575,25564,4686,25564,4686,3.3,255,0,CleanAir,0.0,2026-09-18 23:52:30
87,3.1965,0.58163,25572,4653,25572,4653,3.3,255,0,CleanAir,0.0,2026-09-18 23:52:31
88,3.1675,0.58138,25340,4651,25340,4651,3.3,255,0,CleanAir,0.0,2026-09-18 23:52:31
89,3.19613,0.5835,25569,4668,25569,4668,3.3,255,0,CleanAir,0.0,2026-09-18 23:52:32
90,3.19675,0.58563,25574,4685,25574,4685,3.3,255,0,CleanAir,0.0,2026-09-18 23:52:32
91,3.197,0.58525,25576,4682,25576,4682,3.3,255,0,CleanAir,0.0,2026-09-18 23:52:32
92,3.19213,0.58488,25537,4679,25537,4679,3.3,255,0,CleanAir,0.0,2026-09-18 23:52:33
93,3.19838,0.5825,25587,4660,25587,4660,3.3,255,0,CleanAir,0.0,2026-09-18 23:52:33
94,3.19888,0.58375,25591,4670,25591,4670,3.3,255,0,CleanAir,0.0,2026-09-18 23:52:33
95,3.20038,0.58213,25603,4657,25603,4657,3.3,255,0,CleanAir,0.0,2026-09-18 23:52:34
96,3.172,0.58125,25376,4650,25376,4650,3.3,255,0,CleanAir,0.0,2026-09-18 23:52:34
97,3.16963,0.58275,25357,4662,25357,4662,3.3,255,0,CleanAir,0.0,2026-09-18 23:52:35
98,3.2005,0.58063,25604,4645,25604,4645,3.3,255,0,CleanAir,0.0,2026-09-18 23:52:35
99,3.20175,0.58163,25614,4653,25614,4653,3.3,255,0,CleanAir,0.0,2026-09-18 23:52:36
100,3.18963,0.5825,25517,4660,25517,4660,3.3,255,0,CleanAir,0.0,2026-09-18 23:52:36
101,3.20188,0.58563,25615,4685,25615,4685,3.3,255,0,CleanAir,0.0,2026-09-18 23:52:36
102,3.20238,0.58125,25619,4650,25619,4650,3.3,255,0,CleanAir,0.0,2026-09-18 23:52:37
103,3.20263,0.582,25621,4656,25621,4656,3.3,255,0,CleanAir,0.0,2026-09-18 23:52:37
104,3.20363,0.58188,25629,4655,25629,4655,3.3,255,0,CleanAir,0.0,2026-09-18 23:52:38
105,3.20288,0.58113,25623,4649,25623,4649,3.3,255,0,CleanAir,0.0,2026-09-18 23:52:38
106,3.20263,0.58225,25621,4658,25621,4658,3.3,255,0,CleanAir,0.0,2026-09-18 23:52:38
107,3.20288,0.58463,25623,4677,25623,4677,3.3,255,0,CleanAir,0.0,2026-09-18 23:52:39
108,3.20388,0.58225,25631,4658,25631,4658,3.3,255,0,CleanAir,0.0,2026-09-18 23:52:39
109,3.20413,0.58488,25633,4679,25633,4679,3.3,255,0,CleanAir,0.0,2026-09-18 23:52:40
110,3.20438,0.58263,25635,4661,25635,4661,3.3,255,0,CleanAir,0.0,2026-09-18 23:52:40
111,3.20475,0.5825,25638,4660,25638,4660,3.3,255,0,CleanAir,0.0,2026-09-18 23:52:40
112,3.20438,0.58238,25635,4659,25635,4659,3.3,255,0,CleanAir,0.0,2026-09-18 23:52:41
113,3.20475,0.58313,25638,4665,25638,4665,3.3,255,0,CleanAir,0.0,2026-09-18 23:52:41
114,3.205,0.584,25640,4672,25640,4672,3.3,255,0,CleanAir,0.0,2026-09-18 23:52:41
115,3.175,0.58563,25400,4685,25400,4685,3.3,255,0,CleanAir,0.0,2026-09-18 23:52:42
116,3.17563,0.5855,25405,4684,25405,4684,3.3,255,0,CleanAir,0.0,2026-09-18 23:52:42
117,3.2055,0.5835,25644,4668,25644,4668,3.3,255,0,CleanAir,0.0,2026-09-18 23:52:42
118,3.17613,0.585,25409,4680,25409,4680,3.3,255,0,CleanAir,0.0,2026-09-18 23:52:43
119,3.17525,0.58588,25402,4687,25402,4687,3.3,255,0,CleanAir,0.0,2026-09-18 23:52:43
120,3.1755,0.5855,25404,4684,25404,4684,3.3,255,0,CleanAir,0.0,2026-09-18 23:52:44
121,3.20525,0.586,25642,4688,25642,4688,3.3,255,0,CleanAir,0.0,2026-09-18 23:52:44
122,3.20513,0.58513,25641,4681,25641,4681,3.3,255,0,CleanAir,0.0,2026-09-18 23:52:44
123,3.20575,0.58238,25646,4659,25646,4659,3.3,255,0,CleanAir,0.0,2026-09-18 23:52:45
124,3.17638,0.58213,25411,4657,25411,4657,3.3,255,0,CleanAir,0.0,2026-09-18 23:52:45
125,3.4105,0.5775,27284,4620,27284,4620,0.0,0,0,CleanAir,0.0,2026-09-18 23:52:46
126,3.3755,0.57825,27004,4626,27004,4626,0.0,0,0,CleanAir,0.0,2026-09-18 23:52:46
127,3.36813,0.57613,26945,4609,26945,4609,0.0,0,0,CleanAir,0.0,2026-09-18 23:52:46
128,3.3365,0.57963,26692,4637,26692,4637,0.0,0,0,CleanAir,0.0,2026-09-18 23:52:47
129,3.321,0.57913,26568,4633,26568,4633,0.0,0,0,CleanAir,0.0,2026-09-18 23:52:47
130,3.2955,0.57988,26364,4639,26364,4639,0.0,0,0,CleanAir,0.0,2026-09-18 23:52:47
131,3.24888,0.58013,25991,4641,25991,4641,0.0,0,0,CleanAir,0.0,2026-09-18 23:52:48
132,3.25863,0.5815,26069,4652,26069,4652,0.0,0,0,CleanAir,0.0,2026-09-18 23:52:48
133,3.21238,0.58038,25699,4643,25699,4643,0.0,0,0,CleanAir,0.0,2026-09-18 23:52:49
134,3.19388,0.57975,25551,4638,25551,4638,0.0,0,0,CleanAir,0.0,2026-09-18 23:52:49
135,3.17563,0.57913,25405,4633,25405,4633,0.0,0,0,CleanAir,0.0,2026-09-18 23:52:50
136,3.157,0.58138,25256,4651,25256,4651,0.0,0,0,CleanAir,0.0,2026-09-18 23:52:50
137,3.13988,0.5805,25119,4644,25119,4644,0.0,0,0,CleanAir,0.0,2026-09-18 23:52:50
138,3.12338,0.57838,24987,4627,24987,4627,0.0,0,0,CleanAir,0.0,2026-09-18 23:52:51
139,3.10838,0.57725,24867,4618,24867,4618,0.0,0,0,CleanAir,0.0,2026-09-18 23:52:51
140,3.092,0.5775,24736,4620,24736,4620,0.0,0,0,CleanAir,0.0,2026-09-18 23:52:51
141,3.07763,0.57625,24621,4610,24621,4610,0.0,0,0,CleanAir,0.0,2026-09-18 23:52:52
142,3.05438,0.57825,24435,4626,24435,4626,0.0,0,0,CleanAir,0.0,2026-09-18 23:52:52
143,3.021,0.58113,24168,4649,24168,4649,0.0,0,0,CleanAir,0.0,2026-09-18 23:52:53
144,3.03325,0.58113,24266,4649,24266,4649,0.0,0,0,CleanAir,0.0,2026-09-18 23:52:53
145,2.99225,0.57875,23938,4630,23938,4630,0.0,0,0,CleanAir,0.0,2026-09-18 23:52:53
146,2.99438,0.57575,23955,4606,23955,4606,0.0,0,0,CleanAir,0.0,2026-09-18 23:52:54
147,2.95925,0.5755,23674,4604,23674,4604,0.0,0,0,CleanAir,0.0,2026-09-18 23:52:54
148,2.97513,0.57663,23801,4613,23801,4613,0.0,0,0,CleanAir,0.0,2026-09-18 23:52:55
149,2.93638,0.57675,23491,4614,23491,4614,0.0,0,0,CleanAir,0.0,2026-09-18 23:52:55
150,2.95175,0.57613,23614,4609,23614,4609,0.0,0,0,CleanAir,0.0,2026-09-18 23:52:55
151,2.91475,0.57663,23318,4613,23318,4613,0.0,0,0,CleanAir,0.0,2026-09-18 23:52:56
152,2.93088,0.5765,23447,4612,23447,4612,0.0,0,0,CleanAir,0.0,2026-09-18 23:52:56
153,2.89425,0.57638,23154,4611,23154,4611,0.0,0,0,CleanAir,0.0,2026-09-18 23:52:56
154,2.91125,0.577,23290,4616,23290,4616,0.0,0,0,CleanAir,0.0,2026-09-18 23:52:57
155,2.87463,0.576,22997,4608,22997,4608,0.0,0,0,CleanAir,0.0,2026-09-18 23:52:57
156,2.8915,0.57625,23132,4610,23132,4610,0.0,0,0,CleanAir,0.0,2026-09-18 23:52:57
157,2.85838,0.57688,22867,4615,22867,4615,0.0,0,0,CleanAir,0.0,2026-09-18 23:52:58
158,2.8715,0.57788,22972,4623,22972,4623,0.0,0,0,CleanAir,0.0,2026-09-18 23:52:58
159,2.864,0.578,22912,4624,22912,4624,0.0,0,0,CleanAir,0.0,2026-09-18 23:52:59
160,2.85513,0.57663,22841,4613,22841,4613,0.0,0,0,CleanAir,0.0,2026-09-18 23:52:59
161,2.8475,0.57663,22780,4613,22780,4613,0.0,0,0,CleanAir,0.0,2026-09-18 23:52:59
162,2.83888,0.58088,22711,4647,22711,4647,0.0,0,0,CleanAir,0.0,2026-09-18 23:53:00
163,2.83088,0.57963,22647,4637,22647,4637,0.0,0,0,CleanAir,0.0,2026-09-18 23:53:00
164,2.82163,0.58038,22573,4643,22573,4643,0.0,0,0,CleanAir,0.0,2026-09-18 23:53:01
165,2.789,0.58075,22312,4646,22312,4646,0.0,0,0,CleanAir,0.0,2026-09-18 23:53:01
166,2.78288,0.5795,22263,4636,22263,4636,0.0,0,0,CleanAir,0.0,2026-09-18 23:53:01
167,2.77738,0.57775,22219,4622,22219,4622,0.0,0,0,CleanAir,0.0,2026-09-18 23:53:02
168,2.79663,0.58038,22373,4643,22373,4643,0.0,0,0,CleanAir,0.0,2026-09-18 23:53:02
169,2.78563,0.5775,22285,4620,22285,4620,0.0,0,0,CleanAir,0.0,2026-09-18 23:53:02
170,2.78563,0.579,22285,4632,22285,4632,0.0,0,0,CleanAir,0.0,2026-09-18 23:53:03
171,2.77888,0.58038,22231,4643,22231,4643,0.0,0,0,CleanAir,0.0,2026-09-18 23:53:03
172,2.77363,0.57713,22189,4617,22189,4617,0.0,0,0,CleanAir,0.0,2026-09-18 23:53:03
173,2.74425,0.57613,21954,4609,21954,4609,0.0,0,0,CleanAir,0.0,2026-09-18 23:53:04
174,2.75513,0.57788,22041,4623,22041,4623,0.0,0,0,CleanAir,0.0,2026-09-18 23:53:04
175,2.73488,0.58088,21879,4647,21879,4647,0.0,0,0,CleanAir,0.0,2026-09-18 23:53:05
176,2.75425,0.57788,22034,4623,22034,4623,0.0,0,0,CleanAir,0.0,2026-09-18 23:53:05
177,2.75025,0.57575,22002,4606,22002,4606,0.0,0,0,CleanAir,0.0,2026-09-18 23:53:05
178,2.746,0.57588,21968,4607,21968,4607,0.0,0,0,CleanAir,0.0,2026-09-18 23:53:06
179,2.739,0.57725,21912,4618,21912,4618,0.0,0,0,CleanAir,0.0,2026-09-18 23:53:06
180,2.72275,0.58025,21782,4642,21782,4642,0.0,0,0,CleanAir,0.0,2026-09-18 23:53:07
181,2.73175,0.57563,21854,4605,21854,4605,0.0,0,0,CleanAir,0.0,2026-09-18 23:53:07
182,2.70325,0.57575,21626,4606,21626,4606,0.0,0,0,CleanAir,0.0,2026-09-18 23:53:07
183,2.7245,0.5765,21796,4612,21796,4612,0.0,0,0,CleanAir,0.0,2026-09-18 23:53:08
184,2.72113,0.58088,21769,4647,21769,4647,0.0,0,0,CleanAir,0.0,2026-09-18 23:53:08
185,2.71775,0.58113,21742,4649,21742,4649,0.0,0,0,CleanAir,0.0,2026-09-18 23:53:08
186,2.71413,0.577,21713,4616,21713,4616,0.0,0,0,CleanAir,0.0,2026-09-18 23:53:09
187,2.68638,0.57713,21491,4617,21491,4617,0.0,0,0,CleanAir,0.0,2026-09-18 23:53:09
188,2.70913,0.57725,21673,4618,21673,4618,0.0,0,0,CleanAir,0.0,2026-09-18 23:53:09
189,2.70638,0.57713,21651,4617,21651,4617,0.0,0,0,CleanAir,0.0,2026-09-18 23:53:10
190,2.70338,0.57675,21627,4614,21627,4614,0.0,0,0,CleanAir,0.0,2026-09-18 23:53:10
191,2.67625,0.57613,21410,4609,21410,4609,0.0,0,0,CleanAir,0.0,2026-09-18 23:53:11
192,2.69825,0.576,21586,4608,21586,4608,0.0,0,0,CleanAir,0.0,2026-09-18 23:53:11
193,2.69488,0.57725,21559,4618,21559,4618,0.0,0,0,CleanAir,0.0,2026-09-18 23:53:11
194,2.66863,0.57563,21349,4605,21349,4605,0.0,0,0,CleanAir,0.0,2026-09-18 23:53:12
195,2.6895,0.5765,21516,4612,21516,4612,0.0,0,0,CleanAir,0.0,2026-09-18 23:53:12
196,2.6625,0.57563,21300,4605,21300,4605,0.0,0,0,CleanAir,0.0,2026-09-18 23:53:13
197,2.6845,0.58088,21476,4647,21476,4647,0.0,0,0,CleanAir,0.0,2026-09-18 23:53:13
198,2.6725,0.58113,21380,4649,21380,4649,0.0,0,0,CleanAir,0.0,2026-09-18 23:53:13
199,2.68125,0.57738,21450,4619,21450,4619,0.0,0,0,CleanAir,0.0,2026-09-18 23:53:14
200,2.65525,0.57738,21242,4619,21242,4619,0.0,0,0,CleanAir,0.0,2026-09-18 23:53:14
201,2.678,0.57775,21424,4622,21424,4622,0.0,0,0,CleanAir,0.0,2026-09-18 23:53:15
202,2.65188,0.57738,21215,4619,21215,4619,0.0,0,0,CleanAir,0.0,2026-09-18 23:53:15
203,2.6745,0.5805,21396,4644,21396,4644,0.0,0,0,CleanAir,0.0,2026-09-18 23:53:15
204,2.64825,0.58113,21186,4649,21186,4649,0.0,0,0,CleanAir,0.0,2026-09-18 23:53:16
205,2.67163,0.57775,21373,4622,21373,4622,0.0,0,0,CleanAir,0.0,2026-09-18 23:53:16
206,2.65175,0.58125,21214,4650,21214,4650,0.0,0,0,CleanAir,0.0,2026-09-18 23:53:16
207,2.668,0.58063,21344,4645,21344,4645,0.0,0,0,CleanAir,0.0,2026-09-18 23:53:17
208,2.666,0.58025,21328,4642,21328,4642,0.0,0,0,CleanAir,0.0,2026-09-18 23:53:17
209,2.64125,0.57638,21130,4611,21130,4611,0.0,0,0,CleanAir,0.0,2026-09-18 23:53:17
210,2.66388,0.57938,21311,4635,21311,4635,0.0,0,0,CleanAir,0.0,2026-09-18 23:53:18
211,2.63963,0.5785,21117,4628,21117,4628,0.0,0,0,CleanAir,0.0,2026-09-18 23:53:18
212,2.66138,0.58088,21291,4647,21291,4647,0.0,0,0,CleanAir,0.0,2026-09-18 23:53:19
213,2.636,0.57988,21088,4639,21088,4639,0.0,0,0,CleanAir,0.0,2026-09-18 23:53:19
214,2.65925,0.57563,21274,4605,21274,4605,0.0,0,0,CleanAir,0.0,2026-09-18 23:53:19
215,2.63438,0.58088,21075,4647,21075,4647,0.0,0,0,CleanAir,0.0,2026-09-18 23:53:20
216,2.65725,0.581,21258,4648,21258,4648,0.0,0,0,CleanAir,0.0,2026-09-18 23:53:20
217,2.64563,0.577,21165,4616,21165,4616,0.0,0,0,CleanAir,0.0,2026-09-18 23:53:21
218,2.65575,0.57713,21246,4617,21246,4617,0.0,0,0,CleanAir,0.0,2026-09-18 23:53:21
219,2.6535,0.57925,21228,4634,21228,4634,0.0,0,0,CleanAir,0.0,2026-09-18 23:53:21
220,2.65388,0.57588,21231,4607,21231,4607,0.0,0,0,CleanAir,0.0,2026-09-18 23:53:22
221,2.62875,0.575,21030,4600,21030,4600,0.0,0,0,CleanAir,0.0,2026-09-18 23:53:22
222,2.65175,0.58038,21214,4643,21214,4643,0.0,0,0,CleanAir,0.0,2026-09-18 23:53:22
223,2.647,0.57825,21176,4626,21176,4626,0.0,0,0,CleanAir,0.0,2026-09-18 23:53:23
224,2.62513,0.5775,21001,4620,21001,4620,0.0,0,0,CleanAir,0.0,2026-09-18 23:53:23
225,2.64888,0.581,21191,4648,21191,4648,0.0,0,0,CleanAir,0.0,2026-09-18 23:53:24
226,2.64888,0.57788,21191,4623,21191,4623,0.0,0,0,CleanAir,0.0,2026-09-18 23:53:24
227,2.648,0.57963,21184,4637,21184,4637,0.0,0,0,CleanAir,0.0,2026-09-18 23:53:24
228,2.63575,0.5795,21086,4636,21086,4636,0.0,0,0,CleanAir,0.0,2026-09-18 23:53:25
229,2.64575,0.57775,21166,4622,21166,4622,0.0,0,0,CleanAir,0.0,2026-09-18 23:53:25
230,2.621,0.58013,20968,4641,20968,4641,0.0,0,0,CleanAir,0.0,2026-09-18 23:53:26
231,2.645,0.58038,21160,4643,21160,4643,0.0,0,0,CleanAir,0.0,2026-09-18 23:53:26
232,2.64438,0.57713,21155,4617,21155,4617,0.0,0,0,CleanAir,0.0,2026-09-18 23:53:26
233,2.64438,0.57775,21155,4622,21155,4622,0.0,0,0,CleanAir,0.0,2026-09-18 23:53:27
234,2.64313,0.57588,21145,4607,21145,4607,0.0,0,0,CleanAir,0.0,2026-09-18 23:53:27
235,2.61925,0.57738,20954,4619,20954,4619,0.0,0,0,CleanAir,0.0,2026-09-18 23:53:27
236,2.64175,0.58088,21134,4647,21134,4647,0.0,0,0,CleanAir,0.0,2026-09-18 23:53:28
237,2.63638,0.5805,21091,4644,21091,4644,0.0,0,0,CleanAir,0.0,2026-09-18 23:53:28
238,2.64138,0.57763,21131,4621,21131,4621,0.0,0,0,CleanAir,0.0,2026-09-18 23:53:29
239,2.64075,0.58075,21126,4646,21126,4646,0.0,0,0,CleanAir,0.0,2026-09-18 23:53:29
240,2.64,0.58088,21120,4647,21120,4647,0.0,0,0,CleanAir,0.0,2026-09-18 23:53:29
241,2.63913,0.581,21113,4648,21113,4648,0.0,0,0,CleanAir,0.0,2026-09-18 23:53:30
242,2.61538,0.577,20923,4616,20923,4616,0.0,0,0,CleanAir,0.0,2026-09-18 23:53:30
243,2.63938,0.57775,21115,4622,21115,4622,0.0,0,0,CleanAir,0.0,2026-09-18 23:53:30
244,2.61538,0.57688,20923,4615,20923,4615,0.0,0,0,CleanAir,0.0,2026-09-18 23:53:31
245,2.6385,0.57713,21108,4617,21108,4617,0.0,0,0,CleanAir,0.0,2026-09-18 23:53:31
246,2.634,0.57725,21072,4618,21072,4618,0.0,0,0,CleanAir,0.0,2026-09-18 23:53:31
247,2.63788,0.578,21103,4624,21103,4624,0.0,0,0,CleanAir,0.0,2026-09-18 23:53:32
248,2.63738,0.57688,21099,4615,21099,4615,0.0,0,0,CleanAir,0.0,2026-09-18 23:53:32
249,2.63638,0.57725,21091,4618,21091,4618,0.0,0,0,CleanAir,0.0,2026-09-18 23:53:33
0,2.4985,0.5805,19988,4644,19988,4644,3.3,255,0,CleanAir,0.0,2026-09-18 23:53:33
1,2.5285,0.58,20228,4640,20228,4640,3.3,255,0,CleanAir,0.0,2026-09-18 23:53:33
2,2.55675,0.58075,20454,4646,20454,4646,3.3,255,0,CleanAir,0.0,2026-09-18 23:53:34
3,2.59363,0.58175,20749,4654,20749,4654,3.3,255,0,CleanAir,0.0,2026-09-18 23:53:34
4,2.62325,0.58025,20986,4642,20986,4642,3.3,255,0,CleanAir,0.0,2026-09-18 23:53:34
5,2.6515,0.58013,21212,4641,21212,4641,3.3,255,0,CleanAir,0.0,2026-09-18 23:53:35
6,2.67225,0.58113,21378,4649,21378,4649,3.3,255,0,CleanAir,0.0,2026-09-18 23:53:35
7,2.679,0.58238,21432,4659,21432,4659,3.3,255,0,CleanAir,0.0,2026-09-18 23:53:36
8,2.7175,0.58213,21740,4657,21740,4657,3.3,255,0,CleanAir,0.0,2026-09-18 23:53:36
9,2.75063,0.58213,22005,4657,22005,4657,3.3,255,0,CleanAir,0.0,2026-09-18 23:53:36
10,2.77425,0.58088,22194,4647,22194,4647,3.3,255,0,CleanAir,0.0,2026-09-18 23:53:37
11,2.79775,0.58225,22382,4658,22382,4658,3.3,255,0,CleanAir,0.0,2026-09-18 23:53:37
12,2.8025,0.585,22420,4680,22420,4680,3.3,255,0,CleanAir,0.0,2026-09-18 23:53:37
13,2.8345,0.58525,22676,4682,22676,4682,3.3,255,0,CleanAir,0.0,2026-09-18 23:53:38
14,2.82738,0.58063,22619,4645,22619,4645,3.3,255,0,CleanAir,0.0,2026-09-18 23:53:38
15,2.86963,0.58413,22957,4673,22957,4673,3.3,255,0,CleanAir,0.0,2026-09-18 23:53:38
16,2.86988,0.5825,22959,4660,22959,4660,3.3,255,0,CleanAir,0.0,2026-09-18 23:53:39
17,2.90238,0.58488,23219,4679,23219,4679,3.3,255,0,CleanAir,0.0,2026-09-18 23:53:39
18,2.8925,0.58313,23140,4665,23140,4665,3.3,255,0,CleanAir,0.0,2026-09-18 23:53:40
19,2.93313,0.5845,23465,4676,23465,4676,3.3,255,0,CleanAir,0.0,2026-09-18 23:53:40
20,2.92888,0.58225,23431,4658,23431,4658,3.3,255,0,CleanAir,0.0,2026-09-18 23:53:40
21,2.95788,0.58175,23663,4654,23663,4654,3.3,255,0,CleanAir,0.0,2026-09-18 23:53:41
22,2.96975,0.58363,23758,4669,23758,4669,3.3,255,0,CleanAir,0.0,2026-09-18 23:53:41
23,2.98025,0.58375,23842,4670,23842,4670,3.3,255,0,CleanAir,0.0,2026-09-18 23:53:41
24,2.96375,0.58238,23710,4659,23710,4659,3.3,255,0,CleanAir,0.0,2026-09-18 23:53:42
25,3.00125,0.58038,24010,4643,24010,4643,3.3,255,0,CleanAir,0.0,2026-09-18 23:53:42
26,3.0105,0.58038,24084,4643,24084,4643,3.3,255,0,CleanAir,0.0,2026-09-18 23:53:43
27,3.01963,0.58125,24157,4650,24157,4650,3.3,255,0,CleanAir,0.0,2026-09-18 23:53:43
28,3.02088,0.58175,24167,4654,24167,4654,3.3,255,0,CleanAir,0.0,2026-09-18 23:53:43
29,3.03713,0.5815,24297,4652,24297,4652,3.3,255,0,CleanAir,0.0,2026-09-18 23:53:44
30,3.044,0.58413,24352,4673,24352,4673,3.3,255,0,CleanAir,0.0,2026-09-18 23:53:44
31,3.02363,0.5845,24189,4676,24189,4676,3.3,255,0,CleanAir,0.0,2026-09-18 23:53:44
32,3.05888,0.58325,24471,4666,24471,4666,3.3,255,0,CleanAir,0.0,2026-09-18 23:53:45
33,3.066,0.58463,24528,4677,24528,4677,3.3,255,0,CleanAir,0.0,2026-09-18 23:53:45
34,3.07188,0.5825,24575,4660,24575,4660,3.3,255,0,CleanAir,0.0,2026-09-18 23:53:45
35,3.07775,0.58575,24622,4686,24622,4686,3.3,255,0,CleanAir,0.0,2026-09-18 23:53:46
36,3.05325,0.5835,24426,4668,24426,4668,3.3,255,0,CleanAir,0.0,2026-09-18 23:53:46
37,3.08913,0.58375,24713,4670,24713,4670,3.3,255,0,CleanAir,0.0,2026-09-18 23:53:46
38,3.09388,0.5835,24751,4668,24751,4668,3.3,255,0,CleanAir,0.0,2026-09-18 23:53:47
39,3.09913,0.58463,24793,4677,24793,4677,3.3,255,0,CleanAir,0.0,2026-09-18 23:53:47
40,3.10375,0.58375,24830,4670,24830,4670,3.3,255,0,CleanAir,0.0,2026-09-18 23:53:48
41,3.108,0.5855,24864,4684,24864,4684,3.3,255,0,CleanAir,0.0,2026-09-18 23:53:48
42,3.11175,0.5845,24894,4676,24894,4676,3.3,255,0,CleanAir,0.0,2026-09-18 23:53:48
43,3.11875,0.58225,24950,4658,24950,4658,3.3,255,0,CleanAir,0.0,2026-09-18 23:53:49
44,3.1215,0.583,24972,4664,24972,4664,3.3,255,0,CleanAir,0.0,2026-09-18 23:53:49
45,3.1255,0.58113,25004,4649,25004,4649,3.3,255,0,CleanAir,0.0,2026-09-18 23:53:49
46,3.1195,0.581,24956,4648,24956,4648,3.3,255,0,CleanAir,0.0,2026-09-18 23:53:50
47,3.1325,0.58213,25060,4657,25060,4657,3.3,255,0,CleanAir,0.0,2026-09-18 23:53:50
48,3.12963,0.58038,25037,4643,25037,4643,3.3,255,0,CleanAir,0.0,2026-09-18 23:53:51
49,3.11088,0.58138,24887,4651,24887,4651,3.3,255,0,CleanAir,0.0,2026-09-18 23:53:51
50,3.14175,0.58325,25134,4666,25134,4666,3.3,255,0,CleanAir,0.0,2026-09-18 23:53:51
51,3.14425,0.58575,25154,4686,25154,4686,3.3,255,0,CleanAir,0.0,2026-09-18 23:53:52
52,3.14613,0.58325,25169,4666,25169,4666,3.3,255,0,CleanAir,0.0,2026-09-18 23:53:52
53,3.15038,0.58463,25203,4677,25203,4677,3.3,255,0,CleanAir,0.0,2026-09-18 23:53:52
54,3.15225,0.58525,25218,4682,25218,4682,3.3,255,0,CleanAir,0.0,2026-09-18 23:53:53
55,3.15463,0.58475,25237,4678,25237,4678,3.3,255,0,CleanAir,0.0,2026-09-18 23:53:53
56,3.12788,0.58525,25023,4682,25023,4682,3.3,255,0,CleanAir,0.0,2026-09-18 23:53:53
57,3.15963,0.58575,25277,4686,25277,4686,3.3,255,0,CleanAir,0.0,2026-09-18 23:53:54
58,3.13213,0.58563,25057,4685,25057,4685,3.3,255,0,CleanAir,0.0,2026-09-18 23:53:54
59,3.1635,0.5855,25308,4684,25308,4684,3.3,255,0,CleanAir,0.0,2026-09-18 23:53:55
60,3.1345,0.58563,25076,4685,25076,4685,3.3,255,0,CleanAir,0.0,2026-09-18 23:53:55
61,3.16563,0.58025,25325,4642,25325,4642,3.3,255,0,CleanAir,0.0,2026-09-18 23:53:55
62,3.16725,0.58538,25338,4683,25338,4683,3.3,255,0,CleanAir,0.0,2026-09-18 23:53:56
63,3.14113,0.581,25129,4648,25129,4648,3.3,255,0,CleanAir,0.0,2026-09-18 23:53:56
64,3.16663,0.58525,25333,4682,25333,4682,3.3,255,0,CleanAir,0.0,2026-09-18 23:53:57
65,3.173,0.58588,25384,4687,25384,4687,3.3,255,0,CleanAir,0.0,2026-09-18 23:53:57
66,3.16738,0.5845,25339,4676,25339,4676,3.3,255,0,CleanAir,0.0,2026-09-18 23:53:57
67,3.17638,0.58075,25411,4646,25411,4646,3.3,255,0,CleanAir,0.0,2026-09-18 23:53:58
68,3.17825,0.58113,25426,4649,25426,4649,3.3,255,0,CleanAir,0.0,2026-09-18 23:53:58
69,3.17888,0.582,25431,4656,25431,4656,3.3,255,0,CleanAir,0.0,2026-09-18 23:53:58
70,3.17988,0.581,25439,4648,25439,4648,3.3,255,0,CleanAir,0.0,2026-09-18 23:53:59
71,3.1795,0.58175,25436,4654,25436,4654,3.3,255,0,CleanAir,0.0,2026-09-18 23:53:59
72,3.15063,0.58263,25205,4661,25205,4661,3.3,255,0,CleanAir,0.0,2026-09-18 23:54:00
73,3.154,0.58213,25232,4657,25232,4657,3.3,255,0,CleanAir,0.0,2026-09-18 23:54:00
74,3.18325,0.58188,25466,4655,25466,4655,3.3,255,0,CleanAir,0.0,2026-09-18 23:54:00
75,3.17025,0.581,25362,4648,25362,4648,3.3,255,0,CleanAir,0.0,2026-09-18 23:54:01
76,3.184,0.58113,25472,4649,25472,4649,3.3,255,0,CleanAir,0.0,2026-09-18 23:54:01
77,3.15425,0.58325,25234,4666,25234,4666,3.3,255,0,CleanAir,0.0,2026-09-18 23:54:01
78,3.18413,0.5805,25473,4644,25473,4644,3.3,255,0,CleanAir,0.0,2026-09-18 23:54:02
79,3.15575,0.5805,25246,4644,25246,4644,3.3,255,0,CleanAir,0.0,2026-09-18 23:54:02
80,3.18663,0.583,25493,4664,25493,4664,3.3,255,0,CleanAir,0.0,2026-09-18 23:54:03
81,3.15738,0.58238,25259,4659,25259,4659,3.3,255,0,CleanAir,0.0,2026-09-18 23:54:03
82,3.18838,0.5825,25507,4660,25507,4660,3.3,255,0,CleanAir,0.0,2026-09-18 23:54:03
83,3.16963,0.58188,25357,4655,25357,4655,3.3,255,0,CleanAir,0.0,2026-09-18 23:54:04
84,3.18825,0.58288,25506,4663,25506,4663,3.3,255,0,CleanAir,0.0,2026-09-18 23:54:04
85,3.189,0.5855,25512,4684,25512,4684,3.3,255,0,CleanAir,0.0,2026-09-18 23:54:05
86,3.1895,0.58575,25516,4686,25516,4686,3.3,255,0,CleanAir,0.0,2026-09-18 23:54:05
87,3.19013,0.58213,25521,4657,25521,4657,3.3,255,0,CleanAir,0.0,2026-09-18 23:54:05
88,3.16038,0.58013,25283,4641,25283,4641,3.3,255,0,CleanAir,0.0,2026-09-18 23:54:06
89,3.19113,0.58125,25529,4650,25529,4650,3.3,255,0,CleanAir,0.0,2026-09-18 23:54:06
90,3.16138,0.58075,25291,4646,25291,4646,3.3,255,0,CleanAir,0.0,2026-09-18 23:54:06
91,3.16263,0.58038,25301,4643,25301,4643,3.3,255,0,CleanAir,0.0,2026-09-18 23:54:07
92,3.16388,0.58075,25311,4646,25311,4646,3.3,255,0,CleanAir,0.0,2026-09-18 23:54:07
93,3.19338,0.581,25547,4648,25547,4648,3.3,255,0,CleanAir,0.0,2026-09-18 23:54:07
94,3.16413,0.58113,25313,4649,25313,4649,3.3,255,0,CleanAir,0.0,2026-09-18 23:54:08
95,3.19375,0.58575,25550,4686,25550,4686,3.3,255,0,CleanAir,0.0,2026-09-18 23:54:08
96,3.16438,0.586,25315,4688,25315,4688,3.3,255,0,CleanAir,0.0,2026-09-18 23:54:09
97,3.19513,0.58025,25561,4642,25561,4642,3.3,255,0,CleanAir,0.0,2026-09-18 23:54:09
98,3.19575,0.58075,25566,4646,25566,4646,3.3,255,0,CleanAir,0.0,2026-09-18 23:54:09
99,3.1665,0.58163,25332,4653,25332,4653,3.3,255,0,CleanAir,0.0,2026-09-18 23:54:10
100,3.164,0.5845,25312,4676,25312,4676,3.3,255,0,CleanAir,0.0,2026-09-18 23:54:11
101,3.165,0.5855,25320,4684,25320,4684,3.3,255,0,CleanAir,0.0,2026-09-18 23:54:11
102,3.16575,0.58538,25326,4683,25326,4683,3.3,255,0,CleanAir,0.0,2026-09-18 23:54:11
103,3.16638,0.58263,25331,4661,25331,4661,3.3,255,0,CleanAir,0.0,2026-09-18 23:54:12
104,3.19713,0.58563,25577,4685,25577,4685,3.3,255,0,CleanAir,0.0,2026-09-18 23:54:12
105,3.16763,0.58588,25341,4687,25341,4687,3.3,255,0,CleanAir,0.0,2026-09-18 23:54:13
106,3.1975,0.58213,25580,4657,25580,4657,3.3,255,0,CleanAir,0.0,2026-09-18 23:54:13
107,3.19738,0.58263,25579,4661,25579,4661,3.3,255,0,CleanAir,0.0,2026-09-18 23:54:13
108,3.19763,0.581,25581,4648,25581,4648,3.3,255,0,CleanAir,0.0,2026-09-18 23:54:14
109,3.187,0.5805,25496,4644,25496,4644,3.3,255,0,CleanAir,0.0,2026-09-18 23:54:14
110,3.198,0.5805,25584,4644,25584,4644,3.3,255,0,CleanAir,0.0,2026-09-18 23:54:14
111,3.1975,0.58525,25580,4682,25580,4682,3.3,255,0,CleanAir,0.0,2026-09-18 23:54:15
112,3.16875,0.5825,25350,4660,25350,4660,3.3,255,0,CleanAir,0.0,2026-09-18 23:54:15
113,3.19875,0.58475,25590,4678,25590,4678,3.3,255,0,CleanAir,0.0,2026-09-18 23:54:15
114,3.16838,0.58625,25347,4690,25347,4690,3.3,255,0,CleanAir,0.0,2026-09-18 23:54:16
115,3.19838,0.58513,25587,4681,25587,4681,3.3,255,0,CleanAir,0.0,2026-09-18 23:54:16
116,3.19938,0.58238,25595,4659,25595,4659,3.3,255,0,CleanAir,0.0,2026-09-18 23:54:17
117,3.19925,0.58388,25594,4671,25594,4671,3.3,255,0,CleanAir,0.0,2026-09-18 23:54:17
118,3.18738,0.58575,25499,4686,25499,4686,3.3,255,0,CleanAir,0.0,2026-09-18 23:54:17
119,3.19825,0.58513,25586,4681,25586,4681,3.3,255,0,CleanAir,0.0,2026-09-18 23:54:18
120,3.19863,0.58175,25589,4654,25589,4654,3.3,255,0,CleanAir,0.0,2026-09-18 23:54:18
121,3.169,0.5825,25352,4660,25352,4660,3.3,255,0,CleanAir,0.0,2026-09-18 23:54:18
122,3.19888,0.58175,25591,4654,25591,4654,3.3,255,0,CleanAir,0.0,2026-09-18 23:54:19
123,3.16888,0.58075,25351,4646,25351,4646,3.3,255,0,CleanAir,0.0,2026-09-18 23:54:19
124,3.19963,0.58188,25597,4655,25597,4655,3.3,255,0,CleanAir,0.0,2026-09-18 23:54:19
125,3.37825,0.5785,27026,4628,27026,4628,0.0,0,0,CleanAir,0.0,2026-09-18 23:54:20
126,3.38625,0.58175,27090,4654,27090,4654,0.0,0,0,CleanAir,0.0,2026-09-18 23:54:20
127,3.33225,0.58088,26658,4647,26658,4647,0.0,0,0,CleanAir,0.0,2026-09-18 23:54:21
128,3.339,0.57788,26712,4623,26712,4623,0.0,0,0,CleanAir,0.0,2026-09-18 23:54:21
129,3.30375,0.57663,26430,4613,26430,4613,0.0,0,0,CleanAir,0.0,2026-09-18 23:54:21
130,3.26525,0.579,26122,4632,26122,4632,0.0,0,0,CleanAir,0.0,2026-09-18 23:54:22
131,3.26625,0.57975,26130,4638,26130,4638,0.0,0,0,CleanAir,0.0,2026-09-18 23:54:22
132,3.2165,0.57825,25732,4626,25732,4626,0.0,0,0,CleanAir,0.0,2026-09-18 23:54:22
133,3.22725,0.57613,25818,4609,25818,4609,0.0,0,0,CleanAir,0.0,2026-09-18 23:54:23
134,3.17863,0.576,25429,4608,25429,4608,0.0,0,0,CleanAir,0.0,2026-09-18 23:54:23
135,3.1895,0.57625,25516,4610,25516,4610,0.0,0,0,CleanAir,0.0,2026-09-18 23:54:24
136,3.143,0.57675,25144,4614,25144,4614,0.0,0,0,CleanAir,0.0,2026-09-18 23:54:24
137,3.15338,0.57963,25227,4637,25227,4637,0.0,0,0,CleanAir,0.0,2026-09-18 23:54:24
138,3.10763,0.5815,24861,4652,24861,4652,0.0,0,0,CleanAir,0.0,2026-09-18 23:54:25
139,3.12025,0.58125,24962,4650,24962,4650,0.0,0,0,CleanAir,0.0,2026-09-18 23:54:25
140,3.07713,0.581,24617,4648,24617,4648,0.0,0,0,CleanAir,0.0,2026-09-18 23:54:25
141,3.08888,0.57925,24711,4634,24711,4634,0.0,0,0,CleanAir,0.0,2026-09-18 23:54:26
142,3.06613,0.578,24529,4624,24529,4624,0.0,0,0,CleanAir,0.0,2026-09-18 23:54:26
143,3.05838,0.57763,24467,4621,24467,4621,0.0,0,0,CleanAir,0.0,2026-09-18 23:54:26
144,3.03375,0.57938,24270,4635,24270,4635,0.0,0,0,CleanAir,0.0,2026-09-18 23:54:27
145,3.004,0.58013,24032,4641,24032,4641,0.0,0,0,CleanAir,0.0,2026-09-18 23:54:27
146,3.01788,0.57713,24143,4617,24143,4617,0.0,0,0,CleanAir,0.0,2026-09-18 23:54:28
147,3.00513,0.57788,24041,4623,24041,4623,0.0,0,0,CleanAir,0.0,2026-09-18 23:54:28
148,2.983,0.57925,23864,4634,23864,4634,0.0,0,0,CleanAir,0.0,2026-09-18 23:54:28
149,2.9805,0.57713,23844,4617,23844,4617,0.0,0,0,CleanAir,0.0,2026-09-18 23:54:29
150,2.96875,0.57838,23750,4627,23750,4627,0.0,0,0,CleanAir,0.0,2026-09-18 23:54:29
151,2.93425,0.577,23474,4616,23474,4616,0.0,0,0,CleanAir,0.0,2026-09-18 23:54:29
152,2.94463,0.5795,23557,4636,23557,4636,0.0,0,0,CleanAir,0.0,2026-09-18 23:54:30
153,2.908,0.57838,23264,4627,23264,4627,0.0,0,0,CleanAir,0.0,2026-09-18 23:54:30
154,2.89663,0.5775,23173,4620,23173,4620,0.0,0,0,CleanAir,0.0,2026-09-18 23:54:30
155,2.9095,0.58075,23276,4646,23276,4646,0.0,0,0,CleanAir,0.0,2026-09-18 23:54:31
156,2.87275,0.58113,22982,4649,22982,4649,0.0,0,0,CleanAir,0.0,2026-09-18 23:54:31
157,2.89025,0.57775,23122,4622,23122,4622,0.0,0,0,CleanAir,0.0,2026-09-18 23:54:32
158,2.88075,0.58075,23046,4646,23046,4646,0.0,0,0,CleanAir,0.0,2026-09-18 23:54:32
159,2.87213,0.58113,22977,4649,22977,4649,0.0,0,0,CleanAir,0.0,2026-09-18 23:54:32
160,2.86425,0.57975,22914,4638,22914,4638,0.0,0,0,CleanAir,0.0,2026-09-18 23:54:33
161,2.8555,0.581,22844,4648,22844,4648,0.0,0,0,CleanAir,0.0,2026-09-18 23:54:33
162,2.821,0.57825,22568,4626,22568,4626,0.0,0,0,CleanAir,0.0,2026-09-18 23:54:33
163,2.84025,0.57625,22722,4610,22722,4610,0.0,0,0,CleanAir,0.0,2026-09-18 23:54:35
164,2.83313,0.57588,22665,4607,22665,4607,0.0,0,0,CleanAir,0.0,2026-09-18 23:54:35
165,2.8265,0.57575,22612,4606,22612,4606,0.0,0,0,CleanAir,0.0,2026-09-18 23:54:35
166,2.81913,0.57575,22553,4606,22553,4606,0.0,0,0,CleanAir,0.0,2026-09-18 23:54:35
167,2.81325,0.57638,22506,4611,22506,4611,0.0,0,0,CleanAir,0.0,2026-09-18 23:54:35
168,2.80563,0.57663,22445,4613,22445,4613,0.0,0,0,CleanAir,0.0,2026-09-18 23:54:36
169,2.77525,0.577,22202,4616,22202,4616,0.0,0,0,CleanAir,0.0,2026-09-18 23:54:36
170,2.79375,0.57688,22350,4615,22350,4615,0.0,0,0,CleanAir,0.0,2026-09-18 23:54:36
171,2.78825,0.58063,22306,4645,22306,4645,0.0,0,0,CleanAir,0.0,2026-09-18 23:54:37
172,2.78238,0.58113,22259,4649,22259,4649,0.0,0,0,CleanAir,0.0,2026-09-18 23:54:37
173,2.7775,0.5785,22220,4628,22220,4628,0.0,0,0,CleanAir,0.0,2026-09-18 23:54:37
174,2.77188,0.58088,22175,4647,22175,4647,0.0,0,0,CleanAir,0.0,2026-09-18 23:54:38
175,2.76713,0.58088,22137,4647,22137,4647,0.0,0,0,CleanAir,0.0,2026-09-18 23:54:38
176,2.76175,0.581,22094,4648,22094,4648,0.0,0,0,CleanAir,0.0,2026-09-18 23:54:38
177,2.75675,0.5805,22054,4644,22054,4644,0.0,0,0,CleanAir,0.0,2026-09-18 23:54:39
178,2.75275,0.57838,22022,4627,22022,4627,0.0,0,0,CleanAir,0.0,2026-09-18 23:54:39
179,2.74625,0.57663,21970,4613,21970,4613,0.0,0,0,CleanAir,0.0,2026-09-18 23:54:40
180,2.74225,0.57713,21938,4617,21938,4617,0.0,0,0,CleanAir,0.0,2026-09-18 23:54:40
181,2.71325,0.57763,21706,4621,21706,4621,0.0,0,0,CleanAir,0.0,2026-09-18 23:54:40
182,2.734,0.58063,21872,4645,21872,4645,0.0,0,0,CleanAir,0.0,2026-09-18 23:54:41
183,2.70588,0.57825,21647,4626,21647,4626,0.0,0,0,CleanAir,0.0,2026-09-18 23:54:41
184,2.7255,0.58038,21804,4643,21804,4643,0.0,0,0,CleanAir,0.0,2026-09-18 23:54:42
185,2.7225,0.57688,21780,4615,21780,4615,0.0,0,0,CleanAir,0.0,2026-09-18 23:54:42
186,2.719,0.57713,21752,4617,21752,4617,0.0,0,0,CleanAir,0.0,2026-09-18 23:54:42
187,2.6915,0.57713,21532,4617,21532,4617,0.0,0,0,CleanAir,0.0,2026-09-18 23:54:43
188,2.71238,0.57575,21699,4606,21699,4606,0.0,0,0,CleanAir,0.0,2026-09-18 23:54:43
189,2.68463,0.57575,21477,4606,21477,4606,0.0,0,0,CleanAir,0.0,2026-09-18 23:54:43
190,2.70663,0.57713,21653,4617,21653,4617,0.0,0,0,CleanAir,0.0,2026-09-18 23:54:44
191,2.70375,0.57675,21630,4614,21630,4614,0.0,0,0,CleanAir,0.0,2026-09-18 23:54:44
192,2.70038,0.57675,21603,4614,21603,4614,0.0,0,0,CleanAir,0.0,2026-09-18 23:54:45
193,2.69875,0.5775,21590,4620,21590,4620,0.0,0,0,CleanAir,0.0,2026-09-18 23:54:45
194,2.69613,0.577,21569,4616,21569,4616,0.0,0,0,CleanAir,0.0,2026-09-18 23:54:45
195,2.68813,0.57838,21505,4627,21505,4627,0.0,0,0,CleanAir,0.0,2026-09-18 23:54:46
196,2.69213,0.5775,21537,4620,21537,4620,0.0,0,0,CleanAir,0.0,2026-09-18 23:54:46
197,2.6895,0.57725,21516,4618,21516,4618,0.0,0,0,CleanAir,0.0,2026-09-18 23:54:46
198,2.68725,0.5785,21498,4628,21498,4628,0.0,0,0,CleanAir,0.0,2026-09-18 23:54:47
199,2.68463,0.57588,21477,4607,21477,4607,0.0,0,0,CleanAir,0.0,2026-09-18 23:54:47
200,2.68225,0.57763,21458,4621,21458,4621,0.0,0,0,CleanAir,0.0,2026-09-18 23:54:47
201,2.65688,0.57575,21255,4606,21255,4606,0.0,0,0,CleanAir,0.0,2026-09-18 23:54:48
202,2.67738,0.5785,21419,4628,21419,4628,0.0,0,0,CleanAir,0.0,2026-09-18 23:54:48
203,2.652,0.57638,21216,4611,21216,4611,0.0,0,0,CleanAir,0.0,2026-09-18 23:54:49
204,2.64963,0.57775,21197,4622,21197,4622,0.0,0,0,CleanAir,0.0,2026-09-18 23:54:49
205,2.67288,0.5775,21383,4620,21383,4620,0.0,0,0,CleanAir,0.0,2026-09-18 23:54:49
206,2.6715,0.57788,21372,4623,21372,4623,0.0,0,0,CleanAir,0.0,2026-09-18 23:54:50
207,2.66988,0.577,21359,4616,21359,4616,0.0,0,0,CleanAir,0.0,2026-09-18 23:54:50
208,2.644,0.57763,21152,4621,21152,4621,0.0,0,0,CleanAir,0.0,2026-09-18 23:54:51
209,2.66713,0.57838,21337,4627,21337,4627,0.0,0,0,CleanAir,0.0,2026-09-18 23:54:51
210,2.66563,0.581,21325,4648,21325,4648,0.0,0,0,CleanAir,0.0,2026-09-18 23:54:51
211,2.664,0.57975,21312,4638,21312,4638,0.0,0,0,CleanAir,0.0,2026-09-18 23:54:52
212,2.66238,0.581,21299,4648,21299,4648,0.0,0,0,CleanAir,0.0,2026-09-18 23:54:52
213,2.65975,0.58025,21278,4642,21278,4642,0.0,0,0,CleanAir,0.0,2026-09-18 23:54:52
214,2.65925,0.57675,21274,4614,21274,4614,0.0,0,0,CleanAir,0.0,2026-09-18 23:54:53
215,2.65813,0.576,21265,4608,21265,4608,0.0,0,0,CleanAir,0.0,2026-09-18 23:54:53
216,2.65825,0.5765,21266,4612,21266,4612,0.0,0,0,CleanAir,0.0,2026-09-18 23:54:53
217,2.657,0.57675,21256,4614,21256,4614,0.0,0,0,CleanAir,0.0,2026-09-18 23:54:54
218,2.65625,0.5775,21250,4620,21250,4620,0.0,0,0,CleanAir,0.0,2026-09-18 23:54:54
219,2.65575,0.57825,21246,4626,21246,4626,0.0,0,0,CleanAir,0.0,2026-09-18 23:54:54
220,2.65,0.57763,21200,4621,21200,4621,0.0,0,0,CleanAir,0.0,2026-09-18 23:54:55
221,2.65425,0.57688,21234,4615,21234,4615,0.0,0,0,CleanAir,0.0,2026-09-18 23:54:55
222,2.629,0.57838,21032,4627,21032,4627,0.0,0,0,CleanAir,0.0,2026-09-18 23:54:56
223,2.62625,0.58075,21010,4646,21010,4646,0.0,0,0,CleanAir,0.0,2026-09-18 23:54:56
224,2.6505,0.57738,21204,4619,21204,4619,0.0,0,0,CleanAir,0.0,2026-09-18 23:54:57
225,2.62475,0.57713,20998,4617,20998,4617,0.0,0,0,CleanAir,0.0,2026-09-18 23:54:57
226,2.64788,0.58088,21183,4647,21183,4647,0.0,0,0,CleanAir,0.0,2026-09-18 23:54:57
227,2.6485,0.57775,21188,4622,21188,4622,0.0,0,0,CleanAir,0.0,2026-09-18 23:54:58
228,2.64788,0.577,21183,4616,21183,4616,0.0,0,0,CleanAir,0.0,2026-09-18 23:54:58
229,2.64738,0.5795,21179,4636,21179,4636,0.0,0,0,CleanAir,0.0,2026-09-18 23:54:59
230,2.64563,0.58088,21165,4647,21165,4647,0.0,0,0,CleanAir,0.0,2026-09-18 23:54:59
231,2.6445,0.57988,21156,4639,21156,4639,0.0,0,0,CleanAir,0.0,2026-09-18 23:55:00
232,2.62113,0.57788,20969,4623,20969,4623,0.0,0,0,CleanAir,0.0,2026-09-18 23:55:00
233,2.64288,0.58,21143,4640,21143,4640,0.0,0,0,CleanAir,0.0,2026-09-18 23:55:00
234,2.64388,0.5775,21151,4620,21151,4620,0.0,0,0,CleanAir,0.0,2026-09-18 23:55:01
235,2.61588,0.57775,20927,4622,20927,4622,0.0,0,0,CleanAir,0.0,2026-09-18 23:55:01
236,2.61738,0.58025,20939,4642,20939,4642,0.0,0,0,CleanAir,0.0,2026-09-18 23:55:02
237,2.64088,0.58038,21127,4643,21127,4643,0.0,0,0,CleanAir,0.0,2026-09-18 23:55:02
238,2.61675,0.57675,20934,4614,20934,4614,0.0,0,0,CleanAir,0.0,2026-09-18 23:55:03
239,2.64113,0.57688,21129,4615,21129,4615,0.0,0,0,CleanAir,0.0,2026-09-18 23:55:03
240,2.61638,0.5765,20931,4612,20931,4612,0.0,0,0,CleanAir,0.0,2026-09-18 23:55:03
241,2.6355,0.57838,21084,4627,21084,4627,0.0,0,0,CleanAir,0.0,2026-09-18 23:55:04
242,2.63888,0.58013,21111,4641,21111,4641,0.0,0,0,CleanAir,0.0,2026-09-18 23:55:04
243,2.6135,0.5795,20908,4636,20908,4636,0.0,0,0,CleanAir,0.0,2026-09-18 23:55:04
244,2.63838,0.58075,21107,4646,21107,4646,0.0,0,0,CleanAir,0.0,2026-09-18 23:55:05
245,2.6375,0.57988,21100,4639,21100,4639,0.0,0,0,CleanAir,0.0,2026-09-18 23:55:05
246,2.63763,0.57725,21101,4618,21101,4618,0.0,0,0,CleanAir,0.0,2026-09-18 23:55:06
247,2.638,0.5765,21104,4612,21104,4612,0.0,0,0,CleanAir,0.0,2026-09-18 23:55:06
248,2.61663,0.57988,20933,4639,20933,4639,0.0,0,0,CleanAir,0.0,2026-09-18 23:55:06
249,2.63625,0.58025,21090,4642,21090,4642,0.0,0,0,CleanAir,0.0,2026-09-18 23:55:07
0,2.50225,0.57925,20018,4634,20018,4634,3.3,255,0,CleanAir,0.0,2026-09-18 23:55:07
1,2.52413,0.58175,20193,4654,20193,4654,3.3,255,0,CleanAir,0.0,2026-09-18 23:55:08
2,2.56275,0.58275,20502,4662,20502,4662,3.3,255,0,CleanAir,0.0,2026-09-18 23:55:08
3,2.5765,0.58513,20612,4681,20612,4681,3.3,255,0,CleanAir,0.0,2026-09-18 23:55:08
4,2.62475,0.58125,20998,4650,20998,4650,3.3,255,0,CleanAir,0.0,2026-09-18 23:55:09
5,2.63375,0.58513,21070,4681,21070,4681,3.3,255,0,CleanAir,0.0,2026-09-18 23:55:09
6,2.68638,0.58225,21491,4658,21491,4658,3.3,255,0,CleanAir,0.0,2026-09-18 23:55:10
7,2.68588,0.5825,21487,4660,21487,4660,3.3,255,0,CleanAir,0.0,2026-09-18 23:55:10
8,2.734,0.58475,21872,4678,21872,4678,3.3,255,0,CleanAir,0.0,2026-09-18 23:55:10
9,2.75888,0.58175,22071,4654,22071,4654,3.3,255,0,CleanAir,0.0,2026-09-18 23:55:11
10,2.78013,0.58225,22241,4658,22241,4658,3.3,255,0,CleanAir,0.0,2026-09-18 23:55:11
11,2.80825,0.58375,22466,4670,22466,4670,3.3,255,0,CleanAir,0.0,2026-09-18 23:55:11
12,2.801,0.58463,22408,4677,22408,4677,3.3,255,0,CleanAir,0.0,2026-09-18 23:55:12
13,2.84413,0.58463,22753,4677,22753,4677,3.3,255,0,CleanAir,0.0,2026-09-18 23:55:12
14,2.835,0.58538,22680,4683,22680,4683,3.3,255,0,CleanAir,0.0,2026-09-18 23:55:13
15,2.87788,0.58288,23023,4663,23023,4663,3.3,255,0,CleanAir,0.0,2026-09-18 23:55:13
16,2.86725,0.58175,22938,4654,22938,4654,3.3,255,0,CleanAir,0.0,2026-09-18 23:55:13
17,2.9085,0.582,23268,4656,23268,4656,3.3,255,0,CleanAir,0.0,2026-09-18 23:55:14
18,2.92063,0.58513,23365,4681,23365,4681,3.3,255,0,CleanAir,0.0,2026-09-18 23:55:14
19,2.91313,0.58538,23305,4683,23305,4683,3.3,255,0,CleanAir,0.0,2026-09-18 23:55:14
20,2.95238,0.58425,23619,4674,23619,4674,3.3,255,0,CleanAir,0.0,2026-09-18 23:55:15
21,2.93588,0.58413,23487,4673,23487,4673,3.3,255,0,CleanAir,0.0,2026-09-18 23:55:15
22,2.975,0.58425,23800,4674,23800,4674,3.3,255,0,CleanAir,0.0,2026-09-18 23:55:16
23,2.95838,0.58275,23667,4662,23667,4662,3.3,255,0,CleanAir,0.0,2026-09-18 23:55:16
24,2.99638,0.58013,23971,4641,23971,4641,3.3,255,0,CleanAir,0.0,2026-09-18 23:55:16
25,3.00538,0.58138,24043,4651,24043,4651,3.3,255,0,CleanAir,0.0,2026-09-18 23:55:17
26,3.01425,0.58338,24114,4667,24114,4667,3.3,255,0,CleanAir,0.0,2026-09-18 23:55:17
27,3.02288,0.58238,24183,4659,24183,4659,3.3,255,0,CleanAir,0.0,2026-09-18 23:55:17
28,3.03125,0.58438,24250,4675,24250,4675,3.3,255,0,CleanAir,0.0,2026-09-18 23:55:18
29,3.03913,0.5815,24313,4652,24313,4652,3.3,255,0,CleanAir,0.0,2026-09-18 23:55:18
30,3.01863,0.58038,24149,4643,24149,4643,3.3,255,0,CleanAir,0.0,2026-09-18 23:55:18
31,3.05325,0.58175,24426,4654,24426,4654,3.3,255,0,CleanAir,0.0,2026-09-18 23:55:19
32,3.06088,0.58475,24487,4678,24487,4678,3.3,255,0,CleanAir,0.0,2026-09-18 23:55:19
33,3.06613,0.58238,24529,4659,24529,4659,3.3,255,0,CleanAir,0.0,2026-09-18 23:55:20
34,3.0725,0.5845,24580,4676,24580,4676,3.3,255,0,CleanAir,0.0,2026-09-18 23:55:20
35,3.04913,0.58263,24393,4661,24393,4661,3.3,255,0,CleanAir,0.0,2026-09-18 23:55:20
36,3.08475,0.58088,24678,4647,24678,4647,3.3,255,0,CleanAir,0.0,2026-09-18 23:55:21
37,3.08888,0.5805,24711,4644,24711,4644,3.3,255,0,CleanAir,0.0,2026-09-18 23:55:21
38,3.09438,0.58163,24755,4653,24755,4653,3.3,255,0,CleanAir,0.0,2026-09-18 23:55:21
39,3.09838,0.58025,24787,4642,24787,4642,3.3,255,0,CleanAir,0.0,2026-09-18 23:55:22
40,3.10563,0.582,24845,4656,24845,4656,3.3,255,0,CleanAir,0.0,2026-09-18 23:55:22
41,3.08213,0.58238,24657,4659,24657,4659,3.3,255,0,CleanAir,0.0,2026-09-18 23:55:23
42,3.1135,0.5815,24908,4652,24908,4652,3.3,255,0,CleanAir,0.0,2026-09-18 23:55:23
43,3.092,0.58113,24736,4649,24736,4649,3.3,255,0,CleanAir,0.0,2026-09-18 23:55:23
44,3.12138,0.581,24971,4648,24971,4648,3.3,255,0,CleanAir,0.0,2026-09-18 23:55:24
45,3.12538,0.58563,25003,4685,25003,4685,3.3,255,0,CleanAir,0.0,2026-09-18 23:55:24
46,3.12963,0.58213,25037,4657,25037,4657,3.3,255,0,CleanAir,0.0,2026-09-18 23:55:24
47,3.10375,0.5815,24830,4652,24830,4652,3.3,255,0,CleanAir,0.0,2026-09-18 23:55:25
48,3.135,0.58225,25080,4658,25080,4658,3.3,255,0,CleanAir,0.0,2026-09-18 23:55:25
49,3.13788,0.58288,25103,4663,25103,4663,3.3,255,0,CleanAir,0.0,2026-09-18 23:55:25
50,3.13825,0.58513,25106,4681,25106,4681,3.3,255,0,CleanAir,0.0,2026-09-18 23:55:26
51,3.141,0.58538,25128,4683,25128,4683,3.3,255,0,CleanAir,0.0,2026-09-18 23:55:26
52,3.14425,0.582,25154,4656,25154,4656,3.3,255,0,CleanAir,0.0,2026-09-18 23:55:27
53,3.14675,0.58513,25174,4681,25174,4681,3.3,255,0,CleanAir,0.0,2026-09-18 23:55:27
54,3.11963,0.5855,24957,4684,24957,4684,3.3,255,0,CleanAir,0.0,2026-09-18 23:55:27
55,3.15213,0.58525,25217,4682,25217,4682,3.3,255,0,CleanAir,0.0,2026-09-18 23:55:28
56,3.12463,0.58538,24997,4683,24997,4683,3.3,255,0,CleanAir,0.0,2026-09-18 23:55:28
57,3.15725,0.58288,25258,4663,25258,4663,3.3,255,0,CleanAir,0.0,2026-09-18 23:55:28
58,3.14975,0.5815,25198,4652,25198,4652,3.3,255,0,CleanAir,0.0,2026-09-18 23:55:29
59,3.161,0.58138,25288,4651,25288,4651,3.3,255,0,CleanAir,0.0,2026-09-18 23:55:29
60,3.13088,0.58475,25047,4678,25047,4678,3.3,255,0,CleanAir,0.0,2026-09-18 23:55:30
61,3.165,0.58188,25320,4655,25320,4655,3.3,255,0,CleanAir,0.0,2026-09-18 23:55:30
62,3.1365,0.582,25092,4656,25092,4656,3.3,255,0,CleanAir,0.0,2026-09-18 23:55:30
63,3.13738,0.583,25099,4664,25099,4664,3.3,255,0,CleanAir,0.0,2026-09-18 23:55:31
64,3.139,0.582,25112,4656,25112,4656,3.3,255,0,CleanAir,0.0,2026-09-18 23:55:31
65,3.1705,0.58075,25364,4646,25364,4646,3.3,255,0,CleanAir,0.0,2026-09-18 23:55:32
66,3.17188,0.582,25375,4656,25375,4656,3.3,255,0,CleanAir,0.0,2026-09-18 23:55:32
67,3.17325,0.58438,25386,4675,25386,4675,3.3,255,0,CleanAir,0.0,2026-09-18 23:55:33
68,3.1455,0.5825,25164,4660,25164,4660,3.3,255,0,CleanAir,0.0,2026-09-18 23:55:33
69,3.14625,0.57988,25170,4639,25170,4639,3.3,255,0,CleanAir,0.0,2026-09-18 23:55:33
70,3.14738,0.5815,25179,4652,25179,4652,3.3,255,0,CleanAir,0.0,2026-09-18 23:55:34
71,3.14813,0.583,25185,4664,25185,4664,3.3,255,0,CleanAir,0.0,2026-09-18 23:55:34
72,3.14975,0.58213,25198,4657,25198,4657,3.3,255,0,CleanAir,0.0,2026-09-18 23:55:34
73,3.17875,0.58263,25430,4661,25430,4661,3.3,255,0,CleanAir,0.0,2026-09-18 23:55:35
74,3.14988,0.58075,25199,4646,25199,4646,3.3,255,0,CleanAir,0.0,2026-09-18 23:55:35
75,3.18025,0.585,25442,4680,25442,4680,3.3,255,0,CleanAir,0.0,2026-09-18 23:55:36
76,3.18163,0.58288,25453,4663,25453,4663,3.3,255,0,CleanAir,0.0,2026-09-18 23:55:36
77,3.1825,0.58138,25460,4651,25460,4651,3.3,255,0,CleanAir,0.0,2026-09-18 23:55:36
78,3.18375,0.58313,25470,4665,25470,4665,3.3,255,0,CleanAir,0.0,2026-09-18 23:55:37
79,3.18425,0.58163,25474,4653,25474,4653,3.3,255,0,CleanAir,0.0,2026-09-18 23:55:37
80,3.18475,0.58175,25478,4654,25478,4654,3.3,255,0,CleanAir,0.0,2026-09-18 23:55:37
81,3.156,0.58225,25248,4658,25248,4658,3.3,255,0,CleanAir,0.0,2026-09-18 23:55:38
82,3.1855,0.58188,25484,4655,25484,4655,3.3,255,0,CleanAir,0.0,2026-09-18 23:55:38
83,3.15625,0.58538,25250,4683,25250,4683,3.3,255,0,CleanAir,0.0,2026-09-18 23:55:39
84,3.18575,0.58338,25486,4667,25486,4667,3.3,255,0,CleanAir,0.0,2026-09-18 23:55:39
85,3.18625,0.5805,25490,4644,25490,4644,3.3,255,0,CleanAir,0.0,2026-09-18 23:55:39
86,3.1865,0.5805,25492,4644,25492,4644,3.3,255,0,CleanAir,0.0,2026-09-18 23:55:40
87,3.18763,0.58138,25501,4651,25501,4651,3.3,255,0,CleanAir,0.0,2026-09-18 23:55:40
88,3.18713,0.58538,25497,4683,25497,4683,3.3,255,0,CleanAir,0.0,2026-09-18 23:55:40
89,3.188,0.58125,25504,4650,25504,4650,3.3,255,0,CleanAir,0.0,2026-09-18 23:55:41
90,3.18825,0.58238,25506,4659,25506,4659,3.3,255,0,CleanAir,0.0,2026-09-18 23:55:41
91,3.16438,0.58463,25315,4677,25315,4677,3.3,255,0,CleanAir,0.0,2026-09-18 23:55:42
92,3.15825,0.58525,25266,4682,25266,4682,3.3,255,0,CleanAir,0.0,2026-09-18 23:55:42
93,3.1895,0.58213,25516,4657,25516,4657,3.3,255,0,CleanAir,0.0,2026-09-18 23:55:42
94,3.19013,0.58538,25521,4683,25521,4683,3.3,255,0,CleanAir,0.0,2026-09-18 23:55:43
95,3.19075,0.586,25526,4688,25526,4688,3.3,255,0,CleanAir,0.0,2026-09-18 23:55:43
96,3.16275,0.58525,25302,4682,25302,4682,3.3,255,0,CleanAir,0.0,2026-09-18 23:55:44
97,3.19238,0.58575,25539,4686,25539,4686,3.3,255,0,CleanAir,0.0,2026-09-18 23:55:44
98,3.1635,0.581,25308,4648,25308,4648,3.3,255,0,CleanAir,0.0,2026-09-18 23:55:45
99,3.1625,0.58325,25300,4666,25300,4666,3.3,255,0,CleanAir,0.0,2026-09-18 23:55:45
100,3.17238,0.58238,25379,4659,25379,4659,3.3,255,0,CleanAir,0.0,2026-09-18 23:55:46
101,3.16325,0.5805,25306,4644,25306,4644,3.3,255,0,CleanAir,0.0,2026-09-18 23:55:46
102,3.193,0.585,25544,4680,25544,4680,3.3,255,0,CleanAir,0.0,2026-09-18 23:55:46
103,3.18688,0.58488,25495,4679,25495,4679,3.3,255,0,CleanAir,0.0,2026-09-18 23:55:47
104,3.19363,0.58188,25549,4655,25549,4655,3.3,255,0,CleanAir,0.0,2026-09-18 23:55:47
105,3.18688,0.58463,25495,4677,25495,4677,3.3,255,0,CleanAir,0.0,2026-09-18 23:55:47
106,3.19475,0.58413,25558,4673,25558,4673,3.3,255,0,CleanAir,0.0,2026-09-18 23:55:48
107,3.17938,0.585,25435,4680,25435,4680,3.3,255,0,CleanAir,0.0,2026-09-18 23:55:48
108,3.19475,0.5835,25558,4668,25558,4668,3.3,255,0,CleanAir,0.0,2026-09-18 23:55:49
109,3.194,0.58388,25552,4671,25552,4671,3.3,255,0,CleanAir,0.0,2026-09-18 23:55:49
110,3.17188,0.582,25375,4656,25375,4656,3.3,255,0,CleanAir,0.0,2026-09-18 23:55:49
111,3.16388,0.58363,25311,4669,25311,4669,3.3,255,0,CleanAir,0.0,2026-09-18 23:55:50
112,3.16625,0.58263,25330,4661,25330,4661,3.3,255,0,CleanAir,0.0,2026-09-18 23:55:50
113,3.19463,0.58213,25557,4657,25557,4657,3.3,255,0,CleanAir,0.0,2026-09-18 23:55:50
114,3.16575,0.5815,25326,4652,25326,4652,3.3,255,0,CleanAir,0.0,2026-09-18 23:55:51
115,3.19438,0.58425,25555,4674,25555,4674,3.3,255,0,CleanAir,0.0,2026-09-18 23:55:51
116,3.17113,0.5855,25369,4684,25369,4684,3.3,255,0,CleanAir,0.0,2026-09-18 23:55:52
117,3.165,0.58513,25320,4681,25320,4681,3.3,255,0,CleanAir,0.0,2026-09-18 23:55:52
118,3.195,0.58513,25560,4681,25560,4681,3.3,255,0,CleanAir,0.0,2026-09-18 23:55:52
119,3.16588,0.58513,25327,4681,25327,4681,3.3,255,0,CleanAir,0.0,2026-09-18 23:55:53
120,3.19463,0.5855,25557,4684,25557,4684,3.3,255,0,CleanAir,0.0,2026-09-18 23:55:53
121,3.17125,0.5815,25370,4652,25370,4652,3.3,255,0,CleanAir,0.0,2026-09-18 23:55:53
122,3.1955,0.582,25564,4656,25564,4656,3.3,255,0,CleanAir,0.0,2026-09-18 23:55:54
123,3.18338,0.58013,25467,4641,25467,4641,3.3,255,0,CleanAir,0.0,2026-09-18 23:55:54
124,3.19525,0.5825,25562,4660,25562,4660,3.3,255,0,CleanAir,0.0,2026-09-18 23:55:55
125,3.36813,0.57738,26945,4619,26945,4619,0.0,0,0,CleanAir,0.0,2026-09-18 23:55:55
126,3.37888,0.57925,27031,4634,27031,4634,0.0,0,0,CleanAir,0.0,2026-09-18 23:55:56
127,3.35388,0.58,26831,4640,26831,4640,0.0,0,0,CleanAir,0.0,2026-09-18 23:55:56
128,3.29525,0.578,26362,4624,26362,4624,0.0,0,0,CleanAir,0.0,2026-09-18 23:55:56
129,3.30263,0.57763,26421,4621,26421,4621,0.0,0,0,CleanAir,0.0,2026-09-18 23:55:57
130,3.28063,0.576,26245,4608,26245,4608,0.0,0,0,CleanAir,0.0,2026-09-18 23:55:57
131,3.25363,0.57713,26029,4617,26029,4617,0.0,0,0,CleanAir,0.0,2026-09-18 23:55:58
132,3.20338,0.57663,25627,4613,25627,4613,0.0,0,0,CleanAir,0.0,2026-09-18 23:55:58
133,3.21388,0.57613,25711,4609,25711,4609,0.0,0,0,CleanAir,0.0,2026-09-18 23:55:58
134,3.16663,0.577,25333,4616,25333,4616,0.0,0,0,CleanAir,0.0,2026-09-18 23:55:59
135,3.15088,0.5775,25207,4620,25207,4620,0.0,0,0,CleanAir,0.0,2026-09-18 23:55:59
136,3.11025,0.57938,24882,4635,24882,4635,0.0,0,0,CleanAir,0.0,2026-09-18 23:56:00
137,3.09175,0.57812,24734,4625,24734,4625,0.0,0,0,CleanAir,0.0,2026-09-18 23:56:00
138,3.10463,0.57663,24837,4613,24837,4613,0.0,0,0,CleanAir,0.0,2026-09-18 23:56:01
139,3.05913,0.57875,24473,4630,24473,4630,0.0,0,0,CleanAir,0.0,2026-09-18 23:56:01
140,3.05813,0.57738,24465,4619,24465,4619,0.0,0,0,CleanAir,0.0,2026-09-18 23:56:01
141,3.019,0.57975,24152,4638,24152,4638,0.0,0,0,CleanAir,0.0,2026-09-18 23:56:02
142,3.03288,0.57663,24263,4613,24263,4613,0.0,0,0,CleanAir,0.0,2026-09-18 23:56:02
143,3.01525,0.57913,24122,4633,24122,4633,0.0,0,0,CleanAir,0.0,2026-09-18 23:56:03
144,2.99838,0.57725,23987,4618,23987,4618,0.0,0,0,CleanAir,0.0,2026-09-18 23:56:03
145,2.95863,0.5775,23669,4620,23669,4620,0.0,0,0,CleanAir,0.0,2026-09-18 23:56:04
146,2.94363,0.58088,23549,4647,23549,4647,0.0,0,0,CleanAir,0.0,2026-09-18 23:56:04
147,2.9295,0.57888,23436,4631,23436,4631,0.0,0,0,CleanAir,0.0,2026-09-18 23:56:05
148,2.91875,0.57812,23350,4625,23350,4625,0.0,0,0,CleanAir,0.0,2026-09-18 23:56:05
149,2.93163,0.57763,23453,4621,23453,4621,0.0,0,0,CleanAir,0.0,2026-09-18 23:56:05
150,2.919,0.58088,23352,4647,23352,4647,0.0,0,0,CleanAir,0.0,2026-09-18 23:56:06
151,2.91025,0.578,23282,4624,23282,4624,0.0,0,0,CleanAir,0.0,2026-09-18 23:56:06
152,2.8955,0.58075,23164,4646,23164,4646,0.0,0,0,CleanAir,0.0,2026-09-18 23:56:06
153,2.8725,0.57788,22980,4623,22980,4623,0.0,0,0,CleanAir,0.0,2026-09-18 23:56:07
154,2.8815,0.57838,23052,4627,23052,4627,0.0,0,0,CleanAir,0.0,2026-09-18 23:56:07
155,2.84588,0.57775,22767,4622,22767,4622,0.0,0,0,CleanAir,0.0,2026-09-18 23:56:07
156,2.8635,0.58113,22908,4649,22908,4649,0.0,0,0,CleanAir,0.0,2026-09-18 23:56:08
157,2.84775,0.57963,22782,4637,22782,4637,0.0,0,0,CleanAir,0.0,2026-09-18 23:56:09
158,2.81438,0.57638,22515,4611,22515,4611,0.0,0,0,CleanAir,0.0,2026-09-18 23:56:09
159,2.83325,0.57625,22666,4610,22666,4610,0.0,0,0,CleanAir,0.0,2026-09-18 23:56:09
160,2.82238,0.57563,22579,4605,22579,4605,0.0,0,0,CleanAir,0.0,2026-09-18 23:56:10
161,2.78938,0.578,22315,4624,22315,4624,0.0,0,0,CleanAir,0.0,2026-09-18 23:56:10
162,2.80988,0.57925,22479,4634,22479,4634,0.0,0,0,CleanAir,0.0,2026-09-18 23:56:10
163,2.8015,0.5785,22412,4628,22412,4628,0.0,0,0,CleanAir,0.0,2026-09-18 23:56:11
164,2.79538,0.57613,22363,4609,22363,4609,0.0,0,0,CleanAir,0.0,2026-09-18 23:56:11
165,2.7645,0.57725,22116,4618,22116,4618,0.0,0,0,CleanAir,0.0,2026-09-18 23:56:12
166,2.78263,0.57863,22261,4629,22261,4629,0.0,0,0,CleanAir,0.0,2026-09-18 23:56:12
167,2.77625,0.576,22210,4608,22210,4608,0.0,0,0,CleanAir,0.0,2026-09-18 23:56:12
168,2.77125,0.577,22170,4616,22170,4616,0.0,0,0,CleanAir,0.0,2026-09-18 23:56:13
169,2.76575,0.57775,22126,4622,22126,4622,0.0,0,0,CleanAir,0.0,2026-09-18 23:56:13
170,2.76113,0.57763,22089,4621,22089,4621,0.0,0,0,CleanAir,0.0,2026-09-18 23:56:13
171,2.7305,0.57663,21844,4613,21844,4613,0.0,0,0,CleanAir,0.0,2026-09-18 23:56:14
172,2.744,0.58088,21952,4647,21952,4647,0.0,0,0,CleanAir,0.0,2026-09-18 23:56:14
173,2.71813,0.58075,21745,4646,21745,4646,0.0,0,0,CleanAir,0.0,2026-09-18 23:56:15
174,2.71238,0.57563,21699,4605,21699,4605,0.0,0,0,CleanAir,0.0,2026-09-18 23:56:15
175,2.73263,0.58,21861,4640,21861,4640,0.0,0,0,CleanAir,0.0,2026-09-18 23:56:15
176,2.70363,0.57925,21629,4634,21629,4634,0.0,0,0,CleanAir,0.0,2026-09-18 23:56:16
177,2.72363,0.57788,21789,4623,21789,4623,0.0,0,0,CleanAir,0.0,2026-09-18 23:56:16
178,2.69538,0.57863,21563,4629,21563,4629,0.0,0,0,CleanAir,0.0,2026-09-18 23:56:17
179,2.717,0.581,21736,4648,21736,4648,0.0,0,0,CleanAir,0.0,2026-09-18 23:56:17
180,2.714,0.57713,21712,4617,21712,4617,0.0,0,0,CleanAir,0.0,2026-09-18 23:56:17
181,2.7095,0.57925,21676,4634,21676,4634,0.0,0,0,CleanAir,0.0,2026-09-18 23:56:18
182,2.70388,0.57713,21631,4617,21631,4617,0.0,0,0,CleanAir,0.0,2026-09-18 23:56:18
183,2.6765,0.57588,21412,4607,21412,4607,0.0,0,0,CleanAir,0.0,2026-09-18 23:56:19
184,2.697,0.57925,21576,4634,21576,4634,0.0,0,0,CleanAir,0.0,2026-09-18 23:56:19
185,2.695,0.57638,21560,4611,21560,4611,0.0,0,0,CleanAir,0.0,2026-09-18 23:56:20
186,2.69288,0.57775,21543,4622,21543,4622,0.0,0,0,CleanAir,0.0,2026-09-18 23:56:20
187,2.689,0.57863,21512,4629,21512,4629,0.0,0,0,CleanAir,0.0,2026-09-18 23:56:20
188,2.67788,0.58088,21423,4647,21423,4647,0.0,0,0,CleanAir,0.0,2026-09-18 23:56:21
189,2.68188,0.57863,21455,4629,21455,4629,0.0,0,0,CleanAir,0.0,2026-09-18 23:56:22
190,2.67875,0.5775,21430,4620,21430,4620,0.0,0,0,CleanAir,0.0,2026-09-18 23:56:22
191,2.65238,0.58125,21219,4650,21219,4650,0.0,0,0,CleanAir,0.0,2026-09-18 23:56:22
192,2.65075,0.5805,21206,4644,21206,4644,0.0,0,0,CleanAir,0.0,2026-09-18 23:56:23
193,2.672,0.58025,21376,4642,21376,4642,0.0,0,0,CleanAir,0.0,2026-09-18 23:56:23
194,2.67175,0.5795,21374,4636,21374,4636,0.0,0,0,CleanAir,0.0,2026-09-18 23:56:23
195,2.66813,0.581,21345,4648,21345,4648,0.0,0,0,CleanAir,0.0,2026-09-18 23:56:24
196,2.66688,0.58063,21335,4645,21335,4645,0.0,0,0,CleanAir,0.0,2026-09-18 23:56:24
197,2.666,0.5775,21328,4620,21328,4620,0.0,0,0,CleanAir,0.0,2026-09-18 23:56:25
198,2.66363,0.57688,21309,4615,21309,4615,0.0,0,0,CleanAir,0.0,2026-09-18 23:56:25
199,2.66313,0.57738,21305,4619,21305,4619,0.0,0,0,CleanAir,0.0,2026-09-18 23:56:25
200,2.66063,0.57575,21285,4606,21285,4606,0.0,0,0,CleanAir,0.0,2026-09-18 23:56:26
201,2.65813,0.58175,21265,4654,21265,4654,0.0,0,0,CleanAir,0.0,2026-09-18 23:56:26
202,2.65675,0.5775,21254,4620,21254,4620,0.0,0,0,CleanAir,0.0,2026-09-18 23:56:27
203,2.6315,0.57825,21052,4626,21052,4626,0.0,0,0,CleanAir,0.0,2026-09-18 23:56:27
204,2.65375,0.57725,21230,4618,21230,4618,0.0,0,0,CleanAir,0.0,2026-09-18 23:56:28
205,2.627,0.57688,21016,4615,21016,4615,0.0,0,0,CleanAir,0.0,2026-09-18 23:56:28
206,2.63138,0.57625,21051,4610,21051,4610,0.0,0,0,CleanAir,0.0,2026-09-18 23:56:29
207,2.64838,0.57938,21187,4635,21187,4635,0.0,0,0,CleanAir,0.0,2026-09-18 23:56:29
208,2.62913,0.57588,21033,4607,21033,4607,0.0,0,0,CleanAir,0.0,2026-09-18 23:56:29
209,2.642,0.57588,21136,4607,21136,4607,0.0,0,0,CleanAir,0.0,2026-09-18 23:56:30
210,2.62163,0.57688,20973,4615,20973,4615,0.0,0,0,CleanAir,0.0,2026-09-18 23:56:30
211,2.6445,0.576,21156,4608,21156,4608,0.0,0,0,CleanAir,0.0,2026-09-18 23:56:31
212,2.644,0.57625,21152,4610,21152,4610,0.0,0,0,CleanAir,0.0,2026-09-18 23:56:31
213,2.643,0.57825,21144,4626,21144,4626,0.0,0,0,CleanAir,0.0,2026-09-18 23:56:32
214,2.64063,0.58025,21125,4642,21125,4642,0.0,0,0,CleanAir,0.0,2026-09-18 23:56:32
215,2.61638,0.58013,20931,4641,20931,4641,0.0,0,0,CleanAir,0.0,2026-09-18 23:56:33
216,2.63963,0.58063,21117,4645,21117,4645,0.0,0,0,CleanAir,0.0,2026-09-18 23:56:33
217,2.6385,0.5765,21108,4612,21108,4612,0.0,0,0,CleanAir,0.0,2026-09-18 23:56:33
218,2.638,0.58013,21104,4641,21104,4641,0.0,0,0,CleanAir,0.0,2026-09-18 23:56:34
219,2.63688,0.58063,21095,4645,21095,4645,0.0,0,0,CleanAir,0.0,2026-09-18 23:56:34
220,2.63675,0.57713,21094,4617,21094,4617,0.0,0,0,CleanAir,0.0,2026-09-18 23:56:35
221,2.61263,0.57838,20901,4627,20901,4627,0.0,0,0,CleanAir,0.0,2026-09-18 23:56:35
222,2.61138,0.57575,20891,4606,20891,4606,0.0,0,0,CleanAir,0.0,2026-09-18 23:56:36
223,2.61088,0.57588,20887,4607,20887,4607,0.0,0,0,CleanAir,0.0,2026-09-18 23:56:36
224,2.633,0.58063,21064,4645,21064,4645,0.0,0,0,CleanAir,0.0,2026-09-18 23:56:37
225,2.634,0.57713,21072,4617,21072,4617,0.0,0,0,CleanAir,0.0,2026-09-18 23:56:37
226,2.633,0.57613,21064,4609,21064,4609,0.0,0,0,CleanAir,0.0,2026-09-18 23:56:37
227,2.60838,0.57538,20867,4603,20867,4603,0.0,0,0,CleanAir,0.0,2026-09-18 23:56:38
228,2.63275,0.57863,21062,4629,21062,4629,0.0,0,0,CleanAir,0.0,2026-09-18 23:56:38
229,2.63113,0.58063,21049,4645,21049,4645,0.0,0,0,CleanAir,0.0,2026-09-18 23:56:39
230,2.63113,0.58063,21049,4645,21049,4645,0.0,0,0,CleanAir,0.0,2026-09-18 23:56:39
231,2.6065,0.58125,20852,4650,20852,4650,0.0,0,0,CleanAir,0.0,2026-09-18 23:56:39
232,2.63113,0.57838,21049,4627,21049,4627,0.0,0,0,CleanAir,0.0,2026-09-18 23:56:40
233,2.60575,0.57925,20846,4634,20846,4634,0.0,0,0,CleanAir,0.0,2026-09-18 23:56:40
234,2.6285,0.57613,21028,4609,21028,4609,0.0,0,0,CleanAir,0.0,2026-09-18 23:56:41
235,2.62888,0.58088,21031,4647,21031,4647,0.0,0,0,CleanAir,0.0,2026-09-18 23:56:41
236,2.62775,0.58113,21022,4649,21022,4649,0.0,0,0,CleanAir,0.0,2026-09-18 23:56:41
237,2.62763,0.57825,21021,4626,21021,4626,0.0,0,0,CleanAir,0.0,2026-09-18 23:56:42
238,2.62738,0.58113,21019,4649,21019,4649,0.0,0,0,CleanAir,0.0,2026-09-18 23:56:42
239,2.604,0.58038,20832,4643,20832,4643,0.0,0,0,CleanAir,0.0,2026-09-18 23:56:42
240,2.62775,0.57863,21022,4629,21022,4629,0.0,0,0,CleanAir,0.0,2026-09-18 23:56:43
241,2.62625,0.57775,21010,4622,21010,4622,0.0,0,0,CleanAir,0.0,2026-09-18 23:56:43
242,2.60363,0.57788,20829,4623,20829,4623,0.0,0,0,CleanAir,0.0,2026-09-18 23:56:44
243,2.62563,0.58113,21005,4649,21005,4649,0.0,0,0,CleanAir,0.0,2026-09-18 23:56:44
244,2.61725,0.5765,20938,4612,20938,4612,0.0,0,0,CleanAir,0.0,2026-09-18 23:56:45
245,2.60075,0.5785,20806,4628,20806,4628,0.0,0,0,CleanAir,0.0,2026-09-18 23:56:45
246,2.62488,0.581,20999,4648,20999,4648,0.0,0,0,CleanAir,0.0,2026-09-18 23:56:45
247,2.61775,0.581,20942,4648,20942,4648,0.0,0,0,CleanAir,0.0,2026-09-18 23:56:46
248,2.6005,0.581,20804,4648,20804,4648,0.0,0,0,CleanAir,0.0,2026-09-18 23:56:46
249,2.625,0.578,21000,4624,21000,4624,0.0,0,0,CleanAir,0.0,2026-09-18 23:56:46
0,2.49013,0.585,19921,4680,19921,4680,3.3,255,0,CleanAir,0.0,2026-09-18 23:56:47
1,2.49263,0.58575,19941,4686,19941,4686,3.3,255,0,CleanAir,0.0,2026-09-18 23:56:47
2,2.55875,0.58538,20470,4683,20470,4683,3.3,255,0,CleanAir,0.0,2026-09-18 23:56:48
3,2.60375,0.58288,20830,4663,20830,4663,3.3,255,0,CleanAir,0.0,2026-09-18 23:56:48
4,2.6195,0.58288,20956,4663,20956,4663,3.3,255,0,CleanAir,0.0,2026-09-18 23:56:49
5,2.65813,0.58313,21265,4665,21265,4665,3.3,255,0,CleanAir,0.0,2026-09-18 23:56:49
6,2.69325,0.5855,21546,4684,21546,4684,3.3,255,0,CleanAir,0.0,2026-09-18 23:56:50
7,2.72713,0.58325,21817,4666,21817,4666,3.3,255,0,CleanAir,0.0,2026-09-18 23:56:50
8,2.736,0.5815,21888,4652,21888,4652,3.3,255,0,CleanAir,0.0,2026-09-18 23:56:50
9,2.77075,0.58538,22166,4683,22166,4683,3.3,255,0,CleanAir,0.0,2026-09-18 23:56:51
10,2.77725,0.58225,22218,4658,22218,4658,3.3,255,0,CleanAir,0.0,2026-09-18 23:56:51
11,2.78288,0.58513,22263,4681,22263,4681,3.3,255,0,CleanAir,0.0,2026-09-18 23:56:52
12,2.82788,0.586,22623,4688,22623,4688,3.3,255,0,CleanAir,0.0,2026-09-18 23:56:52
13,2.81925,0.5825,22554,4660,22554,4660,3.3,255,0,CleanAir,0.0,2026-09-18 23:56:52
14,2.86288,0.58313,22903,4665,22903,4665,3.3,255,0,CleanAir,0.0,2026-09-18 23:56:53
15,2.88625,0.58075,23090,4646,23090,4646,3.3,255,0,CleanAir,0.0,2026-09-18 23:56:53
16,2.8745,0.58125,22996,4650,22996,4650,3.3,255,0,CleanAir,0.0,2026-09-18 23:56:54
17,2.9215,0.5855,23372,4684,23372,4684,3.3,255,0,CleanAir,0.0,2026-09-18 23:56:54
18,2.93863,0.58588,23509,4687,23509,4687,3.3,255,0,CleanAir,0.0,2026-09-18 23:56:55
19,2.95225,0.58288,23618,4663,23618,4663,3.3,255,0,CleanAir,0.0,2026-09-18 23:56:55
20,2.9495,0.5855,23596,4684,23596,4684,3.3,255,0,CleanAir,0.0,2026-09-18 23:56:55
21,2.97438,0.58588,23795,4687,23795,4687,3.3,255,0,CleanAir,0.0,2026-09-18 23:56:56
22,2.95713,0.586,23657,4688,23657,4688,3.3,255,0,CleanAir,0.0,2026-09-18 23:56:56
23,2.99275,0.58138,23942,4651,23942,4651,3.3,255,0,CleanAir,0.0,2026-09-18 23:56:56
24,3.00713,0.58288,24057,4663,24057,4663,3.3,255,0,CleanAir,0.0,2026-09-18 23:56:57
25,3.01213,0.5855,24097,4684,24097,4684,3.3,255,0,CleanAir,0.0,2026-09-18 23:56:57
26,3.022,0.58588,24176,4687,24176,4687,3.3,255,0,CleanAir,0.0,2026-09-18 23:56:58
27,3.036,0.58563,24288,4685,24288,4685,3.3,255,0,CleanAir,0.0,2026-09-18 23:56:58
28,3.04338,0.58125,24347,4650,24347,4650,3.3,255,0,CleanAir,0.0,2026-09-18 23:56:59
29,3.05013,0.58175,24401,4654,24401,4654,3.3,255,0,CleanAir,0.0,2026-09-18 23:56:59
30,3.05613,0.58413,24449,4673,24449,4673,3.3,255,0,CleanAir,0.0,2026-09-18 23:56:59
31,3.06275,0.58138,24502,4651,24502,4651,3.3,255,0,CleanAir,0.0,2026-09-18 23:57:00
32,3.056,0.58438,24448,4675,24448,4675,3.3,255,0,CleanAir,0.0,2026-09-18 23:57:00
33,3.07313,0.58463,24585,4677,24585,4677,3.3,255,0,CleanAir,0.0,2026-09-18 23:57:00
34,3.04775,0.58588,24382,4687,24382,4687,3.3,255,0,CleanAir,0.0,2026-09-18 23:57:01
35,3.08225,0.58163,24658,4653,24658,4653,3.3,255,0,CleanAir,0.0,2026-09-18 23:57:01
36,3.07688,0.58563,24615,4685,24615,4685,3.3,255,0,CleanAir,0.0,2026-09-18 23:57:02
37,3.06338,0.58513,24507,4681,24507,4681,3.3,255,0,CleanAir,0.0,2026-09-18 23:57:02
38,3.067,0.581,24536,4648,24536,4648,3.3,255,0,CleanAir,0.0,2026-09-18 23:57:03
39,3.09975,0.58325,24798,4666,24798,4666,3.3,255,0,CleanAir,0.0,2026-09-18 23:57:03
40,3.07488,0.5845,24599,4676,24599,4676,3.3,255,0,CleanAir,0.0,2026-09-18 23:57:03
41,3.10725,0.5855,24858,4684,24858,4684,3.3,255,0,CleanAir,0.0,2026-09-18 23:57:04
42,3.0815,0.58113,24652,4649,24652,4649,3.3,255,0,CleanAir,0.0,2026-09-18 23:57:04
43,3.11313,0.58588,24905,4687,24905,4687,3.3,255,0,CleanAir,0.0,2026-09-18 23:57:04
44,3.1095,0.582,24876,4656,24876,4656,3.3,255,0,CleanAir,0.0,2026-09-18 23:57:05
45,3.09288,0.58163,24743,4653,24743,4653,3.3,255,0,CleanAir,0.0,2026-09-18 23:57:05
46,3.12838,0.58625,25027,4690,25027,4690,3.3,255,0,CleanAir,0.0,2026-09-18 23:57:06
47,3.13138,0.58613,25051,4689,25051,4689,3.3,255,0,CleanAir,0.0,2026-09-18 23:57:06
48,3.13575,0.58275,25086,4662,25086,4662,3.3,255,0,CleanAir,0.0,2026-09-18 23:57:07
49,3.10963,0.58563,24877,4685,24877,4685,3.3,255,0,CleanAir,0.0,2026-09-18 23:57:07
50,3.136,0.58063,25088,4645,25088,4645,3.3,255,0,CleanAir,0.0,2026-09-18 23:57:08
51,3.14463,0.581,25157,4648,25157,4648,3.3,255,0,CleanAir,0.0,2026-09-18 23:57:08
52,3.14625,0.58413,25170,4673,25170,4673,3.3,255,0,CleanAir,0.0,2026-09-18 23:57:09
53,3.15138,0.5825,25211,4660,25211,4660,3.3,255,0,CleanAir,0.0,2026-09-18 23:57:09
54,3.15175,0.58363,25214,4669,25214,4669,3.3,255,0,CleanAir,0.0,2026-09-18 23:57:09
55,3.15338,0.58175,25227,4654,25227,4654,3.3,255,0,CleanAir,0.0,2026-09-18 23:57:10
56,3.12625,0.58213,25010,4657,25010,4657,3.3,255,0,CleanAir,0.0,2026-09-18 23:57:10
57,3.15825,0.58338,25266,4667,25266,4667,3.3,255,0,CleanAir,0.0,2026-09-18 23:57:11
58,3.16,0.58338,25280,4667,25280,4667,3.3,255,0,CleanAir,0.0,2026-09-18 23:57:11
59,3.16088,0.58588,25287,4687,25287,4687,3.3,255,0,CleanAir,0.0,2026-09-18 23:57:12
60,3.16238,0.58063,25299,4645,25299,4645,3.3,255,0,CleanAir,0.0,2026-09-18 23:57:12
61,3.13313,0.58575,25065,4686,25065,4686,3.3,255,0,CleanAir,0.0,2026-09-18 23:57:12
62,3.16463,0.58625,25317,4690,25317,4690,3.3,255,0,CleanAir,0.0,2026-09-18 23:57:13
63,3.16513,0.58313,25321,4665,25321,4665,3.3,255,0,CleanAir,0.0,2026-09-18 23:57:13
64,3.16388,0.58625,25311,4690,25311,4690,3.3,255,0,CleanAir,0.0,2026-09-18 23:57:14
65,3.16575,0.58425,25326,4674,25326,4674,3.3,255,0,CleanAir,0.0,2026-09-18 23:57:14
66,3.16675,0.586,25334,4688,25334,4688,3.3,255,0,CleanAir,0.0,2026-09-18 23:57:15
67,3.16725,0.58413,25338,4673,25338,4673,3.3,255,0,CleanAir,0.0,2026-09-18 23:57:15
68,3.16013,0.58413,25281,4673,25281,4673,3.3,255,0,CleanAir,0.0,2026-09-18 23:57:16
69,3.16938,0.58588,25355,4687,25355,4687,3.3,255,0,CleanAir,0.0,2026-09-18 23:57:16
70,3.17063,0.58288,25365,4663,25365,4663,3.3,255,0,CleanAir,0.0,2026-09-18 23:57:17
71,3.15525,0.58613,25242,4689,25242,4689,3.3,255,0,CleanAir,0.0,2026-09-18 23:57:17
72,3.1725,0.58375,25380,4670,25380,4670,3.3,255,0,CleanAir,0.0,2026-09-18 23:57:17
73,3.14313,0.58288,25145,4663,25145,4663,3.3,255,0,CleanAir,0.0,2026-09-18 23:57:18
74,3.17313,0.58637,25385,4691,25385,4691,3.3,255,0,CleanAir,0.0,2026-09-18 23:57:18
75,3.17388,0.58563,25391,4685,25391,4685,3.3,255,0,CleanAir,0.0,2026-09-18 23:57:18
76,3.17513,0.58388,25401,4671,25401,4671,3.3,255,0,CleanAir,0.0,2026-09-18 23:57:19
77,3.17625,0.58225,25410,4658,25410,4658,3.3,255,0,CleanAir,0.0,2026-09-18 23:57:19
78,3.17688,0.58613,25415,4689,25415,4689,3.3,255,0,CleanAir,0.0,2026-09-18 23:57:20
79,3.17863,0.5835,25429,4668,25429,4668,3.3,255,0,CleanAir,0.0,2026-09-18 23:57:20
80,3.1795,0.584,25436,4672,25436,4672,3.3,255,0,CleanAir,0.0,2026-09-18 23:57:21
81,3.1785,0.58375,25428,4670,25428,4670,3.3,255,0,CleanAir,0.0,2026-09-18 23:57:21
82,3.17825,0.5845,25426,4676,25426,4676,3.3,255,0,CleanAir,0.0,2026-09-18 23:57:22
83,3.15,0.58613,25200,4689,25200,4689,3.3,255,0,CleanAir,0.0,2026-09-18 23:57:22
84,3.17975,0.58575,25438,4686,25438,4686,3.3,255,0,CleanAir,0.0,2026-09-18 23:57:22
85,3.17963,0.583,25437,4664,25437,4664,3.3,255,0,CleanAir,0.0,2026-09-18 23:57:23
86,3.16375,0.58313,25310,4665,25310,4665,3.3,255,0,CleanAir,0.0,2026-09-18 23:57:23
87,3.181,0.5815,25448,4652,25448,4652,3.3,255,0,CleanAir,0.0,2026-09-18 23:57:24
88,3.15175,0.58225,25214,4658,25214,4658,3.3,255,0,CleanAir,0.0,2026-09-18 23:57:24
89,3.17913,0.58613,25433,4689,25433,4689,3.3,255,0,CleanAir,0.0,2026-09-18 23:57:24
90,3.17825,0.58613,25426,4689,25426,4689,3.3,255,0,CleanAir,0.0,2026-09-18 23:57:25
91,3.16238,0.5855,25299,4684,25299,4684,3.3,255,0,CleanAir,0.0,2026-09-18 23:57:25
92,3.15025,0.586,25202,4688,25202,4688,3.3,255,0,CleanAir,0.0,2026-09-18 23:57:26
93,3.17788,0.58225,25423,4658,25423,4658,3.3,255,0,CleanAir,0.0,2026-09-18 23:57:26
94,3.1775,0.58663,25420,4693,25420,4693,3.3,255,0,CleanAir,0.0,2026-09-18 23:57:27
95,3.14788,0.58375,25183,4670,25183,4670,3.3,255,0,CleanAir,0.0,2026-09-18 23:57:27
96,3.17838,0.58275,25427,4662,25427,4662,3.3,255,0,CleanAir,0.0,2026-09-18 23:57:27
97,3.15088,0.58325,25207,4666,25207,4666,3.3,255,0,CleanAir,0.0,2026-09-18 23:57:28
98,3.1665,0.58125,25332,4650,25332,4650,3.3,255,0,CleanAir,0.0,2026-09-18 23:57:28
99,3.177,0.582,25416,4656,25416,4656,3.3,255,0,CleanAir,0.0,2026-09-18 23:57:28
100,3.17775,0.58263,25422,4661,25422,4661,3.3,255,0,CleanAir,0.0,2026-09-18 23:57:29
101,3.17788,0.58663,25423,4693,25423,4693,3.3,255,0,CleanAir,0.0,2026-09-18 23:57:29
102,3.17688,0.58625,25415,4690,25415,4690,3.3,255,0,CleanAir,0.0,2026-09-18 23:57:30
103,3.17763,0.58613,25421,4689,25421,4689,3.3,255,0,CleanAir,0.0,2026-09-18 23:57:30
104,3.179,0.58375,25432,4670,25432,4670,3.3,255,0,CleanAir,0.0,2026-09-18 23:57:30
105,3.17838,0.58563,25427,4685,25427,4685,3.3,255,0,CleanAir,0.0,2026-09-18 23:57:31
106,3.14975,0.586,25198,4688,25198,4688,3.3,255,0,CleanAir,0.0,2026-09-18 23:57:31
107,3.17475,0.58575,25398,4686,25398,4686,3.3,255,0,CleanAir,0.0,2026-09-18 23:57:32
108,3.18025,0.58225,25442,4658,25442,4658,3.3,255,0,CleanAir,0.0,2026-09-18 23:57:32
109,3.1805,0.5825,25444,4660,25444,4660,3.3,255,0,CleanAir,0.0,2026-09-18 23:57:32
110,3.18038,0.5835,25443,4668,25443,4668,3.3,255,0,CleanAir,0.0,2026-09-18 23:57:33
111,3.18063,0.58338,25445,4667,25445,4667,3.3,255,0,CleanAir,0.0,2026-09-18 23:57:33
112,3.15013,0.5815,25201,4652,25201,4652,3.3,255,0,CleanAir,0.0,2026-09-18 23:57:33
113,3.1795,0.5855,25436,4684,25436,4684,3.3,255,0,CleanAir,0.0,2026-09-18 23:57:34
114,3.1795,0.5815,25436,4652,25436,4652,3.3,255,0,CleanAir,0.0,2026-09-18 23:57:34
115,3.17563,0.58313,25405,4665,25405,4665,3.3,255,0,CleanAir,0.0,2026-09-18 23:57:35
116,3.17975,0.58275,25438,4662,25438,4662,3.3,255,0,CleanAir,0.0,2026-09-18 23:57:35
117,3.1795,0.58225,25436,4658,25436,4658,3.3,255,0,CleanAir,0.0,2026-09-18 23:57:36
118,3.15075,0.58375,25206,4670,25206,4670,3.3,255,0,CleanAir,0.0,2026-09-18 23:57:36
119,3.15063,0.58637,25205,4691,25205,4691,3.3,255,0,CleanAir,0.0,2026-09-18 23:57:36
120,3.17925,0.585,25434,4680,25434,4680,3.3,255,0,CleanAir,0.0,2026-09-18 23:57:37
121,3.17875,0.585,25430,4680,25430,4680,3.3,255,0,CleanAir,0.0,2026-09-18 23:57:38
122,3.17825,0.583,25426,4664,25426,4664,3.3,255,0,CleanAir,0.0,2026-09-18 23:57:38
123,3.14838,0.58613,25187,4689,25187,4689,3.3,255,0,CleanAir,0.0,2026-09-18 23:57:38
124,3.17788,0.58463,25423,4677,25423,4677,3.3,255,0,CleanAir,0.0,2026-09-18 23:57:39
125,3.34925,0.58213,26794,4657,26794,4657,0.0,0,0,CleanAir,0.0,2026-09-18 23:57:39
126,3.35925,0.58188,26874,4655,26874,4655,0.0,0,0,CleanAir,0.0,2026-09-18 23:57:39
127,3.32738,0.58175,26619,4654,26619,4654,0.0,0,0,CleanAir,0.0,2026-09-18 23:57:40
128,3.27588,0.58188,26207,4655,26207,4655,0.0,0,0,CleanAir,0.0,2026-09-18 23:57:40
129,3.28263,0.57812,26261,4625,26261,4625,0.0,0,0,CleanAir,0.0,2026-09-18 23:57:41
130,3.25825,0.57738,26066,4619,26066,4619,0.0,0,0,CleanAir,0.0,2026-09-18 23:57:41
131,3.2335,0.58225,25868,4658,25868,4658,0.0,0,0,CleanAir,0.0,2026-09-18 23:57:41
132,3.21125,0.58075,25690,4646,25690,4646,0.0,0,0,CleanAir,0.0,2026-09-18 23:57:42
133,3.1925,0.57825,25540,4626,25540,4626,0.0,0,0,CleanAir,0.0,2026-09-18 23:57:42
134,3.173,0.57975,25384,4638,25384,4638,0.0,0,0,CleanAir,0.0,2026-09-18 23:57:42
135,3.15538,0.57963,25243,4637,25243,4637,0.0,0,0,CleanAir,0.0,2026-09-18 23:57:43
136,3.10288,0.57713,24823,4617,24823,4617,0.0,0,0,CleanAir,0.0,2026-09-18 23:57:43
137,3.11438,0.57938,24915,4635,24915,4635,0.0,0,0,CleanAir,0.0,2026-09-18 23:57:44
138,3.09813,0.58113,24785,4649,24785,4649,0.0,0,0,CleanAir,0.0,2026-09-18 23:57:44
139,3.07113,0.5815,24569,4652,24569,4652,0.0,0,0,CleanAir,0.0,2026-09-18 23:57:44
140,3.06425,0.5815,24514,4652,24514,4652,0.0,0,0,CleanAir,0.0,2026-09-18 23:57:45
141,3.04888,0.57875,24391,4630,24391,4630,0.0,0,0,CleanAir,0.0,2026-09-18 23:57:45
142,3.03438,0.58175,24275,4654,24275,4654,0.0,0,0,CleanAir,0.0,2026-09-18 23:57:46
143,3.02025,0.57975,24162,4638,24162,4638,0.0,0,0,CleanAir,0.0,2026-09-18 23:57:46
144,2.98838,0.57925,23907,4634,23907,4634,0.0,0,0,CleanAir,0.0,2026-09-18 23:57:46
145,2.98888,0.57825,23911,4626,23911,4626,0.0,0,0,CleanAir,0.0,2026-09-18 23:57:47
146,2.96375,0.58163,23710,4653,23710,4653,0.0,0,0,CleanAir,0.0,2026-09-18 23:57:47
147,2.9515,0.57838,23612,4627,23612,4627,0.0,0,0,CleanAir,0.0,2026-09-18 23:57:48
148,2.9115,0.57863,23292,4629,23292,4629,0.0,0,0,CleanAir,0.0,2026-09-18 23:57:48
149,2.92725,0.5795,23418,4636,23418,4636,0.0,0,0,CleanAir,0.0,2026-09-18 23:57:49
150,2.916,0.57788,23328,4623,23328,4623,0.0,0,0,CleanAir,0.0,2026-09-18 23:57:49
151,2.90388,0.57838,23231,4627,23231,4627,0.0,0,0,CleanAir,0.0,2026-09-18 23:57:49
152,2.89413,0.5775,23153,4620,23153,4620,0.0,0,0,CleanAir,0.0,2026-09-18 23:57:50
153,2.87738,0.58238,23019,4659,23019,4659,0.0,0,0,CleanAir,0.0,2026-09-18 23:57:50
154,2.84275,0.58225,22742,4658,22742,4658,0.0,0,0,CleanAir,0.0,2026-09-18 23:57:51
155,2.859,0.57788,22872,4623,22872,4623,0.0,0,0,CleanAir,0.0,2026-09-18 23:57:51
156,2.84925,0.5815,22794,4652,22794,4652,0.0,0,0,CleanAir,0.0,2026-09-18 23:57:51
157,2.8395,0.57963,22716,4637,22716,4637,0.0,0,0,CleanAir,0.0,2026-09-18 23:57:52
158,2.8105,0.57838,22484,4627,22484,4627,0.0,0,0,CleanAir,0.0,2026-09-18 23:57:52
159,2.818,0.57838,22544,4627,22544,4627,0.0,0,0,CleanAir,0.0,2026-09-18 23:57:53
160,2.78688,0.57875,22295,4630,22295,4630,0.0,0,0,CleanAir,0.0,2026-09-18 23:57:53
161,2.77788,0.57713,22223,4617,22223,4617,0.0,0,0,CleanAir,0.0,2026-09-18 23:57:53
162,2.79625,0.5775,22370,4620,22370,4620,0.0,0,0,CleanAir,0.0,2026-09-18 23:57:54
163,2.782,0.58188,22256,4655,22256,4655,0.0,0,0,CleanAir,0.0,2026-09-18 23:57:54
164,2.7785,0.57713,22228,4617,22228,4617,0.0,0,0,CleanAir,0.0,2026-09-18 23:57:55
165,2.76938,0.57888,22155,4631,22155,4631,0.0,0,0,CleanAir,0.0,2026-09-18 23:57:55
166,2.75313,0.582,22025,4656,22025,4656,0.0,0,0,CleanAir,0.0,2026-09-18 23:57:56
167,2.748,0.57675,21984,4614,21984,4614,0.0,0,0,CleanAir,0.0,2026-09-18 23:57:57
168,2.7365,0.58188,21892,4655,21892,4655,0.0,0,0,CleanAir,0.0,2026-09-18 23:57:57
169,2.73725,0.58038,21898,4643,21898,4643,0.0,0,0,CleanAir,0.0,2026-09-18 23:57:57
170,2.70838,0.5775,21667,4620,21667,4620,0.0,0,0,CleanAir,0.0,2026-09-18 23:57:58
171,2.72825,0.57713,21826,4617,21826,4617,0.0,0,0,CleanAir,0.0,2026-09-18 23:57:58
172,2.72363,0.57812,21789,4625,21789,4625,0.0,0,0,CleanAir,0.0,2026-09-18 23:57:58
173,2.71975,0.5795,21758,4636,21758,4636,0.0,0,0,CleanAir,0.0,2026-09-18 23:57:59
174,2.71513,0.57888,21721,4631,21721,4631,0.0,0,0,CleanAir,0.0,2026-09-18 23:57:59
175,2.709,0.578,21672,4624,21672,4624,0.0,0,0,CleanAir,0.0,2026-09-18 23:58:00
176,2.68013,0.57713,21441,4617,21441,4617,0.0,0,0,CleanAir,0.0,2026-09-18 23:58:00
177,2.70038,0.58063,21603,4645,21603,4645,0.0,0,0,CleanAir,0.0,2026-09-18 23:58:00
178,2.69475,0.57713,21558,4617,21558,4617,0.0,0,0,CleanAir,0.0,2026-09-18 23:58:01
179,2.68975,0.57713,21518,4617,21518,4617,0.0,0,0,CleanAir,0.0,2026-09-18 23:58:02
180,2.67888,0.57825,21431,4626,21431,4626,0.0,0,0,CleanAir,0.0,2026-09-18 23:58:02
181,2.68363,0.57838,21469,4627,21469,4627,0.0,0,0,CleanAir,0.0,2026-09-18 23:58:02
182,2.65588,0.58125,21247,4650,21247,4650,0.0,0,0,CleanAir,0.0,2026-09-18 23:58:03
183,2.67788,0.579,21423,4632,21423,4632,0.0,0,0,CleanAir,0.0,2026-09-18 23:58:03
184,2.67513,0.57875,21401,4630,21401,4630,0.0,0,0,CleanAir,0.0,2026-09-18 23:58:03
185,2.67188,0.581,21375,4648,21375,4648,0.0,0,0,CleanAir,0.0,2026-09-18 23:58:04
186,2.66738,0.57812,21339,4625,21339,4625,0.0,0,0,CleanAir,0.0,2026-09-18 23:58:04
187,2.66488,0.58013,21319,4641,21319,4641,0.0,0,0,CleanAir,0.0,2026-09-18 23:58:05
188,2.64775,0.582,21182,4656,21182,4656,0.0,0,0,CleanAir,0.0,2026-09-18 23:58:05
189,2.63563,0.579,21085,4632,21085,4632,0.0,0,0,CleanAir,0.0,2026-09-18 23:58:06
190,2.65875,0.57825,21270,4626,21270,4626,0.0,0,0,CleanAir,0.0,2026-09-18 23:58:06
191,2.63175,0.5775,21054,4620,21054,4620,0.0,0,0,CleanAir,0.0,2026-09-18 23:58:06
192,2.654,0.57888,21232,4631,21232,4631,0.0,0,0,CleanAir,0.0,2026-09-18 23:58:07
193,2.62863,0.57875,21029,4630,21029,4630,0.0,0,0,CleanAir,0.0,2026-09-18 23:58:07
194,2.65088,0.57738,21207,4619,21207,4619,0.0,0,0,CleanAir,0.0,2026-09-18 23:58:08
195,2.646,0.58113,21168,4649,21168,4649,0.0,0,0,CleanAir,0.0,2026-09-18 23:58:08
196,2.64763,0.57713,21181,4617,21181,4617,0.0,0,0,CleanAir,0.0,2026-09-18 23:58:08
197,2.64613,0.58,21169,4640,21169,4640,0.0,0,0,CleanAir,0.0,2026-09-18 23:58:09
198,2.642,0.58075,21136,4646,21136,4646,0.0,0,0,CleanAir,0.0,2026-09-18 23:58:10
199,2.64075,0.5785,21126,4628,21126,4628,0.0,0,0,CleanAir,0.0,2026-09-18 23:58:10
200,2.63913,0.58025,21113,4642,21113,4642,0.0,0,0,CleanAir,0.0,2026-09-18 23:58:10
201,2.63825,0.58213,21106,4657,21106,4657,0.0,0,0,CleanAir,0.0,2026-09-18 23:58:11
202,2.63638,0.582,21091,4656,21091,4656,0.0,0,0,CleanAir,0.0,2026-09-18 23:58:11
203,2.61163,0.58225,20893,4658,20893,4658,0.0,0,0,CleanAir,0.0,2026-09-18 23:58:12
204,2.63475,0.57825,21078,4626,21078,4626,0.0,0,0,CleanAir,0.0,2026-09-18 23:58:12
205,2.63325,0.58238,21066,4659,21066,4659,0.0,0,0,CleanAir,0.0,2026-09-18 23:58:12
206,2.61875,0.58138,20950,4651,20950,4651,0.0,0,0,CleanAir,0.0,2026-09-18 23:58:13
207,2.62738,0.58088,21019,4647,21019,4647,0.0,0,0,CleanAir,0.0,2026-09-18 23:58:13
208,2.60613,0.57938,20849,4635,20849,4635,0.0,0,0,CleanAir,0.0,2026-09-18 23:58:14
209,2.62938,0.582,21035,4656,21035,4656,0.0,0,0,CleanAir,0.0,2026-09-18 23:58:14
210,2.60813,0.57938,20865,4635,20865,4635,0.0,0,0,CleanAir,0.0,2026-09-18 23:58:14
211,2.627,0.5815,21016,4652,21016,4652,0.0,0,0,CleanAir,0.0,2026-09-18 23:58:15
212,2.60238,0.57875,20819,4630,20819,4630,0.0,0,0,CleanAir,0.0,2026-09-18 23:58:15
213,2.62563,0.5785,21005,4628,21005,4628,0.0,0,0,CleanAir,0.0,2026-09-18 23:58:16
214,2.60138,0.57825,20811,4626,20811,4626,0.0,0,0,CleanAir,0.0,2026-09-18 23:58:16
215,2.623,0.579,20984,4632,20984,4632,0.0,0,0,CleanAir,0.0,2026-09-18 23:58:17
216,2.6225,0.57738,20980,4619,20980,4619,0.0,0,0,CleanAir,0.0,2026-09-18 23:58:17
217,2.62113,0.5825,20969,4660,20969,4660,0.0,0,0,CleanAir,0.0,2026-09-18 23:58:18
218,2.59738,0.58213,20779,4657,20779,4657,0.0,0,0,CleanAir,0.0,2026-09-18 23:58:18
219,2.62113,0.57938,20969,4635,20969,4635,0.0,0,0,CleanAir,0.0,2026-09-18 23:58:19
220,2.60588,0.57675,20847,4614,20847,4614,0.0,0,0,CleanAir,0.0,2026-09-18 23:58:19
221,2.59588,0.57763,20767,4621,20767,4621,0.0,0,0,CleanAir,0.0,2026-09-18 23:58:19
222,2.61888,0.58263,20951,4661,20951,4661,0.0,0,0,CleanAir,0.0,2026-09-18 23:58:20
223,2.59463,0.5775,20757,4620,20757,4620,0.0,0,0,CleanAir,0.0,2026-09-18 23:58:21
224,2.60438,0.58275,20835,4662,20835,4662,0.0,0,0,CleanAir,0.0,2026-09-18 23:58:21
225,2.61613,0.57963,20929,4637,20929,4637,0.0,0,0,CleanAir,0.0,2026-09-18 23:58:21
226,2.59225,0.58013,20738,4641,20738,4641,0.0,0,0,CleanAir,0.0,2026-09-18 23:58:22
227,2.60125,0.577,20810,4616,20810,4616,0.0,0,0,CleanAir,0.0,2026-09-18 23:58:22
228,2.59313,0.58188,20745,4655,20745,4655,0.0,0,0,CleanAir,0.0,2026-09-18 23:58:22
229,2.59063,0.58163,20725,4653,20725,4653,0.0,0,0,CleanAir,0.0,2026-09-18 23:58:23
230,2.5905,0.58138,20724,4651,20724,4651,0.0,0,0,CleanAir,0.0,2026-09-18 23:58:23
231,2.613,0.58175,20904,4654,20904,4654,0.0,0,0,CleanAir,0.0,2026-09-18 23:58:24
232,2.61288,0.5825,20903,4660,20903,4660,0.0,0,0,CleanAir,0.0,2026-09-18 23:58:24
233,2.6125,0.5825,20900,4660,20900,4660,0.0,0,0,CleanAir,0.0,2026-09-18 23:58:24
234,2.6135,0.578,20908,4624,20908,4624,0.0,0,0,CleanAir,0.0,2026-09-18 23:58:25
235,2.58975,0.57913,20718,4633,20718,4633,0.0,0,0,CleanAir,0.0,2026-09-18 23:58:25
236,2.6125,0.58163,20900,4653,20900,4653,0.0,0,0,CleanAir,0.0,2026-09-18 23:58:26
237,2.5905,0.58113,20724,4649,20724,4649,0.0,0,0,CleanAir,0.0,2026-09-18 23:58:26
238,2.61175,0.57825,20894,4626,20894,4626,0.0,0,0,CleanAir,0.0,2026-09-18 23:58:26
239,2.58813,0.57875,20705,4630,20705,4630,0.0,0,0,CleanAir,0.0,2026-09-18 23:58:27
240,2.61025,0.57925,20882,4634,20882,4634,0.0,0,0,CleanAir,0.0,2026-09-18 23:58:27
241,2.58763,0.58138,20701,4651,20701,4651,0.0,0,0,CleanAir,0.0,2026-09-18 23:58:28
242,2.61013,0.58263,20881,4661,20881,4661,0.0,0,0,CleanAir,0.0,2026-09-18 23:58:28
243,2.61,0.581,20880,4648,20880,4648,0.0,0,0,CleanAir,0.0,2026-09-18 23:58:28
244,2.60975,0.57788,20878,4623,20878,4623,0.0,0,0,CleanAir,0.0,2026-09-18 23:58:29
245,2.61013,0.5795,20881,4636,20881,4636,0.0,0,0,CleanAir,0.0,2026-09-18 23:58:29
246,2.60913,0.58188,20873,4655,20873,4655,0.0,0,0,CleanAir,0.0,2026-09-18 23:58:30
247,2.58463,0.58238,20677,4659,20677,4659,0.0,0,0,CleanAir,0.0,2026-09-18 23:58:30
248,2.6085,0.58275,20868,4662,20868,4662,0.0,0,0,CleanAir,0.0,2026-09-18 23:58:31
249,2.60713,0.57788,20857,4623,20857,4623,0.0,0,0,CleanAir,0.0,2026-09-18 23:58:31
0,2.47663,0.58125,19813,4650,19813,4650,3.3,255,0,CleanAir,0.0,2026-09-18 23:58:31
1,2.49763,0.58213,19981,4657,19981,4657,3.3,255,0,CleanAir,0.0,2026-09-18 23:58:32
2,2.5355,0.58588,20284,4687,20284,4687,3.3,255,0,CleanAir,0.0,2026-09-18 23:58:32
3,2.56563,0.58213,20525,4657,20525,4657,3.3,255,0,CleanAir,0.0,2026-09-18 23:58:32
4,2.57588,0.58313,20607,4665,20607,4665,3.3,255,0,CleanAir,0.0,2026-09-18 23:58:33
5,2.6285,0.58325,21028,4666,21028,4666,3.3,255,0,CleanAir,0.0,2026-09-18 23:58:33
6,2.63,0.58413,21040,4673,21040,4673,3.3,255,0,CleanAir,0.0,2026-09-18 23:58:34
7,2.67475,0.5825,21398,4660,21398,4660,3.3,255,0,CleanAir,0.0,2026-09-18 23:58:34
8,2.68438,0.58425,21475,4674,21475,4674,3.3,255,0,CleanAir,0.0,2026-09-18 23:58:34
9,2.73125,0.58488,21850,4679,21850,4679,3.3,255,0,CleanAir,0.0,2026-09-18 23:58:35
10,2.72863,0.58563,21829,4685,21829,4685,3.3,255,0,CleanAir,0.0,2026-09-18 23:58:35
11,2.77838,0.58588,22227,4687,22227,4687,3.3,255,0,CleanAir,0.0,2026-09-18 23:58:36
12,2.8,0.58413,22400,4673,22400,4673,3.3,255,0,CleanAir,0.0,2026-09-18 23:58:36
13,2.80488,0.58263,22439,4661,22439,4661,3.3,255,0,CleanAir,0.0,2026-09-18 23:58:36
14,2.83788,0.58275,22703,4662,22703,4662,3.3,255,0,CleanAir,0.0,2026-09-18 23:58:37
15,2.82725,0.586,22618,4688,22618,4688,3.3,255,0,CleanAir,0.0,2026-09-18 23:58:37
16,2.87125,0.58725,22970,4698,22970,4698,3.3,255,0,CleanAir,0.0,2026-09-18 23:58:37
17,2.86988,0.58313,22959,4665,22959,4665,3.3,255,0,CleanAir,0.0,2026-09-18 23:58:38
18,2.89975,0.58338,23198,4667,23198,4667,3.3,255,0,CleanAir,0.0,2026-09-18 23:58:38
19,2.89863,0.5835,23189,4668,23189,4668,3.3,255,0,CleanAir,0.0,2026-09-18 23:58:39
20,2.92575,0.583,23406,4664,23406,4664,3.3,255,0,CleanAir,0.0,2026-09-18 23:58:39
21,2.94088,0.58563,23527,4685,23527,4685,3.3,255,0,CleanAir,0.0,2026-09-18 23:58:39
22,2.96138,0.58325,23691,4666,23691,4666,3.3,255,0,CleanAir,0.0,2026-09-18 23:58:40
23,2.97138,0.5835,23771,4668,23771,4668,3.3,255,0,CleanAir,0.0,2026-09-18 23:58:40
24,2.95613,0.582,23649,4656,23649,4656,3.3,255,0,CleanAir,0.0,2026-09-18 23:58:41
25,2.96463,0.58275,23717,4662,23717,4662,3.3,255,0,CleanAir,0.0,2026-09-18 23:58:41
26,2.97375,0.58475,23790,4678,23790,4678,3.3,255,0,CleanAir,0.0,2026-09-18 23:58:42
27,3.0095,0.58313,24076,4665,24076,4665,3.3,255,0,CleanAir,0.0,2026-09-18 23:58:42
28,3.01463,0.58663,24117,4693,24117,4693,3.3,255,0,CleanAir,0.0,2026-09-18 23:58:43
29,3.03025,0.58413,24242,4673,24242,4673,3.3,255,0,CleanAir,0.0,2026-09-18 23:58:43
30,3.00913,0.5845,24073,4676,24073,4676,3.3,255,0,CleanAir,0.0,2026-09-18 23:58:43
31,3.04325,0.5875,24346,4700,24346,4700,3.3,255,0,CleanAir,0.0,2026-09-18 23:58:44
32,3.05213,0.58388,24417,4671,24417,4671,3.3,255,0,CleanAir,0.0,2026-09-18 23:58:44
33,3.05788,0.58738,24463,4699,24463,4699,3.3,255,0,CleanAir,0.0,2026-09-18 23:58:45
34,3.03588,0.58213,24287,4657,24287,4657,3.3,255,0,CleanAir,0.0,2026-09-18 23:58:45
35,3.07,0.58663,24560,4693,24560,4693,3.3,255,0,CleanAir,0.0,2026-09-18 23:58:46
36,3.07375,0.58563,24590,4685,24590,4685,3.3,255,0,CleanAir,0.0,2026-09-18 23:58:46
37,3.07813,0.58263,24625,4661,24625,4661,3.3,255,0,CleanAir,0.0,2026-09-18 23:58:46
38,3.08438,0.58275,24675,4662,24675,4662,3.3,255,0,CleanAir,0.0,2026-09-18 23:58:47
39,3.08938,0.58288,24715,4663,24715,4663,3.3,255,0,CleanAir,0.0,2026-09-18 23:58:47
40,3.06438,0.58375,24515,4670,24515,4670,3.3,255,0,CleanAir,0.0,2026-09-18 23:58:47
41,3.09788,0.58675,24783,4694,24783,4694,3.3,255,0,CleanAir,0.0,2026-09-18 23:58:48
42,3.10188,0.58375,24815,4670,24815,4670,3.3,255,0,CleanAir,0.0,2026-09-18 23:58:48
43,3.10138,0.5845,24811,4676,24811,4676,3.3,255,0,CleanAir,0.0,2026-09-18 23:58:49
44,3.10725,0.58625,24858,4690,24858,4690,3.3,255,0,CleanAir,0.0,2026-09-18 23:58:49
45,3.08238,0.58388,24659,4671,24659,4671,3.3,255,0,CleanAir,0.0,2026-09-18 23:58:49
46,3.08575,0.585,24686,4680,24686,4680,3.3,255,0,CleanAir,0.0,2026-09-18 23:58:50
47,3.11763,0.58363,24941,4669,24941,4669,3.3,255,0,CleanAir,0.0,2026-09-18 23:58:50
48,3.1195,0.58775,24956,4702,24956,4702,3.3,255,0,CleanAir,0.0,2026-09-18 23:58:51
49,3.11713,0.5825,24937,4660,24937,4660,3.3,255,0,CleanAir,0.0,2026-09-18 23:58:51
50,3.12275,0.585,24982,4680,24982,4680,3.3,255,0,CleanAir,0.0,2026-09-18 23:58:51
51,3.09663,0.58513,24773,4681,24773,4681,3.3,255,0,CleanAir,0.0,2026-09-18 23:58:52
52,3.12763,0.5835,25021,4668,25021,4668,3.3,255,0,CleanAir,0.0,2026-09-18 23:58:52
53,3.12613,0.5845,25009,4676,25009,4676,3.3,255,0,CleanAir,0.0,2026-09-18 23:58:53
54,3.10225,0.58738,24818,4699,24818,4699,3.3,255,0,CleanAir,0.0,2026-09-18 23:58:53
55,3.13463,0.587,25077,4696,25077,4696,3.3,255,0,CleanAir,0.0,2026-09-18 23:58:53
56,3.11363,0.58763,24909,4701,24909,4701,3.3,255,0,CleanAir,0.0,2026-09-18 23:58:54
57,3.10888,0.58625,24871,4690,24871,4690,3.3,255,0,CleanAir,0.0,2026-09-18 23:58:54
58,3.1135,0.58338,24908,4667,24908,4667,3.3,255,0,CleanAir,0.0,2026-09-18 23:58:55
59,3.14375,0.58238,25150,4659,25150,4659,3.3,255,0,CleanAir,0.0,2026-09-18 23:58:55
60,3.11875,0.587,24950,4696,24950,4696,3.3,255,0,CleanAir,0.0,2026-09-18 23:58:56
61,3.14688,0.5865,25175,4692,25175,4692,3.3,255,0,CleanAir,0.0,2026-09-18 23:58:56
62,3.14813,0.58425,25185,4674,25185,4674,3.3,255,0,CleanAir,0.0,2026-09-18 23:58:57
63,3.14325,0.5875,25146,4700,25146,4700,3.3,255,0,CleanAir,0.0,2026-09-18 23:58:57
64,3.15088,0.58425,25207,4674,25207,4674,3.3,255,0,CleanAir,0.0,2026-09-18 23:58:58
65,3.12275,0.58688,24982,4695,24982,4695,3.3,255,0,CleanAir,0.0,2026-09-18 23:58:58
66,3.15263,0.58575,25221,4686,25221,4686,3.3,255,0,CleanAir,0.0,2026-09-18 23:58:58
67,3.1245,0.58388,24996,4671,24996,4671,3.3,255,0,CleanAir,0.0,2026-09-18 23:58:59
68,3.155,0.58213,25240,4657,25240,4657,3.3,255,0,CleanAir,0.0,2026-09-18 23:58:59
69,3.15375,0.58363,25230,4669,25230,4669,3.3,255,0,CleanAir,0.0,2026-09-18 23:59:00
70,3.1565,0.584,25252,4672,25252,4672,3.3,255,0,CleanAir,0.0,2026-09-18 23:59:00
71,3.15788,0.5875,25263,4700,25263,4700,3.3,255,0,CleanAir,0.0,2026-09-18 23:59:00
72,3.14863,0.587,25189,4696,25189,4696,3.3,255,0,CleanAir,0.0,2026-09-18 23:59:01
73,3.1575,0.58463,25260,4677,25260,4677,3.3,255,0,CleanAir,0.0,2026-09-18 23:59:01
74,3.15525,0.58388,25242,4671,25242,4671,3.3,255,0,CleanAir,0.0,2026-09-18 23:59:02
75,3.156,0.584,25248,4672,25248,4672,3.3,255,0,CleanAir,0.0,2026-09-18 23:59:02
76,3.15125,0.58688,25210,4695,25210,4695,3.3,255,0,CleanAir,0.0,2026-09-18 23:59:02
77,3.155,0.58363,25240,4669,25240,4669,3.3,255,0,CleanAir,0.0,2026-09-18 23:59:03
78,3.12588,0.587,25007,4696,25007,4696,3.3,255,0,CleanAir,0.0,2026-09-18 23:59:03
79,3.15613,0.58637,25249,4691,25249,4691,3.3,255,0,CleanAir,0.0,2026-09-18 23:59:04
80,3.15713,0.58363,25257,4669,25257,4669,3.3,255,0,CleanAir,0.0,2026-09-18 23:59:04
81,3.1425,0.58725,25140,4698,25140,4698,3.3,255,0,CleanAir,0.0,2026-09-18 23:59:05
82,3.158,0.58463,25264,4677,25264,4677,3.3,255,0,CleanAir,0.0,2026-09-18 23:59:05
83,3.15775,0.58288,25262,4663,25262,4663,3.3,255,0,CleanAir,0.0,2026-09-18 23:59:05
84,3.13013,0.5835,25041,4668,25041,4668,3.3,255,0,CleanAir,0.0,2026-09-18 23:59:06
85,3.15913,0.58388,25273,4671,25273,4671,3.3,255,0,CleanAir,0.0,2026-09-18 23:59:06
86,3.15963,0.58363,25277,4669,25277,4669,3.3,255,0,CleanAir,0.0,2026-09-18 23:59:06
87,3.15625,0.58438,25250,4675,25250,4675,3.3,255,0,CleanAir,0.0,2026-09-18 23:59:07
88,3.15975,0.58463,25278,4677,25278,4677,3.3,255,0,CleanAir,0.0,2026-09-18 23:59:07
89,3.15988,0.58325,25279,4666,25279,4666,3.3,255,0,CleanAir,0.0,2026-09-18 23:59:08
90,3.16063,0.58388,25285,4671,25285,4671,3.3,255,0,CleanAir,0.0,2026-09-18 23:59:08
91,3.131,0.58375,25048,4670,25048,4670,3.3,255,0,CleanAir,0.0,2026-09-18 23:59:08
92,3.162,0.58713,25296,4697,25296,4697,3.3,255,0,CleanAir,0.0,2026-09-18 23:59:09
93,3.16263,0.5875,25301,4700,25301,4700,3.3,255,0,CleanAir,0.0,2026-09-18 23:59:09
94,3.163,0.58375,25304,4670,25304,4670,3.3,255,0,CleanAir,0.0,2026-09-18 23:59:10
95,3.16163,0.58263,25293,4661,25293,4661,3.3,255,0,CleanAir,0.0,2026-09-18 23:59:10
96,3.16238,0.58738,25299,4699,25299,4699,3.3,255,0,CleanAir,0.0,2026-09-18 23:59:11
97,3.13363,0.5855,25069,4684,25069,4684,3.3,255,0,CleanAir,0.0,2026-09-18 23:59:11
98,3.162,0.58788,25296,4703,25296,4703,3.3,255,0,CleanAir,0.0,2026-09-18 23:59:12
99,3.1335,0.5865,25068,4692,25068,4692,3.3,255,0,CleanAir,0.0,2026-09-18 23:59:12
100,3.16275,0.58738,25302,4699,25302,4699,3.3,255,0,CleanAir,0.0,2026-09-18 23:59:12
101,3.16025,0.5835,25282,4668,25282,4668,3.3,255,0,CleanAir,0.0,2026-09-18 23:59:13
102,3.16375,0.58325,25310,4666,25310,4666,3.3,255,0,CleanAir,0.0,2026-09-18 23:59:13
103,3.154,0.58463,25232,4677,25232,4677,3.3,255,0,CleanAir,0.0,2026-09-18 23:59:14
104,3.164,0.58788,25312,4703,25312,4703,3.3,255,0,CleanAir,0.0,2026-09-18 23:59:14
105,3.165,0.58738,25320,4699,25320,4699,3.3,255,0,CleanAir,0.0,2026-09-18 23:59:14
106,3.1355,0.5865,25084,4692,25084,4692,3.3,255,0,CleanAir,0.0,2026-09-18 23:59:15
107,3.16475,0.58688,25318,4695,25318,4695,3.3,255,0,CleanAir,0.0,2026-09-18 23:59:15
108,3.13563,0.58238,25085,4659,25085,4659,3.3,255,0,CleanAir,0.0,2026-09-18 23:59:16
109,3.16588,0.58413,25327,4673,25327,4673,3.3,255,0,CleanAir,0.0,2026-09-18 23:59:16
110,3.16438,0.5865,25315,4692,25315,4692,3.3,255,0,CleanAir,0.0,2026-09-18 23:59:16
111,3.15375,0.58413,25230,4673,25230,4673,3.3,255,0,CleanAir,0.0,2026-09-18 23:59:17
112,3.1665,0.5845,25332,4676,25332,4676,3.3,255,0,CleanAir,0.0,2026-09-18 23:59:17
113,3.16725,0.58538,25338,4683,25338,4683,3.3,255,0,CleanAir,0.0,2026-09-18 23:59:17
114,3.16575,0.58463,25326,4677,25326,4677,3.3,255,0,CleanAir,0.0,2026-09-18 23:59:18
115,3.13788,0.58563,25103,4685,25103,4685,3.3,255,0,CleanAir,0.0,2026-09-18 23:59:18
116,3.168,0.5835,25344,4668,25344,4668,3.3,255,0,CleanAir,0.0,2026-09-18 23:59:19
117,3.1675,0.58788,25340,4703,25340,4703,3.3,255,0,CleanAir,0.0,2026-09-18 23:59:19
118,3.16088,0.58563,25287,4685,25287,4685,3.3,255,0,CleanAir,0.0,2026-09-18 23:59:20
119,3.168,0.5865,25344,4692,25344,4692,3.3,255,0,CleanAir,0.0,2026-09-18 23:59:20
120,3.16863,0.58413,25349,4673,25349,4673,3.3,255,0,CleanAir,0.0,2026-09-18 23:59:20
121,3.06713,0.58413,24537,4673,24537,4673,3.3,255,0,CleanAir,0.0,2026-09-18 23:59:21
122,3.168,0.58763,25344,4701,25344,4701,3.3,255,0,CleanAir,0.0,2026-09-18 23:59:21
123,3.05938,0.58463,24475,4677,24475,4677,3.3,255,0,CleanAir,0.0,2026-09-18 23:59:22
124,3.16875,0.58775,25350,4702,25350,4702,3.3,255,0,CleanAir,0.0,2026-09-18 23:59:22
125,3.3575,0.57975,26860,4638,26860,4638,0.0,0,0,CleanAir,0.0,2026-09-18 23:59:22
126,3.35375,0.5835,26830,4668,26830,4668,0.0,0,0,CleanAir,0.0,2026-09-18 23:59:23
127,3.31413,0.58388,26513,4671,26513,4671,0.0,0,0,CleanAir,0.0,2026-09-18 23:59:23
128,3.29463,0.57863,26357,4629,26357,4629,0.0,0,0,CleanAir,0.0,2026-09-18 23:59:24
129,3.26125,0.5815,26090,4652,26090,4652,0.0,0,0,CleanAir,0.0,2026-09-18 23:59:24
130,3.25975,0.57938,26078,4635,26078,4635,0.0,0,0,CleanAir,0.0,2026-09-18 23:59:24
131,3.232,0.58225,25856,4658,25856,4658,0.0,0,0,CleanAir,0.0,2026-09-18 23:59:25
132,3.204,0.58013,25632,4641,25632,4641,0.0,0,0,CleanAir,0.0,2026-09-18 23:59:25
133,3.15688,0.57988,25255,4639,25255,4639,0.0,0,0,CleanAir,0.0,2026-09-18 23:59:26
134,3.1625,0.58313,25300,4665,25300,4665,0.0,0,0,CleanAir,0.0,2026-09-18 23:59:26
135,3.1365,0.58388,25092,4671,25092,4671,0.0,0,0,CleanAir,0.0,2026-09-18 23:59:26
136,3.09038,0.58388,24723,4671,24723,4671,0.0,0,0,CleanAir,0.0,2026-09-18 23:59:27
137,3.10225,0.58388,24818,4671,24818,4671,0.0,0,0,CleanAir,0.0,2026-09-18 23:59:27
138,3.07788,0.57913,24623,4633,24623,4633,0.0,0,0,CleanAir,0.0,2026-09-18 23:59:28
139,3.04475,0.58375,24358,4670,24358,4670,0.0,0,0,CleanAir,0.0,2026-09-18 23:59:28
140,3.02588,0.58013,24207,4641,24207,4641,0.0,0,0,CleanAir,0.0,2026-09-18 23:59:29
141,3.00988,0.584,24079,4672,24079,4672,0.0,0,0,CleanAir,0.0,2026-09-18 23:59:29
142,2.99313,0.58013,23945,4641,23945,4641,0.0,0,0,CleanAir,0.0,2026-09-18 23:59:30
143,2.96963,0.583,23757,4664,23757,4664,0.0,0,0,CleanAir,0.0,2026-09-18 23:59:30
144,2.94925,0.58013,23594,4641,23594,4641,0.0,0,0,CleanAir,0.0,2026-09-18 23:59:31
145,2.93725,0.583,23498,4664,23498,4664,0.0,0,0,CleanAir,0.0,2026-09-18 23:59:31
146,2.92325,0.57963,23386,4637,23386,4637,0.0,0,0,CleanAir,0.0,2026-09-18 23:59:32
147,2.877,0.57825,23016,4626,23016,4626,0.0,0,0,CleanAir,0.0,2026-09-18 23:59:32
148,2.89225,0.58038,23138,4643,23138,4643,0.0,0,0,CleanAir,0.0,2026-09-18 23:59:33
149,2.87675,0.5835,23014,4668,23014,4668,0.0,0,0,CleanAir,0.0,2026-09-18 23:59:33
150,2.86,0.58363,22880,4669,22880,4669,0.0,0,0,CleanAir,0.0,2026-09-18 23:59:34
151,2.82538,0.583,22603,4664,22603,4664,0.0,0,0,CleanAir,0.0,2026-09-18 23:59:34
152,2.8415,0.58113,22732,4649,22732,4649,0.0,0,0,CleanAir,0.0,2026-09-18 23:59:35
153,2.80825,0.579,22466,4632,22466,4632,0.0,0,0,CleanAir,0.0,2026-09-18 23:59:35
154,2.82588,0.57925,22607,4634,22607,4634,0.0,0,0,CleanAir,0.0,2026-09-18 23:59:35
155,2.81738,0.58188,22539,4655,22539,4655,0.0,0,0,CleanAir,0.0,2026-09-18 23:59:36
156,2.80775,0.57975,22462,4638,22462,4638,0.0,0,0,CleanAir,0.0,2026-09-18 23:59:36
157,2.80113,0.5795,22409,4636,22409,4636,0.0,0,0,CleanAir,0.0,2026-09-18 23:59:36
158,2.7695,0.58013,22156,4641,22156,4641,0.0,0,0,CleanAir,0.0,2026-09-18 23:59:37
159,2.75938,0.57825,22075,4626,22075,4626,0.0,0,0,CleanAir,0.0,2026-09-18 23:59:37
160,2.75225,0.581,22018,4648,22018,4648,0.0,0,0,CleanAir,0.0,2026-09-18 23:59:38
161,2.76763,0.58275,22141,4662,22141,4662,0.0,0,0,CleanAir,0.0,2026-09-18 23:59:38
162,2.75788,0.58288,22063,4663,22063,4663,0.0,0,0,CleanAir,0.0,2026-09-18 23:59:38
163,2.72838,0.58225,21827,4658,21827,4658,0.0,0,0,CleanAir,0.0,2026-09-18 23:59:39
164,2.74463,0.579,21957,4632,21957,4632,0.0,0,0,CleanAir,0.0,2026-09-18 23:59:39
165,2.71238,0.58075,21699,4646,21699,4646,0.0,0,0,CleanAir,0.0,2026-09-18 23:59:40
166,2.70463,0.58325,21637,4666,21637,4666,0.0,0,0,CleanAir,0.0,2026-09-18 23:59:40
167,2.7185,0.57863,21748,4629,21748,4629,0.0,0,0,CleanAir,0.0,2026-09-18 23:59:41
168,2.69388,0.58313,21551,4665,21551,4665,0.0,0,0,CleanAir,0.0,2026-09-18 23:59:41
169,2.71438,0.58363,21715,4669,21715,4669,0.0,0,0,CleanAir,0.0,2026-09-18 23:59:42
170,2.7105,0.5825,21684,4660,21684,4660,0.0,0,0,CleanAir,0.0,2026-09-18 23:59:42
171,2.707,0.57975,21656,4638,21656,4638,0.0,0,0,CleanAir,0.0,2026-09-18 23:59:42
172,2.62738,0.57825,21019,4626,21019,4626,0.0,0,0,CleanAir,0.0,2026-09-18 23:59:43
173,2.69688,0.58075,21575,4646,21575,4646,0.0,0,0,CleanAir,0.0,2026-09-18 23:59:43
174,2.668,0.58188,21344,4655,21344,4655,0.0,0,0,CleanAir,0.0,2026-09-18 23:59:44
175,2.6645,0.583,21316,4664,21316,4664,0.0,0,0,CleanAir,0.0,2026-09-18 23:59:44
176,2.68475,0.58175,21478,4654,21478,4654,0.0,0,0,CleanAir,0.0,2026-09-18 23:59:44
177,2.68063,0.58388,21445,4671,21445,4671,0.0,0,0,CleanAir,0.0,2026-09-18 23:59:45
178,2.65388,0.5795,21231,4636,21231,4636,0.0,0,0,CleanAir,0.0,2026-09-18 23:59:45
179,2.66463,0.57875,21317,4630,21317,4630,0.0,0,0,CleanAir,0.0,2026-09-18 23:59:46
180,2.64825,0.5795,21186,4636,21186,4636,0.0,0,0,CleanAir,0.0,2026-09-18 23:59:46
181,2.64338,0.57925,21147,4634,21147,4634,0.0,0,0,CleanAir,0.0,2026-09-18 23:59:46
182,2.66513,0.57925,21321,4634,21321,4634,0.0,0,0,CleanAir,0.0,2026-09-18 23:59:47
183,2.638,0.5795,21104,4636,21104,4636,0.0,0,0,CleanAir,0.0,2026-09-18 23:59:47
184,2.634,0.58275,21072,4662,21072,4662,0.0,0,0,CleanAir,0.0,2026-09-18 23:59:48
185,2.65413,0.58338,21233,4667,21233,4667,0.0,0,0,CleanAir,0.0,2026-09-18 23:59:48
186,2.65088,0.57913,21207,4633,21207,4633,0.0,0,0,CleanAir,0.0,2026-09-18 23:59:49
187,2.62438,0.58213,20995,4657,20995,4657,0.0,0,0,CleanAir,0.0,2026-09-18 23:59:50
188,2.64613,0.57863,21169,4629,21169,4629,0.0,0,0,CleanAir,0.0,2026-09-18 23:59:50
189,2.61863,0.58388,20949,4671,20949,4671,0.0,0,0,CleanAir,0.0,2026-09-18 23:59:50
190,2.64138,0.58325,21131,4666,21131,4666,0.0,0,0,CleanAir,0.0,2026-09-18 23:59:51
191,2.6165,0.58063,20932,4645,20932,4645,0.0,0,0,CleanAir,0.0,2026-09-18 23:59:51
192,2.63838,0.58,21107,4640,21107,4640,0.0,0,0,CleanAir,0.0,2026-09-18 23:59:51
193,2.63125,0.58063,21050,4645,21050,4645,0.0,0,0,CleanAir,0.0,2026-09-18 23:59:52
194,2.63538,0.581,21083,4648,21083,4648,0.0,0,0,CleanAir,0.0,2026-09-18 23:59:52
195,2.61013,0.57913,20881,4633,20881,4633,0.0,0,0,CleanAir,0.0,2026-09-18 23:59:53
196,2.6325,0.58288,21060,4663,21060,4663,0.0,0,0,CleanAir,0.0,2026-09-18 23:59:53
197,2.63125,0.57913,21050,4633,21050,4633,0.0,0,0,CleanAir,0.0,2026-09-18 23:59:53
198,2.62925,0.58275,21034,4662,21034,4662,0.0,0,0,CleanAir,0.0,2026-09-18 23:59:54
199,2.6115,0.57975,20892,4638,20892,4638,0.0,0,0,CleanAir,0.0,2026-09-18 23:59:54
200,2.6275,0.57913,21020,4633,21020,4633,0.0,0,0,CleanAir,0.0,2026-09-18 23:59:55
201,2.62575,0.5785,21006,4628,21006,4628,0.0,0,0,CleanAir,0.0,2026-09-18 23:59:55
202,2.59988,0.58113,20799,4649,20799,4649,0.0,0,0,CleanAir,0.0,2026-09-18 23:59:56
203,2.623,0.57938,20984,4635,20984,4635,0.0,0,0,CleanAir,0.0,2026-09-18 23:59:56
204,2.59775,0.58313,20782,4665,20782,4665,0.0,0,0,CleanAir,0.0,2026-09-18 23:59:57
205,2.60888,0.58225,20871,4658,20871,4658,0.0,0,0,CleanAir,0.0,2026-09-18 23:59:57
206,2.61925,0.58338,20954,4667,20954,4667,0.0,0,0,CleanAir,0.0,2026-09-18 23:59:57
207,2.59575,0.579,20766,4632,20766,4632,0.0,0,0,CleanAir,0.0,2026-09-18 23:59:58
208,2.61825,0.583,20946,4664,20946,4664,0.0,0,0,CleanAir,0.0,2026-09-18 23:59:58
209,2.61813,0.58263,20945,4661,20945,4661,0.0,0,0,CleanAir,0.0,2026-09-18 23:59:58
210,2.59313,0.5835,20745,4668,20745,4668,0.0,0,0,CleanAir,0.0,2026-09-18 23:59:59
211,2.61675,0.57963,20934,4637,20934,4637,0.0,0,0,CleanAir,0.0,2026-09-18 23:59:59
212,2.59938,0.57975,20795,4638,20795,4638,0.0,0,0,CleanAir,0.0,2026-09-18 23:59:59
213,2.61338,0.58075,20907,4646,20907,4646,0.0,0,0,CleanAir,0.0,2026-09-19 00:00:00
214,2.58925,0.57888,20714,4631,20714,4631,0.0,0,0,CleanAir,0.0,2026-09-19 00:00:00
215,2.61313,0.5795,20905,4636,20905,4636,0.0,0,0,CleanAir,0.0,2026-09-19 00:00:01
216,2.61113,0.5825,20889,4660,20889,4660,0.0,0,0,CleanAir,0.0,2026-09-19 00:00:01
217,2.61063,0.5815,20885,4652,20885,4652,0.0,0,0,CleanAir,0.0,2026-09-19 00:00:02
218,2.61038,0.58375,20883,4670,20883,4670,0.0,0,0,CleanAir,0.0,2026-09-19 00:00:02
219,2.59475,0.58038,20758,4643,20758,4643,0.0,0,0,CleanAir,0.0,2026-09-19 00:00:02
220,2.60938,0.581,20875,4648,20875,4648,0.0,0,0,CleanAir,0.0,2026-09-19 00:00:03
221,2.512,0.58388,20096,4671,20096,4671,0.0,0,0,CleanAir,0.0,2026-09-19 00:00:03
222,2.6065,0.5835,20852,4668,20852,4668,0.0,0,0,CleanAir,0.0,2026-09-19 00:00:04
223,2.60625,0.57925,20850,4634,20850,4634,0.0,0,0,CleanAir,0.0,2026-09-19 00:00:04
224,2.60625,0.57963,20850,4637,20850,4637,0.0,0,0,CleanAir,0.0,2026-09-19 00:00:05
225,2.58288,0.58,20663,4640,20663,4640,0.0,0,0,CleanAir,0.0,2026-09-19 00:00:05
226,2.58113,0.5805,20649,4644,20649,4644,0.0,0,0,CleanAir,0.0,2026-09-19 00:00:05
227,2.60538,0.58063,20843,4645,20843,4645,0.0,0,0,CleanAir,0.0,2026-09-19 00:00:06
228,2.60363,0.5835,20829,4668,20829,4668,0.0,0,0,CleanAir,0.0,2026-09-19 00:00:06
229,2.604,0.5805,20832,4644,20832,4644,0.0,0,0,CleanAir,0.0,2026-09-19 00:00:07
230,2.58,0.5795,20640,4636,20640,4636,0.0,0,0,CleanAir,0.0,2026-09-19 00:00:08
231,2.6035,0.58025,20828,4642,20828,4642,0.0,0,0,CleanAir,0.0,2026-09-19 00:00:08
232,2.5965,0.57963,20772,4637,20772,4637,0.0,0,0,CleanAir,0.0,2026-09-19 00:00:08
233,2.60163,0.57838,20813,4627,20813,4627,0.0,0,0,CleanAir,0.0,2026-09-19 00:00:09
234,2.58238,0.57925,20659,4634,20659,4634,0.0,0,0,CleanAir,0.0,2026-09-19 00:00:09
235,2.60075,0.581,20806,4648,20806,4648,0.0,0,0,CleanAir,0.0,2026-09-19 00:00:10
236,2.59338,0.5805,20747,4644,20747,4644,0.0,0,0,CleanAir,0.0,2026-09-19 00:00:10
237,2.60038,0.58063,20803,4645,20803,4645,0.0,0,0,CleanAir,0.0,2026-09-19 00:00:10
238,2.5755,0.5785,20604,4628,20604,4628,0.0,0,0,CleanAir,0.0,2026-09-19 00:00:11
239,2.60038,0.57938,20803,4635,20803,4635,0.0,0,0,CleanAir,0.0,2026-09-19 00:00:11
240,2.57538,0.58325,20603,4666,20603,4666,0.0,0,0,CleanAir,0.0,2026-09-19 00:00:11
241,2.5975,0.581,20780,4648,20780,4648,0.0,0,0,CleanAir,0.0,2026-09-19 00:00:12
242,2.57638,0.58063,20611,4645,20611,4645,0.0,0,0,CleanAir,0.0,2026-09-19 00:00:12
243,2.57538,0.5785,20603,4628,20603,4628,0.0,0,0,CleanAir,0.0,2026-09-19 00:00:13
244,2.57338,0.58388,20587,4671,20587,4671,0.0,0,0,CleanAir,0.0,2026-09-19 00:00:13
245,2.57225,0.58363,20578,4669,20578,4669,0.0,0,0,CleanAir,0.0,2026-09-19 00:00:13
246,2.59713,0.58338,20777,4667,20777,4667,0.0,0,0,CleanAir,0.0,2026-09-19 00:00:14
247,2.572,0.58313,20576,4665,20576,4665,0.0,0,0,CleanAir,0.0,2026-09-19 00:00:14
248,2.5955,0.584,20764,4672,20764,4672,0.0,0,0,CleanAir,0.0,2026-09-19 00:00:15
249,2.56713,0.58313,20537,4665,20537,4665,0.0,0,0,CleanAir,0.0,2026-09-19 00:00:15
0,1.75313,0.58888,14025,4711,14025,4711,3.3,255,0,CleanAir,0.0,2026-09-19 00:00:15
1,2.23588,0.58838,17887,4707,17887,4707,3.3,255,0,CleanAir,0.0,2026-09-19 00:00:16
2,2.53525,0.5855,20282,4684,20282,4684,3.3,255,0,CleanAir,0.0,2026-09-19 00:00:16
3,2.55938,0.58538,20475,4683,20475,4683,3.3,255,0,CleanAir,0.0,2026-09-19 00:00:17
4,2.604,0.588,20832,4704,20832,4704,3.3,255,0,CleanAir,0.0,2026-09-19 00:00:17
5,2.609,0.58463,20872,4677,20872,4677,3.3,255,0,CleanAir,0.0,2026-09-19 00:00:17
6,2.65838,0.58513,21267,4681,21267,4681,3.3,255,0,CleanAir,0.0,2026-09-19 00:00:18
7,2.68313,0.58425,21465,4674,21465,4674,3.3,255,0,CleanAir,0.0,2026-09-19 00:00:18
8,2.69275,0.58425,21542,4674,21542,4674,3.3,255,0,CleanAir,0.0,2026-09-19 00:00:19
9,2.72613,0.58538,21809,4683,21809,4683,3.3,255,0,CleanAir,0.0,2026-09-19 00:00:19
10,2.77738,0.58838,22219,4707,22219,4707,3.3,255,0,CleanAir,0.0,2026-09-19 00:00:20
11,2.79625,0.5845,22370,4676,22370,4676,3.3,255,0,CleanAir,0.0,2026-09-19 00:00:20
12,2.78913,0.58825,22313,4706,22313,4706,3.3,255,0,CleanAir,0.0,2026-09-19 00:00:20
13,2.8325,0.5845,22660,4676,22660,4676,3.3,255,0,CleanAir,0.0,2026-09-19 00:00:21
14,2.82275,0.58788,22582,4703,22582,4703,3.3,255,0,CleanAir,0.0,2026-09-19 00:00:21
15,2.86938,0.58625,22955,4690,22955,4690,3.3,255,0,CleanAir,0.0,2026-09-19 00:00:22
16,2.8965,0.5855,23172,4684,23172,4684,3.3,255,0,CleanAir,0.0,2026-09-19 00:00:22
17,2.90988,0.58738,23279,4699,23279,4699,3.3,255,0,CleanAir,0.0,2026-09-19 00:00:23
18,2.89875,0.58763,23190,4701,23190,4701,3.3,255,0,CleanAir,0.0,2026-09-19 00:00:23
19,2.943,0.5845,23544,4676,23544,4676,3.3,255,0,CleanAir,0.0,2026-09-19 00:00:24
20,2.92838,0.588,23427,4704,23427,4704,3.3,255,0,CleanAir,0.0,2026-09-19 00:00:24
21,2.96913,0.5855,23753,4684,23753,4684,3.3,255,0,CleanAir,0.0,2026-09-19 00:00:25
22,2.97975,0.5845,23838,4676,23838,4676,3.3,255,0,CleanAir,0.0,2026-09-19 00:00:25
23,2.9885,0.5845,23908,4676,23908,4676,3.3,255,0,CleanAir,0.0,2026-09-19 00:00:25
24,3.00013,0.5845,24001,4676,24001,4676,3.3,255,0,CleanAir,0.0,2026-09-19 00:00:26
25,3.00888,0.58625,24071,4690,24071,4690,3.3,255,0,CleanAir,0.0,2026-09-19 00:00:26
26,2.98913,0.585,23913,4680,23913,4680,3.3,255,0,CleanAir,0.0,2026-09-19 00:00:27
27,3.0165,0.58463,24132,4677,24132,4677,3.3,255,0,CleanAir,0.0,2026-09-19 00:00:27
28,3.0335,0.5845,24268,4676,24268,4676,3.3,255,0,CleanAir,0.0,2026-09-19 00:00:27
29,3.03975,0.58763,24318,4701,24318,4701,3.3,255,0,CleanAir,0.0,2026-09-19 00:00:28
30,3.01863,0.58438,24149,4675,24149,4675,3.3,255,0,CleanAir,0.0,2026-09-19 00:00:28
31,3.05225,0.58613,24418,4689,24418,4689,3.3,255,0,CleanAir,0.0,2026-09-19 00:00:29
32,3.05888,0.58838,24471,4707,24471,4707,3.3,255,0,CleanAir,0.0,2026-09-19 00:00:29
33,3.06425,0.58438,24514,4675,24514,4675,3.3,255,0,CleanAir,0.0,2026-09-19 00:00:29
34,3.06888,0.58463,24551,4677,24551,4677,3.3,255,0,CleanAir,0.0,2026-09-19 00:00:30
35,3.074,0.5835,24592,4668,24592,4668,3.3,255,0,CleanAir,0.0,2026-09-19 00:00:30
36,3.08063,0.58688,24645,4695,24645,4695,3.3,255,0,CleanAir,0.0,2026-09-19 00:00:31
37,3.0845,0.58675,24676,4694,24676,4694,3.3,255,0,CleanAir,0.0,2026-09-19 00:00:31
38,3.062,0.58463,24496,4677,24496,4677,3.3,255,0,CleanAir,0.0,2026-09-19 00:00:31
39,3.09363,0.58825,24749,4706,24749,4706,3.3,255,0,CleanAir,0.0,2026-09-19 00:00:32
40,3.0985,0.58538,24788,4683,24788,4683,3.3,255,0,CleanAir,0.0,2026-09-19 00:00:32
41,3.07438,0.58725,24595,4698,24595,4698,3.3,255,0,CleanAir,0.0,2026-09-19 00:00:33
42,3.1045,0.58425,24836,4674,24836,4674,3.3,255,0,CleanAir,0.0,2026-09-19 00:00:33
43,3.107,0.5875,24856,4700,24856,4700,3.3,255,0,CleanAir,0.0,2026-09-19 00:00:33
44,3.11,0.58475,24880,4678,24880,4678,3.3,255,0,CleanAir,0.0,2026-09-19 00:00:34
45,3.1125,0.587,24900,4696,24900,4696,3.3,255,0,CleanAir,0.0,2026-09-19 00:00:34
46,3.11463,0.58725,24917,4698,24917,4698,3.3,255,0,CleanAir,0.0,2026-09-19 00:00:35
47,3.11638,0.58775,24931,4702,24931,4702,3.3,255,0,CleanAir,0.0,2026-09-19 00:00:35
48,3.11988,0.58488,24959,4679,24959,4679,3.3,255,0,CleanAir,0.0,2026-09-19 00:00:36
49,3.1235,0.58688,24988,4695,24988,4695,3.3,255,0,CleanAir,0.0,2026-09-19 00:00:36
50,3.12375,0.58663,24990,4693,24990,4693,3.3,255,0,CleanAir,0.0,2026-09-19 00:00:37
51,3.12975,0.58563,25038,4685,25038,4685,3.3,255,0,CleanAir,0.0,2026-09-19 00:00:38
52,3.1035,0.58538,24828,4683,24828,4683,3.3,255,0,CleanAir,0.0,2026-09-19 00:00:38
53,3.135,0.584,25080,4672,25080,4672,3.3,255,0,CleanAir,0.0,2026-09-19 00:00:39
54,3.13625,0.58825,25090,4706,25090,4706,3.3,255,0,CleanAir,0.0,2026-09-19 00:00:39
55,3.13788,0.58637,25103,4691,25103,4691,3.3,255,0,CleanAir,0.0,2026-09-19 00:00:40
56,3.11063,0.5875,24885,4700,24885,4700,3.3,255,0,CleanAir,0.0,2026-09-19 00:00:40
57,3.14025,0.58525,25122,4682,25122,4682,3.3,255,0,CleanAir,0.0,2026-09-19 00:00:41
58,3.14175,0.58563,25134,4685,25134,4685,3.3,255,0,CleanAir,0.0,2026-09-19 00:00:41
59,3.142,0.58875,25136,4710,25136,4710,3.3,255,0,CleanAir,0.0,2026-09-19 00:00:41
60,3.11475,0.58538,24918,4683,24918,4683,3.3,255,0,CleanAir,0.0,2026-09-19 00:00:42
61,3.14538,0.5885,25163,4708,25163,4708,3.3,255,0,CleanAir,0.0,2026-09-19 00:00:42
62,3.147,0.58513,25176,4681,25176,4681,3.3,255,0,CleanAir,0.0,2026-09-19 00:00:43
63,3.14813,0.58488,25185,4679,25185,4679,3.3,255,0,CleanAir,0.0,2026-09-19 00:00:43
64,3.13263,0.58838,25061,4707,25061,4707,3.3,255,0,CleanAir,0.0,2026-09-19 00:00:44
65,3.14863,0.58488,25189,4679,25189,4679,3.3,255,0,CleanAir,0.0,2026-09-19 00:00:44
66,3.14913,0.5855,25193,4684,25193,4684,3.3,255,0,CleanAir,0.0,2026-09-19 00:00:44
67,3.15113,0.58463,25209,4677,25209,4677,3.3,255,0,CleanAir,0.0,2026-09-19 00:00:45
68,3.15163,0.58675,25213,4694,25213,4694,3.3,255,0,CleanAir,0.0,2026-09-19 00:00:45
69,3.14675,0.58475,25174,4678,25174,4678,3.3,255,0,CleanAir,0.0,2026-09-19 00:00:46
70,3.1525,0.58513,25220,4681,25220,4681,3.3,255,0,CleanAir,0.0,2026-09-19 00:00:47
71,3.1505,0.58525,25204,4682,25204,4682,3.3,255,0,CleanAir,0.0,2026-09-19 00:00:47
72,3.1505,0.58538,25204,4683,25204,4683,3.3,255,0,CleanAir,0.0,2026-09-19 00:00:48
73,3.15138,0.58388,25211,4671,25211,4671,3.3,255,0,CleanAir,0.0,2026-09-19 00:00:48
74,3.12388,0.58425,24991,4674,24991,4674,3.3,255,0,CleanAir,0.0,2026-09-19 00:00:49
75,3.15263,0.58575,25221,4686,25221,4686,3.3,255,0,CleanAir,0.0,2026-09-19 00:00:49
76,3.15025,0.58775,25202,4702,25202,4702,3.3,255,0,CleanAir,0.0,2026-09-19 00:00:49
77,3.15088,0.58588,25207,4687,25207,4687,3.3,255,0,CleanAir,0.0,2026-09-19 00:00:50
78,3.15138,0.58525,25211,4682,25211,4682,3.3,255,0,CleanAir,0.0,2026-09-19 00:00:50
79,3.15375,0.58588,25230,4687,25230,4687,3.3,255,0,CleanAir,0.0,2026-09-19 00:00:51
80,3.15325,0.58888,25226,4711,25226,4711,3.3,255,0,CleanAir,0.0,2026-09-19 00:00:51
81,3.15325,0.58475,25226,4678,25226,4678,3.3,255,0,CleanAir,0.0,2026-09-19 00:00:52
82,3.12863,0.58825,25029,4706,25029,4706,3.3,255,0,CleanAir,0.0,2026-09-19 00:00:52
83,3.1535,0.58675,25228,4694,25228,4694,3.3,255,0,CleanAir,0.0,2026-09-19 00:00:53
84,3.15413,0.58613,25233,4689,25233,4689,3.3,255,0,CleanAir,0.0,2026-09-19 00:00:53
85,3.1535,0.58513,25228,4681,25228,4681,3.3,255,0,CleanAir,0.0,2026-09-19 00:00:54
86,3.15663,0.58637,25253,4691,25253,4691,3.3,255,0,CleanAir,0.0,2026-09-19 00:00:54
87,3.15688,0.58913,25255,4713,25255,4713,3.3,255,0,CleanAir,0.0,2026-09-19 00:00:54
88,3.158,0.58675,25264,4694,25264,4694,3.3,255,0,CleanAir,0.0,2026-09-19 00:00:55
89,3.1575,0.58813,25260,4705,25260,4705,3.3,255,0,CleanAir,0.0,2026-09-19 00:00:55
90,3.14288,0.585,25143,4680,25143,4680,3.3,255,0,CleanAir,0.0,2026-09-19 00:00:56
91,3.12638,0.58637,25011,4691,25011,4691,3.3,255,0,CleanAir,0.0,2026-09-19 00:00:56
92,3.15788,0.58838,25263,4707,25263,4707,3.3,255,0,CleanAir,0.0,2026-09-19 00:00:57
93,3.12875,0.58613,25030,4689,25030,4689,3.3,255,0,CleanAir,0.0,2026-09-19 00:00:57
94,3.15838,0.5845,25267,4676,25267,4676,3.3,255,0,CleanAir,0.0,2026-09-19 00:00:58
95,3.15863,0.589,25269,4712,25269,4712,3.3,255,0,CleanAir,0.0,2026-09-19 00:00:58
96,3.12888,0.58637,25031,4691,25031,4691,3.3,255,0,CleanAir,0.0,2026-09-19 00:00:59
97,3.15763,0.58538,25261,4683,25261,4683,3.3,255,0,CleanAir,0.0,2026-09-19 00:00:59
98,3.15825,0.58863,25266,4709,25266,4709,3.3,255,0,CleanAir,0.0,2026-09-19 00:00:59
99,3.15663,0.58513,25253,4681,25253,4681,3.3,255,0,CleanAir,0.0,2026-09-19 00:01:00
100,3.15763,0.587,25261,4696,25261,4696,3.3,255,0,CleanAir,0.0,2026-09-19 00:01:00
101,3.12825,0.58838,25026,4707,25026,4707,3.3,255,0,CleanAir,0.0,2026-09-19 00:01:01
102,3.15625,0.58875,25250,4710,25250,4710,3.3,255,0,CleanAir,0.0,2026-09-19 00:01:01
103,3.1555,0.585,25244,4680,25244,4680,3.3,255,0,CleanAir,0.0,2026-09-19 00:01:02
104,3.15763,0.58875,25261,4710,25261,4710,3.3,255,0,CleanAir,0.0,2026-09-19 00:01:02
105,3.12913,0.58488,25033,4679,25033,4679,3.3,255,0,CleanAir,0.0,2026-09-19 00:01:03
106,3.15788,0.58875,25263,4710,25263,4710,3.3,255,0,CleanAir,0.0,2026-09-19 00:01:03
107,3.15825,0.5885,25266,4708,25266,4708,3.3,255,0,CleanAir,0.0,2026-09-19 00:01:04
108,3.158,0.5885,25264,4708,25264,4708,3.3,255,0,CleanAir,0.0,2026-09-19 00:01:04
109,3.15738,0.58875,25259,4710,25259,4710,3.3,255,0,CleanAir,0.0,2026-09-19 00:01:05
110,3.159,0.58675,25272,4694,25272,4694,3.3,255,0,CleanAir,0.0,2026-09-19 00:01:05
111,3.15775,0.58675,25262,4694,25262,4694,3.3,255,0,CleanAir,0.0,2026-09-19 00:01:05
112,3.14075,0.58625,25126,4690,25126,4690,3.3,255,0,CleanAir,0.0,2026-09-19 00:01:06
113,3.1575,0.5865,25260,4692,25260,4692,3.3,255,0,CleanAir,0.0,2026-09-19 00:01:06
114,3.12825,0.58575,25026,4686,25026,4686,3.3,255,0,CleanAir,0.0,2026-09-19 00:01:06
115,3.15913,0.58488,25273,4679,25273,4679,3.3,255,0,CleanAir,0.0,2026-09-19 00:01:07
116,3.129,0.588,25032,4704,25032,4704,3.3,255,0,CleanAir,0.0,2026-09-19 00:01:07
117,3.15875,0.5855,25270,4684,25270,4684,3.3,255,0,CleanAir,0.0,2026-09-19 00:01:08
118,3.15675,0.5875,25254,4700,25254,4700,3.3,255,0,CleanAir,0.0,2026-09-19 00:01:08
119,3.15738,0.58763,25259,4701,25259,4701,3.3,255,0,CleanAir,0.0,2026-09-19 00:01:08
120,3.15838,0.5845,25267,4676,25267,4676,3.3,255,0,CleanAir,0.0,2026-09-19 00:01:09
121,3.15988,0.587,25279,4696,25279,4696,3.3,255,0,CleanAir,0.0,2026-09-19 00:01:09
122,3.15963,0.58875,25277,4710,25277,4710,3.3,255,0,CleanAir,0.0,2026-09-19 00:01:10
123,3.159,0.58525,25272,4682,25272,4682,3.3,255,0,CleanAir,0.0,2026-09-19 00:01:10
124,3.15863,0.58663,25269,4693,25269,4693,3.3,255,0,CleanAir,0.0,2026-09-19 00:01:11
125,3.36125,0.58325,26890,4666,26890,4666,0.0,0,0,CleanAir,0.0,2026-09-19 00:01:12
126,3.33413,0.582,26673,4656,26673,4656,0.0,0,0,CleanAir,0.0,2026-09-19 00:01:12
127,3.2765,0.58175,26212,4654,26212,4654,0.0,0,0,CleanAir,0.0,2026-09-19 00:01:12
128,3.27113,0.58138,26169,4651,26169,4651,0.0,0,0,CleanAir,0.0,2026-09-19 00:01:13
129,3.2605,0.58013,26084,4641,26084,4641,0.0,0,0,CleanAir,0.0,2026-09-19 00:01:13
130,3.21725,0.58025,25738,4642,25738,4642,0.0,0,0,CleanAir,0.0,2026-09-19 00:01:14
131,3.20463,0.58075,25637,4646,25637,4646,0.0,0,0,CleanAir,0.0,2026-09-19 00:01:14
132,3.1535,0.58175,25228,4654,25228,4654,0.0,0,0,CleanAir,0.0,2026-09-19 00:01:14
133,3.1485,0.58238,25188,4659,25188,4659,0.0,0,0,CleanAir,0.0,2026-09-19 00:01:15
134,3.122,0.585,24976,4680,24976,4680,0.0,0,0,CleanAir,0.0,2026-09-19 00:01:16
135,3.07463,0.585,24597,4680,24597,4680,0.0,0,0,CleanAir,0.0,2026-09-19 00:01:16
136,3.02088,0.57988,24167,4639,24167,4639,0.0,0,0,CleanAir,0.0,2026-09-19 00:01:17
137,2.98913,0.5815,23913,4652,23913,4652,0.0,0,0,CleanAir,0.0,2026-09-19 00:01:17
138,2.97025,0.58175,23762,4654,23762,4654,0.0,0,0,CleanAir,0.0,2026-09-19 00:01:17
139,2.79938,0.583,22395,4664,22395,4664,0.0,0,0,CleanAir,0.0,2026-09-19 00:01:18
140,2.87675,0.58413,23014,4673,23014,4673,0.0,0,0,CleanAir,0.0,2026-09-19 00:01:18
141,2.87888,0.58313,23031,4665,23031,4665,0.0,0,0,CleanAir,0.0,2026-09-19 00:01:18
142,2.98663,0.5795,23893,4636,23893,4636,0.0,0,0,CleanAir,0.0,2026-09-19 00:01:19
143,2.94625,0.58225,23570,4658,23570,4658,0.0,0,0,CleanAir,0.0,2026-09-19 00:01:19
144,2.96075,0.58213,23686,4657,23686,4657,0.0,0,0,CleanAir,0.0,2026-09-19 00:01:19
145,2.922,0.58188,23376,4655,23376,4655,0.0,0,0,CleanAir,0.0,2026-09-19 00:01:20
146,2.93438,0.58088,23475,4647,23475,4647,0.0,0,0,CleanAir,0.0,2026-09-19 00:01:20
147,2.89575,0.58275,23166,4662,23166,4662,0.0,0,0,CleanAir,0.0,2026-09-19 00:01:20
148,2.90788,0.58213,23263,4657,23263,4657,0.0,0,0,CleanAir,0.0,2026-09-19 00:01:21
149,2.89688,0.581,23175,4648,23175,4648,0.0,0,0,CleanAir,0.0,2026-09-19 00:01:21
150,2.37625,0.58088,19010,4647,19010,4647,0.0,0,0,CleanAir,0.0,2026-09-19 00:01:22
151,2.84988,0.58425,22799,4674,22799,4674,0.0,0,0,CleanAir,0.0,2026-09-19 00:01:22
152,2.86613,0.58113,22929,4649,22929,4649,0.0,0,0,CleanAir,0.0,2026-09-19 00:01:22
153,2.82988,0.58225,22639,4658,22639,4658,0.0,0,0,CleanAir,0.0,2026-09-19 00:01:23
154,2.829,0.58,22632,4640,22632,4640,0.0,0,0,CleanAir,0.0,2026-09-19 00:01:23
155,2.82563,0.58188,22605,4655,22605,4655,0.0,0,0,CleanAir,0.0,2026-09-19 00:01:24
156,2.79088,0.58388,22327,4671,22327,4671,0.0,0,0,CleanAir,0.0,2026-09-19 00:01:24
157,2.807,0.58125,22456,4650,22456,4650,0.0,0,0,CleanAir,0.0,2026-09-19 00:01:25
158,2.7985,0.58338,22388,4667,22388,4667,0.0,0,0,CleanAir,0.0,2026-09-19 00:01:25
159,2.79038,0.5845,22323,4676,22323,4676,0.0,0,0,CleanAir,0.0,2026-09-19 00:01:25
160,2.78063,0.58063,22245,4645,22245,4645,0.0,0,0,CleanAir,0.0,2026-09-19 00:01:26
161,2.76888,0.58475,22151,4678,22151,4678,0.0,0,0,CleanAir,0.0,2026-09-19 00:01:26
162,2.75938,0.58463,22075,4677,22075,4677,0.0,0,0,CleanAir,0.0,2026-09-19 00:01:27
163,2.73138,0.5815,21851,4652,21851,4652,0.0,0,0,CleanAir,0.0,2026-09-19 00:01:27
164,2.7465,0.58038,21972,4643,21972,4643,0.0,0,0,CleanAir,0.0,2026-09-19 00:01:28
165,2.71413,0.58513,21713,4681,21713,4681,0.0,0,0,CleanAir,0.0,2026-09-19 00:01:28
166,2.73388,0.58263,21871,4661,21871,4661,0.0,0,0,CleanAir,0.0,2026-09-19 00:01:28
167,2.7275,0.58475,21820,4678,21820,4678,0.0,0,0,CleanAir,0.0,2026-09-19 00:01:29
168,2.69525,0.58125,21562,4650,21562,4650,0.0,0,0,CleanAir,0.0,2026-09-19 00:01:29
169,2.68525,0.581,21482,4648,21482,4648,0.0,0,0,CleanAir,0.0,2026-09-19 00:01:30
170,2.7045,0.5805,21636,4644,21636,4644,0.0,0,0,CleanAir,0.0,2026-09-19 00:01:30
171,2.67663,0.58213,21413,4657,21413,4657,0.0,0,0,CleanAir,0.0,2026-09-19 00:01:31
172,2.67838,0.58263,21427,4661,21427,4661,0.0,0,0,CleanAir,0.0,2026-09-19 00:01:31
173,2.68913,0.58338,21513,4667,21513,4667,0.0,0,0,CleanAir,0.0,2026-09-19 00:01:32
174,2.66138,0.58475,21291,4678,21291,4678,0.0,0,0,CleanAir,0.0,2026-09-19 00:01:32
175,2.68275,0.5815,21462,4652,21462,4652,0.0,0,0,CleanAir,0.0,2026-09-19 00:01:32
176,2.67225,0.58175,21378,4654,21378,4654,0.0,0,0,CleanAir,0.0,2026-09-19 00:01:33
177,2.67238,0.5845,21379,4676,21379,4676,0.0,0,0,CleanAir,0.0,2026-09-19 00:01:33
178,2.66688,0.58113,21335,4649,21335,4649,0.0,0,0,CleanAir,0.0,2026-09-19 00:01:34
179,2.6605,0.58063,21284,4645,21284,4645,0.0,0,0,CleanAir,0.0,2026-09-19 00:01:34
180,2.66125,0.58188,21290,4655,21290,4655,0.0,0,0,CleanAir,0.0,2026-09-19 00:01:35
181,2.63775,0.58288,21102,4663,21102,4663,0.0,0,0,CleanAir,0.0,2026-09-19 00:01:35
182,2.655,0.58513,21240,4681,21240,4681,0.0,0,0,CleanAir,0.0,2026-09-19 00:01:35
183,2.62913,0.583,21033,4664,21033,4664,0.0,0,0,CleanAir,0.0,2026-09-19 00:01:36
184,2.62588,0.58038,21007,4643,21007,4643,0.0,0,0,CleanAir,0.0,2026-09-19 00:01:36
185,2.64575,0.582,21166,4656,21166,4656,0.0,0,0,CleanAir,0.0,2026-09-19 00:01:37
186,2.61975,0.58025,20958,4642,20958,4642,0.0,0,0,CleanAir,0.0,2026-09-19 00:01:37
187,2.6405,0.5815,21124,4652,21124,4652,0.0,0,0,CleanAir,0.0,2026-09-19 00:01:37
188,2.63875,0.58288,21110,4663,21110,4663,0.0,0,0,CleanAir,0.0,2026-09-19 00:01:38
189,2.63525,0.58313,21082,4665,21082,4665,0.0,0,0,CleanAir,0.0,2026-09-19 00:01:38
190,2.62425,0.58488,20994,4679,20994,4679,0.0,0,0,CleanAir,0.0,2026-09-19 00:01:39
191,2.63125,0.58438,21050,4675,21050,4675,0.0,0,0,CleanAir,0.0,2026-09-19 00:01:39
192,2.62988,0.58113,21039,4649,21039,4649,0.0,0,0,CleanAir,0.0,2026-09-19 00:01:39
193,2.62663,0.58475,21013,4678,21013,4678,0.0,0,0,CleanAir,0.0,2026-09-19 00:01:40
194,2.62388,0.58413,20991,4673,20991,4673,0.0,0,0,CleanAir,0.0,2026-09-19 00:01:40
195,2.61663,0.58288,20933,4663,20933,4663,0.0,0,0,CleanAir,0.0,2026-09-19 00:01:41
196,2.6215,0.58263,20972,4661,20972,4661,0.0,0,0,CleanAir,0.0,2026-09-19 00:01:41
197,2.619,0.581,20952,4648,20952,4648,0.0,0,0,CleanAir,0.0,2026-09-19 00:01:42
198,2.5945,0.58388,20756,4671,20756,4671,0.0,0,0,CleanAir,0.0,2026-09-19 00:01:42
199,2.6155,0.58113,20924,4649,20924,4649,0.0,0,0,CleanAir,0.0,2026-09-19 00:01:42
200,2.59975,0.58075,20798,4646,20798,4646,0.0,0,0,CleanAir,0.0,2026-09-19 00:01:43
201,2.61413,0.58225,20913,4658,20913,4658,0.0,0,0,CleanAir,0.0,2026-09-19 00:01:43
202,2.61138,0.58463,20891,4677,20891,4677,0.0,0,0,CleanAir,0.0,2026-09-19 00:01:43
203,2.61075,0.58188,20886,4655,20886,4655,0.0,0,0,CleanAir,0.0,2026-09-19 00:01:44
204,2.61088,0.58188,20887,4655,20887,4655,0.0,0,0,CleanAir,0.0,2026-09-19 00:01:44
205,2.6005,0.58325,20804,4666,20804,4666,0.0,0,0,CleanAir,0.0,2026-09-19 00:01:44
206,2.60875,0.58263,20870,4661,20870,4661,0.0,0,0,CleanAir,0.0,2026-09-19 00:01:45
207,2.58363,0.58163,20669,4653,20669,4653,0.0,0,0,CleanAir,0.0,2026-09-19 00:01:45
208,2.583,0.58275,20664,4662,20664,4662,0.0,0,0,CleanAir,0.0,2026-09-19 00:01:46
209,2.60513,0.58138,20841,4651,20841,4651,0.0,0,0,CleanAir,0.0,2026-09-19 00:01:46
210,2.5805,0.58275,20644,4662,20644,4662,0.0,0,0,CleanAir,0.0,2026-09-19 00:01:46
211,2.60275,0.58513,20822,4681,20822,4681,0.0,0,0,CleanAir,0.0,2026-09-19 00:01:47
212,2.60188,0.58125,20815,4650,20815,4650,0.0,0,0,CleanAir,0.0,2026-09-19 00:01:47
213,2.60038,0.58475,20803,4678,20803,4678,0.0,0,0,CleanAir,0.0,2026-09-19 00:01:48
214,2.57525,0.5845,20602,4676,20602,4676,0.0,0,0,CleanAir,0.0,2026-09-19 00:01:48
215,2.59938,0.58225,20795,4658,20795,4658,0.0,0,0,CleanAir,0.0,2026-09-19 00:01:48
216,2.58938,0.58275,20715,4662,20715,4662,0.0,0,0,CleanAir,0.0,2026-09-19 00:01:49
217,2.5715,0.5845,20572,4676,20572,4676,0.0,0,0,CleanAir,0.0,2026-09-19 00:01:49
218,2.5915,0.58188,20732,4655,20732,4655,0.0,0,0,CleanAir,0.0,2026-09-19 00:01:50
219,2.58625,0.58063,20690,4645,20690,4645,0.0,0,0,CleanAir,0.0,2026-09-19 00:01:50
220,2.5945,0.585,20756,4680,20756,4680,0.0,0,0,CleanAir,0.0,2026-09-19 00:01:50
221,2.59388,0.58463,20751,4677,20751,4677,0.0,0,0,CleanAir,0.0,2026-09-19 00:01:51
222,2.55938,0.585,20475,4680,20475,4680,0.0,0,0,CleanAir,0.0,2026-09-19 00:01:51
223,2.59163,0.58263,20733,4661,20733,4661,0.0,0,0,CleanAir,0.0,2026-09-19 00:01:52
224,2.58588,0.58038,20687,4643,20687,4643,0.0,0,0,CleanAir,0.0,2026-09-19 00:01:52
225,2.591,0.58013,20728,4641,20728,4641,0.0,0,0,CleanAir,0.0,2026-09-19 00:01:52
226,2.59063,0.58525,20725,4682,20725,4682,0.0,0,0,CleanAir,0.0,2026-09-19 00:01:53
227,2.586,0.581,20688,4648,20688,4648,0.0,0,0,CleanAir,0.0,2026-09-19 00:01:53
228,2.58963,0.585,20717,4680,20717,4680,0.0,0,0,CleanAir,0.0,2026-09-19 00:01:53
229,2.58875,0.58513,20710,4681,20710,4681,0.0,0,0,CleanAir,0.0,2026-09-19 00:01:54
230,2.56513,0.58488,20521,4679,20521,4679,0.0,0,0,CleanAir,0.0,2026-09-19 00:01:54
231,2.58713,0.58413,20697,4673,20697,4673,0.0,0,0,CleanAir,0.0,2026-09-19 00:01:55
232,2.58338,0.58388,20667,4671,20667,4671,0.0,0,0,CleanAir,0.0,2026-09-19 00:01:55
233,2.56325,0.58525,20506,4682,20506,4682,0.0,0,0,CleanAir,0.0,2026-09-19 00:01:55
234,2.56275,0.5845,20502,4676,20502,4676,0.0,0,0,CleanAir,0.0,2026-09-19 00:01:56
235,2.56288,0.58463,20503,4677,20503,4677,0.0,0,0,CleanAir,0.0,2026-09-19 00:01:56
236,2.58563,0.5845,20685,4676,20685,4676,0.0,0,0,CleanAir,0.0,2026-09-19 00:01:57
237,2.58438,0.58438,20675,4675,20675,4675,0.0,0,0,CleanAir,0.0,2026-09-19 00:01:58
238,2.58638,0.5815,20691,4652,20691,4652,0.0,0,0,CleanAir,0.0,2026-09-19 00:01:58
239,2.58475,0.58038,20678,4643,20678,4643,0.0,0,0,CleanAir,0.0,2026-09-19 00:01:58
240,2.58475,0.58138,20678,4651,20678,4651,0.0,0,0,CleanAir,0.0,2026-09-19 00:01:59
241,2.561,0.58438,20488,4675,20488,4675,0.0,0,0,CleanAir,0.0,2026-09-19 00:01:59
242,2.5835,0.58313,20668,4665,20668,4665,0.0,0,0,CleanAir,0.0,2026-09-19 00:01:59
243,2.559,0.58438,20472,4675,20472,4675,0.0,0,0,CleanAir,0.0,2026-09-19 00:02:00
244,2.53838,0.5825,20307,4660,20307,4660,0.0,0,0,CleanAir,0.0,2026-09-19 00:02:00
245,2.56025,0.58038,20482,4643,20482,4643,0.0,0,0,CleanAir,0.0,2026-09-19 00:02:00
246,2.5535,0.58263,20428,4661,20428,4661,0.0,0,0,CleanAir,0.0,2026-09-19 00:02:01
247,2.55913,0.58488,20473,4679,20473,4679,0.0,0,0,CleanAir,0.0,2026-09-19 00:02:01
248,2.58275,0.5845,20662,4676,20662,4676,0.0,0,0,CleanAir,0.0,2026-09-19 00:02:02
249,2.58138,0.5845,20651,4676,20651,4676,0.0,0,0,CleanAir,0.0,2026-09-19 00:02:02
0,2.42788,0.5885,19423,4708,19423,4708,3.3,255,0,CleanAir,0.0,2026-09-19 00:02:03
1,2.47725,0.5875,19818,4700,19818,4700,3.3,255,0,CleanAir,0.0,2026-09-19 00:02:03
2,2.51138,0.5845,20091,4676,20091,4676,3.3,255,0,CleanAir,0.0,2026-09-19 00:02:03
3,2.5505,0.58925,20404,4714,20404,4714,3.3,255,0,CleanAir,0.0,2026-09-19 00:02:04
4,2.63063,0.58575,21045,4686,21045,4686,3.3,255,0,CleanAir,0.0,2026-09-19 00:02:05
5,2.63225,0.586,21058,4688,21058,4688,3.3,255,0,CleanAir,0.0,2026-09-19 00:02:05
6,2.66725,0.5885,21338,4708,21338,4708,3.3,255,0,CleanAir,0.0,2026-09-19 00:02:06
7,2.7175,0.5855,21740,4684,21740,4684,3.3,255,0,CleanAir,0.0,2026-09-19 00:02:06
8,2.7145,0.58575,21716,4686,21716,4686,3.3,255,0,CleanAir,0.0,2026-09-19 00:02:07
9,2.75875,0.58813,22070,4705,22070,4705,3.3,255,0,CleanAir,0.0,2026-09-19 00:02:07
10,2.77263,0.5895,22181,4716,22181,4716,3.3,255,0,CleanAir,0.0,2026-09-19 00:02:07
11,2.79113,0.58525,22329,4682,22329,4682,3.3,255,0,CleanAir,0.0,2026-09-19 00:02:08
12,2.8295,0.58613,22636,4689,22636,4689,3.3,255,0,CleanAir,0.0,2026-09-19 00:02:08
13,2.81825,0.58663,22546,4693,22546,4693,3.3,255,0,CleanAir,0.0,2026-09-19 00:02:09
14,2.83175,0.58637,22654,4691,22654,4691,3.3,255,0,CleanAir,0.0,2026-09-19 00:02:09
15,2.84975,0.5895,22798,4716,22798,4716,3.3,255,0,CleanAir,0.0,2026-09-19 00:02:10
16,2.86613,0.58625,22929,4690,22929,4690,3.3,255,0,CleanAir,0.0,2026-09-19 00:02:10
17,2.87763,0.58588,23021,4687,23021,4687,3.3,255,0,CleanAir,0.0,2026-09-19 00:02:10
18,2.88788,0.58963,23103,4717,23103,4717,3.3,255,0,CleanAir,0.0,2026-09-19 00:02:11
19,2.92588,0.58963,23407,4717,23407,4717,3.3,255,0,CleanAir,0.0,2026-09-19 00:02:11
20,2.909,0.5895,23272,4716,23272,4716,3.3,255,0,CleanAir,0.0,2026-09-19 00:02:11
21,2.94638,0.5875,23571,4700,23571,4700,3.3,255,0,CleanAir,0.0,2026-09-19 00:02:12
22,2.94388,0.58575,23551,4686,23551,4686,3.3,255,0,CleanAir,0.0,2026-09-19 00:02:12
23,2.96775,0.58913,23742,4713,23742,4713,3.3,255,0,CleanAir,0.0,2026-09-19 00:02:13
24,2.97975,0.58825,23838,4706,23838,4706,3.3,255,0,CleanAir,0.0,2026-09-19 00:02:13
25,2.9925,0.58513,23940,4681,23940,4681,3.3,255,0,CleanAir,0.0,2026-09-19 00:02:14
26,2.97363,0.5865,23789,4692,23789,4692,3.3,255,0,CleanAir,0.0,2026-09-19 00:02:14
27,2.98313,0.58988,23865,4719,23865,4719,3.3,255,0,CleanAir,0.0,2026-09-19 00:02:15
28,2.99088,0.586,23927,4688,23927,4688,3.3,255,0,CleanAir,0.0,2026-09-19 00:02:15
29,2.99688,0.58538,23975,4683,23975,4683,3.3,255,0,CleanAir,0.0,2026-09-19 00:02:15
30,3.03263,0.58575,24261,4686,24261,4686,3.3,255,0,CleanAir,0.0,2026-09-19 00:02:16
31,3.03725,0.58625,24298,4690,24298,4690,3.3,255,0,CleanAir,0.0,2026-09-19 00:02:16
32,3.04275,0.58675,24342,4694,24342,4694,3.3,255,0,CleanAir,0.0,2026-09-19 00:02:16
33,3.04925,0.58637,24394,4691,24394,4691,3.3,255,0,CleanAir,0.0,2026-09-19 00:02:17
34,3.0545,0.58625,24436,4690,24436,4690,3.3,255,0,CleanAir,0.0,2026-09-19 00:02:17
35,3.05175,0.58938,24414,4715,24414,4715,3.3,255,0,CleanAir,0.0,2026-09-19 00:02:18
36,3.03413,0.58575,24273,4686,24273,4686,3.3,255,0,CleanAir,0.0,2026-09-19 00:02:18
37,3.06813,0.58663,24545,4693,24545,4693,3.3,255,0,CleanAir,0.0,2026-09-19 00:02:18
38,3.0735,0.58713,24588,4697,24588,4697,3.3,255,0,CleanAir,0.0,2026-09-19 00:02:19
39,3.07725,0.58988,24618,4719,24618,4719,3.3,255,0,CleanAir,0.0,2026-09-19 00:02:19
40,3.08225,0.587,24658,4696,24658,4696,3.3,255,0,CleanAir,0.0,2026-09-19 00:02:20
41,3.05738,0.58888,24459,4711,24459,4711,3.3,255,0,CleanAir,0.0,2026-09-19 00:02:20
42,3.08875,0.58613,24710,4689,24710,4689,3.3,255,0,CleanAir,0.0,2026-09-19 00:02:20
43,3.09263,0.5875,24741,4700,24741,4700,3.3,255,0,CleanAir,0.0,2026-09-19 00:02:21
44,3.067,0.5895,24536,4716,24536,4716,3.3,255,0,CleanAir,0.0,2026-09-19 00:02:21
45,3.09863,0.58825,24789,4706,24789,4706,3.3,255,0,CleanAir,0.0,2026-09-19 00:02:22
46,3.10438,0.587,24835,4696,24835,4696,3.3,255,0,CleanAir,0.0,2026-09-19 00:02:22
47,3.10738,0.58863,24859,4709,24859,4709,3.3,255,0,CleanAir,0.0,2026-09-19 00:02:23
48,3.1085,0.58838,24868,4707,24868,4707,3.3,255,0,CleanAir,0.0,2026-09-19 00:02:23
49,3.11138,0.58763,24891,4701,24891,4701,3.3,255,0,CleanAir,0.0,2026-09-19 00:02:24
50,3.11338,0.58888,24907,4711,24907,4711,3.3,255,0,CleanAir,0.0,2026-09-19 00:02:24
51,3.08638,0.58625,24691,4690,24691,4690,3.3,255,0,CleanAir,0.0,2026-09-19 00:02:24
52,3.088,0.58575,24704,4686,24704,4686,3.3,255,0,CleanAir,0.0,2026-09-19 00:02:25
53,3.11738,0.586,24939,4688,24939,4688,3.3,255,0,CleanAir,0.0,2026-09-19 00:02:25
54,3.09025,0.5885,24722,4708,24722,4708,3.3,255,0,CleanAir,0.0,2026-09-19 00:02:26
55,3.121,0.58963,24968,4717,24968,4717,3.3,255,0,CleanAir,0.0,2026-09-19 00:02:26
56,3.12325,0.58525,24986,4682,24986,4682,3.3,255,0,CleanAir,0.0,2026-09-19 00:02:27
57,3.09675,0.59025,24774,4722,24774,4722,3.3,255,0,CleanAir,0.0,2026-09-19 00:02:27
58,3.09938,0.58513,24795,4681,24795,4681,3.3,255,0,CleanAir,0.0,2026-09-19 00:02:28
59,3.12913,0.58738,25033,4699,25033,4699,3.3,255,0,CleanAir,0.0,2026-09-19 00:02:28
60,3.10263,0.58613,24821,4689,24821,4689,3.3,255,0,CleanAir,0.0,2026-09-19 00:02:28
61,3.131,0.5895,25048,4716,25048,4716,3.3,255,0,CleanAir,0.0,2026-09-19 00:02:29
62,3.13263,0.58625,25061,4690,25061,4690,3.3,255,0,CleanAir,0.0,2026-09-19 00:02:29
63,3.13275,0.5875,25062,4700,25062,4700,3.3,255,0,CleanAir,0.0,2026-09-19 00:02:29
64,3.13313,0.58713,25065,4697,25065,4697,3.3,255,0,CleanAir,0.0,2026-09-19 00:02:30
65,3.1335,0.5895,25068,4716,25068,4716,3.3,255,0,CleanAir,0.0,2026-09-19 00:02:30
66,3.109,0.58975,24872,4718,24872,4718,3.3,255,0,CleanAir,0.0,2026-09-19 00:02:31
67,3.13675,0.58963,25094,4717,25094,4717,3.3,255,0,CleanAir,0.0,2026-09-19 00:02:31
68,3.108,0.58713,24864,4697,24864,4697,3.3,255,0,CleanAir,0.0,2026-09-19 00:02:31
69,3.13988,0.58713,25119,4697,25119,4697,3.3,255,0,CleanAir,0.0,2026-09-19 00:02:32
70,3.14025,0.587,25122,4696,25122,4696,3.3,255,0,CleanAir,0.0,2026-09-19 00:02:32
71,3.11113,0.58463,24889,4677,24889,4677,3.3,255,0,CleanAir,0.0,2026-09-19 00:02:33
72,3.14063,0.58975,25125,4718,25125,4718,3.3,255,0,CleanAir,0.0,2026-09-19 00:02:33
73,3.1125,0.58713,24900,4697,24900,4697,3.3,255,0,CleanAir,0.0,2026-09-19 00:02:33
74,3.14225,0.58675,25138,4694,25138,4694,3.3,255,0,CleanAir,0.0,2026-09-19 00:02:34
75,3.14163,0.58713,25133,4697,25133,4697,3.3,255,0,CleanAir,0.0,2026-09-19 00:02:34
76,3.13663,0.58625,25093,4690,25093,4690,3.3,255,0,CleanAir,0.0,2026-09-19 00:02:35
77,3.14388,0.58713,25151,4697,25151,4697,3.3,255,0,CleanAir,0.0,2026-09-19 00:02:35
78,3.143,0.58713,25144,4697,25144,4697,3.3,255,0,CleanAir,0.0,2026-09-19 00:02:36
79,3.14363,0.58988,25149,4719,25149,4719,3.3,255,0,CleanAir,0.0,2026-09-19 00:02:36
80,3.12038,0.5895,24963,4716,24963,4716,3.3,255,0,CleanAir,0.0,2026-09-19 00:02:37
81,3.14438,0.58988,25155,4719,25155,4719,3.3,255,0,CleanAir,0.0,2026-09-19 00:02:37
82,3.11525,0.586,24922,4688,24922,4688,3.3,255,0,CleanAir,0.0,2026-09-19 00:02:37
83,3.14463,0.59,25157,4720,25157,4720,3.3,255,0,CleanAir,0.0,2026-09-19 00:02:38
84,3.14475,0.59013,25158,4721,25158,4721,3.3,255,0,CleanAir,0.0,2026-09-19 00:02:39
85,3.14513,0.58738,25161,4699,25161,4699,3.3,255,0,CleanAir,0.0,2026-09-19 00:02:39
86,3.14588,0.58888,25167,4711,25167,4711,3.3,255,0,CleanAir,0.0,2026-09-19 00:02:40
87,3.14638,0.586,25171,4688,25171,4688,3.3,255,0,CleanAir,0.0,2026-09-19 00:02:40
88,3.14575,0.58738,25166,4699,25166,4699,3.3,255,0,CleanAir,0.0,2026-09-19 00:02:40
89,3.14575,0.5865,25166,4692,25166,4692,3.3,255,0,CleanAir,0.0,2026-09-19 00:02:41
90,3.147,0.59025,25176,4722,25176,4722,3.3,255,0,CleanAir,0.0,2026-09-19 00:02:42
91,3.11888,0.58788,24951,4703,24951,4703,3.3,255,0,CleanAir,0.0,2026-09-19 00:02:42
92,3.11913,0.5865,24953,4692,24953,4692,3.3,255,0,CleanAir,0.0,2026-09-19 00:02:42
93,3.12888,0.58713,25031,4697,25031,4697,3.3,255,0,CleanAir,0.0,2026-09-19 00:02:43
94,3.14113,0.58663,25129,4693,25129,4693,3.3,255,0,CleanAir,0.0,2026-09-19 00:02:43
95,3.12088,0.58888,24967,4711,24967,4711,3.3,255,0,CleanAir,0.0,2026-09-19 00:02:43
96,3.1205,0.58488,24964,4679,24964,4679,3.3,255,0,CleanAir,0.0,2026-09-19 00:02:44
97,3.14738,0.59013,25179,4721,25179,4721,3.3,255,0,CleanAir,0.0,2026-09-19 00:02:45
98,3.14588,0.58738,25167,4699,25167,4699,3.3,255,0,CleanAir,0.0,2026-09-19 00:02:45
99,3.1405,0.58613,25124,4689,25124,4689,3.3,255,0,CleanAir,0.0,2026-09-19 00:02:45
100,3.13988,0.5895,25119,4716,25119,4716,3.3,255,0,CleanAir,0.0,2026-09-19 00:02:46
101,3.14713,0.58975,25177,4718,25177,4718,3.3,255,0,CleanAir,0.0,2026-09-19 00:02:46
102,3.14613,0.58913,25169,4713,25169,4713,3.3,255,0,CleanAir,0.0,2026-09-19 00:02:47
103,3.13988,0.58925,25119,4714,25119,4714,3.3,255,0,CleanAir,0.0,2026-09-19 00:02:47
104,3.14788,0.587,25183,4696,25183,4696,3.3,255,0,CleanAir,0.0,2026-09-19 00:02:48
105,3.122,0.58613,24976,4689,24976,4689,3.3,255,0,CleanAir,0.0,2026-09-19 00:02:48
106,3.149,0.58975,25192,4718,25192,4718,3.3,255,0,CleanAir,0.0,2026-09-19 00:02:48
107,3.13625,0.587,25090,4696,25090,4696,3.3,255,0,CleanAir,0.0,2026-09-19 00:02:49
108,3.149,0.58725,25192,4698,25192,4698,3.3,255,0,CleanAir,0.0,2026-09-19 00:02:49
109,3.1485,0.58525,25188,4682,25188,4682,3.3,255,0,CleanAir,0.0,2026-09-19 00:02:50
110,3.1465,0.58913,25172,4713,25172,4713,3.3,255,0,CleanAir,0.0,2026-09-19 00:02:50
111,3.146,0.5885,25168,4708,25168,4708,3.3,255,0,CleanAir,0.0,2026-09-19 00:02:51
112,3.11763,0.5895,24941,4716,24941,4716,3.3,255,0,CleanAir,0.0,2026-09-19 00:02:51
113,3.148,0.59013,25184,4721,25184,4721,3.3,255,0,CleanAir,0.0,2026-09-19 00:02:51
114,3.14988,0.58625,25199,4690,25199,4690,3.3,255,0,CleanAir,0.0,2026-09-19 00:02:52
115,3.14975,0.58713,25198,4697,25198,4697,3.3,255,0,CleanAir,0.0,2026-09-19 00:02:52
116,3.14875,0.58863,25190,4709,25190,4709,3.3,255,0,CleanAir,0.0,2026-09-19 00:02:53
117,3.11963,0.59013,24957,4721,24957,4721,3.3,255,0,CleanAir,0.0,2026-09-19 00:02:54
118,3.14763,0.5895,25181,4716,25181,4716,3.3,255,0,CleanAir,0.0,2026-09-19 00:02:54
119,3.14775,0.58963,25182,4717,25182,4717,3.3,255,0,CleanAir,0.0,2026-09-19 00:02:54
120,3.14888,0.58888,25191,4711,25191,4711,3.3,255,0,CleanAir,0.0,2026-09-19 00:02:55
121,3.15,0.58613,25200,4689,25200,4689,3.3,255,0,CleanAir,0.0,2026-09-19 00:02:55
122,3.12063,0.58875,24965,4710,24965,4710,3.3,255,0,CleanAir,0.0,2026-09-19 00:02:56
123,3.14975,0.58813,25198,4705,25198,4705,3.3,255,0,CleanAir,0.0,2026-09-19 00:02:57
124,3.12113,0.58725,24969,4698,24969,4698,3.3,255,0,CleanAir,0.0,2026-09-19 00:02:57
125,3.35188,0.586,26815,4688,26815,4688,0.0,0,0,CleanAir,0.0,2026-09-19 00:02:58
126,3.33263,0.58113,26661,4649,26661,4649,0.0,0,0,CleanAir,0.0,2026-09-19 00:02:58
127,3.30963,0.58113,26477,4649,26477,4649,0.0,0,0,CleanAir,0.0,2026-09-19 00:02:59
128,3.286,0.58613,26288,4689,26288,4689,0.0,0,0,CleanAir,0.0,2026-09-19 00:02:59
129,3.26388,0.583,26111,4664,26111,4664,0.0,0,0,CleanAir,0.0,2026-09-19 00:02:59
130,3.22275,0.586,25782,4688,25782,4688,0.0,0,0,CleanAir,0.0,2026-09-19 00:03:00
131,3.16313,0.58325,25305,4666,25305,4666,0.0,0,0,CleanAir,0.0,2026-09-19 00:03:01
132,3.17075,0.5855,25366,4684,25366,4684,0.0,0,0,CleanAir,0.0,2026-09-19 00:03:01
133,3.12388,0.58075,24991,4646,24991,4646,0.0,0,0,CleanAir,0.0,2026-09-19 00:03:01
134,3.13438,0.58613,25075,4689,25075,4689,0.0,0,0,CleanAir,0.0,2026-09-19 00:03:02
135,3.08663,0.58313,24693,4665,24693,4665,0.0,0,0,CleanAir,0.0,2026-09-19 00:03:02
136,3.09488,0.58575,24759,4686,24759,4686,0.0,0,0,CleanAir,0.0,2026-09-19 00:03:02
137,3.07688,0.58213,24615,4657,24615,4657,0.0,0,0,CleanAir,0.0,2026-09-19 00:03:03
138,3.02425,0.58275,24194,4662,24194,4662,0.0,0,0,CleanAir,0.0,2026-09-19 00:03:03
139,3.00775,0.58213,24062,4657,24062,4657,0.0,0,0,CleanAir,0.0,2026-09-19 00:03:04
140,3.01875,0.58325,24150,4666,24150,4666,0.0,0,0,CleanAir,0.0,2026-09-19 00:03:04
141,2.99675,0.58563,23974,4685,23974,4685,0.0,0,0,CleanAir,0.0,2026-09-19 00:03:05
142,2.95588,0.58575,23647,4686,23647,4686,0.0,0,0,CleanAir,0.0,2026-09-19 00:03:05
143,2.96813,0.58213,23745,4657,23745,4657,0.0,0,0,CleanAir,0.0,2026-09-19 00:03:05
144,2.95438,0.58463,23635,4677,23635,4677,0.0,0,0,CleanAir,0.0,2026-09-19 00:03:06
145,2.942,0.58263,23536,4661,23536,4661,0.0,0,0,CleanAir,0.0,2026-09-19 00:03:06
146,2.90338,0.58363,23227,4669,23227,4669,0.0,0,0,CleanAir,0.0,2026-09-19 00:03:06
147,2.91438,0.58563,23315,4685,23315,4685,0.0,0,0,CleanAir,0.0,2026-09-19 00:03:07
148,2.89788,0.58538,23183,4683,23183,4683,0.0,0,0,CleanAir,0.0,2026-09-19 00:03:07
149,2.88188,0.5805,23055,4644,23055,4644,0.0,0,0,CleanAir,0.0,2026-09-19 00:03:08
150,2.87125,0.5825,22970,4660,22970,4660,0.0,0,0,CleanAir,0.0,2026-09-19 00:03:08
151,2.83313,0.58313,22665,4665,22665,4665,0.0,0,0,CleanAir,0.0,2026-09-19 00:03:09
152,2.84775,0.585,22782,4680,22782,4680,0.0,0,0,CleanAir,0.0,2026-09-19 00:03:09
153,2.83275,0.58225,22662,4658,22662,4658,0.0,0,0,CleanAir,0.0,2026-09-19 00:03:09
154,2.82,0.58213,22560,4657,22560,4657,0.0,0,0,CleanAir,0.0,2026-09-19 00:03:10
155,2.785,0.5815,22280,4652,22280,4652,0.0,0,0,CleanAir,0.0,2026-09-19 00:03:10
156,2.80175,0.58138,22414,4651,22414,4651,0.0,0,0,CleanAir,0.0,2026-09-19 00:03:11
157,2.79363,0.58175,22349,4654,22349,4654,0.0,0,0,CleanAir,0.0,2026-09-19 00:03:11
158,2.75625,0.583,22050,4664,22050,4664,0.0,0,0,CleanAir,0.0,2026-09-19 00:03:12
159,2.742,0.58563,21936,4685,21936,4685,0.0,0,0,CleanAir,0.0,2026-09-19 00:03:12
160,2.75975,0.58113,22078,4649,22078,4649,0.0,0,0,CleanAir,0.0,2026-09-19 00:03:13
161,2.72438,0.58588,21795,4687,21795,4687,0.0,0,0,CleanAir,0.0,2026-09-19 00:03:13
162,2.72275,0.58288,21782,4663,21782,4663,0.0,0,0,CleanAir,0.0,2026-09-19 00:03:14
163,2.73813,0.58425,21905,4674,21905,4674,0.0,0,0,CleanAir,0.0,2026-09-19 00:03:14
164,2.73113,0.58225,21849,4658,21849,4658,0.0,0,0,CleanAir,0.0,2026-09-19 00:03:14
165,2.72325,0.58175,21786,4654,21786,4654,0.0,0,0,CleanAir,0.0,2026-09-19 00:03:15
166,2.71888,0.58175,21751,4654,21751,4654,0.0,0,0,CleanAir,0.0,2026-09-19 00:03:15
167,2.68725,0.58563,21498,4685,21498,4685,0.0,0,0,CleanAir,0.0,2026-09-19 00:03:15
168,2.707,0.58138,21656,4651,21656,4651,0.0,0,0,CleanAir,0.0,2026-09-19 00:03:16
169,2.6775,0.58625,21420,4690,21420,4690,0.0,0,0,CleanAir,0.0,2026-09-19 00:03:16
170,2.66313,0.58175,21305,4654,21305,4654,0.0,0,0,CleanAir,0.0,2026-09-19 00:03:17
171,2.65775,0.58088,21262,4647,21262,4647,0.0,0,0,CleanAir,0.0,2026-09-19 00:03:18
172,2.67788,0.586,21423,4688,21423,4688,0.0,0,0,CleanAir,0.0,2026-09-19 00:03:18
173,2.6735,0.584,21388,4672,21388,4672,0.0,0,0,CleanAir,0.0,2026-09-19 00:03:18
174,2.66988,0.58388,21359,4671,21359,4671,0.0,0,0,CleanAir,0.0,2026-09-19 00:03:19
175,2.66563,0.58238,21325,4659,21325,4659,0.0,0,0,CleanAir,0.0,2026-09-19 00:03:19
176,2.66225,0.5825,21298,4660,21298,4660,0.0,0,0,CleanAir,0.0,2026-09-19 00:03:19
177,2.63138,0.58188,21051,4655,21051,4655,0.0,0,0,CleanAir,0.0,2026-09-19 00:03:20
178,2.65475,0.585,21238,4680,21238,4680,0.0,0,0,CleanAir,0.0,2026-09-19 00:03:20
179,2.65188,0.5835,21215,4668,21215,4668,0.0,0,0,CleanAir,0.0,2026-09-19 00:03:20
180,2.64938,0.5825,21195,4660,21195,4660,0.0,0,0,CleanAir,0.0,2026-09-19 00:03:21
181,2.6165,0.5855,20932,4684,20932,4684,0.0,0,0,CleanAir,0.0,2026-09-19 00:03:22
182,2.61025,0.58263,20882,4661,20882,4661,0.0,0,0,CleanAir,0.0,2026-09-19 00:03:23
183,2.631,0.58488,21048,4679,21048,4679,0.0,0,0,CleanAir,0.0,2026-09-19 00:03:23
184,2.60638,0.58513,20851,4681,20851,4681,0.0,0,0,CleanAir,0.0,2026-09-19 00:03:23
185,2.62613,0.58138,21009,4651,21009,4651,0.0,0,0,CleanAir,0.0,2026-09-19 00:03:24
186,2.6115,0.5855,20892,4684,20892,4684,0.0,0,0,CleanAir,0.0,2026-09-19 00:03:24
187,2.593,0.5855,20744,4684,20744,4684,0.0,0,0,CleanAir,0.0,2026-09-19 00:03:25
188,2.594,0.5845,20752,4676,20752,4676,0.0,0,0,CleanAir,0.0,2026-09-19 00:03:25
189,2.60488,0.58425,20839,4674,20839,4674,0.0,0,0,CleanAir,0.0,2026-09-19 00:03:25
190,2.6135,0.58563,20908,4685,20908,4685,0.0,0,0,CleanAir,0.0,2026-09-19 00:03:26
191,2.61188,0.58213,20895,4657,20895,4657,0.0,0,0,CleanAir,0.0,2026-09-19 00:03:26
192,2.6095,0.58188,20876,4655,20876,4655,0.0,0,0,CleanAir,0.0,2026-09-19 00:03:27
193,2.60725,0.581,20858,4648,20858,4648,0.0,0,0,CleanAir,0.0,2026-09-19 00:03:27
194,2.60513,0.58175,20841,4654,20841,4654,0.0,0,0,CleanAir,0.0,2026-09-19 00:03:27
195,2.6035,0.58563,20828,4685,20828,4685,0.0,0,0,CleanAir,0.0,2026-09-19 00:03:28
196,2.60338,0.5825,20827,4660,20827,4660,0.0,0,0,CleanAir,0.0,2026-09-19 00:03:28
197,2.57675,0.58225,20614,4658,20614,4658,0.0,0,0,CleanAir,0.0,2026-09-19 00:03:28
198,2.59888,0.58263,20791,4661,20791,4661,0.0,0,0,CleanAir,0.0,2026-09-19 00:03:29
199,2.59675,0.5855,20774,4684,20774,4684,0.0,0,0,CleanAir,0.0,2026-09-19 00:03:30
200,2.595,0.58138,20760,4651,20760,4651,0.0,0,0,CleanAir,0.0,2026-09-19 00:03:30
201,2.5945,0.58213,20756,4657,20756,4657,0.0,0,0,CleanAir,0.0,2026-09-19 00:03:30
202,2.59213,0.58575,20737,4686,20737,4686,0.0,0,0,CleanAir,0.0,2026-09-19 00:03:31
203,2.576,0.58288,20608,4663,20608,4663,0.0,0,0,CleanAir,0.0,2026-09-19 00:03:31
204,2.5905,0.58513,20724,4681,20724,4681,0.0,0,0,CleanAir,0.0,2026-09-19 00:03:32
205,2.589,0.5855,20712,4684,20712,4684,0.0,0,0,CleanAir,0.0,2026-09-19 00:03:32
206,2.58863,0.58288,20709,4663,20709,4663,0.0,0,0,CleanAir,0.0,2026-09-19 00:03:33
207,2.5865,0.58538,20692,4683,20692,4683,0.0,0,0,CleanAir,0.0,2026-09-19 00:03:33
208,2.58538,0.58375,20683,4670,20683,4670,0.0,0,0,CleanAir,0.0,2026-09-19 00:03:34
209,2.56138,0.58463,20491,4677,20491,4677,0.0,0,0,CleanAir,0.0,2026-09-19 00:03:34
210,2.58263,0.58538,20661,4683,20661,4683,0.0,0,0,CleanAir,0.0,2026-09-19 00:03:35
211,2.5825,0.58313,20660,4665,20660,4665,0.0,0,0,CleanAir,0.0,2026-09-19 00:03:35
212,2.559,0.58275,20472,4662,20472,4662,0.0,0,0,CleanAir,0.0,2026-09-19 00:03:36
213,2.55688,0.58563,20455,4685,20455,4685,0.0,0,0,CleanAir,0.0,2026-09-19 00:03:37
214,2.58025,0.58175,20642,4654,20642,4654,0.0,0,0,CleanAir,0.0,2026-09-19 00:03:37
215,2.56038,0.58225,20483,4658,20483,4658,0.0,0,0,CleanAir,0.0,2026-09-19 00:03:37
216,2.57825,0.58375,20626,4670,20626,4670,0.0,0,0,CleanAir,0.0,2026-09-19 00:03:38
217,2.57775,0.58475,20622,4678,20622,4678,0.0,0,0,CleanAir,0.0,2026-09-19 00:03:38
218,2.577,0.58138,20616,4651,20616,4651,0.0,0,0,CleanAir,0.0,2026-09-19 00:03:39
219,2.55275,0.58538,20422,4683,20422,4683,0.0,0,0,CleanAir,0.0,2026-09-19 00:03:39
220,2.57538,0.585,20603,4680,20603,4680,0.0,0,0,CleanAir,0.0,2026-09-19 00:03:39
221,2.55563,0.58513,20445,4681,20445,4681,0.0,0,0,CleanAir,0.0,2026-09-19 00:03:40
222,2.55125,0.5825,20410,4660,20410,4660,0.0,0,0,CleanAir,0.0,2026-09-19 00:03:40
223,2.57288,0.58338,20583,4667,20583,4667,0.0,0,0,CleanAir,0.0,2026-09-19 00:03:41
224,2.56188,0.582,20495,4656,20495,4656,0.0,0,0,CleanAir,0.0,2026-09-19 00:03:41
225,2.54838,0.58175,20387,4654,20387,4654,0.0,0,0,CleanAir,0.0,2026-09-19 00:03:42
226,2.57238,0.58238,20579,4659,20579,4659,0.0,0,0,CleanAir,0.0,2026-09-19 00:03:42
227,2.56,0.58563,20480,4685,20480,4685,0.0,0,0,CleanAir,0.0,2026-09-19 00:03:42
228,2.57275,0.58325,20582,4666,20582,4666,0.0,0,0,CleanAir,0.0,2026-09-19 00:03:43
229,2.57163,0.583,20573,4664,20573,4664,0.0,0,0,CleanAir,0.0,2026-09-19 00:03:43
230,2.56488,0.583,20519,4664,20519,4664,0.0,0,0,CleanAir,0.0,2026-09-19 00:03:44
231,2.56988,0.582,20559,4656,20559,4656,0.0,0,0,CleanAir,0.0,2026-09-19 00:03:44
232,2.56925,0.58263,20554,4661,20554,4661,0.0,0,0,CleanAir,0.0,2026-09-19 00:03:45
233,2.55488,0.58513,20439,4681,20439,4681,0.0,0,0,CleanAir,0.0,2026-09-19 00:03:45
234,2.57013,0.58313,20561,4665,20561,4665,0.0,0,0,CleanAir,0.0,2026-09-19 00:03:46
235,2.56888,0.5835,20551,4668,20551,4668,0.0,0,0,CleanAir,0.0,2026-09-19 00:03:46
236,2.5675,0.58575,20540,4686,20540,4686,0.0,0,0,CleanAir,0.0,2026-09-19 00:03:47
237,2.568,0.58125,20544,4650,20544,4650,0.0,0,0,CleanAir,0.0,2026-09-19 00:03:47
238,2.56725,0.58363,20538,4669,20538,4669,0.0,0,0,CleanAir,0.0,2026-09-19 00:03:47
239,2.56775,0.58175,20542,4654,20542,4654,0.0,0,0,CleanAir,0.0,2026-09-19 00:03:48
240,2.5425,0.58563,20340,4685,20340,4685,0.0,0,0,CleanAir,0.0,2026-09-19 00:03:48
241,2.56713,0.582,20537,4656,20537,4656,0.0,0,0,CleanAir,0.0,2026-09-19 00:03:49
242,2.56563,0.58538,20525,4683,20525,4683,0.0,0,0,CleanAir,0.0,2026-09-19 00:03:50
243,2.55238,0.58388,20419,4671,20419,4671,0.0,0,0,CleanAir,0.0,2026-09-19 00:03:50
244,2.565,0.58138,20520,4651,20520,4651,0.0,0,0,CleanAir,0.0,2026-09-19 00:03:51
245,2.56513,0.58213,20521,4657,20521,4657,0.0,0,0,CleanAir,0.0,2026-09-19 00:03:51
246,2.54013,0.58113,20321,4649,20321,4649,0.0,0,0,CleanAir,0.0,2026-09-19 00:03:51
247,2.56413,0.58175,20513,4654,20513,4654,0.0,0,0,CleanAir,0.0,2026-09-19 00:03:52
248,2.5395,0.584,20316,4672,20316,4672,0.0,0,0,CleanAir,0.0,2026-09-19 00:03:52
249,2.56263,0.586,20501,4688,20501,4688,0.0,0,0,CleanAir,0.0,2026-09-19 00:03:52
0,2.43288,0.5895,19463,4716,19463,4716,3.3,255,0,CleanAir,0.0,2026-09-19 00:03:53
1,2.43588,0.58988,19487,4719,19487,4719,3.3,255,0,CleanAir,0.0,2026-09-19 00:03:53
2,2.50525,0.5875,20042,4700,20042,4700,3.3,255,0,CleanAir,0.0,2026-09-19 00:03:54
3,2.53638,0.58975,20291,4718,20291,4718,3.3,255,0,CleanAir,0.0,2026-09-19 00:03:54
4,2.56588,0.58738,20527,4699,20527,4699,3.3,255,0,CleanAir,0.0,2026-09-19 00:03:55
5,2.59513,0.58988,20761,4719,20761,4719,3.3,255,0,CleanAir,0.0,2026-09-19 00:03:55
6,2.59738,0.58788,20779,4703,20779,4703,3.3,255,0,CleanAir,0.0,2026-09-19 00:03:55
7,2.66188,0.58637,21295,4691,21295,4691,3.3,255,0,CleanAir,0.0,2026-09-19 00:03:56
8,2.7045,0.58738,21636,4699,21636,4699,3.3,255,0,CleanAir,0.0,2026-09-19 00:03:57
9,2.72888,0.58663,21831,4693,21831,4693,3.3,255,0,CleanAir,0.0,2026-09-19 00:03:57
10,2.75763,0.5875,22061,4700,22061,4700,3.3,255,0,CleanAir,0.0,2026-09-19 00:03:58
11,2.75063,0.5855,22005,4684,22005,4684,3.3,255,0,CleanAir,0.0,2026-09-19 00:03:58
12,2.79375,0.58725,22350,4698,22350,4698,3.3,255,0,CleanAir,0.0,2026-09-19 00:03:58
13,2.80663,0.59025,22453,4722,22453,4722,3.3,255,0,CleanAir,0.0,2026-09-19 00:03:59
14,2.826,0.58637,22608,4691,22608,4691,3.3,255,0,CleanAir,0.0,2026-09-19 00:03:59
15,2.815,0.58825,22520,4706,22520,4706,3.3,255,0,CleanAir,0.0,2026-09-19 00:03:59
16,2.85775,0.58763,22862,4701,22862,4701,3.3,255,0,CleanAir,0.0,2026-09-19 00:04:00
17,2.87575,0.59,23006,4720,23006,4720,3.3,255,0,CleanAir,0.0,2026-09-19 00:04:00
18,2.89575,0.59013,23166,4721,23166,4721,3.3,255,0,CleanAir,0.0,2026-09-19 00:04:01
19,2.89763,0.58675,23181,4694,23181,4694,3.3,255,0,CleanAir,0.0,2026-09-19 00:04:01
20,2.91988,0.58775,23359,4702,23359,4702,3.3,255,0,CleanAir,0.0,2026-09-19 00:04:02
21,2.93025,0.58975,23442,4718,23442,4718,3.3,255,0,CleanAir,0.0,2026-09-19 00:04:02
22,2.91413,0.59025,23313,4722,23313,4722,3.3,255,0,CleanAir,0.0,2026-09-19 00:04:02
23,2.9525,0.58688,23620,4695,23620,4695,3.3,255,0,CleanAir,0.0,2026-09-19 00:04:03
24,2.96425,0.58637,23714,4691,23714,4691,3.3,255,0,CleanAir,0.0,2026-09-19 00:04:03
25,2.977,0.5885,23816,4708,23816,4708,3.3,255,0,CleanAir,0.0,2026-09-19 00:04:04
26,2.98363,0.5865,23869,4692,23869,4692,3.3,255,0,CleanAir,0.0,2026-09-19 00:04:04
27,2.99063,0.58975,23925,4718,23925,4718,3.3,255,0,CleanAir,0.0,2026-09-19 00:04:05
28,2.97525,0.587,23802,4696,23802,4696,3.3,255,0,CleanAir,0.0,2026-09-19 00:04:05
29,3.0095,0.5905,24076,4724,24076,4724,3.3,255,0,CleanAir,0.0,2026-09-19 00:04:06
30,3.01888,0.588,24151,4704,24151,4704,3.3,255,0,CleanAir,0.0,2026-09-19 00:04:06
31,2.99725,0.58738,23978,4699,23978,4699,3.3,255,0,CleanAir,0.0,2026-09-19 00:04:06
32,3.03038,0.59063,24243,4725,24243,4725,3.3,255,0,CleanAir,0.0,2026-09-19 00:04:07
33,3.00925,0.58788,24074,4703,24074,4703,3.3,255,0,CleanAir,0.0,2026-09-19 00:04:07
34,3.04238,0.58625,24339,4690,24339,4690,3.3,255,0,CleanAir,0.0,2026-09-19 00:04:08
35,3.01788,0.58838,24143,4707,24143,4707,3.3,255,0,CleanAir,0.0,2026-09-19 00:04:08
36,3.051,0.58663,24408,4693,24408,4693,3.3,255,0,CleanAir,0.0,2026-09-19 00:04:08
37,3.02688,0.58588,24215,4687,24215,4687,3.3,255,0,CleanAir,0.0,2026-09-19 00:04:09
38,3.05825,0.59013,24466,4721,24466,4721,3.3,255,0,CleanAir,0.0,2026-09-19 00:04:09
39,3.03325,0.59025,24266,4722,24266,4722,3.3,255,0,CleanAir,0.0,2026-09-19 00:04:09
40,3.06638,0.59063,24531,4725,24531,4725,3.3,255,0,CleanAir,0.0,2026-09-19 00:04:10
41,3.07188,0.5875,24575,4700,24575,4700,3.3,255,0,CleanAir,0.0,2026-09-19 00:04:10
42,3.07638,0.587,24611,4696,24611,4696,3.3,255,0,CleanAir,0.0,2026-09-19 00:04:11
43,3.07988,0.58988,24639,4719,24639,4719,3.3,255,0,CleanAir,0.0,2026-09-19 00:04:11
44,3.08313,0.5885,24665,4708,24665,4708,3.3,255,0,CleanAir,0.0,2026-09-19 00:04:12
45,3.05825,0.59013,24466,4721,24466,4721,3.3,255,0,CleanAir,0.0,2026-09-19 00:04:12
46,3.07325,0.58713,24586,4697,24586,4697,3.3,255,0,CleanAir,0.0,2026-09-19 00:04:13
47,3.063,0.58675,24504,4694,24504,4694,3.3,255,0,CleanAir,0.0,2026-09-19 00:04:13
48,3.06463,0.58988,24517,4719,24517,4719,3.3,255,0,CleanAir,0.0,2026-09-19 00:04:13
49,3.09538,0.58688,24763,4695,24763,4695,3.3,255,0,CleanAir,0.0,2026-09-19 00:04:14
50,3.09813,0.58725,24785,4698,24785,4698,3.3,255,0,CleanAir,0.0,2026-09-19 00:04:14
51,3.08475,0.58963,24678,4717,24678,4717,3.3,255,0,CleanAir,0.0,2026-09-19 00:04:15
52,3.10138,0.58713,24811,4697,24811,4697,3.3,255,0,CleanAir,0.0,2026-09-19 00:04:15
53,3.07513,0.58688,24601,4695,24601,4695,3.3,255,0,CleanAir,0.0,2026-09-19 00:04:16
54,3.10075,0.58763,24806,4701,24806,4701,3.3,255,0,CleanAir,0.0,2026-09-19 00:04:16
55,3.07963,0.58663,24637,4693,24637,4693,3.3,255,0,CleanAir,0.0,2026-09-19 00:04:16
56,3.08088,0.587,24647,4696,24647,4696,3.3,255,0,CleanAir,0.0,2026-09-19 00:04:17
57,3.08413,0.58738,24673,4699,24673,4699,3.3,255,0,CleanAir,0.0,2026-09-19 00:04:17
58,3.113,0.58763,24904,4701,24904,4701,3.3,255,0,CleanAir,0.0,2026-09-19 00:04:17
59,3.10988,0.59063,24879,4725,24879,4725,3.3,255,0,CleanAir,0.0,2026-09-19 00:04:18
60,3.11488,0.5875,24919,4700,24919,4700,3.3,255,0,CleanAir,0.0,2026-09-19 00:04:18
61,3.11625,0.589,24930,4712,24930,4712,3.3,255,0,CleanAir,0.0,2026-09-19 00:04:19
62,3.08938,0.5905,24715,4724,24715,4724,3.3,255,0,CleanAir,0.0,2026-09-19 00:04:19
63,3.12038,0.58788,24963,4703,24963,4703,3.3,255,0,CleanAir,0.0,2026-09-19 00:04:19
64,3.118,0.58975,24944,4718,24944,4718,3.3,255,0,CleanAir,0.0,2026-09-19 00:04:20
65,3.12175,0.5875,24974,4700,24974,4700,3.3,255,0,CleanAir,0.0,2026-09-19 00:04:20
66,3.10863,0.58975,24869,4718,24869,4718,3.3,255,0,CleanAir,0.0,2026-09-19 00:04:21
67,3.12538,0.58813,25003,4705,25003,4705,3.3,255,0,CleanAir,0.0,2026-09-19 00:04:21
68,3.12488,0.58688,24999,4695,24999,4695,3.3,255,0,CleanAir,0.0,2026-09-19 00:04:21
69,3.12463,0.58688,24997,4695,24997,4695,3.3,255,0,CleanAir,0.0,2026-09-19 00:04:22
70,3.1245,0.58713,24996,4697,24996,4697,3.3,255,0,CleanAir,0.0,2026-09-19 00:04:22
71,3.126,0.58938,25008,4715,25008,4715,3.3,255,0,CleanAir,0.0,2026-09-19 00:04:22
72,3.11,0.59,24880,4720,24880,4720,3.3,255,0,CleanAir,0.0,2026-09-19 00:04:23
73,3.12888,0.58613,25031,4689,25031,4689,3.3,255,0,CleanAir,0.0,2026-09-19 00:04:23
74,3.10175,0.58625,24814,4690,24814,4690,3.3,255,0,CleanAir,0.0,2026-09-19 00:04:24
75,3.13138,0.5895,25051,4716,25051,4716,3.3,255,0,CleanAir,0.0,2026-09-19 00:04:24
76,3.13225,0.589,25058,4712,25058,4712,3.3,255,0,CleanAir,0.0,2026-09-19 00:04:24
77,3.13313,0.586,25065,4688,25065,4688,3.3,255,0,CleanAir,0.0,2026-09-19 00:04:25
78,3.10675,0.58813,24854,4705,24854,4705,3.3,255,0,CleanAir,0.0,2026-09-19 00:04:25
79,3.13725,0.587,25098,4696,25098,4696,3.3,255,0,CleanAir,0.0,2026-09-19 00:04:26
80,3.13725,0.58613,25098,4689,25098,4689,3.3,255,0,CleanAir,0.0,2026-09-19 00:04:26
81,3.13725,0.58938,25098,4715,25098,4715,3.3,255,0,CleanAir,0.0,2026-09-19 00:04:26
82,3.108,0.58838,24864,4707,24864,4707,3.3,255,0,CleanAir,0.0,2026-09-19 00:04:27
83,3.13738,0.58825,25099,4706,25099,4706,3.3,255,0,CleanAir,0.0,2026-09-19 00:04:27
84,3.1335,0.5905,25068,4724,25068,4724,3.3,255,0,CleanAir,0.0,2026-09-19 00:04:28
85,3.13763,0.58838,25101,4707,25101,4707,3.3,255,0,CleanAir,0.0,2026-09-19 00:04:28
86,3.13563,0.59038,25085,4723,25085,4723,3.3,255,0,CleanAir,0.0,2026-09-19 00:04:28
87,3.13888,0.59038,25111,4723,25111,4723,3.3,255,0,CleanAir,0.0,2026-09-19 00:04:29
88,3.14038,0.58675,25123,4694,25123,4694,3.3,255,0,CleanAir,0.0,2026-09-19 00:04:29
89,3.14163,0.58763,25133,4701,25133,4701,3.3,255,0,CleanAir,0.0,2026-09-19 00:04:30
90,3.14063,0.58613,25125,4689,25125,4689,3.3,255,0,CleanAir,0.0,2026-09-19 00:04:30
91,3.14163,0.58788,25133,4703,25133,4703,3.3,255,0,CleanAir,0.0,2026-09-19 00:04:31
92,3.14125,0.59,25130,4720,25130,4720,3.3,255,0,CleanAir,0.0,2026-09-19 00:04:31
93,3.14163,0.5865,25133,4692,25133,4692,3.3,255,0,CleanAir,0.0,2026-09-19 00:04:31
94,3.14313,0.5865,25145,4692,25145,4692,3.3,255,0,CleanAir,0.0,2026-09-19 00:04:32
95,3.14275,0.58988,25142,4719,25142,4719,3.3,255,0,CleanAir,0.0,2026-09-19 00:04:32
96,3.14425,0.58975,25154,4718,25154,4718,3.3,255,0,CleanAir,0.0,2026-09-19 00:04:33
97,3.14438,0.58763,25155,4701,25155,4701,3.3,255,0,CleanAir,0.0,2026-09-19 00:04:33
98,3.11538,0.589,24923,4712,24923,4712,3.3,255,0,CleanAir,0.0,2026-09-19 00:04:34
99,3.14475,0.58637,25158,4691,25158,4691,3.3,255,0,CleanAir,0.0,2026-09-19 00:04:34
100,3.122,0.59088,24976,4727,24976,4727,3.3,255,0,CleanAir,0.0,2026-09-19 00:04:34
101,3.14425,0.58863,25154,4709,25154,4709,3.3,255,0,CleanAir,0.0,2026-09-19 00:04:35
102,3.14525,0.59088,25162,4727,25162,4727,3.3,255,0,CleanAir,0.0,2026-09-19 00:04:35
103,3.145,0.59063,25160,4725,25160,4725,3.3,255,0,CleanAir,0.0,2026-09-19 00:04:36
104,3.11613,0.58625,24929,4690,24929,4690,3.3,255,0,CleanAir,0.0,2026-09-19 00:04:36
105,3.11775,0.58813,24942,4705,24942,4705,3.3,255,0,CleanAir,0.0,2026-09-19 00:04:36
106,3.14525,0.58625,25162,4690,25162,4690,3.3,255,0,CleanAir,0.0,2026-09-19 00:04:37
107,3.115,0.5875,24920,4700,24920,4700,3.3,255,0,CleanAir,0.0,2026-09-19 00:04:37
108,3.14375,0.5865,25150,4692,25150,4692,3.3,255,0,CleanAir,0.0,2026-09-19 00:04:38
109,3.12913,0.59063,25033,4725,25033,4725,3.3,255,0,CleanAir,0.0,2026-09-19 00:04:38
110,3.14488,0.58637,25159,4691,25159,4691,3.3,255,0,CleanAir,0.0,2026-09-19 00:04:38
111,3.117,0.58688,24936,4695,24936,4695,3.3,255,0,CleanAir,0.0,2026-09-19 00:04:39
112,3.14588,0.58788,25167,4703,25167,4703,3.3,255,0,CleanAir,0.0,2026-09-19 00:04:39
113,3.14638,0.59025,25171,4722,25171,4722,3.3,255,0,CleanAir,0.0,2026-09-19 00:04:39
114,3.1155,0.58725,24924,4698,24924,4698,3.3,255,0,CleanAir,0.0,2026-09-19 00:04:40
115,3.14675,0.58813,25174,4705,25174,4705,3.3,255,0,CleanAir,0.0,2026-09-19 00:04:40
116,3.12125,0.58613,24970,4689,24970,4689,3.3,255,0,CleanAir,0.0,2026-09-19 00:04:41
117,3.1155,0.59013,24924,4721,24924,4721,3.3,255,0,CleanAir,0.0,2026-09-19 00:04:41
118,3.14538,0.59025,25163,4722,25163,4722,3.3,255,0,CleanAir,0.0,2026-09-19 00:04:41
119,3.14625,0.58738,25170,4699,25170,4699,3.3,255,0,CleanAir,0.0,2026-09-19 00:04:42
120,3.11788,0.58738,24943,4699,24943,4699,3.3,255,0,CleanAir,0.0,2026-09-19 00:04:42
121,3.1455,0.589,25164,4712,25164,4712,3.3,255,0,CleanAir,0.0,2026-09-19 00:04:43
122,3.11775,0.58775,24942,4702,24942,4702,3.3,255,0,CleanAir,0.0,2026-09-19 00:04:43
123,3.149,0.58925,25192,4714,25192,4714,3.3,255,0,CleanAir,0.0,2026-09-19 00:04:43
124,3.13575,0.58825,25086,4706,25086,4706,3.3,255,0,CleanAir,0.0,2026-09-19 00:04:44
125,3.35313,0.58525,26825,4682,26825,4682,0.0,0,0,CleanAir,0.0,2026-09-19 00:04:44
126,3.32063,0.58575,26565,4686,26565,4686,0.0,0,0,CleanAir,0.0,2026-09-19 00:04:45
127,3.28638,0.58225,26291,4658,26291,4658,0.0,0,0,CleanAir,0.0,2026-09-19 00:04:45
128,3.23163,0.5865,25853,4692,25853,4692,0.0,0,0,CleanAir,0.0,2026-09-19 00:04:46
129,3.2345,0.58613,25876,4689,25876,4689,0.0,0,0,CleanAir,0.0,2026-09-19 00:04:46
130,3.20013,0.58538,25601,4683,25601,4683,0.0,0,0,CleanAir,0.0,2026-09-19 00:04:47
131,3.19388,0.58338,25551,4667,25551,4667,0.0,0,0,CleanAir,0.0,2026-09-19 00:04:47
132,3.17363,0.583,25389,4664,25389,4664,0.0,0,0,CleanAir,0.0,2026-09-19 00:04:47
133,3.1435,0.58313,25148,4665,25148,4665,0.0,0,0,CleanAir,0.0,2026-09-19 00:04:48
134,3.12188,0.58637,24975,4691,24975,4691,0.0,0,0,CleanAir,0.0,2026-09-19 00:04:48
135,3.06838,0.58288,24547,4663,24547,4663,0.0,0,0,CleanAir,0.0,2026-09-19 00:04:49
136,3.0715,0.58588,24572,4687,24572,4687,0.0,0,0,CleanAir,0.0,2026-09-19 00:04:49
137,3.02525,0.5855,24202,4684,24202,4684,0.0,0,0,CleanAir,0.0,2026-09-19 00:04:50
138,3.036,0.58225,24288,4658,24288,4658,0.0,0,0,CleanAir,0.0,2026-09-19 00:04:50
139,3.02025,0.58613,24162,4689,24162,4689,0.0,0,0,CleanAir,0.0,2026-09-19 00:04:50
140,3.00488,0.58288,24039,4663,24039,4663,0.0,0,0,CleanAir,0.0,2026-09-19 00:04:51
141,2.98338,0.58225,23867,4658,23867,4658,0.0,0,0,CleanAir,0.0,2026-09-19 00:04:51
142,2.97,0.58663,23760,4693,23760,4693,0.0,0,0,CleanAir,0.0,2026-09-19 00:04:52
143,2.95488,0.58313,23639,4665,23639,4665,0.0,0,0,CleanAir,0.0,2026-09-19 00:04:52
144,2.9445,0.58575,23556,4686,23556,4686,0.0,0,0,CleanAir,0.0,2026-09-19 00:04:52
145,2.92763,0.58663,23421,4693,23421,4693,0.0,0,0,CleanAir,0.0,2026-09-19 00:04:53
146,2.89863,0.58338,23189,4667,23189,4667,0.0,0,0,CleanAir,0.0,2026-09-19 00:04:53
147,2.87438,0.5825,22995,4660,22995,4660,0.0,0,0,CleanAir,0.0,2026-09-19 00:04:53
148,2.88375,0.5865,23070,4692,23070,4692,0.0,0,0,CleanAir,0.0,2026-09-19 00:04:54
149,2.86788,0.58388,22943,4671,22943,4671,0.0,0,0,CleanAir,0.0,2026-09-19 00:04:55
150,2.83688,0.58613,22695,4689,22695,4689,0.0,0,0,CleanAir,0.0,2026-09-19 00:04:55
151,2.84238,0.58375,22739,4670,22739,4670,0.0,0,0,CleanAir,0.0,2026-09-19 00:04:55
152,2.83213,0.58313,22657,4665,22657,4665,0.0,0,0,CleanAir,0.0,2026-09-19 00:04:56
153,2.79663,0.58575,22373,4686,22373,4686,0.0,0,0,CleanAir,0.0,2026-09-19 00:04:56
154,2.81063,0.58588,22485,4687,22485,4687,0.0,0,0,CleanAir,0.0,2026-09-19 00:04:57
155,2.79238,0.583,22339,4664,22339,4664,0.0,0,0,CleanAir,0.0,2026-09-19 00:04:57
156,2.7725,0.5835,22180,4668,22180,4668,0.0,0,0,CleanAir,0.0,2026-09-19 00:04:58
157,2.77463,0.58563,22197,4685,22197,4685,0.0,0,0,CleanAir,0.0,2026-09-19 00:04:58
158,2.74775,0.586,21982,4688,21982,4688,0.0,0,0,CleanAir,0.0,2026-09-19 00:04:59
159,2.7595,0.58637,22076,4691,22076,4691,0.0,0,0,CleanAir,0.0,2026-09-19 00:04:59
160,2.746,0.58188,21968,4655,21968,4655,0.0,0,0,CleanAir,0.0,2026-09-19 00:05:00
161,2.715,0.585,21720,4680,21720,4680,0.0,0,0,CleanAir,0.0,2026-09-19 00:05:00
162,2.73325,0.58613,21866,4689,21866,4689,0.0,0,0,CleanAir,0.0,2026-09-19 00:05:00
163,2.722,0.583,21776,4664,21776,4664,0.0,0,0,CleanAir,0.0,2026-09-19 00:05:01
164,2.71863,0.58675,21749,4694,21749,4694,0.0,0,0,CleanAir,0.0,2026-09-19 00:05:01
165,2.70975,0.58213,21678,4657,21678,4657,0.0,0,0,CleanAir,0.0,2026-09-19 00:05:02
166,2.70125,0.58488,21610,4679,21610,4679,0.0,0,0,CleanAir,0.0,2026-09-19 00:05:02
167,2.68313,0.58663,21465,4693,21465,4693,0.0,0,0,CleanAir,0.0,2026-09-19 00:05:03
168,2.6795,0.58275,21436,4662,21436,4662,0.0,0,0,CleanAir,0.0,2026-09-19 00:05:03
169,2.68488,0.58338,21479,4667,21479,4667,0.0,0,0,CleanAir,0.0,2026-09-19 00:05:03
170,2.65575,0.58625,21246,4690,21246,4690,0.0,0,0,CleanAir,0.0,2026-09-19 00:05:04
171,2.67475,0.58413,21398,4673,21398,4673,0.0,0,0,CleanAir,0.0,2026-09-19 00:05:04
172,2.64925,0.58288,21194,4663,21194,4663,0.0,0,0,CleanAir,0.0,2026-09-19 00:05:05
173,2.66613,0.58238,21329,4659,21329,4659,0.0,0,0,CleanAir,0.0,2026-09-19 00:05:05
174,2.639,0.58288,21112,4663,21112,4663,0.0,0,0,CleanAir,0.0,2026-09-19 00:05:05
175,2.65788,0.58625,21263,4690,21263,4690,0.0,0,0,CleanAir,0.0,2026-09-19 00:05:06
176,2.65425,0.58288,21234,4663,21234,4663,0.0,0,0,CleanAir,0.0,2026-09-19 00:05:06
177,2.65063,0.58313,21205,4665,21205,4665,0.0,0,0,CleanAir,0.0,2026-09-19 00:05:07
178,2.64775,0.58488,21182,4679,21182,4679,0.0,0,0,CleanAir,0.0,2026-09-19 00:05:07
179,2.63163,0.58625,21053,4690,21053,4690,0.0,0,0,CleanAir,0.0,2026-09-19 00:05:07
180,2.64025,0.58538,21122,4683,21122,4683,0.0,0,0,CleanAir,0.0,2026-09-19 00:05:08
181,2.6385,0.582,21108,4656,21108,4656,0.0,0,0,CleanAir,0.0,2026-09-19 00:05:08
182,2.63463,0.584,21077,4672,21077,4672,0.0,0,0,CleanAir,0.0,2026-09-19 00:05:08
183,2.60813,0.58338,20865,4667,20865,4667,0.0,0,0,CleanAir,0.0,2026-09-19 00:05:09
184,2.62825,0.58375,21026,4670,21026,4670,0.0,0,0,CleanAir,0.0,2026-09-19 00:05:09
185,2.60175,0.58375,20814,4670,20814,4670,0.0,0,0,CleanAir,0.0,2026-09-19 00:05:10
186,2.62313,0.58238,20985,4659,20985,4659,0.0,0,0,CleanAir,0.0,2026-09-19 00:05:10
187,2.59713,0.58313,20777,4665,20777,4665,0.0,0,0,CleanAir,0.0,2026-09-19 00:05:10
188,2.60938,0.58313,20875,4665,20875,4665,0.0,0,0,CleanAir,0.0,2026-09-19 00:05:11
189,2.61575,0.58338,20926,4667,20926,4667,0.0,0,0,CleanAir,0.0,2026-09-19 00:05:11
190,2.601,0.5835,20808,4668,20808,4668,0.0,0,0,CleanAir,0.0,2026-09-19 00:05:11
191,2.5855,0.58625,20684,4690,20684,4690,0.0,0,0,CleanAir,0.0,2026-09-19 00:05:12
192,2.606,0.58313,20848,4665,20848,4665,0.0,0,0,CleanAir,0.0,2026-09-19 00:05:13
193,2.58125,0.58288,20650,4663,20650,4663,0.0,0,0,CleanAir,0.0,2026-09-19 00:05:13
194,2.5985,0.58325,20788,4666,20788,4666,0.0,0,0,CleanAir,0.0,2026-09-19 00:05:14
195,2.57663,0.58263,20613,4661,20613,4661,0.0,0,0,CleanAir,0.0,2026-09-19 00:05:14
196,2.59888,0.5835,20791,4668,20791,4668,0.0,0,0,CleanAir,0.0,2026-09-19 00:05:14
197,2.59663,0.584,20773,4672,20773,4672,0.0,0,0,CleanAir,0.0,2026-09-19 00:05:15
198,2.5715,0.584,20572,4672,20572,4672,0.0,0,0,CleanAir,0.0,2026-09-19 00:05:15
199,2.59288,0.58225,20743,4658,20743,4658,0.0,0,0,CleanAir,0.0,2026-09-19 00:05:16
200,2.56838,0.582,20547,4656,20547,4656,0.0,0,0,CleanAir,0.0,2026-09-19 00:05:16
201,2.59,0.58263,20720,4661,20720,4661,0.0,0,0,CleanAir,0.0,2026-09-19 00:05:17
202,2.565,0.584,20520,4672,20520,4672,0.0,0,0,CleanAir,0.0,2026-09-19 00:05:17
203,2.58863,0.58375,20709,4670,20709,4670,0.0,0,0,CleanAir,0.0,2026-09-19 00:05:17
204,2.58713,0.58375,20697,4670,20697,4670,0.0,0,0,CleanAir,0.0,2026-09-19 00:05:18
205,2.58638,0.58425,20691,4674,20691,4674,0.0,0,0,CleanAir,0.0,2026-09-19 00:05:18
206,2.56175,0.58275,20494,4662,20494,4662,0.0,0,0,CleanAir,0.0,2026-09-19 00:05:19
207,2.58425,0.58563,20674,4685,20674,4685,0.0,0,0,CleanAir,0.0,2026-09-19 00:05:19
208,2.58325,0.5845,20666,4676,20666,4676,0.0,0,0,CleanAir,0.0,2026-09-19 00:05:19
209,2.58075,0.586,20646,4688,20646,4688,0.0,0,0,CleanAir,0.0,2026-09-19 00:05:20
210,2.57663,0.58625,20613,4690,20613,4690,0.0,0,0,CleanAir,0.0,2026-09-19 00:05:20
211,2.55688,0.58613,20455,4689,20455,4689,0.0,0,0,CleanAir,0.0,2026-09-19 00:05:21
212,2.57975,0.58313,20638,4665,20638,4665,0.0,0,0,CleanAir,0.0,2026-09-19 00:05:21
213,2.55613,0.5825,20449,4660,20449,4660,0.0,0,0,CleanAir,0.0,2026-09-19 00:05:21
214,2.5775,0.58175,20620,4654,20620,4654,0.0,0,0,CleanAir,0.0,2026-09-19 00:05:22
215,2.56038,0.58463,20483,4677,20483,4677,0.0,0,0,CleanAir,0.0,2026-09-19 00:05:22
216,2.5765,0.58338,20612,4667,20612,4667,0.0,0,0,CleanAir,0.0,2026-09-19 00:05:23
217,2.55763,0.584,20461,4672,20461,4672,0.0,0,0,CleanAir,0.0,2026-09-19 00:05:23
218,2.57488,0.58525,20599,4682,20599,4682,0.0,0,0,CleanAir,0.0,2026-09-19 00:05:23
219,2.57488,0.58363,20599,4669,20599,4669,0.0,0,0,CleanAir,0.0,2026-09-19 00:05:24
220,2.5745,0.58363,20596,4669,20596,4669,0.0,0,0,CleanAir,0.0,2026-09-19 00:05:24
221,2.5665,0.58613,20532,4689,20532,4689,0.0,0,0,CleanAir,0.0,2026-09-19 00:05:25
222,2.57288,0.58675,20583,4694,20583,4694,0.0,0,0,CleanAir,0.0,2026-09-19 00:05:25
223,2.57125,0.58213,20570,4657,20570,4657,0.0,0,0,CleanAir,0.0,2026-09-19 00:05:25
224,2.54975,0.58325,20398,4666,20398,4666,0.0,0,0,CleanAir,0.0,2026-09-19 00:05:26
225,2.57063,0.58713,20565,4697,20565,4697,0.0,0,0,CleanAir,0.0,2026-09-19 00:05:26
226,2.57013,0.58663,20561,4693,20561,4693,0.0,0,0,CleanAir,0.0,2026-09-19 00:05:26
227,2.57038,0.58637,20563,4691,20563,4691,0.0,0,0,CleanAir,0.0,2026-09-19 00:05:27
228,2.54538,0.5855,20363,4684,20363,4684,0.0,0,0,CleanAir,0.0,2026-09-19 00:05:27
229,2.56738,0.5865,20539,4692,20539,4692,0.0,0,0,CleanAir,0.0,2026-09-19 00:05:28
230,2.56763,0.58375,20541,4670,20541,4670,0.0,0,0,CleanAir,0.0,2026-09-19 00:05:28
231,2.54438,0.58313,20355,4665,20355,4665,0.0,0,0,CleanAir,0.0,2026-09-19 00:05:28
232,2.56613,0.586,20529,4688,20529,4688,0.0,0,0,CleanAir,0.0,2026-09-19 00:05:29
233,2.54288,0.58475,20343,4678,20343,4678,0.0,0,0,CleanAir,0.0,2026-09-19 00:05:29
234,2.56688,0.58288,20535,4663,20535,4663,0.0,0,0,CleanAir,0.0,2026-09-19 00:05:30
235,2.54525,0.58675,20362,4694,20362,4694,0.0,0,0,CleanAir,0.0,2026-09-19 00:05:30
236,2.56588,0.5845,20527,4676,20527,4676,0.0,0,0,CleanAir,0.0,2026-09-19 00:05:30
237,2.55538,0.58637,20443,4691,20443,4691,0.0,0,0,CleanAir,0.0,2026-09-19 00:05:31
238,2.56588,0.5855,20527,4684,20527,4684,0.0,0,0,CleanAir,0.0,2026-09-19 00:05:31
239,2.56488,0.58288,20519,4663,20519,4663,0.0,0,0,CleanAir,0.0,2026-09-19 00:05:32
240,2.5415,0.582,20332,4656,20332,4656,0.0,0,0,CleanAir,0.0,2026-09-19 00:05:32
241,2.5655,0.583,20524,4664,20524,4664,0.0,0,0,CleanAir,0.0,2026-09-19 00:05:32
242,2.5405,0.58675,20324,4694,20324,4694,0.0,0,0,CleanAir,0.0,2026-09-19 00:05:33
243,2.54025,0.58525,20322,4682,20322,4682,0.0,0,0,CleanAir,0.0,2026-09-19 00:05:33
244,2.56325,0.58637,20506,4691,20506,4691,0.0,0,0,CleanAir,0.0,2026-09-19 00:05:34
245,2.56263,0.58225,20501,4658,20501,4658,0.0,0,0,CleanAir,0.0,2026-09-19 00:05:34
246,2.54025,0.5835,20322,4668,20322,4668,0.0,0,0,CleanAir,0.0,2026-09-19 00:05:34
247,2.56325,0.58413,20506,4673,20506,4673,0.0,0,0,CleanAir,0.0,2026-09-19 00:05:36
