S1,S2,S3,S4,S5,S6,S7,S8
1.004674096,1.00006496,1.000779944,1.00411636,1.000349608,1.000442493,1.000260093,1.000098873
1.00451286,0.999554373,1.000953117,1.004677867,0.999948468,1.000139433,0.999902078,0.999911505
1.00451286,0.99873062,1.00120067,1.004677867,0.999366332,1.000152269,0.99902956,0.99970705
1.00451286,0.998015469,1.001238716,1.004303524,0.99912138,1.000313191,0.999807858,0.999626098
1.004351628,0.997296913,1.001214825,1.003367753,0.998930565,1.000382466,0.999804436,0.999417355
1.004029177,0.996660836,1.001281512,1.003929201,0.99949213,1.00039638,0.999791965,0.999400159
1.003706744,0.99600326,1.001374787,1.003929201,0.999482236,1.00051805,0.999761818,0.999247691
1.003061929,0.99528802,1.001351548,1.003929201,0.99983465,1.000544776,0.999759871,0.999227245
1.003061929,0.994365786,1.00145556,1.00411636,0.999822857,1.000532172,0.999429922,0.998975002
1.002578363,0.993270908,1.001659966,1.003742046,0.999794328,1.000382047,0.999260443,0.998770347
1.002578363,0.992352077,1.001856374,1.003367753,0.999742302,1.00033811,0.998939658,0.998534846
1.002417183,0.991691149,1.002044129,1.003367753,1.000487272,1.000547971,0.998885011,0.998375814
1.002578363,0.990756307,1.00217957,1.003367753,1.000663988,1.000761694,0.998856499,0.998179943
1.002739547,0.9898667,1.002277205,1.003180613,1.001218697,1.000898291,0.998992905,0.998019613
1.002739547,0.988977063,1.00239059,1.003929201,1.00139851,1.001055999,0.998801014,0.997813184
1.002739547,0.987984437,1.002455944,1.003554897,1.001349988,1.001314415,0.998324838,0.997557743
1.002739547,0.987066346,1.002544411,1.002806349,1.002097165,1.001522005,0.998311585,0.997507018
1.002900736,0.986072994,1.002545391,1.003180613,1.002844923,1.001696282,0.99783208,0.997356687
1.003061929,0.985571332,1.002540999,1.003742046,1.003208367,1.001596558,0.997501365,0.997180435
1.002900736,0.985002027,1.002571764,1.003367753,1.003185845,1.001557701,0.997174006,0.996969725
1.003223126,0.984927695,1.003021272,1.003742046,1.003353528,1.001388747,0.997502275,0.99692564
1.003545534,0.985015633,1.003193478,1.003554897,1.003509454,1.001082511,0.997640058,0.996750325
1.003867958,0.985285214,1.003374555,1.002806349,1.003675425,1.000772927,0.99695759,0.996594364
1.004674096,0.98546244,1.003466127,1.002993479,1.004611193,1.00053128,0.996319968,0.996446806
1.004835336,0.985640067,1.003614368,1.003929201,1.004983759,1.000176197,0.995317108,0.996292224
1.00515783,0.985785997,1.003879044,1.004490693,1.005539356,0.999819733,0.995143774,0.996273485
1.005480341,0.985676007,1.004037559,1.00411636,1.005136516,0.999850109,0.99475433,0.996093908
1.005641604,0.985876048,1.004194776,1.004490693,1.005699843,0.999596673,0.994023265,0.996054149
1.006125416,0.98621347,1.004316381,1.004490693,1.005511678,0.999340271,0.993532928,0.995793347
1.006447979,0.986660437,1.004414145,1.004303524,1.00531596,0.999186894,0.99352384,0.995749632
1.006931855,0.987445105,1.004275965,1.003929201,1.004718428,0.999090079,0.993017271,0.995600616
1.007254462,0.988137051,1.00423903,1.003554897,1.004135807,0.998940165,0.992695046,0.995528619
1.007577085,0.988805947,1.004244592,1.003367753,1.003744,0.998735852,0.99219578,0.995423244
1.007577085,0.989412164,1.004253689,1.003929201,1.003706151,0.998545996,0.991520489,0.995326632
1.007415771,0.990149412,1.004291483,1.003929201,1.003319521,0.998467855,0.99132686,0.995167312
1.007093156,0.98989421,1.004343484,1.003929201,1.003877921,0.998167877,0.991351947,0.995135458
1.006931855,0.990169824,1.004266824,1.004303524,1.004226184,0.998169,0.991002619,0.995029
1.007093156,0.990387414,1.004028588,1.005239419,1.003846118,0.998150208,0.990501898,0.994820054
1.006931855,0.990547267,1.004061929,1.005426612,1.00325248,0.998232619,0.990486317,0.994758149
1.006931855,0.990216412,1.003945154,1.005239419,1.003016185,0.998520672,0.990317607,0.994746959
1.006931855,0.990045152,1.003937699,1.005613811,1.003165744,0.998854809,0.990531386,0.994701234
1.007415771,0.989768485,1.003846561,1.005801015,1.003338821,0.999226766,0.990373214,0.994614617
1.007415771,0.989545209,1.003785476,1.005801015,1.002947489,0.99957945,0.990585071,0.994737639
1.007254462,0.989240972,1.003638966,1.006362655,1.002943944,0.999881745,0.990394977,0.99471004
1.006770559,0.988728343,1.003608878,1.006175437,1.002526588,0.999948707,0.990471365,0.994607143
1.006447979,0.988177663,1.003467558,1.005426612,1.001738057,0.999987234,0.990598883,0.994482038
1.006286695,0.987619098,1.003323442,1.00505223,1.000764981,0.999938451,0.989760619,0.994234933
1.005964141,0.987400308,1.00323248,1.005426612,1.001327686,0.999720637,0.989578706,0.994097509
1.00580287,0.986813111,1.003019595,1.005239419,1.001087024,0.999576036,0.989681402,0.994089092
1.00580287,0.986264152,1.003052038,1.005426612,1.001268706,0.999533527,0.989468161,0.994012089
1.005480341,0.985732723,1.00286458,1.005613811,1.001630049,0.999414129,0.989291096,0.993814008
1.004996581,0.984994391,1.002776458,1.006175437,1.002186604,0.999392954,0.98918683,0.993820898
1.004996581,0.984360947,1.002680846,1.006549879,1.00272744,0.999318631,0.988998513,0.993687814
1.004674096,0.98397438,1.002396825,1.006737107,1.003093584,0.999360056,0.988971015,0.99358491
1.004351628,0.983754174,1.00218999,1.00692434,1.002891755,0.999435861,0.988962523,0.99360517
1.004674096,0.983425336,1.001810636,1.00692434,1.003240565,0.999544173,0.988315844,0.993633629
1.005319084,0.984001571,1.001388024,1.00692434,1.002828195,0.999803365,0.988459436,0.993550157
1.005319084,0.984078012,1.001155141,1.007298822,1.002827456,0.999761549,0.988239266,0.993500127
1.00515783,0.984131578,1.00111885,1.007860581,1.002784251,0.9998362,0.988264253,0.993347365
1.004996581,0.984236568,1.000952758,1.007860581,1.002592626,0.999842184,0.987791011,0.993199622
1.00515783,0.98445624,1.00084077,1.008609663,1.002530673,0.999811816,0.987551761,0.993166013
1.005319084,0.984610024,1.000710502,1.008609663,1.002329889,0.999725674,0.987053933,0.993061042
1.00515783,0.984640619,1.000601417,1.009171526,1.002476789,0.999619943,0.986619991,0.99290164
1.004674096,0.984201818,1.000632225,1.008984234,1.002277005,0.999481493,0.985605887,0.992709578
1.004835336,0.983806555,1.000615918,1.008235112,1.002464953,0.999392122,0.984844756,0.992546671
1.004674096,0.98373493,1.000533633,1.008422385,1.002627931,0.999449267,0.985103164,0.992511391
1.004835336,0.983685801,1.000477315,1.008796946,1.003346963,0.99960849,0.984743652,0.992412666
1.004674096,0.983589158,1.000484442,1.008984234,1.004058541,0.999725024,0.985022886,0.992390432
1.004835336,0.983329225,1.000395765,1.008235112,1.003678049,0.999914621,0.984506661,0.992300674
1.00515783,0.983320003,1.000368604,1.007860581,1.00367656,1.000163586,0.983668978,0.992143882
1.00515783,0.983088591,1.000262491,1.007673323,1.003644178,1.000431568,0.983306359,0.992145579
1.005480341,0.983069039,1.000185804,1.007860581,1.003630299,1.000555518,0.982964667,0.992056298
1.005319084,0.982569837,0.999931368,1.008047844,1.003435804,1.000808369,0.982157095,0.99180648
1.004835336,0.98191824,0.999556576,1.008047844,1.003244601,1.001073462,0.982231234,0.991767429
1.004835336,0.981231731,0.999376136,1.008235112,1.002659379,1.001188074,0.981786316,0.991684451
1.004996581,0.980319175,0.999278036,1.008047844,1.002650774,1.001257143,0.981264491,0.991372432
1.004674096,0.979329359,0.999191105,1.008047844,1.002269586,1.001223924,0.981090309,0.991178732
1.004190401,0.978386076,0.998999987,1.007673323,1.001859509,1.001226007,0.979965529,0.990971251
1.004029177,0.977352229,0.998859034,1.006737107,1.001283862,1.001187664,0.979661699,0.990668833
1.003706744,0.976466689,0.998673923,1.006362655,1.001068699,1.001227919,0.97909533,0.990579476
1.003867958,0.975851672,0.998736996,1.006175437,1.001066406,1.000970186,0.978096951,0.990318782
1.003384328,0.975258964,0.998840579,1.005239419,1.001055078,1.000717402,0.977705831,0.990112048
1.003223126,0.974695596,0.998892117,1.004865046,1.001013239,1.000412315,0.977064659,0.989847232
1.002900736,0.974046283,0.998995274,1.00411636,1.000431929,1.000173785,0.976392924,0.989639776
1.002739547,0.973917965,0.99906993,1.003929201,1.000414214,1.00009914,0.976348272,0.989612261
1.002739547,0.973843438,0.999182644,1.004677867,1.000208282,1.000023084,0.976014136,0.989459976
1.002417183,0.973586927,0.999291288,1.004865046,1.000002165,0.999899101,0.975181714,0.98926581
1.002739547,0.973458625,0.999349679,1.004303524,0.99976081,0.999785108,0.974689047,0.989107146
1.003384328,0.973397173,0.999469274,1.004677867,0.999571579,0.999744666,0.974306197,0.988954461
1.003545534,0.973163173,0.999746593,1.004865046,0.999185348,0.999641824,0.974145581,0.988792916
1.003867958,0.973099406,1.000071415,1.005613811,0.99935993,0.999418943,0.974430617,0.988634234
1.004351628,0.972912408,1.00029797,1.005613811,0.998946914,0.999180414,0.974234381,0.988404985
1.004190401,0.972610216,1.000527545,1.005613811,0.999132116,0.998962555,0.974022461,0.988357351
1.00515783,0.972935754,1.000922391,1.005239419,0.999475491,0.998620264,0.973995281,0.988367526
1.00580287,0.973175165,1.001518833,1.005801015,0.999439388,0.998222144,0.973189661,0.988222012
1.006286695,0.973417376,1.001960627,1.005988223,0.99999369,0.997922987,0.972839052,0.988019311
1.006286695,0.973652839,1.002378116,1.005988223,1.000738738,0.997623479,0.972747347,0.988090555
1.006609267,0.973925423,1.002877955,1.005988223,1.00073479,0.997375715,0.9723766,0.987959714
1.008867752,0.988129292,1.012383349,1.005801015,1.001479241,1.000786009,0.976238976,0.990135774
1.010481474,1.00280408,1.02224586,1.006175437,1.001838388,1.004543271,0.97967403,0.992477705
1.012257068,1.017521883,1.032248941,1.005988223,1.001812716,1.008295251,0.982633183,0.99485453
1.014033185,1.032214352,1.042079561,1.006549879,1.002166443,1.01230722,0.986387902,0.997252651
1.015971365,1.047065368,1.05186692,1.006175437,1.001971517,1.016327041,0.98928416,0.999607677
1.017425408,1.062086576,1.061692186,1.005988223,1.001775804,1.020364216,0.99288109,1.002152992
1.019364679,1.077359758,1.071686543,1.006362655,1.002523918,1.024461826,0.996331001,1.004567777
1.021142892,1.093006451,1.081856017,1.006175437,1.002710662,1.028466694,0.999619327,1.006928214
1.022598184,1.10890656,1.091954934,1.005801015,1.002853839,1.032490778,1.003341652,1.009424763
1.025348027,1.125675386,1.102533159,1.005801015,1.002943209,1.037426133,1.007585065,1.012495361
1.027289848,1.14285473,1.1135765,1.005801015,1.002738484,1.042499377,1.01249803,1.01579347
1.028908509,1.160244264,1.124577184,1.005239419,1.002703019,1.047570288,1.017072799,1.018984128
1.030851477,1.178150609,1.135585103,1.005239419,1.003068257,1.052680668,1.021824238,1.022412406
1.03263308,1.196147721,1.146708112,1.00505223,1.002680261,1.058016902,1.026413025,1.025845333
1.034091146,1.214465578,1.158029739,1.005426612,1.002864504,1.063456674,1.031013451,1.029178942
1.035711633,1.232995607,1.169453777,1.005239419,1.002624508,1.068816523,1.035910641,1.032632765
1.037170443,1.251826902,1.180931267,1.00505223,1.002435976,1.074152586,1.040812854,1.03602431
1.039440404,1.271216137,1.192530229,1.004677867,1.002425751,1.079510834,1.045740273,1.039542622
1.040900116,1.291040352,1.204245092,1.004677867,1.002610208,1.084885394,1.051280968,1.043339387
1.043171479,1.311207111,1.216265785,1.004865046,1.002416919,1.09016549,1.05676222,1.047139662
1.045119042,1.331708622,1.228345241,1.005239419,1.002757038,1.095611471,1.062279911,1.051129879
1.044956722,1.333090808,1.229446109,1.005613811,1.002745171,1.097179266,1.064320092,1.052628794
1.04576837,1.334438086,1.230305183,1.005801015,1.003116867,1.098184007,1.066311733,1.054020106
1.046255411,1.335554882,1.231028743,1.005988223,1.00325522,1.099239775,1.068490308,1.055517121
1.046580127,1.336752975,1.231706402,1.005613811,1.003249531,1.100306289,1.07088541,1.056954399
1.047391993,1.338066289,1.232511576,1.006362655,1.004162494,1.101353837,1.073045357,1.058414313
1.048041565,1.339420824,1.233525747,1.00692434,1.004489932,1.102428535,1.075524357,1.059803818
1.048528789,1.340877118,1.23432203,1.00692434,1.004299786,1.103387534,1.078124298,1.061464924
1.048853627,1.34228196,1.234893097,1.00748607,1.004469197,1.104389247,1.080505684,1.06319876
1.049340917,1.34377867,1.235485802,1.007860581,1.004459704,1.105493907,1.082907322,1.064905442
1.049016053,1.344317243,1.235676349,1.00748607,1.004458574,1.105662859,1.084641577,1.066031908
1.048528789,1.344745149,1.235685635,1.007860581,1.004615041,1.105670459,1.085547555,1.067008044
1.048853627,1.345274035,1.235705944,1.007860581,1.004582965,1.105672189,1.086935474,1.068033136
1.048528789,1.345856183,1.235724426,1.007673323,1.004752429,1.105649223,1.087941958,1.068776195
1.048366377,1.346257823,1.235653872,1.007298822,1.005275045,1.105539974,1.08938135,1.069642728
1.048528789,1.346753866,1.235536361,1.007111579,1.005797559,1.105431186,1.090901122,1.070666214
1.048528789,1.346907336,1.235298061,1.00748607,1.006143665,1.105269645,1.092475718,1.071606699
1.048528789,1.347218192,1.234937714,1.007673323,1.005930918,1.105036516,1.094386726,1.072631016
1.04771677,1.347225562,1.234593349,1.007673323,1.005669269,1.104821055,1.09628584,1.073624521
1.047391993,1.347032211,1.234293631,1.00692434,1.005425306,1.104593761,1.097166423,1.074327884
1.04690486,1.346903943,1.233935769,1.006737107,1.005611119,1.104389131,1.097962537,1.074947109
1.046417767,1.34705142,1.233519844,1.006549879,1.005190792,1.104203443,1.098896195,1.075436159
1.045930712,1.347021524,1.233119396,1.006362655,1.004812316,1.103975157,1.09948717,1.076141188
1.045606031,1.346790523,1.232524185,1.006175437,1.004205398,1.103767375,1.100289569,1.07679663
1.045281368,1.346746543,1.232105934,1.006175437,1.004380846,1.103495981,1.10130611,1.077207505
1.045281368,1.34696371,1.231880917,1.005613811,1.004368894,1.102996932,1.101935595,1.077954866
1.044794405,1.34699186,1.23161219,1.005426612,1.003990781,1.102555689,1.103257374,1.078631339
1.044632093,1.346928716,1.231151247,1.00505223,1.004366296,1.102170197,1.104197125,1.079253628
1.044145182,1.346970265,1.230859926,1.004865046,1.004171657,1.101838706,1.104480466,1.079592965
1.043982888,1.346784206,1.230639158,1.004865046,1.003979236,1.101420053,1.105432414,1.07993406
1.043982888,1.346650935,1.230666961,1.005239419,1.003964281,1.100929033,1.106207691,1.080396398
1.044145182,1.346571509,1.230547817,1.005239419,1.004323374,1.100548173,1.106839973,1.080792041
1.044307482,1.34637863,1.230308397,1.005613811,1.004510377,1.100136359,1.107509,1.081169627
1.043820597,1.346069415,1.230068971,1.005988223,1.004678456,1.099656855,1.107979016,1.081510026
1.043982888,1.346163119,1.22996135,1.006549879,1.00467616,1.099106403,1.109249832,1.081909977
1.043820597,1.345852671,1.229932941,1.006737107,1.004108199,1.098556501,1.109871549,1.082136642
1.043333752,1.34547496,1.229756793,1.006175437,1.003533447,1.098008213,1.110067223,1.08219641
1.04349603,1.345655792,1.229774854,1.005988223,1.003500283,1.097671737,1.110420451,1.08236693
1.043333752,1.345533035,1.230017091,1.006362655,1.003680787,1.097410438,1.11052026,1.082510188
1.04349603,1.345647525,1.230168438,1.006362655,1.003978023,1.097136926,1.111245721,1.082514583
1.043820597,1.345548144,1.230383352,1.00692434,1.003406463,1.096858631,1.111727101,1.082519615
1.043820597,1.345624872,1.23048552,1.006737107,1.003212142,1.096598993,1.11213434,1.082510097
1.043658311,1.345647146,1.230553627,1.006549879,1.003574649,1.09625262,1.112571822,1.082579642
1.043658311,1.345708905,1.230882066,1.006737107,1.004116972,1.096093727,1.113857211,1.082752321
1.043658311,1.345775707,1.231081992,1.006549879,1.004284767,1.095763726,1.114663406,1.082926631
1.044145182,1.34591401,1.231364724,1.006549879,1.003907631,1.095458513,1.115135311,1.083103913
1.044307482,1.345730063,1.231372431,1.00692434,1.004093391,1.095466658,1.115424832,1.083053404
1.044632093,1.345699431,1.2312889,1.00692434,1.004245296,1.095303553,1.115253204,1.083110002
1.044956722,1.345616033,1.23142282,1.00748607,1.004225835,1.095234827,1.115574349,1.083114164
1.045606031,1.345522749,1.231501457,1.007673323,1.00440681,1.09507381,1.115875067,1.083178359
1.046255411,1.345432564,1.231569701,1.008047844,1.005330774,1.094972761,1.115854159,1.083189573
1.046417767,1.345273719,1.231456315,1.007860581,1.005313781,1.094880319,1.116623426,1.083256078
1.046093059,1.345114284,1.231289982,1.007673323,1.005171293,1.094562651,1.11703352,1.083146072
1.046093059,1.344860808,1.231303276,1.00748607,1.005164581,1.094179123,1.117470923,1.083054941
1.046255411,1.344723751,1.231307411,1.007673323,1.005506581,1.093889191,1.118365434,1.083071055
1.046580127,1.344011022,1.231372133,1.007860581,1.005502318,1.093628459,1.118005925,1.082931353
1.046742491,1.343935109,1.231378985,1.007860581,1.005689533,1.093313164,1.11826357,1.083017027
1.046580127,1.343814651,1.231523242,1.008235112,1.005835873,1.092990518,1.11901621,1.082982963
1.046417767,1.343659128,1.231558347,1.007673323,1.005834803,1.09270268,1.119124172,1.082936841
1.046093059,1.343555417,1.231407804,1.00692434,1.006016486,1.092278637,1.1188576,1.082775047
1.046255411,1.343375097,1.231544938,1.006737107,1.006764184,1.092034086,1.11877584,1.082800531
1.045930712,1.343062112,1.231188478,1.00692434,1.00710006,1.091935258,1.119084347,1.08280489
1.045930712,1.343019475,1.230960498,1.007298822,1.007463716,1.091897647,1.119384726,1.082805561
1.046093059,1.343081762,1.230865549,1.007673323,1.007072421,1.091853984,1.119671446,1.082914449
1.046742491,1.343024658,1.230447939,1.007860581,1.006693251,1.09163739,1.11943518,1.08263328
1.046742491,1.343054856,1.230237565,1.007673323,1.006685825,1.091671575,1.119229818,1.082412437
1.046580127,1.343177605,1.229899001,1.00748607,1.007034915,1.091783602,1.119497749,1.082092804
1.04576837,1.343275306,1.229665399,1.007673323,1.007011724,1.091794207,1.120075291,1.081838128
1.045443697,1.343221994,1.229592517,1.00748607,1.006789646,1.091886921,1.120335915,1.081646383
1.045119042,1.343273421,1.229308007,1.007673323,1.006388123,1.091789295,1.119969458,1.081367389
1.04349603,1.33872271,1.224382568,1.007298822,1.006197274,1.090645061,1.118511719,1.080816849
1.040900116,1.32809798,1.213160311,1.007111579,1.005019217,1.088618045,1.115664064,1.079479071
1.038305317,1.317648494,1.202040305,1.007111579,1.005010925,1.086644921,1.112098338,1.078160996
1.035873705,1.307346269,1.191300103,1.007111579,1.004587783,1.084924246,1.108835529,1.076932539
1.033281066,1.297227999,1.180494252,1.006549879,1.004021607,1.083286287,1.105762065,1.075627128
1.031013419,1.287253184,1.169754276,1.006737107,1.00343119,1.081514576,1.10195481,1.07424333
1.028584742,1.27731394,1.159028487,1.006549879,1.003054407,1.079773227,1.098719701,1.073088689
1.026157043,1.26757413,1.148502741,1.006362655,1.003196284,1.078086121,1.095627652,1.071861202
1.024700893,1.257870791,1.137972621,1.006362655,1.003375574,1.076359177,1.092401008,1.07075103
1.02308336,1.242255932,1.119205977,1.00692434,1.003179028,1.074137176,1.08815904,1.068906477
1.020981215,1.225432689,1.100562831,1.00692434,1.002613961,1.071592856,1.08428761,1.066961882
1.018718186,1.208848141,1.082314853,1.00692434,1.001085056,1.06902211,1.079589714,1.064799129
1.016779123,1.192784343,1.064475854,1.006549879,1.000888304,1.06621636,1.074748305,1.062641819
1.014517671,1.176438992,1.046870931,1.006175437,1.000122896,1.063364615,1.070575608,1.06070936
1.012579959,1.160480246,1.029490614,1.006175437,1.000305304,1.060616178,1.066384856,1.058599804
1.010320082,1.144726348,1.012403667,1.005426612,0.99992537,1.057776383,1.061721308,1.056549276
1.008061053,1.129125493,0.995781698,1.005988223,0.999533917,1.054962095,1.056751503,1.054458379
1.00580287,1.113619418,0.979254863,1.005988223,0.998762407,1.052048281,1.052215569,1.05253959
1.004190401,1.097876993,0.96404447,1.005988223,0.998548429,1.0488051,1.046280136,1.050237567
1.002256007,1.082712367,0.949864321,1.005988223,0.997946234,1.045415822,1.040794425,1.047795065
1,1.067801435,0.935835854,1.005239419,0.99756521,1.042086496,1.035686278,1.045389517
0.999033399,1.056694721,0.925538873,1.005801015,0.997738081,1.039813686,1.032482798,1.043316136
0.99951668,1.05045035,0.920094605,1.005988223,0.998469062,1.03850596,1.029755932,1.041896187
0.999838889,1.04412807,0.914697966,1.005988223,0.99824177,1.037081619,1.02782142,1.040547218
1.000483359,1.037706679,0.909292844,1.006362655,0.998033769,1.035659023,1.026063192,1.039260212
1.00080562,1.031394071,0.903982269,1.00692434,0.998029781,1.034172972,1.023966828,1.037948762
1.001450193,1.025166984,0.898691443,1.00692434,0.998384083,1.032871391,1.021882931,1.036719495
1.001611347,1.019183815,0.894533933,1.006737107,0.998362624,1.030937732,1.019918992,1.035145596
1.001933669,1.012760323,0.89089455,1.00692434,0.997980411,1.029279006,1.017211424,1.033346484
1.001933669,1.006386769,0.887324401,1.00692434,0.997595348,1.027627127,1.014342936,1.031568507
1.002094836,1.004821537,0.89044166,1.006362655,0.99777603,1.026426086,1.012594029,1.030264611
1.002739547,1.004555911,0.893785888,1.006549879,0.997897939,1.0256425,1.011164127,1.029198209
1.003061929,1.004276404,0.897101673,1.006362655,0.998456185,1.024841068,1.010296636,1.028399244
1.003545534,1.003888989,0.90047293,1.006362655,0.998643202,1.023952682,1.008890501,1.027488281
1.003867958,1.003601614,0.903985684,1.00692434,0.999011568,1.023065663,1.007298785,1.026512484
1.003867958,1.00320916,0.907384707,1.006549879,0.998802285,1.02213838,1.00616815,1.025597615
1.004190401,1.002786883,0.911553699,1.007111579,0.99935925,1.020906458,1.004713886,1.02451834
1.004190401,1.002290891,0.91595,1.007111579,0.999910101,1.01986325,1.00403837,1.023386959
1.004190401,1.001821338,0.920416529,1.007111579,1.000659406,1.01889024,1.002269804,1.022265508
1.004190401,1.001941463,0.923880557,1.007111579,1.000280727,1.018232229,1.002325289,1.021460773
1.004029177,1.001722307,0.926601319,1.007111579,1.001027733,1.017866042,1.00125178,1.020839226
1.004190401,1.001397207,0.929381107,1.00748607,1.001208743,1.01749797,1.000511499,1.020102336
1.004351628,1.001027851,0.932175961,1.007673323,1.000824562,1.017084499,0.999386203,1.019400135
1.004029177,1.000672326,0.934848945,1.007298822,1.000445921,1.016633568,0.999166414,1.018810042
1.004029177,1.000377242,0.937587561,1.007111579,1.000437679,1.016246789,0.998690079,1.018228393
1.004190401,1.000468174,0.940509357,1.006737107,1.000430301,1.015135209,0.998527661,1.017586789
1.004351628,1.000403452,0.943531687,1.006737107,1.000424916,1.014430471,0.997503629,1.016751466
1.004029177,1.000373132,0.946577766,1.006175437,1.000233062,1.013552204,0.996643556,1.015917086
1.00451286,1.000223987,0.94841799,1.005988223,1.000016427,1.013191897,0.995503623,1.015384918
1.00451286,1.000274371,0.949906278,1.005801015,0.999891915,1.012673361,0.995100122,1.015054685
1.00451286,1.000370684,0.951290718,1.006175437,1.000259451,1.012161506,0.994548237,1.014627099
1.004190401,1.000487078,0.952600864,1.006362655,1.000070409,1.011553496,0.994370645,1.014318303
1.003867958,1.000612301,0.953997015,1.006175437,1.000051829,1.010974066,0.99416889,1.013977927
1.003545534,1.000720399,0.955384968,1.005988223,1.000029804,1.010382504,0.993197527,1.013440573
1.003706744,1.000679839,0.956735498,1.005801015,1.000002402,1.009504918,0.992992307,1.012960048
1.004190401,1.000654079,0.958382873,1.004865046,0.999227773,1.00870211,0.992516213,1.012327466
1.004029177,1.000615251,0.96006979,1.004677867,0.998994093,1.007925477,0.991785996,1.011639537
1.003545534,1.000791791,0.961078723,1.004490693,0.998605595,1.007527775,0.991146456,1.011346576
1.003706744,1.001002053,0.961789113,1.004303524,0.998214521,1.006871985,0.990274253,1.010820746
1.003545534,1.001202284,0.962599862,1.004490693,0.998017427,1.006201925,0.989662189,1.010404265
1.003384328,1.001350113,0.963263949,1.004303524,0.998360129,1.005589714,0.988591658,1.010040284
1.003706744,1.001483736,0.963892596,1.004303524,0.997976367,1.004824185,0.988189399,1.009681161
1.003867958,1.001595903,0.964505134,1.003554897,0.99777843,1.004062657,0.987183318,1.009309815
1.003706744,1.001395551,0.965027903,1.003367753,0.998089683,1.003500188,0.987169923,1.008995811
1.003545534,1.001447949,0.966015777,1.003554897,0.998089314,1.002793173,0.986763305,1.008491359
1.003706744,1.001496,0.966948892,1.003554897,0.998084726,1.002078051,0.986116373,1.008013036
1.003545534,1.001238641,0.967653753,1.003367753,0.998083412,1.002102374,0.985104974,1.007481891
1.003061929,1.000974514,0.968326519,1.003180613,0.998080051,1.001752494,0.984768512,1.007107377
1.002739547,1.000647325,0.968949199,1.002993479,0.997494083,1.001537215,0.984037618,1.006799303
1.002417183,1.00042292,0.96967079,1.003367753,0.997674644,1.001244949,0.98360556,1.006489776
1.002094836,1.000193304,0.970262625,1.003367753,0.998402351,1.000947294,0.98295588,1.006115291
1.001772506,0.999911443,0.970749131,1.003180613,0.998015745,1.000670519,0.982743569,1.005800862
1.001772506,0.999383248,0.971718733,1.003742046,0.997990919,1.000573192,0.98224442,1.0054446
1.002094836,0.999268044,0.972588957,1.004490693,0.997855727,1.000367581,0.981728586,1.005073193
1.002417183,0.999189722,0.97333215,1.004865046,0.997468514,1.000245762,0.980938834,1.004657153
1.001933669,0.999402484,0.974117083,1.00505223,0.99744865,1.000533731,0.980455579,1.004455319
1.002094836,0.999477245,0.97460332,1.005801015,0.998011768,1.000602856,0.979534563,1.00415382
1.002094836,0.999732538,0.975149204,1.006175437,0.997815076,1.0007228,0.978855451,1.004049017
1.002094836,0.999689625,0.975635013,1.006362655,0.997949783,1.00078298,0.978599547,1.003861703
1.002417183,0.999737679,0.976189777,1.006549879,0.997565329,1.000840343,0.978109937,1.003702818
1.003061929,0.99980329,0.976699399,1.006737107,0.997558807,1.00101941,0.977763865,1.003392697
1.003061929,0.999197311,0.977149469,1.007111579,0.997555901,1.001125772,0.977562934,1.003085698
1.002900736,0.998532292,0.977582923,1.007298822,0.997165162,1.000979034,0.977554694,1.002618981
1.003061929,0.998083523,0.977973539,1.007673323,0.997157768,1.000902012,0.977516097,1.002201773
1.003223126,0.99783124,0.978464867,1.00748607,0.996780479,1.000553099,0.97703806,1.001830177
1.002900736,0.997288366,0.978563728,1.007673323,0.996577848,1.000371566,0.976359671,1.001574969
1.002739547,0.996829516,0.978768389,1.007298822,0.996194829,1.000132328,0.975366998,1.001120913
1.002256007,0.996504362,0.97893042,1.007673323,0.995973346,0.999955417,0.974623357,1.00072062
1.002417183,0.99604236,0.978985597,1.008235112,0.996332596,0.999821414,0.974265744,1.00046999
1.002578363,0.995625451,0.979185845,1.008422385,0.9966988,0.999621131,0.974212658,1.000104007
1.002578363,0.995282822,0.979590437,1.007860581,0.996499891,0.999622927,0.974453067,0.999787197
1.002739547,0.994993165,0.980146429,1.008047844,0.995740391,0.999582157,0.973126048,0.999336574
1.002739547,0.994659328,0.980599842,1.007673323,0.99627135,0.999594385,0.972009324,0.999037863
1.002900736,0.994600709,0.980795779,1.007298822,0.996620246,0.999441534,0.971529218,0.998774849
1.002578363,0.994079622,0.980865625,1.006737107,0.99661789,0.999346015,0.971041649,0.998518866
1.002094836,0.993444402,0.98115906,1.00692434,0.996790423,0.999231615,0.970875973,0.998417854
1.002256007,0.992741065,0.98130746,1.007111579,0.996719155,0.999060741,0.970496079,0.9980739
1.001772506,0.992165665,0.981505235,1.006737107,0.996488529,0.998910642,0.970206911,0.997904453
1.002094836,0.991504023,0.981602655,1.006737107,0.997051542,0.998761565,0.969710037,0.997597767
1.002256007,0.990985869,0.981843631,1.00692434,0.997032841,0.998265235,0.969684541,0.997244262
1.002094836,0.990828762,0.982336312,1.006362655,0.997401532,0.997787601,0.969924108,0.997006208
1.001450193,0.990456595,0.982734636,1.005801015,0.996825009,0.997360268,0.969914601,0.996848242
1.001127898,0.990799887,0.98330086,1.005613811,0.99663648,0.996808543,0.969395658,0.996736048
1.00080562,0.991125921,0.983752929,1.00505223,0.996628939,0.996641911,0.968428622,0.996587829
1.000483359,0.991413773,0.984296948,1.005239419,0.996625196,0.996336609,0.967860099,0.996500924
1.000161115,0.991752808,0.984826995,1.004677867,0.996434674,0.996135082,0.967361934,0.996346379
1.00080562,0.992161903,0.985264638,1.004490693,0.99623531,0.995838121,0.967337192,0.996252345
1.000644487,0.992709717,0.98577003,1.00411636,0.996232581,0.995637413,0.967492666,0.996208716
1.001289043,0.992947699,0.986514713,1.004490693,0.996764704,0.995219433,0.96762893,0.99626003
1.001772506,0.992977558,0.987189469,1.00411636,0.996737409,0.995106806,0.967231947,0.99610741
1.001611347,0.99285866,0.987730495,1.003929201,0.996324618,0.9950048,0.966400742,0.995906367
1.001450193,0.992737209,0.988220659,1.004303524,0.996851343,0.994755436,0.965345439,0.995754605
1.001450193,0.992600781,0.988559195,1.004677867,0.996647805,0.994529756,0.965460261,0.995497003
1.001289043,0.992643307,0.988907573,1.004865046,0.995869002,0.994234908,0.965042712,0.995236207
1.001289043,0.992518989,0.98926496,1.005239419,0.995096511,0.993901306,0.964695951,0.99491898
1.001289043,0.992385198,0.98970683,1.005988223,0.995647951,0.993647177,0.964064448,0.994626422
1.001450193,0.992409614,0.99013715,1.005801015,0.995644608,0.993346104,0.964140632,0.994470557
1.001450193,0.992175696,0.990479172,1.005801015,0.995624819,0.992797758,0.963818962,0.994267606
1.001611347,0.991687035,0.990835379,1.005801015,0.995616271,0.992442482,0.96356739,0.994078366
1.001289043,0.991352038,0.991096277,1.005426612,0.995586964,0.992012033,0.963050514,0.993762382
1.001127898,0.990885875,0.991295568,1.004490693,0.994991885,0.99207048,0.962256475,0.993555472
1.001127898,0.990141862,0.991344999,1.004865046,0.994793322,0.992095812,0.960992802,0.993245243
1.001450193,0.989502099,0.991440095,1.005239419,0.99516171,0.992050895,0.960202613,0.993039862
1.002094836,0.988857228,0.991305442,1.00505223,0.99570487,0.992058986,0.959685214,0.992915628
1.002739547,0.988263275,0.991357522,1.005613811,0.996249539,0.992020421,0.959810752,0.99272928
1.003061929,0.987703418,0.991447393,1.005801015,0.996587204,0.992093337,0.960176275,0.992599516
1.003706744,0.987008491,0.991602086,1.006737107,0.99693878,0.991992368,0.96017043,0.99241504
1.003384328,0.986304076,0.99173632,1.005988223,0.997109212,0.991792109,0.959366027,0.992097751
1.003223126,0.985580393,0.991835927,1.006737107,0.997856573,0.99154127,0.958995601,0.991883666
1.002900736,0.985077636,0.991747113,1.006549879,0.997665463,0.991543399,0.958515234,0.991566246
1.002578363,0.984707036,0.991600157,1.006175437,0.997266746,0.991143429,0.958195915,0.991318281
1.002578363,0.984469583,0.99157199,1.006549879,0.997636326,0.990806404,0.957778504,0.991174145
1.002739547,0.984189895,0.991603892,1.006175437,0.997253007,0.99045632,0.957865213,0.99081644
1.002739547,0.983975942,0.99146134,1.005613811,0.997056611,0.99005463,0.958154018,0.990720351
1.002739547,0.98380525,0.991391701,1.005801015,0.99754878,0.989656682,0.958398132,0.990471778
1.002900736,0.983642879,0.991303914,1.005426612,0.997681684,0.989486462,0.958081361,0.990188102
1.003545534,0.983891645,0.991195169,1.00505223,0.997116234,0.989033931,0.957395625,0.990037821
1.003867958,0.984041392,0.991120315,1.005426612,0.997671492,0.988618317,0.957237247,0.989850404
1.004029177,0.984329059,0.990993376,1.005239419,0.997468214,0.988479758,0.956763991,0.989679237
1.004190401,0.984853606,0.991034762,1.005426612,0.997279475,0.988167832,0.956118875,0.989455172
1.004351628,0.985359049,0.991195143,1.005801015,0.997428313,0.987966044,0.955700019,0.989308951
1.004835336,0.985836443,0.991277042,1.006549879,0.997791362,0.987752597,0.95538195,0.989235402
1.005319084,0.986250859,0.991381353,1.007111579,0.998118521,0.987452805,0.955695005,0.989183711
1.005319084,0.986650998,0.991299063,1.006737107,0.998118127,0.987200483,0.955835616,0.989026371
1.005480341,0.986438661,0.991640474,1.007298822,0.997740642,0.987209248,0.955826298,0.988783311
1.005480341,0.986524744,0.991551813,1.007298822,0.997357724,0.987257829,0.955318784,0.9884705
1.005641604,0.986393663,0.991413622,1.007111579,0.997355772,0.987266868,0.955001193,0.98819811
1.005480341,0.986461425,0.991287593,1.006362655,0.997328788,0.987563239,0.954521129,0.987863508
1.00580287,0.986455384,0.991297783,1.00692434,0.997311319,0.987830148,0.954354182,0.987623684
1.006609267,0.986503104,0.991274861,1.006549879,0.997122055,0.988151671,0.954158458,0.987388861
1.006447979,0.986403173,0.991146484,1.006175437,0.997109375,0.988429412,0.953825011,0.987241108
1.006609267,0.986316634,0.991099423,1.006362655,0.997484875,0.988800995,0.953314281,0.987032024
1.007254462,0.986223069,0.990924856,1.005988223,0.99782598,0.98922891,0.952841867,0.986867085
1.006931855,0.986157959,0.990880073,1.005988223,0.997799951,0.989393234,0.952343381,0.986814897
1.007093156,0.98613949,0.990901192,1.006549879,0.998136364,0.989604247,0.951793288,0.986671702
1.007415771,0.986151884,0.990978348,1.006549879,0.997747511,0.989834623,0.951386895,0.986594543
1.007254462,0.98609021,0.99094597,1.006549879,0.998304601,0.989901824,0.951687441,0.986594739
1.006931855,0.985674252,0.991079277,1.006737107,0.998471813,0.990172377,0.951973754,0.986438379
1.006770559,0.985276512,0.991127242,1.006362655,0.997959432,0.990486518,0.951346437,0.986227785
1.006609267,0.984968151,0.991278019,1.006549879,0.998321042,0.990750255,0.951159388,0.98618076
1.006286695,0.984580723,0.991281423,1.006549879,0.999254091,0.991075371,0.951298164,0.986139867
1.006770559,0.984321829,0.991447829,1.00692434,0.999219451,0.991303077,0.951766136,0.986034855
1.006125416,0.983481302,0.991600571,1.007298822,0.999031087,0.991593313,0.951445997,0.985759418
1.005480341,0.982501344,0.991840795,1.007111579,0.999390284,0.991862543,0.951444798,0.985510978
1.005641604,0.981521048,0.99213003,1.007673323,0.999949749,0.992142855,0.950788422,0.985101744
1.005480341,0.981060541,0.992277743,1.00748607,0.999726303,0.992212985,0.950453234,0.984854951
1.00515783,0.980597712,0.992669849,1.007673323,0.999895871,0.992223297,0.950124664,0.98475419
1.00515783,0.980157738,0.992979517,1.007673323,0.999516763,0.992130598,0.949467688,0.984615004
1.004835336,0.979605326,0.993241249,1.007860581,0.999697503,0.992140353,0.949387765,0.984730002
1.00515783,0.979061293,0.99365386,1.008422385,1.000246594,0.992163237,0.949540576,0.984774415
1.004835336,0.978884467,0.994010924,1.008796946,1.000195181,0.991870206,0.949459085,0.984756203
1.00515783,0.97858859,0.994490786,1.009358824,0.999619114,0.991590066,0.949223462,0.984706531
1.004996581,0.978224989,0.994893685,1.009546127,0.999573871,0.991292995,0.949210904,0.984750291
1.004674096,0.977923788,0.995406742,1.010108064,0.998999021,0.990993898,0.94931131,0.984757631
1.004674096,0.97751692,0.995647339,1.010108064,0.998972786,0.990856365,0.949295547,0.984582245
1.004351628,0.977090904,0.995977706,1.009733434,0.999123801,0.990775271,0.949053784,0.984600829
1.004351628,0.97673176,0.99625014,1.009358824,0.999112659,0.99062642,0.948893419,0.984549173
1.004029177,0.976355633,0.996596688,1.009358824,0.99871048,0.990569224,0.948376181,0.984445936
1.004029177,0.975870904,0.996700578,1.008796946,0.998316838,0.990379762,0.948443495,0.98434993
1.003867958,0.975502333,0.996818984,1.008609663,0.998683668,0.990232388,0.948248018,0.984372891
1.004029177,0.975074699,0.996870351,1.008609663,0.998118822,0.990028596,0.9482377,0.984139668
1.004190401,0.974756357,0.997086148,1.008984234,0.997547073,0.989828222,0.948025938,0.983987476
1.003867958,0.974134714,0.997091871,1.008609663,0.997730557,0.989672481,0.947341571,0.983801317
1.004029177,0.974226023,0.997145619,1.007673323,0.997867595,0.989510631,0.947497213,0.98375469
1.004351628,0.974477839,0.997006049,1.00692434,0.997303266,0.989310298,0.947159698,0.98384481
1.004190401,0.974571038,0.996981244,1.006737107,0.99682181,0.989062907,0.947374658,0.98400389
1.003867958,0.974767173,0.99689717,1.006549879,0.996623322,0.988812052,0.947420287,0.98412055
1.004029177,0.975087981,0.996858195,1.006362655,0.996808276,0.988568316,0.947405005,0.984292341
1.003867958,0.975536313,0.99691406,1.006737107,0.996987385,0.988060299,0.947323608,0.98441646
1.004029177,0.975743035,0.997068125,1.006549879,0.996420733,0.987898713,0.947124966,0.984318438
1.003706744,0.976070245,0.997179438,1.006175437,0.995646917,0.98770905,0.946781406,0.984320589
1.003384328,0.975946197,0.997379043,1.006362655,0.995444371,0.987711417,0.946099561,0.984485343
1.003223126,0.975994193,0.997374024,1.006175437,0.99598825,0.987775817,0.945393731,0.98444797
1.003706744,0.976148881,0.997514317,1.005613811,0.995421851,0.98778238,0.944863552,0.984399833
1.003384328,0.976362989,0.997525456,1.005613811,0.995739426,0.987783502,0.944655186,0.984368466
1.003706744,0.976532549,0.997528895,1.005988223,0.99591735,0.987744557,0.944300181,0.984483355
1.004351628,0.976892456,0.997474356,1.006549879,0.996094825,0.987710958,0.944104035,0.984500854
1.004190401,0.976926772,0.997028621,1.00692434,0.996092797,0.987305551,0.94392063,0.984499789
1.004351628,0.976999894,0.99655061,1.00692434,0.996278982,0.986903277,0.943887521,0.984501721
1.00451286,0.977100442,0.996215051,1.00692434,0.996449383,0.986542013,0.943329667,0.984451911
1.004674096,0.977119338,0.995835581,1.00692434,0.996255405,0.986156426,0.94317202,0.984403439
1.004674096,0.977267132,0.995631956,1.007111579,0.996767266,0.985810069,0.943157341,0.984404181
1.004351628,0.977502151,0.995331909,1.006549879,0.996543397,0.985481751,0.943104148,0.984366941
1.004029177,0.977669143,0.995148565,1.006737107,0.99592106,0.985086575,0.942856338,0.984424099
1.010320082,1.000406043,1.012845691,1.008047844,1.000602497,0.99153176,0.9611199,0.989188608
1.015971365,1.023671111,1.030832415,1.009920747,1.00660625,0.998398236,0.980998117,0.994427872
1.021951345,1.047538477,1.049085729,1.011044726,1.012232964,1.005389853,1.001060715,0.999534383
1.027775401,1.072031276,1.067746342,1.011606782,1.01844124,1.012370983,1.020792332,1.004728944
1.033605085,1.097007826,1.086650348,1.012543641,1.024263755,1.019355652,1.040514737,1.009817543
1.039116072,1.122256628,1.106093068,1.013105817,1.029539343,1.026684382,1.060980905,1.01503066
1.044632093,1.148433259,1.125535199,1.013855453,1.035572314,1.033690773,1.081025774,1.020255622
1.050640549,1.175157665,1.145280903,1.014980056,1.041801727,1.040729015,1.101010775,1.025500788
1.055028871,1.202510561,1.165453681,1.016104837,1.050312088,1.047862679,1.12406845,1.0315325
1.05942038,1.230555183,1.185896632,1.017417308,1.059032229,1.055223832,1.148088407,1.038003855
1.063652256,1.259375588,1.206836551,1.019292687,1.06852192,1.062693744,1.172626017,1.044559703
1.068050031,1.288774507,1.227911559,1.020230562,1.077641742,1.070186649,1.197172023,1.05114693
1.072451003,1.31913229,1.249693427,1.021731421,1.086372744,1.077666957,1.221326774,1.057631674
1.076039347,1.349983286,1.27192058,1.02248197,1.094754173,1.085208369,1.245373,1.063955077
1.08028286,1.381951392,1.295127609,1.023983305,1.104097416,1.093240978,1.269386837,1.070534376
1.084529346,1.414806466,1.31856646,1.025297234,1.112471307,1.101240577,1.294278979,1.077080501
1.088124852,1.448282018,1.342412868,1.027362471,1.125268308,1.109450473,1.320831462,1.083954331
1.091722491,1.482615673,1.366626506,1.02942831,1.139445202,1.117595313,1.347329053,1.090902265
1.095485942,1.517775712,1.391289428,1.031306866,1.153842163,1.125772579,1.373734965,1.09794622
1.099087951,1.553915001,1.416507767,1.033749734,1.168614246,1.134023113,1.400609278,1.105263475
1.102692098,1.591264024,1.442289812,1.035253454,1.183068468,1.142313371,1.427820897,1.112370404
1.099906887,1.591036278,1.441863527,1.036757493,1.193301543,1.14306362,1.435104342,1.114381435
1.097614143,1.590658452,1.441449528,1.037509633,1.202380106,1.14331329,1.441233191,1.11591122
1.095158593,1.590406947,1.440950517,1.038449918,1.211286407,1.143487616,1.446981108,1.117472858
1.092213243,1.590014308,1.44031028,1.039766528,1.222313398,1.143466616,1.453100801,1.118856355
1.088942309,1.589676687,1.439991287,1.041083381,1.23298344,1.143473985,1.460278083,1.120478723
1.086490266,1.589341454,1.439577415,1.042212307,1.244818923,1.14347621,1.466942432,1.122128568
1.083875847,1.588884422,1.439254112,1.04428247,1.256309373,1.14363794,1.47413787,1.123714576
1.080609407,1.588546847,1.439069318,1.045600161,1.267616609,1.143729678,1.481694918,1.125339901
1.079629818,1.588386218,1.438744161,1.046164961,1.276204575,1.143733205,1.485975708,1.126100713
1.078323946,1.588266281,1.438620467,1.047294694,1.284221062,1.143487064,1.489538542,1.126390898
1.077018355,1.588089674,1.438450806,1.04804795,1.292051958,1.143251054,1.492888376,1.126743271
1.075549902,1.588128582,1.438737786,1.049931438,1.302037458,1.142976889,1.497029416,1.127215514
1.073918705,1.587768096,1.438460692,1.052192282,1.311847487,1.143033829,1.501662875,1.127659395
1.072940198,1.587484154,1.438395891,1.054830843,1.322055212,1.142926153,1.506652786,1.128247758
1.071798805,1.587201219,1.438272781,1.056339032,1.330890154,1.142836355,1.511649566,1.128655101
1.070657628,1.586898752,1.438313316,1.058979132,1.340941338,1.142787296,1.516284347,1.129189889
1.070168618,1.586962132,1.438387537,1.061242855,1.347028742,1.142618062,1.519195281,1.129433972
1.069353689,1.586805494,1.43853289,1.062752404,1.351369122,1.142528764,1.52139266,1.129434559
1.068050031,1.586857217,1.438789803,1.063884776,1.355093793,1.142560969,1.524502166,1.129609507
1.067398307,1.586699851,1.438818453,1.065394886,1.359043294,1.142432483,1.527072042,1.129630214
1.066257959,1.586512024,1.438778043,1.067471811,1.363710627,1.142341777,1.530318964,1.129657203
1.065280689,1.586123105,1.438584615,1.069171563,1.368019786,1.142233526,1.533256219,1.12972989
1.064466418,1.585946514,1.438374975,1.071060653,1.371932045,1.142260125,1.536192244,1.129614612
1.063489437,1.585649666,1.438330213,1.072950245,1.376078953,1.142209677,1.53911467,1.129674385
1.063652256,1.585528934,1.438405751,1.075218417,1.378054216,1.142476647,1.541698581,1.129852653
1.063652256,1.585298655,1.438205725,1.077109112,1.380209807,1.142715372,1.543155841,1.12979476
1.063163811,1.585157597,1.437998198,1.078811168,1.382192619,1.142943562,1.544713608,1.129563033
1.063001005,1.584806829,1.437725302,1.08127041,1.383381851,1.142802315,1.546754804,1.129506146
1.062512614,1.584595044,1.437656565,1.083162713,1.385495444,1.142440227,1.548838498,1.129340348
1.062024261,1.584579978,1.437716436,1.085812781,1.388272792,1.142172548,1.551355679,1.129051136
1.061535948,1.584344028,1.437659459,1.088085053,1.391422633,1.141894814,1.553568337,1.128936358
1.061210428,1.584116682,1.437596074,1.090358049,1.394188458,1.141557621,1.555982712,1.128825081
1.061210428,1.583733488,1.437245699,1.092252766,1.394578131,1.14116068,1.556658104,1.128365893
1.06072218,1.583614557,1.437123374,1.093200314,1.39556645,1.140610203,1.557765799,1.128287126
1.06055944,1.583601033,1.437080437,1.093768903,1.39635656,1.140194823,1.558977657,1.128184996
1.059908522,1.583444249,1.436905438,1.095474942,1.397147923,1.139876441,1.561037784,1.12822996
1.05942038,1.582903272,1.436900894,1.097181389,1.396336326,1.139649704,1.561838218,1.127887628
1.058281535,1.582298499,1.436766937,1.098319248,1.395722315,1.13947191,1.563579174,1.127781507
1.058606897,1.581915585,1.436719055,1.100405793,1.39503755,1.13921573,1.565821339,1.127676117
1.058606897,1.581372065,1.436611774,1.102492949,1.394832603,1.139067228,1.5671754,1.127468847
1.058606897,1.581081196,1.436770473,1.104201076,1.394211406,1.13890256,1.568046603,1.12721355
1.058606897,1.580853805,1.436920678,1.105340055,1.392807569,1.138700337,1.568912214,1.127047594
1.058769585,1.580712005,1.43730792,1.106669093,1.391809743,1.138489286,1.570428704,1.127011746
1.058606897,1.580559637,1.437550794,1.108758082,1.39160594,1.138272159,1.571618995,1.126782733
1.058444214,1.580534527,1.437814647,1.110467709,1.391207536,1.137827423,1.572912088,1.126560683
1.05811886,1.580393482,1.438008177,1.112177746,1.390785798,1.137381556,1.574291689,1.126392709
1.057956189,1.580381575,1.438227601,1.114458433,1.390548573,1.137050829,1.575833128,1.126238959
1.057630862,1.580348422,1.438440743,1.116549702,1.389740792,1.136597646,1.577403529,1.126075002
1.057142903,1.580480158,1.438657878,1.117880829,1.39027882,1.13664022,1.578941854,1.126039887
1.057468205,1.580389715,1.438696614,1.119402421,1.389071861,1.136755567,1.579601541,1.125930753
1.057468205,1.58017013,1.438671981,1.120543827,1.387681658,1.13687069,1.580773855,1.126085215
1.057630862,1.580123406,1.438600762,1.122636879,1.385656997,1.137161259,1.582687295,1.12599939
1.057305552,1.579724661,1.438389734,1.125301651,1.384659265,1.137617677,1.583691686,1.125665538
1.056980259,1.579285977,1.438107118,1.12663441,1.383269121,1.138158709,1.585767509,1.125494979
1.05681762,1.578867416,1.438055977,1.128157867,1.382064238,1.138668577,1.587831101,1.125287495
1.056492353,1.578259628,1.437938548,1.130634177,1.380869459,1.139135316,1.589042417,1.124950593
1.056654984,1.577658969,1.437836051,1.132730187,1.380389094,1.139488227,1.588991115,1.124579745
1.056329727,1.577274082,1.437577028,1.134064331,1.38134198,1.1397179,1.590296869,1.124445443
1.056492353,1.577145909,1.437411617,1.135398725,1.381711982,1.139897258,1.591448147,1.124157818
1.056004487,1.577156648,1.437201965,1.136542689,1.382099448,1.139560696,1.59282621,1.123894507
1.055679264,1.57698508,1.4365605,1.137305433,1.381083788,1.138797736,1.593497631,1.123444322
1.055028871,1.576812295,1.435802817,1.137877545,1.380682497,1.138125478,1.595233574,1.122924685
1.054866284,1.576457973,1.435077869,1.1394034,1.38066846,1.137350929,1.595935901,1.122547009
1.054703701,1.576394429,1.434307448,1.139975679,1.380069912,1.136560119,1.596477306,1.121977071
1.054215979,1.576004457,1.433598616,1.1394034,1.37827723,1.13572803,1.597048737,1.121577821
1.053565743,1.575484367,1.432961251,1.140357224,1.377440676,1.135100175,1.597480401,1.12129092
1.053403195,1.574974511,1.432358351,1.14092958,1.376048483,1.134370377,1.59763215,1.120856485
1.049828247,1.551533363,1.407739484,1.136352015,1.361188871,1.131555796,1.579762961,1.119274371
1.04576837,1.524389935,1.377031221,1.131777379,1.345569558,1.128191856,1.559646531,1.117465762
1.042197933,1.497869337,1.347071339,1.12663441,1.330184347,1.124712074,1.539165752,1.115457945
1.037981046,1.471831695,1.317932799,1.122065986,1.31541826,1.12137073,1.518997242,1.113392461
1.033929121,1.446459809,1.289517313,1.117880829,1.300672737,1.118022346,1.498422697,1.11137901
1.029879915,1.421271601,1.26187158,1.11255781,1.286137745,1.114691155,1.477216491,1.109390735
1.026157043,1.397067495,1.234905649,1.106669093,1.271050656,1.111063104,1.456792693,1.107676231
1.022436468,1.373347712,1.20850428,1.101733913,1.25640969,1.107438521,1.436063127,1.106052767
1.019041424,1.345136643,1.178413518,1.096802144,1.24175998,1.102988237,1.412373606,1.103778271
1.015486761,1.316757689,1.149906301,1.090358049,1.226392636,1.098421394,1.388006042,1.101215661
1.011934194,1.288986563,1.122141136,1.084109052,1.21125336,1.093901553,1.364653636,1.098793739
1.008545059,1.261939021,1.095076803,1.077676419,1.195950659,1.089302224,1.340670224,1.096282712
1.004674096,1.235376679,1.068650122,1.072194348,1.180875185,1.084867517,1.316301888,1.093848715
1.001127898,1.209307145,1.043018797,1.06596126,1.165805676,1.080938926,1.292195489,1.09141695
0.997583787,1.184017923,1.018367118,1.060110904,1.151733987,1.077376445,1.268881931,1.089125392
0.994202719,1.159188638,0.994148522,1.054830843,1.137697621,1.073725908,1.245492974,1.086964263
0.991306172,1.135014707,0.97251058,1.048424607,1.122730403,1.069925199,1.221333158,1.084324472
0.988089421,1.110821009,0.951631358,1.042400479,1.107809432,1.066004461,1.196147561,1.081595107
0.985195816,1.087156679,0.931156163,1.036757493,1.093300211,1.062197932,1.170794475,1.078793073
0.982303603,1.064251502,0.911174874,1.030555384,1.078819893,1.058413565,1.14546704,1.075785917
0.978770564,1.041695775,0.891541065,1.024170994,1.064374682,1.05474462,1.121005929,1.072902735
0.978770564,1.033895726,0.886803753,1.022669619,1.062645469,1.052938814,1.113876323,1.071181863
0.979091664,1.028892199,0.886224223,1.021731421,1.061685891,1.051674068,1.108511422,1.069791711
0.97925222,1.023872387,0.885646891,1.020605747,1.06066608,1.050506157,1.103076322,1.068455163
0.979894488,1.019238964,0.886048608,1.019105127,1.0589517,1.048544628,1.097068985,1.066820425
0.980536824,1.014340546,0.886740228,1.017979869,1.057222727,1.046504177,1.091218497,1.065054744
0.980858018,1.009585345,0.887506675,1.016104837,1.055491612,1.044404393,1.08557183,1.06333921
0.981339841,1.004852005,0.88828348,1.015354963,1.054148262,1.042375666,1.079928767,1.061581807
0.981821702,1.000028438,0.889017964,1.013855453,1.052234489,1.040223163,1.073782408,1.059652063
0.981821702,0.998862311,0.89309835,1.01291842,1.050526539,1.038931749,1.070833376,1.058386622
0.981982332,0.99841939,0.896528113,1.01291842,1.049742243,1.03767848,1.068561158,1.057312709
0.982303603,0.99804618,0.899913823,1.012168883,1.048583406,1.036482253,1.065977536,1.056098408
0.982624891,0.997354558,0.904193669,1.011794144,1.046866535,1.035082413,1.063354465,1.0549018
0.983267519,0.99697701,0.90870178,1.011044726,1.044959389,1.03341622,1.060585953,1.053476757
0.983428187,0.996527289,0.913081051,1.010857383,1.043820576,1.03185068,1.057531263,1.052065207
0.983749535,0.996062771,0.917588646,1.011044726,1.042481752,1.030292297,1.054156171,1.050643429
0.98423159,0.995652556,0.922104288,1.010857383,1.041129801,1.028972215,1.050787802,1.049300826
0.98423159,0.995307043,0.924824726,1.010857383,1.040728423,1.027725235,1.048532356,1.048332338
0.984070901,0.995283373,0.927183014,1.010670046,1.040147793,1.026591483,1.04741021,1.047470041
0.983749535,0.995368817,0.929559275,1.010670046,1.039944942,1.025370623,1.046116747,1.04665644
0.984713684,0.995407717,0.931975769,1.009546127,1.038399253,1.023982923,1.04434892,1.045574426
0.985035101,0.99542014,0.9344023,1.009546127,1.037070889,1.022267094,1.042118876,1.044369514
0.985517259,0.995584534,0.936979249,1.009171526,1.035934784,1.020665036,1.039557106,1.043154079
0.986320941,0.995794251,0.93946633,1.008796946,1.035165088,1.019108257,1.037635593,1.042106914
0.986642444,0.996033835,0.942041812,1.008796946,1.033833311,1.017448145,1.035698261,1.04086075
0.986803202,0.99614573,0.943421064,1.008796946,1.032831859,1.016559333,1.034523151,1.04008344
0.986642444,0.996260784,0.944508378,1.008609663,1.032262234,1.015745886,1.033671775,1.039382414
0.987285502,0.996320673,0.945564479,1.009358824,1.031872098,1.014975233,1.032531586,1.038642804
0.987446277,0.996332446,0.947264197,1.008422385,1.030905186,1.014048214,1.031062864,1.037744454
0.98776784,0.996916694,0.949279043,1.008796946,1.030140213,1.012861266,1.029896284,1.036825571
0.987928629,0.997541956,0.951245789,1.008609663,1.029566663,1.011759944,1.028439783,1.035803579
0.988411019,0.998063808,0.953248321,1.008422385,1.028420554,1.010575137,1.026916735,1.034726316
0.988250218,0.998591041,0.955239242,1.008235112,1.027093841,1.009289786,1.025293556,1.033893683
0.988571824,0.999547533,0.956358511,1.008235112,1.026309423,1.008254388,1.023616847,1.033039775
0.988732633,1.000211513,0.957281996,1.007673323,1.025708826,1.007396955,1.022843456,1.03233623
0.988411019,1.000845703,0.958294535,1.007673323,1.024754803,1.006485056,1.021880521,1.031640353
0.988571824,1.000802904,0.95907983,1.007298822,1.023596778,1.005564307,1.020908017,1.03084678
0.988732633,1.000431357,0.959913824,1.006737107,1.022452432,1.00476253,1.019628449,1.02990699
0.988732633,1.000088473,0.960858992,1.006362655,1.02090704,1.003982684,1.018112788,1.029007509
0.989054266,0.999711431,0.96175576,1.007111579,1.019747788,1.003164749,1.016514602,1.028094285
0.989375915,0.999295106,0.962662687,1.00692434,1.018049297,1.00241418,1.015802687,1.027242479
0.988732633,0.998686309,0.963331892,1.007860581,1.017833558,1.00191372,1.015130823,1.026756116
0.988893447,0.998206414,0.964075033,1.007860581,1.017628807,1.001589883,1.014614102,1.026162576
0.988411019,0.997771536,0.964808383,1.007860581,1.017035018,1.001335007,1.014592607,1.025792827
0.988089421,0.997032923,0.966044732,1.007673323,1.016260311,1.000936713,1.013935248,1.024992661
0.987928629,0.996538938,0.967129731,1.007111579,1.015117773,1.000376912,1.012633292,1.024294031
0.988089421,0.995975493,0.968294849,1.007111579,1.015095441,1.00000513,1.012122806,1.023708625
0.988571824,0.995564681,0.969516031,1.006737107,1.013947448,0.99955455,1.010649856,1.022962834
0.988411019,0.995146428,0.970640646,1.006175437,1.012761855,0.998995379,1.009999681,1.022401638
0.988411019,0.994711568,0.971187256,1.006737107,1.012382972,0.998613684,1.008775774,1.021988252
0.988411019,0.993768569,0.971562613,1.006362655,1.012002657,0.99854438,1.007591114,1.021539459
0.988411019,0.992909185,0.971827141,1.005801015,1.010679917,0.998430969,1.006524402,1.021128058
0.988411019,0.99197887,0.972189119,1.005239419,1.009893238,0.998631638,1.006040014,1.020701946
0.989054266,0.990891938,0.97261269,1.005613811,1.009300065,0.998736478,1.004900046,1.020195516
0.988732633,0.989817679,0.972942183,1.005239419,1.008923118,0.99889917,1.00471394,1.01971732
0.988571824,0.988697791,0.973223921,1.005239419,1.008522495,0.999083121,1.003574844,1.019145029
0.989054266,0.987659912,0.973607769,1.00505223,1.007724612,0.999257606,1.002590265,1.018618078
0.989215088,0.987249498,0.974232511,1.004677867,1.00752618,0.999418416,1.001875106,1.018292868
0.989054266,0.987070589,0.974930264,1.004303524,1.006770278,0.999546208,1.001186427,1.018092023
0.989375915,0.987087397,0.975462497,1.004677867,1.006756103,0.99960275,1.000930006,1.017827341
0.989697581,0.987027933,0.975896345,1.00411636,1.006190754,0.9996626,1.000290974,1.017259631
0.989858421,0.986498127,0.976455796,1.004490693,1.00599344,0.999718283,0.998847072,1.016728643
0.990019265,0.986042264,0.977129143,1.00411636,1.005222884,0.999735028,0.998354919,1.01623846
0.990019265,0.985651925,0.977754343,1.004303524,1.004265136,0.999686316,0.99746866,1.015721113
0.990180113,0.985098121,0.978431742,1.004303524,1.003683747,0.999729562,0.996466183,1.015185229
0.990340966,0.984991604,0.97882799,1.004490693,1.003116614,0.999749965,0.996095938,1.01487445
0.990501823,0.984587252,0.979084902,1.004677867,1.003090953,0.999981843,0.99609474,1.014606583
0.990823549,0.98422834,0.979336127,1.00505223,1.002680918,1.000160882,0.995437379,1.014131361
0.990662684,0.983955056,0.979281154,1.004865046,1.002667771,1.000076843,0.994742079,1.013603395
0.990340966,0.983809404,0.979436191,1.004865046,1.002472044,0.999977864,0.993515933,1.012924335
0.990180113,0.983781647,0.979648712,1.004865046,1.002095069,0.999940586,0.992681285,1.012305924
0.990180113,0.983780218,0.979804227,1.004865046,1.001293855,0.999903158,0.992261347,1.011844546
0.990501823,0.9837633,0.97999612,1.004865046,1.001099442,0.999802388,0.991754141,1.011296608
0.990180113,0.98365365,0.980043991,1.005426612,1.000909488,0.99949986,0.991070168,1.010876677
0.989858421,0.983607425,0.980065886,1.00505223,1.000524035,0.999263642,0.990549581,1.01041391
0.989858421,0.983615066,0.980227177,1.005426612,1.000333743,0.99912755,0.989377464,1.010061101
0.990180113,0.983320044,0.980193105,1.005426612,1.000064873,0.998980869,0.988601518,1.009613028
0.990501823,0.983022888,0.9802456,1.005239419,0.999679287,0.99867443,0.987613513,1.009134246
0.990823549,0.982721646,0.980246265,1.004865046,0.999300703,0.998432685,0.987437108,1.008676053
0.990984419,0.98251138,0.980337511,1.005239419,0.998922842,0.998131407,0.986958088,1.008148335
0.990662684,0.982098484,0.980390985,1.005426612,0.998537251,0.997873238,0.98596723,1.00757171
0.990662684,0.981777137,0.980547538,1.005613811,0.999086159,0.997521558,0.985480666,1.00738393
0.990662684,0.981857832,0.98051566,1.005426612,0.999248046,0.997250948,0.985161424,1.007171353
0.990662684,0.98197824,0.980427028,1.005239419,0.999204586,0.997012183,0.984783796,1.006853378
0.990984419,0.982290916,0.980287319,1.004677867,0.999572493,0.996715768,0.984017779,1.006571978
0.991306172,0.982738653,0.980136078,1.004303524,0.999379157,0.996085437,0.983216632,1.006000828
0.991788833,0.98313355,0.980136408,1.004303524,0.999183059,0.995505175,0.982097052,1.005681248
0.992271532,0.983475647,0.980009513,1.004490693,0.999171893,0.994901846,0.980615768,1.005106494
0.992110628,0.983935507,0.979833547,1.003929201,0.999142616,0.994287252,0.97979989,1.004647802
0.992271532,0.983993655,0.979989733,1.004490693,0.999091856,0.993832805,0.979730635,1.004441964
0.992915192,0.984035105,0.979853646,1.004303524,0.998900227,0.993499443,0.97956457,1.004282931
0.993397983,0.984164608,0.979792527,1.004303524,0.998707226,0.993057607,0.979654523,1.004017969
0.993237048,0.983820911,0.98003168,1.00411636,0.998516881,0.992627334,0.979171885,1.00360293
0.992915192,0.982798432,0.980316592,1.004677867,0.998861637,0.992485409,0.978188526,1.003254095
0.993237048,0.981835935,0.98056813,1.004303524,0.998856865,0.992336527,0.977187126,1.002833611
0.993397983,0.980892309,0.980808229,1.004303524,0.999230677,0.992240859,0.976992696,1.002487701
0.993397983,0.980009359,0.981060103,1.00411636,0.999374673,0.99209443,0.976829375,1.002014845
0.992915192,0.979313991,0.981548321,1.004490693,0.998995472,0.991902444,0.976751719,1.001829156
0.992754271,0.978622956,0.981843879,1.004677867,0.998804287,0.991830649,0.976900045,1.001679746
0.992593354,0.978003396,0.982129352,1.005239419,0.99898798,0.991749464,0.976400745,1.001377748
0.992593354,0.977646408,0.982277775,1.005426612,0.998982126,0.991661582,0.975745012,1.000900614
0.992915192,0.977810262,0.982479009,1.004677867,0.99877981,0.991510806,0.975549266,1.000517258
0.992593354,0.977996992,0.982805123,1.004303524,0.99839503,0.991319283,0.974909877,1.000029732
0.992593354,0.978210173,0.983104783,1.004303524,0.997983184,0.991093488,0.97437913,0.999468676
0.992754271,0.978417072,0.983309632,1.003929201,0.997404255,0.990950215,0.973716178,0.999101303
0.992593354,0.978477453,0.983593647,1.004490693,0.996975222,0.990886161,0.973308437,0.998683787
0.992754271,0.978345427,0.984016581,1.004865046,0.996937686,0.991054175,0.973088371,0.9985419
0.992593354,0.978140512,0.984310534,1.004865046,0.997496786,0.991308487,0.973063554,0.998181713
0.992271532,0.97773361,0.984809141,1.004865046,0.997288305,0.990990427,0.972833372,0.997932517
0.991949728,0.977246065,0.985455795,1.005426612,0.996893447,0.990860346,0.97208548,0.997617181
0.991949728,0.976833273,0.985859456,1.005239419,0.996499709,0.990717433,0.971128757,0.99731164
0.991788833,0.976403933,0.98633828,1.005426612,0.996686439,0.990622983,0.970448107,0.996949635
0.991306172,0.975965875,0.986777685,1.005239419,0.996461347,0.990537992,0.970085011,0.996731284
0.991788833,0.976005842,0.98697387,1.005426612,0.996634969,0.990391246,0.969601394,0.996539637
0.992271532,0.976562436,0.987082248,1.005613811,0.99642216,0.990118742,0.969573371,0.996383753
0.992432441,0.97730989,0.9872453,1.005801015,0.996397914,0.989768713,0.969999534,0.996307264
0.992110628,0.977866783,0.987326676,1.005988223,0.99582136,0.989419736,0.96983167,0.996258626
0.992271532,0.978439338,0.987291847,1.005613811,0.994691942,0.989119004,0.968852404,0.995996132
0.992593354,0.979059956,0.987297983,1.005239419,0.995061982,0.988897751,0.968333917,0.995709516
0.992432441,0.979757286,0.987270984,1.005613811,0.995218697,0.988681045,0.967942192,0.995342859
0.992593354,0.980440686,0.987307488,1.006175437,0.995207659,0.988421441,0.967145634,0.995189149
0.992915192,0.980788894,0.987440489,1.006175437,0.995374705,0.988297057,0.966817274,0.995049708
0.992915192,0.980563313,0.987607274,1.006549879,0.995546563,0.988234524,0.966813925,0.995002541
0.993237048,0.980147523,0.987715663,1.007298822,0.995159566,0.987939702,0.966783454,0.994962574
0.993719864,0.979937736,0.98799255,1.007673323,0.995158416,0.987643277,0.966049671,0.994832435
0.994041763,0.979713343,0.988253137,1.008047844,0.995334249,0.987239873,0.965903758,0.994588069
0.994041763,0.979438446,0.988518354,1.007673323,0.994949921,0.986839266,0.965697311,0.994546174
0.993880811,0.97913104,0.988667009,1.008047844,0.994427327,0.986439372,0.965004519,0.994425426
0.994041763,0.978854737,0.988874034,1.008235112,0.994033395,0.986006525,0.964205509,0.994194388
0.993880811,0.978767087,0.988940846,1.008422385,0.99402502,0.986165139,0.964262386,0.994063484
0.994041763,0.978734878,0.988925573,1.007860581,0.993825711,0.986160004,0.964237423,0.994056168
0.993880811,0.978184513,0.989044656,1.00748607,0.994007031,0.986818622,0.96413937,0.994022646
0.993880811,0.977869656,0.989031797,1.00748607,0.993606348,0.987072634,0.963956023,0.993993568
0.994363679,0.977767716,0.989090872,1.00748607,0.993386493,0.987365689,0.963319596,0.993791734
0.994202719,0.977554088,0.989103887,1.00692434,0.993371717,0.987643213,0.96288488,0.993730591
0.994202719,0.977339831,0.989071136,1.006549879,0.993544367,0.987965582,0.962225016,0.993540826
0.994202719,0.97705909,0.989029677,1.006737107,0.993352899,0.988220715,0.96110594,0.993436459
0.994846586,0.976771001,0.989047171,1.006737107,0.994102843,0.98841131,0.960947771,0.993344231
0.995490521,0.976733361,0.989214447,1.006737107,0.994478672,0.98855647,0.961086406,0.993365393
0.995812515,0.976449112,0.989459585,1.006737107,0.993907259,0.988462545,0.960378067,0.993294469
0.995973518,0.976132626,0.989926444,1.006362655,0.993866408,0.988227848,0.959886609,0.993196938
0.996295537,0.975828121,0.990262058,1.005613811,0.993865675,0.987988002,0.959840743,0.993020936
0.996617574,0.975509055,0.990659673,1.005613811,0.994170137,0.98768737,0.959752156,0.992956579
0.996939628,0.975252079,0.991104351,1.005801015,0.99415045,0.98738882,0.959417725,0.992746427
0.997100661,0.97530669,0.991300269,1.00505223,0.993774267,0.987267332,0.958843496,0.992540808
0.997100661,0.975041525,0.99148278,1.004677867,0.993569332,0.987175018,0.95930931,0.992552974
0.997422741,0.975525677,0.991664708,1.004865046,0.993731664,0.986975392,0.958666521,0.992482071
0.997905893,0.976052302,0.991903862,1.00505223,0.994101749,0.986776707,0.95845592,0.992373958
0.998228016,0.976560957,0.992235271,1.004677867,0.994834177,0.98675508,0.958416784,0.99234969
0.998550156,0.977321523,0.992482999,1.004303524,0.99482424,0.986655717,0.958394233,0.992403109
0.999033399,0.97779805,0.992744968,1.003929201,0.994633782,0.986478453,0.957398457,0.992301691
0.999677782,0.97836192,0.99315848,1.004490693,0.994242289,0.986278925,0.957048683,0.992218397
1,0.979532752,0.993376763,1.004677867,0.99386196,0.98549455,0.957047837,0.992077127
1.000161115,0.979591844,0.993691634,1.005426612,0.993827025,0.985348927,0.956519614,0.991902979
1.000161115,0.979494333,0.994234645,1.00505223,0.993442216,0.985210899,0.955975533,0.991693127
1.000483359,0.979467239,0.994879876,1.005426612,0.993805926,0.985165601,0.95581652,0.991604931
1.000483359,0.979418982,0.995439716,1.005426612,0.993572011,0.985035901,0.955337997,0.991506714
1.000322235,0.979350679,0.996034627,1.005239419,0.993729554,0.984909871,0.955627521,0.991360295
1.000322235,0.979323198,0.996624844,1.005426612,0.993344911,0.984823229,0.955286376,0.991207424
1.000161115,0.97926589,0.997170096,1.005801015,0.993904107,0.984847814,0.955127571,0.991049988
1.000161115,0.979545458,0.997313381,1.005613811,0.994075935,0.985154251,0.955192355,0.990961656
1.000966757,0.983150682,1.00066018,1.005801015,0.994049865,0.985912865,0.955176735,0.991024432
1.001127898,0.986817587,1.004134072,1.005801015,0.994233151,0.986807956,0.955646615,0.991112323
1.001289043,0.990460048,1.0075732,1.00505223,0.993662745,0.987544671,0.955265854,0.99109682
1.001611347,0.994033707,1.010945109,1.004865046,0.994013371,0.988305629,0.95508264,0.991218831
1.002256007,0.997748641,1.014550164,1.005426612,0.994488691,0.98925575,0.955552537,0.991282316
1.002578363,1.001516437,1.018016159,1.005613811,0.995232658,0.990078859,0.955232075,0.991221093
1.015163714,1.030879697,1.043276736,1.016104837,1.032577063,0.99843444,0.995777271,0.996922197
1.02648068,1.061351837,1.069168174,1.034877494,1.069538925,1.007092453,1.039853677,1.003122435
1.038467459,1.092745234,1.095730541,1.052757606,1.105542471,1.015796168,1.084367162,1.009209528
1.049828247,1.125090656,1.122948055,1.07124959,1.142493017,1.024506566,1.129340331,1.015267668
1.061373186,1.158619798,1.150867871,1.089979166,1.179835018,1.033390646,1.174607133,1.021452154
1.072777129,1.193234649,1.179465163,1.10837822,1.217728265,1.042356897,1.220130623,1.027717774
1.084692732,1.228888218,1.209020268,1.127396098,1.256053402,1.051311224,1.265631267,1.033800492
1.094176651,1.266358514,1.239210796,1.175930088,1.292620075,1.060828239,1.32017519,1.040983089
1.103347628,1.305184451,1.269732275,1.226146154,1.33093443,1.07043349,1.376454404,1.048404255
1.112204211,1.345216733,1.301145941,1.276909508,1.36862786,1.080057973,1.432898508,1.055602206
1.121895629,1.386735502,1.333508684,1.327836389,1.406764294,1.089767776,1.490315673,1.062847504
1.131273219,1.429738631,1.366642762,1.378137733,1.44489187,1.099511108,1.547783665,1.070118326
1.140500384,1.474485328,1.400817262,1.428789409,1.483629361,1.109314776,1.60596769,1.077487045
1.149906701,1.520741339,1.436027171,1.480194977,1.522149585,1.119096048,1.665265186,1.085061758
1.158500585,1.568148455,1.472351112,1.535790828,1.564531146,1.129087342,1.728512659,1.09276837
1.166609765,1.611368645,1.504535372,1.591607324,1.604515637,1.138769927,1.793439538,1.100471263
1.174232284,1.655980634,1.537584423,1.648462906,1.644088715,1.148472164,1.858510751,1.108244341
1.181864329,1.702217724,1.571560073,1.706376722,1.684496423,1.158244959,1.924997908,1.116200551
1.189838379,1.750102368,1.6062881,1.763706193,1.72428903,1.168108453,1.991001411,1.123980237
1.197157072,1.799519528,1.64187844,1.821898083,1.765301341,1.177933036,2.058312969,1.132086065
1.205317752,1.850812506,1.678652802,1.880545344,1.805738603,1.187886063,2.126929055,1.14011441
1.199820588,1.850364389,1.678337026,1.927115119,1.809710202,1.1892476,2.149451036,1.141929003
1.195659354,1.849426308,1.67785833,1.965005788,1.809489763,1.190132289,2.169346865,1.143340063
1.191002131,1.848521163,1.677677791,2.00394513,1.81010049,1.19101078,2.189514883,1.144803573
1.18668074,1.847519373,1.67718263,2.042654184,1.810512861,1.191949711,2.209320414,1.146291675
1.182528436,1.846387153,1.676768538,2.080694511,1.81050685,1.192835692,2.229743243,1.147836128
1.178378952,1.845281303,1.676210458,2.119578923,1.81089997,1.193740405,2.249506299,1.149255095
1.173900672,1.844253197,1.675785429,2.158224377,1.810472777,1.194623999,2.269332385,1.150789242
1.172242883,1.843517935,1.675301199,2.163260453,1.817560295,1.194696681,2.281982997,1.151356979
1.17025413,1.84284068,1.674792907,2.168957394,1.819413113,1.194712956,2.293082091,1.151924044
1.168266025,1.842196305,1.674436939,2.174658571,1.821709574,1.194847044,2.304549181,1.152589155
1.166112975,1.84146674,1.674046087,2.180144471,1.823393673,1.194979314,2.316101396,1.153247022
1.164126218,1.840832007,1.673540538,2.186073652,1.825271794,1.195060217,2.327078083,1.153743432
1.162140108,1.840178933,1.673124861,2.192886881,1.827369526,1.195185505,2.338246885,1.154345058
1.159823797,1.839345921,1.672548232,2.198825913,1.829657784,1.195369428,2.349189947,1.154959286
1.158665971,1.838876968,1.672332157,2.199706161,1.832180399,1.195047062,2.357758132,1.155395187
1.156681637,1.838606195,1.672081001,2.200146322,1.837022532,1.194552958,2.365770558,1.155741246
1.155524408,1.838446269,1.671576984,2.200146322,1.842075379,1.194099399,2.37324293,1.155994873
1.154532672,1.838177812,1.671239484,2.199706161,1.84714446,1.193705706,2.380943817,1.15617348
1.15337585,1.838152259,1.671114628,2.199706161,1.851988871,1.193258475,2.389445937,1.156426454
1.152219247,1.83807052,1.670962525,2.198825913,1.856421457,1.192864652,2.397347201,1.156651345
1.150897685,1.837806238,1.670628871,2.197945767,1.861246431,1.192454786,2.405212409,1.156955289
1.149906701,1.837340921,1.670275421,2.197725746,1.859545825,1.192230846,2.411128597,1.157204012
1.149576409,1.837086214,1.67003373,2.196625736,1.865012985,1.192148466,2.416416041,1.15746765
1.149246135,1.836646149,1.669579253,2.195305933,1.870095958,1.191982183,2.42188215,1.157606614
1.148420527,1.836276968,1.669243735,2.194206269,1.87539308,1.191832983,2.427230558,1.157823662
1.148255419,1.836020128,1.668859188,2.193766448,1.880681888,1.191616244,2.432412726,1.157865628
1.147595032,1.835681452,1.668527902,2.192227272,1.885137913,1.191386715,2.437987833,1.15792593
1.146604585,1.835250678,1.668056414,2.190908224,1.890011541,1.191225251,2.444290617,1.158152785
1.145614299,1.835026285,1.667740872,2.188270807,1.888298752,1.191067965,2.448216508,1.158228717
1.145119216,1.834886637,1.667683718,2.184536017,1.889565745,1.190966038,2.453349639,1.158231326
1.144624174,1.83475867,1.667521559,2.180363989,1.890600568,1.19080234,2.458556539,1.158335669
1.144129172,1.834510385,1.667268363,2.176194228,1.891872459,1.190502584,2.46305412,1.158229097
1.143304257,1.834144003,1.667104928,2.172465309,1.893355038,1.19036514,2.468464925,1.158293336
1.142479455,1.834000745,1.666993304,2.168299839,1.894615265,1.190136686,2.473483807,1.158194786
1.142314508,1.833920086,1.666880044,2.16413663,1.895206995,1.189999385,2.478144572,1.158138588
1.141654764,1.833738462,1.666703168,2.160851482,1.894103549,1.189941896,2.48228403,1.158083887
1.141324919,1.833559555,1.666658675,2.157567742,1.891757935,1.190063056,2.485256786,1.157892909
1.140830185,1.833331538,1.666606454,2.153629111,1.8885593,1.190075871,2.489211243,1.157896973
1.140500384,1.833200766,1.666612107,2.149911151,1.885575774,1.190085046,2.492795356,1.157839676
1.139675962,1.832772192,1.666558372,2.146632096,1.882996573,1.190209692,2.496385449,1.157858905
1.139675962,1.83242197,1.666485998,2.143791384,1.880414992,1.190215986,2.500205744,1.157752201
1.139016504,1.832170177,1.66651748,2.14029657,1.877209317,1.190291162,2.503785206,1.157576807
1.13885165,1.832553143,1.666708509,2.138331437,1.874448935,1.190704589,2.509600684,1.157533994
1.13802745,1.832658146,1.666796974,2.135930294,1.872742224,1.190940089,2.514007401,1.157301635
1.137203362,1.832950835,1.666998292,2.134184482,1.871882329,1.19127112,2.51864094,1.157139819
1.136708963,1.83325353,1.667178756,2.131566509,1.87017434,1.191606501,2.522739291,1.156964305
1.135555521,1.833474589,1.667412772,2.129603618,1.869318217,1.191908847,2.527360592,1.157112545
1.134731767,1.833569227,1.667605892,2.127423218,1.868226022,1.192155814,2.532417251,1.157082843
1.13456703,1.833850676,1.667803881,2.125679346,1.867154106,1.192483177,2.536657531,1.156997191
1.134072844,1.833852194,1.668101486,2.123717965,1.867550798,1.192491733,2.541884884,1.15696745
1.133249291,1.833957679,1.66802815,2.120885747,1.869018558,1.192494504,2.545686881,1.156856622
1.132590529,1.833989111,1.667874691,2.118490074,1.870482879,1.19246221,2.550093349,1.156699537
1.131767177,1.834146308,1.667709335,2.116312841,1.872374567,1.192678329,2.554126116,1.156641169
1.13160252,1.834575629,1.667754053,2.114136229,1.874066096,1.19273699,2.558181871,1.156469854
1.131437867,1.834767182,1.667680874,2.11174267,1.87490688,1.192737549,2.562390203,1.156539976
1.130779301,1.834677441,1.667707002,2.109784862,1.876391171,1.192650626,2.566826974,1.156367033
1.128145749,1.829483071,1.662872859,2.079611194,1.853930461,1.192074039,2.560478755,1.155974092
1.121731239,1.809849142,1.645622747,2.035973551,1.820289017,1.190261973,2.530416219,1.155282398
1.115159277,1.790733349,1.628767242,1.993441761,1.788348404,1.188432099,2.500031579,1.154465679
1.107938318,1.771724993,1.612033679,1.951360294,1.755699645,1.186604717,2.469626136,1.153640543
1.101053584,1.753120933,1.595543819,1.908664476,1.72276137,1.18468527,2.439184883,1.152835692
1.093522111,1.734602198,1.578986493,1.866209132,1.689984249,1.182831487,2.409056338,1.152089679
1.086326832,1.716322055,1.562639653,1.825039531,1.658384316,1.180938297,2.378640872,1.151164004
1.078976847,1.675531104,1.519670009,1.777431178,1.623838818,1.176095539,2.319516713,1.149090578
1.071472733,1.632773301,1.473565159,1.730124234,1.585966044,1.171019719,2.258034058,1.146895706
1.06414074,1.591459155,1.429246269,1.68291032,1.548265721,1.165902897,2.196627661,1.144804421
1.05681762,1.551345953,1.38641996,1.637015922,1.511200718,1.160889808,2.13708272,1.14275492
1.049665799,1.51244522,1.344971456,1.590389416,1.473891294,1.155808629,2.07773713,1.140499478
1.042197933,1.474858848,1.304809445,1.544257392,1.436963873,1.150811694,2.018553243,1.13829961
1.034415208,1.438313255,1.266142198,1.498412886,1.400243984,1.145769388,1.959565191,1.136140117
1.027128006,1.399307272,1.226424018,1.451658103,1.362500947,1.139826274,1.894104001,1.133471376
1.020657873,1.360840011,1.189047439,1.406190083,1.324159059,1.133586342,1.828758108,1.130592786
1.013710216,1.323552389,1.152973818,1.360610616,1.286424185,1.127448393,1.762807625,1.127652683
1.006931855,1.287411359,1.117873214,1.314728975,1.248487743,1.12125817,1.698773308,1.124769718
0.99951668,1.252381878,1.083993213,1.269330459,1.210576831,1.115184745,1.635285899,1.121902235
0.992110628,1.218287039,1.051121557,1.224215689,1.173244843,1.109200574,1.571816296,1.118809624
0.984552981,1.185409808,1.019175266,1.179190196,1.136107068,1.103200274,1.5086839,1.115920199
0.979573345,1.156054801,0.992992301,1.159077894,1.118847726,1.097339496,1.452270586,1.112844008
0.978770564,1.135342657,0.974614518,1.15123982,1.113090973,1.092558105,1.415923441,1.109932511
0.977967891,1.114876469,0.956523017,1.143219461,1.10709679,1.087848971,1.38038444,1.107198809
0.977325829,1.094934903,0.938650984,1.134064331,1.101553766,1.083121125,1.345210564,1.104469884
0.977004824,1.075306481,0.921138739,1.126253596,1.096207863,1.078364889,1.310237239,1.101896862
0.976683836,1.056090039,0.904081116,1.11807101,1.090481328,1.07372532,1.275115952,1.099127123
0.976362865,1.037241688,0.887324675,1.109517866,1.084754153,1.069099055,1.241312131,1.0966423
0.976362865,1.03121871,0.886618045,1.105529902,1.082645323,1.066761839,1.227522247,1.094640309
0.976844328,1.027243761,0.888799346,1.101354425,1.080538014,1.064695992,1.216057955,1.092613099
0.976844328,1.023321797,0.890970562,1.097750296,1.077867304,1.062673108,1.205083397,1.090636735
0.977165324,1.019417037,0.893104046,1.093958443,1.075571176,1.060556461,1.193552806,1.088555258
0.977325829,1.015544689,0.895324033,1.090547498,1.073275742,1.058653364,1.182543531,1.086639472
0.977646851,1.011617856,0.897731875,1.087138185,1.070984032,1.056591831,1.171181924,1.084685879
0.977967891,1.007749047,0.900014337,1.08297346,1.068490158,1.05459835,1.160110275,1.08271034
0.977807369,1.006410528,0.904601042,1.080324447,1.066194393,1.053279092,1.154183561,1.080826247
0.977486338,1.005469629,0.908851488,1.077865531,1.065429986,1.052071249,1.149130868,1.079154941
0.977967891,1.00450964,0.912988683,1.074840338,1.063633888,1.050958346,1.143498886,1.077370965
0.978128417,1.003661953,0.9173112,1.072572287,1.062107591,1.049760555,1.137595034,1.075755729
0.978931112,1.002748747,0.921635123,1.070493874,1.061117075,1.048501373,1.131880315,1.073974933
0.97925222,1.001993042,0.925983206,1.068227206,1.060120997,1.047295772,1.12674032,1.072362603
0.980376233,1.001193318,0.930466193,1.066527679,1.058969698,1.046118256,1.121696253,1.070716957
0.980858018,1.000684458,0.933654307,1.064828558,1.057819856,1.045227954,1.118076558,1.069340871
0.981500457,1.000974444,0.936595589,1.062941121,1.056486747,1.044285812,1.114949301,1.068076007
0.982142965,1.001378158,0.939727587,1.060676857,1.054765297,1.043450364,1.111489006,1.06666985
0.983106856,1.001788464,0.942900805,1.059922263,1.053811428,1.042559377,1.108405937,1.065290452
0.983588859,1.00207883,0.946040327,1.057658959,1.052090933,1.041692586,1.104220395,1.063831745
0.984070901,1.002464936,0.949108286,1.055584897,1.05093142,1.040808848,1.100979737,1.062440677
0.984392284,1.002859326,0.952100056,1.054265355,1.049212056,1.039874414,1.096251876,1.060951634
0.98487439,1.00334665,0.954298698,1.052569159,1.048225002,1.039048384,1.093525,1.059754671
0.985035101,1.003527855,0.956120527,1.052380718,1.047144165,1.037979633,1.090932041,1.058819861
0.985677987,1.003750141,0.958010864,1.05106177,1.046385686,1.036836041,1.088327857,1.057812802
0.986160196,1.003911241,0.959979573,1.050119814,1.045435896,1.035706761,1.085893593,1.056837818
0.986481691,1.004124683,0.961813184,1.048989631,1.04429328,1.034616739,1.08297448,1.055801381
0.986642444,1.004173104,0.963658299,1.047671312,1.043519191,1.033599674,1.080699363,1.05481845
0.987124731,1.004471317,0.965542557,1.046353237,1.04252962,1.03245518,1.078740153,1.053804923
0.987607057,1.004627632,0.966558306,1.045223653,1.041736277,1.031256563,1.076263647,1.052864119
0.988089421,1.004536492,0.967290027,1.043906032,1.040214133,1.030395695,1.073325567,1.05188746
0.988250218,1.004493554,0.96814698,1.043529614,1.039621135,1.029465896,1.071228549,1.051083745
0.988411019,1.00444579,0.969021244,1.042776837,1.038671439,1.028640508,1.069407889,1.050101422
0.988250218,1.004353741,0.969787073,1.041271523,1.037324663,1.027758227,1.067414165,1.04939093
0.988571824,1.004270658,0.970684829,1.040142747,1.036376842,1.026829185,1.065157371,1.048463678
0.988250218,1.004147067,0.971507061,1.038826068,1.034839135,1.025964726,1.063205775,1.047704877
0.988411019,1.004075459,0.971913806,1.03732159,1.033880165,1.024864515,1.061265283,1.046836816
0.988411019,1.003727825,0.971968971,1.036569471,1.033115145,1.023735263,1.059492283,1.046080189
0.988250218,1.003243859,0.97197212,1.036193441,1.032693598,1.022607913,1.057427919,1.04523339
0.987928629,1.002940238,0.972027128,1.034689522,1.031720977,1.021492685,1.055484219,1.044470767
0.98776784,1.002624275,0.972073705,1.033561791,1.031152031,1.020313775,1.054012525,1.043605757
0.98776784,1.002302607,0.972196927,1.03281007,1.0303889,1.01907429,1.051976497,1.042790343
0.987928629,1.001987164,0.972366748,1.031118988,1.029995763,1.01788804,1.050842465,1.041964669
0.987446277,1.001260949,0.972787127,1.030367526,1.029159039,1.016880341,1.049364741,1.041284182
0.987446277,1.000820389,0.973178464,1.02942831,1.028203787,1.016500086,1.048522045,1.040425738
0.987124731,1.000459169,0.97354071,1.028489218,1.02725272,1.016115186,1.047384316,1.039621939
0.986963965,0.999960504,0.973840898,1.027174698,1.026024592,1.015799354,1.045933303,1.038645123
0.986642444,0.999495176,0.974228587,1.025860421,1.025022932,1.015453199,1.044743281,1.037889582
0.986963965,0.999245907,0.9745892,1.024921801,1.024067157,1.014995296,1.042931365,1.037022093
0.987124731,0.998836523,0.97491431,1.024358689,1.023309324,1.014657353,1.041563275,1.036383985
0.987285502,0.998302876,0.97538043,1.024170994,1.023300349,1.014269476,1.040275533,1.035747915
0.987446277,0.997884988,0.975844317,1.023607941,1.022327517,1.01335901,1.039471528,1.035081089
0.987124731,0.997474426,0.97616968,1.022669619,1.021186206,1.012484179,1.03850787,1.03433058
0.987285502,0.99711856,0.976566095,1.021919051,1.020417218,1.011682189,1.037366451,1.033652821
0.987928629,0.99681282,0.977010941,1.021543797,1.019831331,1.010835044,1.035904863,1.032787333
0.988250218,0.996551357,0.97738562,1.020793347,1.019047188,1.010042439,1.035059766,1.032141901
0.988571824,0.996077094,0.97771473,1.020605747,1.019031555,1.009208093,1.033735201,1.031351176
0.989054266,0.995307649,0.978024536,1.020793347,1.018458075,1.009184038,1.0328882,1.030704442
0.989054266,0.994758854,0.978587215,1.019855397,1.017672572,1.008979376,1.031575504,1.029852406
0.989375915,0.994272027,0.979124557,1.019292687,1.016718442,1.008891537,1.030583027,1.029184826
0.989536746,0.993718087,0.979561066,1.019292687,1.015745629,1.008701501,1.029761305,1.028430528
0.989858421,0.993192155,0.980119805,1.019855397,1.015534604,1.008570283,1.028797364,1.027766539
0.990662684,0.992686199,0.980661761,1.019855397,1.014967183,1.0084416,1.027827954,1.027015991
0.991467054,0.992204284,0.981249404,1.019480252,1.014386241,1.008331169,1.026758037,1.026318983
0.992432441,0.992777389,0.981303618,1.019292687,1.01377464,1.00816133,1.025548217,1.025710779
0.992271532,0.992792011,0.981717138,1.019105127,1.013745374,1.007514627,1.024400113,1.025198176
0.992593354,0.992762243,0.982082458,1.018917571,1.013742445,1.006805985,1.023436899,1.024617374
0.992593354,0.992824452,0.982477936,1.018917571,1.013717826,1.006134705,1.022309487,1.024135697
0.993076118,0.992933273,0.982825641,1.018730021,1.013140089,1.005321059,1.021349879,1.023494336
0.992915192,0.992933572,0.983276649,1.018730021,1.01237655,1.004676833,1.02080497,1.022918256
0.993076118,0.992890705,0.983565833,1.018730021,1.012738644,1.00398716,1.019671896,1.022278877
0.993076118,0.992775395,0.983948151,1.017979869,1.011979047,1.003638371,1.018711226,1.021801134
0.993237048,0.993089806,0.984334936,1.017604823,1.011919076,1.003556493,1.01769539,1.021386947
0.993558921,0.993370555,0.984855479,1.017042291,1.011528392,1.003523842,1.01670526,1.020936042
0.993880811,0.993809018,0.985239359,1.016292318,1.011516912,1.003326361,1.015712926,1.020516389
0.993558921,0.994024699,0.985597695,1.01572989,1.011125529,1.003174819,1.014958995,1.020213072
0.993880811,0.994280077,0.986019264,1.015542424,1.011301313,1.003080324,1.013942958,1.019807255
0.993880811,0.994678164,0.986455448,1.01479261,1.010543709,1.002930624,1.012806585,1.019341602
0.993558921,0.995083284,0.986814767,1.01479261,1.010160592,1.002429592,1.011427132,1.01896741
0.993880811,0.995008864,0.98709929,1.014980056,1.009751277,1.002177901,1.01068597,1.018680234
0.993558921,0.994839454,0.987432355,1.01479261,1.009547418,1.00172324,1.009949193,1.01847424
0.993880811,0.994612773,0.987791542,1.014417732,1.009313734,1.00142295,1.008823079,1.018209995
0.993880811,0.99448283,0.988038694,1.014230301,1.009115509,1.00115147,1.00818173,1.01800768
0.993397983,0.994316289,0.988321528,1.013855453,1.009300558,1.000905514,1.007983126,1.017761606
0.992754271,0.9940533,0.988582737,1.014042874,1.008923157,1.000683626,1.007275989,1.017547367
0.992432441,0.993638328,0.989135097,1.014042874,1.008733528,1.000100124,1.006577504,1.017120854
0.993076118,0.993343569,0.989310695,1.013293218,1.008344671,0.999900302,1.005847173,1.016854728
0.992754271,0.992976243,0.98956823,1.01291842,1.008104546,0.999750085,1.004603834,1.016493494
0.992915192,0.992593518,0.989699974,1.011981511,1.007534936,0.999601616,1.004247388,1.016182405
0.992754271,0.992179079,0.989877179,1.011606782,1.007134622,0.999514285,1.003031479,1.015758188
0.992915192,0.991794749,0.990038424,1.011044726,1.007503979,0.999427079,1.002391438,1.015412916
0.992915192,0.991455613,0.99031607,1.010295386,1.006721342,0.999277597,1.001575285,1.015111001
0.993076118,0.991279555,0.990523539,1.009920747,1.006330946,0.998891786,1.001415613,1.014855526
0.992915192,0.990553309,0.990619916,1.009920747,1.006114446,0.998610303,1.000574307,1.014599909
0.993076118,0.989822178,0.990782608,1.010295386,1.006092993,0.998285435,1.000363391,1.014319729
0.992915192,0.989142711,0.990967512,1.011044726,1.006276813,0.99794989,0.999541064,1.013999623
0.992754271,0.988431201,0.991269804,1.011044726,1.006086925,0.997597191,0.99904734,1.013685158
0.992432441,0.98770441,0.991423053,1.011419425,1.005708147,0.997293968,0.99839626,1.01331442
0.992754271,0.987015408,0.991572091,1.011232073,1.006077385,0.997008219,0.998233935,1.013016482
0.992432441,0.986244667,0.99192165,1.010482714,1.006055733,0.997141595,0.997787409,1.012541007
0.992271532,0.985994049,0.992168163,1.010108064,1.006420633,0.997094946,0.997245627,1.012363326
0.992915192,0.985794587,0.992321621,1.009920747,1.006606313,0.99720764,0.996595546,1.011869164
0.992754271,0.985732698,0.992561111,1.009358824,1.006033717,0.997132775,0.995713117,1.011414313
0.992754271,0.985571604,0.99279986,1.008047844,1.005271946,0.99716447,0.995008966,1.011057708
0.992915192,0.98534775,0.9930661,1.008047844,1.004272759,0.997096083,0.99381007,1.010738894
0.993076118,0.985298382,0.993379984,1.00748607,1.004266716,0.997014462,0.992710816,1.010371108
0.992754271,0.984096376,0.993438008,1.006737107,1.003306291,0.997496623,0.992205111,1.010161225
0.992432441,0.983073462,0.993598606,1.006362655,1.003108206,0.997696035,0.991411306,1.009788916
0.992432441,0.982125124,0.993698886,1.006549879,1.002906613,0.998007459,0.991231523,1.009429924
0.992271532,0.981214208,0.9939704,1.00692434,1.002895362,0.998232855,0.991029936,1.009142738
0.992271532,0.98027109,0.99412941,1.006549879,1.002891387,0.998462431,0.990505216,1.008786087
0.992271532,0.979289678,0.994409183,1.007111579,1.002668506,0.998698645,0.990292885,1.008485494
0.992271532,0.978366998,0.994559604,1.007860581,1.002470969,0.998972213,0.98992134,1.008068196
0.992432441,0.978057839,0.99468212,1.008422385,1.002845645,0.999044032,0.989420153,1.007655718
0.992593354,0.978327105,0.994843482,1.008047844,1.002654373,0.998924819,0.988882372,1.007195853
0.992593354,0.978604779,0.995035362,1.007860581,1.002832979,0.998843522,0.988499367,1.006867703
0.992593354,0.978798777,0.995177561,1.00748607,1.002266732,0.998800961,0.988329401,1.006501507
0.993076118,0.97917699,0.995369141,1.007673323,1.002430825,0.998690867,0.987505463,1.00607768
0.993719864,0.979454102,0.995474178,1.006737107,1.001859743,0.998541407,0.987017282,1.005670471
0.993558921,0.979689825,0.995601212,1.006549879,1.001439526,0.998396503,0.986506945,1.005411813
0.993397983,0.97937181,0.995517223,1.005988223,1.000866928,0.998370405,0.986017556,1.005175833
0.993558921,0.97886436,0.995591148,1.006175437,1.000255858,0.998631519,0.986116495,1.004752416
0.993558921,0.978402338,0.995848974,1.005988223,0.999661335,0.998820071,0.985576879,1.004434697
0.993719864,0.977797907,0.996000335,1.006175437,0.999653626,0.999093985,0.985537375,1.004132077
0.993397983,0.977131836,0.99617412,1.00692434,0.999262608,0.999385268,0.985535245,1.003815192
0.993397983,0.976562457,0.996233864,1.006175437,0.999262303,0.999656919,0.985242023,1.003562536
0.993719864,0.975979909,0.99651601,1.006549879,0.998669654,0.999874622,0.984908476,1.003161533
0.993719864,0.976096693,0.996560246,1.00692434,0.99901664,0.999554683,0.98455158,1.002919138
0.993880811,0.976386993,0.996691609,1.00748607,0.998810299,0.999232931,0.984194269,1.002659986
0.994524644,0.976802669,0.996792756,1.007111579,0.998413706,0.9987798,0.984177827,1.002470594
0.994524644,0.977071171,0.996856954,1.007298822,0.998220067,0.998392529,0.983535996,1.00216307
0.994685612,0.977360193,0.99697546,1.007860581,0.998559805,0.998039016,0.983844529,1.001993469
0.995168545,0.977670487,0.996987232,1.00748607,0.998177056,0.997612904,0.982850433,1.001628193
0.995007563,0.977947216,0.997180464,1.007111579,0.998300787,0.997211018,0.982064177,1.001316779
0.994846586,0.977737217,0.997424562,1.006549879,0.997707619,0.997288797,0.981409816,1.001064774
0.994685612,0.977148718,0.997506563,1.006549879,0.997510009,0.997611571,0.98103388,1.000931195
0.994524644,0.976381224,0.997494982,1.006175437,0.996937214,0.998007718,0.979906671,1.000845212
0.994846586,0.975674919,0.997696213,1.005988223,0.996519804,0.99834012,0.979105512,1.000583825
0.995007563,0.97488173,0.997777412,1.005988223,0.996137074,0.9987029,0.978443236,1.000325145
0.994524644,0.974129209,0.997796512,1.006175437,0.995944148,0.999128472,0.977965586,1.000013735
0.994363679,0.973423744,0.997855949,1.005988223,0.995379273,0.999434461,0.977328184,0.999783142
0.995007563,0.97391745,0.998070796,1.00692434,0.995753124,0.999602408,0.976844134,0.999521189
0.995168545,0.974104439,0.998381826,1.007111579,0.996294832,0.999275391,0.976183083,0.999378612
0.995007563,0.974256381,0.998526106,1.007298822,0.996476439,0.999056967,0.975543245,0.999299367
0.995168545,0.974484173,0.998839489,1.00692434,0.996265318,0.998845795,0.975099542,0.999097449
0.995490521,0.974970563,0.999081833,1.00692434,0.996245158,0.998454456,0.9742522,0.998994617
0.995490521,0.975305501,0.99935096,1.006737107,0.996035757,0.998204749,0.973637526,0.998753287
0.995007563,0.975469739,0.999503013,1.006737107,0.996196369,0.997923896,0.973295886,0.998674337
0.995490521,0.975151499,0.999896916,1.006362655,0.996189396,0.997976485,0.972638494,0.998358143
0.995651516,0.975044296,0.999912855,1.006175437,0.996186534,0.998087666,0.972616215,0.998381286
0.995973518,0.974927476,0.999845966,1.006362655,0.996152487,0.998139076,0.971663409,0.998144998
0.996456554,0.97470511,0.999823824,1.005613811,0.995947238,0.998237942,0.971160856,0.997944989
0.997100661,0.974609346,0.999956979,1.005426612,0.995378668,0.998253703,0.970500977,0.997845013
0.997583787,0.974409604,0.99991451,1.005239419,0.995329123,0.998369132,0.969866036,0.997635489
0.998066952,0.974264338,0.999906441,1.00505223,0.994530209,0.998389496,0.970009713,0.997564282
1.013064329,1.006434918,1.028021237,1.03281007,1.037939613,1.006511947,1.021407007,1.002807267
1.027451695,1.041217914,1.058056001,1.073328224,1.084857066,1.015617634,1.083690653,1.008747891
1.041711219,1.077107536,1.089050684,1.114268348,1.132271325,1.024698038,1.147504487,1.014712097
1.056004487,1.114202344,1.12088923,1.155062199,1.179623234,1.033863022,1.211624051,1.020862366
1.070168618,1.152692763,1.153668548,1.195705244,1.227469819,1.043069053,1.276845095,1.027094382
1.084529346,1.192671879,1.187562293,1.236966332,1.275651594,1.052296088,1.342421029,1.033410369
1.099087951,1.234092269,1.222402467,1.278465169,1.324341735,1.061634924,1.407885265,1.039430457
1.110891309,1.277075685,1.258312321,1.352354054,1.376709451,1.072232626,1.492313089,1.046672537
1.122060024,1.321647916,1.295201072,1.427002704,1.435810331,1.083373955,1.581285386,1.054111301
1.133413993,1.368282585,1.333334914,1.502623456,1.495460822,1.094480762,1.672047653,1.061535479
1.144789184,1.416519002,1.372678249,1.579842628,1.555970119,1.105686343,1.763645303,1.069235266
1.156350978,1.466874795,1.41357094,1.657469392,1.617187645,1.11711456,1.857358011,1.076789976
1.168100379,1.519349714,1.455736617,1.73591772,1.678121645,1.128507206,1.951786679,1.084274925
1.179872441,1.574082565,1.499395834,1.814782339,1.739348099,1.140123211,2.047817412,1.091980025
1.190669608,1.632227052,1.544260969,1.897869538,1.800015611,1.152017491,2.153319968,1.100328492
1.201818985,1.692431795,1.591073742,1.982097333,1.861988272,1.164057006,2.261930033,1.108640762
1.211987606,1.755290362,1.639627328,2.066839669,1.924087857,1.176294109,2.37254172,1.117048417
1.222507374,1.821165004,1.690136043,2.15319161,1.98733389,1.188635324,2.485461149,1.125672653
1.232710412,1.890085687,1.742477484,2.24030684,2.051547238,1.20107643,2.599450516,1.134108749
1.243098127,1.962716925,1.797186332,2.32819468,2.1154226,1.213526975,2.716263526,1.142871356
1.253671416,2.038875261,1.853827501,2.417317287,2.180508868,1.226125708,2.833619872,1.15133819
1.248634247,2.041840991,1.85508384,2.472287567,2.19751163,1.229658332,2.888779953,1.154332116
1.244439759,2.041744595,1.854562304,2.512968412,2.212577204,1.231995448,2.932485459,1.156749802
1.240080528,2.041699779,1.854143044,2.553861445,2.227672471,1.234354281,2.976086731,1.159163332
1.235556907,2.041602156,1.853687264,2.595199874,2.243011109,1.236648491,3.019719419,1.161515003
1.231036619,2.04155655,1.853295465,2.636523508,2.257484454,1.23888458,3.062924553,1.163704322
1.226686894,2.041359802,1.852858741,2.678532378,2.272667636,1.241192636,3.106688263,1.165838406
1.222507374,2.041369266,1.852486298,2.720294686,2.287645696,1.243509193,3.151796106,1.168204589
1.220335149,2.040633715,1.851943093,2.721235694,2.293469406,1.244263484,3.177209361,1.169588853
1.218497714,2.040116451,1.85120131,2.720765176,2.29390684,1.244946254,3.199031391,1.170635047
1.216660829,2.039431778,1.850486861,2.720294686,2.294293979,1.245740701,3.221354725,1.171814371
1.214824495,2.038880856,1.849821658,2.719824224,2.294944655,1.246475245,3.243316003,1.17289089
1.213155578,2.038276073,1.848867948,2.719118583,2.296051663,1.247304516,3.264869667,1.173907147
1.211487115,2.03780441,1.848244081,2.719118583,2.297596215,1.248106548,3.28763982,1.175194029
1.209819107,2.037200489,1.847523353,2.71864819,2.298235809,1.248914025,3.309752722,1.176310309
1.208485027,2.037097388,1.847635211,2.716061529,2.30091304,1.249102208,3.326557385,1.176968135
1.206817836,2.037014418,1.847849645,2.712300616,2.305834509,1.249351012,3.341418877,1.177748499
1.205984411,2.037123604,1.848328276,2.7094811,2.310765514,1.249552139,3.358287978,1.178666824
1.205317752,2.037297423,1.848674903,2.705958113,2.314790048,1.249741036,3.373960072,1.179302181
1.204151274,2.037414596,1.849120113,2.702201982,2.318356757,1.250079207,3.389737171,1.18004088
1.203151613,2.037341522,1.849375443,2.698447629,2.322809575,1.25032663,3.405770761,1.180652094
1.202152115,2.037464896,1.849677135,2.694929536,2.327526905,1.250569439,3.422325564,1.181547796
1.20098624,2.037182512,1.849981006,2.691178623,2.327511471,1.250389549,3.434975653,1.182086311
1.199654084,2.037076405,1.850211233,2.686024013,2.328815301,1.250340901,3.44675693,1.182513101
1.198821634,2.036885968,1.850337597,2.680404623,2.329022749,1.250222709,3.457963709,1.182911832
1.198322218,2.036787706,1.850339056,2.674789214,2.330593501,1.250151157,3.469946672,1.183270855
1.197822843,2.036777491,1.850560865,2.669411514,2.33215975,1.250174078,3.48292951,1.183811396
1.196824214,2.036698459,1.850669298,2.66333677,2.333051292,1.250162088,3.495718825,1.18436948
1.195825749,2.036555994,1.850970114,2.657966841,2.333951318,1.250122116,3.508024875,1.184972617
1.195492964,2.036523163,1.85100882,2.651900872,2.337328699,1.250279822,3.518223388,1.185411931
1.195326578,2.036534251,1.851121287,2.64700483,2.333206896,1.250283818,3.52773109,1.185893468
1.19499382,2.036649245,1.851592769,2.642344749,2.328914354,1.25041119,3.537100616,1.186348997
1.194494716,2.036547155,1.85190958,2.637920215,2.324862294,1.2504333,3.546662784,1.186781534
1.194328357,2.036622488,1.852306352,2.633265486,2.320329051,1.250412494,3.556526236,1.187355062
1.193496631,2.036302218,1.852404064,2.628846032,2.31605546,1.250412815,3.565875657,1.187857503
1.193163972,2.036347076,1.85272545,2.624429049,2.312445827,1.250414622,3.575493403,1.188340132
1.192831332,2.035921719,1.85243928,2.617459894,2.313110233,1.250617172,3.583022235,1.188587463
1.192498709,2.035416536,1.85210105,2.611192911,2.310847978,1.250640747,3.590050423,1.188708455
1.191999809,2.034859003,1.851543733,2.604467248,2.309270986,1.250629621,3.595372264,1.188786251
1.191334672,2.034353938,1.851290954,2.598673863,2.307690659,1.250578037,3.602220906,1.189109279
1.191002131,2.033829831,1.851046963,2.591958866,2.305634198,1.250519135,3.609730963,1.189516044
1.190669608,2.033660288,1.850882002,2.585943385,2.303829064,1.250460182,3.615978722,1.189826592
1.190503353,2.033374699,1.85054192,2.579701398,2.301121402,1.250403359,3.62282551,1.189964105
1.190669608,2.033488197,1.850678531,2.57323345,2.297751081,1.250810779,3.629939591,1.19014522
1.190337103,2.033476278,1.850808122,2.566540102,2.289450897,1.251060439,3.636352209,1.19010439
1.190004616,2.033588284,1.850815238,2.560544007,2.282504364,1.251443384,3.643199836,1.190178292
1.189173478,2.033646726,1.850839635,2.554322129,2.274003107,1.251816967,3.650017798,1.190374296
1.188674849,2.033545656,1.850750668,2.548795701,2.266174236,1.252122995,3.656396099,1.190464464
1.188176261,2.033579824,1.850776312,2.543043136,2.258508646,1.252499517,3.662555844,1.190554766
1.187843891,2.033724445,1.850659141,2.536835094,2.250456626,1.252804179,3.668975441,1.190555755
1.18751154,2.033843118,1.850663713,2.532239707,2.242876849,1.252996581,3.675007568,1.190622639
1.18668074,2.03382465,1.850497175,2.52672879,2.244197899,1.253204521,3.68135411,1.190751421
1.186514594,2.033707345,1.850120028,2.521221742,2.246187772,1.253345729,3.687564902,1.190759102
1.185850054,2.033624646,1.84988169,2.514801735,2.247964496,1.253507436,3.694259257,1.190820885
1.18501948,2.033465271,1.849610404,2.509074024,2.249078273,1.253630538,3.700200608,1.190773305
1.184687282,2.033602782,1.849621506,2.503350496,2.250394936,1.253758078,3.706189827,1.190793773
1.184022941,2.033748086,1.849447049,2.497631146,2.251493113,1.25397153,3.713074492,1.190759137
1.173569078,2.002806966,1.821115302,2.432724407,2.195042312,1.250060411,3.645847679,1.189780906
1.162802073,1.959896944,1.778995423,2.36542977,2.136372271,1.244403031,3.554771392,1.188073718
1.152219247,1.918421831,1.738100186,2.299827908,2.078166846,1.238800362,3.465457313,1.186488567
1.141984627,1.878128928,1.698242633,2.233451487,2.020836204,1.233231755,3.376395574,1.184678447
1.13160252,1.838888252,1.659666362,2.168519018,1.964126844,1.227734643,3.288644224,1.182895128
1.120251928,1.800283915,1.622095166,2.10413179,1.907420101,1.22223388,3.202621736,1.181233493
1.109578691,1.762877186,1.585657326,2.039420886,1.850910295,1.216723015,3.116761005,1.179650906
1.098760407,1.709927091,1.529965341,1.974187697,1.795601226,1.209193985,3.006171016,1.176800677
1.088615313,1.657329218,1.474984507,1.909723636,1.742232762,1.201217348,2.892431644,1.173837481
1.078976847,1.606764859,1.422286509,1.845386061,1.688182133,1.193181912,2.779685141,1.17067631
1.068864784,1.558052638,1.371890874,1.781595248,1.63515,1.185186328,2.669075666,1.167576359
1.058606897,1.51121676,1.323550673,1.718344257,1.582298402,1.177289411,2.560302955,1.164470273
1.048691206,1.466134298,1.277018243,1.655626265,1.53001008,1.169361877,2.45293782,1.161425014
1.038629606,1.422526294,1.232384769,1.593840678,1.478700835,1.161540756,2.347400476,1.158212535
1.029232294,1.378338788,1.190691343,1.531963916,1.428736027,1.153291282,2.235132934,1.154429368
1.019687952,1.335651949,1.151217588,1.470803441,1.376122199,1.144648915,2.122434397,1.150452523
1.009997312,1.29472456,1.113163502,1.410149814,1.323492,1.136115027,2.012033852,1.146452347
1.000644487,1.255089051,1.076256715,1.350193171,1.271051126,1.12763809,1.903287818,1.142562258
0.991788833,1.216861645,1.040691991,1.289948521,1.219355819,1.119296916,1.796793326,1.138739901
0.982303603,1.179842715,1.006385882,1.230588187,1.168053477,1.110922566,1.691574523,1.134695472
0.973314498,1.143940461,0.973135293,1.171713324,1.117500578,1.102549273,1.587583248,1.130711231
0.973795716,1.123918814,0.955515421,1.163478621,1.111549879,1.097332909,1.53452741,1.127266919
0.9744374,1.110247717,0.945206577,1.156591722,1.107141245,1.093971626,1.498889156,1.124345927
0.974918709,1.096590418,0.935090114,1.149711439,1.103498643,1.090610336,1.463484855,1.121337026
0.975079153,1.08316007,0.925165835,1.143410317,1.099100682,1.087262126,1.428767833,1.118477399
0.975560513,1.069896691,0.915302947,1.137305433,1.094895548,1.083886064,1.393803959,1.115620831
0.976683836,1.057019409,0.905466241,1.130253151,1.091457949,1.0806196,1.359322134,1.112658395
0.977486338,1.044274495,0.895807855,1.124540186,1.08857548,1.077344928,1.325189859,1.109600945
0.978610021,1.041303512,0.898390955,1.12035358,1.086051091,1.074879524,1.307861858,1.10727312
0.97925222,1.038745169,0.902075331,1.116169426,1.08372887,1.072952091,1.293927395,1.105069118
0.979573345,1.036190651,0.905891081,1.112177746,1.081942891,1.071095001,1.280365623,1.103038293
0.980215647,1.033599647,0.90960305,1.108758082,1.080352847,1.069243647,1.266072426,1.100876601
0.980536824,1.030962689,0.913310718,1.104390893,1.078416034,1.067340248,1.252193329,1.098796027
0.981339841,1.028437826,0.917165785,1.100405793,1.076509195,1.065495003,1.238497279,1.09669299
0.981982332,1.025859881,0.921040852,1.096802144,1.074984968,1.063604209,1.22485925,1.094624041
0.981982332,1.02494005,0.924448524,1.093389839,1.073080779,1.061857715,1.216592704,1.092896388
0.982142965,1.023862607,0.927398154,1.090168605,1.070387108,1.060273111,1.20925668,1.090939915
0.982142965,1.022690077,0.930427403,1.087327548,1.068849098,1.058709158,1.202101535,1.089206371
0.982142965,1.021614729,0.933522665,1.084676917,1.067135771,1.057180353,1.194284841,1.087303888
0.981661078,1.020443826,0.936574462,1.081838048,1.065211678,1.055609509,1.186534886,1.08535181
0.981661078,1.019287492,0.939633881,1.078811168,1.063290124,1.05399931,1.179242566,1.083511947
0.981339841,1.01820852,0.942669599,1.075785573,1.061192261,1.0524895,1.171902599,1.081862973
0.981661078,1.017487767,0.94487063,1.072572287,1.059659057,1.051412137,1.166894249,1.080362513
0.981821702,1.016886906,0.94711225,1.071438532,1.058883092,1.050324306,1.16300288,1.078946947
0.981661078,1.016328296,0.949384135,1.068982682,1.056967943,1.049221226,1.15866417,1.077647356
0.981982332,1.015740408,0.951482646,1.066527679,1.055992944,1.048142102,1.15328555,1.076130825
0.982142965,1.015075294,0.953676122,1.064639791,1.055042241,1.047106553,1.148693574,1.074559843
0.982303603,1.014351468,0.955888738,1.062563693,1.053104015,1.045978976,1.143619972,1.07306355
0.982624891,1.013567004,0.958021123,1.059922263,1.05120315,1.044934774,1.139040436,1.071756006
0.982624891,1.012513393,0.959399129,1.058601915,1.050802936,1.044422928,1.135376745,1.070453496
0.983106856,1.011944442,0.960759676,1.057281812,1.050024367,1.043513487,1.132244137,1.069245533
0.983910216,1.011199046,0.962078161,1.055773424,1.049074072,1.042524914,1.128294093,1.067924201
0.98423159,1.010575321,0.963521171,1.05351144,1.047732877,1.041637732,1.125354627,1.066764471
0.985035101,1.01003829,0.964952829,1.052003851,1.046954602,1.040763062,1.121571393,1.065458391
0.985517259,1.009323027,0.966378688,1.050308195,1.046004741,1.039929482,1.118133005,1.064207491
0.985838719,1.008673721,0.967725429,1.04804795,1.044453478,1.039103968,1.114862612,1.062965091
0.986642444,1.008865164,0.968710076,1.046918096,1.043855682,1.037675753,1.112378612,1.061706734
0.987124731,1.008662638,0.969650833,1.045788423,1.043262911,1.036589756,1.109880353,1.060723255
0.987607057,1.008438915,0.970670055,1.044470697,1.04211311,1.035466185,1.107274115,1.059669396
0.988089421,1.008254189,0.971633378,1.043906032,1.041160061,1.03435748,1.104415893,1.058541497
0.988571824,1.007946672,0.972512059,1.042965024,1.040021751,1.0332585,1.101800043,1.057610029
0.989215088,1.007747866,0.973485576,1.04145967,1.038882461,1.032125078,1.099033434,1.056625896
0.989697581,1.007482653,0.97441383,1.040707112,1.038089093,1.030972305,1.096402901,1.055368223
0.989536746,1.006612771,0.975309271,1.040330864,1.037329497,1.030302804,1.093829755,1.054335112
0.990180113,1.006503562,0.976234116,1.039202237,1.036380464,1.029268355,1.091706532,1.053373168
0.990823549,1.006278724,0.977019826,1.038073789,1.03543124,1.028190069,1.089582151,1.052229019
0.990984419,1.006074976,0.977911601,1.03732159,1.034262442,1.027167439,1.08774602,1.051344926
0.991145293,1.005941912,0.97884869,1.035817432,1.033122811,1.026049417,1.08562558,1.050258148
0.991145293,1.005780257,0.97975027,1.035441442,1.032355897,1.025010564,1.083356697,1.049296944
0.991306172,1.005554133,0.980678284,1.034313592,1.03156773,1.023992615,1.08122368,1.048275855
0.992110628,1.005302669,0.981333755,1.032997993,1.030192555,1.023414653,1.079566859,1.047458598
0.992271532,1.005085065,0.981940674,1.032622152,1.029219868,1.022918005,1.077388543,1.046759775
0.991949728,1.004892576,0.982465635,1.03187053,1.028461131,1.022461236,1.076219522,1.045962658
0.991788833,1.00489544,0.983030002,1.031682637,1.027695924,1.021949655,1.074059964,1.045207031
0.992110628,1.00459061,0.983559622,1.031494749,1.026733649,1.021389691,1.072580226,1.044451278
0.991788833,1.004372102,0.984152369,1.030743247,1.025778538,1.020823577,1.070288537,1.043640295
0.991467054,1.004140442,0.984716285,1.030555384,1.025575761,1.020337859,1.068973339,1.04299173
0.990823549,1.003132228,0.985137637,1.030179673,1.024614332,1.020468865,1.066865357,1.042307002
0.990662684,1.002744503,0.985469706,1.030179673,1.024195037,1.020213427,1.065562794,1.041554137
0.990501823,1.002382312,0.985668004,1.029803981,1.023622254,1.019916687,1.063783498,1.04096645
0.991145293,1.00198975,0.985954781,1.028489218,1.023219653,1.019630087,1.062489872,1.040264776
0.991306172,1.001704123,0.986338702,1.028489218,1.023785187,1.019365585,1.061658303,1.039566539
0.991306172,1.001392018,0.986621938,1.028489218,1.023961745,1.019171354,1.060661852,1.038917511
0.991467054,1.001108913,0.986909477,1.027925822,1.023581653,1.018962899,1.059802927,1.038459505
0.991467054,1.001587223,0.986918387,1.027362471,1.022819286,1.018259653,1.058671697,1.037923984
0.991788833,1.001627545,0.986923103,1.026799165,1.023003487,1.017562819,1.057144594,1.037452355
0.992271532,1.001776917,0.986902567,1.026423653,1.022792088,1.016858725,1.055826321,1.03697482
0.992432441,1.001849285,0.986912475,1.02604816,1.022204329,1.016051603,1.054683779,1.036608172
0.992915192,1.001823023,0.986787417,1.025672687,1.022369635,1.015301655,1.053041609,1.036246874
0.993237048,1.00190138,0.986679654,1.024921801,1.02198931,1.014538816,1.051573434,1.035786757
0.992754271,1.00194402,0.98667026,1.024734092,1.022168261,1.01372374,1.050098422,1.035246673
0.992432441,1.00168677,0.986856416,1.024358689,1.021786434,1.012835714,1.049281754,1.03475573
0.991949728,1.00170901,0.987070184,1.023607941,1.021392214,1.01197,1.048455545,1.034228981
0.991788833,1.001755874,0.987212743,1.023232598,1.021157165,1.011110043,1.046965485,1.033805535
0.992110628,1.001814999,0.987403972,1.022294325,1.02038669,1.010129791,1.045719561,1.033268384
0.991467054,1.00179878,0.987559933,1.021919051,1.02038326,1.009321857,1.04474135,1.032829642
0.991627941,1.001936428,0.987832671,1.021919051,1.02036999,1.008535287,1.044218473,1.032399206
0.992110628,1.001962108,0.987999669,1.021168562,1.019228806,1.007594049,1.042725274,1.031817065
0.992432441,1.001786652,0.988000016,1.020605747,1.019031965,1.00704813,1.041890609,1.031381719
0.993076118,1.001451918,0.988323363,1.020418152,1.018769569,1.006291866,1.040371819,1.030981721
0.993397983,1.00099431,0.988580849,1.020230562,1.018383839,1.00567953,1.039318807,1.030409442
0.993397983,1.000651704,0.988818672,1.020418152,1.01773856,1.005094178,1.038784784,1.030018142
0.993558921,1.000261741,0.989106661,1.020230562,1.016724963,1.004461432,1.03716085,1.029537612
0.993719864,0.999837075,0.989475733,1.020418152,1.016336005,1.003776727,1.035883688,1.029112946
0.994041763,0.999483633,0.989854875,1.020042977,1.015559767,1.003155915,1.034259641,1.02857778
0.994202719,0.998911205,0.990425162,1.020230562,1.015556072,1.002681669,1.033708054,1.028043059
0.993880811,0.998091818,0.990822087,1.019480252,1.014595641,1.002646467,1.032575221,1.027349457
0.993397983,0.997407968,0.991255648,1.019480252,1.014574032,1.002602386,1.03168654,1.026759779
0.993397983,0.996638374,0.991820645,1.019480252,1.014726291,1.002662089,1.030552634,1.026099419
0.993558921,0.99595861,0.992370759,1.019105127,1.014493223,1.002749286,1.030109348,1.025573947
0.993880811,0.995278812,0.992955008,1.019292687,1.01411301,1.002801352,1.029697589,1.025098222
0.994363679,0.994565559,0.993335064,1.019105127,1.0129469,1.002801559,1.028894295,1.024615961
0.994524644,0.994161759,0.993386078,1.019292687,1.013087603,1.002813683,1.027580946,1.024092689
0.995168545,0.993601339,0.993739701,1.018917571,1.012699442,1.003116464,1.026582025,1.023345204
0.995007563,0.992958105,0.993964523,1.018917571,1.012131761,1.00333079,1.02618429,1.022828198
0.995007563,0.992366499,0.994170083,1.019105127,1.012306422,1.003642561,1.025826338,1.022237927
0.995168545,0.99178269,0.994417182,1.018730021,1.011538519,1.003842496,1.024681339,1.021543585
0.994846586,0.991111487,0.994599989,1.0181674,1.010718553,1.004012282,1.023822683,1.020830231
0.994846586,0.990530112,0.994773768,1.017979869,1.010488096,1.004268486,1.023020765,1.020194048
0.995007563,0.989305847,0.99493816,1.017979869,1.010072553,1.004371986,1.022515121,1.019610681
0.994524644,0.988862945,0.995270628,1.017604823,1.010254197,1.004682207,1.021701011,1.019039697
0.994685612,0.988612084,0.995616842,1.017229797,1.010227847,1.004938842,1.020848458,1.018515473
0.994685612,0.988249233,0.996012688,1.017042291,1.010031234,1.005204259,1.020031277,1.017905252
0.994524644,0.987830751,0.996403268,1.016292318,1.009452817,1.005466575,1.019291529,1.017276952
0.994685612,0.987502739,0.996732599,1.01572989,1.009254393,1.005723808,1.018433245,1.016566015
0.994524644,0.987081432,0.997069107,1.014980056,1.009045656,1.006008606,1.017762202,1.01593277
0.995490521,0.987188883,0.997226324,1.014605168,1.009044386,1.006128721,1.016424276,1.015453688
0.995651516,0.987154071,0.997545695,1.014980056,1.009231856,1.006003559,1.016258023,1.015081764
0.995973518,0.987127102,0.997907621,1.014417732,1.008247929,1.005815817,1.015293192,1.01473351
0.995973518,0.987042075,0.998255448,1.014230301,1.007858205,1.005702798,1.015103934,1.014311512
0.995651516,0.986866814,0.998490524,1.014417732,1.006690689,1.005510374,1.014461856,1.01393907
0.995651516,0.986814666,0.998801326,1.013855453,1.006494717,1.005319297,1.013925034,1.013515112
0.995812515,0.986769308,0.999186964,1.013855453,1.006472017,1.005139173,1.012925592,1.012995103
0.995651516,0.986206596,0.999521109,1.013480625,1.005895984,1.00465713,1.01258851,1.012573389
0.995329531,0.985969169,0.999622337,1.013293218,1.005696823,1.004102436,1.012094719,1.012338217
0.995651516,0.985677022,0.999640456,1.012731028,1.005128955,1.003597703,1.01096993,1.011841844
0.995812515,0.985336783,0.999690457,1.012168883,1.004551292,1.003118593,1.009840985,1.011526303
0.996295537,0.98523066,0.999768179,1.011419425,1.004341996,1.002746349,1.009313436,1.011280398
0.996778599,0.98497802,0.999961576,1.011794144,1.004151982,1.002199956,1.008495999,1.011085352
0.996617574,0.984914625,1.000294054,1.011606782,1.003952287,1.001642908,1.008296086,1.010768775
0.996134525,0.984941574,1.000348457,1.011232073,1.003951909,1.001254387,1.007314901,1.010410898
0.996617574,0.984432767,0.999934553,1.011044726,1.003530758,1.000882584,1.006986329,1.010200177
0.996456554,0.983745524,0.999625963,1.011232073,1.002964226,1.00049605,1.006971867,1.009887717
0.996134525,0.983150426,0.999181028,1.011044726,1.002581219,1.000147316,1.006010548,1.009580079
0.995812515,0.982627311,0.998761565,1.010857383,1.002757281,0.999825767,1.005489376,1.009332626
0.995490521,0.981975748,0.998355606,1.010295386,1.001787203,0.99945695,1.004770256,1.009180486
0.995490521,0.981619899,0.998545498,1.010857383,1.001786157,0.998861217,1.004270337,1.008862671
0.995329531,0.981314966,0.998553748,1.010482714,1.001357716,0.998258319,1.003923414,1.008675266
0.995490521,0.98135304,0.998585631,1.010857383,1.000979275,0.997656731,1.002843288,1.008274648
0.995812515,0.981361342,0.998504049,1.011044726,1.000967692,0.997102491,1.002521032,1.007971808
0.996134525,0.981407029,0.998571892,1.010670046,1.000757708,0.99650124,1.001555101,1.007665843
0.996778599,0.981548887,0.998452351,1.010482714,1.000905662,0.9959085,1.000730689,1.00736412
0.997100661,0.981687853,0.998539337,1.010482714,1.001038221,0.995314063,0.999755795,1.007013401
0.996778599,0.981373059,0.99822104,1.009920747,1.000809918,0.994709229,0.99875624,1.006545642
0.996939628,0.981364652,0.997948059,1.010295386,1.000614827,0.994413072,0.997728506,1.006124288
0.997100661,0.98123233,0.997809342,1.010482714,1.00042078,0.994076906,0.996609335,1.005728607
0.997261699,0.981124175,0.997739896,1.010482714,1.000608777,0.993727076,0.996315798,1.005380464
0.997422741,0.980973589,0.99751044,1.010482714,1.00097063,0.993433992,0.996195035,1.005143608
0.997261699,0.980747432,0.997350451,1.010670046,1.001131986,0.993102407,0.995362665,1.004687168
0.997744838,0.980671425,0.997121576,1.009920747,1.001320383,0.992760841,0.994359434,1.004158892
0.997744838,0.980210722,0.997132113,1.010108064,1.000929546,0.992612904,0.993392728,1.003631384
0.998389084,0.980238024,0.997420225,1.010482714,1.000705189,0.992399015,0.992685494,1.003347857
0.998389084,0.980239796,0.997843122,1.010295386,0.999896728,0.99214084,0.99198401,1.002896239
0.998711233,0.980203237,0.99804974,1.009920747,0.999460504,0.991909543,0.991022463,1.002538195
0.998550156,0.980150456,0.998396687,1.009546127,0.999611854,0.991632064,0.990519956,1.002222848
0.998872313,0.980162194,0.998692791,1.009358824,0.999361702,0.991351522,0.990172158,1.001801631
0.999033399,0.979543416,0.998593689,1.009358824,0.999170637,0.990718673,0.98904665,1.001190244
1.009351823,1.00074267,1.017549274,1.029052658,1.055551627,0.995840739,1.01471306,1.004003233
1.018879803,1.022014969,1.036902637,1.048989631,1.11199055,1.001103847,1.041012537,1.006704374
1.028908509,1.043859822,1.056539484,1.067660652,1.168499603,1.00639966,1.06727011,1.009635335
1.038791757,1.066147193,1.076696487,1.08770629,1.226355879,1.011707899,1.093176164,1.012505817
1.049016053,1.088974442,1.097110467,1.107808466,1.284554692,1.017033401,1.119807572,1.015442713
1.066420853,1.129675413,1.132968165,1.19551299,1.348559608,1.027854633,1.211739046,1.021637296
1.083059071,1.172127143,1.169939389,1.288000905,1.414116349,1.039326422,1.312000538,1.028184358
1.100398302,1.216723166,1.208710153,1.381687686,1.480875057,1.050902133,1.414274946,1.034972756
1.11762293,1.263356863,1.248863851,1.475797439,1.548247286,1.062520961,1.518250357,1.041653099
1.134731767,1.311972458,1.290371144,1.572144887,1.616438351,1.074330028,1.624178124,1.048607151
1.152219247,1.36283083,1.333520172,1.66956347,1.685264986,1.086214923,1.731499601,1.055464614
1.167272215,1.415798608,1.378538389,1.772021355,1.763877457,1.099213675,1.859031803,1.063183071
1.182528436,1.471089044,1.425162833,1.876958728,1.843960134,1.112648066,1.99329597,1.071187068
1.196990641,1.528781914,1.473668113,1.982952924,1.924712437,1.126235321,2.130024511,1.079307506
1.212154446,1.589942578,1.523753819,2.090234342,2.006782325,1.139728497,2.269606238,1.087618837
1.227188628,1.653963717,1.576003042,2.198165794,2.08953365,1.1534181,2.412458099,1.09580577
1.242259756,1.721236585,1.630363872,2.308527907,2.173847709,1.167309018,2.558789164,1.104203476
1.257536044,1.791934014,1.687405919,2.420713299,2.258843947,1.181269072,2.708398965,1.112601969
1.272681886,1.866306434,1.746349717,2.53155063,2.337348836,1.195932754,2.868824844,1.121506064
1.287189482,1.944581561,1.808028891,2.643276545,2.423493877,1.210659866,3.03453818,1.13066429
1.301392738,2.028628779,1.873653912,2.757313116,2.511752607,1.225988642,3.205628273,1.139974413
1.305287435,2.064384494,1.900774493,2.846912944,2.531143493,1.234900066,3.342536923,1.145949814
1.309523591,2.100859134,1.92855107,2.938251931,2.550780986,1.243951268,3.481374422,1.151836662
1.313423423,2.138207204,1.956807797,3.03063883,2.570944882,1.252948774,3.623214794,1.157685368
1.31749544,2.176621431,1.98543151,3.12334977,2.590654005,1.262071712,3.769290547,1.163558134
1.320721024,2.215711497,2.014609932,3.212376057,2.606235056,1.27150189,3.921691322,1.1695674
1.316137802,2.215124,2.014093347,3.212376057,2.617677118,1.274271664,3.980276404,1.172233851
1.31206668,2.213933787,2.013570818,3.208126552,2.62722663,1.276372494,4.029048855,1.174558642
1.308167705,2.212920763,2.012824757,3.204129031,2.636301851,1.27853983,4.078385059,1.176874494
1.30427119,2.211885968,2.012331134,3.200133461,2.645369484,1.28063639,4.12803588,1.179372034
1.301054185,2.210989167,2.011826956,3.195890305,2.654750576,1.282747171,4.1782644,1.181812452
1.296992996,2.209879058,2.011301247,3.19214817,2.664134835,1.284939109,4.22881061,1.184390123
1.29563986,2.209190316,2.010573163,3.181181109,2.662942392,1.28606451,4.256674577,1.18591505
1.29445611,2.208972206,2.010159498,3.168985084,2.659628398,1.287091179,4.280986618,1.187555109
1.293272586,2.208735289,2.009521367,3.156558904,2.656098824,1.288084156,4.305647722,1.189030719
1.291920267,2.20829402,2.00908768,3.144647542,2.653251324,1.28911353,4.329110133,1.190245049
1.290230284,2.207999882,2.008602619,3.132753552,2.649686827,1.290047202,4.353080242,1.191769755
1.288709696,2.207662479,2.007977107,3.121124148,2.645933386,1.291041071,4.377410952,1.193271585
1.287189482,2.20747106,2.007139102,3.105808592,2.641672948,1.292063178,4.405561704,1.194844298
1.286007353,2.207238943,2.006955153,3.093231885,2.643053884,1.29264336,4.424894911,1.196009985
1.286176215,2.207368428,2.006957812,3.08264309,2.637616452,1.293272548,4.441197345,1.196917713
1.286007353,2.207494114,2.006787396,3.071085055,2.631753781,1.293955974,4.458173458,1.198001994
1.285331953,2.207620074,2.006718733,3.059788845,2.625648982,1.294562909,4.475174415,1.199100695
1.28499428,2.207745246,2.006628513,3.04801824,2.620013546,1.295224994,4.49274424,1.200031471
1.28415018,2.207586947,2.006356231,3.032595211,2.620244402,1.295663579,4.511401464,1.200955545
1.283306195,2.207289689,2.005983072,3.017933863,2.621173637,1.29612965,4.529527911,1.201861238
1.282968634,2.207150979,2.005686003,3.008174366,2.626542757,1.296317536,4.543965314,1.202771315
1.282968634,2.207056712,2.00561482,2.999157304,2.629800855,1.296670562,4.555500342,1.203156623
1.282968634,2.206837121,2.00532792,2.989906997,2.633527287,1.297077951,4.567069685,1.203604745
1.283137412,2.206891386,2.005391023,2.98018126,2.637013306,1.297480521,4.578308219,1.204036396
1.283137412,2.207075911,2.005003639,2.970467226,2.640746558,1.297796772,4.589334144,1.204524123
1.281956061,2.206563303,2.004926962,2.958341106,2.642600636,1.297873276,4.602762743,1.205093022
1.281618573,2.206475022,2.004756902,2.945023405,2.639992976,1.298145961,4.616293723,1.205620351
1.280606221,2.206283856,2.004458603,2.934868327,2.637147229,1.298273227,4.626863759,1.206014048
1.279425355,2.205814816,2.004037756,2.924002083,2.635268831,1.298223547,4.635821905,1.206084844
1.278582017,2.205470456,2.003775838,2.914355504,2.633619624,1.298191126,4.645585444,1.206487235
1.278244715,2.205242845,2.00345835,2.904479757,2.632432786,1.298200801,4.656185683,1.206977733
1.277738795,2.204773674,2.003168171,2.894616131,2.631245589,1.298151483,4.665904994,1.207300347
1.27790743,2.204561775,2.003119034,2.882363628,2.629834523,1.298283354,4.676495733,1.207609465
1.277401539,2.204331646,2.003079501,2.87348625,2.62819498,1.298420137,4.684667613,1.207736877
1.277401539,2.204127529,2.002973776,2.865097765,2.62790049,1.298360959,4.692601015,1.207859797
1.27638988,2.203937275,2.002690905,2.856718049,2.628020698,1.298335575,4.700781515,1.207987739
1.275715533,2.203465313,2.00248733,2.847869011,2.627552351,1.298351331,4.708696337,1.208069878
1.275209821,2.203242603,2.002392705,2.839029742,2.627061446,1.298418804,4.716245125,1.208054643
1.274704151,2.203170167,2.002223035,2.830200224,2.626818966,1.298380061,4.723384507,1.208182113
1.274535604,2.20337981,2.002660344,2.824239847,2.621666854,1.298409131,4.733265897,1.208306012
1.274029989,2.204131493,2.00319068,2.816378946,2.614398792,1.298423512,4.743669437,1.208427252
1.274029989,2.20496531,2.003802972,2.808287915,2.6078395,1.298449372,4.753999547,1.208494746
1.273355901,2.205675716,2.004238532,2.799967465,2.60060262,1.298537368,4.763867237,1.20861723
1.272681886,2.206546677,2.004771429,2.791655677,2.593371848,1.298544073,4.774883734,1.208933799
1.272007945,2.207160776,2.005098361,2.784063898,2.586842157,1.298673394,4.784829499,1.209059486
1.271502538,2.207083343,2.005461026,2.774110641,2.581484819,1.298563912,4.795753017,1.20924888
1.272344906,2.207829359,2.005617197,2.765825745,2.577760594,1.29876306,4.804627464,1.209408922
1.272513394,2.208115327,2.005738225,2.757785801,2.578225339,1.29864917,4.813110652,1.209454844
1.272850383,2.208246162,2.005967087,2.750226204,2.578445025,1.29853674,4.821409292,1.209653423
1.27318739,2.20837476,2.006276759,2.743145597,2.579130283,1.298428982,4.830582462,1.20985681
1.273355901,2.208640279,2.006604834,2.73559989,2.580059576,1.298426477,4.838838737,1.209880993
1.258880832,2.158644432,1.960208993,2.655166585,2.507573773,1.292339238,4.71534373,1.20820316
1.244104323,2.101340985,1.905944379,2.57392619,2.43413793,1.285486453,4.577353485,1.206087592
1.228526786,2.045758611,1.853824108,2.495801835,2.361628239,1.278529412,4.440316512,1.204099145
1.213489325,1.992154041,1.803535965,2.417770003,2.29067681,1.27153404,4.304077603,1.202052656
1.198155755,1.940457798,1.754914408,2.340511816,2.220595103,1.264703096,4.170098196,1.199909112
1.183026564,1.890399767,1.707969453,2.263350093,2.150250071,1.25788431,4.038629163,1.198029067
1.168431676,1.827061725,1.641188682,2.184536017,2.079011236,1.24851829,3.875307109,1.19473928
1.154202129,1.764634506,1.576015581,2.106305553,2.008650577,1.238905439,3.711085077,1.191468937
1.13951109,1.704757039,1.514023154,2.029298783,1.938637955,1.229421102,3.550651546,1.188072646
1.125184365,1.647447564,1.454672831,1.953703861,1.867638351,1.22018342,3.390253341,1.1846393
1.111219508,1.592271302,1.398107659,1.879912288,1.798355293,1.210884345,3.23318543,1.181195184
1.096795516,1.539207496,1.344081627,1.80683744,1.729489795,1.201685937,3.07859175,1.177650377
1.082732392,1.485776236,1.29243863,1.732813506,1.660642394,1.191550529,2.916708219,1.173436052
1.069353689,1.433855456,1.243746245,1.659108111,1.592426788,1.181276896,2.755863257,1.168817169
1.055516659,1.384313885,1.197034046,1.585925473,1.524223869,1.170896649,2.599891595,1.16434419
1.041386765,1.337016994,1.152391773,1.515470596,1.455238213,1.160934223,2.446580584,1.159889012
1.027289848,1.291370164,1.109580362,1.446879591,1.387018217,1.150988892,2.296736165,1.155341974
1.013064329,1.247522559,1.06843206,1.379518064,1.319895062,1.141160815,2.150349069,1.150850069
0.99951668,1.204840809,1.030163601,1.310820907,1.25297475,1.130749018,2.00184363,1.145686786
0.985999455,1.163484383,0.993595315,1.242963071,1.186832519,1.120360198,1.855858601,1.140470214
0.972833318,1.123736368,0.95829774,1.175738363,1.121138886,1.110047194,1.712968023,1.135223382
0.9731541,1.107045305,0.943793159,1.167690543,1.11557893,1.10497304,1.657327795,1.131660581
0.97411655,1.094859012,0.933689224,1.161756276,1.111724088,1.10070637,1.613450073,1.12859013
0.975239602,1.082681492,0.923515191,1.155253372,1.108018695,1.096421242,1.569588324,1.125378656
0.976362865,1.070585612,0.914419109,1.147992401,1.103415339,1.091879648,1.52359541,1.121670081
0.977807369,1.058917021,0.905564819,1.140166449,1.0989461,1.087092623,1.47696458,1.117898526
0.97925222,1.047522589,0.89684378,1.132920764,1.094926516,1.082377663,1.431424338,1.113981907
0.980215647,1.043971058,0.899147121,1.128157867,1.092246281,1.079851345,1.409451852,1.111373264
0.980697419,1.041164513,0.902278696,1.123778803,1.089900147,1.07772513,1.391161528,1.10889103
0.981500457,1.038509137,0.905338595,1.119212204,1.087565164,1.07543677,1.372517727,1.106287839
0.982464245,1.035771201,0.909136365,1.114458433,1.085083845,1.072663386,1.352064013,1.103467951
0.982946196,1.033381796,0.913167324,1.109707824,1.082555658,1.06964473,1.331082781,1.100493758
0.983428187,1.030980005,0.917228464,1.104960375,1.079685836,1.066625971,1.311160025,1.097520219
0.984713684,1.030371572,0.921255318,1.101733913,1.077759839,1.064560505,1.299692967,1.095352534
0.985035101,1.03032536,0.924854732,1.098698574,1.076361832,1.062628857,1.289594809,1.093510312
0.985677987,1.030083519,0.928577058,1.096612528,1.07483046,1.060728245,1.279157998,1.091501769
0.986481691,1.029062251,0.932510606,1.09282128,1.072921409,1.058564051,1.267767002,1.089192615
0.986803202,1.028326566,0.936345007,1.088463835,1.07158321,1.056514363,1.255843018,1.086794983
0.98776784,1.027694881,0.940271026,1.084487624,1.069673621,1.054485602,1.243656333,1.084363517
0.987928629,1.027557202,0.943095378,1.082405731,1.067933721,1.053146369,1.236420585,1.082553899
0.988250218,1.027721186,0.945558314,1.079567767,1.066202654,1.051847855,1.229590969,1.080832955
0.988571824,1.027651272,0.947968669,1.077109112,1.064679362,1.050500524,1.223600816,1.079286471
0.988571824,1.027287138,0.950899263,1.074462279,1.062953623,1.049043084,1.216785572,1.077346954
0.988893447,1.026765996,0.953665314,1.07181643,1.061610279,1.047517444,1.207670733,1.07536087
0.989536746,1.026227419,0.956608668,1.068982682,1.059895993,1.046016185,1.200389157,1.073442887
0.990180113,1.025728288,0.958456156,1.067471811,1.058934212,1.044727099,1.195217741,1.072030804
0.990019265,1.024891418,0.960259391,1.066338868,1.057958685,1.043732574,1.191401712,1.070906631
0.990662684,1.024151997,0.962069007,1.065394886,1.057191636,1.042690209,1.186729862,1.069704342
0.990823549,1.023886369,0.964061705,1.063129842,1.05567019,1.041243244,1.181197303,1.068147657
0.990823549,1.023241361,0.966065132,1.061242855,1.054147596,1.039851174,1.175242299,1.066332171
0.990662684,1.022676331,0.968093713,1.058979132,1.05261536,1.038563342,1.169937484,1.064693524
0.990180113,1.022154716,0.969393444,1.057470383,1.05204182,1.037729379,1.166605825,1.063377594
0.989858421,1.021039867,0.970440049,1.055773424,1.051079523,1.037130145,1.163287774,1.062180024
0.990180113,1.020152039,0.971403371,1.054453846,1.050109333,1.036514853,1.159668393,1.060974361
0.989858421,1.019034786,0.972451445,1.053322974,1.048949742,1.035582935,1.155370556,1.059823835
0.990019265,1.017976606,0.973732368,1.052003851,1.046849179,1.034726835,1.150795899,1.058373103
0.990019265,1.016991478,0.974959869,1.049366339,1.045136114,1.033853694,1.146293396,1.057118779
0.990180113,1.016820029,0.976052946,1.049366339,1.044350684,1.033095096,1.143315038,1.056139746
0.990340966,1.016261591,0.9771612,1.049366339,1.042960202,1.032228619,1.140790564,1.055237348
0.990019265,1.01577451,0.978136171,1.048424607,1.041993508,1.031375203,1.138464586,1.054423439
0.990340966,1.015038863,0.978827283,1.046541519,1.04123138,1.030142047,1.135166936,1.053253994
0.990340966,1.01406475,0.979585818,1.045223653,1.040458665,1.029110163,1.13188673,1.052011765
0.989858421,1.013217042,0.980488204,1.043717821,1.039118753,1.027979212,1.128013308,1.050763108
0.990340966,1.012783807,0.980919329,1.043529614,1.038715318,1.027078006,1.125553028,1.049868096
0.990662684,1.012519942,0.981383175,1.042588656,1.037755188,1.026210417,1.124497713,1.048840574
0.990340966,1.012185041,0.981770667,1.04202414,1.036786914,1.025262667,1.122032367,1.047876555
0.989858421,1.01138969,0.98223992,1.040895244,1.035248351,1.024574998,1.119729043,1.046833857
0.989697581,1.010605778,0.982754155,1.039954635,1.034099539,1.023856865,1.116403161,1.045558412
0.989054266,1.009807971,0.983235327,1.038073789,1.032552916,1.023141829,1.113239302,1.044344961
0.988893447,1.008549892,0.98360339,1.038261851,1.032550835,1.02296933,1.110875073,1.043348193
0.989215088,1.007917692,0.984001942,1.037509633,1.031602374,1.022536965,1.109101891,1.042552752
0.989054266,1.007181621,0.984337895,1.036945521,1.030650671,1.022201211,1.107547871,1.041760498
0.989536746,1.007261881,0.984650515,1.036193441,1.029702395,1.020989089,1.104361852,1.040795576
0.990180113,1.006618106,0.985019656,1.035253454,1.028754809,1.020033556,1.101634825,1.039777841
0.990019265,1.005826139,0.985400086,1.034125634,1.027799172,1.019103928,1.099114432,1.038794164
0.990019265,1.005325522,0.985734315,1.033373853,1.027223705,1.018440975,1.096698498,1.037776734
0.989697581,1.004592264,0.98581809,1.032997993,1.027398753,1.017736957,1.095200821,1.036974939
0.990019265,1.004085862,0.985866805,1.03281007,1.02739598,1.017171899,1.09355861,1.036113726
0.989697581,1.003106007,0.985840495,1.031494749,1.026626971,1.016526182,1.091585678,1.035074084
0.989858421,1.002236326,0.985678951,1.030179673,1.026241025,1.015974577,1.088817616,1.033963425
0.990180113,1.001325743,0.985528887,1.029240481,1.025663712,1.015506141,1.086526641,1.032726493
0.990019265,1.000477396,0.985758525,1.029052658,1.025449385,1.015265293,1.08503702,1.031983567
0.990019265,0.99991111,0.985850233,1.028677026,1.024873225,1.014885072,1.084062294,1.031349374
0.990501823,0.999411311,0.985910803,1.02886484,1.024664976,1.014609582,1.082903063,1.030728146
0.990180113,0.998707721,0.986282666,1.028113616,1.023713318,1.014083165,1.080713171,1.029838387
0.990501823,0.998525565,0.986541823,1.027738034,1.023116356,1.013622249,1.078804964,1.028982776
0.990662684,0.998097447,0.986833744,1.026799165,1.022925794,1.013151104,1.076730818,1.027964843
0.990823549,0.997971653,0.987090068,1.026423653,1.023269223,1.012443915,1.075100643,1.027346361
0.991627941,0.997930392,0.987235429,1.025672687,1.022701502,1.011650388,1.073793021,1.026828934
0.991788833,0.997865648,0.987478645,1.025484958,1.022257941,1.010918942,1.07243509,1.026244436
0.991788833,0.997888219,0.98789595,1.024170994,1.021113345,1.009724213,1.070957898,1.025571205
0.991788833,0.997587275,0.988315375,1.023983305,1.020914591,1.008825715,1.06911526,1.024931273
0.992754271,0.997408521,0.988785512,1.023607941,1.02031587,1.007719375,1.066615353,1.02422396
0.993076118,0.996495509,0.989366796,1.023044933,1.019932873,1.007522298,1.065770406,1.023643107
0.992915192,0.996234385,0.989902061,1.023232598,1.019360179,1.007129624,1.065101834,1.023170438
0.993076118,0.995980945,0.990280729,1.022857274,1.018781707,1.006740705,1.063563062,1.02268851
0.993237048,0.995552764,0.990479952,1.022106686,1.018198705,1.006543932,1.062582347,1.022053818
0.993397983,0.995108893,0.990741541,1.021168562,1.016872977,1.006355878,1.061230582,1.02136144
0.993237048,0.994659037,0.991110895,1.020793347,1.015927305,1.006168559,1.05971316,1.020626239
0.993719864,0.994571841,0.991546882,1.020605747,1.015896649,1.005969226,1.058579562,1.02009614
0.993558921,0.994454943,0.992195601,1.020418152,1.015494186,1.00569571,1.057702803,1.019732825
0.993719864,0.99433046,0.992765964,1.020418152,1.014866518,1.00534704,1.056468165,1.019384535
0.993880811,0.994346195,0.993261181,1.020230562,1.014102094,1.004756165,1.055313485,1.018856216
0.994041763,0.9941668,0.993547575,1.019855397,1.013533702,1.004254059,1.053675963,1.018267537
0.994363679,0.99405299,0.993923976,1.018917571,1.012588441,1.00370309,1.052026893,1.017677915
0.994685612,0.994035481,0.993995837,1.018354935,1.012011896,1.003390633,1.051035821,1.017267475
0.994202719,0.993633052,0.994056198,1.018354935,1.011431399,1.003070457,1.050035084,1.016875795
0.994202719,0.993404019,0.994015402,1.017979869,1.010486899,1.002660849,1.048381773,1.016461274
0.994524644,0.993100198,0.994123384,1.0181674,1.009892386,1.002094785,1.046910161,1.015877767
0.994363679,0.99239967,0.994011574,1.017979869,1.009512586,1.001607605,1.045451807,1.015214867
0.994041763,0.991687592,0.993872332,1.017417308,1.008940313,1.001195414,1.044022609,1.014694644
0.994685612,0.990884294,0.993460937,1.017417308,1.009314586,1.001111717,1.042866413,1.014290262
0.995007563,0.990405935,0.993062291,1.017042291,1.009080726,1.000877322,1.041684209,1.013828404
0.995007563,0.989976223,0.992563468,1.017042291,1.00907867,1.000625182,1.040863403,1.013352681
0.994685612,0.989079625,0.992477656,1.017417308,1.008492451,1.000484971,1.039869332,1.012842204
0.995490521,0.988504923,0.992258943,1.016479804,1.008483464,1.000167065,1.038578614,1.012272356
0.995973518,0.987937719,0.992179183,1.016104837,1.008478613,0.999836877,1.037128617,1.011696909
0.996134525,0.987579637,0.992314436,1.015917361,1.008283225,0.999291127,1.036569054,1.011170309
0.996295537,0.987138661,0.992363617,1.015917361,1.008076961,0.998741854,1.035844669,1.010807372
0.996456554,0.986519171,0.992231374,1.01572989,1.00805823,0.998202206,1.034761275,1.010426726
0.996134525,0.986135125,0.992095957,1.015542424,1.007084466,0.997705845,1.03310978,1.009882666
0.996778599,0.985707861,0.992099815,1.01479261,1.006422362,0.997118299,1.031947571,1.009312963
0.997100661,0.985329266,0.992172942,1.01479261,1.006225318,0.99653491,1.030810964,1.008675679
0.997100661,0.984795686,0.99227293,1.014042874,1.00602163,0.996242971,1.029417538,1.008118227
0.997261699,0.984518086,0.992599915,1.013480625,1.005803877,0.99584517,1.028564927,1.007697016
0.997422741,0.984019929,0.992867051,1.013668036,1.00629264,0.995518306,1.02790927,1.007366101
0.997905893,0.983785246,0.992987316,1.013668036,1.006272516,0.994967055,1.02690471,1.006745509
0.997744838,0.983619454,0.993176855,1.013105817,1.005883759,0.994350573,1.026258523,1.006242582
0.997583787,0.983359695,0.993493354,1.013293218,1.005665664,0.993855219,1.025734322,1.005822476
0.997261699,0.983272661,0.993599316,1.012731028,1.005665375,0.993614435,1.024858791,1.005295541
0.997261699,0.983525842,0.994028088,1.01291842,1.005839538,0.993220885,1.024324509,1.00485043
0.997100661,0.983755473,0.994285072,1.01291842,1.005822849,0.992798652,1.02324249,1.004338382
0.997583787,0.983364218,0.994701794,1.013105817,1.005059793,0.992613159,1.022570747,1.003831777
0.997744838,0.98341928,0.995065154,1.01291842,1.004681178,0.992207239,1.021530867,1.003313647
0.997744838,0.983476888,0.995469951,1.012731028,1.00406111,0.991962194,1.020365045,1.002870653
0.998228016,0.983873491,0.995426281,1.012168883,1.004419363,0.991576531,1.019129559,1.00219038
0.997744838,0.984163201,0.995445779,1.012168883,1.004167516,0.991364894,1.018450749,1.00178302
0.998066952,0.984408533,0.995509223,1.012543641,1.003977829,0.991129254,1.01771331,1.001443664
0.998066952,0.984320434,0.995709818,1.012168883,1.003541836,0.991188187,1.016538744,1.000982751
0.998550156,0.984432996,0.995623467,1.011981511,1.003691977,0.991094651,1.01534352,1.000367298
0.998872313,0.98467125,0.995775379,1.011606782,1.00328214,0.990903138,1.014398676,0.999897571
0.999677782,0.984673315,0.995890123,1.011419425,1.00346558,0.990689125,1.014392757,0.999553842
0.999355582,0.984676924,0.995852555,1.011606782,1.002502092,0.990552019,1.014015479,0.999102989
0.999033399,0.984647194,0.995863926,1.011606782,1.001669425,0.99043146,1.013371387,0.998904001
0.99951668,0.984527945,0.996103588,1.011981511,1.001466814,0.990266836,1.012796846,0.998646144
0.999677782,0.98432293,0.996332562,1.012168883,1.000883226,0.990123785,1.011783378,0.99824605
0.999677782,0.984518973,0.996554209,1.011794144,1.000293741,0.989950487,1.010961797,0.997805565
0.99951668,0.984196223,0.996812762,1.011606782,1.000099237,0.990023375,1.010451608,0.997600012
0.99951668,0.983880229,0.99725922,1.011606782,1.000427243,0.990149255,1.009769704,0.997404457
1,0.983700711,0.997657304,1.011232073,1.000183034,0.990249313,1.009115885,0.997215284
1.000161115,0.983533371,0.998130584,1.011044726,0.999802553,0.990140633,1.008998466,0.996919045
1,0.982931911,0.998257646,1.010670046,0.999236406,0.99015906,1.008335847,0.99660893
1.000644487,0.982537892,0.998513823,1.011232073,0.999190668,0.990382381,1.008279587,0.996303296
1.000161115,0.982668117,0.998656197,1.011044726,0.99917678,0.990140137,1.007585436,0.996191661
0.999838889,0.982285294,0.998915385,1.011044726,0.999353118,0.990196667,1.006931742,0.995886289
0.999677782,0.981869073,0.999142448,1.011044726,0.999719915,0.990111686,1.006590463,0.995576519
1.014517671,1.011181534,1.026648769,1.070682795,1.058026166,0.996557286,1.051997594,0.999357952
1.040575705,1.050624096,1.063312876,1.18955567,1.131985009,1.006003589,1.137222426,1.004630162
1.06609507,1.091577844,1.101304298,1.310430216,1.206522956,1.015594591,1.224162845,1.010122167
1.092376836,1.134521999,1.14042482,1.433754776,1.281828827,1.024922214,1.311869777,1.01553292
1.11844437,1.179164498,1.181348586,1.55879421,1.357915125,1.034415422,1.401189259,1.021021094
1.144624174,1.225659485,1.223857036,1.685993773,1.435411801,1.044170609,1.49199,1.026468045
1.170419835,1.278407763,1.271138779,1.830907091,1.530359781,1.058472949,1.644656594,1.034121555
1.196324962,1.333684249,1.320391996,1.975256084,1.632705524,1.073522769,1.808509386,1.042214934
1.222340253,1.391559619,1.371802978,2.121974937,1.736465934,1.088717932,1.977089851,1.050322067
1.248466413,1.452785885,1.425287123,2.272009093,1.840825414,1.10422398,2.150177531,1.058479444
1.274704151,1.517220682,1.48142385,2.425696796,1.947311031,1.119815576,2.328123266,1.066661675
1.300377135,1.584829921,1.539991532,2.58155036,2.054655405,1.135585,2.510810409,1.074931046
1.325817483,1.65637859,1.601123798,2.734892847,2.170805451,1.152758958,2.717401405,1.084214624
1.351362953,1.732275767,1.665115403,2.887886952,2.279537269,1.170203123,2.933633268,1.093702278
1.376328786,1.812503341,1.732407915,3.044343427,2.390502971,1.187884391,3.157281838,1.103424838
1.401911563,1.897531533,1.803080972,3.204878417,2.502777591,1.205937363,3.386838373,1.113233995
1.427254478,1.988566464,1.878150451,3.367605363,2.616730759,1.224070148,3.625162206,1.123215456
1.453047783,2.08561355,1.957152122,3.533339641,2.732562569,1.242479569,3.871557241,1.133279063
1.478251335,2.188858881,2.040480511,3.694212149,2.855655073,1.261714628,4.136712356,1.144036497
1.504081437,2.299042452,2.12831054,3.85740372,2.974527311,1.281046725,4.413495727,1.154981359
1.529315958,2.417342304,2.22150237,4.02378504,3.095919073,1.300775433,4.700804813,1.166143553
1.538629246,2.452547879,2.24780189,4.104864268,3.141434456,1.312471588,4.917519995,1.172928489
1.536167791,2.461608029,2.253256324,4.101250686,3.167418492,1.320622979,5.070711909,1.177900205
1.534234466,2.470849063,2.258854964,4.097083046,3.193483058,1.328793709,5.225980326,1.1828306
1.531774731,2.480033094,2.264459262,4.086811464,3.226927667,1.337645166,5.391094897,1.188536446
1.529140368,2.488677432,2.269958588,4.075720792,3.262274903,1.346351163,5.560941701,1.194154444
1.526507109,2.497244131,2.275654041,4.06436764,3.296992061,1.354996158,5.734039024,1.199684723
1.524050396,2.496123408,2.274835692,4.032603062,3.311195576,1.358147824,5.801646032,1.202939004
1.52229619,2.495310751,2.273964186,4.005626395,3.318320668,1.360574518,5.856814732,1.205726231
1.519841123,2.494688017,2.273218022,3.979008202,3.3254511,1.362913313,5.912979736,1.208628532
1.518613949,2.494291355,2.272361317,3.947011309,3.326133114,1.365469307,5.973987528,1.211718569
1.51686126,2.493487072,2.271379857,3.91295828,3.334807385,1.368213956,6.036390079,1.214810526
1.515634669,2.492996977,2.270659971,3.879311304,3.343991643,1.370901271,6.09958751,1.217977899
1.514933867,2.492471947,2.270300017,3.852273055,3.345005307,1.372142113,6.132819736,1.220113491
1.514758679,2.491850579,2.269941188,3.829088669,3.356235375,1.373325696,6.162610122,1.222038203
1.514408317,2.491027502,2.269691972,3.805430405,3.367236384,1.374506562,6.192502884,1.223868624
1.514758679,2.490771581,2.269599671,3.776485128,3.373885379,1.375626188,6.227456414,1.226133756
1.514933867,2.490566291,2.269813656,3.748438381,3.384139895,1.376955939,6.263516961,1.228343348
1.514583496,2.489946652,2.269854407,3.719421243,3.393883036,1.378300895,6.299058057,1.230555634
1.515284258,2.489741665,2.27027639,3.699778203,3.39873638,1.37902777,6.322063223,1.231967264
1.515284258,2.489608085,2.270674924,3.68018081,3.409034291,1.379816277,6.342439275,1.233394859
1.515634669,2.489505676,2.271194844,3.660892815,3.418572467,1.380503299,6.362528586,1.234763769
1.515985099,2.489368422,2.27132632,3.636384318,3.41804953,1.381379958,6.386501372,1.236317885
1.516510781,2.489549165,2.271610728,3.612471888,3.421136577,1.382271883,6.411097363,1.237995044
1.51686126,2.489440187,2.271618268,3.588889079,3.424689737,1.383158936,6.435675903,1.239580003
1.51686126,2.489585419,2.27190854,3.571114873,3.420783282,1.383484029,6.454246626,1.240717122
1.517912815,2.490301819,2.272323098,3.554681212,3.415333893,1.383995742,6.471539109,1.241791591
1.518789245,2.491161895,2.272618276,3.538539878,3.410177474,1.384537132,6.488804669,1.24291059
1.520016453,2.491867842,2.272674763,3.517498896,3.396269866,1.385270772,6.507940922,1.244146966
1.521068536,2.492592512,2.272964186,3.495475772,3.385691102,1.38599861,6.527341295,1.245423855
1.522471588,2.493153395,2.273103222,3.473252642,3.374628246,1.386824331,6.546452577,1.246553933
1.522471588,2.493311244,2.273354085,3.455980312,3.3705166,1.387437798,6.559787708,1.247428103
1.522997814,2.49401191,2.273503497,3.440542958,3.358981461,1.387922189,6.572411216,1.248208149
1.523524083,2.494441234,2.273538568,3.425390827,3.347430282,1.388481562,6.585738504,1.249082342
1.524401297,2.494742798,2.27391658,3.407193522,3.332064538,1.388691676,6.600880252,1.249830939
1.525278633,2.494690284,2.273987954,3.385715795,3.3202759,1.388890466,6.615709009,1.250683778
1.526331598,2.494723326,2.274151166,3.36429366,3.30855203,1.389116165,6.632274799,1.251710413
1.526682626,2.494250482,2.273777709,3.348263411,3.301679746,1.389318877,6.643694602,1.252276038
1.527560281,2.493652121,2.273446307,3.33226422,3.291237059,1.3894537,6.653351865,1.252861244
1.528438058,2.49337394,2.273071494,3.31680245,3.280571995,1.389565348,6.66220859,1.253306675
1.529315958,2.494112984,2.272723229,3.300611386,3.258770224,1.389764084,6.67359382,1.253870268
1.5303696,2.494692981,2.272362512,3.283190989,3.246365191,1.390074623,6.684696922,1.254559626
1.531774731,2.495171532,2.271884591,3.265304085,3.234729998,1.390476844,6.694798068,1.255010411
1.532653098,2.495753869,2.271773572,3.251977224,3.232459077,1.390628516,6.70211976,1.255420535
1.533707299,2.496221957,2.271954744,3.238922805,3.227162828,1.390761822,6.709063863,1.255805439
1.534761678,2.496687313,2.271974217,3.226139581,3.221832876,1.390965822,6.716629551,1.256263121
1.53599201,2.496848086,2.271985558,3.212876144,3.206472562,1.39110338,6.724918855,1.256562114
1.536695164,2.496726569,2.271624496,3.193894287,3.202180426,1.391178002,6.733988058,1.256975444
1.537046771,2.496556329,2.271386746,3.174956373,3.198388557,1.391264295,6.743799646,1.257512763
1.537574219,2.496282155,2.271392532,3.160533224,3.202377472,1.391148282,6.752055156,1.257837962
1.53810171,2.496292592,2.271426366,3.146879598,3.20338282,1.391034902,6.759356759,1.258051242
1.538453396,2.496014407,2.271327861,3.132753552,3.204081003,1.390902596,6.766651385,1.258185002
1.510205501,2.434952449,2.217413059,3.028682922,3.098411542,1.383484272,6.590750343,1.256400891
1.482084211,2.361061225,2.151015253,2.923760778,2.989918678,1.374014945,6.373155512,1.254037796
1.453741692,2.29029546,2.087187494,2.820665752,2.88332676,1.36450773,6.160230965,1.251680174
1.425354496,2.222822999,2.025699753,2.721000431,2.781715058,1.355468604,5.950214844,1.249347919
1.397096019,2.158363431,1.966838501,2.625823619,2.677844353,1.346633756,5.745662629,1.246817393
1.368794251,2.096388482,1.910326561,2.532010008,2.575761863,1.337702589,5.545374908,1.244290918
1.34062101,2.015454133,1.826841339,2.434312164,2.470857639,1.324995468,5.287215268,1.239983073
1.313762655,1.93629899,1.744594872,2.337374688,2.366869358,1.31184396,5.027588415,1.235277926
1.286513952,1.860947842,1.667172035,2.241634388,2.264656034,1.298813554,4.776113877,1.23056556
1.259385203,1.788857571,1.59371087,2.146413542,2.172414124,1.285698302,4.530056979,1.225804794
1.23204084,1.720419995,1.524396919,2.054521381,2.073630995,1.272699615,4.291998421,1.220822416
1.204817806,1.65522772,1.458590594,1.964578993,1.975847143,1.259855123,4.061583705,1.216103012
1.177881203,1.589076293,1.395362924,1.874428029,1.878230491,1.245892536,3.820556423,1.210347424
1.151062865,1.525692594,1.335935362,1.783886475,1.782100218,1.231754042,3.583871555,1.204091665
1.124197558,1.465524103,1.27938926,1.694016747,1.68696308,1.217805942,3.353956216,1.197787466
1.098105373,1.408275552,1.225602738,1.606034515,1.601423788,1.203972014,3.130571106,1.191768843
1.071961848,1.353772455,1.174473755,1.523511492,1.507560409,1.190294181,2.913412724,1.185585802
1.045930712,1.301582024,1.125649723,1.441706393,1.414630498,1.176744928,2.702531391,1.179463708
1.019849595,1.251795493,1.08029526,1.359627199,1.322116928,1.16214568,2.49073923,1.172573581
0.994524644,1.203938186,1.037102032,1.277881757,1.230545229,1.147666687,2.284119663,1.165615026
0.969626437,1.15820563,0.995719967,1.197435761,1.140493578,1.133417166,2.083842321,1.158780906
0.970588322,1.137138078,0.975771989,1.188403211,1.132545997,1.125185849,1.987702715,1.15381146
0.971871074,1.122280609,0.961685776,1.180916735,1.127541777,1.118871412,1.917834358,1.149403295
0.973474899,1.107655876,0.947818649,1.172671462,1.122160148,1.11254481,1.848701568,1.144958147
0.974758268,1.092482585,0.934798069,1.164244241,1.116186359,1.105979196,1.77685156,1.139989698
0.975881441,1.077630691,0.922150917,1.15582692,1.109981601,1.09941493,1.704811814,1.134957456
0.977486338,1.062843166,0.909680049,1.14741948,1.103844099,1.092854592,1.633120654,1.129679893
0.97925222,1.058128271,0.910366171,1.141883608,1.100932001,1.089688198,1.599980615,1.126225575
0.979894488,1.054570106,0.912680136,1.136924051,1.098238907,1.086919493,1.572267107,1.123200759
0.981179229,1.051213299,0.914986857,1.132349049,1.095452112,1.084234335,1.545384377,1.120077238
0.981821702,1.04806795,0.917735833,1.127205668,1.092754592,1.080823202,1.516319435,1.116562584
0.983106856,1.044796269,0.920851214,1.122065986,1.089505846,1.077372181,1.48671441,1.113005362
0.984070901,1.041482222,0.924012488,1.115979295,1.086030348,1.073978554,1.4575768,1.109462597
0.985035101,1.040586792,0.92770566,1.111987722,1.084097806,1.071657587,1.440400551,1.106872061
0.985677987,1.04015599,0.930862404,1.108568148,1.081780195,1.069570025,1.425291562,1.104537552
0.986160196,1.039548071,0.934079963,1.105340055,1.07967092,1.06751553,1.411045718,1.102424187
0.986320941,1.038818296,0.937593078,1.101164688,1.077350019,1.065418514,1.394743613,1.099677129
0.986963965,1.038175595,0.941229118,1.096991764,1.074458684,1.063078235,1.37799219,1.096995899
0.98776784,1.037570337,0.94487137,1.093010794,1.07156156,1.060710952,1.360955479,1.094165668
0.988411019,1.036937056,0.947416638,1.090358049,1.070028059,1.059503594,1.35040999,1.092267803
0.988411019,1.036419514,0.949672209,1.088653234,1.068497651,1.05835239,1.34086279,1.090517621
0.988732633,1.035900304,0.951839368,1.086759473,1.067343288,1.057206684,1.331099854,1.088551243
0.989215088,1.034650951,0.9541676,1.083730501,1.066179813,1.056246769,1.320373592,1.086456253
0.989375915,1.033799772,0.956480777,1.080702817,1.064615325,1.054948778,1.309323722,1.084355466
0.989215088,1.032927462,0.958900487,1.078432898,1.062896197,1.053747106,1.298481961,1.082195943
0.989858421,1.032636468,0.960706975,1.076541851,1.061936468,1.05278412,1.291227767,1.080492334
0.990662684,1.032292405,0.96223096,1.074273258,1.06078714,1.051697066,1.284138607,1.078965755
0.990984419,1.032113599,0.96375911,1.072383315,1.059635635,1.050765362,1.277583644,1.077586995
0.990984419,1.031332635,0.965515965,1.070304957,1.058274096,1.049275178,1.269370234,1.075727795
0.991627941,1.030888408,0.967233022,1.068416067,1.056527093,1.047805162,1.261162811,1.073692497
0.991627941,1.030417131,0.968899709,1.065583673,1.054619688,1.046290769,1.253124307,1.071887082
0.992110628,1.029629361,0.970207236,1.064828558,1.053266912,1.045467447,1.247597673,1.070570157
0.992593354,1.029059237,0.971104884,1.063129842,1.052272506,1.04469055,1.242688888,1.06931142
0.992915192,1.028515016,0.972091644,1.06199759,1.051319142,1.043969187,1.237507536,1.068069913
0.992754271,1.02783797,0.973289444,1.059922263,1.049785739,1.04260029,1.231633917,1.06649826
0.993076118,1.027451189,0.974379638,1.058601915,1.049190321,1.041211937,1.225758231,1.065078507
0.993719864,1.026906172,0.975426523,1.057093246,1.048024034,1.039768388,1.219915079,1.063560877
0.994363679,1.026492789,0.976111195,1.056150491,1.047055874,1.038371524,1.215124369,1.062339622
0.994202719,1.026078865,0.97676814,1.054830843,1.046291188,1.037295774,1.210697746,1.061154316
0.994202719,1.025734593,0.977418326,1.054076869,1.045906211,1.03616267,1.206877834,1.060069473
0.994363679,1.024903093,0.978243468,1.052946057,1.044557274,1.034723584,1.201850793,1.058652334
0.994846586,1.024212314,0.979003352,1.051438587,1.043790415,1.033141029,1.197348924,1.057352024
0.995168545,1.02352739,0.979810961,1.049366339,1.042450954,1.03155879,1.193025757,1.05605962
0.995329531,1.023480893,0.980375891,1.048801285,1.041117831,1.029862813,1.189711028,1.055048537
0.995651516,1.023206475,0.980888173,1.048236276,1.040147314,1.028463772,1.186396523,1.054071052
0.996456554,1.022837485,0.981371014,1.046541519,1.038996487,1.02697598,1.182817711,1.052961969
0.996295537,1.022343901,0.982240345,1.045788423,1.037836197,1.025501815,1.179347426,1.051835016
0.996134525,1.021814102,0.982895457,1.044470697,1.036866526,1.024329738,1.175219255,1.05064811
0.996456554,1.021182785,0.983667205,1.042965024,1.035345044,1.023004893,1.17095543,1.049319803
0.996939628,1.021106562,0.984115637,1.042588656,1.034207364,1.022218573,1.168646035,1.048425718
0.996939628,1.020692734,0.984655387,1.041647822,1.033220386,1.021418744,1.166337504,1.047677588
0.997100661,1.020359221,0.985194733,1.041271523,1.03242897,1.02063852,1.163791005,1.047011145
0.996778599,1.019844709,0.985806782,1.039954635,1.031660728,1.019729026,1.159964455,1.045955906
0.996295537,1.019230979,0.986360296,1.039390329,1.030481317,1.018861891,1.156341745,1.044780749
0.996295537,1.018602763,0.986784439,1.038261851,1.029704204,1.018019911,1.153208365,1.043654497
0.996939628,1.018158702,0.987063005,1.03769768,1.029128429,1.017624318,1.150673939,1.042803524
0.996617574,1.017374369,0.987246804,1.036569471,1.027773891,1.017329075,1.147706235,1.041850647
0.995973518,1.016847021,0.987636766,1.035629434,1.027168535,1.017126294,1.14522788,1.04099912
0.995651516,1.016040299,0.988108832,1.035065472,1.026573048,1.016163537,1.142506031,1.040160741
0.995973518,1.015083624,0.98834514,1.034125634,1.025794832,1.015568276,1.140197567,1.039210534
0.995973518,1.014007193,0.98858006,1.032997993,1.025016175,1.014999014,1.137495489,1.038330944
0.996134525,1.013383512,0.988688025,1.03187053,1.024504501,1.014607035,1.135326657,1.037542944
0.996134525,1.012650673,0.98893087,1.030743247,1.023915962,1.014307467,1.133325908,1.036763544
0.995973518,1.011846653,0.989068877,1.031118988,1.0233416,1.014087687,1.131319644,1.036140953
0.995651516,1.010802095,0.989373492,1.030179673,1.022393967,1.013582533,1.128433903,1.035076631
0.995651516,1.009887447,0.989549648,1.029240481,1.021622075,1.013239462,1.126415017,1.034075476
0.995490521,1.009077994,0.989803959,1.029052658,1.021397978,1.012910424,1.12403231,1.033230471
0.995651516,1.008427867,0.989558961,1.028677026,1.020993541,1.012617881,1.122062366,1.032428247
0.995329531,1.007776938,0.989502519,1.02886484,1.020799954,1.012008968,1.120502696,1.031641828
0.995490521,1.007253345,0.989357526,1.028489218,1.021160087,1.011461828,1.118619454,1.030975183
0.995168545,1.006667855,0.989605231,1.02755025,1.02039979,1.010361058,1.115990703,1.030075733
0.995007563,1.005972675,0.989841319,1.027174698,1.019826771,1.009301226,1.113681712,1.029219183
0.995007563,1.005372155,0.990260478,1.026799165,1.019242684,1.00821427,1.111790038,1.028260553
0.995490521,1.004890566,0.99061353,1.026611406,1.01904425,1.007355277,1.11046211,1.027521881
0.995490521,1.00442728,0.990970478,1.026611406,1.01903731,1.006372805,1.108319594,1.026999169
0.995812515,1.004034925,0.991273006,1.025860421,1.018468458,1.005316186,1.106626577,1.02631476
0.995973518,1.003739894,0.991328159,1.025297234,1.01827359,1.00437405,1.10478988,1.025709695
0.996456554,1.003110972,0.991517876,1.025297234,1.018426341,1.003634234,1.1032612,1.025070826
0.997261699,1.00243044,0.991565755,1.024921801,1.018037923,1.002787832,1.100941236,1.024230169
0.996939628,1.001887266,0.991570392,1.024358689,1.017654015,1.002590995,1.099219406,1.023728682
0.997261699,1.001464412,0.991643319,1.024358689,1.017445259,1.002093048,1.097542318,1.023145508
0.997905893,1.001181024,0.991769234,1.023795621,1.017065625,1.001548507,1.0959861,1.022510327
0.997744838,1.001155515,0.992045664,1.023420267,1.016484338,1.000656964,1.094354207,1.021555018
0.997583787,1.001122854,0.992334822,1.023044933,1.015674269,0.999765286,1.092031823,1.020681219
0.997583787,1.001144766,0.992521536,1.021919051,1.015291825,0.998823528,1.090113163,1.019837847
0.997744838,1.001330755,0.992696447,1.021356177,1.015857887,0.998245849,1.088939774,1.019307991
0.998066952,1.001477854,0.992950901,1.020793347,1.015652659,0.997483496,1.087136228,1.018618337
0.997905893,1.001579486,0.993115307,1.020230562,1.014893588,0.996844806,1.085631533,1.017990261
0.998389084,1.001443512,0.993586417,1.019292687,1.013751364,0.99614443,1.083750557,1.017214105
0.998550156,1.001274593,0.994098218,1.018542476,1.012974963,0.995293875,1.081764474,1.016425148
0.998228016,1.001064071,0.994586629,1.018354935,1.012012882,0.99446651,1.080521621,1.015747653
0.998550156,1.000901713,0.99464261,1.017979869,1.011609931,0.994067278,1.079363857,1.015176969
0.998066952,1.00079035,0.994871656,1.017229797,1.011793957,0.993776297,1.078211082,1.014565709
0.997905893,1.000575449,0.994832027,1.016667295,1.011405615,0.993505869,1.076692736,1.013933693
0.997744838,1.00060578,0.994804711,1.016479804,1.011016301,0.993243636,1.075440607,1.013339797
0.998228016,1.000246589,0.994952117,1.016104837,1.0107861,0.993144509,1.074891427,1.012673064
0.997905893,0.9996806,0.995138933,1.016854791,1.010399862,0.993002057,1.073069767,1.012046451
0.997100661,0.998928027,0.99544955,1.017417308,1.010013761,0.992882798,1.071604931,1.011401742
0.996939628,0.998635246,0.995800443,1.017417308,1.009441929,0.992596808,1.070582874,1.010878625
0.996778599,0.99832554,0.996132258,1.016854791,1.008868593,0.992343976,1.069257405,1.010353585
0.997744838,0.998572318,0.996618626,1.017042291,1.008105921,0.992210694,1.068266885,1.00967215
0.998066952,0.998989313,0.997132685,1.016292318,1.007511655,0.991826454,1.066448191,1.009104915
0.998389084,0.999433682,0.997664915,1.016479804,1.006748412,0.991443299,1.065466505,1.008533961
0.999033399,0.999451192,0.998104663,1.016292318,1.006742984,0.991392117,1.06428987,1.008130092
0.999194488,0.999463113,0.998429943,1.016292318,1.006553196,0.991350342,1.06358384,1.007933968