S1,S2,S3,S4,S5,S6,S7,S8
1.000283631,1.019228092,1.000839012,1.005562554,0.99797369,1.000299959,1.005125954,1.000340741
1.0001177,1.019228092,1.001141099,1.005923118,0.997791634,1.00022123,1.004772087,1.000065759
1.000106279,1.019328854,1.001201913,1.005742834,0.997427538,0.999966854,1.004760142,0.999787995
0.999829669,1.019480014,1.001411056,1.00520201,0.996881429,0.999822278,1.00493333,0.999633377
0.999955414,1.019681593,1.001613643,1.00520201,0.996699403,0.999659223,1.005104628,0.99941556
0.999951723,1.019883208,1.001863738,1.004841484,0.997063461,0.999498624,1.004581288,0.999032996
0.99981043,1.02008486,1.002063219,1.00520201,0.996881429,0.999338366,1.004233163,0.998822327
1.000079092,1.020286549,1.002313018,1.005021745,0.997063461,0.999272369,1.004754861,0.998723466
1.000176886,1.020488274,1.002470583,1.005021745,0.996881429,0.999060342,1.004926672,0.998577012
0.999906481,1.02058915,1.002632798,1.00520201,0.996699403,0.998847858,1.004398795,0.998362177
1.000166287,1.020740482,1.0028832,1.00520201,0.996699403,0.998716571,1.004567113,0.998253427
1.000698373,1.020891834,1.002891048,1.00520201,0.996699403,0.998412113,1.004039315,0.998045101
1.001084778,1.021346013,1.002745561,1.005742834,0.996699403,0.997556154,1.004384587,0.997949072
1.001058207,1.021901374,1.002402323,1.00538228,0.996699403,0.996915617,1.003856982,0.99795371
1.001324034,1.022406488,1.001957563,1.005021745,0.996881429,0.996283591,1.003156814,0.997635725
1.001051912,1.022760204,1.001562635,1.004480978,0.996699403,0.995642397,1.003327484,0.997647961
1.001320416,1.02331627,1.001166995,1.004300732,0.996699403,0.99505286,1.00297696,0.997550901
1.001320341,1.023720857,1.000779711,1.00412049,0.996699403,0.994451823,1.002798803,0.997353405
1.001049361,1.024176192,1.000432708,1.004480978,0.997063461,0.993887804,1.002270651,0.997136131
1.001181487,1.024581091,1.00008786,1.004480978,0.996881429,0.993259282,1.001221466,0.996866097
1.00063879,1.024986137,0.999643472,1.003940254,0.996517381,0.992579598,1.001046395,0.996709259
1.00060593,1.025188715,0.99949459,1.003760022,0.996517381,0.991671519,1.000683906,0.996547615
1.000336531,1.024834228,0.999204291,1.003579795,0.997063461,0.990986967,1.000681962,0.996557518
0.999926677,1.024226796,0.998964037,1.003940254,0.997427538,0.990734802,1.000849979,0.99662068
0.99978995,1.023822026,0.99872641,1.004661229,0.997791634,0.990439157,1.001542615,0.996526461
0.999482644,1.023417403,0.998528092,1.004841484,0.99797369,0.990119644,1.001535637,0.996371511
0.99960777,1.023012927,0.99818388,1.004841484,0.997791634,0.989910358,1.001702255,0.996375485
0.999472695,1.022558067,0.997849022,1.005021745,0.998519885,0.989649015,1.001525031,0.996239461
0.999067442,1.021951875,0.997459999,1.00520201,0.998337815,0.989336528,1.001176156,0.99607392
0.99919658,1.021446968,0.997134091,1.004841484,0.99815575,0.989085762,1.000819096,0.995852197
0.998777664,1.020891834,0.996841384,1.003760022,0.99797369,0.988914753,1.000797384,0.995695338
0.998776709,1.020437839,0.996546294,1.00412049,0.99815575,0.988668422,1.00044927,0.995486189
0.998367652,1.019580799,0.996352249,1.003940254,0.99815575,0.988632534,1.000445277,0.995228362
0.998091611,1.018523014,0.996352973,1.003399573,0.99797369,0.988600664,1.000266783,0.995062039
0.997418576,1.017365641,0.996415267,1.003579795,0.998337815,0.988496071,0.999898101,0.99478466
0.99687427,1.016309961,0.996421576,1.003219355,0.99815575,0.988392167,1.000751142,0.994845823
0.996867313,1.015355686,0.996481391,1.003940254,0.998519885,0.988375498,1.000747277,0.994458384
0.996322112,1.014201608,0.996483343,1.003760022,0.99815575,0.988331947,1.001261243,0.994239163
0.995896508,1.013148932,0.996491346,1.003760022,0.99815575,0.988281986,1.001251961,0.994207656
0.995621421,1.012097255,0.996590884,1.00412049,0.99797369,0.988231285,1.001588527,0.994098145
0.995215652,1.011446716,0.996841314,1.003760022,0.99815575,0.987933048,1.001932257,0.993990586
0.995198446,1.010796559,0.997100173,1.003940254,0.997427538,0.987884872,1.001575122,0.993835635
0.995321297,1.0105466,0.997052514,1.00412049,0.997609584,0.988060561,1.001222362,0.993677594
0.995858665,1.0105466,0.997060482,1.003940254,0.997063461,0.988230323,1.001040408,0.993418917
0.996106241,1.0105466,0.997011454,1.00412049,0.997063461,0.988296615,1.000515497,0.993036381
0.996640973,1.010446633,0.997017796,1.003760022,0.996699403,0.988470472,0.999812485,0.992818088
0.997174056,1.010346674,0.996970296,1.003760022,0.996699403,0.98853076,0.999091318,0.992667408
0.997164949,1.010296698,0.997078093,1.003940254,0.997063461,0.988533077,0.999089754,0.99240797
0.997546318,1.010246724,0.997279513,1.004480978,0.996699403,0.988534529,0.999241528,0.992140112
0.99794275,1.010296698,0.997477753,1.004661229,0.997063461,0.988694918,0.999199899,0.991882409
0.997938582,1.010646577,0.997726871,1.004480978,0.996517381,0.988642573,0.998676713,0.991605193
0.998206131,1.010496615,0.998043828,1.005021745,0.996881429,0.988503405,0.998328658,0.991233546
0.998473105,1.010296698,0.998354373,1.004841484,0.997063461,0.988361401,0.998492631,0.991023926
0.998721935,1.0105466,0.998856515,1.00538228,0.997245497,0.988102892,0.998996697,0.990969708
0.998703456,1.010796559,0.999156931,1.005742834,0.996881429,0.987896486,0.998644454,0.990694215
0.998834593,1.011046574,0.999408325,1.006103407,0.996153352,0.987694118,0.999326821,0.990594906
0.99855666,1.011146596,0.999709597,1.006824611,0.995971345,0.987494326,0.99914949,0.990336738
0.998137192,1.011246627,1.000023281,1.006103407,0.995243364,0.987176581,0.999145867,0.990369512
0.997861083,1.011446716,1.000322801,1.005923118,0.995425352,0.986925588,0.998792732,0.990157218
0.997718742,1.011646841,1.000671944,1.005923118,0.99506138,0.986607615,0.998615727,0.989838212
0.997558398,1.012097255,1.00052703,1.00538228,0.994697428,0.986405336,0.998785286,0.989624879
0.997818432,1.012147312,1.000331961,1.005923118,0.994697428,0.986246421,0.998262346,0.989467939
0.997786913,1.012097255,1.00023963,1.006103407,0.994879402,0.985876005,0.998957294,0.9891913
0.997651092,1.0120472,1.000297787,1.006283701,0.993969582,0.98547155,0.998945869,0.988985448
0.997650529,1.0120472,1.000253478,1.006283701,0.993969582,0.985123663,0.998237966,0.98877427
0.998047439,1.012097255,1.000315267,1.006283701,0.994151536,0.984763888,0.998401974,0.988723019
0.998300962,1.012197372,1.000280154,1.006464,0.994333495,0.984427334,0.998749379,0.988501722
0.997896999,1.012247433,1.000291074,1.006283701,0.994333495,0.984127663,0.999269998,0.988345874
0.998295999,1.012297498,1.000295546,1.006644303,0.994515459,0.983866102,0.999439482,0.988295723
0.998686761,1.012347564,1.000249099,1.006464,0.994697428,0.9834964,0.999435897,0.988252629
0.998010906,1.011897049,1.000448737,1.006103407,0.993969582,0.983339181,0.998902122,0.98787883
0.998404217,1.011096584,1.000798609,1.006824611,0.995243364,0.983457221,0.999419748,0.987778907
0.998523104,1.010796559,1.000949114,1.007004924,0.995243364,0.983587537,0.999052692,0.987754083
0.99850253,1.010496615,1.001099616,1.007004924,0.995425352,0.983795008,0.998183198,0.987651144
0.998225549,1.010096817,1.001253021,1.007726223,0.995243364,0.984031442,0.997477272,0.987438146
0.998489096,1.009747111,1.001453219,1.007726223,0.995607345,0.984274304,0.997472438,0.987438162
0.998582036,1.009347583,1.001603089,1.00790656,0.996335364,0.984490769,0.996950564,0.987327873
0.998570293,1.008998114,1.001810426,1.007726223,0.996517381,0.984705705,0.996767056,0.987351309
0.998971807,1.008698657,1.001963659,1.008086901,0.997427538,0.984978189,0.996244904,0.987260127
0.999370512,1.009097951,1.0018169,1.008267247,0.996881429,0.985160758,0.995723005,0.98707174
0.999623897,1.008798467,1.001779463,1.008808315,0.997063461,0.985490528,0.995548203,0.986962438
0.999348045,1.008249623,1.002055734,1.00916905,0.997063461,0.985679224,0.995012013,0.986932982
0.999076947,1.007701052,1.002222011,1.00898868,0.996881429,0.986110369,0.995524982,0.986881248
0.998902429,1.007302262,1.002422964,1.008808315,0.997245497,0.986501409,0.994996114,0.986887813
0.998629784,1.006853794,1.002573258,1.008447599,0.997791634,0.987040257,0.994822307,0.986838404
0.998481583,1.006505112,1.002823103,1.008447599,0.997609584,0.987523113,0.994992186,0.98679027
0.998033821,1.006007186,1.002972933,1.008447599,0.997427538,0.987956419,0.995157196,0.98680372
0.997619174,1.005559243,1.003224093,1.008627954,0.997609584,0.988362568,0.994631646,0.98670099
0.99721549,1.00476335,1.003374371,1.008808315,0.997609584,0.98869566,0.994270299,0.986549617
0.996944619,1.004067413,1.003525394,1.008808315,0.997791634,0.988915318,0.993909385,0.986465868
0.996807903,1.003421578,1.003783036,1.008627954,0.997245497,0.989191323,0.993385824,0.986244773
0.997479986,1.003222936,1.003641221,1.008627954,0.997791634,0.989264538,0.993903079,0.986260061
0.997070805,1.003073978,1.003497499,1.008267247,0.996881429,0.989175518,0.993365213,0.986266521
0.997316489,1.002925039,1.003254031,1.008086901,0.997063461,0.98907659,0.993017644,0.986109968
0.997177136,1.002726486,1.002957514,1.008086901,0.996517381,0.988923363,0.99284362,0.985908425
0.997031029,1.002577595,1.002665314,1.007545891,0.996699403,0.988819167,0.99300149,0.985811011
0.997265023,1.002329487,1.002421086,1.007365564,0.996517381,0.98871514,0.992827511,0.985819401
0.99725504,1.00218065,1.002174371,1.007004924,0.996335364,0.988636567,0.992476435,0.985709781
0.997248511,1.002329487,1.001581157,1.006824611,0.996335364,0.98853263,0.992128872,0.985379736
0.997244982,1.002428724,1.001088576,1.006464,0.995607345,0.988073233,0.991947044,0.985105087
0.997242868,1.00183344,1.000890712,1.007004924,0.996153352,0.98770816,0.992467308,0.985159277
0.997242604,1.001883034,1.000553903,1.006644303,0.995971345,0.987163811,0.992287762,0.985081856
0.997775205,1.001932631,1.000307456,1.005923118,0.996153352,0.986687176,0.992632539,0.984983307
0.997767535,1.001982231,1.000110923,1.005742834,0.995789342,0.986217676,0.99227634,0.984726751
0.997742807,1.002081436,0.999785325,1.005562554,0.996153352,0.9858465,0.992088957,0.984586211
0.997870146,1.002031832,0.999394884,1.00538228,0.995789342,0.98532176,0.991884377,0.984477285
0.998003127,1.001982231,0.999001525,1.005562554,0.995971345,0.984742498,0.991883932,0.984270042
0.99773073,1.002329487,0.998807445,1.00538228,0.995607345,0.984264709,0.991709101,0.984003714
0.997451314,1.00223026,0.998664275,1.004841484,0.995425352,0.983543841,0.991708413,0.983738011
0.997713111,1.002478345,0.998469944,1.004480978,0.995425352,0.982859258,0.991009651,0.983472416
0.997170133,1.002577595,0.998321404,1.003760022,0.994515459,0.982232166,0.990484737,0.983201167
0.996487523,1.002676854,0.998031118,1.003039142,0.994697428,0.981551218,0.990136709,0.982874067
0.99608171,1.002875398,0.997896323,1.003219355,0.994151536,0.980872426,0.989954966,0.982765473
0.996350591,1.003073978,0.997655651,1.003219355,0.993969582,0.980187852,0.98960725,0.98255317
0.996329672,1.003272593,0.997509767,1.002858934,0.993787632,0.979659908,0.98995335,0.982343571
0.995782724,1.003520913,0.997473424,1.002318339,0.993787632,0.979083443,0.990297873,0.982123451
0.996035719,1.002925039,0.997424768,1.00213815,0.993605688,0.978670055,0.989597789,0.981859732
0.995764513,1.002726486,0.99718352,1.002318339,0.993787632,0.978147528,0.989420035,0.981530399
0.995750592,1.002428724,0.997035154,1.00213815,0.993423748,0.977622171,0.990111178,0.981204842
0.995879336,1.001883034,0.997140291,1.00213815,0.993423748,0.977109365,0.989586538,0.981055343
0.995463466,1.001387187,0.99719634,1.00213815,0.993605688,0.976951489,0.989759849,0.980896881
0.995575014,1.000891563,0.99730017,1.001957966,0.993423748,0.976748771,0.989578144,0.980703577
0.995672071,1.000346633,0.997450868,1.001957966,0.993423748,0.976649259,0.989737001,0.980603389
0.99553197,0.999752472,0.997501472,1.002678731,0.993423748,0.976449939,0.989560454,0.980492054
0.995261577,0.99915863,0.997601689,1.003219355,0.993423748,0.976251692,0.989354496,0.98033418
0.995082909,0.998664007,0.997756224,1.003219355,0.993059882,0.976023419,0.989005176,0.979839243
0.994662827,0.997724833,0.997960376,1.003219355,0.993423748,0.975871128,0.988813729,0.979589348
0.994379671,0.99658901,0.998160626,1.003399573,0.993241812,0.97576663,0.98897218,0.979327464
0.994777095,0.995257147,0.998163632,1.003579795,0.993605688,0.975586197,0.988603164,0.979052522
0.995164748,0.99427162,0.998120231,1.003940254,0.993605688,0.975672129,0.988600945,0.978892645
0.995278716,0.9933854,0.998121278,1.00412049,0.993059882,0.97583381,0.989119861,0.978617192
0.995274363,0.99240155,0.997981692,1.004841484,0.993787632,0.975944557,0.988944346,0.978344976
0.995270787,0.991369454,0.997939627,1.005562554,0.993605688,0.976108728,0.988938767,0.978268507
0.995133311,0.99028925,0.997847768,1.00520201,0.993969582,0.976223264,0.988586591,0.978009505
0.99539467,0.989945772,0.996761649,1.005562554,0.994515459,0.975605405,0.988930817,0.977472763
0.996332484,0.99112386,0.997111642,1.005923118,0.994515459,0.975289561,0.988750997,0.977155155
0.997543392,0.992204885,0.997362352,1.005923118,0.994333495,0.975002677,0.988747836,0.976840901
0.998481328,0.994222367,0.997564624,1.005742834,0.994333495,0.974478287,0.989261785,0.976531693
0.99942324,0.995799563,0.997989327,1.005562554,0.994333495,0.974085509,0.989434247,0.976205135
1.000630754,0.997527215,0.998336956,1.006283701,0.994333495,0.973717584,0.988737753,0.975879783
1.001794646,0.999208105,0.998785281,1.006644303,0.993969582,0.973325504,0.989431582,0.975585851
1.003139281,1.000792465,0.999185526,1.007004924,0.994151536,0.972959438,0.989244189,0.975312493
1.004077865,1.002379105,0.999583882,1.007185241,0.994333495,0.972538587,0.988546845,0.974929028
1.00461373,1.005509483,1.001783792,1.007365564,0.994697428,0.973734104,0.988893582,0.975162624
1.005519065,1.008998114,1.004332052,1.007185241,0.994879402,0.975268393,0.989583048,0.975496266
1.006726135,1.012547852,1.006791579,1.007185241,0.995971345,0.976822137,0.990273732,0.975956944
1.007928398,1.015958291,1.009193932,1.007185241,0.996517381,0.978430028,0.991132319,0.976487862
1.009272881,1.01998403,1.011557699,1.007365564,0.996699403,0.979916525,0.992172639,0.976877152
1.010471216,1.02407499,1.01399078,1.007365564,0.996881429,0.981401084,0.992859549,0.97740195
1.011819172,1.028130242,1.016416945,1.007185241,0.996881429,0.982900596,0.993368758,0.977900143
1.01287721,1.032200279,1.01884556,1.006824611,0.997427538,0.984399109,0.993189725,0.978346719
1.013809864,1.036234029,1.021395282,1.006824611,0.99815575,0.98587763,0.993186502,0.978847309
1.015558975,1.04053907,1.02411097,1.006464,0.997791634,0.988168936,0.994915206,0.979808868
1.016770629,1.045015337,1.0268226,1.006464,0.998337815,0.990416323,0.996649346,0.98097862
1.018120113,1.04956125,1.029593153,1.007004924,0.998519885,0.992667624,0.998033722,0.982034799
1.018658806,1.053138532,1.033285231,1.007185241,0.998884039,0.995673322,0.999073986,0.983385069
1.018250506,1.055321572,1.035605664,1.007185241,0.999066123,0.998256851,1.000461683,0.984603768
1.018088744,1.057508838,1.037927158,1.007545891,0.999430307,1.000888964,1.001664854,0.985865029
1.017816284,1.059648114,1.040359336,1.008086901,0.999430307,1.003584666,1.002881174,0.987097384
1.017788732,1.061896097,1.042805907,1.008267247,0.999794509,1.006226393,1.004269827,0.98838733
1.017369025,1.063938829,1.045147698,1.007726223,1.000340848,1.008834049,1.00565309,0.989722391
1.017498114,1.066195345,1.047595594,1.007185241,1.000522971,1.012002546,1.006173646,0.991231746
1.017620355,1.068193215,1.050099996,1.007365564,1.000887231,1.015427644,1.00755981,0.99279354
1.017211159,1.070194603,1.052614475,1.007726223,1.001069369,1.018862856,1.009645236,0.994602813
1.017615879,1.070616398,1.053035763,1.007726223,1.001615809,1.020650248,1.010685045,0.995680912
1.017614507,1.070616398,1.053252784,1.008267247,1.001797966,1.022074814,1.011551331,0.996682654
1.017882452,1.070669133,1.053518454,1.007726223,1.001251511,1.023467333,1.012070385,0.997577345
1.017605773,1.070721871,1.053794568,1.008086901,1.001069369,1.024847037,1.013457743,0.998751206
1.01787594,1.070721871,1.054116246,1.008447599,1.001069369,1.026262146,1.014327984,0.999722445
1.017734091,1.070774611,1.054436031,1.008447599,1.001069369,1.027656944,1.015195232,1.000657959
1.017675017,1.071671568,1.054804623,1.008267247,1.001251511,1.029468576,1.016056902,1.001846383
1.017808797,1.07230514,1.055311757,1.008627954,1.001069369,1.031399392,1.017272703,1.003249848
1.018342795,1.072833386,1.055784999,1.008808315,1.000705099,1.033287903,1.018838538,1.004698798
1.018193799,1.07325616,1.056210771,1.008808315,1.000705099,1.034410164,1.018836948,1.005728499
1.018459434,1.073573343,1.05663279,1.00916905,1.000705099,1.035531051,1.019355348,1.006361035
1.018587875,1.07383773,1.056949072,1.009529805,1.000887231,1.036657721,1.020052154,1.007219485
1.01884758,1.074260876,1.057432724,1.009529805,1.001069369,1.037840315,1.02074058,1.007958565
1.019231521,1.074525423,1.057751437,1.009890579,1.001251511,1.039058108,1.020912748,1.008801669
1.019894541,1.074948825,1.058183116,1.010251371,1.001797966,1.040282382,1.021609521,1.00967978
1.020289806,1.075319431,1.058606735,1.009890579,1.001980127,1.041613337,1.022300627,1.01082926
1.020422692,1.076219975,1.058779343,1.010070973,1.001980127,1.042956237,1.022638989,1.011844429
1.020821541,1.077280351,1.059098925,1.010070973,1.001433658,1.044344959,1.023325241,1.012821186
1.020675032,1.078129362,1.059362815,1.010973014,1.001980127,1.045305136,1.024356161,1.013564941
1.020671544,1.079244648,1.059580368,1.010973014,1.001980127,1.045863541,1.02469568,1.014256986
1.02134106,1.080467403,1.059740473,1.010612183,1.00252664,1.046488419,1.025044327,1.014768675
1.021607798,1.08163822,1.060004976,1.010792596,1.002162294,1.047156244,1.025567749,1.015389844
1.021737789,1.082916845,1.060381387,1.010431775,1.002162294,1.047834103,1.02573791,1.015956053
1.021695252,1.084090174,1.060647853,1.011153437,1.00252664,1.048578235,1.026783981,1.016718483
1.022091325,1.085211294,1.06096637,1.011514297,1.002344465,1.049265254,1.027304195,1.017526048
1.021940123,1.086280049,1.061392532,1.011514297,1.002891007,1.049825751,1.028168677,1.018664323
1.022329177,1.087456832,1.061735423,1.011153437,1.003073197,1.050391035,1.028337186,1.019630602
1.022734386,1.087670923,1.062058775,1.011153437,1.002891007,1.050685434,1.028858852,1.020391872
1.022819684,1.088206324,1.062277785,1.011153437,1.002708821,1.050768565,1.029202244,1.020829393
1.022952019,1.08890272,1.062439725,1.010792596,1.002891007,1.050982542,1.029025605,1.021430724
1.022940184,1.089492308,1.062442323,1.010431775,1.003255392,1.051047246,1.029374591,1.021892138
1.023343238,1.090028561,1.062498363,1.010070973,1.003255392,1.051227987,1.029367155,1.022351116
1.023454629,1.090565065,1.062711502,1.009710189,1.003619797,1.051342763,1.029365657,1.022814075
1.023586106,1.091316591,1.062870662,1.00916905,1.003255392,1.051625455,1.029714641,1.023557468
1.023990803,1.09206861,1.063137014,1.008627954,1.003802006,1.051905898,1.030571465,1.02412672
1.023854937,1.092767354,1.063306545,1.008447599,1.003802006,1.052194472,1.030915326,1.024838569
1.024229724,1.093358932,1.063377293,1.00898868,1.004348664,1.052364905,1.031080261,1.02515609
1.024500211,1.093412726,1.063698988,1.00898868,1.004530893,1.052594737,1.031604285,1.025668288
1.024754578,1.093412726,1.063964628,1.00898868,1.004713126,1.052828122,1.03177554,1.026168031
1.024877835,1.093466524,1.064233949,1.008808315,1.005077608,1.052941479,1.03247034,1.026642117
1.024862418,1.093574126,1.064395666,1.00898868,1.005442109,1.05313117,1.032988733,1.027185545
1.024858632,1.093574126,1.064607872,1.00916905,1.005806629,1.053301466,1.03298753,1.027710792
1.024982213,1.093681739,1.064772444,1.00898868,1.005806629,1.053592964,1.033508566,1.028344751
1.025076832,1.093789361,1.064882243,1.008627954,1.005988897,1.054103899,1.034379729,1.029077818
1.025334317,1.094058462,1.065046305,1.008447599,1.005988897,1.054507661,1.034375194,1.029758026
1.025468977,1.094219952,1.06511449,1.008086901,1.006718015,1.0550233,1.034539311,1.030165037
1.025714327,1.094435308,1.065170475,1.008086901,1.006535728,1.055527525,1.034521201,1.030340881
1.025682372,1.094543001,1.065331154,1.008447599,1.006718015,1.056096268,1.035218899,1.030755051
1.025398354,1.094758418,1.065342078,1.008808315,1.007082602,1.056645213,1.035914501,1.031109353
1.02566524,1.095027745,1.065398911,1.00916905,1.00744721,1.05721704,1.037135464,1.031584099
1.025373896,1.095135494,1.065405197,1.009529805,1.00762952,1.057728533,1.038181735,1.032057829
1.025369362,1.094812278,1.065571133,1.010431775,1.008358812,1.058805578,1.038881125,1.032417462
1.024948762,1.094596851,1.065736348,1.010251371,1.008541147,1.059832536,1.039751489,1.03299192
1.025077249,1.094327625,1.065790947,1.009890579,1.00762952,1.060915686,1.040260919,1.033545373
1.024656496,1.093896994,1.065853828,1.009890579,1.007811836,1.061824013,1.041130215,1.033896914
1.024640459,1.093520324,1.065855927,1.009890579,1.007082602,1.062789453,1.041299399,1.034188725
1.024763114,1.093089995,1.065910955,1.009529805,1.006900306,1.063641297,1.041806147,1.034653354
1.024617248,1.092767354,1.065919557,1.008627954,1.006353446,1.064436888,1.042500475,1.035054816
1.024331647,1.092444804,1.065974327,1.008627954,1.006171169,1.065239787,1.043024731,1.035287422
1.024193748,1.092122344,1.065975688,1.00898868,1.006535728,1.066113731,1.043899734,1.035711223
1.024308636,1.09206861,1.065978967,1.00898868,1.005988897,1.066960238,1.043724645,1.036056558
1.02498117,1.092713589,1.066097764,1.008627954,1.005259856,1.06775073,1.044071633,1.036346104
1.025100441,1.093412726,1.066208234,1.008447599,1.004713126,1.068499075,1.044933822,1.036881733
1.02549641,1.094058462,1.066314848,1.008267247,1.004713126,1.069125721,1.044926824,1.037282708
1.026033714,1.094596851,1.066369497,1.008267247,1.004348664,1.069611442,1.044400535,1.037465088
1.026302041,1.095081618,1.066477035,1.008627954,1.00416644,1.070128439,1.044746953,1.037766494
1.026963146,1.095728292,1.06663933,1.008627954,1.003802006,1.070533094,1.04491275,1.037997245
1.027503361,1.096321395,1.066747746,1.008808315,1.003437592,1.070994818,1.045437582,1.038233359
1.027884928,1.096968766,1.066700832,1.008627954,1.003255392,1.071490892,1.045778068,1.038416187
1.027747899,1.096914805,1.066608876,1.008627954,1.002891007,1.071607143,1.045602986,1.038597476
1.026791641,1.096213535,1.066031848,1.008447599,1.00252664,1.071589933,1.045421461,1.038830011
1.026248109,1.095620487,1.065555673,1.008808315,1.002708821,1.071610929,1.045231978,1.03901165
1.026111028,1.095566589,1.065034139,1.008267247,1.001797966,1.071038445,1.045568626,1.039298794
1.025837277,1.095297135,1.064399954,1.008808315,1.001615809,1.07054195,1.045741808,1.039419913
1.025276042,1.095135494,1.063872646,1.008627954,1.001980127,1.070056152,1.046085538,1.039657368
1.025263245,1.094866141,1.063250113,1.008808315,1.002162294,1.069511729,1.04555386,1.03978654
1.024853137,1.094596851,1.062723746,1.009529805,1.002708821,1.068900745,1.045728389,1.040152212
1.024582335,1.094381465,1.06209397,1.009890579,1.002891007,1.06834183,1.045721699,1.040289011
1.023362749,1.091692539,1.060307297,1.009890579,1.002891007,1.067269252,1.044670109,1.04011886
1.022671603,1.089117081,1.058044118,1.009349425,1.00252664,1.065691929,1.043966449,1.03979057
1.021989806,1.086547394,1.055803781,1.00898868,1.00252664,1.06408504,1.042916013,1.03933391
1.021038503,1.083716711,1.053497194,1.00898868,1.002708821,1.06252505,1.042733614,1.039052386
1.01940948,1.080201475,1.051248574,1.00916905,1.002708821,1.061075657,1.042033092,1.038714772
1.018314441,1.076644007,1.048967336,1.008808315,1.00252664,1.05956178,1.041332892,1.038085118
1.016551464,1.073044753,1.04673473,1.008627954,1.00252664,1.058073688,1.040457227,1.037637033
1.015166787,1.069509521,1.0445094,1.008267247,1.00252664,1.056555043,1.039928377,1.037199258
1.013537398,1.065880213,1.042233416,1.006824611,1.002162294,1.055024091,1.039397344,1.036589568
1.011780174,1.06147753,1.039494537,1.006464,1.001797966,1.052410358,1.038344432,1.035715524
1.009749684,1.056623006,1.036304561,1.006103407,1.001797966,1.049790876,1.036592476,1.034571516
1.007979951,1.051737374,1.03332757,1.006464,1.001615809,1.047120039,1.035541593,1.033456322
1.006629686,1.04749265,1.030567367,1.006283701,1.001251511,1.044748459,1.034840589,1.03248855
1.005951558,1.043881722,1.028226548,1.006103407,1.001433658,1.04254433,1.033964471,1.031354723
1.005002362,1.040231019,1.025728676,1.00520201,1.000887231,1.040368187,1.032910282,1.030119776
1.004052488,1.036592152,1.023292933,1.00538228,1.000887231,1.038275901,1.031832471,1.028936553
1.00310442,1.033067074,1.020860418,1.004661229,1.000705099,1.036129013,1.03041794,1.027747185
1.002017489,1.029451378,1.018394796,1.004480978,1.000522971,1.0339287,1.028845409,1.026382227
1.0012075,1.025492652,1.015619244,1.003940254,0.999612405,1.031073309,1.027093961,1.024621133
0.999965066,1.021396489,1.012760709,1.003219355,0.998519885,1.028037125,1.025348024,1.022580517
0.99874619,1.017415936,1.009952114,1.003039142,0.99815575,1.024975784,1.023602568,1.020674787
0.998476115,1.015707166,1.008208724,1.002858934,0.997791634,1.022413965,1.022902783,1.01920836
0.998069699,1.013950881,1.007014546,1.003219355,0.997791634,1.020355913,1.021854608,1.017861467
0.997507181,1.012197372,1.00586747,1.003219355,0.997245497,1.018243652,1.021323229,1.016541137
0.997232497,1.010396652,1.004676924,1.002858934,0.997063461,1.016220393,1.019753033,1.015155053
0.997356919,1.008648755,1.003481859,1.002858934,0.997245497,1.014116652,1.01887061,1.013801137
0.996949677,1.006853794,1.002291995,1.002858934,0.996881429,1.012028412,1.017995707,1.012450005
0.996808176,1.005310465,1.000952245,1.003219355,0.996153352,1.009758773,1.017458726,1.010649802
0.996366677,1.003272593,0.999586567,1.003940254,0.996335364,1.007536263,1.016586427,1.00902203
0.996476648,1.001288044,0.998208544,1.004841484,0.997063461,1.005233529,1.015012951,1.007258099
0.9959315,0.99995049,0.997375502,1.00520201,0.997245497,1.003977157,1.013441738,1.005896539
0.996055631,0.999208105,0.996832994,1.005021745,0.997427538,1.002796431,1.012738914,1.004887945
0.996187895,0.998466219,0.996245055,1.004661229,0.997791634,1.001669947,1.011514808,1.003823973
0.996009048,0.997675425,0.995511927,1.004661229,0.998337815,1.000577593,1.009943589,1.002546052
0.995460685,0.996835829,0.994823422,1.004480978,0.99815575,0.999517776,1.008717568,1.001531543
0.995458321,0.996046204,0.994185284,1.004841484,0.998337815,0.998346719,1.007648598,1.000384934
0.99477133,0.995405052,0.993401855,1.004661229,0.998519885,0.996493927,1.005904768,0.998881242
0.994898756,0.995207849,0.992321955,1.004841484,0.998337815,0.994751915,1.004818671,0.997332987
0.995293002,0.995059971,0.991245106,1.00538228,0.99797369,0.99310194,1.003941022,0.995830697
0.995560198,0.995405052,0.990462604,1.00538228,0.99815575,0.992098184,1.003416675,0.994837539
0.995961864,0.995750241,0.989729572,1.00538228,0.998337815,0.991253671,1.00270972,0.994085137
0.996498684,0.996095539,0.989044196,1.00538228,0.99815575,0.990470426,1.002012819,0.993198665
0.996882652,0.996440946,0.988407697,1.00538228,0.99815575,0.989694491,1.001470784,0.992378603
0.997125594,0.996687731,0.987634756,1.004841484,0.99797369,0.988934741,1.000771473,0.991516428
0.997518414,0.996983946,0.986905979,1.004480978,0.99815575,0.988141629,0.999727839,0.990687725
0.997382071,0.996638369,0.986273293,1.004661229,0.997791634,0.987249609,1.000069085,0.989634336
0.996837931,0.996243557,0.98564249,1.004480978,0.997427538,0.986436168,0.999020203,0.988361869
0.996568338,0.995898213,0.985108113,1.004661229,0.997427538,0.985672874,0.998323619,0.987375939
0.996560742,0.995454358,0.984670859,1.004841484,0.997791634,0.985044401,0.997095085,0.986502286
0.99627181,0.995405052,0.984289863,1.004661229,0.997427538,0.984463629,0.996393358,0.985729708
0.996402926,0.995405052,0.983769598,1.004661229,0.996881429,0.983909411,0.996037445,0.985013648
0.996804047,0.995454358,0.983250074,1.004300732,0.996881429,0.983380856,0.996025737,0.984354768
0.996798168,0.995454358,0.982916438,1.004300732,0.996153352,0.982746327,0.995847525,0.983656169
0.996645848,0.995454358,0.982532952,1.004480978,0.995607345,0.982132178,0.995498309,0.982774777
0.996239497,0.99560229,0.982493327,1.004300732,0.99506138,0.981159633,0.995145597,0.982012594
0.996206903,0.995059971,0.982259899,1.004300732,0.994515459,0.980314666,0.994797368,0.980892226
0.996192063,0.994567185,0.981968786,1.00412049,0.994333495,0.979466418,0.994443633,0.980122623
0.996591907,0.993877656,0.981875527,1.00412049,0.994333495,0.979278372,0.994787675,0.979600963
0.996432695,0.992745797,0.982054695,1.003760022,0.994697428,0.978857342,0.994090422,0.979164569
0.996026767,0.991615103,0.982207114,1.003579795,0.994879402,0.97840051,0.994086513,0.978728039
0.995619789,0.990436488,0.982423324,1.00412049,0.995243364,0.978038497,0.99407882,0.978239828
0.995077181,0.989357202,0.982672946,1.00412049,0.995425352,0.977771803,0.993902326,0.977786427
0.994536669,0.98808305,0.982870184,1.003760022,0.99506138,0.97741807,0.993379794,0.977299196
0.994371314,0.98739758,0.98297745,1.004661229,0.995607345,0.976648132,0.993203516,0.976595882
0.99369832,0.986223487,0.983129898,1.004300732,0.995243364,0.975771657,0.993027742,0.975828698
0.993019317,0.98500181,0.983131365,1.004661229,0.995425352,0.974984486,0.99267875,0.975019038
0.992994703,0.984513521,0.983181363,1.00412049,0.995425352,0.974250739,0.991794888,0.974440497
0.993111077,0.984025449,0.98314061,1.003579795,0.995607345,0.973423043,0.991616368,0.973915226
0.992563497,0.983537595,0.983044152,1.003219355,0.995607345,0.97263727,0.99126653,0.973265039
0.992293258,0.982952457,0.98299576,1.002678731,0.995789342,0.971800097,0.99143821,0.97288731
0.992266997,0.982416355,0.982903066,1.002498533,0.995789342,0.970978516,0.991086455,0.972293942
0.991728804,0.981734424,0.982956393,1.002318339,0.995425352,0.970143406,0.991065183,0.971818615
0.991442484,0.981296264,0.983005894,1.002318339,0.995425352,0.969634124,0.991233764,0.971106942
0.991155521,0.98085828,0.983254364,1.002318339,0.995607345,0.969226926,0.991059178,0.970454626
0.991285343,0.980420472,0.983503371,1.002498533,0.995971345,0.968826556,0.99088173,0.969865734
0.991807789,0.979837,0.983466121,1.002318339,0.995971345,0.968729631,0.991226551,0.969337422
0.992342657,0.979982838,0.98361725,1.002498533,0.995971345,0.96855497,0.990699569,0.969030136
0.992739835,0.980031456,0.983823268,1.00213815,0.995971345,0.968367545,0.990864904,0.96848668
0.992467516,0.980080075,0.983975083,1.001777787,0.995425352,0.968277833,0.990341411,0.96788758
0.992329316,0.980128697,0.984073334,1.001957966,0.994879402,0.968174084,0.990490624,0.967453471
0.992593087,0.980225946,0.984230352,1.001597612,0.994879402,0.968097188,0.989440699,0.96686663
0.992726936,0.980517747,0.984187562,1.001597612,0.994333495,0.967470522,0.989265985,0.966387299
0.992991173,0.980566388,0.984128108,1.001777787,0.994151536,0.966829926,0.988906876,0.965734072
0.993259414,0.980615032,0.984038447,1.001957966,0.994151536,0.966152213,0.988725324,0.96503113
0.993257196,0.98017732,0.984191128,1.001597612,0.993605688,0.965863891,0.987854039,0.964579269
0.993660153,0.980274575,0.984245843,1.001957966,0.993969582,0.965657913,0.987664979,0.964279474
0.993525336,0.980371837,0.984395191,1.001417442,0.993969582,0.965508412,0.98714337,0.963904552
0.993372387,0.980420472,0.984399994,1.001237277,0.994151536,0.965318075,0.987138551,0.963633443
0.993367427,0.980420472,0.984407826,1.001597612,0.994151536,0.965202698,0.986786117,0.963312994
0.994021915,0.980420472,0.984458638,1.001777787,0.994697428,0.965016337,0.986436635,0.963041513
0.99375122,0.980031456,0.984369162,1.001597612,0.994515459,0.964828867,0.986075603,0.962685189
0.99387218,0.979934223,0.984320734,1.001417442,0.994151536,0.964534479,0.985894032,0.96220675
0.993735077,0.979982838,0.984224702,1.001597612,0.994515459,0.964228769,0.985717634,0.961794921
0.993724656,0.979739785,0.984142475,1.001777787,0.994151536,0.963691839,0.985193381,0.961578885
0.993852826,0.97954538,0.983755663,1.001777787,0.993969582,0.963035275,0.984151963,0.961269022
0.993444109,0.979302424,0.983376574,1.001597612,0.993605688,0.962307656,0.983804789,0.96099967
0.993167384,0.979156676,0.982939448,1.001597612,0.993787632,0.961743696,0.982929201,0.96073034
0.993024973,0.978962376,0.982505714,1.001597612,0.994333495,0.961131495,0.982927938,0.960574386
0.992874958,0.978816673,0.982171591,1.002318339,0.994333495,0.960530794,0.982403776,0.960363534
0.993142383,0.97876811,0.981783554,1.00213815,0.994333495,0.959926409,0.98256939,0.960098129
0.992979829,0.978816673,0.981402803,1.00213815,0.994697428,0.959360306,0.98273944,0.959773738
0.992707374,0.97876811,0.980926389,1.002498533,0.99506138,0.958790518,0.983255601,0.959625442
0.992572594,0.978622433,0.980683491,1.002318339,0.995243364,0.958633061,0.982907828,0.959359433
0.992435214,0.97867099,0.980493113,1.002318339,0.995425352,0.958577807,0.982901247,0.959148853
0.992410469,0.978719549,0.980317657,1.003039142,0.995607345,0.958533775,0.982712211,0.959095025
0.99212935,0.978816673,0.980074863,1.002858934,0.995607345,0.958516074,0.982881848,0.958840175
0.991722874,0.978816673,0.979784814,1.003039142,0.995425352,0.958469625,0.982355278,0.958515055
0.991845279,0.978816673,0.979596605,1.003579795,0.995243364,0.958331098,0.982867806,0.958518013
0.991710048,0.978573879,0.97926437,1.003579795,0.995243364,0.958394563,0.982162726,0.958148828
0.991573879,0.978136985,0.979025064,1.003219355,0.994879402,0.958663895,0.981982386,0.957938619
0.991570676,0.977748781,0.978688241,1.003219355,0.994515459,0.958932383,0.981620167,0.957508195
0.991568947,0.977700266,0.978549342,1.003579795,0.994333495,0.959278143,0.9812696,0.957132881
0.991433911,0.977457719,0.978407662,1.003219355,0.994879402,0.959704239,0.981093022,0.956952413
0.991430674,0.977118245,0.978218794,1.003219355,0.99506138,0.96017875,0.980916927,0.956738592
0.991289496,0.976875828,0.978129509,1.003399573,0.99506138,0.960553791,0.980565604,0.956536714
0.991152382,0.976488074,0.977988377,1.00412049,0.99506138,0.960925417,0.981258883,0.956504428
0.991005949,0.976197348,0.977898964,1.003579795,0.994515459,0.961343685,0.980910209,0.956311434
0.991271714,0.975858266,0.978047342,1.003219355,0.994879402,0.961720799,0.981253307,0.956042279
0.991674955,0.975858266,0.978000022,1.002678731,0.994515459,0.962066802,0.981252229,0.955775298
0.99180352,0.9759067,0.978004352,1.002318339,0.994515459,0.962333297,0.98037132,0.955570278
0.992340961,0.975955136,0.978012891,1.002858934,0.994879402,0.962694335,0.97932178,0.955532198
0.992868996,0.975858266,0.978113078,1.002678731,0.99506138,0.962852968,0.978798012,0.955377299
0.993137453,0.975809834,0.978261931,1.002858934,0.99506138,0.963014872,0.978102896,0.955110636
0.993134879,0.975712977,0.978363139,1.002498533,0.994879402,0.963278546,0.978272457,0.954952069
0.993805632,0.975664552,0.978419957,1.002498533,0.995243364,0.963539888,0.977910801,0.954946503
0.994072495,0.975664552,0.978474451,1.001237277,0.994879402,0.963702828,0.977733712,0.954793219
0.993797697,0.975712977,0.978523661,1.000876962,0.994697428,0.963708368,0.97720748,0.954740337
0.993789401,0.975858266,0.978669272,1.001237277,0.99506138,0.963785537,0.977375518,0.954644683
0.994191129,0.976100456,0.978767782,1.001237277,0.994697428,0.963795513,0.976675517,0.954337268
0.994316133,0.976536535,0.979107583,1.001597612,0.994697428,0.963730124,0.977019519,0.954286336
0.994032806,0.977118245,0.979350968,1.001957966,0.99506138,0.96336631,0.977365209,0.954296535
0.994400791,0.977748781,0.979605582,1.001597612,0.994697428,0.963019882,0.977532099,0.954359524
0.99466931,0.978379682,0.979899043,1.001417442,0.994697428,0.962660471,0.977356663,0.954361292
0.994523978,0.978913806,0.980109318,1.001777787,0.994515459,0.96236766,0.97786976,0.954525365
0.994923419,0.97954538,0.980401295,1.001417442,0.994515459,0.96205964,0.977863183,0.954417244
0.994747274,0.979934223,0.980693605,1.001057117,0.994333495,0.961645837,0.977683662,0.954465193
0.99514331,0.98085828,0.980939343,1.000516665,0.994879402,0.961188178,0.977855196,0.954362908
0.995810265,0.98163704,0.981090359,1.000516665,0.99506138,0.960672286,0.978370016,0.954440866
0.995670534,0.982465081,0.981092203,1.001057117,0.994879402,0.960246183,0.977849866,0.954496177
0.995399945,0.982952457,0.981256392,1.001417442,0.995243364,0.95980158,0.977667602,0.954445683
0.995257848,0.983293749,0.98135681,1.001777787,0.99506138,0.959416712,0.97801355,0.954401652
0.994986498,0.983683928,0.981456477,1.001777787,0.994879402,0.958961131,0.978879544,0.954320029
0.994579805,0.983927861,0.981508169,1.001957966,0.994333495,0.958506627,0.978706164,0.954393164
0.994376243,0.984220651,0.98163008,1.001957966,0.993787632,0.958082084,0.979220458,0.954447239
0.994232778,0.984318266,0.981779174,1.00213815,0.993969582,0.958004942,0.978859415,0.954422745
0.993801443,0.984220651,0.98202515,1.002318339,0.993787632,0.957827574,0.979369742,0.954424942
0.993397607,0.984123046,0.982224367,1.003579795,0.994515459,0.957734742,0.979714353,0.954374519
0.993782744,0.983830281,0.982276475,1.003760022,0.994333495,0.957740098,0.980057883,0.954281877
0.993767091,0.983488821,0.982439823,1.003760022,0.994515459,0.957695591,0.979350223,0.954380016
0.993359716,0.983098712,0.982490683,1.003940254,0.994697428,0.957714922,0.979696749,0.95438798
0.992674072,0.98275748,0.982545461,1.003399573,0.993969582,0.957682969,0.979523024,0.954388855
0.993059141,0.982562539,0.982696059,1.003760022,0.993605688,0.957688878,0.979172688,0.954228506
0.992519982,0.98217276,0.982940652,1.004480978,0.993605688,0.957757696,0.979689885,0.954175918
0.992500528,0.982075337,0.983054622,1.00520201,0.993969582,0.957605799,0.979686864,0.954088797
0.992866064,0.981539665,0.983471306,1.00520201,0.993969582,0.957308294,0.978989846,0.953938922
0.992860542,0.981004256,0.983815488,1.00520201,0.993787632,0.957064849,0.978463419,0.953889865
0.992983494,0.980663677,0.984073109,1.005021745,0.994151536,0.956913027,0.978454888,0.953787938
0.992709709,0.979837,0.984389068,1.00520201,0.993787632,0.956814727,0.978447077,0.953791314
0.99189278,0.979010948,0.984787736,1.00538228,0.993969582,0.956787733,0.977749973,0.953595738
0.991474431,0.978234057,0.985189599,1.00520201,0.993605688,0.956695363,0.978267336,0.953591351
0.991068182,0.977506224,0.9855385,1.00520201,0.993241812,0.956648204,0.978081541,0.953429611
0.990526513,0.976778877,0.985882299,1.004841484,0.993059882,0.956605647,0.97790729,0.953231877
0.990385989,0.976584999,0.985984837,1.004841484,0.992877957,0.95656166,0.977551716,0.953129454
0.99023175,0.976681934,0.986239028,1.004841484,0.992877957,0.956682401,0.977551162,0.952925017
0.990358966,0.976730404,0.986444493,1.004661229,0.993241812,0.956734195,0.977373068,0.952878342
0.990214392,0.976875828,0.986497096,1.004661229,0.993059882,0.956425876,0.97754578,0.952834436
0.990187013,0.977312218,0.986546926,1.004300732,0.992332209,0.956195985,0.977025245,0.952676637
0.990452253,0.977651752,0.986498372,1.003940254,0.992150302,0.956089838,0.976331304,0.952568706
0.990311198,0.977991392,0.986598538,1.004480978,0.992696036,0.955936006,0.976677102,0.952531141
0.990576222,0.978476776,0.986656119,1.003760022,0.992150302,0.955795779,0.97718648,0.952534333
0.990976924,0.978913806,0.986755311,1.003579795,0.992150302,0.955589679,0.97683715,0.952596869
0.991637659,0.979059521,0.986658289,1.004480978,0.992877957,0.955509294,0.97717204,0.952654373
0.991367509,0.979010948,0.98636572,1.003760022,0.992877957,0.955392951,0.977687288,0.952563114
0.991226271,0.979010948,0.98607894,1.003399573,0.99251412,0.95516073,0.97682084,0.952355587
0.991222471,0.978816673,0.985738271,1.002678731,0.992696036,0.955202268,0.97733677,0.952522184
0.991086922,0.979010948,0.985204713,1.003039142,0.993059882,0.95520508,0.977851241,0.952683453
0.99094315,0.979156676,0.98483268,1.003219355,0.992696036,0.955111018,0.977847553,0.952792249
0.990808528,0.979302424,0.984357683,1.003940254,0.99251412,0.955167522,0.977847032,0.952753796
0.990537435,0.979496785,0.983919448,1.003940254,0.99251412,0.955226789,0.977496902,0.952682232
0.990670171,0.979837,0.983434098,1.00412049,0.992877957,0.955306211,0.977669338,0.952747959
0.991203704,0.979982838,0.983006022,1.004300732,0.992696036,0.955621257,0.977145887,0.95260341
0.99120289,0.980031456,0.982811845,1.004661229,0.993059882,0.95605594,0.977488818,0.952606653
0.991873288,0.98017732,0.982620133,1.004661229,0.993059882,0.956424708,0.977828304,0.952662646
0.991987557,0.97969118,0.982624534,1.004480978,0.993241812,0.956788544,0.977820347,0.952666409
0.991980057,0.979010948,0.982548972,1.004661229,0.993605688,0.957113766,0.977987566,0.952509344
0.991574362,0.978379682,0.982452506,1.004661229,0.993423748,0.957427919,0.97711943,0.952298311
0.991968419,0.977748781,0.982365546,1.004661229,0.993423748,0.957779611,0.97625069,0.952139431
0.991426606,0.977021272,0.982270773,1.004841484,0.993787632,0.958157516,0.976420254,0.952101664
0.991151249,0.976488074,0.982336019,1.004661229,0.993605688,0.958418862,0.976593452,0.95205601
0.991278564,0.976439614,0.982782808,1.00412049,0.993423748,0.958279161,0.976068,0.952058094
0.991385496,0.976584999,0.983225094,1.004480978,0.993605688,0.958279965,0.976064855,0.952012495
0.991247666,0.976633466,0.983670803,1.00412049,0.993241812,0.95830385,0.975889777,0.951805119
0.991082966,0.977021272,0.98420742,1.003579795,0.993241812,0.958260616,0.975713145,0.95173444
0.991590992,0.977603241,0.984939389,1.003760022,0.993059882,0.958217277,0.975014777,0.951852363
0.992254287,0.978234057,0.985634108,1.003579795,0.993605688,0.958246007,0.975157934,0.952090666
0.99225084,0.978816673,0.986417394,1.003760022,0.993059882,0.958246177,0.974806819,0.95200937
0.992381949,0.979496785,0.987107383,1.003760022,0.992877957,0.958370221,0.974281489,0.951907835
0.992783395,0.98017732,0.987793578,1.003940254,0.993241812,0.95850307,0.974800678,0.951927796
0.992917394,0.980225946,0.987845128,1.003039142,0.99251412,0.958504942,0.974799243,0.951825197
0.993183016,0.980323205,0.988091231,1.002858934,0.992696036,0.958618272,0.974278461,0.951838432
0.993573741,0.980469108,0.988358663,1.002678731,0.993059882,0.95874554,0.974104842,0.951868004
0.993428282,0.980663677,0.988561509,1.002678731,0.993241812,0.958598324,0.974102917,0.951881145
0.993287386,0.98085828,0.988563251,1.002318339,0.992696036,0.958342209,0.973754046,0.951996586
0.992478231,0.981004256,0.988613061,1.002318339,0.992877957,0.95819955,0.973578429,0.95189154
0.991773561,0.98119892,0.988668294,1.002318339,0.992696036,0.958030193,0.973575522,0.951954888
0.991637832,0.981442298,0.988629797,1.002498533,0.992332209,0.957800946,0.973390716,0.952064192
0.991367487,0.98163704,0.98863442,1.002678731,0.992332209,0.957650221,0.974428497,0.952235312
0.990691825,0.981296264,0.987959946,1.002318339,0.99251412,0.957168858,0.974947657,0.952355606
0.992287708,0.983781495,0.989479157,1.00213815,0.992696036,0.957153362,0.974769124,0.952531878
0.993764278,0.986174594,0.991005818,1.002678731,0.992696036,0.957100823,0.974768345,0.952700397
0.995109316,0.988181009,0.992090728,1.003219355,0.992877957,0.95753953,0.974937765,0.952657712
0.996581831,0.9897986,0.993081449,1.003219355,0.992696036,0.957861382,0.975277878,0.952658768
0.997920325,0.991565969,0.994066924,1.003399573,0.992877957,0.958124265,0.97578579,0.95282195
0.99965484,0.9933854,0.99510707,1.003399573,0.992877957,0.958477388,0.975262171,0.952735174
1.000724835,0.995010682,0.996050273,1.003399573,0.992696036,0.958789437,0.975422573,0.952701506
1.001653888,0.996687731,0.997040098,1.003760022,0.992877957,0.959156207,0.975586732,0.952707063
1.003388612,1.000792465,0.999915598,1.00412049,0.993423748,0.961619511,0.976089052,0.953684967
1.004999558,1.005559243,1.003549426,1.004661229,0.993605688,0.964542016,0.977298095,0.95494153
1.006459383,1.010296698,1.007090676,1.00520201,0.993969582,0.967535743,0.978335907,0.956198735
1.00857599,1.015707166,1.011345161,1.006103407,0.99506138,0.970516563,0.979372486,0.957563471
1.010309092,1.021144133,1.015364062,1.006103407,0.99506138,0.973398545,0.981104786,0.958814074
1.011919482,1.026455664,1.019463622,1.006644303,0.994515459,0.976286741,0.98266313,0.960091674
1.013536315,1.031894511,1.023568273,1.006824611,0.995243364,0.979193329,0.98404643,0.961461572
1.015692715,1.037359943,1.0276388,1.007004924,0.995425352,0.98211274,0.985086812,0.962663687
1.017720178,1.0428007,1.031678145,1.00790656,0.996335364,0.985018337,0.986632945,0.964135386
1.020151889,1.049923646,1.036661756,1.00790656,0.996699403,0.989224391,0.988367124,0.966104048
1.022579882,1.056935573,1.042032593,1.008447599,0.997609584,0.994009525,0.990796324,0.968721218
1.024733036,1.063938829,1.047269678,1.008808315,0.99815575,0.998767002,0.992876785,0.971289821
1.027305569,1.071671568,1.053425486,1.009890579,0.998337815,1.003866995,0.995134868,0.973813184
1.027964885,1.076431972,1.05714753,1.010792596,0.998519885,1.00850672,0.997210764,0.976304339
1.028631548,1.081159104,1.060885672,1.010792596,0.999430307,1.013202715,0.999294351,0.978834485
1.02927949,1.085852427,1.064585265,1.011514297,0.999976617,1.017898703,1.001890366,0.981331387
1.029805401,1.090618729,1.068402646,1.012236073,1.000705099,1.022576665,1.003281351,0.983758217
1.030744325,1.095404909,1.072241066,1.012957926,1.001615809,1.027327354,1.005707056,0.986345839
1.031248945,1.100427574,1.076909922,1.013499366,1.001797966,1.033263673,1.008664627,0.989782085
1.032196388,1.106505569,1.081852447,1.014401861,1.003437592,1.03981076,1.011966831,0.993618274
1.033404365,1.112506312,1.086773334,1.015485013,1.004348664,1.046385764,1.014922926,0.99723352
1.034203319,1.115792598,1.089590823,1.015846102,1.005077608,1.050662777,1.017707679,0.999969706
1.035005783,1.118373374,1.091767282,1.015846102,1.005806629,1.054503434,1.019271459,1.002265985
1.035540577,1.121014992,1.093858327,1.015846102,1.006718015,1.058300696,1.021007756,1.004618136
1.036071341,1.123662626,1.095985213,1.016026654,1.007082602,1.062190074,1.023449056,1.007001466
1.03701789,1.126260948,1.098124743,1.016387772,1.007994157,1.066028612,1.025010199,1.009390853
1.037559122,1.128865077,1.100273209,1.016748908,1.008905831,1.069916188,1.026580892,1.01182528
1.038781061,1.132309225,1.102633537,1.017110064,1.008905831,1.074323387,1.029198421,1.01487326
1.03918786,1.13542882,1.1052767,1.017471239,1.009452894,1.079150921,1.032691114,1.018274019
1.039861174,1.138444899,1.107817438,1.017471239,1.009270535,1.083983892,1.035472652,1.021791424
1.040385627,1.139675902,1.109388607,1.018374261,1.009635258,1.087642756,1.03721456,1.02447255
1.040649821,1.141188448,1.110672875,1.018374261,1.01,1.090636569,1.038435618,1.026522778
1.041462429,1.142759077,1.11200412,1.018735502,1.010182378,1.093584181,1.039821168,1.028613422
1.041590645,1.144331811,1.113401027,1.018554879,1.010729542,1.096585366,1.041393245,1.030673962
1.041725233,1.145794095,1.114695274,1.018374261,1.01091194,1.099588092,1.042789474,1.032676311
1.041589071,1.147314549,1.116037001,1.018554879,1.011094343,1.102560724,1.044879398,1.034790217
1.041989786,1.150135405,1.117607688,1.017651834,1.01127675,1.105871626,1.046102903,1.037479617
1.042934029,1.153586028,1.119059884,1.017651834,1.011641579,1.109290926,1.048191265,1.040475035
1.043341009,1.15693315,1.120574793,1.017832433,1.012006427,1.112753696,1.050285293,1.0433724
1.044148796,1.160004957,1.121204655,1.018013038,1.012736182,1.11497613,1.051680594,1.045513294
1.044279694,1.162171395,1.121656174,1.017832433,1.012371295,1.116507562,1.053429811,1.047190745
1.044679715,1.164341805,1.12212084,1.017110064,1.012188859,1.118047827,1.055001495,1.049124222
1.045488918,1.166630753,1.122627588,1.017471239,1.012371295,1.119514984,1.056743271,1.051143017
1.046032673,1.16898152,1.123090685,1.017651834,1.012188859,1.120983442,1.058497183,1.053015475
1.046565376,1.171336953,1.123653383,1.017290649,1.01127675,1.122523542,1.060601585,1.054815329
1.047108237,1.173639446,1.124387477,1.017471239,1.011824001,1.124595652,1.062003709,1.057114939
1.046950835,1.176061871,1.125233077,1.017471239,1.012006427,1.126829987,1.063932736,1.059626557
1.047347221,1.178547092,1.126032439,1.017110064,1.012006427,1.128963576,1.065856657,1.062116037
1.047209402,1.180168166,1.12660003,1.016748908,1.012371295,1.130635619,1.066734865,1.063930231
1.047596883,1.182139582,1.126894718,1.016748908,1.012918633,1.131836219,1.067084148,1.065465875
1.048401098,1.184288652,1.127300639,1.016568338,1.013466014,1.132959058,1.067603218,1.066818804
1.048399488,1.186325122,1.127698061,1.01620721,1.013830959,1.134054885,1.068830289,1.068290151
1.04893946,1.188481741,1.128151928,1.016387772,1.013648484,1.135122206,1.069880725,1.069988245
1.049475885,1.190525369,1.128551752,1.015846102,1.014195924,1.1363367,1.07058175,1.071521601
1.050132388,1.192221308,1.128891655,1.016026654,1.01492591,1.138084115,1.072337762,1.073546289
1.050675232,1.193743848,1.129349232,1.01620721,1.015473451,1.140000108,1.074263338,1.075425337
1.051213683,1.195268323,1.129745935,1.016026654,1.015655974,1.141919136,1.075490497,1.077432546
1.051616718,1.195326996,1.129972427,1.016748908,1.015655974,1.143507704,1.076545986,1.078905069
1.051475639,1.194916349,1.130313072,1.016929484,1.015290933,1.145001004,1.077777385,1.080142957
1.051333249,1.194447211,1.130540517,1.016568338,1.015655974,1.146508802,1.078476668,1.081266662
1.051179348,1.194036866,1.130717493,1.016929484,1.015473451,1.148010597,1.079173898,1.082354162
1.051586494,1.193568071,1.130894829,1.017110064,1.015473451,1.14947801,1.079692698,1.083597427
1.051313619,1.193158027,1.131065971,1.017110064,1.015290933,1.150916434,1.079690913,1.08460309
1.050901192,1.193275168,1.131355139,1.016748908,1.015473451,1.152446727,1.079512565,1.085803901
1.050479367,1.193392321,1.131646966,1.016748908,1.016021035,1.154028289,1.080911327,1.087523926
1.05046246,1.193450901,1.131820793,1.017290649,1.016386115,1.15560339,1.081260038,1.089181529
1.050461688,1.193626661,1.131824964,1.017110064,1.016203573,1.156515418,1.081955123,1.09048703
1.050854371,1.193626661,1.131853764,1.017110064,1.016568663,1.157372565,1.082470084,1.091436276
1.051235475,1.193626661,1.131799947,1.017110064,1.016568663,1.158248544,1.082818986,1.092448437
1.05136917,1.193568071,1.131820401,1.017651834,1.016568663,1.159155063,1.083867134,1.093458168
1.051771426,1.193685253,1.13189122,1.017832433,1.016933772,1.160092406,1.084745995,1.094423676
1.051621002,1.193685253,1.131836408,1.018013038,1.017298901,1.161000721,1.085449787,1.095394196
1.052572506,1.194799047,1.13206914,1.018193647,1.017481472,1.161825776,1.086154122,1.096600698
1.052664493,1.195209654,1.132240096,1.018193647,1.01784663,1.162812206,1.08720308,1.097853212
1.052800251,1.1956204,1.13242242,1.018916131,1.018029216,1.163727111,1.088257947,1.09923912
1.052903991,1.196324865,1.132664829,1.019096764,1.01784663,1.164096828,1.088250056,1.100083014
1.053693521,1.197382338,1.132835513,1.018916131,1.017481472,1.164157793,1.088420663,1.101043149
1.054097946,1.198381918,1.132969084,1.018735502,1.017116334,1.164384458,1.088765771,1.101823292
1.054230743,1.19955896,1.133197295,1.018374261,1.017116334,1.164577626,1.089290076,1.102689922
1.054351224,1.200501424,1.13331446,1.018193647,1.017116334,1.164699831,1.089280181,1.10346964
1.054885391,1.20156258,1.133430089,1.018193647,1.016933772,1.164821759,1.089622152,1.104306666
1.055146039,1.202565643,1.133497251,1.018013038,1.017116334,1.165388614,1.090482819,1.105334613
1.05514466,1.203037963,1.133350637,1.018013038,1.017298901,1.165761416,1.091007506,1.106293329
1.055277498,1.203510467,1.133184999,1.018554879,1.017481472,1.166005134,1.091880714,1.107384591
1.055403647,1.203392323,1.132846988,1.018374261,1.016386115,1.166433916,1.09311414,1.10804492
1.055228578,1.203097015,1.132628139,1.018193647,1.016021035,1.166693828,1.092757038,1.108478277
1.055090391,1.202978913,1.132458768,1.018013038,1.016021035,1.166941029,1.093284912,1.109153866
1.054806024,1.202860821,1.132290986,1.018013038,1.016021035,1.167316857,1.093986531,1.109635091
1.054668056,1.202742741,1.132011476,1.017651834,1.015290933,1.16761868,1.093619071,1.110119942
1.054390751,1.202624673,1.131729443,1.017651834,1.015473451,1.167929555,1.0941479,1.110730674
1.05285656,1.198617234,1.129085757,1.016748908,1.01492591,1.166865752,1.09308707,1.110852864
1.050540409,1.193450901,1.125716397,1.016387772,1.013466014,1.164872475,1.091847541,1.110620333
1.048491715,1.188481741,1.122355579,1.015485013,1.012918633,1.162883867,1.090425998,1.11050749
1.046156476,1.182429771,1.118779563,1.015846102,1.012553736,1.161025778,1.088821246,1.110116616
1.044104232,1.17692822,1.1152156,1.015485013,1.011459162,1.158987614,1.087229287,1.109403589
1.041656588,1.17162452,1.111890492,1.014943416,1.010729542,1.156961737,1.08599086,1.108806257
1.03947726,1.166287129,1.108366202,1.014582375,1.010182378,1.15492825,1.084732286,1.108396839
1.03688409,1.160859656,1.10496088,1.014401861,1.009817626,1.152957656,1.083670294,1.107918767
1.034972075,1.155570463,1.101613571,1.014762893,1.009635258,1.150926617,1.082435189,1.107380171
1.032523337,1.14878055,1.096912649,1.014221353,1.009088181,1.147324339,1.079963194,1.106067642
1.029511041,1.140964244,1.09173928,1.013499366,1.008905831,1.143035673,1.078194841,1.104407721
1.026382051,1.133199689,1.086760032,1.013499366,1.007994157,1.138766106,1.075181188,1.102799998
1.023803819,1.125486374,1.08191481,1.012777456,1.00744721,1.134096115,1.072541229,1.101133129
1.021090352,1.118318404,1.077353916,1.011875175,1.006900306,1.129684181,1.069376997,1.099133178
1.018652888,1.111194403,1.072726799,1.011694734,1.006535728,1.125337288,1.067267499,1.097354582
1.016080859,1.104113967,1.06817177,1.011153437,1.006718015,1.120893293,1.06428035,1.095643021
1.0140424,1.097238612,1.063516799,1.010792596,1.005988897,1.116538041,1.061818473,1.093862626
1.011598782,1.090243132,1.058935323,1.010070973,1.005259856,1.112257623,1.058833706,1.091864996
1.009569879,1.082703641,1.053957309,1.009529805,1.004530893,1.106809845,1.054968805,1.089210739
1.007002379,1.07526648,1.049159785,1.009349425,1.003619797,1.100994371,1.0521632,1.086438116
1.00443207,1.067930136,1.044383995,1.008627954,1.002708821,1.095250404,1.048657759,1.083497847
1.003188797,1.063938829,1.041750692,1.008627954,1.002344465,1.090669167,1.045853587,1.080985574
1.002781769,1.06111141,1.039805917,1.008447599,1.002708821,1.087087103,1.043572166,1.078990115
1.002491659,1.058134549,1.037902264,1.008627954,1.001615809,1.083468737,1.041995956,1.076831438
1.002044053,1.055217522,1.036055824,1.007365564,1.001069369,1.079909527,1.04024587,1.074796044
1.001366732,1.052359896,1.034107319,1.006644303,1.001433658,1.076326947,1.038313367,1.072868952
1.001084693,1.049354219,1.032112119,1.006464,1.000705099,1.072773498,1.035684548,1.070767999
1.000540871,1.045788911,1.029818203,1.006464,1.00015873,1.068551357,1.033410802,1.068203597
1.000134199,1.042286293,1.02737303,1.006103407,0.999612405,1.064250896,1.030786272,1.065372484
0.999322483,1.038743294,1.024887683,1.00538228,0.999066123,1.059957279,1.028153696,1.0623598
0.999448747,1.036540984,1.023531442,1.005562554,0.998884039,1.057192395,1.026387726,1.060339155
1.000111527,1.035467008,1.022730006,1.005562554,0.998337815,1.055125102,1.024640848,1.058616627
1.00050267,1.034394061,1.021877006,1.00538228,0.99815575,1.052976213,1.023748683,1.056922475
1.000771551,1.033220108,1.021069779,1.00520201,0.997609584,1.050824584,1.022525236,1.055196
1.00103703,1.032098347,1.020124793,1.005021745,0.997609584,1.0486649,1.020778463,1.053526573
1.001305115,1.031130458,1.019267241,1.004300732,0.997063461,1.046487474,1.019030848,1.051691549
1.001016079,1.029705622,1.018264858,1.004300732,0.997063461,1.043959333,1.017808274,1.049502705
1.000463081,1.02807946,1.017363533,1.003940254,0.997245497,1.041280226,1.016236762,1.047040745
1.000053104,1.026506372,1.016515577,1.004480978,0.997245497,1.038430857,1.014319053,1.044691973
0.999513207,1.02539133,1.015965862,1.004480978,0.996881429,1.036673685,1.01360741,1.043099127
0.999240357,1.024328012,1.015368036,1.004300732,0.997063461,1.035414446,1.012386333,1.041726112
0.999230919,1.023215147,1.014817082,1.004661229,0.997245497,1.034099145,1.011680578,1.040276699
0.999228146,1.022204415,1.014267014,1.00520201,0.997427538,1.032850852,1.011153205,1.038964914
0.999071802,1.021043206,1.013667543,1.00520201,0.997245497,1.031512113,1.010452331,1.037595473
0.998662606,1.020034444,1.013130387,1.00520201,0.99797369,1.030264162,1.009578072,1.036176808
0.997805703,1.018523014,1.012285958,1.005562554,0.99815575,1.028687673,1.008533024,1.034367498
0.997771468,1.016963359,1.011339371,1.005923118,0.99797369,1.027025257,1.007661958,1.032261327
0.997478137,1.015556518,1.010290615,1.005742834,0.998519885,1.025349353,1.007479336,1.030308669
0.997341782,1.014653061,1.00969465,1.00520201,0.998337815,1.024316637,1.006768189,1.028717529
0.996792753,1.013700209,1.009197256,1.00538228,0.99870196,1.023383567,1.006413182,1.02741693
0.996519013,1.012798262,1.008751066,1.00538228,0.99870196,1.022409607,1.005705042,1.026244279
0.996101856,1.011847003,1.008304568,1.004661229,0.998337815,1.021382622,1.005523267,1.024890824
0.995560814,1.010896559,1.007756257,1.004661229,0.99870196,1.020412858,1.005338258,1.023784063
0.995417604,1.009946929,1.00731002,1.004480978,0.998884039,1.01944842,1.004466029,1.02255398
0.995006499,1.008948199,1.006911317,1.005021745,0.999066123,1.018121914,1.00322877,1.020933549
0.994326568,1.007850635,1.006529156,1.00538228,0.998884039,1.016567947,1.003052017,1.019306519
0.993515466,1.006554917,1.006095053,1.00538228,0.999066123,1.015017769,1.002000497,1.017623583
0.993111251,1.005758306,1.005849593,1.00520201,0.99870196,1.013841756,1.001476731,1.01644423
0.992967418,1.005061743,1.005456173,1.00538228,0.998337815,1.012817182,1.000954687,1.015487682
0.993084486,1.004465037,1.005063276,1.004841484,0.998519885,1.011906163,1.000432472,1.014545717
0.993081345,1.003868654,1.004772645,1.004841484,0.998884039,1.011001006,0.9997352,1.013541034
0.993164163,1.003272593,1.004425848,1.00520201,0.999066123,1.009984462,0.999549981,1.01258847
0.993011975,1.002627223,1.003979176,1.00520201,0.999248213,1.009017413,0.999022539,1.011693036
0.99354589,1.002379105,1.003590781,1.004661229,0.999066123,1.007865724,0.998320824,1.010275165
0.993270409,1.001585499,1.003108162,1.004480978,0.999248213,1.006756394,0.997611829,1.008827061
0.992981516,1.000693375,1.002564366,1.004661229,0.999248213,1.005678687,0.996914823,1.007507518
0.992692674,1.000247584,1.002268125,1.004661229,0.998884039,1.004782021,0.997084877,1.006580452
0.99240956,0.99995049,1.002170599,1.005021745,0.999066123,1.004088085,0.997084382,1.005869916
0.992272439,0.999455511,1.002075493,1.005021745,0.99870196,1.003286311,0.996729979,1.005037007
0.991993783,0.999109158,1.002028523,1.005562554,0.999248213,1.002553427,0.996024724,1.004321182
0.99198882,0.998713459,1.001931229,1.006103407,0.999248213,1.001864868,0.995326262,1.003557248
0.991705527,0.998317902,1.00188181,1.006283701,0.999066123,1.001151712,0.995139435,1.002776708
0.991161243,0.998169605,1.001701038,1.006644303,0.999248213,1.000273822,0.994612031,1.001776868
0.990882561,0.998219035,1.001502985,1.007004924,0.999248213,0.998957392,0.993915626,1.000649879
0.99057678,0.998317902,1.001217781,1.006644303,0.99870196,0.997572513,0.993391871,0.999498869
0.990302374,0.998466219,1.000826099,1.006644303,0.99870196,0.996567425,0.993212927,0.998665923
0.990299183,0.998664007,1.000532366,1.006283701,0.998337815,0.99578465,0.992687673,0.998088473
0.990684245,0.99901022,1.000306568,1.006644303,0.998337815,0.995124174,0.992511125,0.99733133
0.991082615,0.999307061,1.000118357,1.006644303,0.99797369,0.994383929,0.991972717,0.996499813
0.991348104,0.999653476,0.999828599,1.006103407,0.998337815,0.993683363,0.991264355,0.995791576
0.991615027,0.999900982,0.999484646,1.006464,0.99815575,0.992982393,0.991785067,0.995071675
0.991208964,0.999554489,0.999039917,1.006103407,0.997791634,0.992410113,0.991248258,0.994217599
0.991165324,0.999109158,0.998848407,1.005923118,0.997609584,0.992001313,0.990718382,0.993223477
0.991000855,0.998713459,0.998805084,1.005742834,0.996881429,0.991420717,0.99054156,0.992310082
0.990578325,0.997971907,0.998716281,1.005742834,0.996699403,0.991105757,0.990190748,0.991716332
0.990966936,0.997774244,0.998816926,1.005923118,0.996517381,0.990788923,0.989837787,0.991060274
0.991219304,0.997527215,0.99892724,1.005923118,0.996335364,0.9904723,0.989660408,0.990586746
0.991753211,0.997329631,0.999033358,1.006283701,0.996517381,0.990209703,0.989135092,0.989994602
0.991607197,0.997033323,0.999183339,1.006283701,0.996699403,0.989903341,0.988438839,0.989387245
0.991713201,0.996885199,0.999296172,1.006283701,0.996517381,0.989596564,0.987742875,0.988784272
0.99130406,0.996687731,0.999348795,1.005742834,0.995971345,0.988987333,0.987907166,0.988131871
0.991567629,0.996342247,0.999311103,1.00520201,0.996335364,0.988617145,0.987211603,0.98747269
0.991565987,0.995996872,0.999279252,1.005021745,0.996153352,0.988228756,0.987021736,0.986816281
0.991430661,0.995454358,0.999528634,1.00538228,0.995971345,0.988021482,0.987020119,0.98637809
0.991818882,0.994714998,0.99977664,1.005562554,0.996335364,0.98825184,0.986488772,0.985892223
0.991813019,0.993877656,0.999975606,1.006103407,0.997063461,0.988541706,0.986485397,0.985527356
0.991804827,0.993040952,1.000278467,1.005923118,0.996881429,0.988823341,0.986485123,0.985092286
0.992203567,0.99240155,1.000485019,1.006824611,0.99815575,0.989117174,0.986132154,0.984560551
0.991790442,0.991615103,1.000636539,1.006464,0.998337815,0.989372936,0.985956528,0.984278936
0.991650685,0.990976529,1.000439903,1.006824611,0.998337815,0.989161498,0.985952859,0.983791483
0.991646268,0.990142032,1.000500483,1.007185241,0.99815575,0.989002956,0.985948265,0.983135552
0.991511166,0.989406237,1.000601304,1.006464,0.99815575,0.988860561,0.984902348,0.982432504
0.991901736,0.989357202,1.000703192,1.006824611,0.99870196,0.9884921,0.984554464,0.982048092
0.992169516,0.989259138,1.000560125,1.007365564,0.998884039,0.988018406,0.984548104,0.981719508
0.992434958,0.989259138,1.000512266,1.007545891,0.999248213,0.987627592,0.984351742,0.98134294
0.992161737,0.989161082,1.000318127,1.007545891,0.999430307,0.987159472,0.984172743,0.981019551
0.992151693,0.989014015,1.000123516,1.007365564,0.999612405,0.986781295,0.984169954,0.980856694
0.992013419,0.988964997,1.000035183,1.007365564,0.999066123,0.986280321,0.983983499,0.980478571
0.991874874,0.988817957,0.999688957,1.00790656,0.999430307,0.985647766,0.983288599,0.979988064
0.991868751,0.988621933,0.999248051,1.00790656,0.998884039,0.985033063,0.982591484,0.979445129
0.991866579,0.988425945,0.998855825,1.008447599,0.999066123,0.98443412,0.982416854,0.979146116
0.992393752,0.988181009,0.998460883,1.008447599,0.999248213,0.984118236,0.981717986,0.978763824
0.992242917,0.988132028,0.998174253,1.008086901,0.998884039,0.98349507,0.981367712,0.978382433
0.992757568,0.98808305,0.997878221,1.008808315,0.999430307,0.982998929,0.980491655,0.977946895
0.993020595,0.988034073,0.997486065,1.008627954,0.999976617,0.982514049,0.979797657,0.977610873
0.99260386,0.987887158,0.997094329,1.008447599,0.999794509,0.98202339,0.979436938,0.97740413
0.992737241,0.98783819,0.99684877,1.008627954,0.999430307,0.981509935,0.979084982,0.977092409
0.992451504,0.98808305,0.996853048,1.008267247,0.999248213,0.980778384,0.979077746,0.976738087
0.991824324,0.987985099,0.997005783,1.007726223,0.99815575,0.979964828,0.979240388,0.976247651
0.991920397,0.987936127,0.997356638,1.007726223,0.997609584,0.97914386,0.979065083,0.975759755
0.991917819,0.987789225,0.997824694,1.007185241,0.997791634,0.978722414,0.978539136,0.975379395
0.992049157,0.98783819,0.99823103,1.007185241,0.997245497,0.978206264,0.978359756,0.975054678
0.991909881,0.987740261,0.998586801,1.007365564,0.996699403,0.977689482,0.978359518,0.974792736
0.9919082,0.987691301,0.998996039,1.007185241,0.995789342,0.97722146,0.97835921,0.974567718
0.99150298,0.987691301,0.999345384,1.006464,0.995971345,0.976750888,0.978006887,0.974307541
0.991346089,0.987544431,0.999601053,1.007004924,0.995971345,0.976345947,0.97783156,0.97404898
0.991324241,0.987544431,0.999758187,1.007185241,0.995607345,0.975899657,0.977655442,0.973561381
0.990646244,0.987201811,0.999613062,1.007004924,0.995243364,0.975393658,0.977133573,0.972926127
0.990490045,0.986957148,0.99931829,1.006644303,0.99506138,0.974948588,0.976928523,0.972412574
0.990483358,0.986761457,0.999272179,1.00538228,0.994515459,0.97461753,0.976569063,0.972079971
0.990465334,0.986516892,0.999273155,1.004480978,0.994333495,0.974281679,0.9767309,0.971886071
0.990322752,0.98632128,0.999377839,1.003399573,0.993969582,0.974016783,0.976900228,0.971519344
0.990166316,0.986125703,0.999429306,1.003940254,0.993605688,0.973604759,0.97672336,0.971310796
0.98987372,0.985979043,0.99957949,1.00412049,0.993423748,0.973361021,0.977238312,0.971076962
0.989595067,0.985832402,0.999636291,1.003940254,0.993241812,0.973124307,0.977579413,0.970898742
0.989590298,0.985441457,0.999641532,1.003940254,0.993059882,0.972716742,0.977052954,0.970475831
0.989723176,0.985197187,0.999645448,1.003399573,0.992696036,0.972419306,0.977564882,0.969991535
0.989566541,0.984904135,0.999497172,1.002678731,0.992696036,0.972165363,0.977387107,0.969451996
0.989962743,0.984269457,0.99906005,1.003039142,0.993059882,0.972084231,0.976337188,0.968917769
0.990092892,0.98387907,0.998420928,1.003039142,0.993059882,0.972089044,0.976155617,0.968617633
0.989947853,0.983391281,0.997682664,1.003219355,0.993423748,0.972172714,0.975979454,0.968250449
0.98993017,0.982952457,0.997141072,1.003579795,0.993423748,0.972230639,0.975451926,0.967987991
0.989384563,0.982465081,0.996510415,1.003219355,0.993423748,0.97233137,0.975623393,0.967668669
0.988968893,0.982026628,0.995920751,1.003579795,0.993787632,0.972458385,0.975622418,0.967406461
0.989087523,0.982513809,0.995334259,1.003760022,0.994333495,0.972304767,0.975100978,0.966847633
0.989081158,0.982221475,0.995040092,1.003579795,0.993787632,0.97225733,0.974575287,0.966214056
0.988810079,0.981977922,0.994708341,1.003219355,0.993787632,0.972215333,0.973708053,0.965644383
0.988531111,0.981685731,0.994618279,1.003039142,0.993969582,0.972172614,0.973700283,0.965400151
0.988913034,0.981734424,0.994819316,1.003579795,0.994151536,0.97219202,0.973517943,0.965154638
0.988767705,0.98163704,0.995029432,1.003760022,0.99506138,0.972143306,0.972994922,0.964891048
0.988629755,0.981588351,0.995235457,1.004480978,0.995243364,0.972102248,0.973163736,0.964712611
0.988609156,0.98163704,0.995534798,1.00538228,0.995243364,0.972007112,0.97333102,0.964358586
0.988331898,0.981734424,0.995736033,1.005562554,0.995243364,0.97196172,0.972977852,0.964040987
0.988459312,0.981734424,0.996101649,1.005021745,0.995425352,0.971976133,0.972623979,0.963507717
0.988859046,0.98163704,0.996156296,1.00520201,0.995607345,0.971895416,0.972277336,0.962977395
0.988858009,0.981490981,0.996170747,1.004661229,0.995425352,0.971664266,0.972443649,0.962518449
0.988989425,0.981588351,0.996324723,1.004480978,0.99506138,0.971572442,0.973133602,0.962283915
0.988983963,0.981588351,0.996429824,1.005021745,0.995425352,0.971331724,0.972433439,0.961907359
0.989117528,0.981588351,0.996580103,1.005562554,0.995607345,0.971004062,0.972427249,0.961695484
0.988670633,0.98163704,0.996744137,1.006103407,0.995243364,0.970812135,0.972596702,0.961521453
0.988774287,0.98163704,0.996991576,1.005742834,0.995243364,0.970609002,0.97242326,0.961198953
0.988908633,0.981831817,0.997239407,1.005923118,0.995243364,0.970298476,0.972421687,0.960938062
0.989026949,0.981977922,0.997297522,1.006103407,0.99506138,0.970106945,0.972936789,0.96047163
0.989272919,0.982221475,0.997199202,1.006824611,0.995425352,0.969667368,0.972585861,0.959999353
0.989540452,0.982465081,0.997105025,1.006644303,0.995243364,0.969206053,0.972398082,0.959567493
0.989259611,0.981734424,0.996962893,1.006644303,0.99506138,0.968893319,0.973088635,0.959337836
0.989245354,0.981831817,0.99658446,1.006824611,0.99506138,0.968480682,0.973426146,0.959018794
0.989372199,0.981831817,0.996142348,1.006824611,0.99506138,0.96803418,0.973771874,0.958837519
0.98950152,0.98178312,0.995702183,1.007004924,0.994879402,0.967628402,0.97359381,0.958514289
0.989565898,0.981880517,0.995214297,1.006824611,0.994515459,0.967234627,0.973760869,0.958150962
0.989554444,0.981929218,0.994879796,1.006464,0.994151536,0.966893295,0.973413559,0.957731923
0.98954921,0.982026628,0.99439001,1.006283701,0.994151536,0.966435417,0.973412475,0.957304024
0.989682609,0.981977922,0.993753844,1.00538228,0.993787632,0.965973236,0.972533637,0.956822316
0.989411728,0.981685731,0.99306873,1.00520201,0.993969582,0.965532976,0.972531217,0.956402089
0.989275155,0.98163704,0.992336915,1.00538228,0.993787632,0.965073797,0.972523251,0.956047269
0.988871491,0.981588351,0.991848563,1.00520201,0.993423748,0.964779863,0.97251766,0.955738828
0.9880017,0.981539665,0.991461903,1.00538228,0.993787632,0.964488926,0.971994169,0.955373008
0.987951408,0.981539665,0.990972624,1.00520201,0.994151536,0.964185649,0.971820684,0.955057161
0.987800626,0.981539665,0.990584239,1.005021745,0.993969582,0.963899726,0.971810942,0.954953881
0.987377048,0.98115025,0.99024469,1.004480978,0.993423748,0.963615601,0.971289502,0.954530561
0.987778459,0.98115025,0.990004932,1.00412049,0.993605688,0.963115765,0.972138067,0.95426478
0.987902828,0.98119892,0.989769147,1.004841484,0.993969582,0.962671332,0.97231021,0.954059577
0.988154418,0.98115025,0.989526517,1.004661229,0.993969582,0.962168403,0.97195585,0.953689657
0.987883938,0.981004256,0.989331534,1.004480978,0.994151536,0.961665522,0.97142479,0.953516151
0.988017768,0.980809626,0.989437612,1.00412049,0.994151536,0.961495123,0.971242078,0.953419683
0.988279147,0.980712325,0.989437794,1.003760022,0.994697428,0.961143277,0.970888347,0.953167523
0.988139685,0.980517747,0.989439888,1.003579795,0.994515459,0.960941483,0.970191782,0.952907924
0.988126337,0.979837,0.989157448,1.003940254,0.994515459,0.960489688,0.970535438,0.952759133
0.988237721,0.9793996,0.989011596,1.003760022,0.994515459,0.960399283,0.970187222,0.952455191
0.988227258,0.978913806,0.98882223,1.003940254,0.994697428,0.960296924,0.970351669,0.952262043
0.988080735,0.978379682,0.988675799,1.003579795,0.994333495,0.960150046,0.970695492,0.952107053
0.988059203,0.977845819,0.988386878,1.004480978,0.994333495,0.959945635,0.971033033,0.951953478
0.987923507,0.977215227,0.988256992,1.004661229,0.993787632,0.959941353,0.971032152,0.951807672
0.987640879,0.976730404,0.988165823,1.005021745,0.993605688,0.959906496,0.971030587,0.951636976
0.987908146,0.976342701,0.988173196,1.005021745,0.993605688,0.959870582,0.970849476,0.951541852
0.98776714,0.975712977,0.987689194,1.005021745,0.993605688,0.959313964,0.97101608,0.951176236
0.994610179,0.98344005,0.992292661,1.005923118,0.994333495,0.961126474,0.971013671,0.951777966
1.001585796,0.991172974,0.996914622,1.007185241,0.994697428,0.962906,0.971525037,0.952377244
1.007925345,0.998960754,1.001563767,1.008267247,0.994879402,0.964630738,0.972040209,0.952984061
1.014539781,1.006903615,1.006186352,1.009349425,0.99506138,0.966397357,0.972897074,0.953321064
1.0211698,1.015255284,1.010926278,1.010792596,0.995971345,0.968304202,0.973932869,0.953922924
1.027670655,1.02331627,1.015440216,1.011694734,0.996881429,0.970300411,0.973575444,0.954415813
1.034176438,1.031334155,1.019974954,1.01259699,0.997427538,0.972246062,0.973745394,0.954901326
1.041777633,1.048526476,1.031102995,1.014221353,0.999430307,0.980145945,0.97963769,0.958896312
1.049925114,1.067509337,1.043639753,1.016387772,1.001980127,0.989977667,0.986565935,0.963825479
1.057827377,1.08686829,1.056234322,1.018735502,1.004348664,0.999855364,0.993680345,0.968727201
1.065433396,1.10645116,1.069046784,1.021084042,1.006171169,1.009961909,1.001148545,0.973470824
1.073352719,1.126426996,1.082076168,1.023252642,1.009270535,1.020048046,1.008279013,0.978453712
1.081423762,1.147314549,1.095550023,1.024517977,1.011824001,1.03038061,1.015072871,0.983393303
1.089217068,1.168407733,1.109149503,1.026326006,1.014378413,1.040476279,1.022046599,0.988464342
1.09732176,1.189999532,1.123110252,1.027953641,1.016751215,1.050682982,1.02850684,0.993335713
1.105561241,1.214966117,1.138800172,1.030305356,1.020768587,1.064655643,1.038469746,1.000775559
1.114517589,1.241250804,1.155185645,1.03193394,1.02424002,1.079973578,1.050015654,1.009054063
1.123626494,1.268237455,1.171773034,1.033743935,1.028444619,1.095378809,1.060886292,1.017360928
1.132894702,1.295698928,1.188565716,1.035554409,1.032468808,1.110998233,1.072827501,1.025895087
1.141898572,1.323777215,1.205750133,1.037908743,1.035946133,1.126726479,1.083740389,1.034188049
1.15074645,1.352759805,1.223644646,1.039901506,1.039608367,1.143232643,1.095004827,1.042961246
1.152964228,1.370875887,1.23541333,1.041169931,1.042539554,1.157174048,1.106130622,1.050828806
1.155464509,1.389181941,1.247262166,1.042076093,1.045655303,1.171328416,1.117098875,1.058836547
1.158520258,1.409280456,1.260119759,1.043888777,1.049872966,1.188353216,1.130212237,1.068656278
1.16143871,1.429834291,1.273409403,1.044976618,1.053909662,1.206049522,1.14352729,1.079483645
1.164221946,1.450642121,1.286639957,1.046245986,1.057765071,1.223917126,1.15722428,1.090318088
1.166990955,1.471854255,1.300161823,1.047152821,1.061071419,1.242122211,1.171661665,1.101174409
1.169355626,1.4933339,1.313787931,1.048059776,1.064563169,1.260455239,1.185957235,1.112170665
1.170739,1.501888281,1.318813236,1.048241182,1.066217771,1.271711702,1.194357615,1.119444778
1.172133699,1.508470972,1.322314764,1.047878376,1.068056682,1.280724678,1.201883206,1.125731557
1.173365506,1.515161116,1.325835563,1.047878376,1.069528162,1.289774783,1.209221503,1.132109586
1.175309421,1.522641833,1.329498341,1.048241182,1.072104006,1.300285741,1.217477076,1.140397078
1.177262857,1.529706759,1.333050191,1.048966852,1.073944481,1.311461788,1.226649463,1.149084867
1.178918692,1.536884946,1.336606126,1.0496926,1.076337831,1.322848273,1.235475297,1.157896836
1.181153928,1.544100924,1.340097178,1.050236961,1.078732008,1.334259437,1.245376455,1.166706857
1.182688251,1.551277618,1.34345561,1.051325813,1.081127013,1.345691255,1.255310674,1.175683098
1.183666186,1.554453454,1.344903075,1.051688802,1.082232679,1.352746703,1.260914356,1.181894632
1.185202452,1.556859559,1.345797552,1.052233322,1.083522846,1.358386861,1.265620183,1.187237767
1.186311642,1.559269865,1.346840209,1.052414839,1.084997617,1.3640496,1.27086452,1.192698195
1.18785015,1.561840303,1.348014857,1.052959417,1.086472701,1.370568337,1.276661328,1.199221007
1.189388184,1.564649876,1.348849078,1.053867143,1.088685917,1.377411863,1.283372231,1.206346697
1.190783456,1.567386881,1.349677267,1.05477499,1.09071532,1.384125113,1.289727639,1.213504251
1.192028735,1.570050872,1.350442551,1.055319755,1.092745316,1.390948478,1.296084869,1.220642088
1.193149702,1.57279857,1.351415111,1.055864565,1.094037442,1.397810436,1.302448836,1.227612254
1.193554336,1.57382053,1.351416535,1.055864565,1.09514517,1.401709969,1.30645443,1.232687964
1.194246305,1.574528482,1.35121075,1.056046177,1.095883753,1.404846301,1.310092603,1.236866512
1.195073171,1.575315518,1.351006634,1.056227795,1.096622415,1.408119669,1.3133727,1.240967449
1.195351594,1.575945468,1.350394571,1.056772677,1.098284693,1.411906915,1.317180091,1.246333317
1.196460104,1.576890929,1.349858377,1.057317602,1.099208353,1.416085348,1.320815226,1.251945303
1.197425266,1.577915903,1.349237978,1.057499253,1.100686464,1.420171708,1.324822332,1.257618164
1.19865447,1.578862705,1.348755654,1.058407582,1.10198007,1.424278165,1.328841302,1.263238796
1.199495269,1.579652198,1.348136356,1.058589262,1.103273918,1.428327428,1.332845764,1.268961231
1.199775521,1.579731172,1.347452526,1.058407582,1.103643633,1.430789058,1.336134339,1.2729128
1.199911569,1.58020511,1.346906342,1.058225907,1.104568006,1.432683595,1.338323931,1.276307525
1.200467481,1.580600181,1.346371226,1.058407582,1.10493779,1.434428395,1.340333971,1.279511823
1.200461056,1.580837278,1.345763031,1.058589262,1.104752896,1.43639316,1.34289732,1.28359316
1.201383626,1.581074415,1.344940065,1.058044236,1.105307594,1.438723575,1.346001088,1.287932838
1.202356178,1.58115347,1.344049722,1.058044236,1.10604726,1.441000771,1.349117017,1.292323001
1.202774823,1.58115347,1.343383508,1.058225907,1.106787005,1.443330843,1.351676689,1.296662419
1.203475671,1.58115347,1.342567787,1.058407582,1.106971954,1.445669531,1.354606912,1.300860678
1.203407745,1.581074415,1.341677608,1.058952637,1.107526829,1.447221615,1.356071261,1.303980392
1.203821899,1.580837278,1.341079086,1.059134332,1.107341866,1.448504426,1.357718142,1.306572801
1.204516827,1.580600181,1.340404041,1.058407582,1.107156907,1.449829911,1.359003239,1.308976545
1.204917304,1.580521158,1.339588964,1.058225907,1.106971954,1.451226831,1.361017942,1.312180921
1.20543673,1.580600181,1.338565797,1.057680909,1.107156907,1.452556818,1.362851963,1.315662096
1.20599664,1.580679209,1.337549507,1.057135955,1.106787005,1.453753335,1.36504997,1.318936452
1.205984111,1.580758241,1.336533112,1.057317602,1.106787005,1.455157889,1.36742643,1.322234054
1.206264772,1.58091632,1.335519332,1.057135955,1.106971954,1.456393108,1.369079067,1.325602412
1.20695267,1.581232529,1.334911121,1.057317602,1.106602062,1.456997088,1.370182174,1.327738915
1.207223298,1.581311593,1.334299483,1.057135955,1.106787005,1.457368395,1.371651325,1.329749882
1.207223276,1.581390661,1.333833436,1.057499253,1.106971954,1.457742958,1.373489432,1.331684517
1.206940214,1.580758241,1.332956023,1.057317602,1.106417123,1.45826021,1.375139979,1.333899133
1.207497343,1.580600181,1.332345872,1.056954313,1.106417123,1.458898031,1.376603742,1.336269174
1.207914851,1.580363125,1.33161079,1.057317602,1.106971954,1.459501125,1.377697348,1.338559191
1.208746053,1.58020511,1.330932529,1.057317602,1.107156907,1.460113398,1.379330974,1.340996675
1.209308276,1.580047113,1.33032204,1.058044236,1.107526829,1.460778332,1.381536239,1.343477957
1.209729476,1.579968121,1.329717489,1.05786257,1.108081749,1.461305443,1.382087877,1.345007023
1.209827089,1.580047113,1.32938955,1.058225907,1.108821711,1.461454722,1.383007743,1.346412378
1.21010278,1.58020511,1.329073338,1.058589262,1.109191722,1.46167892,1.38392826,1.347813922
1.209938346,1.580442139,1.328538268,1.058225907,1.109006714,1.461915933,1.385399599,1.34949574
1.210640379,1.580758241,1.328204855,1.058589262,1.109006714,1.462224495,1.386685793,1.351394205
1.210753365,1.58091632,1.327734872,1.058044236,1.109006714,1.462455497,1.387974224,1.353074358
1.211032705,1.581311593,1.327339145,1.057499253,1.109006714,1.462687738,1.388893633,1.354901727
1.211732242,1.581548811,1.327001324,1.057680909,1.109561752,1.463060401,1.389997705,1.356728062
1.212143523,1.581548811,1.326802228,1.05786257,1.109931802,1.463214274,1.390542608,1.357791012
1.212418532,1.581548811,1.326738188,1.058225907,1.110116835,1.463574249,1.3910947,1.358702859
1.212554664,1.581469734,1.326674585,1.058589262,1.110486914,1.463944563,1.391454991,1.359694336
1.209389658,1.579099506,1.324717211,1.056954313,1.109376735,1.463505351,1.389978416,1.360784383
1.203627316,1.57279857,1.319067434,1.055501354,1.106417123,1.461075546,1.386098723,1.361210623
1.197309209,1.566369648,1.313443189,1.052959417,1.103089067,1.458575147,1.382041122,1.361788469
1.19153456,1.560204017,1.307918527,1.051507305,1.099947369,1.456164278,1.378158398,1.362143333
1.185786075,1.55398824,1.302283854,1.049329716,1.096622415,1.453670095,1.373553457,1.362637109
1.180174825,1.54841789,1.297006789,1.047878376,1.094037442,1.451117945,1.368764086,1.362808961
1.173998753,1.54248555,1.291623808,1.046608705,1.091084366,1.44855922,1.364346145,1.362706987
1.165483653,1.528412588,1.280873572,1.044070072,1.086288299,1.44054398,1.354246181,1.360123311
1.156986155,1.512751875,1.269387158,1.041169931,1.081495548,1.431341021,1.343429383,1.35690706
1.148642493,1.497343995,1.258146499,1.037908743,1.076521969,1.42221579,1.332075075,1.353832893
1.140304765,1.482183406,1.247020946,1.035192276,1.072472062,1.413147654,1.321469768,1.350633228
1.13157262,1.467046574,1.235950921,1.032476888,1.067137165,1.404040694,1.31015013,1.347503252
1.123385945,1.452151252,1.225048909,1.02976258,1.06199013,1.394994509,1.299584759,1.344412959
1.114807072,1.4372789,1.21425768,1.026868508,1.057030542,1.385927405,1.288298631,1.340961505
1.105428468,1.422501828,1.203512435,1.0237949,1.052258001,1.376913815,1.277041829,1.337433025
1.096067455,1.403724112,1.191029302,1.021806832,1.047855502,1.364568896,1.263627247,1.331646021
1.086572393,1.384256721,1.177918367,1.019277401,1.04290604,1.35075072,1.250058045,1.325116076
1.076947375,1.365346885,1.165037107,1.016748908,1.037410794,1.337023727,1.236883518,1.318620634
1.067087781,1.346644997,1.152364662,1.014582375,1.032102876,1.323456757,1.22336548,1.312207447
1.057781032,1.328213348,1.139733001,1.011875175,1.026981859,1.310016335,1.209511516,1.305548318
1.048782455,1.310110543,1.127247534,1.009349425,1.02149927,1.296641792,1.195520828,1.298921197
1.043057336,1.293980628,1.116356051,1.008267247,1.017664049,1.284052511,1.183347961,1.292517774
1.040061145,1.281262696,1.108719277,1.007185241,1.015655974,1.273366156,1.174406063,1.286553552
1.03691798,1.266867763,1.100163475,1.007004924,1.014013439,1.260400833,1.164411474,1.278663959
1.033216282,1.251839227,1.091458418,1.006464,1.012188859,1.246401359,1.153360284,1.270102788
1.029682259,1.236992367,1.082936343,1.006283701,1.01,1.232541454,1.142859746,1.261596156
1.025470487,1.222323908,1.074432764,1.00538228,1.00762952,1.218792769,1.132733923,1.253041592
1.021676062,1.207771369,1.065949887,1.00412049,1.005806629,1.205174184,1.121727937,1.244545162
1.020585016,1.199735616,1.062001281,1.003940254,1.005259856,1.196298594,1.116764324,1.23855703
1.018934156,1.193040897,1.058641532,1.004300732,1.004530893,1.18844824,1.1119726,1.232943124
1.017032341,1.186266889,1.055238125,1.004480978,1.00398422,1.180596297,1.107549526,1.227395339
1.015133749,1.178489237,1.051481438,1.003940254,1.002708821,1.171814035,1.102414191,1.220456685
1.014045076,1.170129928,1.047537407,1.003399573,1.001980127,1.162627417,1.096761877,1.212888736
1.01215148,1.161772016,1.043550721,1.003039142,1.001615809,1.15348096,1.090585272,1.2051738
1.010506317,1.153586028,1.03963186,1.003039142,1.000887231,1.144396306,1.085120245,1.197733081
1.009153457,1.145400224,1.035780617,1.003219355,1.00015873,1.135381003,1.079657357,1.190349419
1.008602885,1.140684049,1.033536958,1.002858934,0.999794509,1.129292736,1.076662518,1.185136354
1.00778405,1.136656655,1.031902906,1.002858934,0.999248213,1.124593401,1.073845972,1.180506075
1.006695093,1.132587422,1.030336104,1.003039142,0.999612405,1.119935905,1.071203091,1.176144433
1.006286984,1.127368378,1.028095838,1.002318339,0.999612405,1.114651352,1.067862365,1.170292224
1.005068958,1.121952007,1.025964527,1.001957966,0.999612405,1.108943382,1.064698088,1.164392915
1.003848418,1.11656074,1.023846193,1.001957966,0.999612405,1.103298252,1.061532189,1.158460539
1.003007067,1.111194403,1.021776789,1.002318339,0.999248213,1.097601939,1.058546822,1.152428467
1.001653163,1.105907204,1.019608359,1.001777787,0.998519885,1.091917193,1.05466206,1.146423178
1.000938901,1.102215087,1.018408143,1.001777787,0.998519885,1.088450032,1.052377984,1.142152974
1.000662154,1.099129303,1.017310028,1.001057117,0.99797369,1.085904044,1.050791961,1.138676361
0.999984121,1.096051765,1.016258665,1.001057117,0.99815575,1.083415488,1.04921032,1.135147357
0.999710668,1.092391054,1.014757927,1.000696811,0.998337815,1.080250378,1.047104806,1.130795022
0.999436026,1.088741976,1.013406076,1.000876962,0.997791634,1.077096988,1.045002371,1.126213637
0.99875462,1.085104473,1.011962514,1.000516665,0.997427538,1.07402475,1.042900359,1.121519388
0.99875376,1.08163822,1.01062076,1.000336523,0.997063461,1.07089868,1.04097435,1.116890502
0.998592193,1.078129362,1.009285511,1.000156387,0.996881429,1.067820333,1.039223335,1.112091874
0.998724231,1.075637189,1.00840281,1.000876962,0.997427538,1.065695626,1.037823174,1.108814918
0.998720988,1.07383773,1.00760864,1.001597612,0.99797369,1.064040262,1.03729519,1.106214228
0.998981085,1.072041109,1.006863836,1.00213815,0.998519885,1.06237245,1.036764395,1.103552545
0.999115478,1.069825662,1.006025022,1.002318339,0.998519885,1.060272805,1.035710142,1.100166833
0.998842347,1.066878431,1.005182151,1.00213815,0.998337815,1.058106355,1.033784834,1.096400296
0.998134358,1.063886405,1.004439945,1.001597612,0.997791634,1.055960107,1.032559532,1.092675239
0.997863195,1.060954538,1.003646172,1.001417442,0.99797369,1.053808439,1.030462035,1.088897999
0.997581056,1.05803024,1.002921752,1.001597612,0.997245497,1.051570892,1.028536833,1.08514507
0.997437062,1.056206384,1.002627344,1.001957966,0.997609584,1.049970805,1.027312575,1.082623347
0.997411021,1.05448944,1.002386353,1.002498533,0.997427538,1.048817481,1.026788304,1.080338941
0.997131775,1.052775102,1.002090563,1.002858934,0.99797369,1.047676396,1.026078717,1.078357124
0.996321896,1.051063363,1.001846006,1.002678731,0.99815575,1.045992393,1.024504649,1.075583208
0.996320025,1.049302468,1.001648422,1.003219355,0.998519885,1.044181151,1.023978958,1.072609598
0.996041561,1.04749265,1.001254817,1.002858934,0.99797369,1.042286352,1.022580075,1.069702427
0.995367361,1.045685737,1.000958646,1.003039142,0.99815575,1.040420826,1.021706381,1.066797229
0.995358949,1.043933225,1.000565233,1.002858934,0.99797369,1.038620472,1.02083053,1.063790264
0.995082192,1.042749249,1.000620434,1.002858934,0.997791634,1.037383942,1.019071616,1.061688049
0.994935372,1.041669316,1.000577688,1.003219355,0.99797369,1.036137804,1.018890058,1.060021841
0.994934248,1.04053907,1.000578921,1.003760022,0.99797369,1.034774378,1.017841963,1.058122852
0.994384512,1.038897105,1.000091346,1.003760022,0.997791634,1.033249725,1.017134725,1.056060569
0.994232251,1.037923325,0.999654129,1.003760022,0.997609584,1.031508166,1.015562611,1.053720245
0.993961646,1.036899205,0.999269061,1.003760022,0.997245497,1.0297843,1.014689088,1.051425475
0.993684938,1.035876021,0.998924623,1.003579795,0.996699403,1.028118173,1.013292783,1.049015598
0.993270175,1.034955953,0.998631914,1.003039142,0.996153352,1.026429719,1.011887792,1.046667907
0.993269201,1.034394061,0.998385421,1.003219355,0.996881429,1.025155191,1.011185123,1.045071942
0.993513618,1.034547277,0.998046446,1.003579795,0.997063461,1.023950933,1.01100646,1.043710634
0.993768954,1.034751596,0.997703299,1.003760022,0.996881429,1.022711324,1.01047883,1.042226889
0.993483475,1.033934542,0.997473873,1.00412049,0.996881429,1.021200723,1.010297949,1.040457802
0.993478402,1.033016068,0.996985155,1.003579795,0.996881429,1.019818616,1.009598274,1.038348485
0.99265482,1.032098347,0.996649383,1.002858934,0.996153352,1.018427875,1.009069905,1.036298932
0.992512961,1.031334155,0.99626351,1.002498533,0.996335364,1.017015316,1.008198853,1.034373229
0.992491784,1.030417813,0.995886855,1.00213815,0.995425352,1.015575382,1.007327151,1.032215809
0.993026848,1.029603918,0.995512283,1.002498533,0.995425352,1.014720958,1.006798582,1.03080124
0.992736555,1.028841429,0.995121477,1.002858934,0.995607345,1.013991011,1.006440296,1.029733282
0.992596965,1.02807946,0.9948801,1.002858934,0.995425352,1.0133024,1.005736511,1.02866297
0.99313172,1.027368759,0.994732806,1.002858934,0.995607345,1.012722227,1.005213489,1.027252889
0.992825788,1.026100773,0.994488522,1.003039142,0.995971345,1.012079466,1.004168892,1.025844381
0.992417065,1.024884862,0.994299562,1.003039142,0.996153352,1.011630962,1.005029545,1.024378812
0.992093465,1.023619696,0.994113094,1.002678731,0.995971345,1.011150548,1.004679334,1.022751949
0.991552719,1.022305447,0.993867988,1.002678731,0.996153352,1.010675213,1.004156078,1.021290795
0.991264861,1.021446968,0.994068843,1.002858934,0.996517381,1.010407333,1.003969387,1.020023255
0.990984368,1.01998403,0.994219016,1.002858934,0.996699403,1.010353768,1.004485117,1.019240519
0.990714782,1.018573362,0.994222023,1.002678731,0.996517381,1.010257101,1.003957654,1.018295256
0.9906971,1.017566837,0.994028391,1.002318339,0.997063461,1.009780962,1.003427577,1.017129157
0.990289314,1.016259716,0.993883584,1.002678731,0.997609584,1.009226438,1.003423644,1.015839946
0.98988215,1.014903948,0.993689893,1.00213815,0.997245497,1.008587411,1.003069585,1.014451973
0.989066124,1.013549834,0.993551678,1.002318339,0.997245497,1.007900236,1.002517698,1.013180904
0.988383724,1.012197372,0.993455145,1.002678731,0.997245497,1.00726211,1.001816341,1.011895287
0.988240934,1.011847003,0.993220785,1.00213815,0.997427538,1.006894974,1.001984157,1.01111636
0.987971059,1.011496744,0.993178887,1.002858934,0.99797369,1.00653859,1.001803547,1.010413847
0.987970382,1.011246627,0.993113978,1.003219355,0.99815575,1.006123198,1.001802666,1.009803866
0.987963263,1.0105466,0.992871535,1.003399573,0.99797369,1.005348044,1.001961172,1.008758999
0.987672591,1.009946929,0.99301877,1.003219355,0.99797369,1.004623551,1.001610998,1.007655361
0.987535722,1.009347583,0.993131175,1.002678731,0.998337815,1.003931742,1.001434906,1.006725633
0.987797706,1.008698657,0.993180819,1.002678731,0.997791634,1.003235026,1.00038239,1.005567884
0.987795199,1.008149863,0.993332605,1.003399573,0.998337815,1.002490639,1.000204292,1.004413304
0.987122268,1.007501639,0.993305802,1.003399573,0.99815575,1.001643639,0.999679644,1.003499046
0.986961313,1.007401946,0.993330739,1.003219355,0.998337815,1.000917861,0.999502741,1.002832467
0.987762172,1.007252423,0.993337456,1.003219355,0.99797369,1.000132561,0.998453892,1.002061401
0.988025657,1.006953438,0.9931949,1.003760022,0.998519885,0.99880304,0.9975784,1.001286499
0.988420145,1.006704346,0.992950095,1.003579795,0.998337815,0.997701296,0.997570949,1.000410591
0.98841158,1.006405509,0.992760643,1.003579795,0.998337815,0.996601726,0.996872444,0.999486397
0.988130733,1.00615654,0.992532753,1.003399573,0.998337815,0.995436026,0.996176028,0.998550378
0.988259609,1.005907627,0.99238763,1.003399573,0.99797369,0.99433833,0.996000663,0.997666705
0.987696063,1.005111483,0.992442602,1.00412049,0.997791634,0.993673115,0.995815903,0.99700784
0.987945319,1.004663903,0.992347089,1.004300732,0.997245497,0.993093966,0.99562603,0.996570168
0.988071935,1.004166806,0.992597762,1.004661229,0.996881429,0.992785304,0.995103225,0.995871669
0.988596028,1.003769288,0.99274644,1.004300732,0.997427538,0.99239479,0.99543898,0.995182963
0.988863015,1.003421578,0.99285354,1.004661229,0.99797369,0.991871683,0.995426916,0.994591579
0.989120487,1.003073978,0.993058161,1.005562554,0.997609584,0.991354951,0.994719776,0.993768796
0.989097168,1.002627223,0.993113333,1.005021745,0.997245497,0.990791026,0.994544726,0.993056304
0.989081601,1.00223026,0.993212595,1.005742834,0.997063461,0.990234795,0.994196275,0.992283988
0.988946616,1.002131042,0.993508052,1.005742834,0.996881429,0.990079302,0.993500159,0.991912182
0.988941268,1.002131042,0.9934195,1.005742834,0.996881429,0.989902718,0.993324044,0.991596622
0.988899191,1.001684669,0.993027731,1.005923118,0.996881429,0.989806853,0.992973492,0.990884066
0.988755208,1.001337615,0.992744259,1.005742834,0.997427538,0.989599322,0.992971889,0.990289308
0.98888593,1.00099067,0.992254847,1.004841484,0.997245497,0.989438406,0.993145357,0.989685508
0.989287127,1.000643834,0.991867978,1.004841484,0.996881429,0.98924374,0.99296515,0.989094912
0.989277886,1.000198063,0.991527733,1.005021745,0.996699403,0.989022621,0.992950337,0.988404631
0.988863893,0.999851476,0.991089551,1.00520201,0.997245497,0.988711,0.992423076,0.987775255
0.988728351,0.999653476,0.990845296,1.004480978,0.996881429,0.988927992,0.992420852,0.987124371
0.988719105,0.999455511,0.990750722,1.004841484,0.997427538,0.988936795,0.991725244,0.986602286
0.988851285,0.99915863,0.990458218,1.004661229,0.997245497,0.988941273,0.991193689,0.986000188
0.989379278,0.999208105,0.990361518,1.004841484,0.997609584,0.988806347,0.991012662,0.985354115
0.989357148,0.99915863,0.990267953,1.004841484,0.99797369,0.988642743,0.990830253,0.984709715
0.989489307,0.999257581,0.990268349,1.00412049,0.997609584,0.988322316,0.99048084,0.984012889
0.989475698,0.999208105,0.990269968,1.003940254,0.997609584,0.98808794,0.989603137,0.983314616
0.989335945,0.999208105,0.990074459,1.00412049,0.997427538,0.987615931,0.989054741,0.982826275
0.988931065,0.999208105,0.989881625,1.00412049,0.997063461,0.987306008,0.98818011,0.982308019
0.988930615,0.999109158,0.989695802,1.003399573,0.996153352,0.987050428,0.987484124,0.981711505
0.98878778,0.998367339,0.989210369,1.002858934,0.996153352,0.986631939,0.98696115,0.981187262
0.988918397,0.998070751,0.989260454,1.003219355,0.995971345,0.986214198,0.986610821,0.980643967
0.989307996,0.997774244,0.989224186,1.002678731,0.996335364,0.985861714,0.986769232,0.980101497
0.989295759,0.997477815,0.989079705,1.002858934,0.996699403,0.985514042,0.986242587,0.979448133
0.989564124,0.997132084,0.989032906,1.002678731,0.996881429,0.985147984,0.986064522,0.978795549
0.989534583,0.997230853,0.989229572,1.002678731,0.996881429,0.984641517,0.985715575,0.978472064
0.98939591,0.997132084,0.989434279,1.002318339,0.996153352,0.984278258,0.985524992,0.978105218
0.989383939,0.997033323,0.989777293,1.002678731,0.996153352,0.983859108,0.985174099,0.977678921
0.989379426,0.996885199,0.989683243,1.002678731,0.995971345,0.98336185,0.985167914,0.977366287
0.989910528,0.997428419,0.989592985,1.002678731,0.995607345,0.982704562,0.984299557,0.976766239
0.990168235,0.997922487,0.989614838,1.003039142,0.99506138,0.982096924,0.984294303,0.976454407
0.990156974,0.998317902,0.989471037,1.003579795,0.99506138,0.981435499,0.983770392,0.976080824
0.990153381,0.998861829,0.989379518,1.003760022,0.994333495,0.980826633,0.983416756,0.975660307
0.990285846,0.999504999,0.98943343,1.003579795,0.994333495,0.98018741,0.983930576,0.975614605
0.989873188,0.999653476,0.989335768,1.00412049,0.993605688,0.979832603,0.983922453,0.975416402
0.990140006,0.99915863,0.989048975,1.004480978,0.993787632,0.979836135,0.983563387,0.975147157
0.990003899,0.998960754,0.9888192,1.005021745,0.994151536,0.979800032,0.983559037,0.974930205
0.989983611,0.998861829,0.988633516,1.005021745,0.994151536,0.979598556,0.983367753,0.974577313
0.990111428,0.99881237,0.988442534,1.005562554,0.994515459,0.979393017,0.983363161,0.974309621
0.990241843,0.998614556,0.988202736,1.005923118,0.994697428,0.979292341,0.983189435,0.97409338
0.990636351,0.998515663,0.988026586,1.006824611,0.995243364,0.979192595,0.983534295,0.973902672
0.990608295,0.998911291,0.9880769,1.006644303,0.995243364,0.979167202,0.983357788,0.973699627
0.99084678,0.999059688,0.987990444,1.007004924,0.995243364,0.978938337,0.983356256,0.973544121
0.990699238,0.998960754,0.988048503,1.007365564,0.995607345,0.97865755,0.982653587,0.973274101
0.991095483,0.998911291,0.988120158,1.007545891,0.995425352,0.97840286,0.982997414,0.973167029
0.991481518,0.99881237,0.988123933,1.008447599,0.995789342,0.978103125,0.98263742,0.972958249
0.99117013,0.998713459,0.988174796,1.00898868,0.995789342,0.977830643,0.982286972,0.972694594
0.991436356,0.998664007,0.988079678,1.009349425,0.996335364,0.977562236,0.982109488,0.972479354
0.991436011,0.998515663,0.987933595,1.009529805,0.996153352,0.977313172,0.981759073,0.972266013
0.991020121,0.998515663,0.988177798,1.009349425,0.996335364,0.977158776,0.980878688,0.971980849
0.990456109,0.997230853,0.988275552,1.009349425,0.996517381,0.977336348,0.981397968,0.971832734
0.990178733,0.995996872,0.988373901,1.009349425,0.996699403,0.977724169,0.981563619,0.97157629
0.989632339,0.994714998,0.98857028,1.00916905,0.996881429,0.978120431,0.982083775,0.971315523
0.989080907,0.993286976,0.988719523,1.00898868,0.997063461,0.978440771,0.98224884,0.97115386
0.988802558,0.991909954,0.98886722,1.009529805,0.997245497,0.978814721,0.982072197,0.970775513
0.988528691,0.990632836,0.989021706,1.00916905,0.997245497,0.979174558,0.981370527,0.970399551
0.987978743,0.990092964,0.989321514,1.008627954,0.996881429,0.979093231,0.980674413,0.970020666
0.987704982,0.989210109,0.989493534,1.008808315,0.996517381,0.979200997,0.980670569,0.969751951
0.987569177,0.988964997,0.989986411,1.008627954,0.996335364,0.979052303,0.980839482,0.969656206
0.987029957,0.988278977,0.990282362,1.007726223,0.996335364,0.978951642,0.981348738,0.969388848
0.986760701,0.987691301,0.990722619,1.007545891,0.996153352,0.978817343,0.981173874,0.969232575
0.986486233,0.987103939,0.991021421,1.006644303,0.995789342,0.978616776,0.980650608,0.968968406
0.985945808,0.986516892,0.991375768,1.006464,0.995789342,0.97858118,0.980994353,0.968888902
0.985384649,0.985979043,0.991439424,1.006103407,0.995789342,0.97870022,0.980473677,0.968727996
0.984952796,0.98553918,0.991390869,1.005742834,0.994879402,0.978806402,0.980123872,0.968516754
0.984681344,0.985099494,0.991248101,1.00520201,0.994697428,0.978807834,0.979771626,0.968360599
0.993696456,0.992991754,0.995179202,1.006464,0.995243364,0.980483859,0.980460792,0.968921558
1.006503714,1.011696878,1.006607152,1.009890579,0.997791634,0.987328756,0.987038403,0.971971765
1.019075692,1.030672277,1.018157801,1.014221353,1.000887231,0.994213308,0.993276216,0.975189617
1.031779249,1.050130782,1.02985532,1.018193647,1.00416644,1.001104432,0.999880123,0.978413859
1.044828385,1.069931061,1.041691428,1.022529698,1.007994157,1.008083096,1.006665084,0.981816337
1.058037064,1.090726064,1.053849071,1.026506835,1.011094343,1.014838961,1.012586904,0.985111301
1.071266926,1.111904836,1.06613474,1.03048629,1.014195924,1.021424122,1.018514451,0.988419593
1.086891148,1.143095914,1.086248656,1.037184246,1.023143589,1.036480763,1.034584252,0.996275392
1.103116189,1.175946406,1.107777881,1.043888777,1.033200731,1.053515778,1.052791556,1.005014029
1.118840935,1.209669947,1.129755347,1.049874048,1.042722794,1.070721423,1.071052426,1.013963821
1.135025931,1.244484944,1.15221759,1.056772677,1.053175542,1.088202144,1.090066801,1.022917112
1.150982998,1.280192985,1.175115621,1.06367827,1.063092744,1.105878647,1.10966334,1.032029689
1.167277688,1.31702252,1.198584782,1.070226845,1.073024182,1.123771714,1.12826332,1.041248973
1.183199048,1.353959611,1.222219661,1.077146031,1.082785578,1.142198011,1.147443584,1.050412926
1.200420061,1.394745262,1.248078967,1.084801693,1.094406665,1.165848265,1.171323629,1.063215568
1.217994881,1.436923441,1.274758112,1.092100759,1.106602062,1.190934953,1.196725267,1.076773275
1.235340606,1.48049307,1.302166874,1.1005043,1.119374749,1.216611593,1.22240447,1.090524105
1.253172283,1.525676031,1.330266879,1.108552111,1.131985345,1.242576354,1.247814538,1.104452374
1.270794755,1.572248595,1.359012995,1.116426142,1.1444329,1.269078486,1.273507921,1.118446943
1.28861881,1.620600275,1.388587337,1.123942354,1.156902761,1.296009593,1.299664112,1.132754669
1.30649542,1.670665714,1.419070401,1.132201327,1.169394986,1.323612177,1.325556972,1.146956027
1.314384722,1.708033201,1.44453007,1.138448024,1.18265749,1.352604546,1.353564742,1.163517463
1.319392906,1.726996014,1.459283999,1.142493029,1.192948615,1.376337111,1.377083002,1.178075064
1.324562517,1.74638479,1.474225919,1.145804347,1.202879887,1.400452905,1.400688748,1.192636581
1.329866289,1.765851961,1.489349283,1.149117259,1.213013078,1.424954456,1.424004914,1.20749618
1.334761633,1.78548661,1.504585549,1.152431766,1.222972916,1.449819011,1.447221156,1.222231846
1.339374957,1.805474865,1.52002695,1.155563598,1.233135273,1.475202527,1.471069705,1.237261221
1.344123163,1.825732167,1.5355728,1.158696855,1.243123799,1.500886515,1.494809679,1.252385378
1.346424411,1.830323002,1.539532318,1.159803051,1.247840314,1.517039226,1.509996726,1.264684102
1.348579597,1.833704735,1.542135257,1.160725017,1.251804641,1.531323295,1.523714286,1.276623284
1.350862451,1.837094013,1.544654371,1.162015975,1.256149095,1.545860371,1.536706511,1.288368305
1.353295043,1.840396402,1.547183129,1.163307176,1.260118122,1.560447788,1.550100962,1.30041373
1.355601072,1.843800634,1.54979451,1.164967646,1.264278559,1.575203812,1.563498284,1.312456969
1.35776124,1.84730737,1.552490278,1.165890303,1.268441464,1.590138588,1.576750324,1.324407164
1.359923195,1.850822183,1.554948594,1.166997654,1.272796232,1.605308103,1.589644891,1.336522422
1.361510711,1.851012404,1.55504095,1.167551396,1.27601671,1.61476785,1.598569809,1.346434427
1.362814206,1.850822183,1.554638359,1.167920582,1.278101336,1.623148291,1.606749683,1.355909271
1.364245682,1.850631987,1.554321112,1.168289788,1.280755391,1.631588687,1.614741219,1.365451831
1.365979666,1.850251664,1.553926678,1.168843634,1.283220769,1.64016715,1.623134626,1.374796291
1.367271862,1.849966484,1.553614252,1.168105182,1.285687012,1.648760232,1.631721155,1.384293961
1.368845979,1.849586327,1.55329804,1.168843634,1.288723576,1.657476137,1.6399434,1.393881337
1.370144888,1.849301271,1.552977984,1.168843634,1.29119175,1.666112386,1.648556152,1.403639205
1.371873153,1.848066644,1.551922897,1.169028259,1.292331199,1.671928502,1.654304706,1.411513183
1.372305961,1.84768696,1.550622723,1.169397524,1.29404072,1.676648122,1.659645305,1.418844287
1.372740758,1.847212487,1.549410454,1.169766809,1.296130698,1.681528143,1.665020819,1.426222103
1.372873838,1.846833015,1.548224184,1.170505438,1.297080894,1.686273794,1.670013917,1.433385345
1.373291197,1.846358808,1.547010436,1.170874782,1.298411383,1.691107927,1.675587687,1.441023398
1.373858398,1.845884748,1.545794286,1.17161353,1.299742124,1.695959129,1.680381234,1.44833234
1.374145204,1.845410836,1.544664881,1.17290653,1.301263279,1.700826983,1.685772055,1.455888912
1.375445706,1.844842335,1.543614305,1.172721801,1.302784763,1.704079323,1.689432764,1.461999161
1.376450581,1.844274046,1.542565617,1.173460746,1.30487734,1.706910629,1.692710624,1.467747395
1.377458139,1.843705969,1.541594932,1.174199771,1.306399606,1.709624523,1.696954264,1.47376133
1.378037667,1.84304348,1.540547139,1.174569314,1.308112548,1.712290078,1.700233878,1.479480224
1.378898347,1.842381279,1.539584675,1.17438454,1.309825906,1.715140725,1.703708014,1.48543543
1.379770201,1.84162483,1.538459516,1.174754092,1.311349242,1.717902753,1.707752424,1.491262804
1.380749432,1.840963246,1.537514856,1.175123664,1.313063389,1.720672974,1.711025405,1.497311108
1.381616734,1.840301948,1.536478829,1.175678059,1.312872908,1.722755233,1.713724526,1.502195217
1.38277476,1.839829769,1.5357557,1.17604768,1.314015873,1.724489473,1.716626882,1.506931868
1.383768154,1.839168963,1.534950033,1.17604768,1.314968486,1.726228243,1.7191374,1.511531535
1.384490197,1.838791489,1.534227755,1.17604768,1.31630236,1.727898601,1.721251115,1.516220813
1.385646423,1.838319778,1.533505762,1.17697182,1.317827097,1.729569163,1.723361268,1.520846646
1.386353862,1.837848213,1.532705304,1.177156663,1.31858959,1.731223118,1.72568469,1.525481582
1.386644675,1.837188267,1.5319839,1.177711221,1.319733483,1.732900219,1.72761404,1.53021265
1.38677756,1.837094013,1.531181987,1.178080952,1.320305499,1.733948071,1.729935565,1.534101557
1.387357266,1.836340187,1.53021879,1.177896084,1.320686869,1.735096607,1.731860361,1.53793589
1.388214391,1.835680895,1.529340143,1.178265824,1.320686869,1.735969076,1.733605017,1.54168004
1.389233812,1.834739546,1.528541959,1.178635584,1.321449671,1.737022151,1.735536966,1.545356657
1.390232961,1.834080948,1.527822338,1.179375164,1.321640384,1.738081998,1.737466574,1.549118818
1.391095675,1.833328615,1.526944008,1.1799299,1.322594028,1.739077046,1.739789784,1.553170809
1.392248742,1.832576654,1.52607293,1.179744983,1.323547802,1.740132395,1.742110967,1.556951311
1.392247923,1.832012927,1.525275596,1.180669618,1.322975522,1.740755153,1.743839591,1.560028595
1.392383831,1.83144941,1.52423762,1.18085456,1.322784773,1.741114977,1.745390047,1.563040036
1.392512469,1.830886102,1.523289135,1.180669618,1.322594028,1.74157251,1.746747857,1.56612432
1.392794434,1.830323002,1.522201538,1.18085456,1.323166277,1.741931063,1.747708339,1.569223852
1.393084259,1.829760112,1.52101136,1.181594378,1.323547802,1.742299263,1.748873909,1.572190647
1.393374013,1.829103671,1.519977457,1.182149293,1.323929347,1.742712136,1.749649593,1.575146543
1.393208312,1.828447513,1.518874301,1.181964316,1.323738572,1.742983035,1.751588006,1.57801884
1.394083384,1.827136049,1.518239609,1.182519261,1.324883301,1.742986784,1.751778305,1.580272867
1.394511651,1.825825719,1.51736624,1.182519261,1.3246925,1.742988091,1.752554505,1.582354622
1.394933377,1.824609997,1.516516999,1.182334274,1.323738572,1.742929268,1.753323229,1.58453108
1.395368023,1.823115063,1.5155684,1.182149293,1.322784773,1.743020042,1.7544893,1.586855657
1.395949588,1.821808206,1.514621265,1.182519261,1.321640384,1.743107917,1.75564829,1.589261241
1.396956002,1.820502476,1.513845322,1.182334274,1.321449671,1.743196076,1.756214246,1.591508525
1.398261684,1.819197873,1.51297566,1.182334274,1.321258963,1.743373866,1.757179721,1.593766986
1.384408462,1.804090969,1.500229933,1.174569314,1.309064362,1.737014885,1.742203053,1.593377503
1.369857781,1.785850975,1.48522236,1.166628517,1.295940675,1.727725209,1.723380142,1.591612375
1.35492406,1.767830816,1.470474964,1.159249931,1.282841424,1.71865015,1.705366483,1.589952363
1.340320808,1.750204417,1.455751867,1.151142602,1.270334509,1.7095392,1.687225866,1.58851275
1.32561067,1.732610056,1.441207753,1.142860874,1.257282873,1.700551308,1.669325861,1.586590539
1.311220888,1.715310847,1.426845503,1.134772809,1.243689613,1.691710786,1.651085249,1.584839333
1.29687833,1.698214228,1.412805328,1.126877741,1.230499171,1.682739321,1.633052499,1.583087116
1.280864737,1.675051799,1.393557766,1.11844188,1.216769842,1.665723248,1.607851169,1.576874024
1.264051825,1.650428097,1.373762486,1.109650271,1.201754884,1.647129712,1.582534446,1.569567928
1.247424867,1.626303592,1.354235799,1.101784002,1.187894712,1.628724423,1.556193775,1.562056246
1.23099423,1.602583384,1.335112089,1.093561505,1.173315072,1.610610447,1.530711457,1.554973868
1.214620136,1.579336347,1.316231388,1.084984075,1.158393193,1.592640011,1.504761376,1.547608353
1.19801318,1.556315878,1.297667196,1.076599526,1.143689137,1.574845034,1.479286824,1.540597247
1.182031901,1.533749405,1.279491447,1.068771064,1.129016086,1.557341594,1.453526849,1.533448294
1.164148162,1.50899597,1.259887517,1.060042878,1.114559093,1.534926888,1.426386803,1.5228689
1.146886103,1.484023143,1.240128086,1.051688802,1.099762608,1.511843222,1.396941216,1.51110595
1.129265725,1.459650401,1.220909208,1.044070072,1.08573512,1.489017753,1.368558012,1.499502804
1.111707579,1.435644579,1.201894085,1.036278733,1.071367953,1.466527079,1.339742986,1.487903797
1.094210843,1.411928022,1.183274742,1.028134513,1.057030542,1.444281103,1.311416757,1.476322245
1.076356822,1.388702278,1.164920665,1.020541999,1.042722794,1.42246939,1.283755048,1.465027364
1.058983915,1.366019882,1.146882849,1.012236073,1.028261757,1.400872534,1.25548394,1.453529012
1.05473929,1.350430068,1.13704717,1.011694734,1.025153845,1.382006949,1.240121862,1.441226024
1.051872468,1.337724935,1.129156179,1.012055622,1.023691783,1.364762994,1.227861191,1.429454423
1.048440591,1.324949973,1.121165151,1.011694734,1.02223003,1.347714009,1.215443685,1.417681911
1.0450273,1.312431834,1.113284576,1.011153437,1.020220626,1.330869496,1.203231287,1.405909517
1.041896541,1.300100898,1.105573165,1.011153437,1.018577003,1.314131811,1.19031697,1.394393464
1.03862593,1.28782691,1.097975553,1.010973014,1.016933772,1.297582241,1.17814335,1.382744752
1.034948727,1.27579798,1.090270917,1.010070973,1.014743406,1.281347799,1.165107069,1.371177254
1.033447282,1.266867763,1.086066929,1.010070973,1.014378413,1.269837847,1.157617593,1.361143351
1.031926837,1.258805006,1.082363366,1.010612183,1.014195924,1.259369928,1.151202263,1.351372378
1.030562548,1.250794686,1.078677543,1.010792596,1.013466014,1.248835801,1.14514336,1.341730851
1.028792361,1.242836295,1.074997401,1.010612183,1.012371295,1.238468543,1.138919842,1.332036644
1.027428202,1.234808083,1.071440384,1.010792596,1.011824001,1.228154701,1.133053063,1.322585457
1.02633933,1.227073292,1.067861548,1.010431775,1.011459162,1.217934437,1.127194694,1.313122211
1.024831644,1.219267692,1.064331942,1.010792596,1.01127675,1.207783198,1.121160356,1.303699788
1.023881594,1.213714365,1.061811719,1.010612183,1.010364762,1.200117313,1.116193692,1.295296841
1.022380387,1.207712086,1.059718507,1.010431775,1.010364762,1.193264304,1.113183428,1.287464543
1.021156485,1.201680544,1.057572738,1.010251371,1.01,1.18655448,1.109286084,1.279690549
1.019932362,1.195796478,1.055486465,1.010792596,1.009817626,1.179763934,1.105388566,1.271789735
1.018408632,1.18988271,1.053355465,1.010431775,1.009635258,1.173056454,1.101492664,1.264065907
1.017050828,1.184056134,1.051275997,1.010612183,1.009088181,1.16640344,1.097072289,1.256251549
1.015551928,1.178084332,1.049149466,1.010973014,1.008723487,1.159764951,1.093539074,1.248793168
1.014598733,1.173581829,1.047803419,1.011514297,1.008905831,1.154763466,1.091067479,1.242344989
1.013512753,1.168637214,1.046362158,1.011153437,1.008905831,1.150222993,1.088420658,1.235858833
1.012546878,1.163770259,1.044975718,1.011153437,1.008541147,1.145665899,1.085599608,1.229603574
1.0113242,1.15886632,1.043584622,1.011694734,1.008723487,1.141146531,1.082955054,1.223319289
1.010241254,1.15392598,1.042098164,1.011694734,1.008176482,1.136655421,1.080828115,1.216973638
1.009022619,1.149119118,1.040606639,1.011514297,1.008905831,1.132205837,1.078008815,1.2108523
1.008192106,1.144219403,1.039121996,1.011694734,1.008723487,1.127716843,1.074663611,1.204558036
1.007374755,1.140515964,1.038249842,1.012055622,1.008176482,1.12417436,1.072538887,1.199119934
1.007087583,1.137215188,1.037497399,1.011875175,1.007994157,1.12092814,1.06990015,1.193971808
1.006541612,1.133867982,1.036833906,1.011875175,1.007811836,1.117750768,1.067255608,1.1888376
1.006260021,1.130585881,1.03613036,1.011514297,1.00744721,1.114525487,1.06532072,1.183832202
1.005584065,1.127312981,1.035420375,1.011514297,1.007082602,1.111299585,1.063029434,1.178893243
1.004900668,1.123994004,1.034708408,1.012055622,1.006535728,1.108181259,1.061270574,1.173907859
1.00516905,1.120849715,1.033893207,1.011694734,1.005988897,1.10506567,1.059336416,1.168945368
1.004627381,1.117439239,1.033536804,1.011694734,1.005988897,1.102978408,1.057916707,1.164736941
1.004071424,1.114586545,1.032926285,1.012236073,1.005624367,1.100756505,1.05616146,1.160625231
1.003800076,1.111850172,1.032272583,1.012055622,1.005077608,1.098483866,1.054544916,1.156578655
1.003520328,1.109065716,1.031663447,1.011694734,1.004713126,1.096277155,1.053140213,1.152609709
1.003248098,1.106396753,1.031056966,1.012055622,1.004895365,1.094060893,1.051383527,1.148460455
1.003092294,1.103625385,1.030497181,1.011694734,1.004530893,1.091794538,1.050322272,1.144427741
1.0028189,1.101077258,1.029950229,1.011153437,1.00416644,1.08960094,1.048391214,1.140229062
1.002669555,1.099561898,1.029191395,1.010251371,1.003619797,1.087338698,1.046809873,1.13649863
1.002804257,1.098426684,1.028537494,1.010070973,1.003073197,1.08514572,1.045758106,1.133224384
1.003038139,1.097238612,1.027930124,1.009710189,1.003255392,1.082977722,1.044177272,1.129854155
1.003439538,1.096213535,1.027324319,1.00898868,1.002344465,1.080801921,1.043117637,1.1265352
1.003569516,1.095081618,1.026720009,1.008627954,1.00252664,1.07867625,1.041364068,1.123285285
1.003836089,1.093896994,1.026133838,1.008627954,1.001433658,1.076441968,1.039961539,1.119899217
1.003697291,1.092606068,1.025477287,1.008447599,1.001433658,1.074316697,1.039609216,1.116793139
1.003289096,1.090565065,1.025033717,1.00790656,1.001251511,1.072258295,1.03906054,1.114047557
1.002740642,1.088152773,1.024533734,1.00790656,1.001069369,1.070356858,1.038183692,1.111438724
1.002419893,1.085798986,1.024029226,1.007726223,1.001069369,1.068640988,1.038001871,1.108826645
1.002132563,1.083396698,1.023553473,1.008447599,1.001433658,1.066928114,1.036951883,1.106090963
1.001992063,1.081105882,1.022998502,1.008267247,1.001615809,1.065127729,1.036066601,1.103309366
1.001716147,1.078713423,1.022393413,1.00790656,1.001980127,1.063314098,1.034837922,1.100527121
1.000627724,1.076166983,1.021913099,1.007545891,1.002162294,1.061487699,1.033784854,1.097761163
1.000875085,1.074790031,1.021512273,1.008086901,1.002708821,1.059882785,1.032382698,1.0953229
1.000729542,1.073150452,1.021361548,1.008086901,1.002708821,1.058457222,1.030801221,1.093031721
1.000320084,1.071407684,1.021161288,1.008267247,1.002891007,1.05696522,1.028877517,1.090701147
1.000024834,1.069720272,1.021039739,1.008267247,1.002891007,1.055530741,1.027993963,1.088435356
0.999875504,1.067982747,1.020843687,1.008086901,1.00252664,1.054115828,1.027466845,1.086152129
0.999603896,1.066352944,1.020543531,1.008086901,1.002708821,1.052660332,1.026066925,1.083752664
0.999333094,1.064568103,1.020250884,1.008086901,1.00252664,1.051232596,1.02501597,1.081432103
0.999050568,1.063152727,1.02015621,1.008267247,1.00252664,1.050483518,1.025015866,1.079561335
0.998213485,1.06142522,1.020216752,1.007726223,1.001980127,1.049823319,1.023962819,1.077634577
0.997533288,1.059804805,1.02027961,1.007545891,1.001433658,1.049171962,1.023779482,1.075711847
0.99685395,1.05803024,1.02028165,1.00790656,1.001797966,1.048519597,1.023075986,1.073942565
0.996307173,1.056310525,1.020333402,1.008627954,1.002344465,1.047855211,1.022013972,1.071976097
0.996033625,1.054749415,1.020455772,1.008808315,1.002891007,1.047196754,1.021312552,1.07017817
0.995845931,1.053138532,1.02060704,1.00898868,1.002891007,1.046557856,1.020785887,1.068437699
0.995707384,1.052411789,1.020460245,1.008808315,1.002708821,1.045966537,1.019557686,1.066640651
0.995567537,1.051685513,1.020460331,1.008627954,1.002344465,1.045423782,1.018844516,1.064795479
0.995160603,1.050856056,1.020367608,1.008267247,1.001797966,1.044736978,1.01779119,1.06307605
0.994752485,1.050078994,1.020321303,1.007365564,1.001069369,1.044098931,1.016738108,1.061310029
0.994077854,1.049302468,1.020323521,1.007545891,1.000522971,1.04358571,1.01602254,1.059726619
0.994211137,1.048681631,1.020379092,1.007185241,0.999976617,1.043004524,1.015492677,1.058022238
0.993656632,1.048009444,1.020440422,1.007726223,0.999794509,1.04246699,1.015142991,1.056333574
0.993374571,1.046872811,1.020188978,1.007185241,0.998884039,1.041702603,1.014960122,1.054853229
0.993489488,1.046459774,1.020048327,1.007185241,0.998519885,1.040924197,1.01494003,1.053418001
0.993473686,1.046046888,1.020005813,1.006824611,0.99815575,1.040171391,1.015637123,1.052058976
0.994135806,1.045788911,1.019960913,1.006464,0.99815575,1.039400424,1.015106616,1.050744329
0.994532681,1.045479418,1.019914572,1.006464,0.998337815,1.038645422,1.013885569,1.049427371
0.995069446,1.045015337,1.019872125,1.006464,0.998337815,1.03784145,1.013710264,1.048209671
0.995473626,1.044654517,1.019846383,1.006464,0.99870196,1.03703089,1.014228079,1.046953781
0.995742682,1.043984731,1.019753243,1.006644303,0.998519885,1.035675506,1.013167846,1.04565677
0.996009708,1.043315343,1.019407494,1.007545891,0.999066123,1.034535249,1.012465222,1.044518179
0.996544805,1.042646353,1.019008798,1.007365564,0.999248213,1.033456758,1.011764078,1.04340624
0.996530254,1.041977762,1.018616133,1.007185241,0.999066123,1.032392142,1.010890241,1.042068732
0.996662379,1.041309569,1.018164124,1.006464,0.99870196,1.031286066,1.010713941,1.040914434
0.996247636,1.040436377,1.017667947,1.005923118,0.99797369,1.030155326,1.010537776,1.039741823
0.996088582,1.0397691,1.017220412,1.006103407,0.99815575,1.02904369,1.009663754,1.03834281
0.995683283,1.03894838,1.01696998,1.006464,0.997609584,1.028349701,1.00983654,1.037347474
0.995815933,1.038384484,1.016698523,1.006464,0.99815575,1.027595117,1.009834707,1.0363876
0.996069416,1.037820871,1.016450029,1.006644303,0.998337815,1.026893752,1.009827646,1.035367807
0.996185139,1.037308741,1.016158389,1.007365564,0.998884039,1.026121068,1.009818669,1.034465436
0.996700315,1.036796845,1.01595953,1.007185241,0.999248213,1.025370134,1.009454104,1.03344612
0.996561294,1.036182878,1.015710465,1.007726223,0.999612405,1.024642973,1.009279628,1.032437739
0.996954178,1.035620371,1.015363007,1.007545891,0.999430307,1.023926741,1.008570444,1.031436459
0.99681897,1.034751596,1.014863151,1.00790656,0.999430307,1.023078427,1.009092802,1.030533267
0.996801234,1.03429193,1.014413567,1.007545891,0.999794509,1.022027007,1.008739355,1.029581031
0.997055241,1.033832452,1.013875291,1.007726223,1.00015873,1.021004183,1.008041921,1.028681189
0.996649521,1.033220108,1.013228136,1.008086901,1.000340848,1.019933167,1.007861607,1.02761745
0.996595721,1.032710077,1.01274103,1.008086901,1.00015873,1.018815889,1.00802938,1.026659758
0.996588285,1.032251248,1.012249745,1.008086901,1.00015873,1.017873678,1.008201142,1.025617485
0.996166263,1.031792608,1.011755603,1.008267247,0.999794509,1.016876336,1.006979895,1.024617073
0.995618089,1.030468701,1.011208635,1.008447599,0.999612405,1.016485191,1.00645514,1.023549937
0.995075554,1.029095534,1.01082445,1.008627954,0.999612405,1.015791352,1.006454967,1.022501553
0.994400858,1.02767329,1.010530595,1.008808315,0.999066123,1.015096293,1.006279872,1.021435275
0.994123255,1.026354255,1.010288547,1.008808315,0.999430307,1.014434359,1.005756572,1.020344387
0.993446578,1.024986137,1.009989717,1.009529805,0.999248213,1.013802324,1.005044789,1.019296916
0.99316875,1.023720857,1.009794987,1.010251371,0.999794509,1.013186516,1.004695257,1.018245331
0.992623274,1.022406488,1.009505239,1.010251371,0.999612405,1.012519509,1.004694274,1.017181097
0.993281423,1.021800379,1.008963788,1.010612183,1.000340848,1.011580782,1.00486357,1.016022536
0.993402584,1.021144133,1.008431884,1.010431775,0.999976617,1.010729817,1.004158821,1.014909213
0.993246989,1.020488274,1.007835756,1.010612183,0.999794509,1.009848629,1.003624431,1.013743365
0.993238065,1.019832801,1.00729017,1.010070973,0.999794509,1.009121223,1.003449305,1.012479902
0.992968454,1.019076966,1.006646809,1.009529805,0.999430307,1.008302176,1.002747094,1.011197463
0.99267563,1.018271308,1.006033773,1.00916905,0.999066123,1.007462196,1.001701741,1.010086655
0.992793263,1.017617141,1.005502063,1.008808315,0.999430307,1.006611506,1.000998765,1.008919707
0.992640161,1.017063916,1.005012597,1.008627954,0.999248213,1.006186561,0.999779504,1.007940686
0.992235254,1.016259716,1.004618802,1.00898868,0.999430307,1.005985816,0.999600031,1.006955382
0.991962254,1.015355686,1.004231446,1.00916905,0.999430307,1.005791018,0.99924002,1.005855914
0.991824809,1.014502556,1.003892113,1.009349425,0.999612405,1.005598707,0.998541346,1.004863164
0.991419891,1.013549834,1.00354916,1.009529805,0.999794509,1.005443987,0.998352824,1.00387043
0.99087967,1.012597929,1.00316346,1.00898868,0.999430307,1.005144048,0.997299417,1.002935912
0.990605108,1.011646841,1.00282742,1.00898868,0.999976617,1.004914875,0.997467583,1.002001066
0.990872857,1.011596807,1.002588798,1.00898868,1.000340848,1.004301978,0.997462932,1.001378535
0.991128676,1.011646841,1.002344018,1.00898868,1.00015873,1.003745281,0.997106868,1.000550447
0.991114321,1.011796959,1.002100021,1.00916905,1.000887231,1.003113051,0.996577275,0.999854618
0.991483418,1.011796959,1.001804813,1.009529805,1.000887231,1.002428866,0.996749837,0.999095727
0.991748094,1.011847003,1.001460047,1.00898868,1.000887231,1.001761441,0.997095089,0.998432751
0.992146625,1.011947097,1.00121491,1.00898868,1.000705099,1.001077052,0.996562111,0.997671035
0.992548948,1.0120472,1.001020031,1.008808315,1.000887231,1.000495777,0.996206612,0.997011646
0.992002819,1.011146596,1.000822783,1.008086901,1.000340848,0.999921051,0.994811724,0.996408734
0.991732468,1.010396652,1.000822868,1.008267247,1.000340848,0.999249146,0.994805817,0.995911987
0.991174623,1.009697162,1.000823107,1.008267247,1.00015873,0.998563709,0.994631081,0.995306124
0.991032898,1.008998114,1.000829593,1.008267247,0.999976617,0.997826882,0.993585799,0.994709086
0.991292444,1.008349393,1.000833811,1.008447599,0.999976617,0.997144781,0.993062404,0.994217507
0.991291599,1.007701052,1.000932602,1.008627954,0.999976617,0.996481957,0.992712583,0.993563226
0.990705379,1.006903615,1.000933844,1.008627954,0.999794509,0.995805682,0.992534193,0.993021549
0.991101707,1.006604725,1.001082482,1.008086901,0.999976617,0.995217896,0.99252393,0.992364242
0.991071491,1.005708537,1.00093607,1.008267247,0.999612405,0.994776679,0.991997666,0.991823
0.991057053,1.005012005,1.000936944,1.008627954,0.999794509,0.994258268,0.99147328,0.991286752
0.990913484,1.004315911,1.000899487,1.00790656,0.999248213,0.99380085,0.991111408,0.990709269
0.990751836,1.003620256,1.000763179,1.007726223,0.999248213,0.99335897,0.990237267,0.990161976
0.990749463,1.002974683,1.000672471,1.008086901,0.999430307,0.992940796,0.990058497,0.989671441
0.99087602,1.002279873,1.000574099,1.008447599,0.999248213,0.992473619,0.989187416,0.988975412
0.990869595,1.001387187,1.000686269,1.008086901,0.999248213,0.992245993,0.98918629,0.988374447
0.990731609,1.000643834,1.000694272,1.007185241,0.999248213,0.99208822,0.98866361,0.987825908
0.990987126,0.999801973,1.000646562,1.007365564,0.999066123,0.991878507,0.988659281,0.987177795
0.990840172,0.999109158,1.000651829,1.007004924,0.999066123,0.991747801,0.988311232,0.986797116
0.991241848,0.998466219,1.000753995,1.007004924,0.999066123,0.991597174,0.987609001,0.986197042
0.991103777,0.997675425,1.000754243,1.006824611,0.99870196,0.99145297,0.987261614,0.985771302
0.990954227,0.996835829,1.000661814,1.007185241,0.998519885,0.991250333,0.987070432,0.985188543
0.990547282,0.995947541,0.999742802,1.007365564,0.998519885,0.99052251,0.986889875,0.984538749
1.00414897,1.008648755,1.006023206,1.010431775,0.999430307,0.993172221,0.988795472,0.985543918
1.018353045,1.021446968,1.012399796,1.013138401,1.001069369,0.995816825,0.98983643,0.986649003
1.031903704,1.034394061,1.018864235,1.016387772,1.002344465,0.998447985,0.992962237,0.987652781
1.0452195,1.04749265,1.02526747,1.019638691,1.00416644,1.001062309,0.995043265,0.988562783
1.058837923,1.060797688,1.031776516,1.022710427,1.005624367,1.003615505,0.997129626,0.989560901
1.072649335,1.074313781,1.038279969,1.025602737,1.006900306,1.006286948,0.999030862,0.990530132
1.092820768,1.105417863,1.059118757,1.038089879,1.020585929,1.020898829,1.01869789,0.99759827
1.115007998,1.139675902,1.082530929,1.050781365,1.037227694,1.038410424,1.042823895,1.006306913
1.137016791,1.17490772,1.106338372,1.063314644,1.053359064,1.056186146,1.067357262,1.015138
1.158843945,1.210976954,1.130718809,1.076599526,1.069712119,1.074151555,1.091829613,1.024005312
1.180766301,1.248340443,1.155750642,1.08972771,1.085919508,1.092430905,1.116575649,1.032809954
1.20304826,1.286941248,1.181518936,1.102698221,1.101795255,1.110938487,1.141237811,1.0416704
1.225414799,1.326711151,1.207822158,1.115326898,1.118633662,1.129704556,1.166347169,1.050749579
1.249610707,1.370740751,1.237015622,1.129447233,1.137927667,1.155257515,1.198537285,1.064215594
1.274632157,1.41674918,1.267469033,1.144332453,1.159697583,1.182830233,1.233596097,1.079096306
1.299626504,1.464504048,1.298786743,1.158696855,1.181722685,1.210930455,1.268460763,1.09417907
1.324584918,1.513805392,1.330953718,1.17290653,1.203442457,1.239696,1.303707883,1.109412618
1.34984139,1.565040545,1.364062549,1.187515772,1.225418061,1.269025751,1.339678812,1.124809274
1.375507004,1.6182442,1.398094703,1.201970475,1.248406509,1.299041,1.374935641,1.14019034
1.401157911,1.673532025,1.433225455,1.216827277,1.27071318,1.329609722,1.41055625,1.155897097
1.427774218,1.732170685,1.471175552,1.232274997,1.295370634,1.365646442,1.451026236,1.175432648
1.439685053,1.768100864,1.498599303,1.244770019,1.318970867,1.398979697,1.489861358,1.194385047
1.451623644,1.805105702,1.526582128,1.257100603,1.342267849,1.433139127,1.530053824,1.213602397
1.464162931,1.842948863,1.555303227,1.269827797,1.366025812,1.46818782,1.568966183,1.233150812
1.476152947,1.881658804,1.584695025,1.282390674,1.389478759,1.504040384,1.609247557,1.252904859
1.488322731,1.921464374,1.614621828,1.29478828,1.413202834,1.540799901,1.649188684,1.272773387
1.500965869,1.962310203,1.645448866,1.307396361,1.437781966,1.578361536,1.689170704,1.292894958
1.506760248,1.969786347,1.652416349,1.310975945,1.449423801,1.601365065,1.712150215,1.308934459
1.51093556,1.973383333,1.655962086,1.313991759,1.458362134,1.62114421,1.731909607,1.324005498
1.515259077,1.976885363,1.659599472,1.316254477,1.467701075,1.641155965,1.751527266,1.339045762
1.51974196,1.980705177,1.663247914,1.318706583,1.476857338,1.661341972,1.771005845,1.354231343
1.524522042,1.984326965,1.666910642,1.320970832,1.486025383,1.681769259,1.790931348,1.369779283
1.528848149,1.98785317,1.670495473,1.323424598,1.49579158,1.702469418,1.810328482,1.385242628
1.533493245,1.991491242,1.674177988,1.32625694,1.504201216,1.723418475,1.829581923,1.400808827
1.53634058,1.99097101,1.673466807,1.327956898,1.510270128,1.736617925,1.842182568,1.413543675
1.538286168,1.989619199,1.672212249,1.329090433,1.51379638,1.748082261,1.852635501,1.425364477
1.540085964,1.98816468,1.670788775,1.330224152,1.517324374,1.759714958,1.863303236,1.4372002
1.542184604,1.986815242,1.669446378,1.331925077,1.520657969,1.771355701,1.87398495,1.449132077
1.543972854,1.985363275,1.668200775,1.333059257,1.524581836,1.783046722,1.884273715,1.461207283
1.545757685,1.984016204,1.666771902,1.333815479,1.527526151,1.79472555,1.895773657,1.473538838
1.547710206,1.982670269,1.665619003,1.334571784,1.530864507,1.806498056,1.906305923,1.485719325
1.550714854,1.980291782,1.663568691,1.335706394,1.532239577,1.81399091,1.913863739,1.495559109
1.552816457,1.977916842,1.661528731,1.335895514,1.533221932,1.820711644,1.920435725,1.504761906
1.554616315,1.975339399,1.659488264,1.336652044,1.534400936,1.82741845,1.926617288,1.51402147
1.556416751,1.972766128,1.657450669,1.336841189,1.535383588,1.834096164,1.933575068,1.523567261
1.558816826,1.970402395,1.655412725,1.337219495,1.535973244,1.840680728,1.94016533,1.533074799
1.561223608,1.967939637,1.653477476,1.338354536,1.536759527,1.847267219,1.946764704,1.542712083
1.563306071,1.965685463,1.65154062,1.339300545,1.537349297,1.853799597,1.954145998,1.552481615
1.564791275,1.962821144,1.649250499,1.339868211,1.538725614,1.857750756,1.959350194,1.560180623
1.56583946,1.960880444,1.646894426,1.339300545,1.538922252,1.861223452,1.963359786,1.567545329
1.567181466,1.958738226,1.644522178,1.340057444,1.538528981,1.864612451,1.967556101,1.574914066
1.568687597,1.956700711,1.642330523,1.340625172,1.538725614,1.868205359,1.972370741,1.582404506
1.569440108,1.95466582,1.639967718,1.341003683,1.538135731,1.871689485,1.975976805,1.58959704
1.570477217,1.952532003,1.637526492,1.341382215,1.537939115,1.875208051,1.980196363,1.597219307
1.571382264,1.950401065,1.635352335,1.341382215,1.537939115,1.878725868,1.984819029,1.604714158
1.573341652,1.94807048,1.633437824,1.341760767,1.538135731,1.880905945,1.98823731,1.610562273
1.575900821,1.945541137,1.631527879,1.342139339,1.538135731,1.882510526,1.991256599,1.616193189
1.577703944,1.943318671,1.629706453,1.342328633,1.537939115,1.884036081,1.993861833,1.621831596
1.579962482,1.941099338,1.627895523,1.343085861,1.538332353,1.885610244,1.996470418,1.627467504
1.582193313,1.93878247,1.62607778,1.343464505,1.538332353,1.887256628,1.999492029,1.633125315
1.584157304,1.936368505,1.624262083,1.344221856,1.538922252,1.888784999,2.002098732,1.638724208
1.586117041,1.934158958,1.622448829,1.344221856,1.539118896,1.890432209,2.005118877,1.644344757
1.586868978,1.932052743,1.620639118,1.343653835,1.53970886,1.891290152,2.006309391,1.649062461
1.588382865,1.930049451,1.618750133,1.344411206,1.53970886,1.891770868,2.007717445,1.653483093
1.590200097,1.928148692,1.616866677,1.344600562,1.5395122,1.892348198,2.009937103,1.657973581
1.591866596,1.926250237,1.614988704,1.34516866,1.539315545,1.892945242,2.011136818,1.66214197
1.593676756,1.924354082,1.613107808,1.346115592,1.53970886,1.893528259,2.012343786,1.66649152
1.59519346,1.922360608,1.611150457,1.346115592,1.53970886,1.894234885,2.013950429,1.671019484
1.596694678,1.92017072,1.609189031,1.34687323,1.539905525,1.894931392,2.015352264,1.675587486
1.598663688,1.918480633,1.60757,1.346115592,1.538135731,1.895306914,2.015349231,1.678973633
1.60063405,1.916792373,1.606037671,1.347062652,1.537939115,1.895234045,2.015947257,1.68210054
1.602606938,1.915304247,1.604594499,1.347062652,1.537349297,1.895392638,2.01634664,1.685321803
1.604270987,1.91361942,1.603071916,1.347441513,1.536562948,1.895408459,2.016341103,1.688558671
1.606233314,1.91193641,1.601637471,1.34763095,1.536169807,1.895330088,2.017146465,1.691783155
1.608511748,1.91035406,1.600196677,1.347820393,1.535580135,1.895333482,2.017954872,1.694950294
1.610173559,1.908773317,1.5985949,1.348388753,1.534793981,1.895239739,2.018350237,1.698182258
1.610916889,1.907490143,1.597684584,1.348767685,1.534793981,1.894877689,2.018550051,1.701001519
1.601776626,1.903351725,1.594145408,1.339868211,1.527526151,1.893842851,2.015515958,1.703583336
1.593724096,1.899028029,1.590612003,1.330980067,1.519873453,1.892801734,2.011868173,1.705903573
1.584923532,1.894716347,1.587086165,1.322103232,1.512424853,1.891762747,2.008637739,1.708308083
1.576147324,1.890611811,1.583487749,1.313614711,1.504984011,1.890729398,2.004799889,1.710795269
1.567990072,1.886518133,1.580063673,1.305324811,1.496964423,1.889688237,2.001164948,1.71330421
1.559833123,1.882338189,1.576569179,1.297420918,1.48934439,1.888742633,1.997939479,1.715967628
1.537277094,1.860075245,1.557826412,1.282390674,1.465559819,1.876550585,1.970381694,1.713654473
1.513025021,1.835492579,1.536315312,1.266082083,1.442242416,1.860230996,1.938925367,1.709373452
1.488877686,1.81130116,1.515164262,1.250932572,1.4184212,1.843879974,1.907415607,1.705032199
1.464534179,1.787582927,1.494296838,1.235070433,1.394679683,1.827776024,1.875848865,1.700940962
1.440173797,1.764145069,1.473782884,1.219244524,1.371401585,1.811893452,1.844816261,1.696686267
1.416062989,1.74098316,1.453609307,1.203269172,1.348008419,1.796071775,1.813334087,1.69219601
1.392207796,1.718266912,1.433858626,1.187145536,1.324120128,1.780372847,1.78199223,1.687740385
1.365720402,1.689911471,1.409915863,1.172537077,1.300882959,1.75627922,1.745341949,1.678237952
1.339369651,1.661347666,1.385614706,1.156484997,1.276206196,1.729565841,1.707153286,1.666859277
1.313142555,1.63350623,1.361663574,1.140837967,1.252560005,1.70309777,1.668970004,1.655614692
1.287343507,1.606120065,1.338137115,1.124676083,1.228616849,1.677129704,1.631009612,1.644198059
1.26139417,1.579178448,1.315156412,1.108918145,1.204942865,1.651609262,1.593062579,1.633257828
1.235564985,1.552825892,1.292641153,1.093561505,1.181161862,1.626547444,1.555319043,1.622221
1.210157366,1.526967611,1.270635866,1.077510393,1.157647937,1.601763926,1.517598584,1.611187552
1.183751769,1.498757791,1.247619452,1.061315046,1.132542222,1.572007961,1.477284724,1.595710099
1.166127568,1.472657218,1.226500042,1.054230267,1.11492941,1.542182883,1.439996638,1.578931313
1.148291231,1.447127475,1.205732204,1.046971444,1.098284693,1.512840658,1.403650285,1.562860113
1.130642333,1.421869206,1.185418945,1.039901506,1.080758496,1.48403303,1.36676256,1.546546115
1.112923786,1.397087601,1.165548566,1.032295901,1.062908963,1.455805088,1.330989504,1.530472683
1.095411625,1.372904642,1.146043524,1.024879544,1.046205287,1.428059375,1.295048149,1.514484132
1.077965196,1.349034262,1.126752986,1.017832433,1.029724788,1.400799045,1.258564249,1.498709804
1.072889767,1.336606088,1.117181066,1.016748908,1.02734752,1.379704085,1.242835922,1.483383662
1.069051497,1.325341134,1.11000787,1.016929484,1.02497107,1.361365751,1.230928776,1.46870231
1.064945653,1.314175617,1.103005143,1.01620721,1.023509047,1.343328902,1.217605777,1.454118419
1.060565852,1.302916053,1.095986496,1.015846102,1.02186464,1.325477728,1.205737831,1.439728137
1.056466718,1.291947179,1.089067715,1.014943416,1.019672708,1.307731261,1.193355707,1.425440172
1.052364182,1.2811368,1.082197131,1.014943416,1.018211807,1.290203491,1.181537778,1.411259381
1.048253956,1.270482046,1.075369066,1.014221353,1.016386115,1.272907973,1.169727967,1.397353196
1.046060595,1.263077907,1.071390221,1.013679855,1.015108419,1.2604119,1.162039433,1.385272115
1.043730878,1.255471304,1.068113618,1.013499366,1.01492591,1.249649007,1.155264666,1.373754308
1.041816681,1.247850183,1.064850733,1.013679855,1.014560907,1.239120641,1.148674601,1.362248745
1.039366012,1.240397928,1.061601398,1.013318881,1.014560907,1.228544529,1.142268069,1.350971065
1.037863514,1.233111895,1.058417194,1.013499366,1.014013439,1.218208942,1.1358638,1.339563833
1.035549379,1.225748812,1.055182917,1.013138401,1.013830959,1.207773455,1.129293567,1.328369501
1.033486588,1.218489888,1.051966901,1.013138401,1.013101089,1.197482933,1.123613399,1.317382033
1.032123316,1.212166371,1.049435565,1.013318881,1.013466014,1.190232852,1.119530779,1.308028496
1.030762277,1.206112561,1.047214618,1.013138401,1.013283549,1.183641488,1.115453699,1.299060446
1.029537549,1.200089005,1.045112023,1.013499366,1.012553736,1.177118561,1.110849373,1.289750885
1.028041891,1.194212711,1.042901496,1.012957926,1.012188859,1.170699477,1.106769316,1.280821721
1.026682551,1.188248405,1.040693069,1.012957926,1.012188859,1.164238097,1.101992006,1.271877598
1.025180654,1.182255649,1.03838664,1.012777456,1.011459162,1.15780872,1.0973824,1.262912107
1.023278395,1.176292836,1.036174415,1.011875175,1.010364762,1.15141398,1.093490494,1.254013922
1.021646357,1.170647074,1.034797301,1.011875175,1.010364762,1.146397633,1.091191678,1.246605142
1.021096921,1.166344393,1.033420562,1.011333864,1.010364762,1.141350157,1.088014608,1.239628016
1.020259082,1.16188611,1.031901561,1.011694734,1.010182378,1.136387552,1.086249715,1.232519076
1.020120278,1.157615084,1.030532266,1.011333864,1.01,1.131431657,1.082896109,1.225266776
1.01971104,1.153189541,1.028958751,1.011333864,1.01,1.126594983,1.080076231,1.218266076
1.019157263,1.148836971,1.027490534,1.011153437,1.009635258,1.121732486,1.076552688,1.211316279
1.01820442,1.144388019,1.026023642,1.011333864,1.009635258,1.116945999,1.07373412,1.204295451
1.017255197,1.140459941,1.02486648,1.011514297,1.009452894,1.112974897,1.071791394,1.198170497
1.017659006,1.136600816,1.023815639,1.011153437,1.008723487,1.10968279,1.069672316,1.192452215
1.016840915,1.13264307,1.022879597,1.010792596,1.008358812,1.106325246,1.067911973,1.186807723
1.016560883,1.128754145,1.021977959,1.010792596,1.007264904,1.102957253,1.065966984,1.181202239
1.016016743,1.12487814,1.020971892,1.010251371,1.007082602,1.099594601,1.064202492,1.175549008
1.01545894,1.120959897,1.020070646,1.009890579,1.006353446,1.096265734,1.062266625,1.169752957
1.014769912,1.116999907,1.019019227,1.009890579,1.006718015,1.09301732,1.059630806,1.164073712
1.014363325,1.114257839,1.01830136,1.010070973,1.006353446,1.090598332,1.057686061,1.159210118
1.014090515,1.11157689,1.017706164,1.010431775,1.006535728,1.088340926,1.056629674,1.154871214
1.01394877,1.108902133,1.017054541,1.010070973,1.006718015,1.086148054,1.055563678,1.15055182
1.013921954,1.106287946,1.016457397,1.010070973,1.006900306,1.083846594,1.054150918,1.146165723
1.013635971,1.103679661,1.015867955,1.010070973,1.006900306,1.081559338,1.052915963,1.141724109
1.013224567,1.101077258,1.015327567,1.010070973,1.006900306,1.079403332,1.052211599,1.137607063
1.01335968,1.098480716,1.014833506,1.010792596,1.007264904,1.077121868,1.050808327,1.133249669
1.013494398,1.096645035,1.014185087,1.011153437,1.007264904,1.07511475,1.048875337,1.129265643
1.012810702,1.094112289,1.013747134,1.011694734,1.007264904,1.073551661,1.047996926,1.125663521
1.012808541,1.091799975,1.01340769,1.011514297,1.006535728,1.071824752,1.046219868,1.122255684
1.012531343,1.089438697,1.012974295,1.011875175,1.006535728,1.070153133,1.04533511,1.118787922
1.012124872,1.087135772,1.012728084,1.012236073,1.006900306,1.068542495,1.044103598,1.115143168
1.011851089,1.084837465,1.012389845,1.011694734,1.006535728,1.066876588,1.043399228,1.111700776
1.011850283,1.082490477,1.011991732,1.011875175,1.006718015,1.06523482,1.042157471,1.108211043
1.011576381,1.080733392,1.011742593,1.011514297,1.00744721,1.063611289,1.041092948,1.105126839
1.010485631,1.079244648,1.011245063,1.012055622,1.007811836,1.061791613,1.040737854,1.102312207
1.009938127,1.077757842,1.010797977,1.012055622,1.007264904,1.060032133,1.040030583,1.099366825
1.00952668,1.076219975,1.010251989,1.012416529,1.00762952,1.05827671,1.039152757,1.096458896
1.008680763,1.074631259,1.00971699,1.012777456,1.00762952,1.056529368,1.038099596,1.093519541
1.008396379,1.073150452,1.009076595,1.012777456,1.00744721,1.054777227,1.037045369,1.090767198
1.008524349,1.071724352,1.008582121,1.01259699,1.007082602,1.053018552,1.03669035,1.087968899
1.008241599,1.070247319,1.008285345,1.012416529,1.007264904,1.050969578,1.035983662,1.085584451
1.008100799,1.069140802,1.007993602,1.012236073,1.007264904,1.048998181,1.034756785,1.083194932
1.00782129,1.067982747,1.007654174,1.012055622,1.006535728,1.047033993,1.034230065,1.080748315
1.007265733,1.066878431,1.007264813,1.012055622,1.006171169,1.045122511,1.033521212,1.0783707
1.007262319,1.065827699,1.006928826,1.012236073,1.006353446,1.043231449,1.032989329,1.075993398
1.007393564,1.064725476,1.006588622,1.012236073,1.006171169,1.041347526,1.032103321,1.073439673
1.007386905,1.063676735,1.006291573,1.012055622,1.005806629,1.039388511,1.031051668,1.071006814
1.007646914,1.062576599,1.005997854,1.011875175,1.005077608,1.037572233,1.030695947,1.069163904
1.007101609,1.061372912,1.005613645,1.011694734,1.004895365,1.035889325,1.029470834,1.067138962
1.006692064,1.060118253,1.005126926,1.011333864,1.005442109,1.03432594,1.029289306,1.06506485
1.005877644,1.058864983,1.004632334,1.011333864,1.005259856,1.032704419,1.028761133,1.063075924
1.005332041,1.057613099,1.004142539,1.010973014,1.004530893,1.031029976,1.028045988,1.061065065
1.00478927,1.056310525,1.003651963,1.011514297,1.004895365,1.029436173,1.02786933,1.058975793
1.004231418,1.055061465,1.00320822,1.011514297,1.004530893,1.027767737,1.02699147,1.057099135
1.003779544,1.053346258,1.002721257,1.011514297,1.00398422,1.026824699,1.026465322,1.055380073
1.003914081,1.051944844,1.002331824,1.010973014,1.003619797,1.02576301,1.025763407,1.053775917
1.003614758,1.050545167,1.001897664,1.010792596,1.003437592,1.024692693,1.024876763,1.052059537
1.003341001,1.049147226,1.001459591,1.011333864,1.003437592,1.023617389,1.023993591,1.050488765
1.003198246,1.047751018,1.001117155,1.011694734,1.003437592,1.022489824,1.023117427,1.048897247
1.003062104,1.046304924,1.000730511,1.011514297,1.003437592,1.02141774,1.022591743,1.0472464
1.002912638,1.044860686,1.000387965,1.011694734,1.003802006,1.020374856,1.021537119,1.04554197
1.003034135,1.043469781,1.000001602,1.012236073,1.003437592,1.019653898,1.020992764,1.043788182
1.002885194,1.042492028,0.999610377,1.011875175,1.002891007,1.018882647,1.020816757,1.042350602
1.002613682,1.041412342,0.999275603,1.012055622,1.003073197,1.018069888,1.019933571,1.040983425
1.002846285,1.040385034,0.998998016,1.01259699,1.003437592,1.01727233,1.019754081,1.039509438
1.002835149,1.039307371,0.998605607,1.012777456,1.003437592,1.016471746,1.019395998,1.038095469
1.002407743,1.038281987,0.998228762,1.012957926,1.003255392,1.015618436,1.018696918,1.036705668
1.002406283,1.037308741,0.997889664,1.012777456,1.003437592,1.014873004,1.018520661,1.035350264
1.002132859,1.036234029,0.99765014,1.012957926,1.003802006,1.014394472,1.017643813,1.033789702
1.001995834,1.035620371,0.997516589,1.01259699,1.003802006,1.01384415,1.017640697,1.03251178
1.001717767,1.034955953,0.997518913,1.01259699,1.003437592,1.013337938,1.017287489,1.031164082
1.002104121,1.034342994,0.99747137,1.012055622,1.003255392,1.012793559,1.016932905,1.029967063
1.001833646,1.033577268,0.997424334,1.012055622,1.002708821,1.012224553,1.017105081,1.028849051
1.001684861,1.032965063,0.99737564,1.011875175,1.002344465,1.011694474,1.016385482,1.027673144
1.001414597,1.03230222,0.997262378,1.011875175,1.002344465,1.011113616,1.016382868,1.026292017
1.001682465,1.031945467,0.997322246,1.012055622,1.002162294,1.010652226,1.016031385,1.025168362
1.001631751,1.031283227,0.997525468,1.012055622,1.002344465,1.010439889,1.015505512,1.024014973
1.002004301,1.030672277,0.997673164,1.012055622,1.002891007,1.010084421,1.014978098,1.023065655
1.001731447,1.030010791,0.997968107,1.011333864,1.002708821,1.009877764,1.014625554,1.021838597
1.001574136,1.029349697,0.998165941,1.010792596,1.002708821,1.009569677,1.014271058,1.020684348
1.001300647,1.028739803,0.998478412,1.011694734,1.003437592,1.009251317,1.014266837,1.019733767
1.000754506,1.02807946,0.998687041,1.012055622,1.003073197,1.008992312,1.014089841,1.018671429
0.999931666,1.027216524,0.998691965,1.011153437,1.003255392,1.008756763,1.013043286,1.017726886
0.999390396,1.026100773,0.998958061,1.011333864,1.003619797,1.00862376,1.012165986,1.016817498
0.998847961,1.024986137,0.999157471,1.011153437,1.003437592,1.008465357,1.011991528,1.015982586
0.998166776,1.02377144,0.999407733,1.010973014,1.003073197,1.008263822,1.011283174,1.01504159
0.997483747,1.022608597,0.999604563,1.010973014,1.002891007,1.008094205,1.010236894,1.014112215
0.996927627,1.021446968,0.999899817,1.010251371,1.002708821,1.007909005,1.009364973,1.013165293
0.996106018,1.020286549,1.000107145,1.010251371,1.002708821,1.007726024,1.008662038,1.012177228
0.995834608,1.01998403,1.000511477,1.010612183,1.003437592,1.00730184,1.008660052,1.011622505
0.996098167,1.019026596,1.00061814,1.010792596,1.003802006,1.006987124,1.008137097,1.011019626
0.995795413,1.018170642,1.000620449,1.010612183,1.00416644,1.006628388,1.007263613,1.010244842
0.995386702,1.017315348,1.000721453,1.011333864,1.004348664,1.006263802,1.006910574,1.009624936
0.995652842,1.016460711,1.000770782,1.011875175,1.005077608,1.005908073,1.00654311,1.00881543
0.99538048,1.015456098,1.000826768,1.012236073,1.005259856,1.005539874,1.006535606,1.008043857
0.995650247,1.014653061,1.00093126,1.012416529,1.005077608,1.005188731,1.006184692,1.007434827
0.995210502,1.014251761,1.000804786,1.012416529,1.005077608,1.004728608,1.005473512,1.006715568
0.994669301,1.013599957,1.00066215,1.012957926,1.005259856,1.004153702,1.004776329,1.006051576
0.993941488,1.012898443,1.000467111,1.012777456,1.004530893,1.003680898,1.004600913,1.005449695
0.994203234,1.012347564,1.000275696,1.01259699,1.004713126,1.00313829,1.004592135,1.00493564
0.993922505,1.011746917,1.000142659,1.01259699,1.004348664,1.002664582,1.004414065,1.004437647
0.993914348,1.011146596,0.999900772,1.012416529,1.004348664,1.002189816,1.003541764,1.003774994
0.993757276,1.0105466,0.999721893,1.012055622,1.004348664,1.001758772,1.003715385,1.00317296
0.994283767,1.0105466,0.999699708,1.012236073,1.004348664,1.00146132,1.003886487,1.002797843
0.994405148,1.010296698,0.999656017,1.012777456,1.003802006,1.001205912,1.004039,1.002355795
0.994372942,1.010096817,0.999562132,1.013499366,1.003802006,1.000998773,1.004037299,1.001835314
0.994371829,1.009896972,0.999473174,1.013318881,1.00416644,1.000816615,1.003335834,1.001404537
0.994769316,1.009747111,0.9993936,1.012957926,1.00416644,1.000661102,1.003674536,1.000910628
0.994903998,1.009647216,0.999300669,1.013318881,1.004348664,1.000404707,1.003846087,1.000420285
0.995151477,1.009447452,0.999256707,1.013318881,1.004530893,1.000215389,1.004185751,0.999948948
0.995139395,1.009097951,0.999117649,1.01259699,1.003802006,1.000060232,1.00383136,0.999288376
0.994733243,1.009197797,0.999217388,1.01259699,1.003255392,0.999599738,1.003131871,0.998680126
0.994733063,1.009297652,0.999326379,1.012777456,1.003073197,0.99927646,1.002778652,0.998307535
0.995001489,1.009397516,0.999426674,1.012416529,1.002891007,0.998986984,1.001906181,0.997826278
0.994454275,1.009597271,0.999582335,1.012416529,1.002891007,0.998618075,1.001028893,0.997445716
0.99484355,1.009797062,0.999582569,1.012055622,1.003073197,0.99826191,0.999979184,0.997060592
0.994556199,1.009797062,0.999755268,1.011694734,1.003073197,0.997965114,0.999450343,0.996510209
0.995033074,1.009547329,0.999955656,1.011694734,1.003437592,0.997871546,0.999620925,0.996195069
0.995295411,1.009597271,1.000202011,1.011514297,1.003073197,0.997721075,0.999785228,0.995713508
0.995684383,1.009797062,1.000458051,1.011694734,1.003619797,0.99757414,0.99995689,0.995118603
0.995683445,1.009896972,1.000659317,1.012416529,1.003802006,0.997473338,0.999419177,0.994595434
0.995816222,1.00999689,1.000908919,1.012957926,1.004348664,0.99728512,0.999418803,0.994048107
0.996220139,1.010096817,1.0011111,1.013138401,1.003802006,0.997127909,0.999591041,0.993556181
0.99620267,1.010196753,1.001372954,1.013138401,1.003802006,0.996973431,0.99869972,0.993061705
0.996200627,1.00999689,1.001839753,1.013679855,1.003802006,0.996982527,0.998496815,0.992575583
0.996327596,1.009797062,1.001940404,1.013499366,1.00398422,0.99693713,0.99813754,0.992098075
0.996595859,1.009597271,1.002108567,1.013318881,1.004713126,0.996791635,0.997261538,0.991718614
0.996865725,1.009447452,1.002285938,1.013499366,1.00416644,0.996640858,0.997783199,0.991129135
0.996855719,1.009247723,1.00254167,1.013499366,1.004348664,0.996484124,0.997600421,0.990706026
0.996850249,1.008998114,1.002695013,1.014040849,1.004895365,0.996439979,0.997243907,0.990268296
0.996714497,1.008698657,1.002702564,1.014040849,1.004713126,0.996346829,0.996538569,0.989837397
1.019223857,1.03378141,1.019283063,1.028677159,1.016386115,1.006270996,1.011863912,0.994415654
1.044360796,1.065407678,1.041174498,1.048422592,1.037777007,1.021524687,1.035785944,1.00149124
1.069753219,1.097832495,1.063494495,1.06804329,1.058683343,1.036852896,1.059273041,1.008375722
1.095007298,1.131252681,1.086327688,1.087902847,1.079653066,1.052297964,1.083553493,1.015371942
1.121205464,1.165485727,1.109637504,1.107637111,1.100686464,1.06799047,1.107741877,1.022432342
1.146585686,1.200796096,1.133726099,1.127795307,1.121042485,1.083803317,1.132018102,1.029356263
1.172515321,1.237235307,1.158212625,1.147828715,1.141830077,1.099812522,1.155851875,1.036379822
1.202374447,1.280381691,1.188789341,1.170874782,1.170888092,1.124168431,1.192828805,1.048571049
1.232810957,1.325601975,1.220707477,1.195109987,1.202879887,1.151598856,1.233428413,1.062924958
1.26374215,1.37243098,1.253801384,1.219616483,1.234642063,1.17959115,1.273937099,1.077282241
1.294864044,1.421026185,1.287864184,1.243836777,1.266170482,1.208093406,1.315424938,1.091839779
1.32632108,1.471562388,1.322804808,1.267767404,1.297651073,1.237367448,1.356981771,1.106566652
1.357075608,1.524006387,1.359153541,1.291968702,1.329845944,1.267152878,1.398801102,1.121302392
1.388452874,1.578468126,1.396622334,1.31644307,1.361804856,1.297648658,1.440882196,1.136255762
1.421941924,1.635723485,1.435633655,1.341192946,1.396414173,1.333327896,1.489398887,1.155396381
1.456397144,1.695298566,1.476208426,1.36660071,1.432161908,1.37148099,1.539400527,1.17619124
1.490484734,1.757337074,1.51821907,1.392291751,1.467506389,1.410706404,1.590342105,1.197150912
1.525106779,1.821994831,1.561649929,1.417311946,1.504201216,1.451000517,1.640322715,1.218719008
1.559808265,1.889441082,1.606469692,1.443189754,1.540298872,1.492310832,1.691059464,1.240323935
1.595041019,1.960064019,1.653016927,1.468392169,1.576381842,1.53479273,1.742346882,1.26229193
1.630824173,2.034413857,1.701415858,1.494458787,1.613243229,1.578485008,1.79383845,1.284523171
1.641525722,2.055823033,1.720245961,1.506074931,1.639318606,1.611626592,1.831714349,1.304433531
1.650714893,2.064727471,1.729292866,1.512084099,1.654889346,1.638740035,1.861104692,1.322593335
1.659918218,2.073899665,1.738591163,1.51809838,1.670894321,1.666232691,1.891193587,1.341170365
1.668833842,2.082793156,1.747859524,1.523729279,1.686934844,1.694385763,1.920826413,1.359825613
1.677135431,2.092177865,1.757288306,1.529364663,1.702809858,1.723008337,1.950595009,1.378723463
1.686385389,2.101504956,1.766733442,1.535004539,1.719123002,1.752136538,1.980893612,1.398024572
1.695338199,2.109877428,1.775622181,1.541038345,1.734866742,1.783764363,2.013536344,1.420086214
1.699954768,2.108982345,1.775719685,1.543570181,1.742346894,1.803005426,2.03174152,1.436440378
1.704288475,2.107305366,1.774972426,1.545323522,1.747607832,1.818253648,2.045715702,1.450523831
1.708141047,2.105518458,1.774108548,1.547077296,1.752872586,1.833845127,2.060335809,1.464812343
1.71232718,2.103733477,1.77324272,1.548441643,1.758952047,1.849677987,2.074583959,1.479213819
1.716207625,2.10195042,1.772470326,1.550001218,1.764630803,1.865544214,2.088638656,1.493743259
1.720373705,2.10028055,1.771608393,1.551561137,1.770314,1.881580431,2.103350451,1.5085786
1.725180676,2.098056677,1.769880651,1.553511518,1.776001641,1.898782404,2.118708192,1.525362752
1.728602703,2.094615584,1.767182586,1.555462436,1.777627498,1.909706154,2.127735723,1.537962354
1.731394169,2.091402982,1.7642991,1.556633244,1.778440563,1.918577382,2.135120989,1.549027358
1.734658007,2.088307091,1.761517663,1.557999432,1.779253719,1.927492949,2.143135641,1.560234263
1.737768101,2.08532727,1.758840223,1.56014683,1.779660331,1.936477804,2.151369425,1.571509606
1.741191364,2.082462907,1.756167469,1.562099575,1.779863646,1.945494366,2.159814252,1.582949922
1.744308758,2.07949365,1.753596232,1.563857505,1.780066966,1.95456045,2.168467315,1.594476488
1.7467914,2.075652588,1.750745329,1.564443579,1.781897104,1.964164523,2.177340371,1.607624632
1.749445188,2.072586201,1.747991705,1.565029701,1.782100481,1.970325718,2.18312836,1.617596669
1.750999778,2.069853197,1.745813707,1.565420476,1.781693732,1.975177585,2.188299711,1.626388587
1.752545869,2.067233798,1.743459278,1.566006678,1.781693732,1.980170097,2.193267945,1.635231962
1.754109187,2.064727471,1.741306982,1.567179229,1.781287007,1.984985662,2.19843604,1.644287753
1.756298707,2.062007553,1.738948861,1.567570122,1.781490367,1.989906103,2.203413975,1.653146912
1.758476855,2.059075122,1.736314179,1.567961037,1.781693732,1.995249306,2.209015123,1.663118562
1.760819412,2.057014713,1.734342838,1.568742931,1.783727702,1.998286682,2.21233338,1.670799057
1.762803433,2.054740443,1.732573636,1.569915934,1.78393113,2.001158447,2.216073786,1.677757936
1.764823725,2.052577419,1.730711399,1.571284683,1.784541448,2.004196889,2.220231102,1.684828175
1.767328042,2.050309332,1.728745897,1.572458106,1.784948356,2.00704529,2.223558983,1.691936787
1.769357361,2.048044401,1.726796706,1.573827345,1.785151818,2.009820887,2.227300856,1.699167354
1.771860173,2.045674995,1.724941866,1.574609886,1.785355286,2.012685618,2.231257473,1.706324301
1.774369147,2.043416507,1.722713541,1.575783859,1.78393113,2.015669455,2.234590942,1.714449703
1.775467254,2.04169786,1.72076252,1.575588184,1.784338003,2.017518328,2.236871197,1.720812415
1.775612982,2.040517345,1.719184692,1.575783859,1.786576214,2.018856828,2.238536271,1.726455566
1.776079601,2.039444894,1.717713631,1.575783859,1.789018683,2.020211152,2.240617994,1.732003979
1.77683674,2.038587444,1.716234541,1.575783859,1.790851073,2.021550133,2.242284658,1.737642809
1.77698261,2.037516268,1.714661414,1.575783859,1.792887602,2.022893802,2.243951721,1.74303697
1.776971977,2.0364458,1.713190705,1.575196848,1.794720966,2.024363978,2.245203841,1.748712783
1.77803941,2.035055248,1.711439675,1.574609886,1.795943465,2.025603796,2.247282817,1.754927231
1.778466036,2.033986404,1.70978127,1.575196848,1.795739701,2.026249296,2.249151138,1.759857235
1.778620998,2.032704722,1.708494842,1.575001189,1.794924702,2.026558959,2.249556423,1.764007014
1.778620424,2.031744126,1.70703912,1.574414243,1.79533219,2.02716095,2.250389184,1.768250473
1.778930658,2.0307841,1.705756386,1.574218605,1.79533219,2.027574097,2.25143098,1.772595971
1.779400949,2.029611508,1.704199535,1.574022972,1.795943465,2.028088352,2.25226607,1.776774965
1.779242175,2.028546252,1.702921723,1.574218605,1.795943465,2.028607867,2.253517351,1.780875375
1.778888484,2.027375282,1.70165827,1.574218605,1.796758578,2.028615674,2.253722821,1.784578114
1.779041598,2.026205159,1.70020262,1.573827345,1.796758578,2.028616758,2.254131595,1.787968781
1.779180677,2.024929628,1.698653753,1.573240496,1.797369973,2.028412417,2.254122304,1.791454436
1.779487474,2.023655103,1.697196046,1.571675803,1.796554791,2.02821369,2.254328016,1.794899517
1.779484665,2.022275502,1.695648261,1.570893585,1.797166169,2.028112349,2.254103102,1.79834441
1.779635638,2.021003071,1.694192194,1.570306979,1.796962371,2.027914664,2.254099437,1.801762152
1.750165546,1.998060711,1.67475495,1.54434939,1.763007849,2.017579628,2.222611061,1.802490213
1.71960517,1.972149163,1.652511234,1.517710208,1.729816948,2.004161036,2.186914032,1.800886481
1.689691552,1.946653548,1.631254439,1.492331232,1.694968472,1.990944067,2.151600307,1.798852523
1.660104181,1.921763062,1.610265124,1.46588713,1.659487142,1.977842243,2.116662402,1.796887745
1.630361941,1.89726271,1.589696083,1.440693667,1.6245774,1.964737893,2.081898251,1.795024797
1.600332831,1.872853921,1.569298981,1.414825034,1.590232219,1.951846426,2.047099428,1.793067713
1.568370336,1.840207501,1.541284948,1.388860829,1.553882595,1.927235496,2.002979515,1.786109996
1.535543816,1.806860035,1.512953584,1.363182352,1.517324374,1.900383493,1.957527704,1.777762545
1.502038076,1.774415948,1.485416198,1.337408656,1.481537419,1.874230864,1.911777538,1.768648309
1.469634802,1.743017516,1.458651595,1.310975945,1.445929249,1.848477435,1.865915875,1.759261717
1.437138133,1.712360756,1.432325023,1.28483088,1.410884792,1.822990272,1.820751662,1.75017538
1.405422384,1.682335151,1.406787477,1.259719001,1.375820458,1.7979139,1.775872355,1.740858659
1.372011724,1.649763949,1.378976882,1.233952123,1.340164142,1.765675268,1.727410243,1.72687278
1.339256459,1.617432671,1.35127218,1.207723699,1.304306576,1.732746658,1.678134445,1.711837789
1.30684075,1.585746332,1.324163712,1.181964316,1.268441464,1.700344197,1.629002981,1.697187149
1.273776052,1.555073983,1.297901537,1.156669291,1.232382,1.668727049,1.580406083,1.682017658
1.240910538,1.525144559,1.272315008,1.130915946,1.19575792,1.637631424,1.531416011,1.666446011
1.207985403,1.495857385,1.247297068,1.105075762,1.159697583,1.607278938,1.483327321,1.651423866
1.174570023,1.465375226,1.221799059,1.080061466,1.124564576,1.573021835,1.433351719,1.632585226
1.140968365,1.435360556,1.196781574,1.054593411,1.088501456,1.53863483,1.383929157,1.613168409
1.10787139,1.405943812,1.172162868,1.029400754,1.053175542,1.505125098,1.334683433,1.593711897
1.101110965,1.391376948,1.15963295,1.028315391,1.048772458,1.479627314,1.312563007,1.576853382
1.095184903,1.37901013,1.149433211,1.027049351,1.044922059,1.456601267,1.295245501,1.561310003
1.089812104,1.366895306,1.13921207,1.026506835,1.041623425,1.433939068,1.2776119,1.54598702
1.0840341,1.353492886,1.128314184,1.025421931,1.038509493,1.40883198,1.259119963,1.527574514
1.077850235,1.339767724,1.117409725,1.0237949,1.035030877,1.383719609,1.239595946,1.508728017
1.072081675,1.326123819,1.106694281,1.022348975,1.031371069,1.358970323,1.220300661,1.490090427
1.068759352,1.318707808,1.10141067,1.021445427,1.029359001,1.342779371,1.209665454,1.475832182
1.06601436,1.312302761,1.096795759,1.020722675,1.028627486,1.328511625,1.201044824,1.462883331
1.063537153,1.305930151,1.092197365,1.020722675,1.027896048,1.314280264,1.191713979,1.45003058
1.060521673,1.298376543,1.087514654,1.021084042,1.026616218,1.298569038,1.18257924,1.435090363
1.057647428,1.290297438,1.082745081,1.021084042,1.025336625,1.282798689,1.173278658,1.419634648
1.054504047,1.282207323,1.077785252,1.020541999,1.024057269,1.267149056,1.164155639,1.404422241
1.052441258,1.276362181,1.074971744,1.020541999,1.023874524,1.257129563,1.158265509,1.393114431
1.050390056,1.271106267,1.072695819,1.020722675,1.023509047,1.248067776,1.153269064,1.382856746
1.048206158,1.265872577,1.070430392,1.020722675,1.023143589,1.239066039,1.148627693,1.372717138
1.046826937,1.260722883,1.068201179,1.019819343,1.022595439,1.230136079,1.14345138,1.362607943
1.044643174,1.254238889,1.065628901,1.020180662,1.022595439,1.21988224,1.13776096,1.350651227
1.042584786,1.247298875,1.062953879,1.020180662,1.02186464,1.209164088,1.131361901,1.337847999
1.041358124,1.241860365,1.061123975,1.02,1.021133919,1.20209006,1.127452382,1.328396353
1.040376045,1.236810194,1.0594622,1.02,1.020768587,1.195631331,1.123371486,1.319605868
1.039281608,1.231720362,1.057951124,1.019458044,1.020403275,1.189194908,1.119469154,1.311086969
1.038190532,1.226711927,1.056347506,1.019638691,1.020037982,1.182789039,1.1162787,1.302623523
1.037100425,1.220525201,1.054591195,1.020361328,1.020220626,1.175750111,1.111495198,1.292573435
1.035869122,1.214489106,1.052617934,1.02,1.019490079,1.168447873,1.1072442,1.282184571
1.034899724,1.209669947,1.051406463,1.019819343,1.018759609,1.163538616,1.103882406,1.274653272
1.034349139,1.205284012,1.050272632,1.02,1.018394403,1.159010308,1.101747374,1.267534851
1.033526668,1.20109084,1.049139399,1.02,1.017664049,1.154515383,1.099272739,1.260582258
1.032837706,1.196794738,1.047957763,1.019458044,1.017481472,1.150059546,1.096439225,1.253537015
1.03241848,1.192279831,1.046829101,1.019277401,1.017116334,1.144860553,1.093256463,1.245220407
1.031435564,1.187373802,1.045643763,1.018916131,1.016021035,1.139311593,1.090429232,1.237044302
1.030746306,1.183475035,1.044516954,1.019096764,1.015473451,1.135241256,1.087949034,1.230734957
1.029930856,1.180110233,1.043611699,1.018916131,1.015290933,1.13151921,1.085473666,1.22490191
1.02937682,1.176697132,1.042703801,1.018735502,1.015108419,1.127749439,1.082998646,1.219158079
1.029238321,1.173466604,1.041847032,1.018916131,1.014378413,1.123945877,1.080165711,1.213323535
1.028556573,1.169268518,1.040621407,1.019096764,1.013830959,1.119745922,1.07822367,1.206573961
1.027605622,1.165085229,1.039392743,1.018374261,1.013830959,1.115380902,1.075216976,1.199505976
1.026641371,1.160916658,1.038226122,1.019096764,1.013466014,1.111047906,1.072927009,1.192604002
1.026092906,1.15789934,1.037424664,1.018735502,1.013101089,1.107963523,1.071518607,1.187414458
1.025395908,1.155456977,1.036724167,1.018554879,1.013101089,1.10534717,1.070630422,1.18294851
1.024850624,1.152963037,1.035959842,1.018554879,1.012918633,1.102678003,1.068690617,1.178446106
1.024301981,1.149344884,1.035045032,1.018193647,1.012553736,1.099628718,1.067106125,1.173189348
1.023893847,1.145737819,1.034028718,1.018013038,1.012371295,1.096626946,1.065345396,1.167881534
1.023611103,1.142085693,1.032960534,1.018013038,1.012371295,1.093674849,1.063411247,1.162476889
1.023474021,1.139619919,1.032203806,1.017290649,1.012188859,1.0914067,1.062355307,1.15849745
1.02333322,1.13710346,1.031598093,1.017290649,1.012553736,1.08938902,1.061476151,1.154957421
1.022923292,1.134369453,1.030941768,1.017110064,1.012553736,1.087316619,1.060760693,1.151297329
1.022083882,1.13141944,1.030391672,1.016929484,1.012188859,1.084621168,1.059172114,1.147013595
1.021131712,1.127811644,1.029786762,1.016929484,1.012006427,1.081710463,1.057590969,1.142338852
1.019908425,1.124325476,1.029181314,1.017110064,1.012188859,1.078806389,1.056360079,1.137982056
1.018675462,1.120959897,1.028530972,1.016929484,1.011459162,1.076687849,1.054940271,1.134724684
1.018537311,1.11815351,1.027932985,1.016929484,1.012006427,1.074910079,1.053184891,1.131496254
1.018262198,1.115353888,1.027481974,1.016568338,1.012371295,1.073135394,1.052130765,1.128454838
1.01825964,1.112232875,1.026878543,1.017110064,1.012188859,1.071083364,1.051250874,1.124768819
1.017844557,1.109011186,1.026273555,1.017110064,1.012188859,1.069100897,1.049843037,1.120868229
1.017025395,1.105635323,1.025521796,1.016748908,1.012188859,1.067057424,1.048786448,1.117033357
1.016329912,1.103082758,1.025019022,1.01620721,1.012188859,1.065515314,1.046854591,1.114179882
1.016319484,1.100589961,1.024565752,1.016387772,1.011824001,1.06413815,1.045801881,1.11144697
1.015641112,1.097994516,1.024011672,1.015846102,1.011641579,1.062816522,1.044392058,1.108661925
1.015630082,1.095189372,1.023560943,1.01620721,1.011459162,1.061351619,1.043512283,1.105463631
1.015619551,1.092014878,1.023210132,1.016387772,1.011641579,1.059922795,1.04227592,1.10225935
1.015345352,1.089009895,1.022963416,1.016387772,1.011641579,1.058499557,1.041391605,1.099076708
1.015338454,1.086975275,1.022814534,1.016568338,1.011641579,1.057346538,1.04068202,1.096665231
1.014788071,1.084890862,1.022777157,1.016748908,1.01127675,1.056244956,1.039806205,1.094198188
1.014245083,1.082916845,1.022804371,1.016568338,1.011094343,1.055126691,1.038573576,1.091946911
1.013418382,1.080786598,1.022655931,1.016568338,1.010364762,1.053842467,1.037520523,1.089086235
1.012328922,1.07807628,1.022153191,1.015485013,1.009635258,1.052535691,1.035754372,1.08623024
1.011642573,1.075584223,1.021763008,1.016387772,1.009817626,1.051231043,1.034525408,1.083379448
1.011197888,1.073309017,1.021163409,1.016387772,1.009635258,1.050636325,1.033474313,1.081225701
1.011325552,1.071566007,1.020679016,1.016568338,1.009817626,1.050164644,1.032423085,1.079322778
1.011460485,1.069825662,1.020277916,1.016568338,1.009635258,1.04967905,1.032071222,1.077246203
1.011320381,1.067877528,1.019677002,1.016568338,1.009635258,1.048868295,1.031019762,1.074885407
1.011047279,1.066090291,1.018982007,1.01620721,1.009088181,1.047898151,1.030494998,1.072394707
1.010610511,1.064200984,1.01818846,1.015665556,1.008541147,1.046992332,1.02926309,1.069908031
1.010199689,1.062681328,1.017538296,1.015123944,1.008358812,1.046249576,1.028386543,1.068011632
1.010062362,1.06142522,1.016991567,1.015304476,1.007811836,1.045490244,1.027670262,1.066370164
1.010037032,1.060118253,1.016441695,1.015304476,1.008176482,1.044845439,1.02679587,1.064816805
1.009758548,1.058760606,1.01634496,1.015304476,1.008358812,1.043679076,1.026968608,1.062687842
1.009599173,1.056779279,1.016170888,1.014762893,1.008176482,1.042708533,1.026262313,1.060393513
1.009732493,1.054957439,1.015929046,1.015123944,1.008358812,1.041732752,1.025737547,1.058220483
1.009446075,1.053294323,1.015582616,1.014943416,1.008358812,1.040960262,1.025212861,1.05668028
1.009011625,1.051944844,1.015249761,1.014943416,1.008176482,1.040152118,1.023977752,1.055175921
1.008875754,1.050545167,1.01481123,1.014762893,1.008358812,1.039342912,1.02345198,1.053692135
1.008040303,1.048888539,1.014363678,1.014582375,1.008358812,1.038551426,1.023100558,1.051755409
1.008039775,1.047337658,1.013869744,1.014762893,1.008176482,1.037487027,1.022400725,1.049836924
1.007353719,1.045530994,1.013374046,1.014221353,1.008176482,1.036411181,1.022221636,1.047878197
1.007202112,1.043984731,1.012927559,1.014221353,1.007994157,1.035519761,1.021343639,1.046350745
1.007046529,1.042852154,1.012929777,1.014762893,1.007994157,1.034666422,1.021342235,1.044948023
1.007041328,1.041772122,1.01283081,1.01386035,1.00762952,1.033860904,1.020989627,1.043531954
1.007032287,1.040949937,1.012835303,1.014221353,1.00762952,1.032512446,1.020637218,1.041892782
1.007019325,1.040231019,1.012843322,1.014582375,1.00762952,1.031101287,1.02045927,1.040137894
1.00660988,1.039512561,1.012799041,1.014943416,1.00744721,1.029710668,1.019760363,1.038464629
1.006742102,1.03910222,1.012950734,1.015304476,1.007811836,1.028538174,1.019054622,1.03707967
1.006322409,1.038333234,1.013150262,1.015485013,1.007994157,1.027523848,1.018526477,1.035860264
1.006183329,1.037769647,1.01345139,1.015485013,1.00762952,1.02652434,1.017828239,1.034562663
1.006318409,1.036899205,1.01325243,1.015665556,1.007811836,1.025345845,1.017653278,1.033211806
1.006046862,1.035722624,1.012909091,1.015485013,1.007994157,1.024179004,1.01729573,1.031762244
1.006019702,1.034598353,1.012666784,1.014943416,1.006900306,1.022903692,1.017813616,1.030205574
1.005746867,1.033526238,1.012023385,1.015304476,1.006718015,1.022161635,1.016588244,1.029092022
1.005472585,1.033118083,1.01138585,1.01620721,1.006718015,1.021154833,1.016233907,1.028269634
1.00532144,1.032608099,1.010903227,1.015665556,1.005988897,1.020143713,1.016205336,1.027214622
1.00517837,1.032200279,1.010460798,1.015485013,1.006171169,1.019026674,1.015847087,1.025998533
1.005033652,1.031486952,1.009767336,1.015665556,1.006171169,1.017887143,1.015485831,1.024601771
1.004721207,1.030672277,1.009123592,1.016026654,1.005806629,1.016661563,1.014918644,1.023096145
1.004710325,1.030214284,1.008685764,1.016026654,1.005806629,1.015550101,1.01385873,1.02203625
1.004030987,1.029705622,1.008169351,1.015665556,1.005988897,1.014748732,1.01367772,1.021206836
1.004152208,1.029400536,1.007637082,1.015665556,1.005624367,1.013845089,1.013323359,1.02021067
1.003876626,1.028333392,1.007193205,1.015304476,1.005988897,1.012942053,1.013147641,1.019102218
1.003867192,1.027622529,1.006752318,1.015304476,1.006171169,1.011775742,1.012622063,1.017824762
1.003558135,1.026861391,1.006310158,1.015485013,1.006353446,1.010556511,1.011748623,1.016608793
1.003151694,1.025695322,1.005826654,1.015485013,1.006535728,1.009921361,1.011218735,1.015649394
1.002730485,1.024631714,1.005389383,1.015304476,1.006900306,1.009356311,1.010692082,1.014772771
1.002459131,1.023467973,1.004899386,1.015304476,1.006900306,1.008723279,1.010162878,1.013785826
1.001909391,1.022355966,1.004217833,1.014762893,1.006535728,1.007958311,1.010152484,1.012622583
1.001485992,1.021144133,1.003742367,1.014943416,1.006535728,1.0072128,1.009803003,1.01141736
1.001457907,1.019832801,1.003208804,1.015485013,1.006900306,1.006368049,1.010151279,1.010199117
1.00091366,1.018825135,1.003113069,1.015304476,1.006535728,1.005757927,1.009278637,1.00905907
1.00063248,1.017919017,1.003114497,1.015123944,1.006353446,1.005143319,1.009103715,1.008061988
1.000207223,1.017114198,1.003115254,1.015304476,1.006718015,1.004565305,1.007881774,1.007124233
1.000335058,1.016309961,1.002785277,1.014762893,1.006718015,1.003995857,1.008053926,1.005964841
1.000734235,1.015506307,1.002494914,1.014943416,1.006900306,1.003259587,1.007694348,1.004820398
1.000693273,1.014753409,1.002155533,1.014762893,1.00762952,1.00252248,1.007345045,1.003764065
1.000271697,1.013950881,1.001715747,1.014762893,1.006900306,1.001891402,1.006812718,1.002724614
1.000402162,1.013399479,1.001473112,1.014401861,1.006353446,1.001332092,1.006456364,1.001851717
1.000379505,1.012998632,1.001180478,1.01386035,1.006353446,1.00077221,1.006102493,1.001041944
1.000377771,1.011847003,1.000792101,1.01386035,1.006171169,0.999942915,1.006098271,1.000090577