Pulse_Index,Gas,ppm,is_outdoor_synthetic,Point_0,Point_1,Point_2,Point_3,Point_4,Point_5,Point_6,Point_7,Point_8,Point_9,Point_10,Point_11,Point_12,Point_13,Point_14,Point_15,Point_16,Point_17,Point_18,Point_19,Point_20,Point_21,Point_22,Point_23,Point_24,Point_25,Point_26,Point_27,Point_28,Point_29,Point_30,Point_31,Point_32,Point_33,Point_34,Point_35,Point_36,Point_37,Point_38,Point_39,Point_40,Point_41,Point_42,Point_43,Point_44,Point_45,Point_46,Point_47,Point_48,Point_49,Point_50,Point_51,Point_52,Point_53,Point_54,Point_55,Point_56,Point_57,Point_58,Point_59,Point_60,Point_61,Point_62,Point_63,Point_64,Point_65,Point_66,Point_67,Point_68,Point_69,Point_70,Point_71,Point_72,Point_73,Point_74,Point_75,Point_76,Point_77,Point_78,Point_79,Point_80,Point_81,Point_82,Point_83,Point_84,Point_85,Point_86,Point_87,Point_88,Point_89,Point_90,Point_91,Point_92,Point_93,Point_94,Point_95,Point_96,Point_97,Point_98,Point_99,Point_100,Point_101,Point_102,Point_103,Point_104,Point_105,Point_106,Point_107,Point_108,Point_109,Point_110,Point_111,Point_112,Point_113,Point_114,Point_115,Point_116,Point_117,Point_118,Point_119,Point_120,Point_121,Point_122,Point_123,Point_124,Point_125,Point_126,Point_127,Point_128,Point_129,Point_130,Point_131,Point_132,Point_133,Point_134,Point_135,Point_136,Point_137,Point_138,Point_139,Point_140,Point_141,Point_142,Point_143,Point_144,Point_145,Point_146,Point_147,Point_148,Point_149,Point_150,Point_151,Point_152,Point_153,Point_154,Point_155,Point_156,Point_157,Point_158,Point_159,Point_160,Point_161,Point_162,Point_163,Point_164,Point_165,Point_166,Point_167,Point_168,Point_169,Point_170,Point_171,Point_172,Point_173,Point_174,Point_175,Point_176,Point_177,Point_178,Point_179,Point_180,Point_181,Point_182,Point_183,Point_184,Point_185,Point_186,Point_187,Point_188,Point_189,Point_190,Point_191,Point_192,Point_193,Point_194,Point_195,Point_196,Point_197,Point_198,Point_199,Point_200,Point_201,Point_202,Point_203,Point_204,Point_205,Point_206,Point_207,Point_208,Point_209,Point_210,Point_211,Point_212,Point_213,Point_214,Point_215,Point_216,Point_217,Point_218,Point_219,Point_220,Point_221,Point_222,Point_223,Point_224,Point_225,Point_226,Point_227,Point_228,Point_229,Point_230,Point_231,Point_232,Point_233,Point_234,Point_235,Point_236,Point_237,Point_238,Point_239,Point_240,Point_241,Point_242,Point_243,Point_244,Point_245,Point_246,Point_247,Point_248,Point_249
Synth_Outdoor_Air_1,Clean Air,0.0,1,0.01806,0.0166,0.01366,0.0143,0.01638,0.01829,0.01457,0.01753,0.019,0.01983,0.01697,0.01765,0.0138,0.01985,0.01614,0.01526,0.01662,0.0188,0.02015,0.01663,0.01767,0.01617,0.01498,0.01922,0.01485,0.01783,0.01895,0.01792,0.0196,0.02035,0.01642,0.01525,0.0139,0.01748,0.01634,0.01835,0.01543,0.01924,0.01568,0.01521,0.01643,0.0162,0.01747,0.01625,0.0173,0.01567,0.016,0.01612,0.01894,0.01572,0.01242,0.01486,0.01646,0.0182,0.01851,0.01478,0.01965,0.01649,0.01854,0.01524,0.01173,0.01365,0.01111,0.01964,0.0153,0.01495,0.01768,0.01575,0.01658,0.01772,0.01627,0.01432,0.01682,0.01642,0.01425,0.01685,0.01203,0.00979,0.0128,0.01024,0.01126,0.00961,0.01026,0.01295,0.00921,0.00727,0.01149,0.00819,0.00848,0.01018,0.01058,0.01059,0.00642,0.01012,0.00712,0.00649,0.01053,0.00749,0.00804,0.00801,0.00717,0.00936,0.00838,0.00437,0.00742,0.00584,0.00975,0.00583,0.00647,0.00754,0.00757,0.00814,0.00576,0.01001,0.00779,0.0091,0.00849,0.00717,0.0063,0.00641,0.00983,0.00908,0.00686,0.00277,0.00692,0.00742,0.00663,0.0093,0.00897,0.00852,0.00808,0.00438,0.00762,0.01115,0.00875,0.00755,0.0081,0.0078,0.00453,0.00664,0.00694,0.00892,0.00717,0.00591,0.00913,0.00706,0.00517,0.00575,0.00781,0.00889,0.00772,0.00795,0.00771,0.00802,0.00805,0.0038,0.00717,0.00562,0.00904,0.00724,0.00728,0.00474,0.00891,0.00817,0.00856,0.00578,0.00584,0.00734,0.00596,0.00801,0.00376,0.00711,0.01025,0.00768,0.00842,0.01021,0.0035,0.00578,0.0064,0.00829,0.00831,0.0057,0.00896,0.0064,0.00882,0.00545,0.00682,0.00626,0.00858,0.00622,0.00748,0.00783,0.00782,0.00863,0.00732,0.00725,0.00693,0.00704,0.0081,0.00678,0.00703,0.00579,0.00856,0.00817,0.0085,0.00784,0.00681,0.00733,0.00781,0.01007,0.00563,0.01021,0.01044,0.00902,0.01074,0.01004,0.01025,0.01132,0.00984,0.01271,0.01137,0.01182,0.01579,0.01469,0.01061,0.01302,0.01536,0.01485,0.01286,0.0169,0.01609,0.01519,0.01612,0.01715,0.016,0.01883,0.01812,0.01531,0.01657,0.01536,0.01721,0.01771,0.01492,0.01621,0.01653,0.01553,0.01651,0.01775,0.01695,0.01734
Synth_Outdoor_Air_2,Clean Air,0.0,1,0.0349,0.04187,0.04777,0.05416,0.06581,0.07569,0.08798,0.09885,0.10738,0.12027,0.13775,0.14826,0.16438,0.17894,0.19105,0.2051,0.21926,0.23414,0.24601,0.25963,0.27191,0.28208,0.29576,0.30448,0.31601,0.32649,0.33367,0.34084,0.34733,0.3538,0.35897,0.36686,0.37044,0.37357,0.38155,0.3834,0.38625,0.38896,0.3925,0.39728,0.39957,0.40038,0.40308,0.4057,0.40326,0.40387,0.40795,0.40521,0.40496,0.40294,0.40686,0.40357,0.40487,0.40688,0.40708,0.40495,0.40499,0.40302,0.40353,0.40451,0.4014,0.40204,0.39987,0.40247,0.40058,0.40013,0.40067,0.39477,0.39573,0.39298,0.39886,0.39443,0.39392,0.38916,0.39121,0.39377,0.3882,0.3859,0.3875,0.383,0.38574,0.38593,0.38358,0.38301,0.3821,0.38127,0.37788,0.38084,0.38265,0.3765,0.37748,0.37833,0.37741,0.37378,0.37491,0.37391,0.37146,0.37314,0.37049,0.37076,0.36881,0.36782,0.36921,0.3713,0.36839,0.3667,0.36803,0.36526,0.3673,0.36577,0.3653,0.36187,0.36367,0.36326,0.36212,0.36271,0.36445,0.36152,0.34904,0.32693,0.30126,0.26975,0.2385,0.21455,0.19586,0.18215,0.16366,0.1504,0.13774,0.12557,0.11944,0.10742,0.10108,0.09342,0.0843,0.08128,0.07362,0.07099,0.06437,0.06158,0.05642,0.0597,0.04965,0.04988,0.04772,0.04588,0.04407,0.03904,0.03977,0.03887,0.03542,0.03352,0.03122,0.02824,0.03104,0.03046,0.02634,0.02586,0.0246,0.02357,0.02301,0.02365,0.02047,0.01951,0.02219,0.0198,0.01676,0.01844,0.01748,0.01964,0.0179,0.01859,0.01762,0.01748,0.01433,0.01469,0.01295,0.01378,0.01531,0.01366,0.01576,0.01109,0.01309,0.01077,0.01216,0.01255,0.01219,0.01206,0.00983,0.00958,0.01263,0.0133,0.01086,0.01215,0.01094,0.00944,0.00827,0.01021,0.00847,0.00756,0.00724,0.00834,0.01036,0.0097,0.00731,0.00971,0.01112,0.01066,0.00836,0.00999,0.00628,0.00916,0.00863,0.00677,0.00884,0.00472,0.01159,0.00627,0.0103,0.00788,0.01007,0.00682,0.00787,0.00885,0.00841,0.00888,0.00765,0.00666,0.00534,0.00778,0.00966,0.0102,0.00828,0.00673,0.00477,0.00856,0.005,0.0073,0.00719,0.0069,0.00758,0.0076,0.00411,0.00702,0.00504,0.01215,0.01324,0.0141,0.01991,0.02627
Synth_Outdoor_Air_3,Clean Air,0.0,1,0.06582,0.07382,0.08544,0.09753,0.10743,0.12279,0.13609,0.14649,0.16594,0.1752,0.19376,0.20313,0.22114,0.2381,0.24725,0.25946,0.27357,0.28302,0.29799,0.30624,0.31525,0.32428,0.33075,0.33979,0.34879,0.35355,0.35958,0.37015,0.3701,0.37695,0.38166,0.38602,0.38781,0.39217,0.39619,0.39687,0.40059,0.39941,0.40279,0.40336,0.40573,0.40711,0.40705,0.41056,0.4076,0.41012,0.408,0.41004,0.40908,0.40662,0.40552,0.40753,0.4071,0.40496,0.40299,0.40553,0.40705,0.40292,0.40366,0.40193,0.39955,0.40217,0.39852,0.39876,0.39812,0.3987,0.39446,0.39652,0.39289,0.39243,0.38736,0.39523,0.39163,0.38886,0.38706,0.38735,0.38868,0.3835,0.38555,0.38632,0.38207,0.38357,0.38648,0.38265,0.38114,0.37983,0.37913,0.38098,0.37589,0.37342,0.37491,0.373,0.37371,0.37262,0.3753,0.37289,0.37264,0.37083,0.3682,0.36675,0.36959,0.37027,0.36726,0.36631,0.36593,0.36687,0.36755,0.36668,0.36606,0.36449,0.3609,0.36655,0.36609,0.36194,0.34918,0.32882,0.30418,0.27053,0.24072,0.21496,0.19619,0.17967,0.16341,0.15193,0.13551,0.1245,0.11683,0.1085,0.09963,0.09465,0.0838,0.07736,0.07513,0.06858,0.06671,0.06116,0.05687,0.05326,0.0499,0.04698,0.04497,0.04176,0.04201,0.03906,0.0398,0.03425,0.0323,0.03594,0.02944,0.03006,0.02777,0.02651,0.02578,0.02234,0.02429,0.02012,0.02168,0.01996,0.02028,0.02037,0.0201,0.01861,0.01645,0.01608,0.01754,0.01695,0.01361,0.01228,0.01308,0.01595,0.01618,0.01263,0.01156,0.01517,0.0137,0.01379,0.01276,0.01041,0.01108,0.01004,0.00999,0.01137,0.01057,0.00563,0.00876,0.00537,0.00942,0.01032,0.00853,0.0066,0.01004,0.0089,0.00634,0.00512,0.00908,0.01094,0.00952,0.00813,0.00503,0.00827,0.00576,0.00616,0.00401,0.00638,0.00693,0.00782,0.00353,0.00797,0.00277,0.00825,0.00801,0.0065,0.00698,0.00506,0.00718,0.00694,0.002,0.00534,0.00554,0.00484,0.008,0.00477,0.00525,0.00268,0.00807,0.00572,0.00519,0.00543,0.00595,0.00565,0.00897,0.00568,0.00482,0.00528,0.00519,0.0029,0.00506,0.00618,0.0052,0.00379,0.00941,0.00706,0.00984,0.01415,0.01817,0.02666,0.03185,0.03821,0.04693,0.05333
Synth_Outdoor_Air_4,Clean Air,0.0,1,0.03716,0.03827,0.03532,0.03711,0.03564,0.03739,0.03364,0.03353,0.03541,0.03467,0.03522,0.03567,0.03708,0.03539,0.03476,0.03547,0.03485,0.0346,0.03358,0.0361,0.03515,0.03745,0.03383,0.03519,0.03872,0.03459,0.03565,0.03418,0.03398,0.03832,0.03626,0.0362,0.03346,0.03654,0.03774,0.03772,0.037,0.03431,0.03647,0.037,0.03331,0.03432,0.03733,0.03731,0.03368,0.03719,0.03614,0.03717,0.03505,0.03697,0.03727,0.03547,0.03603,0.03503,0.03848,0.03582,0.03462,0.03493,0.03619,0.03713,0.034,0.03877,0.03646,0.0367,0.03585,0.03603,0.03578,0.03753,0.03599,0.03715,0.03535,0.03629,0.03479,0.03782,0.03475,0.03551,0.03553,0.03547,0.03708,0.03553,0.03809,0.03477,0.03625,0.03484,0.03663,0.03598,0.03577,0.03778,0.03502,0.03688,0.03485,0.03617,0.03421,0.03501,0.03588,0.03872,0.03615,0.03848,0.03633,0.03542,0.03831,0.03666,0.03504,0.03671,0.03556,0.03302,0.0374,0.03764,0.03876,0.03663,0.03563,0.03725,0.03727,0.03846,0.03593,0.03575,0.03493,0.03681,0.03368,0.03716,0.03688,0.03688,0.03621,0.0383,0.03731,0.03509,0.03512,0.03468,0.03683,0.0345,0.03763,0.03798,0.03468,0.03572,0.03602,0.03733,0.03841,0.03347,0.03552,0.0356,0.0339,0.03527,0.03664,0.03558,0.03368,0.04031,0.0364,0.03617,0.03435,0.03639,0.03575,0.03317,0.03439,0.03719,0.03892,0.03655,0.03765,0.03577,0.03587,0.03764,0.03849,0.03795,0.0344,0.0359,0.03642,0.03561,0.03658,0.03723,0.0375,0.03853,0.03551,0.03395,0.03654,0.03883,0.03528,0.03703,0.03704,0.03629,0.03601,0.03461,0.03258,0.03433,0.03541,0.03765,0.03585,0.03522,0.03466,0.03699,0.03804,0.0376,0.03691,0.03379,0.03547,0.03892,0.03768,0.03369,0.03592,0.03654,0.03486,0.03254,0.03615,0.03482,0.03482,0.03547,0.0358,0.03599,0.03467,0.03567,0.03336,0.03647,0.03172,0.03557,0.03738,0.03441,0.03707,0.03773,0.03104,0.03577,0.03169,0.03582,0.03599,0.03228,0.03889,0.03643,0.03473,0.0382,0.03331,0.03416,0.03255,0.0387,0.0365,0.03699,0.03645,0.03686,0.03612,0.03641,0.03616,0.03509,0.03593,0.03641,0.03617,0.03378,0.03398,0.03762,0.03554,0.03688,0.03436,0.03379,0.03473,0.03567
Synth_Outdoor_Air_5,Clean Air,0.0,1,0.004,0.00694,0.00527,0.00777,0.00561,0.002,0.00658,0.00274,0.00535,0.00384,0.00821,0.00716,0.00389,0.00481,0.00537,0.0063,0.00504,0.00346,0.00392,0.00499,0.00685,0.00564,0.00384,0.00597,0.00442,0.00634,0.00879,0.00446,0.0062,0.00388,0.00483,0.00504,0.00471,0.00869,0.00454,0.00588,0.0021,0.00565,0.00671,0.00421,0.002,0.00494,0.00503,0.00609,0.00802,0.00443,0.00372,0.00325,0.0053,0.00572,0.00418,0.00617,0.0057,0.00506,0.00365,0.00428,0.002,0.00535,0.00504,0.00528,0.00576,0.00558,0.00483,0.00507,0.00289,0.00412,0.00508,0.0039,0.00629,0.00401,0.00532,0.00517,0.00612,0.00635,0.00604,0.002,0.00679,0.00729,0.00428,0.00535,0.00366,0.00208,0.00389,0.00419,0.00447,0.00356,0.0039,0.00498,0.00384,0.00582,0.00602,0.00857,0.00669,0.00536,0.00407,0.00544,0.00549,0.00423,0.00618,0.0029,0.00463,0.00583,0.00457,0.00469,0.00479,0.00375,0.00676,0.00347,0.00548,0.00562,0.00358,0.00511,0.00364,0.00709,0.00329,0.00402,0.00316,0.00296,0.00739,0.00581,0.00521,0.00402,0.00636,0.00376,0.00619,0.00369,0.00403,0.00614,0.0063,0.0059,0.00343,0.00433,0.00524,0.00373,0.00706,0.002,0.00383,0.00424,0.002,0.00291,0.00594,0.00505,0.00736,0.00732,0.00565,0.00547,0.0051,0.002,0.00291,0.00515,0.00592,0.00543,0.00366,0.00641,0.00722,0.00641,0.00648,0.00416,0.00661,0.00522,0.00577,0.00555,0.00482,0.00371,0.00488,0.00648,0.00434,0.00634,0.00611,0.00455,0.00708,0.00447,0.00726,0.00565,0.00498,0.00367,0.00487,0.00469,0.00311,0.00467,0.00379,0.00588,0.00696,0.00316,0.00757,0.00481,0.00354,0.00614,0.00433,0.00488,0.00439,0.00377,0.00609,0.00457,0.00285,0.00583,0.00319,0.00327,0.00679,0.00321,0.002,0.00593,0.00454,0.00467,0.00453,0.00535,0.00387,0.00721,0.00279,0.00567,0.00596,0.00386,0.00346,0.00653,0.00351,0.00409,0.00633,0.00505,0.0023,0.00762,0.0042,0.0044,0.00538,0.00594,0.00794,0.00251,0.00624,0.00611,0.00479,0.00618,0.0064,0.00293,0.00762,0.00266,0.0033,0.00461,0.00789,0.00454,0.00495,0.00715,0.00455,0.00323,0.00437,0.00706,0.00511,0.0079,0.00611,0.00403,0.00508,0.00372
Synth_Outdoor_Air_6,Clean Air,0.0,1,0.36699,0.38017,0.38003,0.38577,0.38757,0.39522,0.3974,0.40228,0.40579,0.40422,0.40525,0.40803,0.40821,0.41283,0.4123,0.41741,0.41822,0.4151,0.41893,0.41823,0.41532,0.41299,0.41567,0.41503,0.41565,0.41606,0.41512,0.41633,0.41171,0.41442,0.41178,0.413,0.41356,0.40809,0.40824,0.40879,0.40601,0.40797,0.40404,0.40457,0.403,0.40476,0.39993,0.40128,0.40326,0.39936,0.40075,0.39947,0.39764,0.39448,0.39505,0.39193,0.39194,0.39157,0.39572,0.38957,0.38905,0.38682,0.38893,0.38684,0.38777,0.38638,0.38222,0.38278,0.38529,0.38156,0.38181,0.38168,0.37884,0.37897,0.37791,0.3771,0.37767,0.37916,0.37494,0.37541,0.37414,0.37479,0.37375,0.37192,0.37481,0.37313,0.37276,0.37098,0.36805,0.37256,0.37354,0.3684,0.35532,0.3339,0.30775,0.27742,0.246,0.22129,0.19801,0.18286,0.16477,0.15126,0.13968,0.1302,0.11788,0.1128,0.10304,0.09423,0.0901,0.08344,0.07554,0.07463,0.06692,0.0625,0.0572,0.05651,0.05369,0.05023,0.04575,0.04617,0.0435,0.03797,0.03482,0.03641,0.03127,0.03319,0.0308,0.03174,0.02812,0.02911,0.02585,0.02664,0.02763,0.02212,0.02281,0.02662,0.02111,0.01966,0.02129,0.02071,0.01574,0.02026,0.01305,0.01589,0.0186,0.01514,0.01411,0.01631,0.01361,0.01166,0.01504,0.01392,0.01124,0.01443,0.01381,0.01192,0.01122,0.01244,0.01355,0.01134,0.01197,0.0114,0.01261,0.01088,0.00894,0.00966,0.01115,0.01218,0.00918,0.0107,0.00877,0.00935,0.01147,0.00979,0.00612,0.00708,0.01097,0.00927,0.00742,0.00701,0.0087,0.00982,0.00904,0.01257,0.00899,0.00707,0.00606,0.00722,0.00757,0.00539,0.00999,0.00929,0.00934,0.00528,0.00643,0.0079,0.00573,0.00944,0.00752,0.00699,0.00656,0.00636,0.00628,0.00943,0.00514,0.00561,0.00726,0.00699,0.00565,0.00503,0.0071,0.00391,0.00793,0.00627,0.00412,0.00528,0.00766,0.00627,0.00765,0.01197,0.0124,0.01642,0.02179,0.0282,0.03464,0.0369,0.04912,0.05604,0.06847,0.07398,0.08398,0.09952,0.11117,0.12229,0.13492,0.15349,0.166,0.18262,0.19655,0.20994,0.22624,0.23699,0.25181,0.26432,0.27826,0.29158,0.30071,0.31307,0.32182,0.33114,0.33672,0.3446,0.35589,0.36227
Synth_Outdoor_Air_7,Clean Air,0.0,1,0.01899,0.02251,0.0211,0.01864,0.02005,0.02372,0.01814,0.02068,0.01952,0.02106,0.0219,0.01942,0.02168,0.02333,0.0201,0.02118,0.01911,0.02003,0.01973,0.0212,0.02181,0.01984,0.0223,0.0223,0.02127,0.01886,0.01839,0.01878,0.02142,0.01704,0.02102,0.01838,0.02124,0.0198,0.022,0.02171,0.022,0.02194,0.02012,0.01714,0.01842,0.01675,0.01722,0.01977,0.01916,0.0185,0.02074,0.01881,0.01674,0.01942,0.01849,0.01882,0.02201,0.01959,0.02234,0.02193,0.01884,0.01683,0.01977,0.02173,0.01871,0.02044,0.02067,0.0176,0.01839,0.02044,0.01909,0.01866,0.01873,0.01979,0.01611,0.02012,0.01758,0.01397,0.01688,0.01341,0.01698,0.01349,0.01094,0.01342,0.01255,0.01107,0.01266,0.00823,0.00752,0.01262,0.01,0.0093,0.00833,0.00932,0.00927,0.00723,0.00921,0.00667,0.00796,0.00834,0.00782,0.00868,0.00888,0.005,0.00595,0.00691,0.00936,0.00701,0.0072,0.00683,0.00537,0.00694,0.00978,0.00678,0.00654,0.01035,0.00732,0.00522,0.00904,0.00642,0.00885,0.00513,0.00897,0.00733,0.00906,0.009,0.0043,0.009,0.0052,0.00548,0.00546,0.00676,0.00743,0.00575,0.00685,0.00707,0.007,0.00891,0.00873,0.00597,0.00592,0.00709,0.00507,0.0056,0.00802,0.00725,0.00438,0.00474,0.00607,0.00787,0.00769,0.00661,0.00916,0.00607,0.00579,0.00261,0.00624,0.00728,0.00857,0.00475,0.00669,0.00768,0.0061,0.00258,0.00681,0.00714,0.00465,0.00571,0.00478,0.00215,0.00801,0.00706,0.00916,0.00762,0.00547,0.00588,0.00685,0.00745,0.00648,0.00766,0.00555,0.0045,0.00614,0.00631,0.00422,0.00452,0.00715,0.00591,0.00575,0.00557,0.00828,0.00789,0.00427,0.0052,0.0076,0.00795,0.00604,0.00429,0.00498,0.00522,0.00642,0.00962,0.00497,0.00446,0.00662,0.00827,0.00514,0.00919,0.00617,0.00633,0.00513,0.00965,0.00719,0.00916,0.00857,0.00918,0.00856,0.01021,0.00956,0.00812,0.01551,0.01046,0.01229,0.01178,0.01049,0.01388,0.0164,0.01759,0.01591,0.01641,0.01484,0.01964,0.01884,0.01534,0.01868,0.01882,0.01843,0.02051,0.02083,0.01885,0.01911,0.02164,0.0214,0.02011,0.01686,0.02026,0.02105,0.01587,0.02038,0.01937,0.01967,0.01864,0.01978,0.02209
Synth_Outdoor_Air_8,Clean Air,0.0,1,0.2552,0.26965,0.27882,0.29134,0.30198,0.3104,0.31875,0.32859,0.33081,0.33906,0.3488,0.35152,0.36016,0.36669,0.36899,0.37306,0.37936,0.38343,0.38379,0.38661,0.38991,0.38982,0.39615,0.3976,0.39905,0.39743,0.39845,0.40071,0.40241,0.40223,0.40243,0.40371,0.40089,0.40047,0.40445,0.40069,0.39878,0.39962,0.39865,0.39945,0.3983,0.39828,0.39664,0.39283,0.39631,0.39503,0.39568,0.39212,0.39121,0.39257,0.39248,0.38968,0.3904,0.38791,0.38469,0.38643,0.3847,0.38539,0.38269,0.38305,0.38322,0.38281,0.38116,0.37932,0.37653,0.37652,0.37769,0.37658,0.37684,0.3748,0.37765,0.37036,0.37271,0.36927,0.36697,0.3691,0.3667,0.3675,0.36785,0.36842,0.3636,0.36732,0.36451,0.36616,0.36268,0.36178,0.35877,0.35938,0.36152,0.36213,0.35994,0.35899,0.35608,0.35866,0.35901,0.35488,0.35884,0.36134,0.35151,0.34553,0.3234,0.29788,0.2648,0.23177,0.21287,0.19195,0.17608,0.16101,0.14816,0.13639,0.12481,0.11261,0.10514,0.0986,0.09253,0.08276,0.07926,0.07519,0.0682,0.06495,0.06082,0.05722,0.0506,0.04926,0.04656,0.04393,0.04132,0.03945,0.04036,0.03676,0.03524,0.03422,0.02961,0.02879,0.03042,0.02766,0.02805,0.02507,0.02079,0.02296,0.02114,0.02092,0.01909,0.0179,0.01787,0.01793,0.01984,0.02043,0.01816,0.01698,0.01439,0.01404,0.0148,0.0125,0.01451,0.01408,0.01354,0.01381,0.01117,0.01334,0.01159,0.01219,0.01215,0.0122,0.01118,0.0108,0.01082,0.0101,0.00874,0.00864,0.0095,0.0103,0.00802,0.01085,0.00929,0.00935,0.00854,0.01174,0.00937,0.01184,0.0077,0.00773,0.00644,0.00541,0.00551,0.00555,0.00821,0.00562,0.00705,0.00939,0.00688,0.00877,0.00487,0.00665,0.0055,0.00839,0.0033,0.00429,0.00738,0.00897,0.00565,0.00456,0.00404,0.00918,0.0048,0.00495,0.00824,0.00839,0.00713,0.00357,0.00334,0.00521,0.00749,0.00691,0.00728,0.0024,0.00646,0.00438,0.00678,0.00496,0.00378,0.00527,0.00283,0.00518,0.00384,0.0088,0.01023,0.01338,0.01686,0.02039,0.02782,0.03066,0.03529,0.04549,0.05103,0.0668,0.07457,0.08672,0.09476,0.10829,0.11897,0.13344,0.14396,0.15759,0.17396,0.18633,0.20529,0.21974,0.22818,0.24396
Synth_Outdoor_Air_9,Clean Air,0.0,1,0.01706,0.01365,0.01509,0.01484,0.01712,0.01416,0.01585,0.01497,0.01654,0.01567,0.0152,0.01538,0.01905,0.01476,0.01444,0.01633,0.01535,0.01339,0.01935,0.01401,0.01543,0.01614,0.0186,0.01337,0.01641,0.01815,0.01594,0.01415,0.01507,0.01584,0.01706,0.01549,0.01639,0.01322,0.01383,0.01488,0.01816,0.01534,0.01566,0.01558,0.01689,0.01395,0.01644,0.01424,0.01802,0.01459,0.01439,0.01563,0.016,0.0156,0.01529,0.01278,0.01673,0.01678,0.01804,0.01331,0.01483,0.01475,0.01606,0.0161,0.0156,0.01249,0.01642,0.01683,0.01331,0.01487,0.01229,0.0168,0.01379,0.0152,0.01601,0.01602,0.01466,0.01428,0.014,0.01188,0.01129,0.01086,0.00722,0.00796,0.00985,0.00844,0.008,0.00744,0.00748,0.00602,0.00754,0.00837,0.00788,0.00653,0.00537,0.00521,0.01048,0.0052,0.00585,0.00756,0.00583,0.00694,0.006,0.0064,0.00509,0.00582,0.00634,0.00773,0.00644,0.006,0.00699,0.00778,0.00835,0.00264,0.00636,0.00664,0.00416,0.00591,0.00752,0.00392,0.00682,0.00637,0.00339,0.00479,0.00545,0.00381,0.00384,0.0048,0.0067,0.00597,0.00474,0.00598,0.00428,0.00299,0.00534,0.00668,0.0076,0.00542,0.00541,0.00461,0.00516,0.00388,0.00448,0.00495,0.00453,0.00374,0.00562,0.00501,0.00468,0.00443,0.00737,0.00385,0.00538,0.00447,0.00508,0.00569,0.00294,0.00565,0.00699,0.00765,0.00644,0.00561,0.00933,0.00721,0.00445,0.00407,0.0065,0.00381,0.00669,0.00671,0.00611,0.00461,0.00457,0.00719,0.00521,0.00541,0.00642,0.00529,0.0037,0.00415,0.00407,0.00627,0.0041,0.00335,0.00205,0.00369,0.00724,0.0055,0.00689,0.00673,0.00508,0.00489,0.00713,0.00533,0.0071,0.00727,0.00421,0.00568,0.00536,0.00683,0.00491,0.0038,0.00616,0.00485,0.00569,0.00783,0.00637,0.00523,0.00362,0.00454,0.00778,0.00424,0.00967,0.00786,0.0069,0.00685,0.00954,0.00704,0.01297,0.01082,0.0109,0.00749,0.01042,0.01232,0.01179,0.00967,0.01013,0.01121,0.01121,0.01554,0.01013,0.01255,0.01205,0.01283,0.01141,0.01351,0.01636,0.01474,0.0129,0.01563,0.01785,0.01616,0.0175,0.01677,0.01599,0.01479,0.01585,0.01613,0.01678,0.01497,0.01619,0.01477,0.0117,0.01711
Synth_Outdoor_Air_10,Clean Air,0.0,1,0.20526,0.20795,0.20987,0.21011,0.20852,0.2097,0.21035,0.21038,0.2126,0.21035,0.2101,0.20864,0.21065,0.20977,0.2087,0.21043,0.20789,0.20835,0.20964,0.20804,0.20785,0.20518,0.20686,0.20538,0.2086,0.20533,0.20506,0.20193,0.20226,0.2023,0.19934,0.20398,0.19785,0.20083,0.1986,0.19939,0.20234,0.20009,0.19854,0.19681,0.19666,0.19815,0.19752,0.1999,0.19366,0.19519,0.19398,0.19694,0.19515,0.19551,0.19487,0.1934,0.19578,0.19429,0.19398,0.19254,0.19218,0.19504,0.19123,0.19042,0.18899,0.1898,0.18935,0.19075,0.18972,0.1893,0.18834,0.19299,0.1863,0.18721,0.18595,0.18609,0.18708,0.18584,0.18737,0.18588,0.17971,0.16948,0.15675,0.14064,0.12568,0.1128,0.102,0.09176,0.08387,0.07806,0.07245,0.06759,0.06198,0.05797,0.05157,0.05179,0.04585,0.04183,0.04045,0.04244,0.0345,0.03281,0.03116,0.02894,0.02617,0.02762,0.02713,0.02525,0.02181,0.02194,0.01945,0.02051,0.02131,0.01877,0.01648,0.01918,0.0179,0.01646,0.01864,0.01534,0.01187,0.01502,0.01133,0.01415,0.0106,0.01235,0.01159,0.00995,0.01065,0.01326,0.00985,0.01127,0.0088,0.0101,0.01032,0.00827,0.00715,0.0106,0.0104,0.00814,0.00763,0.0091,0.00751,0.00886,0.00426,0.00576,0.00552,0.00743,0.00711,0.00951,0.00808,0.00468,0.00866,0.01015,0.00554,0.00778,0.00651,0.00748,0.00758,0.00984,0.00814,0.00691,0.00565,0.00605,0.00803,0.0064,0.00413,0.00487,0.00708,0.00567,0.00519,0.00712,0.00551,0.00522,0.00669,0.00525,0.00678,0.00749,0.00399,0.00622,0.00526,0.00602,0.00681,0.0052,0.00608,0.00726,0.00519,0.00545,0.00462,0.0048,0.00452,0.00571,0.00592,0.00593,0.00586,0.00299,0.00505,0.0051,0.00536,0.00537,0.00335,0.00653,0.00529,0.00556,0.00525,0.00629,0.00555,0.00496,0.00964,0.00905,0.01341,0.01534,0.01688,0.01994,0.02966,0.02991,0.03492,0.04395,0.04638,0.05113,0.05666,0.06191,0.07343,0.07892,0.08481,0.09118,0.09803,0.10882,0.11459,0.12105,0.12692,0.13165,0.14307,0.14658,0.15392,0.15682,0.16166,0.16727,0.17248,0.17534,0.17799,0.18323,0.18642,0.18812,0.18939,0.19506,0.19497,0.19902,0.1997,0.19831,0.20407,0.2002,0.20377,0.20767
Synth_Outdoor_Air_11,Clean Air,0.0,1,0.2667,0.27035,0.27816,0.27964,0.28987,0.29413,0.297,0.30119,0.30632,0.30896,0.30758,0.31626,0.31724,0.31451,0.31931,0.32096,0.32364,0.32077,0.32358,0.3236,0.32583,0.32492,0.3258,0.3257,0.32587,0.32687,0.32768,0.32783,0.32543,0.3259,0.32581,0.32679,0.32184,0.32356,0.32426,0.32327,0.32157,0.31815,0.31988,0.32385,0.32117,0.31927,0.31803,0.31857,0.31797,0.31537,0.31575,0.31685,0.31509,0.31676,0.311,0.31378,0.30991,0.30953,0.31091,0.30751,0.30807,0.30835,0.30506,0.30766,0.30448,0.30683,0.30664,0.30354,0.30207,0.30204,0.30078,0.30147,0.30279,0.30333,0.29963,0.29753,0.29715,0.29859,0.2967,0.29533,0.29856,0.29553,0.29387,0.29549,0.29198,0.29145,0.29241,0.29515,0.29161,0.28786,0.2937,0.29042,0.28743,0.29114,0.29383,0.28973,0.28201,0.26213,0.24139,0.21525,0.18978,0.17333,0.15691,0.14327,0.13148,0.11933,0.10816,0.10159,0.09512,0.08942,0.08165,0.07497,0.06964,0.06438,0.05825,0.05571,0.05036,0.04975,0.049,0.04581,0.03909,0.03908,0.0365,0.03572,0.03495,0.03334,0.03439,0.03053,0.02814,0.02668,0.02513,0.02135,0.02423,0.02406,0.02065,0.02066,0.02194,0.01967,0.01532,0.01741,0.01605,0.01696,0.01717,0.01727,0.01281,0.01288,0.01581,0.01384,0.01077,0.01282,0.01144,0.01445,0.01253,0.01229,0.0105,0.01376,0.01169,0.00954,0.00917,0.00967,0.00921,0.01153,0.00719,0.00908,0.01007,0.0094,0.00874,0.00951,0.00706,0.00777,0.00915,0.01029,0.00622,0.01006,0.00754,0.00847,0.00924,0.009,0.00959,0.00782,0.00786,0.00715,0.00513,0.00805,0.00865,0.0074,0.00696,0.00533,0.00881,0.00393,0.0085,0.00567,0.00673,0.00707,0.00703,0.00329,0.00775,0.00592,0.00554,0.00406,0.0049,0.00446,0.00867,0.00791,0.00662,0.00594,0.00506,0.00635,0.00764,0.0048,0.0047,0.00761,0.00313,0.0046,0.00508,0.00299,0.00741,0.00629,0.00427,0.00699,0.00852,0.005,0.00531,0.01209,0.01183,0.01442,0.01874,0.022,0.0256,0.0313,0.04005,0.04143,0.05149,0.06137,0.06834,0.07937,0.09034,0.09811,0.10757,0.11959,0.13509,0.14499,0.15436,0.16397,0.17616,0.18773,0.19601,0.20811,0.22069,0.22577,0.23811,0.2456,0.25086,0.26186
Synth_Outdoor_Air_12,Clean Air,0.0,1,0.36812,0.37363,0.37519,0.37812,0.38058,0.38467,0.38659,0.38637,0.3863,0.39038,0.39027,0.391,0.39399,0.39065,0.38795,0.39075,0.39256,0.38971,0.39055,0.39366,0.39158,0.39042,0.39191,0.38932,0.38925,0.38945,0.38469,0.38325,0.38516,0.3859,0.38369,0.38509,0.37993,0.38313,0.38166,0.37942,0.38084,0.37874,0.38356,0.3726,0.37833,0.37505,0.37176,0.37243,0.37291,0.37318,0.37266,0.37123,0.36769,0.36968,0.36823,0.36454,0.36588,0.36446,0.36471,0.36304,0.36139,0.36302,0.362,0.36057,0.36202,0.35857,0.35778,0.35961,0.35671,0.35737,0.35137,0.35614,0.35161,0.35262,0.35138,0.3511,0.35234,0.35133,0.3539,0.3514,0.34735,0.3506,0.34976,0.34847,0.35138,0.35247,0.34888,0.33346,0.31615,0.29155,0.26346,0.23321,0.20975,0.19278,0.17707,0.15919,0.14488,0.13404,0.13027,0.11364,0.10728,0.09834,0.09448,0.0858,0.0804,0.07352,0.07304,0.07037,0.06333,0.06169,0.05599,0.05405,0.05096,0.05051,0.04887,0.04314,0.04262,0.04144,0.03778,0.03421,0.03707,0.03513,0.03147,0.03102,0.0283,0.02837,0.02928,0.02561,0.02733,0.02531,0.02393,0.0262,0.02353,0.02272,0.02029,0.02047,0.02267,0.0262,0.01712,0.02105,0.02022,0.01894,0.02074,0.01819,0.01928,0.01743,0.01924,0.01721,0.018,0.01892,0.0164,0.01705,0.01305,0.01483,0.01668,0.01465,0.0151,0.01619,0.01483,0.01645,0.01492,0.01549,0.01659,0.01437,0.01625,0.01591,0.01265,0.0161,0.01435,0.01326,0.01478,0.01535,0.01355,0.01574,0.01442,0.01386,0.01132,0.01266,0.01179,0.01377,0.0132,0.01307,0.01207,0.01362,0.01134,0.01354,0.00936,0.01483,0.01176,0.01267,0.01256,0.01164,0.01326,0.01274,0.01145,0.01332,0.01017,0.01109,0.01303,0.01382,0.01205,0.01097,0.01399,0.01,0.01363,0.01101,0.00879,0.00998,0.01107,0.01121,0.01395,0.00944,0.01106,0.01084,0.01416,0.02033,0.01999,0.02745,0.03134,0.03542,0.04418,0.04752,0.05969,0.07066,0.07546,0.09004,0.09653,0.11003,0.12346,0.13275,0.145,0.15808,0.17631,0.18676,0.20004,0.21314,0.22877,0.23796,0.25204,0.26387,0.2736,0.28498,0.29583,0.30418,0.31109,0.3212,0.32686,0.33754,0.33967,0.34681,0.35214,0.35765,0.36354,0.36492
Synth_Outdoor_Air_13,Clean Air,0.0,1,0.00844,0.00841,0.00365,0.00556,0.00701,0.00716,0.0062,0.00912,0.00736,0.00729,0.00612,0.00793,0.00406,0.00776,0.00809,0.00836,0.00493,0.00834,0.00644,0.00678,0.00886,0.01102,0.00765,0.00632,0.00799,0.00925,0.00893,0.01134,0.00693,0.00761,0.0102,0.01023,0.00507,0.00704,0.00931,0.01234,0.00906,0.00709,0.00627,0.01111,0.00909,0.00562,0.0077,0.00786,0.00857,0.00665,0.00653,0.00489,0.00908,0.00662,0.0079,0.01013,0.00833,0.00783,0.00776,0.00652,0.00863,0.00799,0.007,0.00951,0.00985,0.00552,0.00981,0.00855,0.00842,0.00951,0.00708,0.00943,0.00743,0.0054,0.00518,0.00814,0.00588,0.00873,0.00844,0.008,0.0064,0.00675,0.00483,0.00899,0.00736,0.00775,0.00869,0.00599,0.0065,0.00675,0.00479,0.00613,0.00674,0.0064,0.00905,0.00373,0.00768,0.00713,0.00594,0.00586,0.00288,0.00586,0.00791,0.00615,0.00835,0.00507,0.00772,0.00497,0.00455,0.00636,0.00594,0.0044,0.00573,0.00616,0.00795,0.00746,0.00783,0.00708,0.00674,0.00416,0.00622,0.00691,0.00844,0.00811,0.00786,0.00446,0.00603,0.00664,0.00774,0.00586,0.00588,0.00712,0.00539,0.00921,0.00468,0.00349,0.00602,0.0095,0.00688,0.00715,0.00606,0.00577,0.00368,0.00261,0.00631,0.00797,0.00652,0.00694,0.00838,0.00676,0.006,0.00493,0.01006,0.00718,0.00471,0.00424,0.00799,0.00561,0.00983,0.002,0.00879,0.00673,0.00618,0.00604,0.00884,0.00706,0.00524,0.00404,0.00643,0.00639,0.00372,0.00623,0.00573,0.0062,0.00767,0.00824,0.00823,0.00492,0.00669,0.00609,0.004,0.00707,0.00879,0.00605,0.00361,0.00692,0.0047,0.00818,0.00693,0.00574,0.0055,0.00568,0.00601,0.00484,0.00491,0.00838,0.00542,0.00625,0.00675,0.00744,0.00445,0.00349,0.00512,0.00692,0.005,0.00592,0.0104,0.00336,0.00592,0.00927,0.00593,0.00494,0.00882,0.0069,0.00721,0.0069,0.00535,0.00604,0.00643,0.0058,0.00767,0.00772,0.00817,0.00866,0.00631,0.00875,0.00729,0.0069,0.00723,0.00646,0.00849,0.00528,0.0076,0.00341,0.00564,0.00661,0.0093,0.00891,0.00717,0.00909,0.00855,0.0063,0.00567,0.00769,0.00766,0.00516,0.00855,0.00789,0.00867,0.00842,0.00909,0.00773,0.0083,0.0074
Synth_Outdoor_Air_14,Clean Air,0.0,1,0.29628,0.3103,0.31434,0.3283,0.33396,0.34316,0.35152,0.35483,0.36219,0.36792,0.37477,0.37884,0.38713,0.39061,0.3888,0.3958,0.39963,0.40044,0.40156,0.40276,0.40449,0.40649,0.40762,0.41108,0.40902,0.41018,0.4087,0.41231,0.41098,0.41244,0.41351,0.41347,0.40658,0.40955,0.41022,0.41091,0.40668,0.40629,0.40922,0.40541,0.40693,0.40657,0.40392,0.40404,0.40162,0.40339,0.39748,0.40231,0.39524,0.39747,0.39588,0.39704,0.39056,0.39504,0.3949,0.39293,0.39046,0.39091,0.38906,0.3881,0.38702,0.38621,0.38763,0.38609,0.3854,0.38302,0.38439,0.38501,0.37934,0.37984,0.3792,0.37937,0.37841,0.37885,0.38119,0.37714,0.37634,0.37741,0.37161,0.3736,0.37467,0.37105,0.36931,0.3713,0.36993,0.36852,0.37259,0.3683,0.36615,0.36758,0.36822,0.367,0.36685,0.36614,0.37154,0.36517,0.35471,0.33097,0.30449,0.27046,0.24073,0.21962,0.19985,0.1781,0.16529,0.15041,0.13736,0.12722,0.11877,0.1089,0.09921,0.09429,0.08668,0.08236,0.07886,0.06671,0.0686,0.05994,0.05984,0.05341,0.04953,0.05094,0.04707,0.04257,0.03886,0.03891,0.03608,0.03439,0.03544,0.03155,0.03211,0.03162,0.02801,0.02622,0.02944,0.02291,0.02552,0.02412,0.02368,0.02381,0.02109,0.02014,0.02152,0.02006,0.0195,0.01831,0.01541,0.01725,0.01716,0.0178,0.0142,0.01535,0.01278,0.01588,0.01139,0.01464,0.01235,0.0144,0.01342,0.01216,0.0131,0.01087,0.01249,0.01111,0.00829,0.01019,0.00906,0.01242,0.01142,0.01259,0.01331,0.00926,0.00888,0.00914,0.00892,0.00604,0.00916,0.0071,0.00838,0.01166,0.00749,0.00883,0.01004,0.00904,0.00884,0.0072,0.00686,0.006,0.01048,0.00486,0.00963,0.00515,0.00914,0.00738,0.00494,0.00857,0.00832,0.00708,0.00791,0.00278,0.00545,0.00997,0.00709,0.00382,0.00541,0.00561,0.00581,0.00651,0.00673,0.00592,0.00847,0.00664,0.00669,0.00876,0.00542,0.00527,0.00848,0.0062,0.00621,0.00536,0.00626,0.00775,0.00929,0.01152,0.01474,0.01777,0.02178,0.0261,0.03386,0.03829,0.04784,0.05383,0.06297,0.07433,0.08535,0.09935,0.10811,0.12476,0.13833,0.14801,0.16325,0.17998,0.19481,0.20795,0.22381,0.23653,0.24942,0.26287,0.2762,0.2861
Synth_Outdoor_Air_15,Clean Air,0.0,1,0.22775,0.24045,0.25356,0.26712,0.27773,0.2871,0.29756,0.30795,0.31536,0.32369,0.33363,0.33835,0.34673,0.35272,0.35723,0.36048,0.36674,0.36992,0.37488,0.37842,0.38394,0.38798,0.39021,0.39041,0.38958,0.39443,0.39787,0.39115,0.39793,0.39752,0.39749,0.4002,0.40141,0.40016,0.39844,0.39724,0.39762,0.39868,0.3973,0.39768,0.40074,0.39818,0.39719,0.39298,0.39334,0.39379,0.39076,0.39391,0.39292,0.38927,0.39259,0.3883,0.39144,0.38625,0.38645,0.38772,0.3855,0.38335,0.38234,0.38225,0.37867,0.37979,0.37779,0.37481,0.37637,0.37761,0.3767,0.37473,0.37635,0.37233,0.37032,0.36778,0.36864,0.37227,0.36812,0.36814,0.37047,0.36542,0.36609,0.36681,0.36336,0.3665,0.36348,0.36207,0.36384,0.36303,0.36244,0.36235,0.35874,0.35997,0.35681,0.35735,0.35695,0.35701,0.35742,0.35663,0.35541,0.35574,0.35608,0.35723,0.35296,0.34147,0.32086,0.29334,0.26474,0.23271,0.20922,0.18854,0.17574,0.15948,0.14553,0.13354,0.12236,0.1112,0.10469,0.0975,0.08998,0.08569,0.07415,0.07337,0.06908,0.06423,0.05434,0.05765,0.05094,0.0488,0.04678,0.04502,0.04313,0.04171,0.03829,0.03611,0.03371,0.03091,0.02927,0.03052,0.02923,0.02764,0.02515,0.02608,0.02186,0.02377,0.02187,0.02356,0.01861,0.02212,0.0189,0.01758,0.01814,0.01577,0.01802,0.01562,0.01467,0.01643,0.01337,0.01283,0.01167,0.01332,0.01473,0.01098,0.01236,0.01269,0.01124,0.01595,0.01114,0.01003,0.0126,0.01339,0.01053,0.00998,0.01231,0.00924,0.00798,0.00838,0.00708,0.00997,0.00483,0.00882,0.00809,0.01245,0.00465,0.00664,0.00841,0.00741,0.0072,0.00654,0.00613,0.00846,0.00504,0.00672,0.00599,0.00914,0.00951,0.00648,0.00832,0.00549,0.00458,0.0085,0.00851,0.00501,0.00689,0.00667,0.00611,0.00388,0.00568,0.00628,0.00621,0.00811,0.00729,0.00439,0.00326,0.00638,0.00421,0.0055,0.00462,0.00408,0.00699,0.00632,0.00484,0.00503,0.00755,0.00609,0.00593,0.00423,0.00654,0.00848,0.00517,0.00414,0.00858,0.01328,0.01534,0.01782,0.02531,0.03186,0.03599,0.04601,0.05505,0.06322,0.07325,0.08398,0.09407,0.10473,0.11802,0.13044,0.14439,0.16097,0.17542,0.18679,0.20284,0.21511
Synth_Outdoor_Air_16,Clean Air,0.0,1,0.22429,0.23709,0.24504,0.26096,0.26933,0.28314,0.29196,0.29875,0.30766,0.31569,0.325,0.33264,0.33517,0.34574,0.35165,0.3526,0.3592,0.36462,0.36846,0.36777,0.3738,0.38018,0.37671,0.37996,0.38281,0.38332,0.3828,0.3866,0.38537,0.38628,0.38932,0.3853,0.38988,0.3847,0.387,0.38792,0.38904,0.38995,0.3878,0.38577,0.38834,0.38494,0.38602,0.38222,0.38373,0.38345,0.38116,0.38247,0.38062,0.38239,0.37767,0.37834,0.37561,0.37761,0.37609,0.376,0.37391,0.37438,0.37001,0.36939,0.36827,0.36997,0.37007,0.36306,0.37013,0.36624,0.36418,0.36402,0.36526,0.36467,0.36441,0.35953,0.36008,0.35911,0.36132,0.35949,0.36364,0.35652,0.35532,0.35442,0.35656,0.35372,0.35504,0.35403,0.35184,0.35171,0.35219,0.35035,0.35005,0.35262,0.35169,0.34737,0.34769,0.34614,0.34736,0.34439,0.34688,0.34658,0.34445,0.34976,0.34395,0.33415,0.31104,0.2898,0.25834,0.22785,0.20628,0.1842,0.16979,0.1561,0.1403,0.13287,0.12085,0.1117,0.10514,0.09319,0.08821,0.08309,0.07805,0.07016,0.06507,0.06114,0.06029,0.05422,0.05111,0.04784,0.04649,0.04405,0.03855,0.0366,0.03329,0.03358,0.03479,0.03337,0.03168,0.03012,0.02678,0.02727,0.02608,0.02617,0.02477,0.02422,0.02285,0.02136,0.01686,0.0205,0.01834,0.01892,0.01652,0.01676,0.01491,0.0145,0.01356,0.01632,0.01634,0.01396,0.01515,0.01333,0.01219,0.01142,0.0092,0.01559,0.01382,0.00961,0.01181,0.01075,0.01026,0.00934,0.01054,0.01054,0.01029,0.01008,0.00943,0.00995,0.01005,0.0091,0.00727,0.00853,0.00816,0.00914,0.00667,0.00768,0.009,0.00541,0.00482,0.0077,0.00536,0.00557,0.00698,0.00616,0.00892,0.00442,0.00694,0.00694,0.00416,0.00869,0.00702,0.00411,0.0052,0.00717,0.00626,0.00354,0.00684,0.00907,0.00496,0.00854,0.00486,0.00581,0.00656,0.00622,0.00574,0.00744,0.00866,0.00615,0.00423,0.00655,0.00938,0.00632,0.00411,0.00328,0.00252,0.00555,0.00646,0.00511,0.00502,0.00339,0.00533,0.00865,0.00708,0.01502,0.01401,0.02002,0.02644,0.0308,0.03684,0.04101,0.05486,0.0612,0.07186,0.08205,0.091,0.10293,0.11792,0.12683,0.14552,0.15406,0.16673,0.18373,0.19989,0.20725
Synth_Outdoor_Air_17,Clean Air,0.0,1,0.26608,0.27952,0.28764,0.29798,0.30675,0.31607,0.32444,0.33161,0.34016,0.34501,0.35039,0.35954,0.3599,0.36801,0.37495,0.37337,0.38042,0.38237,0.38423,0.38579,0.38988,0.39413,0.39213,0.39542,0.39656,0.39741,0.3951,0.39842,0.39959,0.39841,0.39423,0.39958,0.3987,0.39516,0.39616,0.39907,0.39669,0.39541,0.39607,0.39457,0.39517,0.3945,0.39125,0.39275,0.39294,0.39024,0.39064,0.39175,0.38926,0.38882,0.38711,0.38621,0.38435,0.38615,0.38211,0.38225,0.3809,0.38051,0.38487,0.37778,0.37716,0.37888,0.37415,0.37469,0.3739,0.37442,0.3723,0.37053,0.37294,0.36831,0.36852,0.36781,0.36745,0.36456,0.36651,0.36648,0.36763,0.36314,0.36495,0.36429,0.36431,0.36077,0.35868,0.36194,0.3585,0.35893,0.35798,0.35798,0.35833,0.35767,0.35583,0.35694,0.35497,0.3563,0.35468,0.35618,0.35741,0.3534,0.33969,0.31919,0.29408,0.26206,0.23334,0.21137,0.18967,0.17517,0.15809,0.14257,0.13061,0.12538,0.1127,0.10658,0.09585,0.09309,0.08722,0.07505,0.07021,0.06879,0.06434,0.0607,0.05429,0.05588,0.04975,0.0452,0.04297,0.03971,0.04234,0.03679,0.03604,0.0321,0.03152,0.02696,0.03028,0.03019,0.02463,0.02268,0.02614,0.02178,0.02415,0.01972,0.0188,0.02201,0.01795,0.01809,0.01699,0.01368,0.01969,0.01637,0.01451,0.0147,0.01631,0.01569,0.01691,0.01352,0.01293,0.01315,0.01442,0.01413,0.01234,0.01056,0.01004,0.01127,0.01297,0.00919,0.01244,0.00963,0.01001,0.01134,0.00972,0.01049,0.0069,0.00768,0.00956,0.00787,0.00821,0.00983,0.00641,0.00824,0.00798,0.00835,0.0076,0.00697,0.00588,0.00763,0.00614,0.01003,0.00649,0.00607,0.007,0.00594,0.0091,0.00672,0.00648,0.00849,0.00701,0.00936,0.0075,0.00521,0.00669,0.00868,0.00858,0.00769,0.00737,0.00523,0.00525,0.00643,0.00302,0.00791,0.00483,0.00789,0.00379,0.00662,0.0052,0.00391,0.00777,0.00666,0.00532,0.00642,0.00569,0.00623,0.00508,0.00467,0.00845,0.00901,0.00877,0.00959,0.01185,0.01461,0.01902,0.02489,0.03349,0.04035,0.04555,0.05213,0.06372,0.07245,0.07949,0.09495,0.10477,0.1168,0.1305,0.14536,0.1598,0.17405,0.18456,0.20286,0.21309,0.22649,0.24046,0.2536
Synth_Outdoor_Air_18,Clean Air,0.0,1,0.38698,0.38891,0.39035,0.39224,0.39382,0.39359,0.3934,0.39687,0.39955,0.40413,0.39719,0.39836,0.39814,0.40202,0.39633,0.39994,0.39683,0.39787,0.39666,0.39861,0.39537,0.39693,0.39401,0.3945,0.39468,0.39109,0.39271,0.39053,0.39126,0.38949,0.38858,0.38617,0.38887,0.3865,0.38406,0.38151,0.38335,0.38052,0.37966,0.37798,0.37921,0.37795,0.37339,0.37472,0.37621,0.37448,0.37405,0.37613,0.37251,0.3717,0.36981,0.37397,0.3682,0.36895,0.37085,0.36638,0.36646,0.36513,0.36614,0.36529,0.36389,0.36154,0.36108,0.35991,0.35909,0.35913,0.35953,0.36107,0.35995,0.35475,0.35677,0.35573,0.35596,0.35536,0.35605,0.35542,0.35094,0.35386,0.35743,0.35271,0.33969,0.31874,0.2936,0.26245,0.2315,0.20938,0.18835,0.17353,0.15818,0.14517,0.13256,0.12268,0.11249,0.10498,0.09914,0.09177,0.08546,0.07885,0.07293,0.06759,0.06297,0.05795,0.05587,0.05343,0.04843,0.04645,0.04285,0.04313,0.03847,0.03679,0.03517,0.03395,0.03353,0.02983,0.02936,0.0274,0.02951,0.02423,0.02459,0.02147,0.02224,0.01906,0.0214,0.02135,0.02096,0.01914,0.0173,0.01691,0.0202,0.01917,0.01662,0.01503,0.01648,0.0132,0.01389,0.01579,0.01139,0.01449,0.01353,0.01316,0.01036,0.01058,0.01261,0.00851,0.01078,0.01145,0.01117,0.00726,0.01058,0.01252,0.00979,0.00665,0.00897,0.00929,0.0102,0.00734,0.00925,0.0087,0.00899,0.00675,0.00756,0.00796,0.01025,0.00993,0.0088,0.00973,0.00782,0.00805,0.00418,0.00566,0.00685,0.00367,0.00431,0.00829,0.0074,0.00446,0.00563,0.00843,0.00433,0.00606,0.00652,0.00643,0.00461,0.00649,0.00619,0.00637,0.00648,0.00607,0.00836,0.0098,0.00453,0.002,0.00688,0.00653,0.00731,0.00617,0.00509,0.00687,0.0069,0.0034,0.00407,0.00484,0.00543,0.00466,0.00602,0.00748,0.01021,0.01016,0.01065,0.01492,0.02036,0.02558,0.03146,0.0398,0.04519,0.05265,0.06685,0.07114,0.08335,0.09206,0.10583,0.11783,0.13405,0.14568,0.15684,0.17371,0.18875,0.20214,0.21231,0.22994,0.24292,0.25384,0.26493,0.27758,0.28974,0.29905,0.30742,0.31437,0.32399,0.33217,0.3388,0.34543,0.35014,0.35931,0.36254,0.36704,0.36883,0.37129,0.37655,0.38169
Synth_Outdoor_Air_19,Clean Air,0.0,1,0.34353,0.34561,0.35833,0.36068,0.36814,0.36943,0.3757,0.37949,0.38425,0.38475,0.39005,0.39446,0.39208,0.3963,0.39514,0.39957,0.40217,0.39939,0.40054,0.40381,0.40205,0.40242,0.40258,0.40214,0.40268,0.40189,0.39986,0.40142,0.404,0.39969,0.39773,0.39938,0.39653,0.3954,0.39762,0.39513,0.39325,0.39494,0.393,0.38945,0.39325,0.38861,0.38934,0.38757,0.38872,0.3885,0.3864,0.38926,0.38625,0.38161,0.38152,0.38568,0.38213,0.38147,0.37938,0.37891,0.37615,0.37836,0.37681,0.37381,0.37347,0.37813,0.37365,0.37702,0.37019,0.36993,0.36728,0.36706,0.3674,0.36934,0.36814,0.36601,0.36343,0.36768,0.36421,0.36264,0.3645,0.36249,0.36284,0.36123,0.35915,0.36195,0.3589,0.35861,0.35889,0.3594,0.36031,0.36023,0.35962,0.35577,0.34655,0.325,0.29541,0.26718,0.23477,0.21483,0.19231,0.17754,0.16252,0.15057,0.13405,0.12411,0.11333,0.10693,0.09846,0.0949,0.08517,0.07909,0.07254,0.06997,0.06304,0.06012,0.05715,0.0511,0.04947,0.04553,0.04436,0.0436,0.04004,0.03763,0.03215,0.03448,0.03571,0.03088,0.03099,0.0234,0.02811,0.0266,0.02502,0.02352,0.02281,0.02319,0.01949,0.02057,0.01985,0.01707,0.01973,0.01601,0.01367,0.01519,0.01497,0.01838,0.01614,0.01721,0.014,0.01529,0.0168,0.01338,0.01454,0.01295,0.01037,0.01361,0.01235,0.01086,0.01025,0.01313,0.00821,0.01323,0.01098,0.00775,0.0085,0.00976,0.01205,0.00758,0.00915,0.00833,0.00963,0.00873,0.00721,0.0089,0.00842,0.00755,0.00794,0.00983,0.00632,0.00671,0.00676,0.00718,0.00471,0.00987,0.00908,0.00895,0.00765,0.00312,0.00937,0.00431,0.00516,0.0062,0.00763,0.00789,0.00741,0.00505,0.0062,0.00685,0.00598,0.00797,0.00742,0.00589,0.002,0.00519,0.00582,0.00633,0.00399,0.00301,0.00569,0.00447,0.00663,0.00501,0.00726,0.00733,0.00591,0.00468,0.00632,0.00559,0.00587,0.00656,0.00923,0.00611,0.01137,0.01402,0.01789,0.02526,0.03257,0.03771,0.04352,0.05462,0.06286,0.07403,0.08483,0.09552,0.1104,0.11926,0.13662,0.14507,0.16177,0.17321,0.19,0.20234,0.21677,0.22965,0.24581,0.25603,0.27214,0.27781,0.28911,0.30193,0.30983,0.31816,0.32665,0.33303
Synth_Outdoor_Air_20,Clean Air,0.0,1,0.07785,0.08995,0.1011,0.1121,0.12446,0.13366,0.14859,0.16208,0.17349,0.1868,0.19744,0.2085,0.22527,0.23463,0.24675,0.2559,0.2651,0.27626,0.2855,0.29169,0.30254,0.30586,0.31385,0.31915,0.32723,0.33127,0.33758,0.3382,0.3438,0.34766,0.35137,0.35359,0.3588,0.35794,0.35944,0.36158,0.36351,0.36815,0.367,0.36729,0.36807,0.36986,0.37012,0.36436,0.36907,0.36858,0.36659,0.37032,0.3719,0.36775,0.36937,0.36949,0.36478,0.36339,0.36677,0.36468,0.36125,0.36281,0.36368,0.362,0.35939,0.3596,0.35855,0.35481,0.35787,0.35557,0.3569,0.35339,0.35605,0.35249,0.35207,0.35321,0.34971,0.35159,0.34677,0.34831,0.34855,0.34524,0.34454,0.34481,0.34473,0.34463,0.3448,0.34246,0.34237,0.34107,0.33805,0.3374,0.34174,0.33883,0.33938,0.33733,0.33615,0.33518,0.33893,0.33438,0.33368,0.3314,0.33611,0.3322,0.33229,0.3325,0.33003,0.33092,0.32886,0.3281,0.33172,0.3282,0.32862,0.33027,0.33066,0.32445,0.31464,0.29776,0.2707,0.2449,0.2184,0.19636,0.1774,0.16246,0.14886,0.13579,0.12396,0.11651,0.10756,0.10065,0.09198,0.08476,0.07697,0.07263,0.06491,0.06458,0.05902,0.05647,0.05415,0.05006,0.04615,0.04424,0.03975,0.03868,0.0342,0.03582,0.03449,0.03335,0.03034,0.03021,0.02604,0.0264,0.03078,0.02797,0.02427,0.02358,0.02039,0.02041,0.02143,0.01879,0.02181,0.02134,0.0179,0.0181,0.01393,0.01813,0.01504,0.01449,0.01721,0.01658,0.0142,0.01457,0.0125,0.01112,0.01157,0.00985,0.01345,0.01301,0.01296,0.01077,0.00969,0.01219,0.01097,0.01223,0.01057,0.01249,0.01025,0.01333,0.01168,0.01273,0.00827,0.0103,0.00815,0.00576,0.01101,0.00899,0.00734,0.00731,0.00748,0.00765,0.00749,0.01094,0.00718,0.00986,0.00945,0.0088,0.00956,0.00836,0.00874,0.00784,0.00529,0.00816,0.00884,0.00916,0.00775,0.00691,0.00559,0.00509,0.00447,0.00837,0.00266,0.00568,0.00533,0.00635,0.00529,0.00661,0.00509,0.0077,0.00529,0.00698,0.00647,0.00637,0.00606,0.00608,0.00651,0.00708,0.0051,0.00664,0.00923,0.00757,0.0074,0.00637,0.00567,0.00889,0.01237,0.01713,0.02435,0.02654,0.02745,0.03467,0.046,0.04974,0.05993,0.06668
Synth_Outdoor_Air_21,Clean Air,0.0,1,0.00835,0.00675,0.00496,0.00606,0.01085,0.01294,0.0173,0.02089,0.02552,0.03043,0.03757,0.04403,0.05215,0.06238,0.07047,0.08305,0.09282,0.10311,0.11745,0.13025,0.1435,0.15767,0.17069,0.18679,0.19826,0.20897,0.22383,0.23668,0.25178,0.26342,0.27302,0.28403,0.29257,0.30197,0.30835,0.31853,0.32446,0.33311,0.33912,0.34784,0.35195,0.35611,0.36043,0.3665,0.3686,0.37287,0.37448,0.37697,0.38008,0.37906,0.38142,0.38567,0.38838,0.38881,0.3866,0.38777,0.39183,0.38941,0.39209,0.39187,0.39197,0.3907,0.39131,0.39019,0.38863,0.38778,0.38557,0.38779,0.39008,0.38806,0.38646,0.38444,0.3864,0.38384,0.38562,0.38117,0.38033,0.37947,0.37749,0.37766,0.37814,0.37638,0.37096,0.37648,0.37258,0.37503,0.37255,0.37609,0.37269,0.36971,0.36906,0.37061,0.36516,0.36717,0.36609,0.36509,0.36547,0.36483,0.36347,0.36203,0.36229,0.36091,0.35904,0.35882,0.35788,0.3571,0.35674,0.35761,0.35564,0.35721,0.35383,0.35416,0.3533,0.35248,0.35224,0.35309,0.35132,0.35113,0.34947,0.35259,0.34849,0.34646,0.34901,0.34716,0.34925,0.35004,0.34912,0.33543,0.31515,0.28838,0.2591,0.23148,0.20575,0.18588,0.17235,0.15748,0.14393,0.13188,0.12092,0.11176,0.10343,0.09531,0.0906,0.08039,0.08081,0.07334,0.06461,0.06302,0.05903,0.05657,0.0513,0.04931,0.0464,0.04327,0.0407,0.04121,0.03581,0.03726,0.03477,0.03233,0.03116,0.03116,0.02682,0.02555,0.02536,0.02674,0.02622,0.02108,0.02424,0.0233,0.02293,0.02052,0.01995,0.02025,0.02,0.0219,0.01849,0.01696,0.01462,0.0144,0.014,0.01376,0.01592,0.01403,0.01616,0.01405,0.01201,0.01323,0.01343,0.01305,0.0116,0.01106,0.01135,0.01447,0.01259,0.00844,0.00759,0.01095,0.01148,0.00973,0.01203,0.00979,0.0099,0.01048,0.00843,0.00875,0.01022,0.00809,0.01128,0.00882,0.0098,0.00893,0.01028,0.00701,0.00862,0.00624,0.00901,0.00811,0.01026,0.01214,0.0082,0.00727,0.00601,0.00881,0.00768,0.00762,0.0099,0.00602,0.00598,0.0066,0.00858,0.00717,0.00605,0.00828,0.0051,0.00564,0.00689,0.00613,0.00748,0.0074,0.00923,0.00654,0.00639,0.00782,0.00586,0.00871,0.00751,0.00247,0.00783,0.00796
Synth_Outdoor_Air_22,Clean Air,0.0,1,0.00843,0.00494,0.00628,0.00815,0.00925,0.01704,0.01759,0.0217,0.02767,0.03316,0.03416,0.0448,0.05158,0.06311,0.0718,0.08249,0.0896,0.1051,0.11864,0.13199,0.14412,0.1549,0.17121,0.18432,0.19811,0.20816,0.22582,0.23532,0.24946,0.26006,0.27318,0.28052,0.29116,0.30263,0.30704,0.31772,0.32388,0.32922,0.33787,0.34438,0.35106,0.3566,0.3582,0.36065,0.36625,0.36786,0.37191,0.37503,0.3793,0.37699,0.38025,0.38252,0.38715,0.38415,0.38736,0.38759,0.38993,0.38989,0.38916,0.38767,0.38578,0.3893,0.38861,0.38595,0.38612,0.38805,0.38727,0.38486,0.3845,0.38191,0.38672,0.38137,0.38377,0.38246,0.38386,0.37984,0.37944,0.37558,0.37485,0.37771,0.37344,0.37483,0.37588,0.37393,0.37182,0.3702,0.37244,0.37236,0.36856,0.36692,0.36663,0.36856,0.36797,0.36387,0.36222,0.36739,0.36292,0.36274,0.35985,0.36118,0.36209,0.35947,0.36142,0.35708,0.35606,0.3563,0.35571,0.35458,0.35228,0.35389,0.35198,0.3513,0.3517,0.35004,0.34919,0.34623,0.35254,0.3498,0.3483,0.34642,0.34269,0.34563,0.34713,0.34765,0.34884,0.34938,0.3465,0.33236,0.31524,0.28615,0.25673,0.22657,0.20457,0.18859,0.17001,0.15497,0.14368,0.132,0.12341,0.11325,0.10235,0.09602,0.08979,0.08183,0.07593,0.07128,0.07113,0.06346,0.06174,0.05594,0.05446,0.05257,0.04912,0.04605,0.04401,0.04077,0.04099,0.0339,0.03462,0.03366,0.03117,0.03162,0.02728,0.02755,0.02394,0.0288,0.02472,0.02765,0.02409,0.02319,0.02102,0.01917,0.02073,0.01899,0.01732,0.01642,0.01701,0.02055,0.02122,0.01711,0.01682,0.01549,0.01413,0.01698,0.01783,0.01312,0.01359,0.01322,0.01248,0.01512,0.01148,0.01375,0.01307,0.01149,0.01245,0.01194,0.01349,0.00846,0.01052,0.0103,0.00668,0.00962,0.00947,0.01254,0.00955,0.00879,0.01192,0.00786,0.00601,0.00902,0.00712,0.00727,0.01035,0.01102,0.01045,0.01061,0.01119,0.00558,0.00973,0.00784,0.00802,0.00943,0.00567,0.00528,0.00935,0.00881,0.00896,0.00708,0.0093,0.00892,0.00834,0.00575,0.00642,0.00857,0.00979,0.00807,0.00773,0.00744,0.00786,0.00654,0.00313,0.00915,0.01066,0.00608,0.00618,0.00693,0.00672,0.00849,0.00722,0.00651
Synth_Outdoor_Air_23,Clean Air,0.0,1,0.00402,0.008,0.0069,0.0097,0.00816,0.01628,0.01387,0.02137,0.02311,0.02973,0.03906,0.04542,0.05081,0.05956,0.0708,0.08131,0.09287,0.10232,0.11216,0.12779,0.13981,0.15203,0.16642,0.18033,0.19485,0.20619,0.22092,0.23032,0.24299,0.25456,0.26887,0.27788,0.28753,0.29693,0.30906,0.31123,0.3212,0.32681,0.33382,0.34042,0.34243,0.3475,0.35316,0.35682,0.36113,0.36636,0.36616,0.36902,0.37255,0.37373,0.37229,0.37666,0.37989,0.38261,0.3799,0.38101,0.38212,0.37987,0.38233,0.37967,0.38422,0.38084,0.38511,0.3837,0.38147,0.37969,0.3812,0.38043,0.38107,0.37693,0.37982,0.37786,0.37652,0.37531,0.37481,0.37288,0.37441,0.37319,0.37285,0.3744,0.3712,0.37111,0.36864,0.36749,0.36719,0.36577,0.36531,0.36209,0.3614,0.36364,0.36308,0.36249,0.36056,0.36089,0.36099,0.35963,0.35599,0.35483,0.35491,0.35494,0.3534,0.35063,0.35459,0.35203,0.35235,0.35231,0.3461,0.34819,0.34845,0.34792,0.3477,0.34829,0.34795,0.34712,0.34568,0.34327,0.34076,0.34139,0.34329,0.34229,0.34213,0.34065,0.34416,0.33913,0.34414,0.34423,0.33936,0.32961,0.31089,0.2822,0.25405,0.22597,0.20245,0.1848,0.1654,0.15335,0.13981,0.13038,0.11909,0.10823,0.10071,0.0896,0.08624,0.08085,0.07486,0.07425,0.0669,0.0626,0.05576,0.05448,0.05033,0.04743,0.0453,0.04046,0.04014,0.04071,0.0367,0.03475,0.03359,0.03384,0.03051,0.03004,0.02682,0.02564,0.02615,0.02804,0.02588,0.02467,0.02262,0.02326,0.02169,0.01616,0.01779,0.01908,0.01529,0.0165,0.01566,0.01596,0.0153,0.01509,0.01633,0.01435,0.01413,0.01244,0.01569,0.01187,0.01162,0.01304,0.0113,0.0109,0.01308,0.01067,0.0148,0.0113,0.01197,0.0076,0.00966,0.00943,0.00863,0.01076,0.01077,0.0102,0.00944,0.00854,0.01049,0.01192,0.00919,0.01025,0.00943,0.00994,0.00673,0.00729,0.00928,0.0104,0.00694,0.00515,0.00743,0.01051,0.00578,0.00594,0.00733,0.00704,0.00831,0.00544,0.00673,0.00915,0.00528,0.00974,0.0052,0.00899,0.00749,0.00499,0.00585,0.00797,0.0071,0.0086,0.00916,0.00434,0.00442,0.00479,0.00526,0.00823,0.00721,0.00518,0.00619,0.00901,0.00892,0.00701,0.00203,0.007
Synth_Outdoor_Air_24,Clean Air,0.0,1,0.00974,0.00766,0.00891,0.00728,0.00513,0.00601,0.00706,0.00884,0.00612,0.00803,0.00755,0.00961,0.0073,0.00415,0.00729,0.00955,0.00758,0.00482,0.00529,0.00573,0.00931,0.00558,0.0062,0.00617,0.006,0.00903,0.00484,0.00807,0.00666,0.00799,0.00842,0.00613,0.00577,0.0061,0.00586,0.0043,0.00949,0.01067,0.01066,0.01282,0.01601,0.02428,0.02796,0.03356,0.04183,0.04848,0.0574,0.06508,0.07459,0.08239,0.0944,0.10789,0.11664,0.13152,0.14516,0.15616,0.17022,0.1803,0.19066,0.20358,0.2178,0.22501,0.23504,0.24505,0.25605,0.26329,0.27601,0.28093,0.28952,0.29511,0.29913,0.30462,0.31075,0.31788,0.3231,0.32707,0.32838,0.33381,0.33512,0.34051,0.34237,0.34123,0.34761,0.35111,0.3511,0.35065,0.35097,0.3516,0.35246,0.35384,0.35229,0.351,0.35401,0.35403,0.35294,0.35173,0.35443,0.35153,0.35233,0.35477,0.35231,0.34881,0.34847,0.35001,0.34692,0.34448,0.34853,0.34886,0.34687,0.34585,0.34464,0.34329,0.3445,0.34455,0.34117,0.3391,0.33792,0.33826,0.33866,0.3345,0.33827,0.33715,0.3319,0.33347,0.33339,0.33253,0.33351,0.33115,0.33283,0.32953,0.32862,0.32705,0.32947,0.32701,0.32821,0.32734,0.32267,0.32308,0.32273,0.32293,0.32244,0.32351,0.32369,0.32048,0.32047,0.31852,0.31989,0.31974,0.32018,0.31955,0.31411,0.31718,0.31878,0.31569,0.31687,0.31432,0.3141,0.31484,0.31621,0.31527,0.30349,0.28555,0.25896,0.23364,0.21019,0.18994,0.16898,0.15205,0.14285,0.12903,0.12091,0.11151,0.10129,0.09364,0.08932,0.08082,0.07316,0.06746,0.06419,0.06036,0.05927,0.05198,0.05306,0.04653,0.04857,0.04544,0.04074,0.03592,0.03654,0.03364,0.03186,0.03128,0.02891,0.02746,0.02742,0.02565,0.02815,0.02283,0.02436,0.02226,0.0215,0.02108,0.02157,0.01948,0.01975,0.01826,0.01713,0.01583,0.01656,0.0166,0.01694,0.01521,0.01447,0.01434,0.01349,0.01378,0.01251,0.01225,0.01475,0.01063,0.01323,0.01214,0.01477,0.01088,0.01299,0.01097,0.00799,0.00983,0.01195,0.00944,0.00723,0.01018,0.00828,0.00913,0.01232,0.0108,0.01199,0.00837,0.00863,0.00754,0.008,0.00728,0.00653,0.01003,0.00463,0.01058,0.01014,0.00843,0.00609,0.0048
Synth_Outdoor_Air_25,Clean Air,0.0,1,0.0053,0.00694,0.00659,0.00502,0.00915,0.01271,0.01105,0.01569,0.0178,0.02431,0.03191,0.03705,0.04307,0.05144,0.05927,0.06783,0.08028,0.08624,0.1012,0.11494,0.12462,0.13814,0.15066,0.16382,0.17832,0.19203,0.20111,0.21795,0.22747,0.24389,0.24993,0.2621,0.27288,0.28395,0.28787,0.29854,0.30958,0.31373,0.32336,0.32685,0.33243,0.3406,0.34591,0.34917,0.35443,0.35852,0.3583,0.36308,0.36263,0.36752,0.36976,0.37439,0.37411,0.37527,0.37544,0.37627,0.37693,0.37751,0.37969,0.38034,0.37775,0.37836,0.37798,0.37525,0.37681,0.37967,0.37675,0.3795,0.37739,0.37499,0.37375,0.37134,0.37257,0.37396,0.36989,0.37195,0.36738,0.36679,0.37072,0.36692,0.36481,0.36715,0.36637,0.36494,0.36342,0.36152,0.36156,0.36192,0.35828,0.35883,0.35883,0.35967,0.35745,0.35373,0.354,0.35274,0.35418,0.35383,0.3518,0.35115,0.35045,0.35056,0.34761,0.34592,0.34411,0.34881,0.3469,0.34704,0.34673,0.34228,0.34078,0.34368,0.34324,0.33956,0.34071,0.34043,0.33935,0.33891,0.33508,0.33687,0.33635,0.33821,0.33632,0.33702,0.33131,0.33645,0.33977,0.33407,0.32474,0.30149,0.2798,0.24836,0.22076,0.20105,0.18323,0.16689,0.15432,0.14083,0.12593,0.11762,0.10786,0.10328,0.09406,0.08572,0.08192,0.07342,0.07095,0.06455,0.05892,0.05866,0.05557,0.05202,0.04748,0.04333,0.04096,0.03953,0.03826,0.0384,0.03567,0.03064,0.03121,0.02874,0.02499,0.02875,0.0266,0.02563,0.02618,0.02279,0.02118,0.02258,0.02228,0.02102,0.02114,0.01929,0.01841,0.01766,0.01617,0.0162,0.01828,0.01929,0.01787,0.01342,0.01234,0.01208,0.01414,0.00909,0.01206,0.01516,0.01387,0.01157,0.01062,0.01341,0.0132,0.01053,0.01082,0.01033,0.00968,0.01015,0.01052,0.00859,0.01045,0.01067,0.01081,0.00871,0.00637,0.00994,0.00852,0.00717,0.00705,0.00861,0.01111,0.00805,0.00677,0.00945,0.00816,0.0046,0.00854,0.01092,0.0044,0.00581,0.00338,0.00684,0.00943,0.00716,0.00935,0.00848,0.00973,0.00895,0.00778,0.0075,0.00588,0.00567,0.00674,0.00726,0.00874,0.00587,0.00555,0.00512,0.00806,0.0045,0.00592,0.00944,0.00701,0.00615,0.00595,0.00479,0.00497,0.00571,0.00641,0.00742
Synth_Outdoor_Air_26,Clean Air,0.0,1,0.00632,0.00875,0.00841,0.00892,0.0121,0.01003,0.01376,0.0205,0.02342,0.02943,0.03696,0.04607,0.05068,0.05866,0.0692,0.07699,0.08958,0.10138,0.11325,0.12458,0.13676,0.15027,0.16271,0.17488,0.19063,0.20434,0.2163,0.22847,0.2384,0.25264,0.26192,0.2723,0.28375,0.28948,0.29833,0.30525,0.3106,0.32085,0.32579,0.33252,0.34015,0.34134,0.34244,0.3518,0.35507,0.35599,0.35997,0.36436,0.3637,0.36699,0.37116,0.37024,0.37186,0.36945,0.37209,0.37561,0.37708,0.37339,0.37584,0.37544,0.37743,0.37417,0.37609,0.37434,0.37546,0.37464,0.37419,0.37465,0.37319,0.37182,0.37077,0.37078,0.37049,0.3685,0.3683,0.36572,0.36653,0.36504,0.36693,0.3657,0.36257,0.36252,0.36227,0.36067,0.35934,0.35823,0.36002,0.35939,0.3564,0.35709,0.35086,0.35631,0.35362,0.35328,0.35126,0.35414,0.34872,0.35254,0.34951,0.3494,0.34716,0.34423,0.34779,0.34558,0.34591,0.34451,0.34274,0.34433,0.3464,0.34223,0.33994,0.34153,0.33987,0.33941,0.33806,0.34043,0.3368,0.33839,0.33605,0.33583,0.33461,0.33601,0.33655,0.33488,0.33561,0.33751,0.3341,0.32293,0.29808,0.2776,0.24783,0.22167,0.19868,0.18219,0.16243,0.1506,0.13927,0.12495,0.12158,0.10928,0.09959,0.09207,0.08561,0.07957,0.07535,0.07182,0.06398,0.06211,0.05554,0.053,0.05175,0.04822,0.04396,0.04208,0.04329,0.03984,0.03703,0.03162,0.03723,0.03181,0.0299,0.02789,0.02845,0.02738,0.02739,0.02256,0.02272,0.02577,0.02228,0.02094,0.01853,0.02001,0.0205,0.02046,0.01711,0.01715,0.01923,0.01793,0.01488,0.01054,0.01449,0.01623,0.0121,0.01428,0.01302,0.01338,0.01168,0.01457,0.01165,0.01062,0.01328,0.00988,0.01305,0.01288,0.01374,0.01062,0.00946,0.01052,0.00975,0.00967,0.00899,0.00887,0.00739,0.0097,0.00941,0.0081,0.00748,0.00753,0.01171,0.0075,0.01003,0.00866,0.00432,0.01079,0.0099,0.00687,0.00811,0.00654,0.00996,0.00631,0.00759,0.00567,0.00738,0.00979,0.01016,0.00695,0.00751,0.00725,0.00565,0.01082,0.00845,0.00703,0.00921,0.00791,0.00724,0.00649,0.00899,0.00572,0.00945,0.00616,0.00838,0.00657,0.00673,0.00607,0.0054,0.00574,0.00811,0.00253,0.00442,0.00504
Synth_Outdoor_Air_27,Clean Air,0.0,1,0.00486,0.00902,0.0084,0.00891,0.00897,0.01461,0.0134,0.02327,0.02325,0.0296,0.03643,0.0421,0.05406,0.06081,0.07024,0.07719,0.08981,0.10132,0.11226,0.12278,0.13942,0.15047,0.16197,0.1737,0.18968,0.20559,0.21332,0.22743,0.24019,0.2482,0.26004,0.26887,0.28144,0.28978,0.2972,0.30325,0.31083,0.31708,0.32301,0.32975,0.33611,0.34046,0.34478,0.34813,0.35162,0.35433,0.35895,0.36079,0.36123,0.36566,0.36652,0.36995,0.37056,0.36925,0.37143,0.36955,0.37556,0.37196,0.37323,0.37598,0.37347,0.37206,0.37384,0.3744,0.37161,0.37142,0.37155,0.37141,0.36815,0.36971,0.37198,0.36757,0.36706,0.36502,0.36792,0.36736,0.36605,0.36159,0.36392,0.36506,0.36288,0.36174,0.35874,0.35948,0.36064,0.35746,0.35461,0.3549,0.35766,0.35516,0.35384,0.35254,0.35375,0.35366,0.35291,0.35169,0.34773,0.34781,0.34695,0.34725,0.34708,0.34734,0.3454,0.34143,0.34046,0.34307,0.34313,0.34122,0.34344,0.33845,0.3379,0.33717,0.33712,0.33858,0.33621,0.33492,0.33696,0.33264,0.33297,0.33224,0.33425,0.33434,0.33534,0.33306,0.33629,0.33586,0.33015,0.32025,0.30144,0.27672,0.24646,0.22088,0.19575,0.17855,0.1618,0.14989,0.13544,0.1254,0.11662,0.10528,0.0987,0.09121,0.08644,0.07913,0.07496,0.07058,0.06633,0.06028,0.0569,0.05303,0.05063,0.04699,0.04451,0.04188,0.03923,0.03812,0.03422,0.03561,0.03395,0.03056,0.03299,0.02873,0.02547,0.02606,0.02528,0.0243,0.02373,0.02081,0.02016,0.01998,0.01935,0.01843,0.01707,0.01941,0.02002,0.01821,0.01817,0.01777,0.01722,0.01441,0.01544,0.0139,0.01384,0.01377,0.01408,0.01501,0.01339,0.01236,0.01206,0.01365,0.00971,0.0095,0.01287,0.01084,0.01044,0.01038,0.00952,0.01116,0.00796,0.01015,0.01014,0.01004,0.00983,0.00999,0.0082,0.00787,0.01274,0.00866,0.00904,0.00969,0.01043,0.00782,0.0074,0.00651,0.00999,0.00648,0.00771,0.00624,0.00562,0.00716,0.00612,0.00601,0.01091,0.0077,0.00909,0.00853,0.00735,0.00598,0.00716,0.00719,0.00585,0.00698,0.00537,0.00651,0.00616,0.00471,0.00288,0.00533,0.00945,0.00569,0.008,0.00296,0.0045,0.00432,0.00591,0.01048,0.00669,0.00854,0.00568,0.00812
Synth_Outdoor_Air_28,Clean Air,0.0,1,0.00911,0.00625,0.00636,0.00736,0.01144,0.01656,0.02308,0.02226,0.03059,0.03397,0.0425,0.05098,0.05938,0.06873,0.07824,0.08937,0.09975,0.1097,0.12081,0.13577,0.1489,0.16272,0.17447,0.18807,0.20085,0.21305,0.22643,0.23993,0.2508,0.2582,0.26767,0.28035,0.28655,0.29507,0.30001,0.30899,0.31833,0.32179,0.3267,0.331,0.3403,0.34392,0.34602,0.34964,0.35292,0.35835,0.3576,0.36086,0.36437,0.36672,0.36237,0.3669,0.36673,0.36907,0.36695,0.36715,0.37367,0.37191,0.37118,0.37155,0.3705,0.37148,0.36918,0.37002,0.36989,0.3674,0.37018,0.36667,0.36902,0.36664,0.3676,0.36379,0.36306,0.36225,0.36318,0.3646,0.36321,0.35674,0.36072,0.35336,0.35917,0.35813,0.35649,0.35596,0.35517,0.35256,0.35363,0.35159,0.35282,0.35073,0.34786,0.34721,0.3454,0.34921,0.3464,0.34658,0.34808,0.34421,0.34222,0.3424,0.34187,0.34479,0.34328,0.34149,0.3419,0.33926,0.33909,0.33694,0.3348,0.33893,0.33665,0.33583,0.33478,0.33182,0.33248,0.33405,0.33214,0.33192,0.3318,0.33015,0.32949,0.32781,0.32937,0.33296,0.33014,0.32816,0.31764,0.29613,0.27633,0.2451,0.21742,0.1964,0.17668,0.16367,0.14686,0.13605,0.12522,0.11818,0.10457,0.09766,0.09336,0.08531,0.07953,0.07192,0.06842,0.06374,0.05892,0.05363,0.05236,0.05202,0.04728,0.04664,0.04244,0.03854,0.0392,0.03653,0.03551,0.03102,0.03188,0.03146,0.02856,0.02664,0.0263,0.02672,0.02401,0.02387,0.02401,0.02102,0.01891,0.02015,0.01866,0.01965,0.01605,0.0198,0.01877,0.01623,0.01595,0.01424,0.01457,0.01365,0.01616,0.01333,0.01171,0.01357,0.0136,0.01223,0.01465,0.01371,0.01062,0.01115,0.01198,0.00848,0.01143,0.00835,0.01185,0.01189,0.01173,0.00879,0.01066,0.00857,0.0083,0.0083,0.0098,0.00953,0.01189,0.01032,0.01001,0.00675,0.00854,0.0069,0.00826,0.00732,0.00779,0.00986,0.00833,0.00943,0.00512,0.00731,0.00966,0.00954,0.00564,0.00714,0.00915,0.00726,0.00539,0.00563,0.00605,0.00476,0.0069,0.00865,0.0047,0.00756,0.00813,0.00624,0.00472,0.007,0.00644,0.00599,0.00518,0.00639,0.00683,0.00961,0.00617,0.0088,0.00691,0.00595,0.00622,0.00465,0.00646,0.00301
Synth_Outdoor_Air_29,Clean Air,0.0,1,0.00471,0.00672,0.00911,0.01216,0.01232,0.01571,0.02175,0.02309,0.03154,0.03546,0.04356,0.05069,0.0608,0.07027,0.08066,0.09113,0.10152,0.11725,0.12358,0.14053,0.15088,0.16593,0.17772,0.19023,0.20489,0.21898,0.22988,0.24006,0.25807,0.26433,0.27443,0.28221,0.29038,0.30042,0.30938,0.31297,0.32001,0.32859,0.33385,0.33804,0.34243,0.35042,0.35308,0.35487,0.35749,0.36167,0.36611,0.36841,0.37138,0.36939,0.37328,0.37674,0.37749,0.37723,0.3795,0.37802,0.37931,0.37762,0.37679,0.37661,0.37827,0.37694,0.37446,0.37548,0.37556,0.37741,0.37522,0.37471,0.37186,0.37335,0.3744,0.37258,0.36844,0.3687,0.3708,0.36859,0.36795,0.36645,0.36713,0.36494,0.36408,0.36217,0.36494,0.36144,0.36293,0.35869,0.36296,0.36091,0.35515,0.35633,0.3577,0.35428,0.35452,0.3556,0.35269,0.35407,0.35096,0.34767,0.35147,0.35131,0.35324,0.34508,0.34901,0.34314,0.34924,0.34618,0.3428,0.34578,0.34337,0.34348,0.34309,0.34405,0.34346,0.3395,0.34117,0.34074,0.3368,0.33704,0.34089,0.3378,0.3381,0.33524,0.33458,0.33822,0.33882,0.33304,0.32211,0.30517,0.27765,0.25026,0.22222,0.20031,0.18407,0.16411,0.1529,0.13949,0.12852,0.11525,0.10899,0.10286,0.09289,0.08776,0.08159,0.07305,0.07258,0.06671,0.0621,0.05502,0.05463,0.05214,0.05054,0.04577,0.04181,0.04042,0.03744,0.03489,0.03662,0.03587,0.03167,0.02972,0.02618,0.0292,0.02866,0.02412,0.02408,0.02389,0.02525,0.02153,0.02115,0.02109,0.01842,0.01638,0.01748,0.01967,0.01646,0.01597,0.01574,0.01553,0.01793,0.0151,0.01291,0.01445,0.01617,0.01343,0.0118,0.01258,0.01261,0.01373,0.01308,0.01004,0.01002,0.01098,0.012,0.00881,0.01045,0.01004,0.01233,0.01181,0.01054,0.01178,0.00997,0.00835,0.008,0.00612,0.00828,0.00837,0.01052,0.00844,0.00798,0.00767,0.00682,0.00974,0.00652,0.00735,0.00927,0.00995,0.0058,0.00891,0.00674,0.00663,0.00772,0.00855,0.00819,0.00757,0.00687,0.00849,0.00725,0.0102,0.00754,0.00514,0.00634,0.00688,0.00863,0.00928,0.00591,0.00493,0.00453,0.0075,0.0098,0.00693,0.00425,0.00513,0.00577,0.0053,0.00569,0.00665,0.00729,0.00832,0.00708,0.00358
Synth_Outdoor_Air_30,Clean Air,0.0,1,0.00511,0.00576,0.00809,0.01044,0.01293,0.01683,0.02121,0.02456,0.03117,0.03895,0.04447,0.05234,0.06077,0.07228,0.07916,0.09455,0.10103,0.11374,0.12834,0.14198,0.15172,0.16531,0.18108,0.19804,0.20901,0.21959,0.2293,0.24444,0.2563,0.266,0.27574,0.28651,0.2945,0.30624,0.31372,0.3201,0.32686,0.33131,0.33845,0.3451,0.34981,0.35324,0.3584,0.36139,0.36425,0.36838,0.36963,0.37313,0.37393,0.37614,0.37637,0.37819,0.37809,0.37936,0.37989,0.38154,0.38534,0.38273,0.3833,0.38341,0.38531,0.3817,0.38231,0.38197,0.38358,0.38231,0.38102,0.38186,0.37897,0.37839,0.3796,0.37783,0.37462,0.37633,0.37381,0.3729,0.37439,0.37171,0.3715,0.37038,0.3677,0.36914,0.36898,0.36541,0.3667,0.36476,0.36562,0.36567,0.36268,0.36517,0.36252,0.36113,0.3601,0.35991,0.35649,0.358,0.35635,0.35506,0.35586,0.35569,0.35262,0.35213,0.3507,0.34823,0.35194,0.35,0.34936,0.34693,0.34769,0.34879,0.34723,0.3461,0.34643,0.34362,0.34522,0.34193,0.34183,0.34171,0.34251,0.34034,0.3413,0.33969,0.34192,0.34374,0.34389,0.33878,0.32566,0.3072,0.27899,0.2516,0.2268,0.20244,0.18613,0.16713,0.15375,0.13969,0.12885,0.118,0.10991,0.10115,0.09305,0.08908,0.0834,0.07729,0.07102,0.06708,0.06426,0.05936,0.0535,0.05283,0.0492,0.04414,0.04323,0.04348,0.03641,0.03527,0.03521,0.03415,0.0298,0.03075,0.03058,0.02797,0.02775,0.02404,0.02383,0.025,0.02335,0.02054,0.01987,0.02256,0.01858,0.02059,0.01699,0.01862,0.01887,0.01374,0.01403,0.01588,0.0144,0.0169,0.01253,0.01477,0.01148,0.01427,0.01134,0.01635,0.01028,0.01254,0.01017,0.01469,0.01313,0.0115,0.01401,0.01181,0.01064,0.01138,0.01125,0.00929,0.00973,0.01146,0.01044,0.00988,0.00689,0.01095,0.00859,0.01088,0.00932,0.00641,0.01125,0.00879,0.01006,0.00827,0.00942,0.0045,0.00756,0.00587,0.00765,0.00888,0.00694,0.0093,0.00671,0.00865,0.00944,0.00848,0.00661,0.00375,0.00778,0.00728,0.00622,0.00574,0.00907,0.00509,0.00728,0.00679,0.00643,0.00796,0.0087,0.00556,0.00596,0.00693,0.0081,0.00661,0.00554,0.00327,0.00546,0.0048,0.00703,0.00563,0.00598,0.00615
Synth_Outdoor_Air_31,Clean Air,0.0,1,0.00469,0.0087,0.00851,0.00876,0.00736,0.00596,0.00881,0.00641,0.00824,0.01244,0.01786,0.01932,0.02512,0.02839,0.03806,0.04289,0.05128,0.06262,0.07166,0.08237,0.0921,0.10205,0.11491,0.12775,0.13944,0.1553,0.16793,0.18002,0.19774,0.20888,0.22263,0.23371,0.24644,0.25858,0.26808,0.2812,0.28854,0.29748,0.30662,0.31249,0.32337,0.32704,0.33581,0.33962,0.34704,0.3528,0.3553,0.35721,0.36253,0.36575,0.36732,0.37453,0.37521,0.37613,0.38127,0.37946,0.38234,0.38097,0.3811,0.3825,0.38471,0.38707,0.38593,0.38663,0.38377,0.38871,0.38587,0.38482,0.38724,0.38616,0.38584,0.38248,0.38173,0.38411,0.37946,0.3833,0.38007,0.37695,0.37572,0.37584,0.3773,0.37574,0.3726,0.37353,0.37103,0.37402,0.37121,0.36979,0.36813,0.3684,0.36704,0.36735,0.36682,0.36708,0.3643,0.36121,0.36478,0.36025,0.36063,0.36001,0.36071,0.35914,0.35733,0.35671,0.35841,0.35612,0.35406,0.35401,0.3543,0.35343,0.35371,0.35283,0.35116,0.35039,0.35162,0.34775,0.34788,0.34974,0.34927,0.34731,0.34613,0.34366,0.34623,0.34765,0.34745,0.34465,0.34305,0.34174,0.3418,0.34658,0.34522,0.33193,0.31159,0.28459,0.25567,0.22342,0.20484,0.18371,0.16812,0.15439,0.14079,0.12894,0.11991,0.10902,0.10219,0.09245,0.08823,0.08043,0.07597,0.07153,0.06481,0.06135,0.05914,0.05309,0.05463,0.05092,0.04657,0.04318,0.0424,0.03699,0.0333,0.03536,0.0339,0.03144,0.03028,0.03134,0.02572,0.02572,0.02598,0.02354,0.02253,0.02328,0.0206,0.02114,0.01942,0.01887,0.01645,0.01884,0.01687,0.01718,0.01628,0.01599,0.01625,0.0156,0.01392,0.0167,0.01162,0.01441,0.01474,0.01438,0.01165,0.012,0.01062,0.01251,0.00974,0.01148,0.01231,0.01542,0.01185,0.00955,0.00827,0.01033,0.00985,0.00692,0.00894,0.00968,0.00945,0.01084,0.00669,0.01021,0.01032,0.01007,0.00602,0.0093,0.00779,0.00602,0.0081,0.00674,0.00941,0.00902,0.00574,0.00693,0.00738,0.00799,0.0097,0.00935,0.00795,0.00655,0.00408,0.00944,0.00629,0.00935,0.00786,0.01032,0.00856,0.00484,0.00624,0.0058,0.00559,0.00625,0.00449,0.00639,0.00708,0.00449,0.00909,0.00724,0.00502,0.00415,0.00643,0.00561
Synth_Outdoor_Air_32,Clean Air,0.0,1,0.00873,0.00678,0.00708,0.01373,0.01435,0.01716,0.02221,0.02824,0.03136,0.03991,0.04562,0.05542,0.06319,0.07247,0.08686,0.09723,0.10222,0.12211,0.13234,0.14571,0.15806,0.17252,0.18669,0.2004,0.21374,0.22652,0.24209,0.25435,0.26664,0.27682,0.2861,0.29887,0.30595,0.31677,0.32234,0.33052,0.33837,0.3468,0.35243,0.35618,0.36435,0.36402,0.36935,0.37345,0.3758,0.38065,0.3853,0.38533,0.38817,0.38774,0.39119,0.39329,0.39621,0.39334,0.39622,0.39795,0.39633,0.39383,0.39892,0.3981,0.3983,0.39438,0.39927,0.39491,0.3954,0.39534,0.3964,0.39382,0.39459,0.39291,0.39258,0.39032,0.39358,0.38753,0.38996,0.3887,0.38973,0.38871,0.38648,0.38553,0.3867,0.38258,0.38066,0.38047,0.37829,0.38032,0.38045,0.3781,0.37481,0.37752,0.3729,0.37179,0.37343,0.37351,0.37252,0.37049,0.37295,0.36921,0.36975,0.36894,0.36553,0.36643,0.3692,0.36431,0.36402,0.36372,0.36202,0.36131,0.36062,0.36322,0.36052,0.358,0.35764,0.36193,0.35817,0.35773,0.3558,0.35725,0.35856,0.35434,0.35523,0.35157,0.35707,0.35634,0.3558,0.35278,0.33934,0.31893,0.29011,0.26329,0.23406,0.21121,0.19023,0.17279,0.15957,0.14349,0.13499,0.12132,0.1165,0.10662,0.0973,0.09214,0.08497,0.07823,0.07108,0.0703,0.06373,0.06206,0.05729,0.05236,0.05387,0.0498,0.04071,0.04201,0.03933,0.03823,0.03729,0.03606,0.03468,0.03497,0.03252,0.0312,0.02877,0.02964,0.02553,0.02472,0.02165,0.02549,0.02218,0.02653,0.02142,0.02025,0.02069,0.01845,0.01953,0.01839,0.01742,0.01887,0.01598,0.01668,0.01814,0.01434,0.0151,0.01825,0.01511,0.01341,0.01535,0.01231,0.01086,0.01529,0.01142,0.01596,0.01184,0.01556,0.0096,0.01372,0.01187,0.01223,0.01263,0.01052,0.00906,0.01122,0.01177,0.01011,0.01085,0.01099,0.00907,0.00999,0.00852,0.00875,0.01059,0.00842,0.00944,0.00965,0.01112,0.00896,0.01022,0.00776,0.00851,0.00832,0.00935,0.00807,0.01013,0.00755,0.00604,0.01302,0.00719,0.00975,0.01031,0.00956,0.00809,0.00802,0.0063,0.01083,0.00647,0.00761,0.00767,0.0074,0.00601,0.00933,0.00906,0.00768,0.00707,0.00904,0.0063,0.00939,0.00717,0.00941,0.00792,0.00761
Synth_Outdoor_Air_33,Clean Air,0.0,1,0.00928,0.01077,0.01076,0.01244,0.01447,0.01596,0.02187,0.02557,0.03315,0.04004,0.04322,0.0546,0.06466,0.07366,0.08513,0.0933,0.10591,0.12151,0.1333,0.14696,0.15888,0.17445,0.18444,0.20229,0.21779,0.22715,0.24046,0.25479,0.26789,0.27691,0.28627,0.29757,0.30507,0.31509,0.32344,0.32968,0.33713,0.34464,0.35236,0.35484,0.36312,0.36566,0.37221,0.37532,0.37751,0.38258,0.38292,0.38871,0.38767,0.39071,0.39265,0.39275,0.39625,0.39521,0.39445,0.39268,0.39569,0.39906,0.39889,0.39592,0.39644,0.3963,0.39494,0.39551,0.39754,0.39614,0.39619,0.39246,0.39383,0.38983,0.3942,0.39218,0.38868,0.39268,0.38689,0.38938,0.38804,0.38488,0.38578,0.38276,0.37935,0.38142,0.3814,0.38232,0.38071,0.37926,0.37772,0.37769,0.37578,0.37468,0.37412,0.37509,0.37264,0.37256,0.37276,0.3704,0.36857,0.37062,0.36928,0.36875,0.36888,0.3677,0.36616,0.36912,0.36279,0.3631,0.36461,0.36261,0.36332,0.36159,0.36329,0.35851,0.36148,0.36145,0.35606,0.35819,0.35624,0.35575,0.35257,0.3534,0.35561,0.35555,0.35289,0.35739,0.35908,0.35262,0.33863,0.3213,0.29473,0.26427,0.23574,0.20837,0.19164,0.17252,0.16011,0.14655,0.13386,0.12103,0.11696,0.10423,0.09963,0.09154,0.08447,0.07846,0.07324,0.0714,0.06549,0.05912,0.05692,0.05403,0.05179,0.04722,0.04512,0.04339,0.04264,0.03733,0.03815,0.03526,0.03338,0.03575,0.03095,0.03148,0.02973,0.02518,0.02361,0.02709,0.02366,0.02092,0.02489,0.02128,0.02075,0.02386,0.01777,0.01735,0.01772,0.01783,0.016,0.01557,0.01947,0.01732,0.01648,0.0149,0.01628,0.0162,0.01304,0.01535,0.01528,0.01562,0.01711,0.01346,0.01436,0.0091,0.01468,0.01128,0.01179,0.01286,0.01158,0.01137,0.01419,0.01037,0.00927,0.01326,0.01156,0.01324,0.01131,0.00837,0.0104,0.00835,0.00937,0.00853,0.00691,0.009,0.01334,0.00968,0.00815,0.0111,0.00859,0.00889,0.00939,0.00836,0.00817,0.00505,0.00662,0.0064,0.00856,0.00705,0.01114,0.0072,0.01001,0.00875,0.00898,0.0091,0.00555,0.00782,0.00707,0.00592,0.00841,0.0099,0.00417,0.0065,0.00543,0.00802,0.00694,0.00609,0.0084,0.00993,0.01123,0.00589,0.00446,0.00825
Synth_Outdoor_Air_34,Clean Air,0.0,1,0.0086,0.00768,0.00978,0.00968,0.01115,0.01673,0.01991,0.02736,0.03323,0.03909,0.04604,0.05413,0.06352,0.0696,0.08299,0.09361,0.10609,0.11861,0.13252,0.14377,0.16057,0.17284,0.18663,0.19895,0.21566,0.22744,0.23884,0.25266,0.26534,0.27636,0.28729,0.29649,0.30605,0.31579,0.32418,0.32862,0.336,0.34264,0.35285,0.35566,0.36295,0.36469,0.3691,0.37314,0.37665,0.37916,0.38104,0.38547,0.388,0.39273,0.38978,0.39127,0.39131,0.39523,0.3952,0.39466,0.39465,0.39728,0.3962,0.39697,0.39468,0.39231,0.39336,0.39542,0.39833,0.39297,0.39691,0.3934,0.38977,0.39205,0.39112,0.38649,0.38934,0.39009,0.38758,0.38679,0.38521,0.38346,0.38182,0.38214,0.38097,0.38143,0.37971,0.378,0.37919,0.37784,0.37569,0.37763,0.37456,0.37388,0.37473,0.37115,0.37102,0.37095,0.36784,0.36916,0.36941,0.36378,0.3677,0.36585,0.36686,0.36483,0.36503,0.36517,0.36251,0.3619,0.35814,0.3625,0.35978,0.35745,0.35968,0.35541,0.35667,0.35855,0.35557,0.35485,0.35479,0.35179,0.35489,0.35292,0.35197,0.35196,0.35106,0.35516,0.35479,0.34831,0.33796,0.31857,0.29173,0.2635,0.23181,0.21067,0.19193,0.17365,0.15706,0.14498,0.13453,0.12083,0.11325,0.10395,0.09579,0.09119,0.08478,0.07688,0.0731,0.06745,0.06221,0.05881,0.05783,0.0547,0.04963,0.04808,0.04671,0.04114,0.0404,0.03897,0.03602,0.03618,0.03622,0.03268,0.02933,0.03055,0.029,0.02226,0.02539,0.02429,0.02435,0.02222,0.02119,0.01931,0.02152,0.02249,0.01786,0.01612,0.01764,0.01738,0.01858,0.01426,0.01493,0.01252,0.01664,0.01561,0.01301,0.0128,0.01112,0.01399,0.01159,0.01345,0.01584,0.01211,0.00983,0.01195,0.00928,0.01391,0.01287,0.01068,0.0094,0.00865,0.00981,0.0106,0.01131,0.00798,0.01102,0.01067,0.00812,0.00712,0.00926,0.00715,0.00979,0.00766,0.0093,0.00804,0.00786,0.00736,0.01018,0.00625,0.00719,0.00643,0.008,0.00703,0.00458,0.00619,0.01034,0.00754,0.00727,0.00628,0.0074,0.00652,0.00732,0.00684,0.00495,0.00744,0.00335,0.00702,0.00458,0.007,0.00458,0.00626,0.00791,0.00831,0.00378,0.00771,0.00641,0.00602,0.00745,0.00607,0.00708,0.00528,0.00505,0.00742
Synth_Outdoor_Air_35,Clean Air,0.0,1,0.00849,0.00601,0.002,0.0057,0.00736,0.00972,0.01369,0.01607,0.02212,0.02482,0.03333,0.03996,0.04466,0.05271,0.06346,0.06999,0.0823,0.09538,0.10695,0.12064,0.13143,0.14331,0.15783,0.17207,0.18477,0.19847,0.21167,0.22681,0.23685,0.25014,0.26284,0.27163,0.28622,0.29147,0.30474,0.31097,0.31997,0.32901,0.33851,0.34242,0.34481,0.35413,0.35862,0.36276,0.36823,0.36821,0.37447,0.37713,0.38294,0.38336,0.38262,0.38946,0.38937,0.38763,0.39088,0.39321,0.39075,0.3956,0.39154,0.39272,0.39259,0.39607,0.39295,0.3922,0.39422,0.39362,0.39343,0.39119,0.39165,0.39022,0.39203,0.39084,0.38958,0.38863,0.388,0.3842,0.38662,0.38443,0.38523,0.38423,0.38261,0.37827,0.37964,0.37817,0.37851,0.37723,0.37652,0.37626,0.37454,0.37303,0.37155,0.37129,0.37227,0.36904,0.37156,0.37019,0.36771,0.37216,0.36846,0.36468,0.36637,0.36441,0.3626,0.36169,0.36411,0.36025,0.36059,0.35857,0.35844,0.35949,0.35853,0.35376,0.3574,0.35577,0.35799,0.35918,0.3538,0.35135,0.35348,0.35336,0.35529,0.35461,0.35178,0.35007,0.35106,0.35182,0.35343,0.34672,0.33853,0.31747,0.2895,0.25952,0.22928,0.2086,0.18615,0.17378,0.15575,0.14103,0.13581,0.12147,0.11109,0.10559,0.09938,0.08762,0.08243,0.07672,0.07474,0.07045,0.06263,0.06267,0.05539,0.05336,0.04761,0.04703,0.04437,0.04222,0.0408,0.03644,0.03516,0.03464,0.03584,0.03125,0.03123,0.02908,0.02897,0.02466,0.02379,0.02335,0.02682,0.02303,0.02305,0.02212,0.01823,0.02227,0.01936,0.01879,0.01571,0.0187,0.01576,0.0137,0.0145,0.014,0.0134,0.01491,0.0139,0.0136,0.0159,0.01301,0.00957,0.01164,0.01408,0.01222,0.01319,0.01209,0.00899,0.01136,0.01171,0.0122,0.01314,0.01106,0.01129,0.01127,0.00974,0.007,0.01021,0.01024,0.00777,0.01183,0.01127,0.00651,0.01064,0.0079,0.00663,0.00987,0.00772,0.01154,0.00716,0.00543,0.00681,0.00893,0.00685,0.00529,0.00747,0.00528,0.00776,0.0073,0.00805,0.00484,0.00928,0.00665,0.00815,0.00849,0.0057,0.00845,0.0043,0.00491,0.01004,0.00868,0.00947,0.00612,0.00677,0.00768,0.00598,0.00546,0.0053,0.00638,0.00482,0.00436,0.00666,0.00586
Synth_Outdoor_Air_36,Clean Air,0.0,1,0.00741,0.00587,0.00547,0.00808,0.00865,0.01199,0.01591,0.02081,0.02865,0.02876,0.03986,0.04693,0.05611,0.06725,0.0743,0.0833,0.09142,0.1038,0.11892,0.12847,0.1453,0.15452,0.17286,0.18431,0.19864,0.21052,0.22226,0.2398,0.25265,0.26122,0.27408,0.28339,0.29464,0.30417,0.31281,0.32212,0.32778,0.335,0.33881,0.34536,0.35363,0.35467,0.36357,0.36599,0.36938,0.37193,0.3772,0.3795,0.38473,0.38232,0.38598,0.38705,0.38753,0.39039,0.39167,0.39247,0.39408,0.39038,0.39351,0.39203,0.39363,0.39315,0.39014,0.39165,0.39281,0.39108,0.39033,0.39128,0.39052,0.38834,0.38643,0.38559,0.38699,0.38395,0.38539,0.38621,0.38284,0.38188,0.38433,0.38281,0.37896,0.37853,0.37909,0.37751,0.37924,0.37536,0.3745,0.37463,0.37443,0.37355,0.37205,0.36924,0.36756,0.37069,0.36799,0.36927,0.3696,0.36344,0.36658,0.36368,0.36429,0.36276,0.36527,0.36175,0.3593,0.3598,0.35918,0.36019,0.35828,0.36075,0.35714,0.35602,0.35506,0.35421,0.35424,0.35385,0.35351,0.35147,0.35048,0.35039,0.35184,0.35221,0.35045,0.34671,0.35158,0.35622,0.34992,0.33625,0.31777,0.29197,0.25757,0.22956,0.20591,0.18868,0.17202,0.15829,0.14291,0.1339,0.12154,0.11322,0.10599,0.09868,0.0896,0.08479,0.07987,0.0733,0.06648,0.06454,0.0589,0.05212,0.05402,0.04986,0.04922,0.04283,0.04041,0.04046,0.03831,0.03577,0.03503,0.03103,0.03087,0.02989,0.03099,0.02825,0.02585,0.02757,0.02363,0.0241,0.02245,0.0244,0.02078,0.01992,0.01958,0.01835,0.01987,0.01969,0.01654,0.01902,0.01822,0.01495,0.01379,0.01505,0.01518,0.01493,0.01591,0.01172,0.01255,0.0111,0.01106,0.01176,0.01251,0.01358,0.01047,0.00972,0.00878,0.01166,0.01013,0.01272,0.01115,0.01088,0.00936,0.00784,0.00706,0.00913,0.00805,0.00777,0.00978,0.00937,0.00811,0.01088,0.00607,0.0088,0.00809,0.00661,0.00649,0.00771,0.00805,0.00791,0.00572,0.00604,0.00715,0.00707,0.00735,0.00718,0.0067,0.00687,0.00659,0.00924,0.00627,0.00655,0.00518,0.00521,0.00738,0.00656,0.00684,0.00709,0.00492,0.00797,0.00981,0.00497,0.0069,0.00689,0.007,0.00708,0.00631,0.00594,0.00558,0.00576,0.00585,0.00426
Synth_Outdoor_Air_37,Clean Air,0.0,1,0.00511,0.00799,0.00615,0.00903,0.01196,0.01295,0.0171,0.02096,0.02419,0.03045,0.03898,0.04518,0.05648,0.0637,0.07057,0.08341,0.09248,0.10602,0.11583,0.12866,0.14162,0.15502,0.16873,0.18326,0.19907,0.21341,0.22185,0.23784,0.24792,0.26125,0.26876,0.28225,0.2888,0.30075,0.30995,0.31766,0.32379,0.3324,0.33922,0.34375,0.3508,0.35495,0.36056,0.36347,0.36796,0.37219,0.37253,0.37508,0.37912,0.38317,0.38285,0.3844,0.38543,0.38831,0.38821,0.38773,0.39098,0.38975,0.39079,0.39181,0.39155,0.38784,0.3894,0.3887,0.38866,0.38976,0.38945,0.38632,0.38654,0.38504,0.38676,0.38439,0.38213,0.38051,0.38274,0.38056,0.38159,0.37713,0.37812,0.37549,0.37792,0.37762,0.37589,0.37327,0.37351,0.37318,0.36993,0.37075,0.37226,0.36921,0.36575,0.36693,0.36581,0.36904,0.36777,0.36638,0.36336,0.36434,0.36065,0.36225,0.36222,0.35945,0.36094,0.35763,0.35585,0.35829,0.35627,0.35624,0.35851,0.35352,0.35396,0.35601,0.35388,0.35089,0.35006,0.35005,0.34943,0.35008,0.35008,0.34912,0.34731,0.34756,0.34409,0.34661,0.34956,0.34701,0.34675,0.33261,0.31341,0.28797,0.25906,0.22958,0.20773,0.18753,0.1695,0.15647,0.14296,0.13154,0.1197,0.11119,0.10328,0.09526,0.09064,0.0822,0.07358,0.0723,0.06585,0.06355,0.05678,0.05453,0.05265,0.05156,0.04441,0.04387,0.04244,0.04197,0.03865,0.03769,0.03557,0.03028,0.03127,0.03072,0.02686,0.02593,0.02472,0.02588,0.0243,0.02295,0.02116,0.02142,0.02039,0.02047,0.01795,0.01927,0.01738,0.01629,0.01481,0.01471,0.01512,0.01553,0.01653,0.01524,0.01406,0.01522,0.01321,0.01441,0.01262,0.01315,0.01268,0.0124,0.01232,0.01297,0.01052,0.00953,0.00912,0.01268,0.01047,0.01106,0.00882,0.01001,0.00822,0.0088,0.00939,0.01038,0.01047,0.01033,0.00607,0.00928,0.00857,0.00589,0.01015,0.00827,0.00881,0.00892,0.00746,0.01007,0.00439,0.0076,0.00491,0.0071,0.00842,0.00557,0.00492,0.0108,0.00519,0.00975,0.00691,0.0064,0.00803,0.00891,0.00522,0.00625,0.00735,0.00765,0.00816,0.00778,0.00975,0.00644,0.00649,0.00684,0.00604,0.00787,0.00665,0.00767,0.00845,0.0067,0.00706,0.00454,0.00553,0.00808
Synth_Outdoor_Air_38,Clean Air,0.0,1,0.00814,0.00324,0.00609,0.00875,0.00821,0.01021,0.01739,0.02278,0.02251,0.03016,0.03811,0.04621,0.05319,0.06432,0.0708,0.08418,0.09164,0.10484,0.11403,0.13029,0.1424,0.15611,0.16839,0.18295,0.19754,0.20804,0.2213,0.23495,0.24854,0.26228,0.27063,0.28207,0.28798,0.30208,0.30878,0.31495,0.32303,0.32901,0.33529,0.34463,0.34597,0.35126,0.35683,0.35953,0.36548,0.37038,0.37108,0.37235,0.3775,0.37932,0.38202,0.38239,0.38315,0.38509,0.3859,0.3857,0.38699,0.38408,0.3867,0.3884,0.38938,0.38703,0.38877,0.38789,0.38541,0.38367,0.38809,0.38423,0.3828,0.38047,0.3823,0.38342,0.38015,0.37994,0.37981,0.38214,0.37608,0.37607,0.3787,0.37632,0.37489,0.37372,0.37329,0.37186,0.37058,0.36917,0.37135,0.36813,0.36931,0.36779,0.36661,0.3655,0.36493,0.36296,0.36098,0.361,0.36088,0.35948,0.35824,0.36118,0.35975,0.35778,0.36117,0.35398,0.35748,0.35563,0.35581,0.35473,0.35109,0.35316,0.35284,0.34768,0.35373,0.35089,0.35078,0.34709,0.34955,0.35013,0.34748,0.34653,0.34488,0.34572,0.34515,0.34573,0.34638,0.34879,0.34232,0.33089,0.31245,0.28507,0.25712,0.22878,0.20406,0.18796,0.16982,0.15633,0.1445,0.12965,0.12186,0.10984,0.10048,0.09531,0.08593,0.08088,0.07785,0.07144,0.06868,0.06314,0.06195,0.05673,0.05307,0.05013,0.04752,0.04578,0.0424,0.03947,0.03846,0.03623,0.03302,0.0319,0.03264,0.0324,0.02728,0.026,0.02779,0.02567,0.02528,0.02527,0.02149,0.02188,0.0212,0.01871,0.01997,0.02131,0.01741,0.01812,0.01778,0.01642,0.01665,0.01478,0.01664,0.01574,0.01302,0.01639,0.01367,0.0131,0.0147,0.01354,0.01052,0.01179,0.01216,0.00819,0.01194,0.01156,0.00846,0.01141,0.01074,0.00939,0.01128,0.01156,0.00953,0.00883,0.01043,0.00899,0.00575,0.01052,0.0075,0.00839,0.01158,0.00837,0.00883,0.00904,0.00866,0.0065,0.00816,0.00801,0.00888,0.00773,0.01188,0.00601,0.00918,0.00949,0.00785,0.00623,0.01005,0.00415,0.00672,0.00827,0.00735,0.01007,0.00499,0.00509,0.00596,0.00812,0.0073,0.00645,0.0087,0.00863,0.00637,0.00377,0.00328,0.00671,0.00775,0.00695,0.00629,0.00479,0.0075,0.00899,0.00323,0.00588
Synth_Outdoor_Air_39,Clean Air,0.0,1,0.00454,0.00376,0.00431,0.00859,0.01013,0.01468,0.01614,0.01748,0.02497,0.02929,0.03506,0.04577,0.05267,0.06142,0.07062,0.08183,0.09158,0.10453,0.11642,0.12788,0.14163,0.15396,0.17039,0.1823,0.19529,0.20831,0.22319,0.23546,0.24524,0.25635,0.2673,0.27914,0.29057,0.29702,0.30562,0.31281,0.32414,0.3293,0.33559,0.34255,0.34571,0.35092,0.35751,0.36119,0.36432,0.36807,0.37131,0.37213,0.37511,0.37884,0.38095,0.3825,0.38313,0.3835,0.38346,0.38415,0.38615,0.38465,0.38597,0.38763,0.38783,0.38621,0.38543,0.38528,0.38649,0.38376,0.38335,0.38578,0.38298,0.38075,0.38259,0.38171,0.37834,0.37862,0.37733,0.37812,0.37731,0.37537,0.37314,0.37567,0.37154,0.37264,0.37141,0.3707,0.37114,0.37432,0.36615,0.36887,0.36679,0.36727,0.36714,0.36575,0.3634,0.36122,0.36274,0.36102,0.3595,0.35873,0.35983,0.36032,0.35489,0.35699,0.35541,0.35277,0.35419,0.35216,0.35018,0.35129,0.35018,0.35027,0.34903,0.34942,0.34793,0.34935,0.3489,0.34806,0.34603,0.34585,0.34438,0.34405,0.34517,0.34135,0.34397,0.34199,0.3458,0.34335,0.34106,0.33103,0.30715,0.28243,0.25572,0.22646,0.20439,0.18654,0.16735,0.1517,0.14155,0.12792,0.1189,0.11151,0.10238,0.09417,0.086,0.08197,0.07595,0.07008,0.06433,0.06581,0.05668,0.05598,0.05408,0.04928,0.04487,0.04141,0.03913,0.04027,0.03937,0.03537,0.03193,0.03379,0.02981,0.02941,0.02944,0.02664,0.02582,0.02705,0.02484,0.02444,0.02117,0.02305,0.02151,0.01786,0.01977,0.01751,0.01664,0.01872,0.01745,0.0167,0.01661,0.01508,0.01885,0.01267,0.01577,0.01404,0.01194,0.01286,0.01094,0.01211,0.0122,0.01021,0.01293,0.01021,0.00919,0.01007,0.01463,0.0079,0.01175,0.0092,0.00939,0.01161,0.01068,0.00842,0.00718,0.01059,0.01031,0.00887,0.00924,0.0086,0.00722,0.00856,0.00862,0.00933,0.0096,0.00695,0.0106,0.00744,0.00784,0.00561,0.00828,0.00807,0.0089,0.01016,0.00849,0.00767,0.00722,0.00693,0.00843,0.0086,0.00605,0.00855,0.00794,0.00523,0.00819,0.0054,0.00333,0.00719,0.00757,0.00649,0.01077,0.00658,0.00679,0.00667,0.00594,0.00778,0.00659,0.00671,0.00611,0.00365,0.00525,0.00642
Synth_Outdoor_Air_40,Clean Air,0.0,1,0.00586,0.00677,0.00565,0.00878,0.00825,0.01258,0.0148,0.01819,0.02506,0.03304,0.03569,0.04423,0.05418,0.06495,0.06982,0.07902,0.08922,0.10426,0.11328,0.12707,0.13686,0.15528,0.1685,0.18136,0.19164,0.20759,0.21748,0.23255,0.24463,0.2564,0.26726,0.27739,0.28347,0.2969,0.30418,0.31066,0.31692,0.32837,0.33422,0.33897,0.34228,0.345,0.35402,0.35805,0.36031,0.36554,0.36922,0.36996,0.37196,0.37492,0.37676,0.37622,0.37946,0.37881,0.38379,0.38252,0.38099,0.38284,0.38172,0.38526,0.38537,0.38404,0.38533,0.38287,0.38335,0.38364,0.38044,0.38034,0.38105,0.37957,0.37775,0.37359,0.37676,0.37314,0.37392,0.37325,0.37232,0.37404,0.37328,0.37184,0.37082,0.37041,0.3654,0.36728,0.36416,0.36674,0.36165,0.36395,0.36409,0.36069,0.36296,0.36178,0.36091,0.36093,0.3576,0.35744,0.3568,0.3562,0.35486,0.35284,0.35312,0.35172,0.35157,0.35216,0.35,0.35062,0.35196,0.351,0.35098,0.34676,0.34842,0.34551,0.3461,0.34526,0.34487,0.34421,0.34295,0.34173,0.3453,0.3423,0.34207,0.34092,0.34051,0.34025,0.341,0.34564,0.33984,0.32753,0.30763,0.28213,0.25344,0.2268,0.20024,0.1849,0.1693,0.15059,0.13963,0.12803,0.1194,0.10856,0.10084,0.09297,0.08845,0.08143,0.07633,0.07143,0.06661,0.06148,0.06014,0.05288,0.049,0.04643,0.04212,0.04461,0.04167,0.04111,0.03571,0.03636,0.03348,0.03248,0.03165,0.02833,0.03195,0.02847,0.0256,0.02281,0.02383,0.02341,0.02384,0.01911,0.0213,0.01798,0.02006,0.01984,0.02125,0.01483,0.0185,0.01389,0.01391,0.0131,0.01557,0.01286,0.01227,0.01447,0.01402,0.01244,0.01307,0.01528,0.0124,0.01356,0.01195,0.01003,0.01256,0.0097,0.01123,0.01105,0.00742,0.00754,0.01211,0.00948,0.00878,0.01016,0.00929,0.00939,0.00963,0.00999,0.00807,0.00934,0.01034,0.00757,0.01003,0.00822,0.00999,0.0086,0.00916,0.00865,0.00988,0.00803,0.00911,0.00779,0.00988,0.00884,0.00755,0.0072,0.00868,0.00664,0.00475,0.00769,0.00846,0.00897,0.00693,0.00753,0.007,0.00682,0.00716,0.00643,0.00847,0.00754,0.00724,0.00611,0.00909,0.00743,0.00727,0.00513,0.00637,0.00722,0.00491,0.00661,0.00575,0.00608
Synth_Outdoor_Air_41,Clean Air,0.0,1,0.14965,0.15669,0.16049,0.16444,0.17005,0.17488,0.17492,0.17528,0.17981,0.18322,0.18388,0.18753,0.18667,0.18873,0.19296,0.1916,0.19091,0.19576,0.19124,0.18996,0.19596,0.19764,0.19736,0.1947,0.19691,0.19621,0.19588,0.19912,0.19492,0.19729,0.19872,0.19757,0.19821,0.19662,0.19611,0.19524,0.19545,0.19291,0.19166,0.19599,0.19474,0.19403,0.19233,0.18981,0.19237,0.18938,0.18898,0.19016,0.18898,0.19073,0.18944,0.18834,0.18638,0.18755,0.18613,0.18533,0.1861,0.18518,0.18519,0.18526,0.18367,0.18546,0.18235,0.18154,0.18304,0.18396,0.18318,0.18531,0.18123,0.18128,0.18011,0.17863,0.18183,0.17973,0.1818,0.17729,0.18034,0.17713,0.17715,0.1789,0.17756,0.17645,0.17665,0.17997,0.17666,0.17707,0.177,0.17598,0.1747,0.17569,0.17522,0.17465,0.17836,0.17588,0.17007,0.15883,0.14124,0.13192,0.11559,0.10562,0.09327,0.08882,0.07806,0.07436,0.06865,0.06306,0.0605,0.05158,0.0518,0.04557,0.04593,0.04302,0.03898,0.03605,0.03188,0.03197,0.03169,0.02957,0.02563,0.02508,0.02697,0.02467,0.02081,0.01907,0.02001,0.01716,0.01878,0.02207,0.0153,0.01743,0.01867,0.01698,0.01548,0.01469,0.01305,0.0136,0.01456,0.01451,0.01249,0.01199,0.01087,0.01223,0.01281,0.01275,0.00959,0.01112,0.01019,0.01183,0.0099,0.00772,0.01006,0.01102,0.01032,0.00829,0.00839,0.00843,0.00885,0.00787,0.00991,0.00747,0.00851,0.00902,0.01004,0.01024,0.00869,0.00915,0.00687,0.00563,0.0061,0.00889,0.00768,0.00862,0.0085,0.0073,0.00832,0.00807,0.00666,0.00703,0.00906,0.0076,0.00702,0.006,0.00868,0.00559,0.00723,0.00798,0.00586,0.00734,0.00663,0.00622,0.00774,0.00714,0.00676,0.0061,0.00532,0.00665,0.0069,0.00713,0.00818,0.00704,0.00507,0.00633,0.00627,0.00636,0.00639,0.00778,0.00627,0.00794,0.00636,0.00481,0.00559,0.00691,0.00365,0.00424,0.00662,0.00743,0.00828,0.00607,0.00759,0.00611,0.00496,0.00767,0.0079,0.01202,0.01326,0.01398,0.01714,0.02202,0.02198,0.02887,0.03406,0.03648,0.04531,0.05125,0.05402,0.06054,0.06842,0.07427,0.07857,0.08761,0.09287,0.10281,0.10797,0.11372,0.12045,0.12443,0.1316,0.14028,0.14361,0.14931
Synth_Outdoor_Air_42,Clean Air,0.0,1,0.00635,0.00797,0.00368,0.00572,0.0098,0.01171,0.01449,0.01654,0.01948,0.02369,0.02912,0.03785,0.04399,0.05147,0.06088,0.0692,0.08064,0.09017,0.09931,0.11314,0.12304,0.13872,0.1519,0.16243,0.17714,0.19121,0.20394,0.21559,0.22627,0.24088,0.2493,0.26185,0.27231,0.28212,0.28997,0.29713,0.30613,0.31583,0.32264,0.33103,0.33499,0.33712,0.3422,0.34765,0.35089,0.35503,0.362,0.36006,0.36297,0.36812,0.36788,0.37038,0.37351,0.37299,0.37451,0.37681,0.37438,0.3755,0.37777,0.3739,0.37912,0.37746,0.37674,0.3741,0.37498,0.37502,0.37689,0.37253,0.37559,0.37405,0.37265,0.37152,0.37196,0.36987,0.37059,0.36595,0.36891,0.36777,0.36673,0.36315,0.36632,0.36313,0.36395,0.3632,0.36243,0.36305,0.36023,0.35987,0.35784,0.35934,0.35845,0.35618,0.35651,0.35649,0.35563,0.35314,0.3542,0.35204,0.35174,0.35118,0.34963,0.34974,0.34837,0.34646,0.34668,0.34592,0.34777,0.34521,0.34322,0.34259,0.34454,0.3411,0.33957,0.3393,0.3383,0.33824,0.33755,0.34083,0.33855,0.33744,0.33445,0.3359,0.33272,0.33443,0.33841,0.33742,0.33769,0.33535,0.32135,0.30219,0.28004,0.24749,0.22107,0.19959,0.18011,0.16584,0.15012,0.1388,0.12767,0.11697,0.11036,0.09919,0.09514,0.08838,0.08262,0.07526,0.06796,0.06759,0.06024,0.05653,0.05353,0.04947,0.04879,0.04494,0.04238,0.04166,0.03912,0.03637,0.03447,0.03312,0.03067,0.03062,0.02945,0.0277,0.02721,0.02433,0.02352,0.02276,0.02131,0.02398,0.02227,0.01872,0.02032,0.01856,0.01753,0.01586,0.01853,0.01469,0.01626,0.01498,0.0166,0.01477,0.01425,0.01454,0.01385,0.01362,0.013,0.01224,0.0099,0.01061,0.01258,0.0109,0.01057,0.00902,0.00871,0.00975,0.01208,0.00879,0.01071,0.00833,0.01106,0.00931,0.00894,0.00867,0.01226,0.0116,0.00996,0.00922,0.00939,0.00957,0.00898,0.00866,0.00896,0.00748,0.00611,0.00767,0.00935,0.00817,0.00845,0.007,0.00596,0.00714,0.00582,0.0059,0.00852,0.00691,0.00644,0.00908,0.00878,0.00624,0.00772,0.00678,0.0061,0.00741,0.00684,0.00712,0.00813,0.00876,0.00695,0.00691,0.0054,0.00712,0.00673,0.00678,0.00597,0.00961,0.0049,0.00792,0.00445,0.00685
Synth_Outdoor_Air_43,Clean Air,0.0,1,0.48357,0.48505,0.47991,0.48093,0.48573,0.48605,0.47904,0.48212,0.48094,0.48019,0.48227,0.47871,0.47342,0.47973,0.47696,0.48117,0.48358,0.47969,0.48748,0.48178,0.48384,0.4764,0.48288,0.4818,0.47915,0.4846,0.48194,0.48244,0.47957,0.48797,0.48467,0.47989,0.48743,0.47912,0.48408,0.48103,0.47935,0.48584,0.48865,0.4846,0.48291,0.48215,0.48239,0.48432,0.4853,0.48694,0.48684,0.48001,0.48405,0.48536,0.48547,0.48478,0.48587,0.48731,0.48433,0.4826,0.48631,0.48677,0.48514,0.4837,0.48383,0.48228,0.4862,0.48914,0.48264,0.48747,0.48728,0.48167,0.48306,0.48642,0.48806,0.49003,0.47895,0.48985,0.48606,0.48617,0.48686,0.48099,0.48663,0.48886,0.4903,0.48497,0.48449,0.4824,0.48988,0.48625,0.48694,0.48854,0.48786,0.49101,0.48446,0.48741,0.48717,0.48389,0.48724,0.48951,0.48911,0.4877,0.48304,0.48641,0.48738,0.48743,0.4857,0.48871,0.49273,0.489,0.48746,0.48832,0.48365,0.48736,0.48903,0.49447,0.48946,0.4887,0.48939,0.48528,0.49145,0.49189,0.49196,0.48681,0.49288,0.48416,0.49349,0.4965,0.48857,0.48633,0.48957,0.48852,0.48358,0.49194,0.49003,0.49485,0.48678,0.49477,0.49082,0.48968,0.49212,0.48513,0.49335,0.49439,0.48611,0.49219,0.49225,0.49365,0.4881,0.49072,0.49276,0.4949,0.49328,0.49327,0.49008,0.49406,0.493,0.48898,0.49546,0.49413,0.48804,0.494,0.49168,0.49502,0.49449,0.49281,0.49605,0.49545,0.49162,0.49827,0.49376,0.49385,0.48883,0.49309,0.49567,0.4913,0.49495,0.49661,0.49323,0.49666,0.49417,0.49978,0.49522,0.49313,0.49408,0.49621,0.49391,0.49535,0.49408,0.49597,0.49221,0.49257,0.49309,0.49594,0.49601,0.49169,0.49362,0.49875,0.49199,0.49698,0.49669,0.49061,0.49482,0.49645,0.49698,0.50087,0.49197,0.49478,0.49792,0.49761,0.49735,0.50756,0.49634,0.50165,0.49675,0.49917,0.49354,0.49793,0.49479,0.49533,0.49524,0.49492,0.50118,0.49302,0.49878,0.49202,0.49797,0.49813,0.49693,0.49393,0.49659,0.4993,0.49561,0.49544,0.49915,0.49586,0.50342,0.49842,0.49161,0.50082,0.49386,0.4988,0.49856,0.49907,0.49924,0.50257,0.49628,0.4982,0.49791,0.49789,0.50407,0.50328,0.4956,0.50117
Synth_Outdoor_Air_44,Clean Air,0.0,1,0.68765,0.68674,0.68328,0.68458,0.68671,0.68267,0.6836,0.68495,0.68242,0.68366,0.67491,0.6828,0.68391,0.67923,0.68571,0.68035,0.68133,0.68238,0.69019,0.68119,0.68748,0.68475,0.68088,0.68685,0.68542,0.68252,0.68446,0.68243,0.68495,0.68661,0.68867,0.68238,0.69064,0.68093,0.68654,0.6879,0.68771,0.68279,0.68437,0.68544,0.68527,0.68688,0.68762,0.6827,0.68885,0.68665,0.68592,0.68692,0.68724,0.68498,0.69143,0.68551,0.68726,0.68272,0.68946,0.68577,0.68897,0.68468,0.68743,0.6884,0.68831,0.68792,0.68813,0.68902,0.68843,0.68754,0.6891,0.68499,0.68887,0.68908,0.68327,0.69282,0.6829,0.68637,0.69115,0.68894,0.69056,0.68634,0.68603,0.6846,0.6908,0.684,0.68721,0.68484,0.68671,0.68576,0.68828,0.68726,0.68527,0.68852,0.68906,0.68577,0.68629,0.6887,0.68548,0.68313,0.68154,0.6884,0.69012,0.69197,0.69057,0.68682,0.6888,0.68691,0.68822,0.69123,0.68671,0.68647,0.68787,0.69352,0.68576,0.68745,0.68926,0.68792,0.68823,0.68775,0.68861,0.68638,0.691,0.69102,0.69193,0.69437,0.69499,0.68553,0.69151,0.69024,0.69346,0.68546,0.68712,0.68709,0.68608,0.68901,0.68639,0.6903,0.69208,0.69196,0.69024,0.68798,0.68728,0.69067,0.68579,0.69368,0.69315,0.6902,0.6847,0.69679,0.69244,0.69491,0.68681,0.69141,0.68951,0.68884,0.6881,0.6901,0.6876,0.69022,0.69077,0.69147,0.69222,0.69007,0.68741,0.69493,0.69151,0.68614,0.69163,0.69392,0.6927,0.68983,0.69614,0.69588,0.69109,0.69583,0.69464,0.69302,0.68989,0.69203,0.69337,0.68493,0.68551,0.6859,0.68897,0.69431,0.69449,0.69184,0.69736,0.68559,0.68597,0.69148,0.69282,0.693,0.6876,0.69142,0.68873,0.69375,0.69033,0.68907,0.69078,0.68977,0.69023,0.69229,0.68903,0.6961,0.68937,0.69174,0.69411,0.68952,0.68967,0.68989,0.69736,0.69099,0.68949,0.69348,0.69342,0.69131,0.69381,0.69532,0.69087,0.69061,0.69071,0.68566,0.69283,0.69577,0.69885,0.69463,0.69393,0.69413,0.70069,0.69326,0.69027,0.69064,0.68834,0.69638,0.69082,0.69248,0.69081,0.69335,0.6982,0.69631,0.69251,0.6979,0.69611,0.69104,0.69675,0.69447,0.69336,0.69437,0.69359,0.69066,0.69605,0.69913
Synth_Outdoor_Air_45,Clean Air,0.0,1,0.47274,0.47575,0.47522,0.4742,0.46986,0.47419,0.47332,0.47439,0.47729,0.47571,0.47563,0.47487,0.47339,0.47873,0.47872,0.476,0.47447,0.47845,0.47042,0.47597,0.47508,0.47782,0.47616,0.4714,0.47224,0.47703,0.47602,0.4734,0.48009,0.47192,0.47859,0.47494,0.47318,0.47813,0.47592,0.47704,0.47975,0.47467,0.48171,0.47471,0.47776,0.48213,0.47062,0.47458,0.47895,0.47665,0.47779,0.47801,0.47843,0.47995,0.48018,0.47666,0.47977,0.48053,0.47843,0.48267,0.48049,0.47839,0.47666,0.48508,0.48175,0.47798,0.48228,0.47844,0.47427,0.48033,0.47456,0.47925,0.47939,0.48539,0.48119,0.47922,0.47945,0.47518,0.48054,0.48233,0.4751,0.48566,0.48286,0.48192,0.48419,0.48753,0.47978,0.48451,0.47866,0.47875,0.48449,0.48043,0.48255,0.4798,0.48195,0.48638,0.48436,0.48038,0.48024,0.47998,0.48132,0.48313,0.48476,0.48271,0.48373,0.48598,0.48267,0.48782,0.47997,0.47894,0.47628,0.48688,0.48536,0.4858,0.48464,0.47982,0.48746,0.48196,0.48187,0.48825,0.48533,0.48346,0.48044,0.48383,0.4878,0.48943,0.48811,0.4808,0.48532,0.48238,0.48373,0.48926,0.48103,0.48783,0.48255,0.48235,0.48106,0.4809,0.48745,0.48515,0.48198,0.48053,0.48502,0.49159,0.48468,0.48162,0.48524,0.48681,0.4778,0.48801,0.4861,0.48791,0.49264,0.48732,0.48647,0.48431,0.49154,0.48743,0.48713,0.48642,0.48862,0.48569,0.48595,0.4855,0.48613,0.48661,0.4852,0.48543,0.48411,0.49247,0.47915,0.49083,0.49096,0.48211,0.49,0.48734,0.48569,0.48664,0.48511,0.49266,0.49292,0.49328,0.49328,0.48613,0.48608,0.48934,0.48402,0.49187,0.48753,0.48357,0.49464,0.4895,0.48756,0.49481,0.48497,0.49281,0.49024,0.48696,0.49317,0.48813,0.49364,0.49012,0.4897,0.49096,0.48867,0.48543,0.48445,0.49263,0.48911,0.49447,0.48521,0.49335,0.49143,0.49187,0.49087,0.49294,0.49018,0.49306,0.49284,0.49303,0.49035,0.49081,0.49419,0.48693,0.48958,0.49356,0.49084,0.49402,0.49237,0.49202,0.48886,0.48849,0.49238,0.49297,0.49275,0.4906,0.49514,0.49225,0.49285,0.49354,0.49596,0.49436,0.48578,0.49238,0.49215,0.49251,0.49517,0.49056,0.49016,0.49633,0.49262,0.48954,0.48881,0.48847
Synth_Outdoor_Air_46,Clean Air,0.0,1,0.60177,0.61047,0.60396,0.60036,0.60165,0.60393,0.60101,0.60241,0.60555,0.59934,0.60345,0.60052,0.59912,0.60541,0.59938,0.6069,0.60393,0.59819,0.60483,0.60173,0.60421,0.59623,0.59938,0.60064,0.60099,0.60341,0.60185,0.59862,0.6024,0.60035,0.60249,0.60251,0.60104,0.6013,0.60066,0.59675,0.60315,0.60294,0.60161,0.59798,0.5978,0.60411,0.60093,0.60189,0.60353,0.59945,0.60469,0.59681,0.60156,0.60107,0.59609,0.59944,0.6016,0.59912,0.60361,0.59784,0.59773,0.60226,0.60264,0.60089,0.60132,0.59255,0.59893,0.59967,0.60142,0.6013,0.59745,0.60141,0.60534,0.59744,0.59976,0.60344,0.60241,0.59926,0.59822,0.59855,0.59363,0.59675,0.5971,0.59917,0.59784,0.60303,0.60371,0.59419,0.60012,0.60049,0.6006,0.60054,0.59622,0.59797,0.60113,0.59845,0.60066,0.6068,0.59708,0.59869,0.59975,0.59752,0.59662,0.60131,0.60084,0.5958,0.59692,0.59924,0.59739,0.59759,0.59858,0.59593,0.60034,0.60263,0.59377,0.59512,0.59994,0.59836,0.60233,0.60359,0.59824,0.59424,0.59379,0.59486,0.59607,0.6032,0.59769,0.59882,0.59634,0.60106,0.60101,0.59818,0.59432,0.59839,0.59931,0.60232,0.59871,0.59477,0.60048,0.59751,0.59706,0.59831,0.59794,0.60189,0.59879,0.60103,0.59817,0.59922,0.60282,0.59502,0.59631,0.59574,0.59606,0.59894,0.59748,0.59639,0.59218,0.59818,0.59908,0.60346,0.59341,0.59664,0.59693,0.59865,0.59603,0.59734,0.59868,0.59694,0.59388,0.59979,0.60018,0.59449,0.59803,0.59477,0.60104,0.59237,0.59467,0.59792,0.60227,0.59807,0.59543,0.60138,0.59329,0.59181,0.59885,0.59416,0.59516,0.59799,0.59726,0.5963,0.59352,0.59913,0.59658,0.59751,0.60113,0.59296,0.59325,0.59753,0.59348,0.59471,0.5987,0.59677,0.59237,0.59862,0.59676,0.60183,0.59494,0.59605,0.59592,0.5972,0.59839,0.60067,0.59653,0.60041,0.59374,0.59714,0.59527,0.59941,0.59253,0.59061,0.59533,0.59192,0.59514,0.59259,0.59178,0.59069,0.59038,0.58847,0.59119,0.5961,0.5979,0.59328,0.59077,0.59359,0.59523,0.59157,0.60108,0.59506,0.59139,0.59676,0.59235,0.58986,0.59182,0.58907,0.59078,0.59446,0.59644,0.59621,0.59343,0.59321,0.59681,0.59829,0.59471,0.59154
Synth_Outdoor_Air_47,Clean Air,0.0,1,0.60103,0.59879,0.60258,0.59868,0.60188,0.59931,0.60222,0.59484,0.60242,0.59907,0.59873,0.599,0.59836,0.60179,0.5989,0.59925,0.59788,0.6064,0.60354,0.5974,0.60055,0.60094,0.60033,0.59643,0.59872,0.5926,0.59717,0.60335,0.5974,0.60662,0.59895,0.59871,0.59966,0.60034,0.60278,0.59844,0.59945,0.59957,0.5997,0.60076,0.60062,0.59634,0.6049,0.60285,0.59967,0.60205,0.60222,0.60065,0.59766,0.60196,0.60203,0.60565,0.6025,0.60016,0.60405,0.59158,0.60271,0.59602,0.60004,0.59757,0.59901,0.60483,0.60279,0.6065,0.59997,0.60346,0.60251,0.59894,0.60309,0.59967,0.59881,0.59991,0.60645,0.60428,0.60192,0.60034,0.60213,0.60663,0.60402,0.60596,0.60591,0.60408,0.60364,0.60052,0.60558,0.60156,0.60643,0.60461,0.60389,0.60479,0.60448,0.60143,0.60623,0.60442,0.6055,0.59398,0.60864,0.60319,0.60717,0.59934,0.6053,0.60242,0.6037,0.6063,0.60495,0.6046,0.60639,0.60224,0.60722,0.60584,0.60844,0.6052,0.60587,0.60937,0.60726,0.60801,0.60572,0.60318,0.60811,0.60106,0.60598,0.60166,0.60768,0.60921,0.60568,0.6046,0.61022,0.60615,0.60695,0.60709,0.60971,0.60308,0.60652,0.60821,0.60673,0.60979,0.60605,0.60534,0.60768,0.60806,0.60316,0.60279,0.61274,0.60288,0.60518,0.60059,0.60794,0.60372,0.61299,0.60843,0.60352,0.61245,0.61008,0.60571,0.60224,0.61282,0.60087,0.60424,0.60882,0.6132,0.6135,0.61183,0.60845,0.61089,0.60901,0.60828,0.60742,0.60538,0.60644,0.60797,0.60306,0.60975,0.6053,0.60477,0.60978,0.60977,0.61232,0.60419,0.60779,0.61312,0.6074,0.60718,0.60852,0.6045,0.61105,0.60566,0.60685,0.60992,0.60701,0.6117,0.6101,0.61189,0.61044,0.61354,0.61038,0.60872,0.61129,0.61181,0.60877,0.61093,0.60871,0.60941,0.60655,0.61586,0.60713,0.60974,0.60797,0.61216,0.61073,0.61325,0.61231,0.61229,0.60875,0.61746,0.60723,0.61314,0.61397,0.61402,0.61004,0.60906,0.61048,0.61055,0.61631,0.62028,0.61064,0.60817,0.61089,0.61939,0.61303,0.61859,0.61778,0.61224,0.61467,0.61606,0.61006,0.61164,0.61141,0.60758,0.6105,0.60812,0.61408,0.60978,0.61367,0.60771,0.61594,0.6123,0.60856,0.61191,0.61526,0.6103
Synth_Outdoor_Air_48,Clean Air,0.0,1,0.70251,0.69937,0.69647,0.69692,0.6992,0.69832,0.69974,0.69573,0.69967,0.69479,0.69823,0.6954,0.69484,0.70161,0.70285,0.70053,0.69441,0.69882,0.70095,0.69987,0.70371,0.70001,0.69822,0.69703,0.69656,0.69899,0.70095,0.70168,0.69712,0.69423,0.69559,0.70151,0.69484,0.69422,0.70112,0.70439,0.69843,0.70181,0.69688,0.69708,0.6998,0.69559,0.70134,0.69689,0.69794,0.70282,0.69827,0.69628,0.70089,0.69698,0.70082,0.69531,0.70064,0.70136,0.69937,0.70255,0.70327,0.70062,0.69903,0.69969,0.69915,0.69951,0.69815,0.69993,0.70099,0.70159,0.69836,0.70358,0.70025,0.69782,0.6977,0.69907,0.69887,0.7018,0.7039,0.70114,0.70038,0.70294,0.69968,0.69842,0.69915,0.697,0.69879,0.702,0.69867,0.70043,0.70033,0.70258,0.70509,0.69407,0.69505,0.70193,0.69613,0.69814,0.6986,0.69563,0.70132,0.70253,0.6988,0.69104,0.69845,0.7029,0.69464,0.69945,0.69997,0.70104,0.70096,0.69666,0.70317,0.70031,0.70171,0.70037,0.69936,0.70151,0.7002,0.70646,0.70043,0.69717,0.70263,0.70066,0.69848,0.70328,0.70258,0.70388,0.70332,0.69866,0.70616,0.70085,0.70361,0.70171,0.70361,0.70573,0.70402,0.69817,0.70545,0.70156,0.70857,0.70231,0.70238,0.70051,0.69722,0.70033,0.70509,0.6998,0.69532,0.70241,0.70295,0.70431,0.704,0.69899,0.70226,0.70719,0.70268,0.7046,0.70648,0.70221,0.70181,0.70889,0.69736,0.70429,0.69899,0.70295,0.70726,0.70388,0.70497,0.70787,0.70114,0.7044,0.70002,0.69885,0.70659,0.70207,0.70343,0.70396,0.70332,0.70265,0.70537,0.69855,0.70165,0.7036,0.70557,0.70715,0.70412,0.70445,0.70238,0.70582,0.70339,0.69812,0.70206,0.70051,0.70166,0.70369,0.70446,0.70345,0.70457,0.70746,0.7028,0.71047,0.70422,0.69694,0.70659,0.70466,0.70625,0.70255,0.70179,0.70325,0.70052,0.70083,0.70188,0.70533,0.70534,0.70468,0.69794,0.70474,0.70553,0.70072,0.70448,0.70327,0.70236,0.70602,0.70527,0.70293,0.70288,0.70268,0.70501,0.70114,0.70905,0.70147,0.70521,0.70913,0.70185,0.70164,0.69909,0.70831,0.70094,0.7101,0.70529,0.70366,0.70966,0.7107,0.71095,0.70533,0.70759,0.70551,0.70787,0.70046,0.70285,0.7047,0.70099,0.70196
Synth_Outdoor_Air_49,Clean Air,0.0,1,0.62219,0.62735,0.62275,0.62462,0.62331,0.61865,0.62639,0.62461,0.62882,0.628,0.621,0.63006,0.6288,0.62578,0.62559,0.62353,0.62417,0.6278,0.63081,0.63039,0.62425,0.6243,0.62679,0.61838,0.62422,0.62695,0.62405,0.62187,0.62864,0.62434,0.62285,0.61726,0.62627,0.63113,0.62913,0.62336,0.62835,0.62698,0.62246,0.62783,0.62789,0.62752,0.62659,0.62436,0.62635,0.62489,0.62527,0.62736,0.62995,0.62462,0.6333,0.62744,0.62713,0.62321,0.62023,0.62948,0.62719,0.62785,0.62536,0.62702,0.62197,0.62654,0.62756,0.62098,0.62922,0.62282,0.62648,0.62573,0.62552,0.62894,0.62503,0.62439,0.62577,0.62891,0.62269,0.6288,0.62847,0.63274,0.62669,0.62514,0.62761,0.62922,0.62535,0.61851,0.63123,0.6297,0.62103,0.62681,0.62916,0.63108,0.62783,0.62476,0.62281,0.62993,0.62544,0.62415,0.62757,0.6244,0.62901,0.63023,0.63022,0.62554,0.62388,0.6261,0.62911,0.63066,0.62865,0.63745,0.63063,0.62664,0.6275,0.63321,0.6289,0.6238,0.63169,0.62371,0.63525,0.63333,0.62933,0.63363,0.62876,0.63072,0.62815,0.62932,0.62651,0.63197,0.62846,0.62593,0.62398,0.63009,0.63353,0.62628,0.63078,0.63302,0.63012,0.63102,0.62612,0.62885,0.62925,0.63194,0.63373,0.63567,0.63045,0.62996,0.62863,0.63084,0.63214,0.62706,0.63128,0.63021,0.62868,0.63156,0.63362,0.62663,0.62275,0.62907,0.63211,0.62863,0.62958,0.63207,0.63356,0.62981,0.63217,0.62689,0.62875,0.62799,0.63718,0.63085,0.63267,0.63274,0.63438,0.62854,0.63179,0.62837,0.62911,0.6321,0.62578,0.63514,0.63032,0.6323,0.63086,0.63037,0.63235,0.62941,0.63329,0.62941,0.63285,0.63403,0.62996,0.63111,0.63211,0.6323,0.63274,0.6311,0.6322,0.63512,0.63153,0.63215,0.63496,0.63782,0.63402,0.62885,0.63449,0.63167,0.626,0.63449,0.62768,0.6317,0.63042,0.63072,0.63459,0.63037,0.63412,0.63084,0.63536,0.63307,0.62665,0.63501,0.62739,0.63186,0.63165,0.63517,0.63074,0.62972,0.63003,0.63378,0.63324,0.6249,0.62914,0.628,0.63344,0.63776,0.63152,0.63034,0.63337,0.63718,0.63107,0.62954,0.63342,0.63401,0.63283,0.63477,0.62456,0.63241,0.63423,0.62835,0.63516,0.6364,0.63271,0.63531
Synth_Outdoor_Air_50,Clean Air,0.0,1,0.5649,0.56209,0.56329,0.55882,0.56336,0.56158,0.56682,0.56389,0.56411,0.56509,0.56618,0.57002,0.56221,0.56409,0.56254,0.55862,0.56043,0.56376,0.5605,0.56204,0.55962,0.56143,0.55922,0.56682,0.56332,0.55949,0.56275,0.56186,0.56337,0.56697,0.55685,0.56222,0.56175,0.56556,0.56397,0.56114,0.56348,0.56184,0.56554,0.5618,0.56685,0.56099,0.56181,0.55831,0.55816,0.55928,0.56569,0.56614,0.55946,0.56765,0.55931,0.56674,0.56865,0.566,0.56161,0.56076,0.5592,0.56283,0.56418,0.56017,0.56202,0.56425,0.56438,0.56219,0.56648,0.56501,0.56115,0.56843,0.5655,0.56196,0.56405,0.56409,0.57112,0.56435,0.56233,0.56589,0.56269,0.56463,0.56579,0.56184,0.5627,0.56123,0.56286,0.56257,0.56267,0.56049,0.56746,0.56285,0.56627,0.566,0.56211,0.57068,0.56527,0.56615,0.56769,0.56341,0.5682,0.56488,0.56599,0.56451,0.56623,0.56694,0.56604,0.56395,0.56776,0.56092,0.56756,0.56736,0.56271,0.56249,0.56293,0.56165,0.56213,0.56955,0.56628,0.56546,0.56168,0.56704,0.55807,0.56154,0.56524,0.56866,0.56131,0.56287,0.56782,0.56402,0.56296,0.56673,0.56253,0.5659,0.56599,0.56582,0.56401,0.56194,0.56705,0.56751,0.56444,0.56802,0.56905,0.56751,0.56692,0.56429,0.56829,0.56391,0.56481,0.56923,0.56138,0.56121,0.56336,0.56498,0.56988,0.56934,0.56573,0.56807,0.5614,0.56323,0.56398,0.56333,0.56422,0.5664,0.56208,0.56772,0.56343,0.56651,0.57186,0.56246,0.56095,0.56582,0.56838,0.57021,0.56426,0.5671,0.5639,0.56529,0.57392,0.56,0.5663,0.56899,0.5687,0.56691,0.56868,0.56666,0.56633,0.56529,0.56927,0.56687,0.56722,0.56627,0.56966,0.56839,0.56366,0.57071,0.56265,0.56451,0.56475,0.57216,0.56092,0.57636,0.56844,0.5665,0.56729,0.56979,0.56773,0.56453,0.56583,0.56748,0.56412,0.56517,0.5664,0.56605,0.56783,0.55783,0.56634,0.56626,0.56534,0.56675,0.57164,0.56888,0.56425,0.5675,0.56303,0.56176,0.56313,0.56735,0.57204,0.56747,0.56465,0.56768,0.5633,0.56848,0.56926,0.56932,0.57029,0.56861,0.56611,0.57,0.56892,0.568,0.56674,0.56547,0.56661,0.56944,0.56488,0.56788,0.56166,0.56868,0.56913,0.56371,0.56857,0.57151
Synth_Outdoor_Air_51,Clean Air,0.0,1,0.36448,0.36716,0.36679,0.36451,0.37268,0.36696,0.36192,0.36167,0.36791,0.36506,0.36637,0.36917,0.37099,0.36191,0.35886,0.36585,0.37126,0.36834,0.36698,0.36464,0.368,0.36678,0.36672,0.36436,0.37011,0.37427,0.36381,0.3634,0.36625,0.36195,0.36378,0.36446,0.36267,0.3621,0.36626,0.36653,0.36537,0.36478,0.3655,0.36546,0.36713,0.35865,0.3618,0.36499,0.36218,0.36102,0.36087,0.36673,0.36058,0.36298,0.36892,0.3659,0.36572,0.36415,0.36161,0.36124,0.3572,0.36225,0.36663,0.3678,0.36506,0.36597,0.36466,0.36162,0.36038,0.36122,0.36467,0.36547,0.36209,0.36072,0.36117,0.36512,0.35852,0.35776,0.35946,0.35838,0.36076,0.36173,0.36223,0.36514,0.36403,0.36334,0.36335,0.35761,0.36555,0.36017,0.36332,0.35885,0.35735,0.36293,0.36111,0.35666,0.3612,0.36327,0.35796,0.36497,0.36038,0.36542,0.36027,0.36206,0.35767,0.35808,0.35802,0.35681,0.35916,0.36071,0.36037,0.35737,0.35543,0.35802,0.36483,0.35902,0.36101,0.35795,0.35984,0.36256,0.35872,0.36229,0.36185,0.35985,0.36297,0.35908,0.36101,0.36001,0.35999,0.35787,0.36033,0.36327,0.35537,0.35645,0.35959,0.35728,0.35747,0.35929,0.35919,0.3645,0.35158,0.35615,0.35859,0.35438,0.35905,0.36304,0.35641,0.35682,0.35502,0.35758,0.35684,0.35433,0.35906,0.35979,0.35399,0.35801,0.35999,0.35813,0.36034,0.35362,0.35538,0.35482,0.35393,0.35783,0.36037,0.35356,0.35557,0.35495,0.35328,0.35772,0.35426,0.35605,0.3599,0.35649,0.35388,0.35325,0.35759,0.36185,0.34922,0.36101,0.35248,0.35265,0.3529,0.3591,0.34909,0.35974,0.3593,0.35399,0.35497,0.35443,0.35797,0.35688,0.3522,0.35455,0.35893,0.35205,0.35656,0.34987,0.3535,0.35453,0.35523,0.35705,0.35349,0.35397,0.35237,0.35661,0.35478,0.35185,0.35074,0.35198,0.35322,0.3538,0.3597,0.35454,0.35344,0.35278,0.35178,0.35205,0.35272,0.35438,0.35645,0.35197,0.34862,0.35563,0.35167,0.35466,0.34523,0.35527,0.34961,0.35179,0.35418,0.35042,0.34885,0.35236,0.35122,0.35234,0.35704,0.34622,0.35726,0.35329,0.35007,0.34806,0.35218,0.35307,0.34971,0.35661,0.34782,0.34985,0.34708,0.35057,0.35595,0.34959,0.34429,0.35207
Synth_Outdoor_Air_52,Clean Air,0.0,1,0.63507,0.63283,0.6347,0.6397,0.62911,0.63643,0.62913,0.63222,0.63467,0.63003,0.63356,0.63496,0.63025,0.63177,0.63747,0.62859,0.63443,0.63538,0.6305,0.63305,0.63921,0.6332,0.63488,0.63412,0.63728,0.63407,0.63591,0.63908,0.63866,0.6391,0.63648,0.63223,0.63293,0.6364,0.63853,0.6395,0.63847,0.63131,0.63899,0.63537,0.63446,0.63682,0.63902,0.64275,0.6372,0.63419,0.63961,0.63731,0.63678,0.64122,0.63713,0.64003,0.63489,0.63743,0.6372,0.63229,0.63364,0.63416,0.63695,0.64028,0.63787,0.6408,0.63666,0.63873,0.6339,0.63507,0.64059,0.63861,0.63617,0.638,0.63427,0.63541,0.64105,0.63999,0.63932,0.63733,0.63732,0.63601,0.63791,0.63906,0.64069,0.63818,0.63228,0.64262,0.64,0.63576,0.64122,0.63413,0.63932,0.64029,0.63886,0.63836,0.6427,0.64093,0.63791,0.63779,0.63377,0.64044,0.63556,0.63677,0.63646,0.64205,0.635,0.64577,0.63776,0.63927,0.63771,0.64235,0.63992,0.63529,0.64168,0.6449,0.63951,0.64309,0.6389,0.63801,0.64219,0.64134,0.64098,0.63809,0.64182,0.64071,0.6423,0.63791,0.64115,0.63639,0.6424,0.64229,0.63623,0.63797,0.63878,0.63793,0.63812,0.63532,0.64022,0.63713,0.64226,0.64093,0.64068,0.6414,0.64414,0.64358,0.64518,0.64419,0.64303,0.64209,0.64363,0.6389,0.64384,0.64308,0.63984,0.6382,0.64671,0.64056,0.64358,0.6397,0.63997,0.6377,0.6439,0.64751,0.6418,0.64432,0.63815,0.6448,0.643,0.64136,0.64284,0.64249,0.64468,0.64154,0.64324,0.64564,0.64391,0.6437,0.64238,0.64395,0.64329,0.63921,0.64903,0.64745,0.6391,0.64691,0.64106,0.64528,0.64639,0.64262,0.64362,0.64277,0.64294,0.64067,0.64421,0.64021,0.64844,0.64492,0.64229,0.64353,0.64664,0.6485,0.64566,0.65084,0.64374,0.63961,0.64554,0.64716,0.64136,0.64383,0.64756,0.64259,0.64601,0.65039,0.64271,0.64325,0.64465,0.64602,0.64565,0.65024,0.64426,0.64795,0.64425,0.65078,0.65026,0.6434,0.64175,0.64933,0.64524,0.647,0.64184,0.64118,0.64479,0.64669,0.6459,0.65023,0.64253,0.64901,0.64434,0.64564,0.64765,0.65084,0.65028,0.65072,0.64369,0.64657,0.64443,0.64669,0.65483,0.65013,0.64405,0.64112,0.64724,0.64917
Synth_Outdoor_Air_53,Clean Air,0.0,1,0.45912,0.45779,0.45801,0.44998,0.45961,0.4576,0.45954,0.46627,0.46151,0.45634,0.45933,0.46126,0.46107,0.45832,0.463,0.45843,0.46059,0.45772,0.45858,0.45768,0.45589,0.45542,0.46272,0.46371,0.45583,0.45871,0.46025,0.45608,0.45895,0.46143,0.46526,0.45989,0.45763,0.45744,0.46233,0.4633,0.45643,0.45559,0.46638,0.46258,0.45904,0.46238,0.45382,0.46151,0.4598,0.45951,0.45999,0.46208,0.45842,0.46324,0.45772,0.45904,0.45743,0.46373,0.46109,0.45965,0.46198,0.45609,0.45984,0.45821,0.46918,0.45797,0.46386,0.46247,0.46206,0.46408,0.46596,0.45958,0.46144,0.46553,0.46396,0.4612,0.45802,0.46437,0.45897,0.45903,0.46393,0.46228,0.46263,0.46425,0.46592,0.45654,0.46093,0.4632,0.46914,0.46319,0.46159,0.46632,0.46189,0.45914,0.46245,0.46322,0.46219,0.45808,0.46314,0.46912,0.46566,0.45921,0.46446,0.46301,0.46672,0.46744,0.4642,0.46454,0.46516,0.46741,0.46545,0.46679,0.4648,0.46726,0.46435,0.46279,0.46803,0.46527,0.46544,0.46683,0.46762,0.46558,0.46599,0.46873,0.46819,0.46962,0.46414,0.47078,0.46274,0.47038,0.47322,0.46547,0.46304,0.46497,0.46338,0.46387,0.46309,0.46228,0.46501,0.46979,0.46599,0.47174,0.46869,0.46827,0.4657,0.47043,0.46356,0.46964,0.46751,0.47124,0.46577,0.46618,0.46648,0.46552,0.46862,0.4641,0.46761,0.46319,0.46924,0.47127,0.46547,0.46902,0.47155,0.46651,0.46565,0.46335,0.46735,0.46551,0.46789,0.46799,0.47113,0.47099,0.4661,0.47209,0.47117,0.46893,0.47123,0.46785,0.47004,0.47125,0.46749,0.46969,0.47062,0.46954,0.4713,0.47197,0.47278,0.4659,0.46967,0.47258,0.47146,0.47354,0.47335,0.47144,0.47207,0.4738,0.47218,0.47267,0.47055,0.47398,0.46888,0.47714,0.47629,0.46815,0.47275,0.46693,0.47276,0.47518,0.47132,0.4722,0.47583,0.46794,0.47001,0.47564,0.47549,0.47007,0.47534,0.47284,0.47055,0.47207,0.47599,0.47578,0.47175,0.47097,0.47912,0.47023,0.47241,0.47578,0.47701,0.47422,0.47535,0.47287,0.47105,0.47556,0.46608,0.47187,0.47281,0.46963,0.47635,0.47533,0.4805,0.47905,0.47308,0.47109,0.47322,0.47585,0.47365,0.47426,0.4712,0.47155,0.47662,0.47404,0.47638,0.47455
Synth_Outdoor_Air_54,Clean Air,0.0,1,0.69716,0.69893,0.69911,0.70066,0.69948,0.69912,0.69628,0.69696,0.69889,0.69167,0.69698,0.69699,0.6965,0.6982,0.6961,0.69972,0.70085,0.69775,0.69298,0.69274,0.69672,0.69614,0.6998,0.69474,0.69617,0.69734,0.69673,0.69645,0.69577,0.69441,0.69683,0.6949,0.69544,0.69333,0.6943,0.69694,0.6987,0.70564,0.69449,0.69362,0.69618,0.68924,0.69686,0.69388,0.69829,0.69289,0.69589,0.69515,0.69995,0.69376,0.69919,0.69755,0.69639,0.69731,0.69522,0.68823,0.69465,0.69613,0.69571,0.69108,0.69535,0.69717,0.69768,0.69307,0.69475,0.69192,0.68897,0.69353,0.69695,0.69123,0.69334,0.69297,0.69762,0.69734,0.70046,0.69398,0.69491,0.68765,0.70117,0.69173,0.69431,0.68843,0.69279,0.68992,0.69088,0.68875,0.68931,0.69521,0.69114,0.69389,0.69626,0.69078,0.68968,0.69187,0.69612,0.69235,0.69227,0.6926,0.68741,0.69325,0.69266,0.69052,0.69116,0.69025,0.69037,0.69648,0.68533,0.69533,0.68523,0.68906,0.69056,0.68896,0.68824,0.68863,0.69312,0.69073,0.68324,0.68601,0.68939,0.69038,0.68429,0.68841,0.68817,0.69284,0.68507,0.68976,0.69094,0.68409,0.68936,0.69128,0.69004,0.69713,0.68717,0.69172,0.68952,0.68841,0.68886,0.68628,0.68533,0.69015,0.68528,0.69198,0.68722,0.68874,0.68744,0.69208,0.68463,0.68791,0.68681,0.68955,0.6897,0.69103,0.6873,0.68933,0.68588,0.69153,0.68291,0.68932,0.68927,0.68789,0.68819,0.68616,0.68917,0.68933,0.68933,0.68833,0.69056,0.68798,0.68223,0.68716,0.68817,0.68655,0.68457,0.68718,0.67964,0.68503,0.68736,0.68696,0.68634,0.68732,0.68536,0.68366,0.68588,0.67753,0.68349,0.68147,0.68734,0.68582,0.68822,0.68939,0.68328,0.68839,0.68659,0.6835,0.68773,0.68251,0.68213,0.68145,0.6839,0.68142,0.68483,0.68001,0.68511,0.68104,0.67973,0.68307,0.6789,0.68267,0.68254,0.68965,0.68748,0.6834,0.68742,0.68097,0.68644,0.68319,0.68129,0.68283,0.68691,0.68394,0.6791,0.68218,0.67949,0.68189,0.67894,0.68919,0.68472,0.6816,0.68018,0.68294,0.67818,0.68096,0.68311,0.67729,0.67964,0.67853,0.67636,0.67974,0.67973,0.68635,0.67989,0.67518,0.68536,0.67867,0.68447,0.67837,0.67987,0.6837,0.67906,0.67735
Synth_Outdoor_Air_55,Clean Air,0.0,1,0.62899,0.62464,0.63201,0.63375,0.63496,0.62959,0.63064,0.63307,0.62704,0.63091,0.62859,0.63247,0.62863,0.63248,0.62635,0.6293,0.63352,0.62996,0.63131,0.63489,0.6295,0.63405,0.62865,0.62958,0.63234,0.63005,0.63099,0.62941,0.6351,0.62467,0.63532,0.63034,0.63259,0.6332,0.62816,0.62946,0.6281,0.62758,0.63448,0.62765,0.63139,0.63139,0.62667,0.62909,0.63082,0.62949,0.62888,0.62816,0.62804,0.63173,0.63478,0.63064,0.63106,0.63196,0.62811,0.6354,0.6286,0.63431,0.62631,0.63587,0.63343,0.63078,0.6307,0.62647,0.63469,0.63162,0.62699,0.62959,0.62782,0.6322,0.63215,0.63085,0.62488,0.6298,0.6267,0.62824,0.63239,0.63076,0.62906,0.63293,0.63313,0.62774,0.62884,0.63243,0.62835,0.62934,0.63384,0.63105,0.62639,0.62817,0.62721,0.63259,0.63377,0.62255,0.62765,0.62992,0.62773,0.62492,0.62864,0.62911,0.62906,0.62936,0.63346,0.63087,0.62674,0.62952,0.62921,0.62807,0.62611,0.63257,0.62132,0.62977,0.63067,0.63073,0.62819,0.62866,0.62583,0.63294,0.62829,0.62909,0.62872,0.62646,0.62968,0.62728,0.62919,0.62188,0.6292,0.62831,0.62906,0.62897,0.62536,0.62801,0.62813,0.62664,0.63094,0.62689,0.61923,0.62579,0.62729,0.623,0.62443,0.62668,0.62958,0.62768,0.62904,0.63012,0.62603,0.62783,0.6248,0.62554,0.6302,0.62977,0.6277,0.62779,0.62541,0.62649,0.62342,0.62818,0.62412,0.62842,0.6256,0.62696,0.63119,0.62595,0.63101,0.63016,0.6213,0.62771,0.62328,0.62771,0.62631,0.628,0.62841,0.63328,0.62572,0.62868,0.63254,0.62609,0.62291,0.62253,0.62806,0.62282,0.62652,0.63089,0.62681,0.62768,0.62778,0.63148,0.62279,0.62525,0.62106,0.6284,0.63056,0.62671,0.62987,0.62288,0.62947,0.63183,0.62681,0.6314,0.6228,0.62386,0.62482,0.6268,0.62453,0.62626,0.62923,0.62765,0.62864,0.62397,0.62552,0.63013,0.62892,0.62553,0.62658,0.62047,0.62077,0.63047,0.62346,0.62402,0.62712,0.62092,0.62751,0.6307,0.62553,0.63376,0.62235,0.63071,0.6243,0.62728,0.62624,0.6239,0.62993,0.62097,0.62577,0.62453,0.62896,0.62681,0.62735,0.62475,0.62127,0.62448,0.62734,0.62952,0.62542,0.62617,0.62255,0.62914,0.62543,0.6263
Synth_Outdoor_Air_56,Clean Air,0.0,1,0.47159,0.47176,0.46838,0.46539,0.46887,0.47154,0.46979,0.47273,0.47187,0.46973,0.47284,0.47182,0.4657,0.46931,0.46425,0.46968,0.46625,0.47149,0.46581,0.46843,0.46709,0.468,0.47106,0.46145,0.47343,0.46999,0.46398,0.46276,0.47113,0.46613,0.46436,0.46991,0.46804,0.46556,0.46968,0.46534,0.47069,0.4701,0.46831,0.46991,0.47312,0.47062,0.46545,0.46781,0.47123,0.46621,0.46513,0.46945,0.46586,0.46515,0.46824,0.47393,0.46554,0.46499,0.46262,0.46752,0.46883,0.46717,0.46678,0.46352,0.46219,0.46792,0.468,0.46089,0.47156,0.46707,0.46924,0.46068,0.46566,0.46917,0.46593,0.47212,0.46736,0.46747,0.46355,0.46878,0.45933,0.46819,0.4647,0.46959,0.46513,0.46377,0.46467,0.46216,0.4663,0.46702,0.464,0.46494,0.46196,0.45818,0.4689,0.46127,0.46357,0.45936,0.45954,0.46176,0.4627,0.46972,0.46166,0.46288,0.46376,0.46356,0.46343,0.46248,0.46761,0.46904,0.45974,0.45944,0.46294,0.46134,0.4659,0.46002,0.46573,0.46656,0.46433,0.4655,0.46595,0.463,0.4603,0.46275,0.46518,0.46137,0.45862,0.46063,0.46495,0.46198,0.46779,0.46041,0.46245,0.46817,0.47065,0.46121,0.46263,0.46601,0.46377,0.46191,0.4652,0.45756,0.46306,0.46248,0.46205,0.46684,0.45785,0.45915,0.46444,0.4601,0.45823,0.46125,0.46612,0.46387,0.45516,0.45784,0.45835,0.45903,0.4595,0.46189,0.45742,0.46483,0.4606,0.46368,0.46221,0.4631,0.46283,0.4644,0.46107,0.45724,0.46814,0.46135,0.46206,0.45397,0.45674,0.4608,0.46045,0.46279,0.45915,0.46489,0.46215,0.45569,0.46044,0.45719,0.45973,0.46124,0.4583,0.45565,0.46041,0.45979,0.45039,0.46343,0.46265,0.45772,0.45742,0.45663,0.46393,0.46287,0.45905,0.4602,0.45725,0.4543,0.45741,0.45639,0.45644,0.45774,0.45966,0.45737,0.45624,0.45496,0.45522,0.45542,0.45968,0.44836,0.46605,0.46125,0.45689,0.44863,0.45429,0.45704,0.45525,0.45698,0.46134,0.45698,0.45097,0.45284,0.45531,0.45444,0.45929,0.45305,0.45889,0.45935,0.45881,0.45779,0.45549,0.45804,0.46217,0.45507,0.45714,0.45788,0.45566,0.45327,0.45601,0.45324,0.45503,0.45805,0.45929,0.45313,0.46181,0.45008,0.45748,0.45676,0.4541,0.4559
Synth_Outdoor_Air_57,Clean Air,0.0,1,0.49535,0.48808,0.49196,0.49963,0.49178,0.49077,0.49529,0.50057,0.49131,0.49291,0.50314,0.50046,0.4948,0.49269,0.50242,0.49957,0.49839,0.49423,0.49512,0.49545,0.49892,0.49969,0.49643,0.49254,0.49599,0.49672,0.49943,0.4974,0.4932,0.49715,0.49608,0.49378,0.49385,0.50283,0.48894,0.49423,0.49865,0.49637,0.49664,0.4912,0.49864,0.495,0.49172,0.49724,0.50003,0.49554,0.49555,0.49953,0.49735,0.49691,0.49827,0.50194,0.49765,0.49708,0.49328,0.49436,0.49406,0.49454,0.49309,0.49287,0.49774,0.4977,0.5022,0.49557,0.4948,0.49308,0.49596,0.49298,0.50018,0.49503,0.50054,0.49568,0.5002,0.49283,0.49941,0.4989,0.49456,0.49726,0.49493,0.49483,0.49352,0.49395,0.5032,0.49734,0.49895,0.49456,0.49361,0.49764,0.49105,0.49415,0.49626,0.49479,0.49606,0.49696,0.49741,0.49986,0.49013,0.49501,0.49576,0.4989,0.49403,0.49518,0.48955,0.49391,0.50119,0.49348,0.49386,0.49773,0.49106,0.4965,0.49829,0.49304,0.49477,0.49697,0.49959,0.49817,0.4954,0.49994,0.49833,0.49726,0.49461,0.49548,0.49258,0.49901,0.49297,0.49503,0.4982,0.4966,0.50121,0.49313,0.49745,0.4972,0.49912,0.49504,0.49436,0.49936,0.49734,0.48984,0.49649,0.5002,0.49547,0.49504,0.49708,0.49676,0.49722,0.49403,0.49562,0.49821,0.49364,0.49762,0.49927,0.4995,0.49516,0.50035,0.49416,0.49684,0.49995,0.49656,0.4985,0.49645,0.49341,0.49404,0.49855,0.50076,0.49632,0.49456,0.5022,0.4951,0.49791,0.49458,0.49811,0.49828,0.49849,0.49894,0.5002,0.49665,0.49698,0.49741,0.50166,0.4969,0.49887,0.50072,0.49279,0.49441,0.49727,0.49867,0.49506,0.50448,0.49781,0.49459,0.49525,0.49465,0.49809,0.49101,0.50017,0.49909,0.50548,0.50064,0.49145,0.4974,0.49811,0.50121,0.4918,0.49133,0.49443,0.49758,0.49955,0.50069,0.49235,0.48977,0.49989,0.49669,0.4937,0.49606,0.50067,0.49425,0.49577,0.49756,0.49319,0.49702,0.49746,0.49954,0.49663,0.4976,0.49598,0.49515,0.49159,0.49912,0.49865,0.49414,0.49323,0.49675,0.49972,0.497,0.49458,0.49264,0.49661,0.5017,0.49996,0.49562,0.49935,0.49739,0.49453,0.49767,0.49629,0.49638,0.49479,0.50163,0.49868,0.49575
Synth_Outdoor_Air_58,Clean Air,0.0,1,0.46598,0.46693,0.46471,0.46732,0.46328,0.4671,0.46122,0.46833,0.46785,0.46687,0.46837,0.46577,0.47212,0.46738,0.47028,0.46578,0.46851,0.47283,0.47112,0.46893,0.47033,0.46656,0.46803,0.46974,0.46598,0.47035,0.46678,0.46822,0.46669,0.46459,0.46554,0.46931,0.46839,0.46763,0.47018,0.46366,0.47188,0.47256,0.46509,0.47083,0.46826,0.4706,0.46693,0.46401,0.46782,0.46806,0.47032,0.46741,0.46951,0.46876,0.47053,0.47216,0.46636,0.47298,0.46561,0.47155,0.47262,0.47284,0.47086,0.47179,0.47373,0.46823,0.46807,0.46873,0.47578,0.4743,0.47018,0.47101,0.46865,0.47163,0.47507,0.47141,0.47414,0.47527,0.47551,0.47034,0.47374,0.46914,0.46945,0.47328,0.47409,0.46886,0.47252,0.47354,0.46933,0.47289,0.47135,0.47324,0.46861,0.47095,0.4725,0.47375,0.47256,0.47186,0.47309,0.4772,0.47488,0.47556,0.47001,0.47136,0.47048,0.46667,0.47081,0.47656,0.47706,0.4727,0.47037,0.47541,0.47354,0.47192,0.46968,0.46989,0.47257,0.47674,0.47139,0.47221,0.47342,0.47569,0.47518,0.47868,0.47158,0.46908,0.47593,0.47791,0.47955,0.47506,0.47497,0.47414,0.47461,0.47637,0.47818,0.47206,0.47857,0.47194,0.47742,0.47281,0.47537,0.47357,0.46983,0.47571,0.47711,0.47154,0.47297,0.47663,0.47397,0.47674,0.47819,0.47293,0.4784,0.4784,0.47349,0.47387,0.47339,0.47626,0.4781,0.47712,0.47611,0.47488,0.47895,0.48108,0.48373,0.47682,0.4758,0.47884,0.47952,0.47272,0.47736,0.47452,0.47652,0.48112,0.47608,0.47062,0.47554,0.47808,0.47965,0.4778,0.47547,0.47225,0.47931,0.47464,0.47998,0.47721,0.47584,0.47586,0.47715,0.47663,0.47843,0.47706,0.4779,0.48429,0.47905,0.48077,0.478,0.47745,0.4791,0.47192,0.48176,0.48221,0.47891,0.47549,0.48193,0.47918,0.47842,0.4776,0.48159,0.48266,0.48134,0.47235,0.48278,0.4824,0.4849,0.47626,0.48146,0.47747,0.48107,0.47694,0.48308,0.47899,0.47382,0.47934,0.47514,0.48185,0.47223,0.47933,0.47247,0.47822,0.48544,0.48276,0.47822,0.47918,0.48259,0.48053,0.47515,0.48285,0.4743,0.47804,0.47941,0.48278,0.48095,0.47782,0.47747,0.48203,0.48063,0.4787,0.47933,0.48255,0.47755,0.47989,0.48664,0.47558
Synth_Outdoor_Air_59,Clean Air,0.0,1,0.54719,0.55257,0.54612,0.54851,0.55246,0.55151,0.55059,0.54572,0.54565,0.54406,0.54765,0.55041,0.55205,0.54748,0.54704,0.54769,0.55276,0.54853,0.5433,0.55118,0.55065,0.54913,0.54972,0.55645,0.55153,0.54834,0.54881,0.55056,0.54798,0.55036,0.54657,0.54964,0.55312,0.54953,0.55141,0.54864,0.55184,0.54723,0.54835,0.54783,0.5474,0.54725,0.54724,0.5502,0.54424,0.55284,0.54894,0.54455,0.54698,0.54841,0.54866,0.54745,0.54467,0.54588,0.54738,0.54831,0.55088,0.54603,0.55279,0.54584,0.55143,0.54903,0.54731,0.55001,0.54866,0.54861,0.54588,0.55142,0.54755,0.54813,0.54979,0.54502,0.55268,0.54833,0.54619,0.54838,0.54416,0.54558,0.54959,0.55058,0.54878,0.54699,0.54981,0.55326,0.54788,0.54626,0.55097,0.54596,0.55212,0.54598,0.5512,0.54951,0.54734,0.54215,0.54975,0.54591,0.54503,0.54699,0.55053,0.54745,0.5481,0.54313,0.54234,0.5517,0.54539,0.55192,0.54549,0.54493,0.54814,0.55165,0.54558,0.5452,0.54619,0.54669,0.54794,0.54543,0.55034,0.55178,0.54947,0.54957,0.53927,0.5405,0.54662,0.54794,0.54408,0.54548,0.54412,0.54876,0.54796,0.54486,0.54699,0.54898,0.54855,0.54621,0.54651,0.54393,0.54482,0.54856,0.54421,0.54107,0.54485,0.54609,0.54471,0.54672,0.5495,0.5458,0.54355,0.54607,0.54511,0.54377,0.5444,0.54544,0.54467,0.54598,0.54922,0.54541,0.54662,0.54478,0.54398,0.54587,0.5443,0.54789,0.5521,0.54533,0.54678,0.54608,0.54649,0.54613,0.5478,0.53845,0.54063,0.54253,0.55035,0.54102,0.54191,0.54549,0.54606,0.5418,0.54137,0.54417,0.54359,0.54237,0.54703,0.53887,0.54063,0.54289,0.54436,0.54206,0.54557,0.53703,0.54739,0.54759,0.54736,0.54462,0.54455,0.54143,0.53782,0.54608,0.54404,0.54642,0.5431,0.54705,0.54922,0.54694,0.54258,0.54248,0.54106,0.54874,0.54311,0.54263,0.53866,0.54181,0.55134,0.54504,0.55006,0.54434,0.5399,0.54466,0.5439,0.54556,0.545,0.54006,0.54467,0.54917,0.54536,0.54512,0.54452,0.54199,0.54484,0.54308,0.54675,0.54435,0.54088,0.54489,0.54246,0.54296,0.54594,0.54216,0.54613,0.54146,0.5456,0.54457,0.54343,0.53917,0.54185,0.54794,0.54255,0.54349,0.5399,0.5395
Synth_Outdoor_Air_60,Clean Air,0.0,1,0.5192,0.51777,0.52052,0.52435,0.52803,0.51607,0.52196,0.52242,0.51851,0.52165,0.52218,0.52118,0.5278,0.52048,0.5222,0.52153,0.51896,0.52034,0.52586,0.51871,0.51762,0.52204,0.51982,0.5183,0.52265,0.51647,0.51889,0.52096,0.51794,0.51543,0.51898,0.52041,0.52164,0.52028,0.52262,0.51596,0.52376,0.52181,0.51991,0.52642,0.51716,0.52534,0.52175,0.51892,0.51857,0.51874,0.52528,0.52041,0.51871,0.52325,0.52009,0.52275,0.52626,0.51976,0.52221,0.51634,0.52071,0.51598,0.52322,0.51832,0.51538,0.51843,0.51395,0.51809,0.52117,0.52096,0.52501,0.52045,0.51632,0.51799,0.52244,0.5181,0.51615,0.51539,0.51483,0.51989,0.51952,0.51657,0.5213,0.5197,0.52056,0.51999,0.51989,0.52162,0.51938,0.52034,0.51808,0.52407,0.51532,0.52723,0.51624,0.5196,0.51508,0.51771,0.51614,0.5193,0.51672,0.52051,0.52309,0.51959,0.51095,0.52403,0.51879,0.51753,0.52008,0.51825,0.51819,0.52025,0.51831,0.5171,0.51814,0.51586,0.51996,0.52258,0.52035,0.51968,0.51766,0.51885,0.52109,0.51754,0.51311,0.51733,0.52065,0.52014,0.51836,0.52229,0.51695,0.51736,0.51811,0.52132,0.51809,0.51878,0.51897,0.51684,0.51661,0.51809,0.51576,0.51333,0.51546,0.51902,0.5171,0.51111,0.51678,0.51325,0.52159,0.51393,0.52057,0.52138,0.51637,0.5139,0.51749,0.51282,0.51709,0.51364,0.51607,0.51053,0.51959,0.51866,0.51625,0.51887,0.5182,0.51578,0.51875,0.51894,0.51378,0.51963,0.5195,0.51853,0.5125,0.51393,0.51392,0.51687,0.51894,0.51875,0.51572,0.51499,0.51831,0.51692,0.51642,0.51629,0.51213,0.51289,0.50932,0.51853,0.52089,0.52098,0.51936,0.51861,0.51266,0.51353,0.51953,0.51541,0.5159,0.5169,0.52136,0.51979,0.51659,0.51431,0.51937,0.52114,0.51452,0.51745,0.5132,0.51745,0.50918,0.51822,0.51289,0.51885,0.51464,0.51203,0.51814,0.51594,0.5183,0.516,0.51761,0.51397,0.51223,0.51255,0.51456,0.52089,0.51291,0.51942,0.51065,0.51095,0.51283,0.51131,0.51048,0.51773,0.51852,0.51789,0.51692,0.51776,0.51939,0.51288,0.51399,0.51889,0.51537,0.51391,0.51422,0.51574,0.51441,0.51513,0.51652,0.51407,0.51375,0.51808,0.51615,0.51894,0.51643,0.51544
Synth_Outdoor_H2S_1,H2S,1.0,1,0.00618,0.0081,0.00935,0.01365,0.01935,0.02439,0.03269,0.0419,0.05323,0.06397,0.07691,0.09274,0.10821,0.12577,0.14451,0.16465,0.18669,0.20947,0.23296,0.25595,0.28146,0.30681,0.33125,0.35651,0.38083,0.4049,0.42781,0.45191,0.47249,0.49372,0.5119,0.53106,0.54784,0.56336,0.57932,0.59271,0.60565,0.61797,0.629,0.63932,0.64907,0.65735,0.66483,0.67306,0.67972,0.68464,0.68935,0.69533,0.69912,0.70301,0.70578,0.7092,0.71048,0.71281,0.7143,0.71582,0.71597,0.71633,0.71667,0.71684,0.71658,0.71622,0.71521,0.7146,0.71399,0.71303,0.71271,0.71165,0.71041,0.70872,0.70733,0.706,0.70484,0.70397,0.70211,0.69985,0.69843,0.6969,0.69592,0.69408,0.69258,0.69054,0.68882,0.68797,0.687,0.68587,0.68411,0.68271,0.68062,0.67909,0.67774,0.67613,0.6752,0.67392,0.67211,0.67194,0.66964,0.66897,0.66688,0.66575,0.6643,0.66217,0.66174,0.65985,0.65799,0.65829,0.65623,0.65443,0.65505,0.65311,0.65137,0.65001,0.64936,0.64694,0.64619,0.64511,0.6442,0.64342,0.64203,0.64102,0.63961,0.63865,0.64087,0.6409,0.63885,0.62968,0.60744,0.5728,0.52686,0.47674,0.42642,0.38208,0.34537,0.31455,0.28582,0.26156,0.23996,0.2209,0.20408,0.18703,0.17305,0.16124,0.1488,0.1378,0.12892,0.12003,0.11171,0.10514,0.09845,0.09193,0.08709,0.08085,0.07671,0.07245,0.06906,0.06444,0.06156,0.05841,0.05561,0.05277,0.05017,0.0474,0.04563,0.04365,0.04199,0.03917,0.03766,0.03649,0.03504,0.03366,0.03181,0.03056,0.02974,0.02943,0.02731,0.02598,0.02566,0.02487,0.02424,0.02219,0.02155,0.02223,0.02062,0.02089,0.01974,0.01928,0.0183,0.01819,0.01673,0.01702,0.01679,0.01647,0.01561,0.0157,0.0158,0.01484,0.01402,0.01407,0.01341,0.01403,0.01304,0.0125,0.01209,0.01152,0.01221,0.01117,0.01165,0.01169,0.01113,0.01067,0.01124,0.01046,0.01042,0.00995,0.01061,0.0097,0.00973,0.00977,0.00866,0.00904,0.00968,0.00802,0.00844,0.00886,0.00854,0.00855,0.00788,0.00802,0.00796,0.008,0.00717,0.00748,0.00752,0.00671,0.0077,0.00652,0.00718,0.00758,0.00733,0.00685,0.00639,0.00684,0.00646,0.00635,0.00642,0.00636,0.00623,0.00616,0.0064,0.00621
Synth_Outdoor_H2S_2,H2S,1.0,1,0.00648,0.00819,0.01,0.01419,0.0194,0.02601,0.03369,0.04316,0.05329,0.06563,0.08006,0.09481,0.11105,0.12896,0.14781,0.16908,0.19078,0.2134,0.23668,0.26161,0.28732,0.31233,0.33801,0.36363,0.38825,0.41342,0.43802,0.46149,0.48338,0.50485,0.52481,0.54291,0.56085,0.57639,0.59285,0.60721,0.62046,0.63271,0.64427,0.65426,0.66375,0.67198,0.6805,0.68683,0.69329,0.70027,0.70482,0.7097,0.71304,0.71644,0.72019,0.72355,0.72418,0.72627,0.72746,0.7289,0.73019,0.73102,0.73103,0.73095,0.73071,0.7307,0.72967,0.73034,0.72952,0.72899,0.72863,0.72767,0.72635,0.72467,0.72332,0.72228,0.72071,0.71901,0.71863,0.71662,0.71464,0.71306,0.71194,0.71076,0.70905,0.70704,0.70456,0.70334,0.702,0.69927,0.69789,0.69618,0.69581,0.69415,0.69274,0.69196,0.69003,0.68862,0.68776,0.68554,0.68358,0.68308,0.68087,0.68005,0.67706,0.67708,0.67556,0.67412,0.67312,0.6723,0.67085,0.66984,0.66852,0.66753,0.66673,0.66476,0.66427,0.66335,0.66184,0.66167,0.65953,0.65862,0.65733,0.65687,0.65559,0.65504,0.65545,0.65585,0.65422,0.64405,0.62136,0.58492,0.53727,0.48485,0.43471,0.38988,0.35125,0.32035,0.2914,0.2668,0.24435,0.2244,0.20575,0.19022,0.17648,0.16231,0.152,0.14101,0.13056,0.1225,0.11379,0.10627,0.10053,0.09413,0.08769,0.08273,0.07838,0.07358,0.06942,0.06527,0.06221,0.05954,0.05596,0.0532,0.05072,0.0482,0.04626,0.04397,0.04177,0.03936,0.03906,0.03655,0.03535,0.03386,0.03248,0.03187,0.02938,0.02912,0.02775,0.02682,0.02548,0.02515,0.02442,0.02302,0.02302,0.022,0.02133,0.02052,0.01955,0.0206,0.01959,0.01799,0.01689,0.01791,0.01703,0.01596,0.01584,0.01536,0.0153,0.01481,0.01379,0.01404,0.01317,0.01354,0.01306,0.01261,0.0125,0.01208,0.01178,0.01186,0.0115,0.01147,0.01157,0.01083,0.0101,0.01062,0.01079,0.01018,0.00934,0.0097,0.00932,0.00922,0.00924,0.00899,0.00886,0.00832,0.00912,0.0082,0.00876,0.00829,0.00843,0.0075,0.00758,0.00769,0.0074,0.00743,0.00703,0.00731,0.00714,0.00705,0.00682,0.00712,0.00708,0.00645,0.00713,0.0064,0.00621,0.00652,0.00636,0.00696,0.0061,0.00609,0.00615,0.00617
Synth_Outdoor_H2S_3,H2S,1.0,1,0.006,0.00775,0.01046,0.01518,0.0209,0.02921,0.03713,0.04626,0.05815,0.07063,0.08404,0.09907,0.11553,0.1338,0.15328,0.17441,0.19634,0.2191,0.24289,0.2676,0.29194,0.3155,0.34102,0.36635,0.38958,0.41373,0.43607,0.45803,0.47836,0.49818,0.51605,0.53509,0.55158,0.56607,0.58047,0.59447,0.60744,0.61908,0.62805,0.63912,0.64739,0.65616,0.66356,0.6701,0.67672,0.68349,0.68814,0.69181,0.69679,0.7006,0.70286,0.70608,0.70761,0.70906,0.71088,0.71169,0.71223,0.71293,0.71293,0.71283,0.71197,0.71135,0.71119,0.7106,0.71019,0.70937,0.70834,0.70702,0.70652,0.70462,0.7024,0.70172,0.70024,0.69834,0.69691,0.69557,0.69359,0.69267,0.6927,0.69044,0.69014,0.68832,0.68807,0.687,0.6859,0.68429,0.68316,0.68169,0.68062,0.67932,0.67661,0.67591,0.67346,0.67128,0.66987,0.66774,0.66603,0.66457,0.66165,0.66021,0.65869,0.65821,0.65674,0.65608,0.65495,0.65433,0.65289,0.65096,0.64954,0.64916,0.64717,0.64641,0.64472,0.64337,0.64256,0.64143,0.64009,0.63877,0.63788,0.63648,0.63567,0.63426,0.63548,0.63897,0.63571,0.62064,0.592,0.54906,0.49917,0.44466,0.39605,0.35818,0.32599,0.29565,0.27011,0.24785,0.22649,0.20983,0.19253,0.17791,0.16477,0.15258,0.14147,0.13191,0.12325,0.11447,0.10722,0.09999,0.09412,0.08833,0.08309,0.07826,0.07379,0.06939,0.06523,0.06253,0.05889,0.05605,0.05245,0.05077,0.04791,0.04656,0.04411,0.0426,0.0396,0.03811,0.03689,0.03568,0.03369,0.03263,0.031,0.02976,0.02842,0.02853,0.02654,0.02559,0.02482,0.02393,0.02355,0.02208,0.0215,0.02064,0.0206,0.01982,0.01872,0.01834,0.01826,0.01811,0.01755,0.01711,0.01655,0.01569,0.01543,0.01529,0.01445,0.0145,0.01479,0.01346,0.0139,0.0127,0.01307,0.01188,0.0117,0.01225,0.0124,0.01175,0.01151,0.01155,0.01126,0.01069,0.01061,0.01034,0.01027,0.0101,0.00939,0.00961,0.00913,0.00876,0.00967,0.00868,0.0093,0.00896,0.00885,0.00873,0.00789,0.00901,0.00846,0.00821,0.00766,0.00811,0.00737,0.0079,0.00755,0.00688,0.00775,0.00701,0.00707,0.00673,0.00647,0.00667,0.00644,0.00634,0.00629,0.00679,0.00662,0.0063,0.00618,0.00664,0.00615,0.00614
Synth_Outdoor_H2S_4,H2S,1.0,1,0.006,0.00792,0.01063,0.01586,0.02164,0.02816,0.0372,0.0469,0.05831,0.07031,0.08434,0.09951,0.11657,0.13476,0.15415,0.17552,0.19676,0.221,0.24384,0.26773,0.29298,0.31869,0.34367,0.36838,0.39259,0.41683,0.43924,0.46121,0.48282,0.50206,0.5214,0.53945,0.55585,0.57269,0.58645,0.59952,0.6125,0.62398,0.6344,0.64459,0.65343,0.66128,0.66895,0.67649,0.68188,0.68722,0.6923,0.69677,0.7006,0.70397,0.70648,0.7092,0.71104,0.7131,0.7131,0.71479,0.71583,0.71589,0.71641,0.71631,0.71626,0.71536,0.71495,0.7146,0.71346,0.71369,0.71259,0.71206,0.71033,0.7099,0.70838,0.70769,0.70545,0.70472,0.70349,0.70193,0.70051,0.69937,0.69794,0.69656,0.69495,0.69321,0.69231,0.68938,0.68844,0.68575,0.68453,0.68212,0.68012,0.67868,0.67717,0.67553,0.67311,0.67258,0.66997,0.66979,0.6682,0.66694,0.66556,0.66501,0.66419,0.66262,0.66158,0.65926,0.65923,0.65748,0.6557,0.65561,0.65478,0.65325,0.65268,0.65106,0.65004,0.64932,0.6481,0.64842,0.6468,0.64562,0.6446,0.64409,0.643,0.64135,0.64313,0.64707,0.64435,0.62976,0.60041,0.5575,0.50505,0.45096,0.40203,0.36296,0.33052,0.30069,0.27521,0.25104,0.23034,0.21226,0.19593,0.1808,0.16742,0.15584,0.1442,0.13378,0.12483,0.11715,0.10902,0.10203,0.09504,0.09029,0.08456,0.08042,0.0754,0.07164,0.06663,0.06337,0.05997,0.05776,0.05454,0.05166,0.04913,0.04732,0.04434,0.0423,0.04062,0.0388,0.03745,0.03531,0.03429,0.03365,0.03278,0.03021,0.02982,0.02877,0.02708,0.02644,0.02581,0.0246,0.02384,0.02345,0.02186,0.02186,0.02066,0.02103,0.02013,0.01963,0.01845,0.01851,0.01714,0.01693,0.01655,0.01635,0.01566,0.01522,0.0157,0.01512,0.01493,0.01488,0.01288,0.01331,0.01383,0.01342,0.01293,0.01193,0.01191,0.01177,0.01203,0.011,0.0112,0.01025,0.01069,0.01043,0.00982,0.01108,0.00998,0.01094,0.01014,0.00934,0.00948,0.00877,0.00897,0.00914,0.00892,0.00897,0.00877,0.00908,0.00857,0.00858,0.00772,0.00753,0.008,0.00771,0.00755,0.00801,0.00732,0.0071,0.00685,0.00779,0.00697,0.00671,0.0072,0.00674,0.00722,0.007,0.0067,0.00651,0.00664,0.00701,0.00657,0.00675
Synth_Outdoor_H2S_5,H2S,1.0,1,0.0067,0.00737,0.01119,0.01498,0.02179,0.02936,0.03765,0.04648,0.05797,0.07022,0.08426,0.09948,0.11601,0.13428,0.15412,0.17502,0.19626,0.21894,0.24252,0.26712,0.29206,0.31678,0.34204,0.3673,0.39112,0.41482,0.43826,0.45969,0.48065,0.50044,0.51941,0.53669,0.55393,0.56865,0.58338,0.59733,0.61084,0.62182,0.63297,0.64164,0.65166,0.65989,0.66738,0.67401,0.67991,0.68567,0.68982,0.69474,0.69828,0.70259,0.70457,0.70768,0.70996,0.71111,0.71248,0.71408,0.7152,0.71551,0.71575,0.71595,0.71595,0.7156,0.71546,0.71448,0.71366,0.71146,0.71079,0.70976,0.70778,0.70721,0.70597,0.70503,0.70372,0.70298,0.70234,0.70155,0.70098,0.69938,0.69803,0.69595,0.69493,0.6941,0.69196,0.6913,0.6899,0.68919,0.68666,0.68604,0.68454,0.68261,0.68103,0.67962,0.678,0.67662,0.67555,0.67462,0.67205,0.67126,0.67007,0.66805,0.66675,0.66508,0.66424,0.66264,0.66188,0.66046,0.65901,0.65747,0.65639,0.65499,0.65452,0.65279,0.65222,0.6509,0.64906,0.64797,0.64679,0.64622,0.64512,0.64264,0.64254,0.64155,0.64254,0.64532,0.64274,0.62709,0.59631,0.5542,0.50145,0.44776,0.40006,0.35988,0.32693,0.29789,0.27312,0.24892,0.22879,0.21028,0.19346,0.17847,0.16521,0.15321,0.14166,0.1322,0.12278,0.11487,0.10705,0.10073,0.09408,0.08936,0.08299,0.07818,0.0742,0.0705,0.0661,0.06252,0.05937,0.05614,0.0531,0.05104,0.04786,0.04587,0.04338,0.04108,0.04036,0.03826,0.03662,0.03547,0.03356,0.0321,0.03129,0.02996,0.02798,0.0284,0.02777,0.0258,0.02471,0.02386,0.02323,0.02282,0.02204,0.02071,0.02003,0.02101,0.01886,0.01919,0.01773,0.01794,0.01775,0.01706,0.01711,0.01568,0.01602,0.01565,0.01419,0.0149,0.01394,0.01342,0.01331,0.01337,0.01304,0.01295,0.01177,0.01136,0.01212,0.0118,0.01135,0.01054,0.01147,0.01041,0.00997,0.01037,0.01009,0.00878,0.00988,0.00926,0.00962,0.00948,0.0091,0.00918,0.0091,0.00837,0.00847,0.00789,0.00802,0.00778,0.00771,0.00821,0.00839,0.00721,0.00751,0.00735,0.0071,0.00696,0.00744,0.00742,0.00663,0.00633,0.00661,0.00624,0.00694,0.00698,0.00616,0.00674,0.00674,0.0066,0.00606,0.00603,0.00641,0.00616
Synth_Outdoor_H2S_6,H2S,1.0,1,0.006,0.00772,0.00987,0.01219,0.01535,0.0188,0.02352,0.02952,0.03724,0.0473,0.05798,0.06895,0.08205,0.09636,0.1124,0.13032,0.14837,0.16741,0.18778,0.21119,0.23272,0.25558,0.28046,0.30418,0.32882,0.35296,0.37647,0.40023,0.42408,0.44627,0.46905,0.49058,0.51079,0.52959,0.54667,0.56392,0.57992,0.59485,0.60737,0.62093,0.63303,0.64398,0.65336,0.66236,0.67123,0.67922,0.68565,0.69232,0.69972,0.70481,0.70993,0.71411,0.71756,0.72139,0.72347,0.72551,0.72747,0.72806,0.7302,0.7307,0.73153,0.73172,0.73108,0.73167,0.73159,0.73116,0.72942,0.72838,0.72839,0.7265,0.72563,0.72368,0.72341,0.72211,0.72019,0.71824,0.71703,0.71466,0.71282,0.71219,0.71074,0.70859,0.70645,0.70528,0.70348,0.7027,0.69974,0.6975,0.6958,0.69312,0.6905,0.68848,0.68705,0.68538,0.68354,0.68159,0.68001,0.67744,0.67718,0.67405,0.67329,0.67209,0.66955,0.66805,0.66644,0.66576,0.66477,0.66434,0.66324,0.6613,0.66089,0.66026,0.65974,0.65804,0.65721,0.65581,0.65456,0.65448,0.65327,0.65267,0.65156,0.65005,0.65197,0.65346,0.64769,0.63751,0.61886,0.5954,0.57029,0.54587,0.52067,0.49201,0.45703,0.41815,0.37739,0.33891,0.30625,0.27877,0.25583,0.23473,0.21507,0.1982,0.18306,0.16847,0.1565,0.14535,0.13576,0.12611,0.11809,0.10982,0.10329,0.09641,0.09004,0.08504,0.08001,0.07554,0.07224,0.06789,0.06434,0.0602,0.05621,0.05489,0.05193,0.0482,0.04723,0.04464,0.04244,0.04123,0.03842,0.03784,0.0363,0.03448,0.03305,0.03167,0.03033,0.02956,0.0286,0.02724,0.027,0.02533,0.02464,0.02356,0.02343,0.02194,0.02135,0.02091,0.02023,0.02035,0.01889,0.01884,0.01808,0.01796,0.01668,0.01599,0.01506,0.01512,0.01577,0.01556,0.01493,0.01417,0.01372,0.0139,0.01308,0.01316,0.01282,0.01193,0.01284,0.01187,0.0114,0.01149,0.01116,0.01073,0.01037,0.01075,0.01061,0.00984,0.01036,0.00969,0.00955,0.00969,0.00886,0.00936,0.00923,0.00931,0.00935,0.00943,0.00893,0.00796,0.00771,0.00841,0.00783,0.00783,0.00834,0.008,0.00831,0.0076,0.00772,0.00658,0.00741,0.00731,0.00701,0.00683,0.00713,0.00638,0.0065,0.00743,0.00652,0.00684,0.00657,0.00623
Synth_Outdoor_H2S_7,H2S,1.0,1,0.00756,0.00833,0.01209,0.01688,0.02236,0.02975,0.03825,0.04851,0.05982,0.07199,0.08529,0.10093,0.11848,0.1361,0.15622,0.17689,0.19883,0.22259,0.24558,0.27104,0.29515,0.32091,0.34601,0.37161,0.3963,0.4193,0.44315,0.46571,0.48665,0.50664,0.5261,0.54401,0.56069,0.57593,0.59071,0.60425,0.6173,0.62946,0.64069,0.64913,0.65857,0.66751,0.67502,0.68221,0.68837,0.69415,0.69899,0.70306,0.70742,0.71075,0.71425,0.71709,0.71941,0.72092,0.72275,0.72282,0.72395,0.72425,0.72438,0.72442,0.72433,0.72418,0.72397,0.72281,0.72268,0.72275,0.72125,0.72027,0.71987,0.71852,0.71801,0.71651,0.71503,0.71325,0.7122,0.71033,0.70951,0.70754,0.70707,0.70465,0.70343,0.70139,0.70021,0.69823,0.69667,0.69548,0.69386,0.69256,0.69068,0.6886,0.68746,0.68548,0.68467,0.68375,0.68206,0.68024,0.67929,0.67744,0.67605,0.67518,0.6745,0.67325,0.67193,0.67014,0.66913,0.66678,0.66561,0.66506,0.66361,0.6631,0.6624,0.66114,0.66044,0.65858,0.65791,0.65582,0.65496,0.65407,0.65299,0.65125,0.64981,0.64822,0.65042,0.65349,0.65047,0.63716,0.60716,0.5642,0.51279,0.45727,0.40824,0.36806,0.33416,0.30434,0.27862,0.25482,0.23462,0.21584,0.19924,0.18342,0.17057,0.15764,0.14641,0.13691,0.12723,0.11929,0.11102,0.10345,0.0975,0.09104,0.08645,0.08201,0.07724,0.07194,0.06889,0.06531,0.06192,0.05858,0.05607,0.05395,0.05108,0.04885,0.04601,0.04435,0.0418,0.04017,0.03877,0.0375,0.03525,0.03449,0.03383,0.03139,0.03063,0.03037,0.02879,0.02771,0.02685,0.0257,0.02557,0.02414,0.0235,0.02262,0.02246,0.02136,0.02076,0.02028,0.01998,0.01875,0.0186,0.01839,0.01802,0.01705,0.01715,0.01677,0.01589,0.01626,0.01506,0.01475,0.01481,0.01477,0.01437,0.01452,0.01454,0.01378,0.01328,0.01322,0.01305,0.01191,0.01133,0.01211,0.01164,0.01174,0.01218,0.0115,0.01095,0.01048,0.01116,0.00985,0.0102,0.00989,0.01033,0.00989,0.00945,0.0094,0.00986,0.0101,0.00881,0.00883,0.00919,0.00909,0.0093,0.00847,0.00905,0.00862,0.00849,0.00869,0.00819,0.00819,0.00763,0.00783,0.00818,0.00773,0.00817,0.00789,0.0074,0.00739,0.00734,0.0079,0.00841,0.00783
Synth_Outdoor_H2S_8,H2S,1.0,1,0.00744,0.00885,0.01173,0.01694,0.02248,0.02924,0.03813,0.04841,0.05947,0.07238,0.08599,0.10185,0.11948,0.13799,0.15813,0.1787,0.20074,0.22431,0.24869,0.27309,0.29776,0.32399,0.34893,0.37335,0.39838,0.4227,0.44605,0.46805,0.48896,0.50923,0.52918,0.54739,0.56421,0.58141,0.59641,0.61022,0.62359,0.63547,0.64819,0.65792,0.66792,0.67571,0.68437,0.69084,0.69813,0.70424,0.70916,0.71373,0.71762,0.7204,0.72441,0.72683,0.72834,0.73036,0.73179,0.73215,0.73233,0.73234,0.73218,0.7319,0.73151,0.73112,0.73065,0.73021,0.72887,0.72767,0.7275,0.72554,0.72404,0.72292,0.72182,0.71992,0.71809,0.71694,0.71553,0.71377,0.7116,0.71033,0.70859,0.70716,0.70476,0.70336,0.70184,0.70002,0.69842,0.6961,0.69542,0.6939,0.69176,0.69027,0.68791,0.68698,0.68468,0.68349,0.68149,0.6803,0.67907,0.67765,0.67612,0.67477,0.67372,0.67208,0.67043,0.66917,0.66775,0.66645,0.66509,0.6638,0.66303,0.66161,0.66089,0.65909,0.65796,0.65754,0.65507,0.65383,0.65233,0.65219,0.65047,0.64954,0.64873,0.64787,0.6486,0.65257,0.65028,0.63445,0.60436,0.56235,0.50978,0.45367,0.40495,0.36456,0.33218,0.30243,0.27478,0.25261,0.22997,0.21196,0.19638,0.18107,0.16765,0.15527,0.1439,0.13368,0.12506,0.1167,0.10944,0.10199,0.0957,0.08951,0.0838,0.07938,0.07521,0.07082,0.06715,0.0637,0.06028,0.05751,0.05418,0.05192,0.04933,0.04744,0.04482,0.04227,0.04089,0.03963,0.03836,0.03582,0.03515,0.034,0.03255,0.031,0.02988,0.02839,0.02713,0.02651,0.02529,0.0249,0.02448,0.02387,0.02222,0.02141,0.02185,0.02052,0.01998,0.02018,0.01924,0.01806,0.01874,0.01772,0.01681,0.01707,0.01612,0.01598,0.0156,0.0155,0.01497,0.0141,0.01468,0.01367,0.01347,0.01299,0.01314,0.01262,0.01217,0.01241,0.01139,0.01169,0.01111,0.01029,0.01092,0.01171,0.01145,0.01067,0.0097,0.0096,0.01032,0.0101,0.00889,0.00989,0.01016,0.00925,0.00877,0.00851,0.00894,0.00856,0.00845,0.00932,0.0084,0.00887,0.00817,0.00834,0.00917,0.00808,0.00763,0.00775,0.0078,0.00736,0.00819,0.0073,0.0073,0.00791,0.00743,0.007,0.00737,0.00748,0.00724,0.007,0.00719,0.00741
Synth_Outdoor_H2S_9,H2S,1.0,1,0.00618,0.00783,0.01074,0.01602,0.02133,0.02974,0.0381,0.04922,0.0605,0.07285,0.08797,0.1046,0.12205,0.14185,0.16225,0.18398,0.20763,0.23244,0.2578,0.28307,0.30996,0.3359,0.36278,0.38879,0.41532,0.43968,0.46374,0.4872,0.50903,0.52976,0.54982,0.56807,0.58413,0.60089,0.61688,0.62968,0.64372,0.65507,0.66657,0.67651,0.68529,0.69424,0.70235,0.70923,0.71553,0.72152,0.72613,0.72998,0.73332,0.73736,0.73987,0.74218,0.74361,0.74534,0.74632,0.74878,0.74911,0.74911,0.74884,0.74889,0.74881,0.74756,0.74667,0.74593,0.74616,0.74405,0.74336,0.74145,0.74059,0.73985,0.73729,0.73687,0.73437,0.7336,0.73143,0.73056,0.7284,0.72596,0.72496,0.72379,0.72149,0.72049,0.71903,0.71708,0.71507,0.71345,0.71182,0.71137,0.70893,0.70674,0.70547,0.70357,0.70361,0.70134,0.69945,0.69852,0.6981,0.69506,0.69372,0.69221,0.69049,0.68931,0.68817,0.68707,0.68586,0.68455,0.68262,0.68222,0.681,0.67937,0.67834,0.67783,0.67587,0.67522,0.6738,0.67304,0.67205,0.67095,0.66949,0.66827,0.66703,0.66638,0.66713,0.67142,0.66806,0.65222,0.6203,0.57639,0.52217,0.46548,0.41406,0.37374,0.3392,0.30855,0.28188,0.25814,0.23605,0.21791,0.20097,0.18466,0.17104,0.15817,0.14739,0.13649,0.12654,0.11824,0.11062,0.10376,0.09812,0.09153,0.08613,0.08075,0.07575,0.07251,0.06759,0.0638,0.06072,0.05749,0.05479,0.05281,0.04922,0.04756,0.04525,0.04262,0.0411,0.0398,0.03791,0.03598,0.03414,0.0328,0.03202,0.03104,0.02964,0.02823,0.02717,0.02655,0.02554,0.02444,0.02372,0.02336,0.02187,0.02218,0.02036,0.02112,0.01901,0.01916,0.01881,0.01861,0.01788,0.01751,0.01594,0.01586,0.0154,0.01543,0.01469,0.01469,0.01436,0.01276,0.01356,0.0132,0.01279,0.01244,0.01228,0.01239,0.01142,0.01119,0.01144,0.01099,0.01042,0.01143,0.01046,0.01003,0.01048,0.00918,0.01016,0.00954,0.00924,0.00891,0.00934,0.00927,0.00837,0.00886,0.00892,0.00816,0.00789,0.00758,0.00832,0.00794,0.00726,0.00737,0.00733,0.00763,0.00755,0.00687,0.00717,0.0076,0.00683,0.00667,0.00742,0.00639,0.00638,0.0065,0.00643,0.00687,0.00644,0.0065,0.00606,0.00683,0.00607,0.00609
Synth_Outdoor_H2S_10,H2S,1.0,1,0.00626,0.00728,0.00902,0.01142,0.01572,0.02207,0.02932,0.03769,0.04717,0.05897,0.07067,0.08431,0.10088,0.11774,0.13593,0.15487,0.17664,0.19826,0.22164,0.245,0.27019,0.29495,0.3201,0.34609,0.36993,0.39429,0.41923,0.44245,0.46442,0.4855,0.50559,0.52535,0.54272,0.55909,0.57472,0.58987,0.60308,0.61579,0.6274,0.63867,0.6481,0.65663,0.66617,0.67282,0.68019,0.68667,0.69158,0.69658,0.70147,0.70397,0.70792,0.71142,0.71335,0.71523,0.71656,0.7177,0.71873,0.71977,0.72006,0.72013,0.72017,0.72006,0.71955,0.71942,0.71856,0.71709,0.71629,0.71493,0.71408,0.71341,0.71109,0.71003,0.70821,0.70698,0.70607,0.70426,0.70321,0.70111,0.6994,0.69832,0.69632,0.69459,0.69281,0.6913,0.68975,0.6888,0.68721,0.68524,0.68429,0.68137,0.68175,0.67981,0.67792,0.67684,0.675,0.67341,0.6722,0.67119,0.6696,0.66859,0.66719,0.66569,0.66459,0.66352,0.66231,0.66038,0.6595,0.65827,0.65744,0.65711,0.65489,0.65408,0.65337,0.6525,0.65109,0.64966,0.64896,0.64823,0.64718,0.64711,0.64529,0.64443,0.64468,0.6463,0.64177,0.6328,0.61723,0.59043,0.55242,0.50742,0.45981,0.41415,0.36983,0.33478,0.30419,0.27802,0.25383,0.23263,0.21442,0.19764,0.18122,0.16766,0.15559,0.14459,0.13459,0.12521,0.11726,0.10891,0.10244,0.09624,0.08982,0.08413,0.07885,0.07474,0.07041,0.06703,0.06316,0.05959,0.05692,0.05329,0.05208,0.04854,0.04679,0.0434,0.04238,0.04,0.03816,0.03692,0.03584,0.03361,0.03315,0.03188,0.03004,0.02874,0.02758,0.02623,0.02649,0.02531,0.02371,0.02278,0.02271,0.02238,0.02152,0.02074,0.02016,0.01854,0.01859,0.01817,0.0177,0.01656,0.01666,0.01655,0.01493,0.01527,0.01545,0.01474,0.01466,0.01385,0.01353,0.01269,0.01349,0.013,0.01261,0.01169,0.01254,0.012,0.01179,0.01195,0.01178,0.0105,0.01044,0.01013,0.0095,0.00987,0.00933,0.01014,0.00981,0.00933,0.00849,0.00896,0.00939,0.00835,0.00811,0.00839,0.00816,0.00864,0.00812,0.00769,0.00806,0.0076,0.00762,0.00763,0.00797,0.0076,0.00687,0.00735,0.00743,0.00735,0.00669,0.00701,0.00691,0.00713,0.00618,0.00672,0.00674,0.00613,0.00646,0.00601,0.00607,0.006
Synth_Outdoor_H2S_11,H2S,1.0,1,0.006,0.00769,0.00925,0.01263,0.01789,0.02435,0.03211,0.0409,0.05091,0.06155,0.0751,0.09009,0.10578,0.12293,0.14153,0.16082,0.18231,0.20493,0.22845,0.25202,0.27646,0.30087,0.3253,0.3498,0.37407,0.39752,0.42082,0.44308,0.4647,0.48421,0.50346,0.52178,0.53895,0.55428,0.5693,0.58307,0.59514,0.6079,0.61728,0.62741,0.63741,0.6453,0.65339,0.66066,0.66732,0.67251,0.67705,0.68206,0.68636,0.6895,0.69331,0.69464,0.69702,0.69952,0.7009,0.70183,0.70211,0.70271,0.70333,0.70321,0.70306,0.70242,0.70128,0.70238,0.70111,0.69974,0.69889,0.698,0.6966,0.69576,0.69375,0.69294,0.69179,0.69027,0.6888,0.68733,0.68571,0.68444,0.68247,0.68105,0.67998,0.67758,0.67723,0.67517,0.67376,0.67178,0.66998,0.66875,0.66723,0.66619,0.66478,0.66459,0.66071,0.66128,0.65882,0.65863,0.65676,0.65455,0.65362,0.65231,0.65042,0.64979,0.64849,0.64744,0.6456,0.64395,0.643,0.64239,0.64117,0.64024,0.64009,0.63845,0.63766,0.63515,0.63441,0.63349,0.63308,0.63174,0.63084,0.62963,0.62839,0.62787,0.63009,0.6287,0.62879,0.62034,0.59932,0.56465,0.52096,0.47021,0.42089,0.37617,0.33908,0.30817,0.2815,0.25739,0.23542,0.21602,0.19897,0.18338,0.16986,0.15768,0.1452,0.13558,0.12557,0.11745,0.10938,0.10266,0.09534,0.08965,0.08514,0.07946,0.07542,0.07017,0.06731,0.0634,0.05958,0.05623,0.05442,0.05096,0.04843,0.04683,0.04494,0.04242,0.04025,0.03824,0.03662,0.03524,0.03412,0.03284,0.03104,0.02964,0.02921,0.02702,0.02662,0.02657,0.02429,0.02393,0.02406,0.02245,0.02241,0.02194,0.02054,0.01974,0.01933,0.01856,0.0182,0.01766,0.01766,0.01711,0.01616,0.01643,0.01572,0.01459,0.01498,0.01473,0.01449,0.01337,0.01353,0.01401,0.01306,0.0127,0.01163,0.01247,0.01143,0.01149,0.01132,0.01063,0.01072,0.00982,0.01046,0.01041,0.01004,0.00897,0.00901,0.00912,0.00972,0.00978,0.0089,0.00963,0.00869,0.00871,0.00864,0.00828,0.00837,0.00803,0.00868,0.00772,0.00821,0.0078,0.0069,0.00691,0.00789,0.00722,0.00802,0.00797,0.00641,0.00773,0.00704,0.00655,0.00658,0.00708,0.00625,0.00625,0.0062,0.00617,0.00637,0.00701,0.00607,0.00622
Synth_Outdoor_H2S_12,H2S,1.0,1,0.006,0.00756,0.00903,0.01311,0.01815,0.02516,0.03282,0.04216,0.05153,0.06404,0.07664,0.0912,0.10813,0.1254,0.14416,0.16454,0.1858,0.20791,0.23143,0.25631,0.28014,0.30469,0.32959,0.35443,0.3786,0.40177,0.42491,0.44669,0.46894,0.4902,0.50923,0.52714,0.54451,0.55935,0.57449,0.58773,0.60037,0.61194,0.62366,0.63346,0.64329,0.65241,0.6605,0.66732,0.67372,0.67959,0.68327,0.68874,0.69217,0.69659,0.69941,0.70276,0.70605,0.70918,0.71143,0.71192,0.71309,0.71438,0.71334,0.71407,0.71465,0.7136,0.71309,0.71245,0.71254,0.71237,0.71083,0.70925,0.70874,0.707,0.70619,0.70547,0.7042,0.70258,0.70145,0.70048,0.69885,0.69679,0.69591,0.69368,0.69262,0.69113,0.68905,0.68779,0.68677,0.68423,0.68315,0.68109,0.67928,0.67806,0.67584,0.67491,0.67301,0.67122,0.6699,0.66916,0.66696,0.66492,0.66409,0.66176,0.6614,0.6597,0.65879,0.65744,0.65653,0.65534,0.65451,0.65295,0.65275,0.65068,0.64928,0.64782,0.64622,0.64464,0.64361,0.6426,0.64219,0.64145,0.64193,0.641,0.64123,0.64056,0.64265,0.64357,0.64172,0.63294,0.61271,0.57747,0.5303,0.48049,0.43136,0.38607,0.34803,0.31667,0.28904,0.26483,0.24313,0.22295,0.20482,0.19022,0.17517,0.16207,0.15116,0.14059,0.13036,0.12301,0.11515,0.10673,0.10032,0.09449,0.08934,0.08323,0.07801,0.07398,0.07,0.06659,0.06288,0.06009,0.05706,0.05371,0.05127,0.04898,0.04685,0.04448,0.04278,0.04078,0.03973,0.03808,0.03708,0.03492,0.03403,0.03236,0.03143,0.03027,0.02885,0.02853,0.02676,0.02605,0.02463,0.02421,0.02468,0.02304,0.02318,0.02131,0.02127,0.02088,0.01977,0.01924,0.01944,0.01805,0.01837,0.0176,0.01743,0.01771,0.01597,0.01629,0.01577,0.01581,0.01515,0.0145,0.01422,0.01447,0.01425,0.01385,0.01369,0.01338,0.01227,0.01299,0.01248,0.01173,0.01361,0.01205,0.01135,0.01202,0.01143,0.01176,0.01076,0.01068,0.01048,0.01131,0.01038,0.01017,0.0097,0.00984,0.00982,0.00981,0.00967,0.00965,0.00958,0.00925,0.00925,0.00929,0.00831,0.00941,0.00866,0.00912,0.0091,0.00819,0.00816,0.00835,0.00823,0.00857,0.00823,0.0084,0.00892,0.00793,0.00815,0.00787,0.00814,0.00856
Synth_Outdoor_H2S_13,H2S,1.0,1,0.006,0.00785,0.01115,0.01624,0.02119,0.02806,0.03898,0.04929,0.06189,0.07518,0.09161,0.10966,0.12883,0.1503,0.17282,0.1985,0.22374,0.25116,0.27778,0.30644,0.33551,0.36364,0.39167,0.41906,0.44747,0.47291,0.49821,0.52186,0.54501,0.56681,0.58666,0.60551,0.62316,0.63899,0.65435,0.66745,0.68106,0.69327,0.70342,0.7125,0.72155,0.72978,0.7374,0.74294,0.74878,0.75345,0.75778,0.76097,0.7641,0.76668,0.76781,0.77014,0.77018,0.77133,0.77102,0.77066,0.7712,0.76916,0.76869,0.76723,0.7667,0.76496,0.76263,0.7623,0.76031,0.75757,0.75619,0.75322,0.75155,0.74929,0.74687,0.74533,0.74227,0.74117,0.73888,0.73715,0.73369,0.73121,0.72974,0.72713,0.7249,0.72369,0.72098,0.71919,0.71717,0.71491,0.71312,0.71004,0.70959,0.70725,0.70459,0.7035,0.70227,0.6999,0.69781,0.69616,0.6935,0.69232,0.68915,0.68687,0.68529,0.68333,0.68194,0.67998,0.67885,0.6779,0.67612,0.67546,0.67418,0.6727,0.67156,0.66979,0.669,0.66791,0.66649,0.66479,0.66358,0.66265,0.66047,0.65933,0.65845,0.65767,0.65958,0.65978,0.65874,0.64808,0.62554,0.58918,0.54223,0.49018,0.43927,0.39391,0.35543,0.32392,0.29567,0.27022,0.24803,0.22788,0.21123,0.19435,0.17946,0.16747,0.1548,0.1445,0.13499,0.12641,0.11829,0.11016,0.10367,0.09773,0.09069,0.08649,0.08189,0.07692,0.07249,0.06854,0.06596,0.06179,0.05905,0.05673,0.05309,0.0511,0.04913,0.04646,0.04462,0.04254,0.04113,0.04006,0.03728,0.03617,0.03499,0.03361,0.03256,0.03198,0.02994,0.02944,0.02855,0.02751,0.0259,0.02571,0.02416,0.024,0.0233,0.02239,0.02164,0.02214,0.02076,0.02029,0.02043,0.0196,0.01854,0.01799,0.01814,0.01742,0.01616,0.01675,0.01632,0.01661,0.01519,0.01544,0.01497,0.014,0.01409,0.0139,0.01315,0.01417,0.01299,0.01312,0.01345,0.01255,0.01271,0.01208,0.01163,0.01153,0.01183,0.01145,0.01188,0.01065,0.01129,0.01099,0.01086,0.01079,0.01012,0.01015,0.01043,0.01025,0.01051,0.00923,0.01058,0.01032,0.00986,0.00933,0.0093,0.00999,0.0101,0.00962,0.00896,0.00873,0.00934,0.00865,0.00881,0.00863,0.00901,0.00907,0.00859,0.00818,0.0087,0.00865,0.00875,0.00821
Synth_Outdoor_H2S_14,H2S,1.0,1,0.006,0.00819,0.01137,0.01756,0.02421,0.03334,0.04404,0.05614,0.07054,0.08682,0.10367,0.12417,0.14518,0.16793,0.19407,0.21988,0.24837,0.27624,0.30661,0.33611,0.3661,0.39521,0.42503,0.45403,0.48165,0.50839,0.53413,0.55817,0.58016,0.60256,0.62241,0.64176,0.6589,0.67516,0.69108,0.70618,0.71808,0.72952,0.73985,0.75051,0.75901,0.76716,0.77455,0.78264,0.78709,0.79183,0.79644,0.79908,0.80226,0.80482,0.80671,0.80723,0.80816,0.80765,0.80818,0.80794,0.8067,0.806,0.80523,0.80344,0.80248,0.80073,0.79922,0.79713,0.79519,0.79214,0.79087,0.78904,0.78625,0.78362,0.78239,0.77937,0.77768,0.7755,0.77307,0.7716,0.76927,0.76777,0.76565,0.7631,0.76096,0.75875,0.75694,0.75456,0.75153,0.75134,0.7489,0.7464,0.74478,0.7422,0.74101,0.73777,0.73597,0.73443,0.73216,0.73062,0.72864,0.72724,0.72515,0.72374,0.72156,0.72001,0.71899,0.71705,0.71511,0.71357,0.71174,0.71072,0.70911,0.70776,0.70671,0.70493,0.70321,0.70228,0.70075,0.69969,0.69764,0.69675,0.69546,0.69448,0.69275,0.69188,0.69403,0.69359,0.69164,0.68016,0.6558,0.61904,0.56883,0.51373,0.46266,0.41365,0.37551,0.34242,0.31268,0.28616,0.26308,0.24203,0.22407,0.20638,0.19149,0.17817,0.16452,0.15332,0.14314,0.13506,0.12644,0.11853,0.11072,0.10435,0.09813,0.09278,0.08707,0.08261,0.07827,0.07475,0.07046,0.06757,0.0628,0.06135,0.05808,0.05497,0.05417,0.05093,0.04851,0.0461,0.04469,0.04269,0.04161,0.03972,0.03814,0.03701,0.03521,0.0339,0.03398,0.03298,0.03059,0.02993,0.02978,0.02816,0.02732,0.0262,0.02586,0.02505,0.0239,0.02326,0.02304,0.02272,0.02172,0.02172,0.02109,0.02032,0.01978,0.01988,0.01934,0.01863,0.01869,0.01773,0.01713,0.01774,0.01673,0.01616,0.01575,0.01603,0.01572,0.01541,0.01457,0.01515,0.01424,0.0142,0.01335,0.01427,0.01414,0.01328,0.01333,0.01295,0.01294,0.01241,0.01333,0.01196,0.0124,0.01238,0.01222,0.01168,0.01226,0.01222,0.0112,0.01134,0.01179,0.01153,0.01098,0.01088,0.01135,0.01091,0.01088,0.01132,0.01105,0.01049,0.01026,0.00976,0.01031,0.00973,0.01026,0.01001,0.00965,0.00981,0.0106,0.00954,0.00954,0.00955
Synth_Outdoor_H2S_15,H2S,1.0,1,0.00653,0.00939,0.01339,0.02111,0.02955,0.04032,0.05313,0.06847,0.08521,0.10383,0.12541,0.14716,0.17272,0.19881,0.22624,0.25462,0.28498,0.31599,0.34729,0.37914,0.40936,0.44119,0.47071,0.49993,0.52888,0.5556,0.58208,0.60684,0.63012,0.65236,0.67275,0.69279,0.71013,0.72744,0.74228,0.75643,0.7691,0.7807,0.7912,0.80037,0.80885,0.8169,0.82309,0.82937,0.83398,0.83792,0.8427,0.84487,0.8472,0.84993,0.8503,0.85132,0.85169,0.85198,0.8524,0.85101,0.84989,0.84895,0.84735,0.84532,0.84309,0.84079,0.8384,0.83557,0.83267,0.82982,0.82612,0.82363,0.82085,0.81765,0.81576,0.81154,0.80953,0.8068,0.80417,0.80171,0.7988,0.79697,0.7943,0.79201,0.78913,0.78703,0.78512,0.78161,0.77955,0.77703,0.77414,0.77187,0.76925,0.76675,0.76441,0.76266,0.76086,0.75936,0.75665,0.75473,0.75323,0.7515,0.74992,0.74747,0.74511,0.74243,0.7415,0.73844,0.73814,0.73604,0.73421,0.73252,0.73103,0.72854,0.72721,0.72623,0.72481,0.72292,0.72225,0.7204,0.71856,0.71734,0.71744,0.71531,0.71383,0.71183,0.71377,0.71471,0.71153,0.70092,0.67506,0.63602,0.58522,0.52822,0.47429,0.42592,0.38599,0.35193,0.3217,0.29444,0.27034,0.25003,0.23007,0.21224,0.19676,0.18256,0.17021,0.15834,0.14811,0.13862,0.12886,0.12103,0.11314,0.10696,0.10076,0.09548,0.08896,0.08486,0.07986,0.07622,0.07228,0.06844,0.06491,0.06217,0.05919,0.05656,0.05391,0.0511,0.0499,0.04689,0.0454,0.04366,0.04187,0.03968,0.0389,0.03753,0.03595,0.03585,0.03356,0.03176,0.03048,0.02996,0.02887,0.02811,0.02722,0.02621,0.02544,0.02492,0.02372,0.02237,0.02297,0.02188,0.02118,0.02103,0.02013,0.01982,0.01964,0.01831,0.01879,0.01777,0.01729,0.01668,0.01727,0.0168,0.01586,0.01588,0.01568,0.01439,0.01517,0.01501,0.01428,0.01409,0.01362,0.01326,0.01339,0.0129,0.01338,0.01279,0.01346,0.01225,0.01209,0.01162,0.01223,0.01208,0.01121,0.0115,0.01098,0.01084,0.01062,0.0109,0.01071,0.0108,0.00985,0.00968,0.01014,0.01045,0.00919,0.01014,0.00927,0.0094,0.00975,0.00921,0.00877,0.00915,0.00892,0.00939,0.00957,0.00889,0.0091,0.00963,0.00865,0.0096,0.00854,0.00854
Synth_Outdoor_H2S_16,H2S,1.0,1,0.15229,0.16038,0.16941,0.17904,0.19066,0.20303,0.2154,0.23027,0.24647,0.26282,0.27922,0.29877,0.31721,0.33817,0.35835,0.37915,0.39989,0.42069,0.43997,0.46055,0.47841,0.49741,0.51471,0.53072,0.54637,0.56035,0.57384,0.58665,0.5976,0.60841,0.61805,0.62682,0.63409,0.64065,0.64681,0.65191,0.65697,0.6605,0.66454,0.66892,0.67017,0.67307,0.67434,0.67455,0.67509,0.67405,0.67324,0.67131,0.67029,0.66969,0.6687,0.66777,0.6666,0.66535,0.66238,0.66015,0.65754,0.65598,0.65267,0.65008,0.64801,0.64606,0.64366,0.64033,0.63828,0.63587,0.63264,0.63119,0.62762,0.62507,0.62304,0.61981,0.61887,0.61659,0.61428,0.61234,0.61094,0.60842,0.60659,0.60489,0.60421,0.60187,0.60146,0.59963,0.59855,0.59627,0.59488,0.59159,0.59,0.58879,0.58578,0.58536,0.58443,0.58006,0.57346,0.56145,0.54698,0.53121,0.51485,0.50336,0.49219,0.48286,0.47374,0.4665,0.45857,0.45417,0.44822,0.44135,0.4386,0.4342,0.43,0.42632,0.42191,0.41934,0.41575,0.41342,0.41001,0.40852,0.40628,0.40428,0.40182,0.39976,0.40059,0.40079,0.39528,0.38132,0.35907,0.33035,0.2979,0.26675,0.24116,0.22006,0.20205,0.18541,0.17119,0.15781,0.14667,0.13513,0.12652,0.11706,0.10955,0.10229,0.0958,0.09029,0.08463,0.07942,0.07536,0.07044,0.06662,0.06309,0.06037,0.05742,0.05435,0.05099,0.0489,0.04739,0.04495,0.0428,0.04038,0.03916,0.03718,0.03641,0.03478,0.03353,0.03143,0.0313,0.0301,0.02791,0.02714,0.02666,0.02566,0.02463,0.0236,0.02428,0.02351,0.02269,0.02117,0.02128,0.02021,0.01995,0.01897,0.01871,0.01873,0.01775,0.01681,0.01713,0.01598,0.01603,0.01521,0.01482,0.01597,0.01503,0.01426,0.01342,0.01413,0.01376,0.01317,0.01344,0.01304,0.01221,0.01229,0.01232,0.01229,0.01172,0.0116,0.0119,0.01087,0.01081,0.0106,0.01054,0.01065,0.01024,0.01019,0.01024,0.01048,0.00978,0.00999,0.00998,0.00948,0.00939,0.01057,0.01091,0.01198,0.01371,0.01631,0.01888,0.02231,0.02493,0.02843,0.03239,0.03636,0.04067,0.04639,0.052,0.05806,0.06347,0.06936,0.07665,0.083,0.09014,0.09646,0.10343,0.10935,0.11646,0.12249,0.12861,0.13493,0.14013,0.1457,0.15007
Synth_Outdoor_H2S_17,H2S,1.0,1,0.006,0.00957,0.01524,0.02096,0.03012,0.04243,0.05528,0.07137,0.08854,0.10825,0.12974,0.15264,0.17721,0.20432,0.23219,0.26074,0.29068,0.31978,0.35107,0.38139,0.41199,0.44204,0.47086,0.4999,0.5281,0.55554,0.581,0.60541,0.62835,0.65119,0.67096,0.68952,0.7077,0.72378,0.73839,0.75245,0.76469,0.77682,0.78697,0.79687,0.80467,0.81325,0.81877,0.82477,0.82886,0.83311,0.83655,0.83955,0.84145,0.84249,0.84502,0.84528,0.84664,0.84587,0.84647,0.84614,0.84484,0.84371,0.84265,0.84084,0.83897,0.83693,0.83437,0.83247,0.83109,0.82823,0.82661,0.82475,0.8215,0.81943,0.81552,0.81139,0.80974,0.80717,0.80391,0.80171,0.79996,0.7961,0.7941,0.79117,0.78908,0.78754,0.78508,0.78222,0.77972,0.77654,0.77338,0.77027,0.76718,0.76608,0.76247,0.76062,0.75867,0.75636,0.75433,0.75312,0.75058,0.74796,0.74456,0.74304,0.74012,0.73815,0.73536,0.73197,0.73188,0.73029,0.72816,0.72667,0.72546,0.72366,0.72307,0.72203,0.72154,0.72085,0.71988,0.71874,0.71741,0.71637,0.71574,0.71455,0.71253,0.71116,0.71253,0.71346,0.70926,0.69772,0.67832,0.64685,0.60315,0.55342,0.50306,0.45457,0.40913,0.37084,0.33909,0.30981,0.28419,0.26119,0.24095,0.22311,0.20596,0.19146,0.17808,0.16585,0.15395,0.14418,0.13393,0.12522,0.11777,0.11137,0.10426,0.09846,0.0928,0.08815,0.0828,0.07805,0.07401,0.0703,0.06642,0.06367,0.06036,0.05823,0.05498,0.0529,0.05041,0.0483,0.0461,0.04455,0.04193,0.04095,0.03928,0.03768,0.03627,0.03503,0.03374,0.03264,0.03101,0.03011,0.02919,0.02876,0.02731,0.02665,0.02537,0.02517,0.02346,0.02329,0.02241,0.02203,0.02093,0.02064,0.01952,0.01906,0.01897,0.01825,0.01815,0.01741,0.01712,0.01581,0.01609,0.015,0.01566,0.01519,0.01597,0.01408,0.01435,0.01361,0.01377,0.01382,0.01318,0.01321,0.01304,0.01188,0.01241,0.01158,0.0114,0.01174,0.01143,0.01139,0.01109,0.01043,0.01048,0.01035,0.01011,0.01022,0.00932,0.01009,0.01003,0.00908,0.00992,0.00911,0.00932,0.0093,0.00925,0.00878,0.00937,0.00902,0.00858,0.00934,0.00968,0.00803,0.0089,0.00824,0.0083,0.00798,0.00818,0.00821,0.00796,0.00815,0.00766,0.00772
Synth_Outdoor_H2S_18,H2S,1.0,1,0.48271,0.4889,0.48997,0.49688,0.50977,0.51766,0.52578,0.54098,0.55261,0.56815,0.58676,0.59932,0.61863,0.64102,0.65983,0.68334,0.7005,0.71929,0.74612,0.76096,0.77999,0.79368,0.81238,0.82954,0.84095,0.85842,0.86865,0.88122,0.89134,0.90755,0.91214,0.91798,0.93036,0.93223,0.94209,0.94226,0.94873,0.95682,0.96178,0.96336,0.96505,0.96653,0.96512,0.96814,0.96961,0.97391,0.97234,0.96697,0.97176,0.96931,0.96764,0.96963,0.96924,0.96732,0.96108,0.96046,0.96002,0.95954,0.95373,0.95226,0.94778,0.94546,0.94846,0.94785,0.94235,0.94306,0.93935,0.93465,0.93491,0.93561,0.92941,0.93124,0.91862,0.92504,0.921,0.9178,0.91652,0.90909,0.9113,0.91067,0.9115,0.9046,0.90207,0.90106,0.90286,0.89962,0.89569,0.89659,0.89391,0.89452,0.8889,0.8885,0.88708,0.88315,0.88632,0.88502,0.8832,0.88148,0.87745,0.87893,0.87816,0.87605,0.87668,0.87716,0.87992,0.87448,0.87348,0.87154,0.86599,0.86988,0.86923,0.87436,0.86679,0.867,0.86518,0.86148,0.86648,0.86473,0.864,0.85882,0.86367,0.85566,0.86265,0.86782,0.85535,0.84392,0.82496,0.79612,0.76248,0.73605,0.70918,0.69315,0.67215,0.66278,0.64308,0.63181,0.62348,0.60834,0.60293,0.59742,0.58269,0.5804,0.57442,0.57011,0.55995,0.55507,0.55539,0.55091,0.5472,0.54414,0.53853,0.53798,0.53554,0.53059,0.53482,0.52927,0.52318,0.52603,0.52029,0.52315,0.52265,0.51636,0.51958,0.51703,0.51696,0.51863,0.51233,0.51016,0.50898,0.50837,0.50946,0.50982,0.50901,0.50975,0.50712,0.51015,0.50533,0.51229,0.50658,0.50245,0.50151,0.505,0.50288,0.50489,0.50397,0.50229,0.50007,0.49813,0.50054,0.50355,0.50171,0.49783,0.50117,0.50149,0.49814,0.50058,0.5002,0.49706,0.5007,0.50107,0.50224,0.50204,0.49585,0.49685,0.50037,0.5003,0.50023,0.50851,0.50025,0.50162,0.50112,0.50031,0.49785,0.50047,0.4966,0.49792,0.49726,0.49867,0.50425,0.4938,0.50016,0.49439,0.49723,0.5011,0.49853,0.49569,0.49661,0.50013,0.49662,0.49899,0.49857,0.49682,0.50384,0.5001,0.49347,0.49905,0.49696,0.50075,0.49669,0.49841,0.49999,0.50092,0.49579,0.49801,0.49772,0.49733,0.50343,0.50007,0.49595,0.50144
Synth_Outdoor_H2S_19,H2S,1.0,1,0.68951,0.69052,0.68926,0.69834,0.71059,0.71502,0.7285,0.74133,0.75046,0.76732,0.77526,0.79774,0.81741,0.83333,0.85952,0.87122,0.89319,0.91403,0.93642,0.94781,0.97212,0.98626,0.99994,1.01883,1.03261,1.04421,1.05871,1.06959,1.08197,1.09365,1.10537,1.10689,1.12317,1.12008,1.13107,1.13881,1.14335,1.14582,1.15097,1.1538,1.15659,1.16268,1.16344,1.16238,1.1675,1.16675,1.16836,1.16795,1.16418,1.1644,1.16686,1.16534,1.16243,1.16149,1.16325,1.15763,1.15971,1.15688,1.15553,1.15709,1.15447,1.15232,1.15127,1.14569,1.14489,1.1398,1.13867,1.13482,1.13275,1.1314,1.12537,1.13023,1.12015,1.11737,1.12104,1.11796,1.11546,1.11349,1.11,1.10594,1.10655,1.10286,1.10518,1.10064,1.09722,1.09678,1.09696,1.09292,1.09073,1.09192,1.09046,1.0872,1.08593,1.08635,1.0808,1.07952,1.07978,1.07969,1.07973,1.08151,1.07893,1.0754,1.07469,1.07109,1.07233,1.07058,1.07109,1.06726,1.06971,1.07136,1.06643,1.06688,1.06678,1.06324,1.06392,1.06249,1.06176,1.05862,1.05972,1.06,1.0615,1.05922,1.06409,1.05781,1.0573,1.0431,1.02761,0.99309,0.96238,0.93288,0.90526,0.88953,0.87156,0.85837,0.84504,0.83653,0.8231,0.80928,0.79944,0.79472,0.78277,0.7839,0.77611,0.76638,0.75814,0.7611,0.75312,0.75255,0.74184,0.74099,0.73941,0.73668,0.73282,0.73305,0.72658,0.72684,0.72557,0.72476,0.72355,0.71738,0.71487,0.72052,0.71687,0.71298,0.71762,0.71297,0.71463,0.71092,0.715,0.71341,0.70761,0.70991,0.70841,0.70955,0.70311,0.70667,0.70707,0.6995,0.70044,0.69782,0.7018,0.70384,0.70539,0.70143,0.70497,0.6971,0.69598,0.6998,0.70059,0.69928,0.6939,0.69859,0.69531,0.70002,0.69904,0.69556,0.69644,0.69491,0.69724,0.69963,0.69463,0.69821,0.69546,0.69469,0.69628,0.69382,0.69491,0.69318,0.70099,0.69607,0.69415,0.69636,0.69547,0.69512,0.69711,0.6974,0.69412,0.69395,0.69466,0.68953,0.69144,0.69858,0.69922,0.69445,0.69648,0.69582,0.70273,0.69783,0.6947,0.69262,0.69098,0.69548,0.69305,0.6914,0.69333,0.69227,0.69917,0.69718,0.69495,0.69868,0.69517,0.69282,0.69879,0.69635,0.69241,0.69457,0.69287,0.69162,0.6974,0.69986
Synth_Outdoor_H2S_20,H2S,1.0,1,0.47114,0.48031,0.48315,0.49104,0.49987,0.51008,0.52463,0.53622,0.5543,0.57026,0.58788,0.6055,0.62665,0.65107,0.67207,0.69031,0.71498,0.73835,0.75363,0.77984,0.79669,0.81871,0.83335,0.8477,0.864,0.88305,0.89744,0.90735,0.92298,0.92806,0.94198,0.94816,0.95782,0.96719,0.97192,0.97939,0.98837,0.98928,0.99708,0.99589,1.00331,1.00848,1.00119,1.00733,1.01212,1.01104,1.01285,1.01036,1.01166,1.01031,1.0126,1.00907,1.0078,1.00423,1.00212,1.00013,0.99988,0.99538,0.99455,0.99626,0.99045,0.98472,0.98562,0.97855,0.97143,0.97103,0.96611,0.96726,0.96585,0.96787,0.96228,0.95868,0.9591,0.94929,0.95325,0.95237,0.94451,0.94885,0.94465,0.94061,0.94124,0.94366,0.93691,0.93558,0.93229,0.92979,0.93232,0.92623,0.92655,0.92318,0.92357,0.92128,0.9213,0.91599,0.91539,0.91253,0.91282,0.91375,0.91349,0.90798,0.91098,0.91064,0.90666,0.90871,0.90054,0.89799,0.89544,0.90255,0.89943,0.89668,0.89653,0.89195,0.89977,0.89291,0.89182,0.89234,0.89071,0.88908,0.88568,0.88801,0.8909,0.88897,0.89231,0.88871,0.88277,0.87131,0.84913,0.82174,0.78087,0.75578,0.72542,0.70315,0.68267,0.66418,0.65532,0.63995,0.62446,0.61354,0.60608,0.60217,0.58925,0.57878,0.57522,0.56902,0.5574,0.5589,0.55377,0.55181,0.55075,0.54534,0.53854,0.5334,0.53981,0.53093,0.5284,0.52605,0.5245,0.52171,0.51884,0.51725,0.51698,0.51427,0.51248,0.51322,0.51113,0.5144,0.50299,0.51138,0.51085,0.5017,0.50521,0.50438,0.50106,0.50193,0.50046,0.50699,0.50437,0.50468,0.50283,0.49775,0.49881,0.5009,0.49622,0.50067,0.49794,0.49728,0.49968,0.49873,0.49642,0.49996,0.49409,0.49809,0.4978,0.49532,0.49668,0.49256,0.49784,0.49492,0.49394,0.49774,0.49322,0.49132,0.49081,0.49612,0.4913,0.49879,0.48912,0.4985,0.49471,0.49387,0.49269,0.49501,0.49387,0.49667,0.49414,0.49419,0.49288,0.49361,0.49451,0.48947,0.49037,0.49559,0.49415,0.49326,0.49376,0.49456,0.49234,0.49177,0.49422,0.49131,0.49479,0.48953,0.49638,0.495,0.49449,0.49634,0.49809,0.49649,0.48939,0.49085,0.49256,0.49425,0.49554,0.49248,0.49481,0.4925,0.49293,0.49101,0.49229,0.49131
Synth_Outdoor_H2S_21,H2S,1.0,1,0.59929,0.61246,0.6129,0.61947,0.62576,0.64029,0.64908,0.66429,0.68542,0.69534,0.71638,0.73087,0.75263,0.77796,0.79321,0.82076,0.83947,0.85747,0.88119,0.90212,0.92056,0.93352,0.95308,0.97076,0.98664,1.00271,1.015,1.02365,1.0395,1.05078,1.06051,1.07092,1.0785,1.08496,1.09034,1.09239,1.10299,1.10704,1.11103,1.11047,1.11383,1.1219,1.12177,1.12598,1.12644,1.12795,1.1311,1.12789,1.12938,1.12754,1.1268,1.12597,1.12588,1.12247,1.12495,1.11756,1.11712,1.11413,1.11637,1.11068,1.11014,1.10116,1.10278,1.10153,1.09665,1.09623,1.08936,1.09131,1.09071,1.08128,1.0783,1.08032,1.07794,1.06999,1.0676,1.06535,1.06018,1.0588,1.05617,1.05442,1.05392,1.05227,1.05327,1.04465,1.04742,1.04229,1.04065,1.04044,1.03397,1.03582,1.03337,1.03232,1.02997,1.03359,1.0241,1.02264,1.02072,1.01926,1.01745,1.02047,1.01952,1.01308,1.011,1.01288,1.00895,1.01057,1.00814,1.00254,1.00887,1.00821,1.00093,1.0003,1.00079,0.99974,0.99942,1.00172,0.99515,0.99257,0.99009,0.9906,0.99115,0.99427,0.99005,0.9924,0.98622,0.97531,0.95616,0.91911,0.88612,0.85759,0.83113,0.81291,0.79118,0.77233,0.75999,0.74811,0.73556,0.72413,0.71591,0.70742,0.70003,0.691,0.68238,0.67721,0.6744,0.66434,0.66272,0.65658,0.65374,0.65329,0.64728,0.64389,0.63755,0.6402,0.63753,0.63907,0.63081,0.63018,0.62842,0.63002,0.62424,0.62368,0.62313,0.62076,0.61795,0.61838,0.61946,0.61318,0.61511,0.6121,0.61595,0.6083,0.6099,0.61148,0.61375,0.60899,0.60711,0.61259,0.60369,0.60125,0.60732,0.60449,0.60272,0.60654,0.60493,0.6025,0.6003,0.60529,0.60436,0.60215,0.60664,0.59899,0.59754,0.59932,0.60065,0.60111,0.59962,0.60085,0.59655,0.60303,0.599,0.60178,0.59964,0.59973,0.59982,0.59934,0.59962,0.60114,0.59813,0.59922,0.59705,0.60073,0.59532,0.60139,0.59665,0.59304,0.59681,0.59465,0.59831,0.59446,0.59485,0.59113,0.5946,0.58956,0.59157,0.59732,0.59726,0.59627,0.59268,0.5949,0.59495,0.59199,0.59858,0.59693,0.59409,0.59463,0.59501,0.5893,0.59373,0.59257,0.59172,0.59346,0.5986,0.59568,0.59261,0.59543,0.59745,0.59621,0.59399,0.59216
Synth_Outdoor_H2S_22,H2S,1.0,1,0.60041,0.60407,0.61099,0.6145,0.62819,0.6362,0.65306,0.65986,0.68119,0.69401,0.70992,0.72957,0.75029,0.7733,0.79524,0.81455,0.83794,0.86502,0.88532,0.90275,0.92175,0.94101,0.96024,0.97309,0.9907,1.00177,1.02064,1.03397,1.04298,1.05919,1.06257,1.07162,1.08451,1.09443,1.1032,1.10438,1.11419,1.11697,1.12171,1.12879,1.13183,1.12922,1.1393,1.14074,1.13667,1.13966,1.1399,1.13888,1.13598,1.13457,1.13501,1.13662,1.13342,1.12937,1.13039,1.1194,1.1273,1.11801,1.11949,1.11571,1.11327,1.11725,1.11093,1.11066,1.1073,1.10618,1.10272,1.09683,1.10003,1.09383,1.08874,1.08921,1.09171,1.08758,1.08201,1.07946,1.07708,1.0808,1.07452,1.07278,1.07242,1.06848,1.06515,1.06299,1.06084,1.0585,1.05805,1.05417,1.05389,1.05012,1.04858,1.04093,1.04562,1.04169,1.04106,1.02943,1.04042,1.03371,1.03565,1.02896,1.03185,1.02661,1.02682,1.03236,1.02642,1.02675,1.02765,1.02592,1.02419,1.02385,1.02812,1.02108,1.02099,1.02242,1.02201,1.02171,1.01991,1.01503,1.02152,1.01401,1.01696,1.01332,1.01737,1.01974,1.01488,1.00149,0.98179,0.94881,0.91276,0.88202,0.85592,0.82788,0.81304,0.79606,0.77819,0.76858,0.75241,0.74193,0.73111,0.72246,0.71141,0.70302,0.70377,0.69142,0.68536,0.6772,0.67618,0.67006,0.67343,0.66814,0.66047,0.66469,0.65859,0.65265,0.64473,0.65439,0.64306,0.64044,0.64527,0.6471,0.64285,0.6393,0.63796,0.63726,0.6358,0.63345,0.63193,0.63048,0.6278,0.62808,0.62371,0.62689,0.62392,0.62291,0.62545,0.62783,0.62605,0.61927,0.6202,0.62452,0.61923,0.62068,0.62218,0.61796,0.62024,0.61625,0.61774,0.61973,0.61463,0.61943,0.618,0.61917,0.61813,0.62073,0.61743,0.61585,0.61701,0.61788,0.61647,0.61629,0.61428,0.61423,0.61225,0.62,0.61238,0.61367,0.61352,0.61744,0.61436,0.61812,0.61322,0.6155,0.61264,0.62006,0.61169,0.6154,0.61616,0.61558,0.61402,0.61408,0.61448,0.61398,0.61674,0.61984,0.61289,0.61087,0.61405,0.62069,0.61225,0.61836,0.61847,0.61291,0.61572,0.61837,0.61334,0.61377,0.61284,0.61179,0.61275,0.61134,0.61453,0.61254,0.61509,0.61065,0.6154,0.61669,0.60966,0.61562,0.61778,0.61172
Synth_Outdoor_H2S_23,H2S,1.0,1,0.70213,0.7032,0.70617,0.71515,0.72561,0.73504,0.74827,0.75817,0.77593,0.78837,0.80923,0.82585,0.84572,0.87083,0.89111,0.91074,0.92733,0.94987,0.97377,0.99052,1.01465,1.02772,1.04419,1.059,1.07521,1.08863,1.10387,1.11662,1.12349,1.13248,1.14063,1.15508,1.1588,1.16321,1.17592,1.18693,1.18583,1.19251,1.19458,1.19752,1.2029,1.20222,1.20546,1.20705,1.20561,1.21043,1.20785,1.20638,1.20929,1.20505,1.20646,1.20529,1.20673,1.20373,1.20083,1.20115,1.20068,1.19658,1.19308,1.18756,1.18592,1.18554,1.18235,1.18095,1.17908,1.17784,1.17397,1.17311,1.17,1.16291,1.16354,1.16365,1.1592,1.16194,1.16243,1.15973,1.15409,1.15614,1.15061,1.14723,1.14441,1.14309,1.14087,1.14038,1.13848,1.13626,1.13565,1.13587,1.13361,1.12589,1.12151,1.12858,1.12114,1.12241,1.11858,1.11561,1.12013,1.11931,1.1146,1.10826,1.11207,1.1132,1.10733,1.11029,1.10858,1.10881,1.10651,1.10264,1.10695,1.10245,1.10163,1.09837,1.09881,1.0971,1.09839,1.10261,1.09439,1.09308,1.09995,1.09484,1.09276,1.09598,1.09409,1.10155,1.09417,1.0783,1.06332,1.02767,0.9983,0.96496,0.942,0.92155,0.89911,0.88061,0.86884,0.85277,0.84759,0.83216,0.82118,0.81375,0.80192,0.79558,0.79436,0.78369,0.77718,0.77607,0.77304,0.76762,0.76441,0.75641,0.75142,0.75568,0.74829,0.74583,0.74734,0.74314,0.74077,0.74307,0.73423,0.73651,0.73277,0.73183,0.7336,0.72974,0.72857,0.72874,0.72406,0.72187,0.7204,0.71719,0.72639,0.71768,0.71913,0.71827,0.71905,0.71967,0.71918,0.71498,0.71546,0.71604,0.71423,0.71842,0.71518,0.71536,0.71478,0.71567,0.71282,0.70875,0.71267,0.70973,0.70973,0.71224,0.7136,0.71029,0.71078,0.71401,0.71014,0.71583,0.71055,0.70454,0.71063,0.7095,0.7116,0.70988,0.70771,0.70489,0.70732,0.70559,0.70616,0.70896,0.71154,0.70824,0.70416,0.70817,0.70996,0.70537,0.70649,0.7068,0.70473,0.70824,0.70626,0.70752,0.70418,0.70527,0.70815,0.70538,0.71057,0.70521,0.70673,0.70844,0.70251,0.70165,0.70223,0.70919,0.70463,0.7124,0.7046,0.70646,0.70985,0.711,0.71113,0.709,0.70853,0.70744,0.70788,0.70454,0.70387,0.70591,0.70551,0.70482
Synth_Outdoor_H2S_24,H2S,1.0,1,0.62493,0.63316,0.63297,0.6433,0.65156,0.66008,0.67729,0.69145,0.71131,0.72631,0.7406,0.76726,0.78604,0.80547,0.82487,0.8447,0.86786,0.89302,0.91603,0.93546,0.95,0.96731,0.98829,1.00028,1.02122,1.03478,1.04764,1.05734,1.07432,1.08266,1.09101,1.09566,1.11103,1.12311,1.1296,1.13012,1.13482,1.14208,1.14236,1.14891,1.153,1.15653,1.15492,1.15551,1.1542,1.15462,1.15639,1.15813,1.15972,1.15548,1.16095,1.15577,1.15525,1.15199,1.1461,1.15245,1.14996,1.14512,1.14357,1.14217,1.13435,1.13425,1.13481,1.12687,1.12786,1.12083,1.12252,1.11838,1.11136,1.11504,1.10687,1.10319,1.10225,1.10137,1.09298,1.09283,1.09104,1.0892,1.08569,1.08238,1.07949,1.08019,1.07565,1.06925,1.07584,1.07512,1.06495,1.06619,1.06797,1.0691,1.06154,1.05748,1.05704,1.05935,1.05281,1.05087,1.05009,1.04724,1.04814,1.05007,1.04487,1.04135,1.03903,1.0336,1.03769,1.03341,1.03155,1.03868,1.03049,1.02715,1.02734,1.03073,1.0277,1.02337,1.02886,1.02462,1.03094,1.02905,1.02536,1.02993,1.02725,1.02927,1.03147,1.03012,1.02628,1.01725,0.99158,0.96181,0.92678,0.89712,0.87511,0.84571,0.82946,0.81604,0.79724,0.78503,0.76909,0.76185,0.7504,0.74437,0.73674,0.73285,0.7211,0.7143,0.70834,0.70183,0.69884,0.69296,0.69013,0.68938,0.68019,0.68247,0.68005,0.67383,0.66637,0.66789,0.67052,0.66527,0.66097,0.66052,0.66229,0.66005,0.65668,0.65506,0.65375,0.65127,0.65651,0.65065,0.65354,0.65339,0.65122,0.64684,0.64815,0.64635,0.64345,0.64586,0.64151,0.64684,0.64216,0.64331,0.64301,0.64117,0.64285,0.63977,0.64275,0.63684,0.64015,0.64434,0.63665,0.63714,0.63986,0.63876,0.63893,0.63903,0.63913,0.64011,0.63813,0.63631,0.63841,0.64129,0.63602,0.63375,0.63878,0.63559,0.6303,0.63772,0.63413,0.6351,0.63603,0.63558,0.63678,0.63384,0.63613,0.63411,0.63652,0.63611,0.63215,0.63714,0.63301,0.63632,0.63518,0.63881,0.63361,0.63324,0.63402,0.63327,0.63596,0.62988,0.63127,0.6312,0.63624,0.63813,0.63357,0.63339,0.63398,0.6367,0.63148,0.63441,0.63625,0.63505,0.63426,0.63628,0.62705,0.63551,0.63217,0.62925,0.63514,0.63733,0.6336,0.63638
Synth_Outdoor_H2S_25,H2S,1.0,1,0.56658,0.56906,0.57383,0.57777,0.591,0.60127,0.62204,0.63103,0.64818,0.66712,0.68506,0.70956,0.72505,0.74908,0.76921,0.79042,0.81476,0.83838,0.85898,0.87909,0.89707,0.91908,0.93312,0.95527,0.96898,0.97948,0.99569,1.00691,1.02096,1.03393,1.03541,1.04902,1.05613,1.06521,1.07028,1.0733,1.07913,1.08203,1.09021,1.09031,1.09681,1.09248,1.09033,1.08698,1.08462,1.08367,1.08724,1.08716,1.08144,1.08694,1.08261,1.08306,1.08542,1.08213,1.07754,1.07413,1.06894,1.07034,1.06929,1.06485,1.06434,1.06218,1.05876,1.055,1.05443,1.05259,1.04624,1.0499,1.04356,1.04131,1.04054,1.03691,1.03645,1.03267,1.02842,1.02891,1.02326,1.02446,1.02218,1.01979,1.01805,1.0117,1.01309,1.01276,1.01096,1.00604,1.00986,1.00263,1.00535,1.00215,0.99778,1.00227,0.99337,0.99727,0.99615,0.99063,0.99439,0.98883,0.9888,0.98745,0.98531,0.98658,0.9855,0.97811,0.98469,0.97613,0.98172,0.98089,0.97433,0.97502,0.97228,0.97345,0.97211,0.97356,0.97352,0.97235,0.96615,0.96581,0.96096,0.9621,0.96557,0.96602,0.96081,0.96337,0.95971,0.94694,0.92199,0.89586,0.86052,0.82918,0.80485,0.78223,0.76236,0.74649,0.73165,0.71757,0.70581,0.69964,0.68727,0.67626,0.67067,0.66074,0.6578,0.64967,0.64288,0.63918,0.62948,0.62631,0.6222,0.62193,0.62256,0.62071,0.61387,0.6109,0.60272,0.60359,0.60088,0.59932,0.59863,0.59614,0.59076,0.59608,0.59014,0.59211,0.59548,0.58684,0.58172,0.58629,0.5888,0.59004,0.58121,0.58472,0.58152,0.58167,0.58783,0.57679,0.58056,0.58049,0.58147,0.57848,0.57848,0.57626,0.57747,0.57551,0.57751,0.57464,0.57614,0.57476,0.57731,0.57404,0.56942,0.57673,0.57102,0.57141,0.57129,0.57598,0.56699,0.57995,0.57453,0.57226,0.57136,0.57203,0.57245,0.57262,0.57224,0.57092,0.57003,0.57,0.56974,0.57294,0.57149,0.56257,0.57146,0.57021,0.56957,0.56854,0.57223,0.57171,0.56733,0.5702,0.56669,0.5656,0.56743,0.57108,0.57127,0.57013,0.57063,0.57006,0.56713,0.56978,0.57067,0.57053,0.5716,0.57036,0.56945,0.57121,0.56844,0.56628,0.56807,0.56661,0.56677,0.56808,0.56646,0.56767,0.5637,0.56898,0.56847,0.56645,0.57017,0.5709
Synth_Outdoor_H2S_26,H2S,1.0,1,0.36356,0.37048,0.37708,0.3851,0.39979,0.40955,0.42328,0.43451,0.45829,0.47222,0.49536,0.51695,0.54169,0.5578,0.57675,0.60824,0.63586,0.65783,0.6781,0.69843,0.72282,0.73838,0.76078,0.77843,0.7963,0.81614,0.82489,0.83637,0.85032,0.85762,0.87093,0.88117,0.88942,0.89897,0.90357,0.9148,0.91764,0.92256,0.92613,0.93106,0.93583,0.93407,0.93642,0.93869,0.93694,0.93865,0.93953,0.94265,0.94049,0.93938,0.93985,0.936,0.93568,0.93258,0.93152,0.92733,0.92048,0.92394,0.92547,0.92176,0.91926,0.91729,0.91174,0.9094,0.90482,0.90303,0.90268,0.90139,0.89532,0.89191,0.89039,0.8893,0.88159,0.87685,0.87828,0.87357,0.87252,0.8709,0.86789,0.8706,0.86594,0.864,0.86271,0.85595,0.85896,0.8538,0.85339,0.84684,0.84362,0.84748,0.84429,0.83892,0.83685,0.83979,0.83208,0.83743,0.82959,0.83201,0.82815,0.82901,0.82464,0.82411,0.82313,0.81909,0.8221,0.81769,0.81713,0.81395,0.80871,0.81338,0.81862,0.81327,0.81002,0.80819,0.80767,0.8078,0.80234,0.80699,0.8049,0.80385,0.80211,0.79977,0.80354,0.80445,0.79656,0.78108,0.75825,0.72958,0.686,0.64943,0.62497,0.60103,0.58045,0.56202,0.5442,0.53356,0.51238,0.50219,0.49302,0.4792,0.47378,0.47009,0.45842,0.45202,0.44198,0.43781,0.4331,0.42838,0.42789,0.42194,0.41393,0.41377,0.41111,0.40965,0.40791,0.3988,0.39686,0.39347,0.39391,0.39368,0.39311,0.38867,0.38636,0.38597,0.38201,0.3879,0.37734,0.38059,0.38404,0.3779,0.37636,0.37495,0.3744,0.37734,0.3675,0.37604,0.36787,0.37004,0.36892,0.37078,0.36463,0.36915,0.37244,0.36341,0.36674,0.36408,0.36627,0.36476,0.36263,0.365,0.36785,0.36247,0.36435,0.35891,0.35939,0.3626,0.3648,0.36165,0.35966,0.36014,0.35671,0.36103,0.36145,0.3578,0.35751,0.35912,0.35712,0.35779,0.36296,0.35684,0.35633,0.35537,0.35865,0.35615,0.35478,0.35949,0.35955,0.35432,0.35097,0.358,0.35362,0.35715,0.3501,0.3571,0.35168,0.35639,0.35442,0.35186,0.35308,0.35566,0.3541,0.35517,0.35852,0.34957,0.35741,0.35352,0.3509,0.3497,0.35245,0.3551,0.35237,0.35638,0.3489,0.35241,0.34923,0.35317,0.35439,0.35102,0.34547,0.35237
Synth_Outdoor_H2S_27,H2S,1.0,1,0.6369,0.63584,0.64661,0.65595,0.65827,0.67515,0.68618,0.70192,0.71921,0.73475,0.75319,0.77499,0.79308,0.8146,0.84086,0.85828,0.88468,0.90572,0.92132,0.94438,0.96867,0.98186,1.00071,1.01953,1.03577,1.04759,1.06011,1.07756,1.08975,1.09822,1.10528,1.11143,1.11896,1.12929,1.13539,1.14371,1.14722,1.1466,1.15711,1.15551,1.15998,1.16393,1.1701,1.17421,1.16879,1.16724,1.1691,1.1697,1.16608,1.17048,1.1654,1.16462,1.16329,1.16069,1.1596,1.15372,1.15158,1.14789,1.14935,1.14777,1.14449,1.14497,1.13818,1.13738,1.13059,1.13006,1.13055,1.12878,1.1238,1.12204,1.11587,1.11613,1.11654,1.11308,1.11031,1.10678,1.10447,1.10068,1.10199,1.09927,1.09745,1.09304,1.08721,1.09368,1.08818,1.08568,1.08803,1.08382,1.08598,1.08346,1.08224,1.07575,1.08082,1.07708,1.07418,1.07421,1.06819,1.07249,1.06773,1.0658,1.06419,1.06962,1.06413,1.06841,1.06212,1.05817,1.05864,1.06354,1.05907,1.05711,1.0579,1.05774,1.05823,1.05806,1.05253,1.04917,1.05061,1.05151,1.04771,1.04697,1.04947,1.04751,1.04986,1.04909,1.0455,1.03026,1.01245,0.98331,0.94262,0.91195,0.88438,0.86482,0.84708,0.82661,0.81263,0.7987,0.78939,0.77789,0.76583,0.75893,0.74881,0.74193,0.73985,0.7327,0.72034,0.72038,0.7155,0.70619,0.70706,0.70513,0.69501,0.69235,0.69424,0.68965,0.68783,0.68496,0.68289,0.67657,0.68061,0.67917,0.67403,0.67298,0.66782,0.67158,0.67046,0.66767,0.66952,0.66481,0.66607,0.66119,0.6628,0.6616,0.66182,0.6596,0.65949,0.66121,0.65741,0.65391,0.66174,0.66028,0.65311,0.6576,0.65418,0.65569,0.65535,0.65365,0.6519,0.65177,0.65087,0.65077,0.65241,0.65052,0.65376,0.65554,0.65015,0.65197,0.65241,0.65213,0.65094,0.65242,0.6516,0.64716,0.65228,0.6522,0.64794,0.6498,0.65131,0.64896,0.65205,0.65517,0.6472,0.64563,0.64976,0.65073,0.64829,0.65244,0.6454,0.6504,0.6471,0.65285,0.65351,0.64659,0.64712,0.65063,0.6475,0.64833,0.6485,0.64361,0.64836,0.64665,0.64711,0.65196,0.6452,0.65038,0.64768,0.64768,0.65038,0.64926,0.64986,0.65088,0.64765,0.64698,0.64581,0.64649,0.65594,0.6517,0.64525,0.64535,0.64991,0.65012
Synth_Outdoor_H2S_28,H2S,1.0,1,0.45741,0.46392,0.47048,0.47367,0.48938,0.50062,0.5175,0.54051,0.55158,0.56899,0.59258,0.61319,0.63572,0.65959,0.68709,0.70322,0.73126,0.75145,0.77829,0.79694,0.81957,0.84014,0.86246,0.8803,0.8917,0.91062,0.92323,0.93531,0.95036,0.96162,0.97907,0.98382,0.98816,0.99822,1.00942,1.01852,1.01504,1.01929,1.03295,1.03286,1.03269,1.03863,1.03261,1.04052,1.04229,1.04442,1.03994,1.04278,1.03996,1.04224,1.0383,1.03805,1.03486,1.03712,1.03565,1.03078,1.02914,1.02293,1.0232,1.02115,1.02509,1.013,1.01663,1.01264,1.0081,1.00906,1.0029,1.00031,0.99661,0.99723,0.99444,0.98775,0.9837,0.98417,0.98035,0.97983,0.9807,0.97408,0.97279,0.97071,0.9704,0.96042,0.96231,0.96216,0.96246,0.95608,0.95054,0.95481,0.94986,0.94681,0.94664,0.94618,0.94351,0.93781,0.9438,0.94298,0.93971,0.93358,0.93435,0.93336,0.93345,0.93216,0.92716,0.92776,0.92727,0.92838,0.92519,0.92416,0.92124,0.92342,0.91982,0.91557,0.92012,0.91723,0.91324,0.91195,0.91279,0.91221,0.91063,0.91003,0.91262,0.90994,0.91008,0.91322,0.90301,0.89199,0.87137,0.83431,0.79638,0.76108,0.73163,0.70889,0.68916,0.66807,0.6551,0.64245,0.62451,0.61849,0.60501,0.59637,0.58309,0.57863,0.56625,0.56436,0.55627,0.55149,0.54193,0.53786,0.53721,0.52929,0.52912,0.52109,0.52341,0.51524,0.51697,0.51461,0.50894,0.50992,0.50708,0.50317,0.50022,0.49618,0.50041,0.49417,0.49698,0.49479,0.49596,0.49239,0.49126,0.49291,0.49095,0.49001,0.48955,0.48374,0.48872,0.48766,0.4829,0.4842,0.4841,0.48332,0.48395,0.4862,0.48485,0.4784,0.48278,0.48415,0.48142,0.48282,0.48476,0.48196,0.47972,0.48142,0.4789,0.47837,0.47721,0.48175,0.47554,0.4812,0.47839,0.47346,0.4777,0.47139,0.47806,0.47856,0.4747,0.47637,0.48083,0.47457,0.47308,0.47934,0.48046,0.47548,0.47791,0.47867,0.47341,0.47399,0.47821,0.47929,0.47645,0.47281,0.47994,0.47362,0.47409,0.47575,0.47875,0.47698,0.47588,0.47599,0.47493,0.47622,0.46851,0.4741,0.47546,0.47199,0.47587,0.47441,0.47934,0.4789,0.47384,0.47467,0.47488,0.47397,0.47563,0.47328,0.47241,0.47684,0.4769,0.47336,0.47765,0.47386
Synth_Outdoor_H2S_29,H2S,1.0,1,0.69967,0.70601,0.71046,0.71993,0.7274,0.73997,0.75317,0.76662,0.78439,0.79872,0.82039,0.84097,0.86195,0.88354,0.906,0.92953,0.95259,0.97053,0.99039,1.01132,1.0324,1.05145,1.06804,1.08322,1.10072,1.1167,1.13113,1.14074,1.15271,1.1622,1.17426,1.18115,1.19279,1.19423,1.20437,1.21194,1.21692,1.2279,1.22617,1.22634,1.23154,1.22975,1.23581,1.23516,1.24022,1.23675,1.23762,1.23578,1.24088,1.23468,1.23878,1.23476,1.2323,1.23014,1.22817,1.22023,1.22207,1.22245,1.2176,1.21153,1.21216,1.21369,1.20967,1.2035,1.20311,1.19688,1.19061,1.18971,1.19313,1.1858,1.18316,1.1803,1.18312,1.17984,1.17889,1.17072,1.16976,1.16319,1.16862,1.15988,1.16113,1.15555,1.1545,1.15158,1.14985,1.14773,1.14547,1.14683,1.13999,1.14136,1.14192,1.13564,1.13315,1.13237,1.13404,1.12994,1.1266,1.12772,1.12238,1.1255,1.12349,1.12034,1.11768,1.11618,1.11828,1.11854,1.11239,1.11371,1.10602,1.10847,1.1086,1.10519,1.10403,1.10367,1.10509,1.10294,1.09686,1.09615,1.09888,1.10043,1.09129,1.09557,1.09738,1.10313,1.09356,1.08178,1.0587,1.02338,0.997,0.96255,0.93704,0.92383,0.88954,0.88189,0.86148,0.84907,0.83577,0.82354,0.81297,0.80593,0.79285,0.79078,0.78081,0.77257,0.76836,0.76721,0.75778,0.75545,0.74855,0.74841,0.74466,0.74428,0.73616,0.73544,0.73137,0.73188,0.72456,0.72606,0.72169,0.72012,0.71874,0.71747,0.71499,0.71437,0.71639,0.7136,0.71206,0.70754,0.70533,0.70887,0.70768,0.70824,0.70214,0.70221,0.69784,0.70016,0.70289,0.69854,0.70064,0.6979,0.69853,0.69422,0.69671,0.68845,0.69493,0.69083,0.69746,0.69594,0.69469,0.69689,0.69029,0.6966,0.69417,0.69087,0.69394,0.688,0.68836,0.68858,0.68844,0.68681,0.69223,0.68825,0.68949,0.6869,0.6835,0.68848,0.68277,0.68715,0.6837,0.69187,0.68893,0.6867,0.68936,0.6839,0.68718,0.68615,0.68615,0.68848,0.68695,0.68569,0.68065,0.68222,0.68415,0.68454,0.68132,0.69,0.68762,0.68518,0.68371,0.68283,0.68083,0.68327,0.6836,0.67974,0.68359,0.68225,0.67775,0.68024,0.68123,0.68689,0.68347,0.67864,0.6831,0.67791,0.68439,0.6804,0.68125,0.68471,0.6781,0.67776
Synth_Outdoor_H2S_30,H2S,1.0,1,0.6282,0.63033,0.64352,0.65509,0.6676,0.67639,0.69104,0.71121,0.7216,0.74486,0.76727,0.79016,0.81097,0.83628,0.85441,0.88364,0.91098,0.9316,0.95778,0.98151,1.00126,1.02314,1.03969,1.05975,1.07875,1.09334,1.10604,1.12154,1.13522,1.13983,1.15845,1.16441,1.17512,1.18497,1.18561,1.19351,1.2,1.20337,1.2135,1.21017,1.21353,1.2176,1.21586,1.21927,1.2221,1.22103,1.22172,1.22026,1.21706,1.22054,1.22272,1.21672,1.21543,1.21461,1.20755,1.21267,1.20653,1.20757,1.19906,1.20275,1.19743,1.1941,1.19051,1.18648,1.18726,1.18175,1.17365,1.17294,1.17248,1.17096,1.16732,1.16781,1.15723,1.15981,1.1523,1.15615,1.15149,1.15031,1.14472,1.14778,1.14496,1.14165,1.13771,1.13727,1.13187,1.13361,1.13347,1.12991,1.12337,1.12412,1.11794,1.12054,1.11822,1.11048,1.11038,1.11081,1.1091,1.10522,1.10768,1.10587,1.10337,1.10066,1.10392,1.10419,1.09759,1.09602,1.09754,1.09419,1.0935,1.0945,1.08672,1.09367,1.0895,1.08726,1.08709,1.08627,1.08109,1.0882,1.0836,1.08364,1.08393,1.07779,1.08385,1.08327,1.08062,1.05831,1.03887,1.00518,0.97094,0.93475,0.90299,0.879,0.85926,0.83834,0.8257,0.80736,0.78718,0.78101,0.76801,0.75622,0.74781,0.74264,0.73788,0.7282,0.71934,0.716,0.7082,0.70256,0.69677,0.69101,0.69047,0.68818,0.68416,0.68022,0.67595,0.67711,0.66976,0.67264,0.666,0.66456,0.66085,0.66143,0.66338,0.66059,0.66021,0.65764,0.65225,0.65293,0.65063,0.65478,0.64738,0.65157,0.65058,0.65199,0.64551,0.64748,0.65061,0.6426,0.63957,0.638,0.64383,0.63673,0.63992,0.64135,0.64017,0.64023,0.6392,0.64135,0.63533,0.63558,0.63492,0.63852,0.63831,0.63681,0.63828,0.63205,0.63887,0.63821,0.63592,0.63825,0.62936,0.63191,0.6311,0.6345,0.62983,0.6341,0.63541,0.63351,0.63228,0.6289,0.62908,0.63414,0.63277,0.63053,0.6294,0.6252,0.62743,0.63476,0.62667,0.63022,0.63212,0.62633,0.62978,0.63153,0.6291,0.63613,0.62469,0.6314,0.62823,0.6305,0.62958,0.62656,0.62889,0.6236,0.62968,0.62881,0.62961,0.6306,0.62881,0.62821,0.62557,0.62593,0.63061,0.63116,0.62697,0.62765,0.62523,0.63037,0.62903,0.63215
Synth_Outdoor_H2S_31,H2S,1.0,1,0.47053,0.47676,0.48155,0.48859,0.50342,0.51548,0.52535,0.54658,0.56324,0.57923,0.59898,0.62115,0.63948,0.66422,0.68174,0.71243,0.72934,0.75962,0.77701,0.79846,0.8176,0.8376,0.85991,0.86703,0.89218,0.90441,0.91409,0.9269,0.94539,0.94964,0.9591,0.97397,0.98025,0.98448,0.99398,0.99662,1.00703,1.01141,1.01396,1.01684,1.02311,1.02093,1.01967,1.0249,1.02964,1.02215,1.02369,1.02528,1.02352,1.02035,1.02449,1.02605,1.01907,1.01448,1.01087,1.01328,1.01317,1.00927,1.00563,1.00165,0.99789,1.00018,0.99779,0.98901,0.99414,0.98888,0.9882,0.97864,0.97591,0.9763,0.9753,0.97595,0.97063,0.96571,0.96128,0.96456,0.95684,0.96116,0.95431,0.95698,0.95264,0.94854,0.94553,0.94393,0.94382,0.9409,0.93721,0.93627,0.93493,0.92747,0.93205,0.9266,0.92437,0.92128,0.9193,0.9187,0.91866,0.92362,0.91573,0.91581,0.91469,0.91235,0.91019,0.90577,0.9108,0.91011,0.89984,0.89998,0.90036,0.89722,0.89949,0.89504,0.90097,0.89721,0.89345,0.89411,0.89297,0.88749,0.88559,0.88663,0.88744,0.88428,0.88189,0.88473,0.88126,0.86721,0.84935,0.81068,0.78106,0.74968,0.72473,0.69566,0.67806,0.66053,0.6437,0.62865,0.61707,0.59795,0.59537,0.58435,0.57469,0.57234,0.5582,0.55217,0.55199,0.53929,0.53483,0.5311,0.5292,0.5236,0.51614,0.51461,0.51121,0.50955,0.50807,0.50549,0.49761,0.50246,0.49833,0.49921,0.49502,0.49493,0.49175,0.49243,0.48893,0.48599,0.49061,0.48593,0.48398,0.47824,0.47716,0.48013,0.47882,0.47602,0.47707,0.4799,0.47689,0.47158,0.47344,0.47103,0.47144,0.47076,0.47,0.46747,0.46973,0.46813,0.46169,0.47366,0.4708,0.46671,0.46727,0.46389,0.47068,0.47079,0.46606,0.46786,0.4654,0.46129,0.46328,0.46436,0.4626,0.4629,0.46294,0.46271,0.4628,0.45977,0.46038,0.45872,0.46414,0.45623,0.46417,0.46456,0.46015,0.45419,0.45959,0.46014,0.45758,0.45866,0.46362,0.46131,0.45719,0.45535,0.45838,0.4585,0.46013,0.45742,0.45991,0.46335,0.46042,0.45813,0.45766,0.45709,0.46084,0.45621,0.45779,0.4577,0.45621,0.45393,0.45807,0.45701,0.45833,0.45565,0.45996,0.45464,0.46101,0.45229,0.45768,0.45772,0.4545,0.45751
Synth_Outdoor_H2S_32,H2S,1.0,1,0.49679,0.49476,0.50585,0.52142,0.52679,0.53829,0.55522,0.57706,0.58509,0.60636,0.6334,0.65609,0.67394,0.69447,0.72649,0.74898,0.7703,0.78985,0.81448,0.83622,0.8586,0.88145,0.89891,0.91171,0.93438,0.94709,0.96229,0.97744,0.98316,0.99697,1.00589,1.01256,1.02573,1.03868,1.03452,1.04501,1.05195,1.05518,1.05843,1.05864,1.065,1.06448,1.06234,1.07182,1.07186,1.06983,1.07012,1.07163,1.06852,1.06887,1.06426,1.06646,1.06203,1.05963,1.05375,1.05523,1.0499,1.04768,1.04446,1.04104,1.04635,1.04177,1.04068,1.03022,1.03078,1.02457,1.02319,1.01979,1.02244,1.01569,1.01671,1.0129,1.0145,1.00254,1.00689,1.00429,0.99677,0.99952,0.99551,0.99163,0.98753,0.98514,0.98933,0.98171,0.98138,0.97538,0.97355,0.97651,0.96875,0.9694,0.96881,0.96723,0.96473,0.96442,0.96349,0.96196,0.95607,0.95629,0.95845,0.95609,0.94888,0.95173,0.94446,0.94815,0.95157,0.94339,0.9427,0.9458,0.93928,0.94082,0.94296,0.93883,0.93877,0.94015,0.93826,0.93688,0.93445,0.93529,0.93296,0.93321,0.92961,0.92897,0.92893,0.93243,0.92521,0.91017,0.89008,0.8589,0.82505,0.78723,0.76172,0.73913,0.71854,0.69719,0.68335,0.66927,0.65516,0.63799,0.63275,0.62802,0.6126,0.60346,0.59873,0.59173,0.58765,0.57582,0.57555,0.57039,0.56415,0.56127,0.55923,0.55534,0.54707,0.549,0.54403,0.5418,0.53943,0.53663,0.53791,0.53276,0.52832,0.52841,0.52823,0.52934,0.52637,0.5214,0.52849,0.52173,0.52314,0.51851,0.51923,0.51902,0.51906,0.51779,0.5165,0.51276,0.5114,0.51299,0.51384,0.51031,0.51292,0.51333,0.50688,0.50656,0.50781,0.50848,0.50595,0.5102,0.50746,0.5061,0.50203,0.50198,0.50563,0.49929,0.50685,0.50363,0.51185,0.50924,0.50275,0.5027,0.50521,0.50677,0.49819,0.49764,0.50034,0.50317,0.50279,0.50406,0.49824,0.4953,0.50308,0.49873,0.49558,0.50084,0.50234,0.49994,0.499,0.49963,0.49899,0.49643,0.49791,0.5009,0.50032,0.49988,0.49691,0.49888,0.49381,0.49962,0.50269,0.49536,0.49753,0.49978,0.50204,0.49773,0.49708,0.49386,0.49902,0.50382,0.49938,0.49863,0.49947,0.49862,0.49661,0.50068,0.49916,0.49863,0.49615,0.50185,0.50027,0.49725
Synth_Outdoor_H2S_33,H2S,1.0,1,0.46611,0.47177,0.47663,0.49143,0.49666,0.51122,0.52369,0.5449,0.56259,0.58155,0.60049,0.622,0.64884,0.66966,0.69556,0.71636,0.74264,0.76867,0.78945,0.80871,0.83122,0.8497,0.86888,0.88543,0.90197,0.91788,0.92874,0.94154,0.95247,0.96284,0.97377,0.98636,0.99205,1.0031,1.00869,1.00974,1.02156,1.0265,1.02581,1.03255,1.03198,1.03643,1.03458,1.03438,1.03867,1.03966,1.03889,1.03649,1.03775,1.03844,1.03638,1.03547,1.03168,1.03433,1.02634,1.02828,1.02775,1.02363,1.0195,1.0162,1.01755,1.00874,1.00724,1.00603,1.00744,1.00255,0.99645,0.99531,0.9917,0.98853,0.98985,0.98114,0.98579,0.98118,0.97937,0.97318,0.97176,0.96638,0.96649,0.96688,0.96659,0.95827,0.95777,0.95602,0.95071,0.95361,0.94835,0.9478,0.94532,0.94266,0.94277,0.94039,0.93813,0.93543,0.93622,0.93781,0.93239,0.93297,0.92547,0.92778,0.92303,0.92046,0.92068,0.92395,0.92196,0.91897,0.91348,0.91591,0.91635,0.91526,0.90948,0.9111,0.91241,0.91312,0.9055,0.90976,0.90967,0.91052,0.90924,0.90805,0.90369,0.89982,0.90583,0.9105,0.90618,0.89013,0.86589,0.83472,0.79722,0.76373,0.74084,0.71157,0.69781,0.67497,0.66296,0.64162,0.63354,0.61842,0.60602,0.60037,0.59346,0.58072,0.57169,0.56845,0.56231,0.55826,0.55412,0.54688,0.54735,0.53928,0.53417,0.52761,0.52786,0.52476,0.52529,0.52153,0.51509,0.5163,0.51551,0.51578,0.51244,0.51047,0.50715,0.50653,0.5073,0.49957,0.50082,0.49863,0.50045,0.50157,0.49605,0.49067,0.49476,0.49728,0.4956,0.49461,0.49216,0.48906,0.49292,0.48896,0.49596,0.49142,0.48806,0.48753,0.48839,0.48762,0.49059,0.48788,0.48522,0.49141,0.4865,0.48801,0.48427,0.48644,0.48606,0.48032,0.48984,0.4878,0.48337,0.4814,0.48483,0.48401,0.48453,0.48396,0.48459,0.48681,0.48447,0.48029,0.48622,0.48682,0.49049,0.47969,0.48301,0.47711,0.48362,0.48079,0.48691,0.48012,0.47777,0.48076,0.47696,0.48372,0.47665,0.48184,0.47655,0.48094,0.48583,0.4826,0.47951,0.48156,0.48166,0.48278,0.4782,0.48311,0.47489,0.48009,0.48045,0.48327,0.48175,0.4782,0.4793,0.48228,0.48161,0.4804,0.48067,0.48363,0.48064,0.48176,0.48745,0.47853
Synth_Outdoor_H2S_34,H2S,1.0,1,0.54812,0.55482,0.56136,0.57226,0.5884,0.60012,0.61556,0.62688,0.64632,0.66249,0.68941,0.71689,0.73983,0.76273,0.78829,0.81176,0.83891,0.86476,0.88253,0.91012,0.93342,0.95055,0.97249,0.99561,1.00484,1.02146,1.03293,1.04847,1.0614,1.07205,1.07949,1.09211,1.10388,1.1091,1.11732,1.12042,1.12819,1.13171,1.13268,1.13925,1.13875,1.14191,1.14582,1.1475,1.1448,1.15102,1.1499,1.14629,1.14317,1.14513,1.14252,1.14188,1.13864,1.13246,1.13441,1.13238,1.13219,1.12603,1.12895,1.11689,1.1219,1.11505,1.11486,1.11004,1.1098,1.10306,1.0984,1.10182,1.09511,1.09308,1.09272,1.08404,1.08504,1.07904,1.07725,1.07493,1.06833,1.0676,1.07043,1.06675,1.06184,1.06004,1.05607,1.05756,1.05115,1.04987,1.04995,1.04307,1.0469,1.03718,1.04305,1.036,1.03426,1.02812,1.02974,1.02639,1.02567,1.02513,1.0263,1.02292,1.02163,1.01656,1.01552,1.02065,1.0128,1.01734,1.01125,1.01059,1.01199,1.01118,1.00642,1.00443,1.004,1.00374,1.0039,1.00048,1.00078,1.00211,0.99777,0.9964,0.99062,0.98643,0.99598,0.99578,0.98917,0.97626,0.95125,0.92221,0.88329,0.84545,0.82135,0.79468,0.77557,0.75432,0.7371,0.72379,0.70996,0.69877,0.68566,0.67152,0.66572,0.66026,0.64974,0.64274,0.63933,0.62913,0.6216,0.62005,0.61465,0.60919,0.60726,0.6053,0.6007,0.59838,0.59927,0.59119,0.59021,0.58588,0.58286,0.58149,0.57981,0.58011,0.5834,0.57413,0.57334,0.57279,0.57261,0.57104,0.57239,0.56199,0.56103,0.56473,0.56773,0.56015,0.55566,0.56379,0.56218,0.5581,0.55765,0.55701,0.55904,0.55657,0.55877,0.54985,0.55431,0.55313,0.55481,0.55362,0.55649,0.5494,0.55374,0.55463,0.55749,0.55128,0.55293,0.54726,0.54547,0.55325,0.55083,0.55352,0.54687,0.55134,0.55446,0.55058,0.54999,0.54909,0.54492,0.55203,0.5469,0.54949,0.54414,0.54491,0.55128,0.54665,0.551,0.54703,0.54247,0.54916,0.54529,0.54837,0.54656,0.54252,0.54667,0.55162,0.54724,0.54573,0.54844,0.54617,0.54608,0.54274,0.54597,0.54789,0.54314,0.54872,0.54485,0.54278,0.54742,0.54413,0.54669,0.54402,0.54455,0.54589,0.54532,0.53956,0.54168,0.54676,0.54407,0.54307,0.54096,0.54166
Synth_Outdoor_H2S_35,H2S,1.0,1,0.52036,0.5253,0.53534,0.54615,0.56214,0.56705,0.58926,0.6061,0.62077,0.64382,0.66413,0.68889,0.71627,0.73874,0.76363,0.78656,0.80902,0.83684,0.86427,0.88043,0.90347,0.92707,0.94367,0.96228,0.98003,0.99331,1.00875,1.02627,1.0335,1.04405,1.05675,1.06953,1.07569,1.08264,1.09074,1.09229,1.10316,1.10742,1.10914,1.11556,1.11239,1.11964,1.11837,1.11783,1.11889,1.11855,1.12128,1.11446,1.11388,1.11687,1.11107,1.11283,1.11264,1.10504,1.10527,1.09804,1.10015,1.09611,1.09408,1.08844,1.08301,1.08544,1.0761,1.07763,1.07805,1.07351,1.07515,1.07005,1.06301,1.06176,1.05872,1.0521,1.05095,1.04918,1.04275,1.04529,1.04195,1.03581,1.03847,1.0367,1.03288,1.0289,1.02861,1.02632,1.023,1.01788,1.01845,1.01865,1.01207,1.01673,1.00813,1.00754,1.00384,1.00424,0.99754,0.99883,0.99574,0.99715,0.99767,0.99519,0.9861,0.99562,0.98978,0.9857,0.98667,0.98538,0.98192,0.98274,0.9794,0.97857,0.97657,0.97343,0.97611,0.97595,0.97453,0.97411,0.97173,0.96851,0.97086,0.96427,0.9644,0.96305,0.97047,0.97144,0.96496,0.95173,0.92251,0.89338,0.85566,0.82209,0.7911,0.76665,0.74793,0.72997,0.70926,0.69559,0.67936,0.66334,0.65881,0.64958,0.63938,0.62532,0.62154,0.60975,0.61217,0.60006,0.60041,0.59461,0.58536,0.58052,0.58032,0.57371,0.57271,0.56816,0.56199,0.55817,0.56179,0.55745,0.55527,0.55633,0.55559,0.55017,0.54829,0.54882,0.54267,0.54518,0.54466,0.54371,0.53596,0.53774,0.53637,0.53781,0.53778,0.53938,0.53355,0.53271,0.53604,0.53315,0.53486,0.53172,0.52743,0.52636,0.52524,0.53021,0.531,0.53213,0.5291,0.5294,0.52457,0.52269,0.52729,0.52583,0.52467,0.52499,0.52447,0.52654,0.52623,0.52404,0.52449,0.52337,0.5206,0.52337,0.51771,0.5236,0.51772,0.52123,0.51819,0.52147,0.5198,0.5157,0.52053,0.51785,0.52131,0.51894,0.51975,0.51622,0.51699,0.51715,0.52028,0.52218,0.51581,0.52038,0.51215,0.51448,0.51493,0.51383,0.51313,0.51802,0.51633,0.51772,0.51841,0.51727,0.51815,0.51624,0.51336,0.51891,0.51472,0.51381,0.51563,0.51372,0.51487,0.5167,0.51664,0.51349,0.51448,0.51837,0.51689,0.52081,0.51855,0.51843
Synth_Outdoor_H2S_36,H2S,1.0,1,0.56992,0.57497,0.58512,0.59749,0.60888,0.6203,0.64098,0.6561,0.67868,0.69949,0.7233,0.75064,0.772,0.80606,0.8237,0.854,0.88352,0.91066,0.93479,0.95973,0.98454,1.00529,1.03035,1.0486,1.06697,1.07938,1.09737,1.1114,1.12304,1.13878,1.14777,1.16096,1.16588,1.18118,1.18211,1.19148,1.19866,1.20024,1.20804,1.20636,1.21592,1.21455,1.21462,1.21638,1.2196,1.21612,1.21533,1.21578,1.21214,1.21803,1.21014,1.21135,1.20726,1.20169,1.20162,1.20109,1.19621,1.19723,1.19433,1.19141,1.18513,1.18065,1.17881,1.17776,1.17549,1.16553,1.16779,1.16509,1.16089,1.16173,1.15646,1.15563,1.14878,1.14863,1.1474,1.14367,1.13472,1.13392,1.13085,1.13022,1.12805,1.12156,1.12117,1.11339,1.11952,1.11224,1.11133,1.10814,1.10955,1.09727,1.10202,1.09956,1.09653,1.09992,1.09133,1.09348,1.0905,1.09082,1.08413,1.08212,1.08488,1.08141,1.07472,1.07556,1.07619,1.07567,1.07028,1.06318,1.07033,1.06458,1.0612,1.05786,1.06572,1.06275,1.06061,1.06337,1.0602,1.06135,1.05249,1.05459,1.04935,1.05131,1.05358,1.057,1.04968,1.0352,1.00914,0.97797,0.93221,0.89158,0.86349,0.83505,0.81788,0.79301,0.77395,0.75764,0.74566,0.72995,0.71648,0.71109,0.69462,0.68757,0.68059,0.66708,0.66525,0.65491,0.65362,0.64368,0.64279,0.63917,0.63425,0.62875,0.62388,0.61963,0.6216,0.61324,0.60964,0.61132,0.60527,0.60263,0.59928,0.59973,0.59887,0.59793,0.59802,0.59542,0.59216,0.59076,0.59122,0.5919,0.58786,0.58525,0.58285,0.58071,0.58501,0.58389,0.58298,0.58039,0.58344,0.57795,0.5808,0.57762,0.57554,0.57793,0.57686,0.57619,0.57496,0.57412,0.57967,0.57618,0.57457,0.57259,0.57439,0.57276,0.57112,0.56993,0.57012,0.56206,0.57018,0.5681,0.57301,0.56878,0.56547,0.56805,0.56527,0.56882,0.56811,0.56955,0.56496,0.56682,0.56311,0.56806,0.56738,0.56712,0.56569,0.56653,0.56933,0.56445,0.56533,0.56211,0.5625,0.56478,0.56715,0.56362,0.56353,0.56298,0.56254,0.56449,0.55989,0.56674,0.56176,0.56514,0.56005,0.56481,0.56474,0.56392,0.56037,0.56342,0.55975,0.562,0.56511,0.56445,0.56244,0.5599,0.56391,0.56232,0.55643,0.56415,0.5621,0.56513
Synth_Outdoor_H2S_37,H2S,1.0,1,0.51586,0.52172,0.52449,0.53588,0.55673,0.56278,0.58066,0.59423,0.60939,0.63449,0.65591,0.67843,0.7029,0.72822,0.7519,0.77394,0.80294,0.82103,0.84438,0.87416,0.89527,0.91436,0.93025,0.95,0.96786,0.98016,0.99695,1.01395,1.02823,1.03489,1.04807,1.05067,1.0654,1.06928,1.07882,1.08334,1.09244,1.09143,1.09895,1.09975,1.10256,1.10445,1.10429,1.10737,1.1078,1.10862,1.10777,1.10865,1.10774,1.10129,1.10444,1.09753,1.10005,1.09805,1.08947,1.09206,1.08806,1.08468,1.08719,1.0793,1.076,1.07527,1.07384,1.06881,1.06906,1.06457,1.05495,1.05627,1.05347,1.05342,1.04298,1.05323,1.0454,1.04179,1.04177,1.04207,1.03577,1.03341,1.02888,1.02574,1.02244,1.01922,1.01726,1.01329,1.01424,1.00805,1.01062,1.00793,1.00638,1.00275,1.00985,1.00365,0.99531,0.99717,0.99315,0.99025,0.98774,0.99055,0.98623,0.98884,0.98747,0.98698,0.97993,0.9818,0.98094,0.97702,0.97515,0.9799,0.97513,0.97476,0.96969,0.96732,0.96777,0.96782,0.96438,0.96584,0.96036,0.96043,0.96355,0.96207,0.95831,0.95536,0.95752,0.96048,0.9579,0.94437,0.91711,0.88399,0.85164,0.81347,0.78603,0.76717,0.74512,0.72486,0.70457,0.69322,0.68174,0.66584,0.65896,0.64865,0.6403,0.62841,0.62133,0.61629,0.60737,0.59906,0.59375,0.59049,0.58207,0.58071,0.57991,0.5681,0.57408,0.56995,0.56311,0.56294,0.55907,0.55984,0.55706,0.5491,0.55218,0.54839,0.54742,0.54381,0.54849,0.54535,0.53958,0.53685,0.53804,0.53896,0.53743,0.53896,0.53685,0.53641,0.53395,0.52885,0.53105,0.53343,0.52994,0.53065,0.52799,0.52561,0.5273,0.52784,0.52491,0.52546,0.52324,0.52794,0.52399,0.52792,0.5277,0.52331,0.52064,0.51761,0.51885,0.51877,0.52531,0.52185,0.52225,0.51544,0.51774,0.52273,0.52102,0.51973,0.5213,0.52381,0.51897,0.5195,0.51961,0.52491,0.51351,0.52031,0.51815,0.51973,0.51654,0.51795,0.51973,0.52561,0.51972,0.51546,0.51642,0.51626,0.51281,0.51637,0.51893,0.51381,0.51952,0.51805,0.51492,0.51633,0.52062,0.51838,0.51651,0.51585,0.5166,0.51509,0.51106,0.5214,0.51665,0.51722,0.51604,0.51433,0.51567,0.51213,0.52179,0.51302,0.51351,0.51497,0.51926,0.51605
Synth_Outdoor_H2S_38,H2S,5.0,1,0.58423,0.58954,0.59766,0.61143,0.62236,0.62885,0.64988,0.66377,0.68265,0.69723,0.72241,0.74329,0.77079,0.79554,0.81227,0.84207,0.86935,0.88998,0.91543,0.93667,0.95775,0.97617,0.99259,1.01033,1.03107,1.04434,1.05778,1.06984,1.08195,1.09633,1.10313,1.11006,1.12378,1.12899,1.13624,1.14607,1.14709,1.1522,1.15216,1.15746,1.1617,1.15776,1.16311,1.16345,1.16354,1.16595,1.1638,1.16589,1.15858,1.15998,1.15823,1.15362,1.15694,1.15844,1.15043,1.1493,1.1455,1.1405,1.13466,1.13441,1.12974,1.13457,1.12719,1.12384,1.12415,1.11631,1.11437,1.11363,1.11316,1.10897,1.10542,1.10202,1.09982,1.09628,1.09023,1.09008,1.08462,1.08506,1.08134,1.08662,1.07788,1.07216,1.07297,1.07224,1.0729,1.06518,1.06073,1.06481,1.05743,1.05788,1.05634,1.05486,1.05492,1.04975,1.04913,1.04821,1.04709,1.04537,1.04453,1.04381,1.041,1.03955,1.03299,1.03579,1.03567,1.03516,1.03044,1.02922,1.02809,1.02947,1.02931,1.02438,1.02641,1.0233,1.02155,1.02007,1.02116,1.01875,1.02231,1.01321,1.01542,1.01142,1.01253,1.01564,1.0106,1.00317,0.97186,0.93842,0.90665,0.86602,0.84334,0.82064,0.8022,0.78445,0.76444,0.75064,0.73583,0.7229,0.71558,0.70166,0.69472,0.68498,0.68125,0.67744,0.66334,0.65618,0.65519,0.65067,0.6467,0.64092,0.6377,0.63558,0.63401,0.62351,0.62467,0.62353,0.61829,0.62264,0.61458,0.61406,0.61367,0.60904,0.60424,0.60623,0.60841,0.60362,0.60104,0.60424,0.59993,0.59839,0.59898,0.59954,0.60263,0.59786,0.59786,0.59287,0.5908,0.59278,0.59217,0.58854,0.59017,0.59102,0.59035,0.59014,0.58906,0.58654,0.58605,0.58388,0.59091,0.58606,0.58506,0.5829,0.59217,0.58177,0.58304,0.58483,0.58497,0.58557,0.58742,0.5839,0.57974,0.58149,0.58264,0.58681,0.57789,0.58416,0.58138,0.58283,0.58027,0.57824,0.58203,0.58161,0.58223,0.57961,0.57799,0.57545,0.58123,0.58011,0.57649,0.57741,0.57745,0.57479,0.57633,0.57543,0.57714,0.57622,0.57389,0.58291,0.5809,0.57575,0.5783,0.57859,0.58043,0.5753,0.58,0.57583,0.57379,0.57889,0.58027,0.58345,0.57392,0.5786,0.57579,0.57872,0.57304,0.57352,0.57471,0.57682,0.57501,0.57825
Synth_Outdoor_H2S_39,H2S,5.0,1,0.59101,0.59433,0.59859,0.61541,0.62288,0.6414,0.65952,0.67502,0.69023,0.71339,0.74213,0.76277,0.78871,0.81639,0.84264,0.86806,0.89311,0.91867,0.94674,0.97014,0.99109,1.01613,1.03349,1.05075,1.06873,1.08478,1.10198,1.11995,1.12793,1.14246,1.15128,1.16215,1.16798,1.17939,1.18682,1.19536,1.2007,1.20264,1.21301,1.21468,1.21774,1.21968,1.22025,1.2234,1.22495,1.21985,1.22278,1.22302,1.22348,1.22471,1.21845,1.21758,1.21572,1.2129,1.21173,1.21231,1.20545,1.20673,1.1989,1.19914,1.19689,1.19898,1.19117,1.1834,1.1809,1.18295,1.18137,1.17771,1.17415,1.17365,1.16635,1.16681,1.15743,1.15629,1.15126,1.15245,1.15057,1.1486,1.14606,1.14111,1.14039,1.13451,1.13902,1.13229,1.12929,1.13201,1.12256,1.12058,1.11847,1.11898,1.11826,1.11723,1.1201,1.10644,1.11206,1.10758,1.1059,1.1042,1.10179,1.10647,1.10251,1.09861,1.10003,1.0909,1.08948,1.08569,1.08784,1.08853,1.087,1.08578,1.08047,1.08455,1.08166,1.08143,1.07341,1.07746,1.07228,1.07297,1.07425,1.07232,1.06917,1.0703,1.06893,1.07682,1.06745,1.05491,1.02497,0.99101,0.95185,0.918,0.88383,0.86207,0.83719,0.81324,0.79886,0.78122,0.76968,0.75342,0.74673,0.7333,0.72315,0.71616,0.70864,0.69862,0.68985,0.68104,0.678,0.67288,0.66982,0.66421,0.66264,0.65559,0.65347,0.65333,0.64819,0.64435,0.64036,0.63783,0.63501,0.63368,0.63493,0.63063,0.62605,0.63221,0.62703,0.62126,0.6223,0.62242,0.6252,0.61704,0.62117,0.6212,0.61516,0.61511,0.61235,0.61359,0.61324,0.61426,0.61464,0.60939,0.60573,0.60998,0.61021,0.60954,0.60761,0.60825,0.61128,0.608,0.60568,0.60494,0.60541,0.60957,0.60468,0.60478,0.60334,0.60701,0.60891,0.60487,0.60372,0.60334,0.59705,0.60467,0.60293,0.60349,0.60049,0.60116,0.60094,0.60437,0.60073,0.60674,0.60248,0.59807,0.60081,0.59942,0.59545,0.60487,0.60253,0.60202,0.60104,0.59709,0.59926,0.60253,0.59774,0.59401,0.5997,0.59988,0.60054,0.60196,0.60168,0.6007,0.60304,0.59627,0.60132,0.60162,0.59696,0.5963,0.59818,0.59838,0.60196,0.59858,0.598,0.59865,0.60301,0.60028,0.5998,0.59997,0.6035,0.59843,0.60364,0.60093
Synth_Outdoor_H2S_40,H2S,5.0,1,0.68546,0.69865,0.6983,0.71061,0.72099,0.74132,0.75972,0.77812,0.79736,0.81596,0.83929,0.8611,0.89653,0.91946,0.94427,0.97609,0.99736,1.02733,1.05162,1.07837,1.1002,1.11897,1.14362,1.16555,1.18097,1.19987,1.21098,1.22801,1.23984,1.25547,1.26481,1.27663,1.28689,1.29438,1.30092,1.30448,1.31277,1.31632,1.32083,1.32404,1.32516,1.32484,1.32967,1.333,1.32986,1.33353,1.33811,1.33539,1.33608,1.33174,1.33222,1.32575,1.32402,1.31662,1.32409,1.3225,1.31465,1.31259,1.30838,1.30809,1.30675,1.29626,1.29832,1.29331,1.29104,1.28875,1.28408,1.28132,1.27815,1.2782,1.27398,1.27064,1.26403,1.26348,1.26405,1.25951,1.25891,1.25963,1.25575,1.25117,1.24719,1.2395,1.24279,1.23978,1.23904,1.23515,1.23227,1.22627,1.22609,1.22746,1.22844,1.22182,1.22073,1.22017,1.21374,1.21484,1.21033,1.21272,1.20941,1.2083,1.20402,1.20612,1.20791,1.19861,1.19878,1.19882,1.19898,1.19449,1.18768,1.197,1.19433,1.18691,1.18858,1.19289,1.19146,1.18903,1.18512,1.18465,1.183,1.18506,1.17896,1.1778,1.1847,1.1832,1.18069,1.15939,1.13441,1.09735,1.06009,1.01743,0.98898,0.96088,0.94343,0.92313,0.89874,0.88996,0.87799,0.8584,0.84445,0.84199,0.82147,0.81553,0.80745,0.80262,0.79308,0.78449,0.77745,0.77357,0.76692,0.76497,0.75924,0.75301,0.75629,0.74858,0.74358,0.74347,0.74137,0.73435,0.73721,0.73155,0.73639,0.73152,0.7274,0.72486,0.7249,0.72524,0.72227,0.7205,0.71998,0.71715,0.71669,0.71129,0.71794,0.71529,0.71173,0.71759,0.71227,0.7087,0.71274,0.71093,0.71027,0.7076,0.70921,0.70689,0.70842,0.70177,0.70499,0.70994,0.70327,0.70326,0.70325,0.70098,0.69817,0.70278,0.7034,0.70265,0.70214,0.70234,0.70452,0.70124,0.70006,0.70055,0.70249,0.70438,0.69911,0.70076,0.70121,0.69774,0.70013,0.69626,0.69539,0.7006,0.69861,0.69996,0.6993,0.6968,0.69902,0.69596,0.70245,0.6955,0.69831,0.69612,0.70009,0.69778,0.69726,0.70064,0.69853,0.69971,0.69592,0.69485,0.69862,0.69753,0.69985,0.69807,0.69875,0.69416,0.70294,0.69782,0.69998,0.69614,0.69901,0.69502,0.69942,0.69743,0.69844,0.70012,0.69534,0.69675,0.69966,0.70382
Synth_Outdoor_H2S_41,H2S,5.0,1,0.68015,0.69136,0.69017,0.70475,0.71238,0.72437,0.7472,0.76439,0.7827,0.80413,0.83453,0.84973,0.87617,0.89844,0.92637,0.95068,0.97575,1.00637,1.02906,1.04979,1.0659,1.09172,1.11908,1.13013,1.15056,1.1672,1.17863,1.18925,1.19742,1.21634,1.22278,1.23462,1.23973,1.25015,1.25811,1.26515,1.26736,1.27809,1.27777,1.27844,1.28505,1.28746,1.28935,1.29359,1.29059,1.29162,1.28944,1.29384,1.29124,1.28819,1.2826,1.28895,1.28014,1.27949,1.27947,1.2729,1.26931,1.26475,1.2688,1.26253,1.26812,1.25523,1.25243,1.25035,1.24941,1.2447,1.24447,1.23752,1.23356,1.22959,1.22569,1.22709,1.22481,1.22117,1.22298,1.22017,1.2137,1.20759,1.20836,1.2061,1.20389,1.20172,1.19965,1.19813,1.19532,1.19513,1.19326,1.18789,1.19114,1.18329,1.17954,1.18246,1.17751,1.17849,1.16991,1.17765,1.17405,1.1668,1.1651,1.17128,1.16362,1.16174,1.15656,1.15973,1.15847,1.15932,1.15251,1.15076,1.15436,1.15444,1.14672,1.15212,1.1483,1.14971,1.14552,1.13818,1.14295,1.14482,1.13875,1.13883,1.13808,1.12982,1.1434,1.1382,1.1363,1.11999,1.09879,1.0641,1.02539,0.98716,0.96227,0.93133,0.91613,0.89254,0.88116,0.86287,0.85003,0.83588,0.81969,0.81134,0.80554,0.79546,0.78993,0.78061,0.77045,0.76471,0.76131,0.75009,0.75531,0.74786,0.74576,0.73499,0.73857,0.73782,0.72596,0.72841,0.72393,0.71764,0.72047,0.71921,0.71362,0.71615,0.70729,0.70608,0.70862,0.70688,0.70366,0.70618,0.70425,0.70389,0.70033,0.7011,0.69747,0.70276,0.69468,0.70112,0.69512,0.69085,0.69699,0.69317,0.69429,0.69457,0.69172,0.68882,0.6922,0.68928,0.69052,0.68293,0.68896,0.68577,0.69103,0.68802,0.68666,0.68693,0.68289,0.68912,0.68974,0.68545,0.68815,0.68244,0.68158,0.68342,0.68415,0.68184,0.68394,0.68313,0.67963,0.68318,0.68384,0.68192,0.68419,0.6781,0.68212,0.67785,0.67783,0.67889,0.67799,0.67884,0.67955,0.68206,0.67901,0.67571,0.6824,0.67736,0.67922,0.6804,0.67968,0.68183,0.68017,0.67672,0.68421,0.67917,0.67826,0.68097,0.67911,0.67944,0.68461,0.67764,0.67747,0.6785,0.68085,0.67437,0.6732,0.67664,0.67402,0.677,0.6793,0.67579,0.67442,0.67813
Synth_Outdoor_H2S_42,H2S,5.0,1,0.46391,0.47039,0.47929,0.49059,0.50577,0.51448,0.53252,0.54996,0.5716,0.59773,0.61428,0.64042,0.6719,0.69762,0.72119,0.75141,0.77713,0.80655,0.82875,0.85584,0.88343,0.90059,0.92012,0.94135,0.9568,0.9805,0.99049,1.00359,1.01527,1.0321,1.04252,1.04916,1.06091,1.06391,1.07549,1.08261,1.09135,1.08995,1.09272,1.0972,1.09906,1.10823,1.11062,1.1088,1.11168,1.10888,1.10773,1.10636,1.1054,1.10099,1.10383,1.10108,1.10073,1.0965,1.09317,1.08866,1.08821,1.08696,1.07921,1.07909,1.07615,1.07051,1.06765,1.0665,1.05992,1.0605,1.05421,1.05587,1.05576,1.04451,1.04482,1.03843,1.03977,1.03104,1.03252,1.02632,1.02527,1.02058,1.02268,1.01599,1.01699,1.01229,1.01037,1.00856,1.00382,1.0039,1.0049,0.9969,0.99955,0.99821,0.9904,0.98681,0.98924,0.98526,0.98951,0.98316,0.97927,0.97671,0.9807,0.97486,0.97469,0.97528,0.96998,0.96944,0.96798,0.9683,0.96664,0.96313,0.96226,0.95956,0.95507,0.95773,0.96017,0.95164,0.95044,0.94888,0.95154,0.94959,0.9469,0.94385,0.94529,0.93985,0.94663,0.94988,0.93887,0.92254,0.90455,0.86495,0.83055,0.78906,0.75863,0.73479,0.70899,0.69142,0.67208,0.65344,0.64287,0.62803,0.61619,0.60254,0.59948,0.5885,0.5803,0.56943,0.55882,0.56157,0.55062,0.5435,0.54145,0.53877,0.53157,0.53095,0.52684,0.51809,0.51597,0.51714,0.50526,0.50917,0.50359,0.50379,0.50218,0.50011,0.49783,0.49477,0.50165,0.4991,0.4901,0.49559,0.48937,0.48949,0.48787,0.48532,0.48843,0.48534,0.48292,0.47997,0.48017,0.47752,0.48089,0.47716,0.47882,0.48226,0.48121,0.47755,0.47685,0.48124,0.47731,0.47473,0.47154,0.47566,0.47633,0.47227,0.4742,0.47219,0.4723,0.46622,0.47159,0.47429,0.47001,0.47145,0.46916,0.47171,0.47004,0.46801,0.47348,0.47227,0.46823,0.47078,0.47069,0.47078,0.46478,0.47138,0.46729,0.4677,0.47503,0.46906,0.46723,0.46257,0.47144,0.4645,0.46525,0.46684,0.4711,0.46941,0.46703,0.46814,0.4658,0.46758,0.46732,0.46948,0.46942,0.46819,0.46603,0.46876,0.46664,0.46412,0.46576,0.46693,0.46896,0.46621,0.46366,0.46681,0.46698,0.46716,0.46898,0.46922,0.46518,0.46512,0.46406,0.46841
Synth_Outdoor_H2S_43,H2S,5.0,1,0.50293,0.51403,0.52058,0.53146,0.54057,0.56093,0.57432,0.59307,0.61609,0.63814,0.66315,0.68543,0.71777,0.7453,0.76514,0.80013,0.82319,0.85441,0.87841,0.90391,0.92742,0.95378,0.96922,0.99401,1.01396,1.03034,1.05041,1.05815,1.07566,1.08578,1.10085,1.10831,1.11668,1.12926,1.1321,1.13634,1.14439,1.15237,1.15883,1.15957,1.1659,1.16197,1.16625,1.16805,1.16942,1.17053,1.17241,1.16971,1.17105,1.17009,1.16696,1.16761,1.16578,1.16364,1.16179,1.1593,1.15513,1.15621,1.1467,1.14427,1.14939,1.13619,1.13176,1.13332,1.12255,1.12343,1.12558,1.11266,1.108,1.10584,1.10866,1.10619,1.0992,1.09938,1.09827,1.09639,1.08844,1.08047,1.08135,1.07956,1.07725,1.0747,1.07518,1.07276,1.06633,1.06672,1.0622,1.05894,1.05867,1.05434,1.05715,1.04634,1.04658,1.04547,1.04483,1.04484,1.03957,1.03407,1.0378,1.03568,1.02701,1.02995,1.02414,1.02475,1.02253,1.02523,1.02197,1.01693,1.02082,1.01356,1.01661,1.01253,1.01249,1.01356,1.01258,1.01363,1.0091,1.0091,1.00628,1.00685,1.00649,1.0039,1.00221,1.00897,1.00322,0.98452,0.95639,0.92807,0.88555,0.84428,0.8106,0.78526,0.76739,0.74375,0.7234,0.70926,0.69079,0.68284,0.66999,0.65409,0.64333,0.6289,0.62308,0.61554,0.612,0.60422,0.59559,0.59271,0.58961,0.585,0.57464,0.5751,0.56827,0.57056,0.56708,0.55995,0.55755,0.55577,0.54891,0.55316,0.54953,0.55067,0.54367,0.54315,0.53931,0.53907,0.5372,0.54129,0.53577,0.53664,0.53426,0.53097,0.53273,0.5337,0.52829,0.53244,0.52745,0.52758,0.52939,0.5257,0.5268,0.52528,0.52582,0.51897,0.5198,0.52541,0.526,0.52067,0.5219,0.52281,0.5234,0.51622,0.51871,0.51976,0.52202,0.52623,0.51913,0.51591,0.52016,0.52221,0.51894,0.51615,0.5206,0.51967,0.51527,0.51862,0.52001,0.52033,0.51704,0.51615,0.51997,0.51373,0.51773,0.51309,0.51909,0.51569,0.5194,0.51739,0.51302,0.51954,0.51978,0.51804,0.51388,0.51495,0.51602,0.51387,0.51983,0.51592,0.50878,0.51637,0.51462,0.51527,0.51453,0.51749,0.51828,0.51617,0.51461,0.51534,0.51548,0.51342,0.51689,0.51662,0.51933,0.51864,0.51383,0.51765,0.51327,0.51743,0.51445,0.51322
Synth_Outdoor_H2S_44,H2S,5.0,1,0.49208,0.50241,0.51145,0.52071,0.53007,0.54668,0.56608,0.58479,0.60326,0.6277,0.64868,0.66978,0.69573,0.71829,0.74727,0.77619,0.80081,0.82783,0.84813,0.87583,0.89441,0.91969,0.93577,0.95607,0.97524,0.98723,1.00335,1.02011,1.02947,1.03829,1.05758,1.06057,1.07069,1.08086,1.08329,1.08839,1.0968,1.0962,1.10372,1.10816,1.10938,1.1081,1.11723,1.11425,1.11785,1.11351,1.11156,1.11377,1.1116,1.10786,1.11279,1.1055,1.10018,1.10573,1.09874,1.09607,1.09073,1.09701,1.0869,1.08761,1.087,1.08297,1.07893,1.07188,1.07103,1.0704,1.06487,1.06438,1.06276,1.06078,1.05278,1.05877,1.05257,1.04798,1.04805,1.04864,1.03657,1.03709,1.02921,1.03313,1.03104,1.02751,1.02352,1.01761,1.02133,1.0218,1.01448,1.0149,1.00767,1.01055,1.00637,1.0035,1.00172,1.00098,1.00132,0.99552,0.99619,0.99546,0.99118,0.99675,0.98849,0.98734,0.98496,0.99026,0.98561,0.9804,0.98401,0.98024,0.97886,0.97586,0.9734,0.97477,0.9714,0.97627,0.96764,0.9737,0.96857,0.96856,0.96882,0.96411,0.96674,0.95648,0.96367,0.96425,0.95768,0.9449,0.92115,0.88866,0.84974,0.81028,0.78328,0.75806,0.73829,0.71838,0.699,0.68088,0.66721,0.65451,0.64332,0.63407,0.62542,0.61458,0.60658,0.59943,0.59096,0.58369,0.57591,0.57333,0.57145,0.56406,0.56111,0.55909,0.55573,0.54848,0.55065,0.54817,0.5399,0.53822,0.54098,0.53551,0.52833,0.5285,0.52962,0.52569,0.52601,0.52568,0.52788,0.52221,0.52437,0.52409,0.52299,0.51905,0.51243,0.51754,0.51811,0.51445,0.5182,0.51523,0.51375,0.51435,0.51182,0.50411,0.50849,0.51216,0.50659,0.50754,0.50498,0.5116,0.51093,0.50409,0.50626,0.50378,0.50662,0.50599,0.50639,0.50486,0.51107,0.50087,0.49888,0.50189,0.4987,0.49863,0.49963,0.49961,0.4993,0.50278,0.50002,0.50063,0.50314,0.4988,0.49989,0.50131,0.49539,0.49413,0.5008,0.50103,0.50485,0.49997,0.50151,0.49885,0.49999,0.5033,0.49373,0.49998,0.5042,0.49947,0.50282,0.49703,0.49846,0.49857,0.49289,0.49545,0.49557,0.50028,0.50034,0.49891,0.50012,0.4976,0.50099,0.49799,0.49809,0.49726,0.49963,0.49689,0.50037,0.49508,0.49515,0.49958,0.49761,0.49665
Synth_Outdoor_H2S_45,H2S,5.0,1,0.45072,0.46129,0.47029,0.4811,0.48925,0.50824,0.51971,0.53866,0.55572,0.58811,0.60554,0.63237,0.65635,0.68693,0.71118,0.73574,0.76671,0.78812,0.81493,0.83614,0.8611,0.88709,0.90234,0.92276,0.94423,0.95933,0.98086,0.99455,1.00083,1.01642,1.02799,1.03482,1.0418,1.05383,1.06086,1.0668,1.0748,1.07684,1.08008,1.08672,1.09019,1.08838,1.09508,1.08915,1.0923,1.09272,1.09093,1.08995,1.09459,1.08606,1.09234,1.08517,1.0819,1.08032,1.0827,1.07104,1.06778,1.06569,1.0646,1.05716,1.05855,1.05979,1.05294,1.04887,1.0452,1.04616,1.03904,1.04294,1.04037,1.03334,1.02977,1.02946,1.02672,1.0191,1.01702,1.01232,1.014,1.01201,1.00436,1.00403,0.99928,0.99787,0.99902,0.99336,0.99207,0.98645,0.98876,0.98599,0.98213,0.98135,0.98016,0.97558,0.97187,0.97809,0.97002,0.96936,0.97017,0.97452,0.96067,0.96309,0.95844,0.9572,0.95519,0.95265,0.95389,0.94885,0.95345,0.94975,0.94915,0.94538,0.94404,0.94404,0.93887,0.93944,0.93678,0.93537,0.93104,0.93836,0.93199,0.93539,0.93417,0.92719,0.93029,0.94096,0.93348,0.91366,0.8889,0.85295,0.81731,0.77665,0.74331,0.72008,0.70128,0.67859,0.66348,0.64491,0.63115,0.62208,0.60864,0.59715,0.58946,0.57941,0.57354,0.56119,0.55436,0.54585,0.54226,0.54045,0.53644,0.53113,0.52015,0.52356,0.51274,0.51632,0.51011,0.50996,0.50226,0.50607,0.49722,0.49708,0.49426,0.49049,0.49337,0.49601,0.49663,0.48877,0.48998,0.48648,0.48594,0.4827,0.48297,0.4828,0.47906,0.47941,0.47858,0.47997,0.47448,0.4763,0.48051,0.47799,0.47782,0.47389,0.47404,0.47521,0.47612,0.46686,0.46801,0.47413,0.46976,0.46838,0.46654,0.46795,0.46551,0.47392,0.46835,0.46795,0.4693,0.46996,0.46966,0.46975,0.46528,0.46589,0.46838,0.46495,0.46609,0.46695,0.46776,0.4612,0.4673,0.46477,0.46699,0.46703,0.469,0.46827,0.46816,0.46832,0.46537,0.46465,0.46667,0.46624,0.46356,0.46529,0.46414,0.46205,0.46739,0.46426,0.46922,0.46,0.46263,0.46407,0.4668,0.46494,0.46472,0.46111,0.46103,0.46474,0.46052,0.46259,0.46519,0.46149,0.46797,0.46701,0.46003,0.46166,0.45831,0.46211,0.46603,0.46313,0.46537,0.46048
Synth_Outdoor_H2S_46,H2S,5.0,1,0.44612,0.45202,0.45714,0.4674,0.48456,0.49722,0.51451,0.53011,0.54876,0.56478,0.59053,0.61447,0.6437,0.66551,0.693,0.71614,0.73818,0.76503,0.7894,0.80961,0.83306,0.8544,0.87859,0.8878,0.91325,0.9239,0.93769,0.95777,0.96915,0.98192,0.99122,1.00382,1.0087,1.01479,1.02327,1.03211,1.03297,1.03853,1.04369,1.04264,1.05105,1.04829,1.05482,1.05798,1.05523,1.06079,1.0527,1.05888,1.05708,1.05046,1.06053,1.05224,1.04846,1.04513,1.04602,1.04413,1.04248,1.03922,1.03932,1.03438,1.02794,1.02979,1.02165,1.02573,1.01949,1.01942,1.01936,1.01062,1.01262,1.00615,1.00905,1.00121,0.99754,0.99896,0.99378,0.99035,0.98897,0.98785,0.98907,0.97856,0.98117,0.98039,0.97705,0.9776,0.97187,0.96921,0.96864,0.96478,0.96096,0.96078,0.95566,0.95373,0.95205,0.95509,0.94204,0.94951,0.94704,0.94124,0.94474,0.94362,0.94236,0.93279,0.9414,0.93486,0.93721,0.93623,0.93113,0.93395,0.93019,0.92473,0.93155,0.92534,0.92377,0.92352,0.92391,0.92189,0.92221,0.91641,0.91685,0.91738,0.92146,0.91524,0.92052,0.91905,0.9121,0.89761,0.87292,0.84199,0.80659,0.76714,0.73962,0.70938,0.68859,0.66795,0.65263,0.63479,0.62289,0.60546,0.59581,0.58643,0.56953,0.57087,0.55653,0.54457,0.54305,0.5363,0.53011,0.52736,0.52174,0.51601,0.51212,0.50678,0.50781,0.49629,0.49719,0.49407,0.49321,0.48655,0.48193,0.48447,0.48273,0.48384,0.47514,0.47951,0.48098,0.47265,0.46897,0.4699,0.46972,0.46992,0.46594,0.47027,0.46263,0.46018,0.46644,0.45717,0.46156,0.46914,0.46061,0.45716,0.45918,0.45862,0.45859,0.45932,0.45457,0.4609,0.45683,0.45764,0.45431,0.45915,0.45534,0.45673,0.45375,0.45365,0.45791,0.45513,0.45416,0.45474,0.45815,0.45488,0.45621,0.45659,0.45181,0.45298,0.45755,0.45492,0.45946,0.45928,0.45872,0.46152,0.45682,0.4587,0.45567,0.46331,0.46219,0.45731,0.4583,0.46079,0.45707,0.45585,0.45973,0.45779,0.45811,0.45562,0.45346,0.4584,0.46012,0.45734,0.46155,0.45625,0.45543,0.45795,0.45796,0.46015,0.45634,0.46175,0.46329,0.45833,0.46161,0.45589,0.46127,0.46126,0.46085,0.4587,0.45141,0.45724,0.45733,0.4565,0.45931,0.45801
Synth_Outdoor_H2S_47,H2S,5.0,1,0.4352,0.44294,0.44273,0.44842,0.45499,0.46458,0.47343,0.47431,0.49523,0.50807,0.51473,0.52879,0.54492,0.55983,0.57879,0.59057,0.61041,0.63528,0.64765,0.67178,0.6882,0.70119,0.7253,0.74084,0.75672,0.77447,0.79019,0.80509,0.81968,0.83031,0.83753,0.85067,0.86931,0.87311,0.88584,0.89136,0.89576,0.90259,0.90783,0.90915,0.91856,0.92602,0.92553,0.93165,0.93593,0.93429,0.93781,0.93848,0.94066,0.94088,0.94296,0.94964,0.94454,0.9476,0.94623,0.95049,0.9507,0.94931,0.94749,0.9456,0.94253,0.94952,0.94169,0.94414,0.94397,0.93863,0.94123,0.9391,0.94012,0.93332,0.92999,0.9308,0.93147,0.92995,0.92761,0.92258,0.92733,0.92989,0.92487,0.92396,0.92258,0.92083,0.92082,0.91816,0.91514,0.91276,0.91296,0.91313,0.91032,0.91064,0.9097,0.90941,0.90933,0.90513,0.90045,0.90158,0.90127,0.89527,0.90204,0.89757,0.8968,0.89793,0.89174,0.89365,0.89089,0.88966,0.88724,0.89233,0.8862,0.8879,0.88056,0.88735,0.88611,0.88274,0.88098,0.88158,0.88539,0.87437,0.87986,0.87476,0.87615,0.87453,0.87638,0.87877,0.87103,0.86254,0.83228,0.80725,0.7699,0.73289,0.7083,0.68037,0.66341,0.64098,0.62877,0.61004,0.59743,0.58677,0.57273,0.56417,0.55109,0.54784,0.54276,0.53809,0.52471,0.52035,0.50833,0.51141,0.50486,0.49733,0.49759,0.49013,0.48616,0.48527,0.47843,0.48086,0.47306,0.47067,0.46877,0.47084,0.46544,0.46176,0.46185,0.46164,0.45721,0.45585,0.46264,0.45394,0.45408,0.45281,0.45157,0.45317,0.45302,0.44897,0.44579,0.45125,0.44703,0.45083,0.44018,0.44561,0.44928,0.44298,0.44272,0.44347,0.44079,0.44089,0.44032,0.43909,0.44326,0.44089,0.43994,0.44095,0.43789,0.43624,0.43629,0.43744,0.43443,0.43549,0.43515,0.44146,0.42895,0.43516,0.43967,0.43539,0.43671,0.43484,0.43267,0.42851,0.4344,0.43173,0.43147,0.43201,0.43743,0.43891,0.43324,0.43137,0.42941,0.43335,0.43647,0.43123,0.42574,0.4332,0.43384,0.42728,0.43155,0.43211,0.43068,0.42876,0.43314,0.42946,0.42663,0.42507,0.43321,0.43149,0.43005,0.42863,0.42831,0.42686,0.42842,0.42417,0.4276,0.42863,0.4309,0.42924,0.4313,0.43265,0.43189,0.43039,0.42921,0.4267
Synth_Outdoor_H2S_48,H2S,5.0,1,0.59484,0.60223,0.59824,0.60495,0.61692,0.62364,0.63548,0.64256,0.65207,0.66659,0.67739,0.69364,0.71519,0.73227,0.74921,0.76298,0.78605,0.8041,0.83065,0.84692,0.86628,0.88947,0.90775,0.93248,0.94573,0.96213,0.97744,0.9989,1.01271,1.02467,1.0443,1.05514,1.06468,1.07862,1.08647,1.09146,1.09903,1.11128,1.11739,1.1235,1.12712,1.13638,1.13794,1.14397,1.15187,1.15028,1.15131,1.15556,1.16316,1.16342,1.16425,1.16483,1.16866,1.16651,1.1703,1.16839,1.16823,1.16892,1.16941,1.16995,1.17037,1.16018,1.16688,1.16733,1.17133,1.16406,1.16615,1.16826,1.15993,1.16279,1.1585,1.15814,1.15644,1.15573,1.16345,1.15759,1.15694,1.15402,1.1474,1.15109,1.15146,1.14535,1.1486,1.14664,1.14823,1.14136,1.13857,1.13946,1.1429,1.13356,1.13151,1.13527,1.13232,1.13207,1.13352,1.12927,1.12569,1.13528,1.12732,1.1266,1.1313,1.12678,1.12671,1.12707,1.12753,1.12287,1.12638,1.11617,1.12237,1.11723,1.12162,1.11741,1.11428,1.11658,1.11618,1.11467,1.10965,1.11007,1.11028,1.10916,1.11008,1.10186,1.11028,1.11014,1.10281,1.08666,1.06086,1.01648,0.98283,0.9419,0.91301,0.88252,0.85982,0.84254,0.8217,0.8039,0.78455,0.77279,0.75784,0.74609,0.73679,0.72439,0.7206,0.70823,0.70265,0.69784,0.69045,0.67852,0.67776,0.6738,0.66931,0.66007,0.65728,0.65777,0.65002,0.64807,0.64985,0.64309,0.63887,0.63615,0.63694,0.63071,0.6315,0.63116,0.63188,0.62874,0.62381,0.62714,0.62213,0.61853,0.61999,0.62288,0.61863,0.61727,0.6204,0.61184,0.61139,0.60974,0.61394,0.61269,0.61547,0.61158,0.60935,0.60976,0.6095,0.60448,0.61491,0.60895,0.60773,0.6083,0.60809,0.60555,0.60395,0.60666,0.60574,0.60244,0.60769,0.60455,0.60531,0.6067,0.60301,0.60348,0.60448,0.60043,0.60213,0.60208,0.59913,0.60712,0.59759,0.59766,0.60402,0.60236,0.59784,0.60177,0.60376,0.59988,0.60631,0.59535,0.60123,0.60228,0.60146,0.5986,0.59828,0.60001,0.60086,0.6002,0.60117,0.59592,0.59781,0.59593,0.59724,0.60065,0.59831,0.60448,0.59838,0.59799,0.59804,0.59611,0.5975,0.60039,0.59778,0.59543,0.59504,0.59625,0.59757,0.60038,0.59406,0.59663,0.5978,0.59287
Synth_Outdoor_H2S_49,H2S,5.0,1,0.44019,0.44559,0.4487,0.45276,0.46132,0.47177,0.47973,0.4801,0.49672,0.50628,0.51958,0.53162,0.54722,0.56244,0.57646,0.59223,0.61047,0.62971,0.64839,0.66688,0.68141,0.7011,0.72021,0.73767,0.75096,0.76617,0.78197,0.79252,0.80797,0.82249,0.83357,0.84192,0.85317,0.86009,0.87288,0.87928,0.88647,0.89327,0.90043,0.90534,0.91347,0.91574,0.9252,0.92888,0.92654,0.93216,0.93324,0.93657,0.94451,0.94051,0.94372,0.94537,0.94236,0.94336,0.94289,0.94386,0.93893,0.94727,0.95073,0.94551,0.94117,0.94292,0.94335,0.94192,0.94662,0.94636,0.94098,0.945,0.94624,0.94639,0.94788,0.93739,0.9456,0.93649,0.93464,0.93569,0.93214,0.93328,0.92761,0.92892,0.93138,0.92666,0.92575,0.92519,0.92553,0.91706,0.92115,0.91752,0.91735,0.91868,0.9125,0.91277,0.9105,0.91402,0.91856,0.91455,0.911,0.91252,0.90936,0.90956,0.91255,0.90786,0.91285,0.90914,0.90872,0.90687,0.9085,0.90742,0.90513,0.90462,0.90156,0.90219,0.89855,0.89768,0.89509,0.89266,0.89009,0.89118,0.89167,0.8899,0.88265,0.88771,0.88581,0.88923,0.88015,0.86844,0.84523,0.80939,0.77895,0.74546,0.71324,0.69322,0.66813,0.65171,0.62695,0.62311,0.60684,0.58976,0.57405,0.56924,0.55539,0.5514,0.54337,0.53271,0.53118,0.52427,0.51906,0.51144,0.5031,0.50465,0.49744,0.49089,0.49426,0.49292,0.48457,0.48725,0.47946,0.47583,0.47291,0.47646,0.46842,0.47035,0.46535,0.46397,0.46614,0.46117,0.45974,0.46231,0.46223,0.45867,0.45432,0.45367,0.45416,0.45385,0.4497,0.45314,0.45073,0.44545,0.44669,0.44706,0.44748,0.45173,0.447,0.44372,0.44581,0.44386,0.44505,0.4452,0.4463,0.44274,0.44647,0.44424,0.43981,0.44674,0.44166,0.43839,0.44427,0.44496,0.43936,0.43788,0.43841,0.44035,0.44147,0.43942,0.43802,0.44124,0.43646,0.43959,0.43606,0.43763,0.43602,0.43594,0.43494,0.43902,0.4336,0.43338,0.44031,0.43729,0.4287,0.4331,0.42983,0.43183,0.42621,0.43355,0.43087,0.43374,0.42938,0.43353,0.43214,0.43678,0.43641,0.4347,0.43177,0.43743,0.42848,0.42874,0.43195,0.43767,0.43144,0.43137,0.42811,0.43398,0.43391,0.43339,0.42977,0.42949,0.42793,0.43129,0.42829,0.42796
Synth_Outdoor_H2S_50,H2S,5.0,1,0.40453,0.41,0.41306,0.41726,0.42463,0.42902,0.44006,0.44959,0.45603,0.47402,0.48225,0.49875,0.51663,0.5322,0.54699,0.56376,0.5854,0.6035,0.61934,0.63807,0.65399,0.67838,0.69615,0.71685,0.73181,0.75032,0.76049,0.77949,0.78896,0.80507,0.81152,0.82687,0.83161,0.84538,0.85588,0.8615,0.86753,0.87901,0.88281,0.88754,0.89406,0.90524,0.90579,0.90961,0.91118,0.91355,0.90986,0.9166,0.91923,0.91754,0.92078,0.91984,0.92558,0.9284,0.92967,0.92833,0.92512,0.92272,0.92296,0.92378,0.92422,0.92547,0.92272,0.92536,0.92309,0.92271,0.9244,0.91734,0.92006,0.91774,0.91571,0.91755,0.91638,0.91062,0.91129,0.91119,0.90849,0.90926,0.90707,0.90949,0.89963,0.9017,0.89833,0.90075,0.89381,0.89733,0.89354,0.89202,0.88905,0.89043,0.89328,0.88954,0.89019,0.8918,0.88733,0.88428,0.88581,0.88219,0.88108,0.87728,0.88214,0.8776,0.87788,0.87384,0.87673,0.8731,0.8741,0.87621,0.87557,0.87306,0.86815,0.87955,0.87587,0.87266,0.86817,0.86889,0.86682,0.87029,0.86671,0.86312,0.86296,0.86582,0.86939,0.87063,0.86362,0.84679,0.81555,0.79288,0.75624,0.72115,0.69275,0.6658,0.64965,0.63118,0.61453,0.60006,0.58553,0.57059,0.56017,0.55032,0.54101,0.53472,0.52605,0.52253,0.51638,0.50513,0.4899,0.49759,0.48858,0.48368,0.48076,0.47702,0.4763,0.46777,0.46606,0.4669,0.46507,0.4627,0.45689,0.45431,0.45352,0.45355,0.45493,0.44446,0.44749,0.44326,0.4411,0.44633,0.44402,0.4426,0.44265,0.43807,0.43717,0.44277,0.43577,0.43733,0.43468,0.42924,0.42798,0.4309,0.43429,0.43297,0.43265,0.42728,0.43323,0.42621,0.42862,0.42754,0.42663,0.42992,0.42437,0.42233,0.42535,0.4239,0.43296,0.42585,0.42278,0.42081,0.41844,0.42024,0.4228,0.42577,0.42473,0.42223,0.42059,0.42183,0.41962,0.425,0.42003,0.42007,0.41451,0.41934,0.42169,0.41674,0.41735,0.42106,0.41523,0.42141,0.41728,0.41751,0.41552,0.41913,0.4242,0.41987,0.41563,0.42049,0.41674,0.42088,0.41937,0.4099,0.41465,0.41942,0.41735,0.41431,0.4152,0.41196,0.41645,0.42216,0.4186,0.42202,0.4187,0.41902,0.42134,0.4173,0.41584,0.41884,0.41985,0.41496,0.41431,0.41642
Synth_Outdoor_H2S_51,H2S,5.0,1,0.66432,0.6731,0.67893,0.70115,0.71117,0.73162,0.75151,0.78409,0.80341,0.82777,0.8605,0.88974,0.91755,0.95076,0.97741,1.00884,1.03515,1.06616,1.10219,1.1286,1.14995,1.17757,1.1949,1.21488,1.23429,1.25106,1.26669,1.28466,1.29554,1.30908,1.32081,1.32907,1.33453,1.3415,1.35226,1.35762,1.36373,1.3682,1.37865,1.37201,1.37273,1.38022,1.37945,1.38156,1.3821,1.3832,1.37517,1.37602,1.37647,1.37497,1.37588,1.36981,1.36403,1.35846,1.35569,1.35181,1.35096,1.34594,1.33796,1.33614,1.33534,1.32985,1.32629,1.32175,1.32087,1.3135,1.30814,1.30305,1.30215,1.29152,1.29331,1.2894,1.2827,1.2801,1.28083,1.27599,1.27241,1.26977,1.26614,1.26598,1.26013,1.25317,1.25788,1.25187,1.24668,1.2423,1.24374,1.23981,1.24136,1.23395,1.23013,1.23193,1.22955,1.22529,1.22429,1.22029,1.21876,1.21897,1.21557,1.21158,1.21344,1.20225,1.21158,1.20059,1.20176,1.20181,1.20016,1.20168,1.19502,1.19668,1.19297,1.19352,1.19105,1.18994,1.18683,1.18542,1.18586,1.18604,1.18089,1.17897,1.18151,1.17855,1.18339,1.18055,1.17214,1.15832,1.12979,1.0944,1.05081,1.01263,0.977,0.95055,0.92605,0.90422,0.88392,0.86742,0.848,0.83879,0.82136,0.80649,0.79908,0.78631,0.78083,0.77629,0.76113,0.75697,0.7454,0.74507,0.73633,0.73199,0.72619,0.72648,0.72319,0.71705,0.71141,0.71432,0.70547,0.69914,0.70305,0.69665,0.69954,0.69391,0.69431,0.69434,0.68598,0.68585,0.68542,0.68788,0.6809,0.67963,0.68095,0.67704,0.67766,0.67222,0.68053,0.67057,0.67212,0.67188,0.67582,0.66685,0.67424,0.67035,0.66871,0.66444,0.66761,0.66371,0.66805,0.66182,0.66334,0.66167,0.66002,0.66379,0.66273,0.66391,0.65595,0.6626,0.66576,0.65796,0.66343,0.65765,0.65448,0.65679,0.65979,0.65472,0.65496,0.65761,0.65582,0.65698,0.65584,0.65619,0.65364,0.65505,0.6519,0.65722,0.65216,0.65634,0.65273,0.6536,0.65165,0.65015,0.64812,0.64966,0.65128,0.65245,0.65428,0.6505,0.64928,0.64773,0.65236,0.65447,0.65403,0.65253,0.65224,0.65481,0.65129,0.65193,0.64938,0.64667,0.64828,0.64992,0.65004,0.65465,0.64999,0.65265,0.64857,0.64881,0.6462,0.64761,0.65072,0.64936
Synth_Outdoor_H2S_52,H2S,5.0,1,0.55035,0.56621,0.57275,0.59057,0.60387,0.62704,0.64994,0.6726,0.69253,0.72646,0.75884,0.78744,0.81827,0.84419,0.87797,0.91168,0.94184,0.97302,0.99771,1.02585,1.05015,1.07128,1.08999,1.11683,1.13455,1.14932,1.16215,1.18182,1.19247,1.2064,1.22048,1.22027,1.23266,1.24165,1.25261,1.25078,1.26473,1.26441,1.26715,1.26949,1.27076,1.27567,1.271,1.27458,1.27225,1.27024,1.27702,1.26965,1.26762,1.266,1.25637,1.26093,1.24674,1.24747,1.2446,1.24354,1.23874,1.2338,1.23015,1.22369,1.21833,1.21984,1.21575,1.21398,1.20403,1.20377,1.19737,1.19707,1.19266,1.18667,1.18139,1.18082,1.17632,1.16942,1.16431,1.16346,1.16458,1.16033,1.15139,1.14803,1.151,1.14192,1.14301,1.13723,1.1399,1.13109,1.13307,1.12801,1.12569,1.11783,1.11502,1.11782,1.11688,1.11137,1.10936,1.11141,1.10934,1.10554,1.10575,1.0988,1.09882,1.10185,1.09599,1.09426,1.09791,1.08689,1.09068,1.09121,1.08473,1.08625,1.08032,1.07981,1.08131,1.08114,1.08069,1.08049,1.07508,1.07694,1.07184,1.07373,1.07078,1.06984,1.07209,1.06819,1.06323,1.04985,1.01831,0.98884,0.94828,0.90673,0.8711,0.85062,0.8285,0.8025,0.78424,0.76616,0.75132,0.73546,0.72272,0.71326,0.70607,0.68685,0.68111,0.67026,0.66981,0.65763,0.6494,0.64904,0.64669,0.63925,0.63373,0.63019,0.62899,0.61981,0.61853,0.61469,0.61015,0.60965,0.6108,0.60716,0.60522,0.60198,0.60105,0.59601,0.5956,0.59528,0.59402,0.59273,0.59026,0.5884,0.59607,0.58933,0.58704,0.58441,0.58294,0.58284,0.58304,0.57677,0.57678,0.57835,0.57976,0.57797,0.58165,0.57364,0.5749,0.58004,0.57606,0.57747,0.57993,0.57263,0.57372,0.57291,0.56836,0.57213,0.57476,0.57359,0.57349,0.57072,0.56975,0.57432,0.56968,0.57144,0.5709,0.57393,0.57253,0.56667,0.56678,0.57105,0.56931,0.5682,0.57175,0.56954,0.56909,0.57081,0.56784,0.57262,0.56669,0.57024,0.57213,0.56506,0.56759,0.57127,0.57128,0.56791,0.5665,0.57069,0.57124,0.56537,0.56526,0.56885,0.56989,0.56758,0.57006,0.56661,0.56313,0.56741,0.56866,0.56787,0.56572,0.56409,0.56739,0.57097,0.57192,0.57183,0.56693,0.56621,0.57043,0.57087,0.57036,0.5644
Synth_Outdoor_H2S_53,H2S,5.0,1,0.36942,0.38111,0.39451,0.40982,0.42538,0.44616,0.46775,0.49347,0.51858,0.54554,0.57354,0.60415,0.63551,0.6657,0.69674,0.72964,0.75685,0.78361,0.81525,0.83596,0.86141,0.88805,0.90985,0.92516,0.94546,0.96156,0.97715,0.99479,1.00708,1.01701,1.02633,1.03382,1.04927,1.05483,1.05842,1.06805,1.07138,1.07536,1.08083,1.08062,1.08354,1.08588,1.08475,1.08742,1.08963,1.08179,1.07774,1.07474,1.07688,1.07283,1.07197,1.06854,1.06073,1.05655,1.05794,1.05349,1.04794,1.04062,1.04164,1.03937,1.0326,1.02553,1.02354,1.0158,1.01763,1.01092,1.00201,1.00142,0.99913,0.99299,0.98909,0.98272,0.98327,0.97644,0.96894,0.9698,0.9697,0.96292,0.96497,0.95854,0.95506,0.95054,0.94727,0.94346,0.94024,0.93947,0.93323,0.93061,0.92826,0.93393,0.92785,0.92499,0.91926,0.92112,0.91697,0.91556,0.91039,0.91105,0.90729,0.90428,0.90613,0.89878,0.90252,0.90132,0.8958,0.89419,0.89367,0.89292,0.88992,0.88957,0.89112,0.88367,0.87895,0.88369,0.88428,0.87956,0.87445,0.87551,0.87174,0.87493,0.86877,0.86997,0.87063,0.87472,0.86745,0.85249,0.82522,0.78718,0.7508,0.70921,0.67503,0.65648,0.62841,0.60561,0.59038,0.57411,0.55344,0.54039,0.52403,0.51423,0.50323,0.49423,0.4855,0.47778,0.46947,0.45905,0.4536,0.44896,0.44446,0.44301,0.43306,0.43098,0.43044,0.42376,0.42241,0.41784,0.41598,0.41209,0.41184,0.40397,0.40472,0.40429,0.40293,0.40348,0.39704,0.40009,0.39318,0.39666,0.39398,0.3883,0.39008,0.38798,0.38852,0.38531,0.38403,0.38721,0.38259,0.38398,0.38051,0.38444,0.37779,0.37721,0.38185,0.37624,0.38069,0.37826,0.37506,0.37034,0.37426,0.37404,0.37621,0.37676,0.37063,0.37391,0.37339,0.37374,0.3719,0.36542,0.36952,0.36666,0.36872,0.37135,0.36935,0.37114,0.36882,0.36446,0.36115,0.36757,0.36641,0.36425,0.36224,0.36442,0.36555,0.36749,0.36612,0.36948,0.36267,0.36729,0.36507,0.36652,0.36355,0.36717,0.36512,0.36254,0.36405,0.36336,0.36506,0.36076,0.36352,0.36448,0.36347,0.36667,0.36515,0.36314,0.36363,0.36375,0.36394,0.3583,0.36205,0.35907,0.36595,0.36255,0.36218,0.36488,0.36367,0.35975,0.36237,0.3617,0.35817,0.36081
Synth_Outdoor_H2S_54,H2S,5.0,1,0.66632,0.67648,0.68564,0.70737,0.72197,0.74337,0.76723,0.78925,0.81919,0.8455,0.87369,0.90784,0.94143,0.9713,1.00375,1.03188,1.06037,1.09824,1.12845,1.15439,1.17525,1.19698,1.21928,1.23817,1.26099,1.28268,1.29444,1.31034,1.32659,1.33453,1.35184,1.36181,1.3654,1.37213,1.3822,1.38549,1.38847,1.39867,1.40186,1.40183,1.40021,1.40157,1.4055,1.40387,1.40354,1.40565,1.40325,1.4028,1.39453,1.39349,1.39323,1.38914,1.38827,1.38161,1.38115,1.37375,1.3709,1.36323,1.35987,1.35784,1.35537,1.34898,1.34284,1.34236,1.32926,1.32694,1.32794,1.32193,1.31916,1.31377,1.3112,1.30397,1.30383,1.3014,1.29857,1.29721,1.28943,1.28623,1.27851,1.27775,1.27533,1.27517,1.26781,1.26812,1.26291,1.25935,1.25743,1.253,1.25015,1.24433,1.24554,1.24262,1.24024,1.24039,1.2389,1.23585,1.23587,1.23298,1.22909,1.22703,1.22727,1.22618,1.22649,1.22421,1.21813,1.21755,1.21795,1.21754,1.21586,1.21206,1.20777,1.20701,1.20872,1.2074,1.20233,1.20363,1.2036,1.19772,1.20197,1.19689,1.19965,1.19364,1.19498,1.19781,1.19268,1.17539,1.14838,1.11334,1.07056,1.02977,0.99294,0.97084,0.94528,0.92767,0.9016,0.88163,0.87157,0.85621,0.83943,0.8259,0.82237,0.81179,0.79266,0.78923,0.78685,0.77453,0.76821,0.76303,0.75573,0.74948,0.75196,0.74064,0.74206,0.74012,0.731,0.72929,0.73181,0.7275,0.72216,0.72438,0.72222,0.71783,0.71298,0.71239,0.71244,0.70967,0.71099,0.7034,0.70218,0.70511,0.70223,0.70077,0.69684,0.70029,0.69914,0.69999,0.69766,0.69631,0.6988,0.69183,0.69574,0.68954,0.69098,0.68946,0.69387,0.69121,0.69085,0.68762,0.68917,0.68757,0.69002,0.68621,0.69164,0.68378,0.68564,0.69151,0.68592,0.68345,0.687,0.685,0.68386,0.68299,0.69244,0.68468,0.6803,0.68867,0.6863,0.68267,0.68212,0.68601,0.68357,0.67925,0.68842,0.68276,0.6875,0.68686,0.68109,0.68611,0.68182,0.67872,0.68228,0.68428,0.6821,0.68246,0.68607,0.68347,0.6811,0.68497,0.6837,0.67691,0.68428,0.68418,0.68325,0.68547,0.68159,0.68413,0.67939,0.68436,0.68826,0.68093,0.68155,0.68176,0.68394,0.68103,0.68484,0.68602,0.68534,0.67968,0.68668,0.68664
Synth_Outdoor_H2S_55,H2S,5.0,1,0.58384,0.59611,0.61124,0.61961,0.6429,0.66161,0.68512,0.70733,0.73806,0.76556,0.7975,0.82755,0.8615,0.89413,0.92775,0.95536,0.9869,1.02144,1.04721,1.07917,1.1028,1.12779,1.15214,1.16846,1.18682,1.20788,1.2229,1.23566,1.25278,1.26081,1.27242,1.28242,1.28921,1.29999,1.31054,1.31438,1.31858,1.32251,1.32742,1.33133,1.33305,1.33193,1.33398,1.33397,1.32911,1.33036,1.32246,1.32654,1.32417,1.32134,1.31511,1.31318,1.31205,1.30797,1.30022,1.29643,1.29466,1.28394,1.28266,1.28249,1.27727,1.27134,1.26215,1.26125,1.25542,1.25346,1.24656,1.24207,1.23557,1.23977,1.23158,1.22876,1.22407,1.21732,1.21298,1.21004,1.20736,1.20673,1.20056,1.2037,1.19863,1.19486,1.18931,1.1903,1.18296,1.18046,1.17815,1.17676,1.17401,1.16869,1.16602,1.16647,1.16425,1.15914,1.1539,1.15511,1.155,1.15576,1.1461,1.14591,1.14394,1.14627,1.14075,1.13659,1.13826,1.13393,1.13004,1.12909,1.13394,1.12888,1.12644,1.12382,1.12353,1.12199,1.12056,1.11875,1.11929,1.11585,1.11195,1.11144,1.10666,1.11512,1.11471,1.11189,1.10718,1.08964,1.06752,1.02358,0.98583,0.94417,0.91373,0.88402,0.85553,0.83743,0.8159,0.8007,0.78792,0.76529,0.75425,0.74265,0.7319,0.72445,0.71276,0.70568,0.69532,0.69045,0.6855,0.67603,0.67462,0.66803,0.66612,0.65896,0.65666,0.6521,0.64873,0.64664,0.6445,0.6374,0.64167,0.63116,0.63195,0.63143,0.63085,0.63202,0.62176,0.62355,0.61798,0.62195,0.62119,0.62323,0.61837,0.61958,0.61739,0.61386,0.61049,0.61382,0.60854,0.61467,0.61024,0.61289,0.60801,0.60925,0.6085,0.60728,0.60576,0.60727,0.60345,0.60226,0.60792,0.60619,0.6041,0.60771,0.60251,0.60613,0.60295,0.59967,0.60657,0.60415,0.60112,0.603,0.59993,0.60281,0.59455,0.59779,0.60258,0.5993,0.60028,0.59623,0.60409,0.60231,0.59873,0.59812,0.60159,0.60386,0.60121,0.60417,0.59636,0.59652,0.59554,0.59957,0.59887,0.598,0.60037,0.60139,0.59447,0.59676,0.6003,0.59707,0.59624,0.60079,0.59503,0.5975,0.59909,0.59685,0.60029,0.59694,0.60194,0.59818,0.60023,0.60047,0.5971,0.59359,0.59968,0.59902,0.60031,0.59845,0.59802,0.6042,0.59559,0.6012
Synth_Outdoor_H2S_56,H2S,5.0,1,0.44517,0.45425,0.47053,0.48797,0.50361,0.52402,0.54437,0.57313,0.60405,0.62617,0.65604,0.68657,0.71853,0.74506,0.78513,0.81393,0.84337,0.87976,0.90447,0.93421,0.96501,0.98237,1.00485,1.03038,1.05187,1.06274,1.0839,1.0992,1.10624,1.12594,1.13766,1.14526,1.15867,1.16684,1.17179,1.17695,1.18122,1.18827,1.19366,1.19445,1.19182,1.20178,1.19968,1.19815,1.20054,1.20104,1.18859,1.1946,1.18746,1.18945,1.18527,1.18295,1.17632,1.16895,1.16833,1.16615,1.16327,1.15338,1.15436,1.14563,1.14362,1.13683,1.13378,1.13074,1.12067,1.1174,1.11513,1.11637,1.10404,1.10724,1.10312,1.09384,1.08929,1.08421,1.08174,1.0744,1.07386,1.07411,1.06523,1.06263,1.05547,1.05711,1.05333,1.04937,1.04532,1.04188,1.0407,1.03627,1.03408,1.03087,1.03021,1.02615,1.02205,1.02256,1.01709,1.01674,1.01261,1.00423,1.00989,1.00481,1.00224,1.00098,0.99733,0.9967,0.99259,0.99521,0.98967,0.98697,0.98367,0.98477,0.98275,0.98146,0.97618,0.97305,0.97693,0.97742,0.96955,0.97446,0.96955,0.96706,0.96435,0.95995,0.96812,0.96495,0.95864,0.94602,0.91071,0.87432,0.8357,0.79461,0.76168,0.73183,0.7141,0.68495,0.66491,0.64537,0.63123,0.6175,0.60531,0.58611,0.57781,0.56908,0.55984,0.5496,0.54294,0.53235,0.53175,0.52444,0.51328,0.50908,0.50463,0.50477,0.49598,0.49476,0.49337,0.48892,0.48682,0.48078,0.48237,0.47697,0.47543,0.47472,0.47237,0.47027,0.46656,0.46602,0.46518,0.46023,0.46109,0.46187,0.4564,0.46124,0.46035,0.45293,0.45837,0.45361,0.45406,0.45084,0.4535,0.45136,0.4475,0.44584,0.44438,0.44782,0.44811,0.44766,0.44512,0.44195,0.44257,0.44661,0.442,0.44309,0.43955,0.4426,0.44017,0.4435,0.44239,0.43882,0.43935,0.43793,0.43542,0.43649,0.43881,0.43882,0.43808,0.43669,0.43948,0.43705,0.4384,0.43198,0.42637,0.43666,0.43216,0.43497,0.43453,0.43904,0.43586,0.4351,0.43661,0.43526,0.43304,0.43672,0.43113,0.43457,0.42976,0.43402,0.43386,0.43742,0.42919,0.43146,0.43489,0.43355,0.43307,0.43016,0.43098,0.43547,0.43217,0.43315,0.43184,0.42908,0.43432,0.43319,0.43763,0.42927,0.43383,0.42847,0.43211,0.43414,0.4265,0.43115
Synth_Outdoor_H2S_57,H2S,5.0,1,0.41449,0.42547,0.43387,0.44863,0.4647,0.4838,0.50223,0.53075,0.55337,0.57965,0.60373,0.63255,0.66182,0.68735,0.71592,0.74732,0.77817,0.80229,0.82716,0.85198,0.87566,0.89717,0.92317,0.9386,0.9553,0.97111,0.97985,0.99218,1.00422,1.02108,1.02619,1.03335,1.04342,1.05102,1.05855,1.0639,1.06574,1.0732,1.07279,1.07615,1.07958,1.07686,1.07704,1.07945,1.07488,1.07467,1.07526,1.07674,1.07027,1.06671,1.06348,1.0561,1.05571,1.05195,1.04939,1.04525,1.04194,1.03608,1.03277,1.02529,1.02321,1.02309,1.016,1.01077,1.01114,0.99855,0.9948,0.99764,0.98952,0.98511,0.97911,0.97973,0.97655,0.96905,0.96813,0.96436,0.96262,0.95599,0.95865,0.95458,0.94817,0.94542,0.94257,0.93797,0.93588,0.93351,0.9355,0.93119,0.92857,0.92467,0.9185,0.91884,0.91906,0.91122,0.91367,0.9156,0.91017,0.90878,0.90354,0.90318,0.89674,0.89839,0.89598,0.89314,0.89389,0.88747,0.88659,0.88556,0.88107,0.88256,0.87604,0.88136,0.87738,0.87459,0.87255,0.87288,0.87413,0.8727,0.86842,0.86692,0.86952,0.86466,0.86877,0.87001,0.86474,0.85078,0.82032,0.78556,0.75131,0.72019,0.6913,0.66633,0.63952,0.61607,0.59714,0.58566,0.57237,0.56312,0.5502,0.53777,0.52508,0.51583,0.51055,0.50407,0.49637,0.48654,0.48509,0.47942,0.47107,0.4676,0.46739,0.4615,0.46271,0.45691,0.45161,0.45016,0.44787,0.44358,0.44092,0.44292,0.44135,0.43894,0.43952,0.43279,0.43682,0.42896,0.42734,0.4242,0.42627,0.42496,0.42644,0.42471,0.42014,0.42124,0.42041,0.41605,0.41722,0.41697,0.42174,0.41792,0.4184,0.41237,0.41849,0.41817,0.40934,0.41204,0.41454,0.41441,0.41064,0.41113,0.40998,0.41134,0.41364,0.40835,0.41242,0.4076,0.40709,0.4109,0.41082,0.41034,0.40464,0.40653,0.40951,0.4073,0.40426,0.40785,0.40467,0.41072,0.40991,0.40736,0.40906,0.40562,0.40717,0.40878,0.40552,0.4041,0.4004,0.40441,0.40663,0.4069,0.40575,0.4031,0.39947,0.40313,0.40357,0.40351,0.40579,0.40917,0.40447,0.40358,0.40343,0.40435,0.40193,0.40426,0.40505,0.4044,0.40498,0.40488,0.39932,0.4053,0.40199,0.40089,0.40083,0.40463,0.40295,0.39926,0.40462,0.39979,0.40369,0.4039
Synth_Outdoor_H2S_58,H2S,5.0,1,0.57984,0.59215,0.60307,0.61878,0.63462,0.65269,0.67383,0.69548,0.72586,0.75109,0.78004,0.80579,0.83442,0.86319,0.8967,0.92289,0.9592,0.97945,1.01041,1.03927,1.0609,1.08225,1.10019,1.11839,1.14145,1.15948,1.16939,1.1812,1.19038,1.20548,1.21812,1.23198,1.23836,1.2452,1.25023,1.25571,1.26566,1.26675,1.2643,1.27036,1.27154,1.27317,1.27615,1.27416,1.27345,1.27585,1.26946,1.27412,1.26562,1.26496,1.26113,1.25892,1.25622,1.25245,1.24552,1.24053,1.2454,1.23364,1.23225,1.22205,1.22086,1.21668,1.21366,1.2013,1.2043,1.19695,1.19673,1.18951,1.18602,1.18338,1.17733,1.17475,1.16913,1.16394,1.16769,1.15875,1.15834,1.15736,1.15062,1.1468,1.1462,1.14533,1.13653,1.13605,1.12902,1.12933,1.12742,1.12237,1.1207,1.11582,1.11711,1.11714,1.10929,1.10794,1.10811,1.10724,1.09796,1.09894,1.09792,1.09496,1.0871,1.09267,1.09331,1.0879,1.0832,1.08273,1.08669,1.08287,1.08061,1.07838,1.07436,1.07408,1.07301,1.07322,1.07424,1.07189,1.06417,1.06689,1.06682,1.06523,1.06092,1.06841,1.06028,1.06208,1.05967,1.0488,1.01569,0.98307,0.94767,0.90668,0.8754,0.85225,0.82895,0.81067,0.79317,0.77432,0.75941,0.74573,0.73413,0.72185,0.71147,0.70508,0.69728,0.68183,0.67845,0.67024,0.66534,0.66191,0.65787,0.6516,0.64313,0.64182,0.64307,0.63085,0.63774,0.63337,0.63285,0.62671,0.61986,0.62403,0.6242,0.62153,0.61585,0.61613,0.61309,0.61097,0.61408,0.60743,0.60699,0.60534,0.60329,0.60637,0.60793,0.60364,0.59947,0.60451,0.60586,0.59931,0.59903,0.60084,0.60295,0.59698,0.59439,0.59875,0.59867,0.59619,0.59431,0.59774,0.59614,0.59249,0.59414,0.59025,0.59498,0.59227,0.59151,0.59223,0.59212,0.59399,0.59296,0.59084,0.59289,0.59177,0.58949,0.59003,0.58977,0.59121,0.58888,0.58866,0.5944,0.59169,0.58731,0.5905,0.58924,0.5898,0.58906,0.59159,0.58939,0.58829,0.59096,0.58886,0.5885,0.58892,0.58782,0.58803,0.58649,0.58603,0.58538,0.58436,0.58559,0.58733,0.58801,0.58705,0.58183,0.59165,0.59043,0.58881,0.59246,0.58524,0.59242,0.58528,0.58831,0.58453,0.58778,0.58874,0.58743,0.58965,0.58814,0.58662,0.58653,0.59
Synth_Outdoor_H2S_59,H2S,5.0,1,0.63185,0.63333,0.65139,0.66711,0.67833,0.69788,0.71946,0.7386,0.76395,0.78592,0.81651,0.84531,0.87391,0.90411,0.92821,0.95714,0.99086,1.01251,1.03908,1.06291,1.0842,1.11202,1.12675,1.14378,1.16242,1.1741,1.19184,1.20426,1.22039,1.22835,1.24243,1.25289,1.25957,1.26451,1.27215,1.27399,1.28284,1.2858,1.2938,1.30187,1.29928,1.29484,1.29996,1.30149,1.30112,1.29822,1.29933,1.29382,1.29229,1.29358,1.28642,1.287,1.27877,1.2829,1.27272,1.27017,1.26759,1.26142,1.2593,1.25644,1.25346,1.24893,1.24226,1.23799,1.23994,1.2323,1.22365,1.22228,1.21726,1.2138,1.20714,1.20531,1.20707,1.2003,1.18903,1.19471,1.19078,1.18362,1.18281,1.17541,1.17305,1.17479,1.16738,1.16058,1.16246,1.1599,1.16056,1.15505,1.15136,1.1524,1.14747,1.14271,1.14495,1.14014,1.13737,1.13561,1.13031,1.12949,1.12862,1.1259,1.12733,1.12256,1.12214,1.11816,1.11905,1.11581,1.11328,1.11155,1.1075,1.10944,1.10643,1.1037,1.10623,1.09901,1.09986,1.10232,1.0995,1.09763,1.0975,1.09643,1.09127,1.093,1.10031,1.09591,1.09106,1.07493,1.05041,1.01525,0.9794,0.94065,0.91182,0.88206,0.86149,0.84177,0.8255,0.80617,0.79576,0.7831,0.76553,0.75572,0.74549,0.74413,0.72798,0.72546,0.71097,0.70518,0.7001,0.69443,0.69112,0.68571,0.68149,0.68281,0.67962,0.67582,0.67188,0.66812,0.66414,0.66066,0.66178,0.65589,0.6544,0.65795,0.65812,0.65277,0.65303,0.64823,0.64417,0.64777,0.64646,0.64408,0.64221,0.6442,0.63831,0.63789,0.6364,0.63827,0.63454,0.6348,0.63403,0.63447,0.63074,0.63404,0.63633,0.63294,0.6359,0.63486,0.63299,0.63077,0.63016,0.63158,0.62826,0.62412,0.62966,0.62522,0.6253,0.62736,0.6268,0.6232,0.62685,0.62857,0.62308,0.62883,0.6215,0.63045,0.6239,0.62507,0.61975,0.62411,0.62465,0.62365,0.62227,0.62115,0.62618,0.62328,0.62689,0.62158,0.62166,0.62467,0.61847,0.61939,0.62506,0.61927,0.61753,0.6266,0.61833,0.62219,0.62181,0.61452,0.62079,0.62251,0.62222,0.62351,0.62023,0.62293,0.61936,0.6175,0.61773,0.61727,0.62343,0.61708,0.62152,0.62013,0.62051,0.62416,0.61965,0.62227,0.62082,0.62033,0.62644,0.61706
Synth_Outdoor_H2S_60,H2S,5.0,1,0.66799,0.67468,0.68238,0.70046,0.70685,0.72809,0.74607,0.77168,0.7911,0.81958,0.84375,0.86961,0.89892,0.92466,0.94988,0.98654,1.00465,1.02585,1.0538,1.07614,1.10344,1.12278,1.14199,1.15759,1.17396,1.1887,1.20329,1.21852,1.22921,1.24062,1.25067,1.26079,1.26763,1.27533,1.28418,1.28554,1.29029,1.29392,1.30103,1.2989,1.30692,1.30705,1.3111,1.30692,1.30791,1.31053,1.31004,1.30329,1.30346,1.30142,1.29904,1.29464,1.29557,1.2846,1.28515,1.28406,1.28072,1.27945,1.27544,1.26807,1.26838,1.25972,1.26024,1.25887,1.25394,1.24779,1.24348,1.23744,1.23898,1.23236,1.23007,1.22589,1.22452,1.22231,1.21982,1.21438,1.21528,1.20889,1.20434,1.20395,1.20546,1.19866,1.19431,1.18873,1.18932,1.18788,1.18389,1.17836,1.17814,1.18176,1.17959,1.1715,1.17304,1.16609,1.17022,1.16495,1.16435,1.15546,1.1593,1.15548,1.15565,1.15406,1.15046,1.14758,1.14995,1.14684,1.14365,1.14207,1.139,1.13959,1.14184,1.13788,1.13463,1.13655,1.13108,1.13208,1.13013,1.13127,1.12419,1.12476,1.12151,1.12348,1.12937,1.12643,1.12116,1.10996,1.08601,1.05062,1.01553,0.97461,0.95178,0.92963,0.90423,0.87865,0.86532,0.85281,0.83626,0.82782,0.8146,0.80089,0.79317,0.78212,0.77587,0.76757,0.76518,0.76143,0.74708,0.74091,0.74066,0.73349,0.73378,0.73219,0.73099,0.72492,0.72128,0.71436,0.71707,0.71506,0.7145,0.70928,0.70826,0.70405,0.7005,0.70204,0.69956,0.70309,0.69977,0.69862,0.69648,0.6899,0.70083,0.69371,0.69437,0.69099,0.69632,0.69353,0.69046,0.69094,0.69555,0.69061,0.68983,0.68745,0.68461,0.68849,0.6893,0.69085,0.68209,0.68452,0.68554,0.68667,0.68603,0.68583,0.68691,0.6834,0.68776,0.68629,0.6842,0.68882,0.68854,0.6868,0.67679,0.68814,0.68604,0.68894,0.68691,0.68766,0.68582,0.6869,0.68844,0.68394,0.67941,0.68252,0.68424,0.6834,0.68006,0.67908,0.68129,0.68514,0.68707,0.6854,0.68574,0.68287,0.67873,0.68196,0.68247,0.6819,0.68334,0.68435,0.68543,0.68263,0.67862,0.6822,0.68355,0.68654,0.68213,0.68489,0.68441,0.68385,0.68617,0.68226,0.68253,0.68397,0.68245,0.68539,0.68242,0.68486,0.68414,0.68504,0.68348,0.68392
Synth_Outdoor_NH3_1,NH3,10.0,1,0.36356,0.3683,0.37191,0.37611,0.38616,0.39028,0.39769,0.40196,0.41824,0.42431,0.4394,0.45281,0.46936,0.47743,0.48869,0.51293,0.53374,0.54955,0.56448,0.58034,0.60117,0.61408,0.63474,0.6514,0.66877,0.68839,0.69714,0.7088,0.72315,0.73116,0.74551,0.75713,0.76696,0.77803,0.78431,0.79719,0.80177,0.80856,0.81405,0.82104,0.82803,0.82868,0.83369,0.83863,0.83969,0.84423,0.84796,0.85385,0.85452,0.85623,0.85948,0.8583,0.86065,0.86021,0.86175,0.86008,0.85575,0.86184,0.86612,0.86515,0.86532,0.86577,0.86245,0.86214,0.85942,0.85975,0.86174,0.86286,0.85899,0.85733,0.85734,0.85755,0.85098,0.84747,0.85048,0.84753,0.848,0.84747,0.84512,0.84843,0.84437,0.8432,0.84317,0.838,0.84261,0.83874,0.83933,0.83384,0.83156,0.83642,0.83433,0.83018,0.82925,0.83318,0.82642,0.83263,0.82542,0.82839,0.82509,0.82649,0.82261,0.82252,0.82195,0.81826,0.82162,0.81751,0.81734,0.81459,0.80988,0.81502,0.82067,0.81568,0.81281,0.8114,0.8113,0.81184,0.80673,0.81182,0.81027,0.80973,0.80838,0.80641,0.81041,0.81156,0.80394,0.789,0.76682,0.7386,0.6952,0.65855,0.63373,0.60935,0.5883,0.56941,0.55116,0.54005,0.51845,0.50784,0.49825,0.48403,0.47825,0.47424,0.46227,0.45561,0.4453,0.44086,0.43592,0.43092,0.43021,0.42404,0.41583,0.41552,0.41272,0.41117,0.40932,0.40005,0.39798,0.39444,0.39474,0.39437,0.39369,0.38919,0.38685,0.38639,0.3824,0.3883,0.37772,0.38093,0.38433,0.37814,0.37657,0.37513,0.37459,0.37754,0.36771,0.37624,0.36804,0.37017,0.36905,0.37088,0.36475,0.36929,0.37261,0.36356,0.3669,0.36423,0.36643,0.3649,0.36278,0.36514,0.36798,0.36256,0.36444,0.35901,0.35947,0.36267,0.36485,0.36168,0.35968,0.36014,0.3567,0.36103,0.36142,0.3578,0.35748,0.35907,0.35706,0.35774,0.36289,0.3568,0.35629,0.35535,0.3586,0.35607,0.35468,0.35939,0.35944,0.35421,0.35085,0.35783,0.35342,0.35694,0.34987,0.35687,0.35145,0.35612,0.35415,0.35155,0.35275,0.35531,0.3537,0.35475,0.35809,0.3491,0.35691,0.35298,0.35034,0.3491,0.35182,0.35448,0.35175,0.35572,0.34819,0.35164,0.34842,0.35231,0.3535,0.35012,0.34457,0.35149
Synth_Outdoor_NH3_2,NH3,10.0,1,0.6369,0.63396,0.64222,0.64844,0.64699,0.65934,0.66532,0.67549,0.68678,0.696,0.7079,0.72312,0.73478,0.75018,0.77087,0.78328,0.80534,0.82286,0.83576,0.85694,0.88013,0.89305,0.91235,0.9321,0.94963,0.96308,0.97751,0.99702,1.01141,1.02235,1.03212,1.04104,1.05132,1.06436,1.07307,1.0839,1.08974,1.09146,1.10444,1.10538,1.11254,1.1193,1.12837,1.1354,1.13286,1.13414,1.13891,1.14246,1.14185,1.14924,1.14719,1.14944,1.15119,1.15165,1.15351,1.15043,1.15087,1.14958,1.15337,1.15406,1.15306,1.15584,1.15125,1.15246,1.1475,1.14865,1.15068,1.15036,1.14668,1.1463,1.14155,1.14323,1.14521,1.14331,1.14205,1.13991,1.1388,1.13605,1.13829,1.13638,1.13534,1.13164,1.12656,1.13376,1.12892,1.12705,1.12999,1.12616,1.12858,1.12624,1.12523,1.11889,1.12412,1.12065,1.11805,1.11843,1.11283,1.11744,1.11292,1.11105,1.10942,1.11492,1.10963,1.11429,1.1085,1.10488,1.10557,1.11056,1.10609,1.1043,1.10537,1.10555,1.1064,1.10651,1.10123,1.09804,1.09953,1.10049,1.09668,1.09589,1.09828,1.09628,1.09906,1.09872,1.09494,1.07862,1.05869,1.02646,0.98202,0.94749,0.91669,0.89432,0.87405,0.85129,0.83527,0.81946,0.80839,0.79533,0.78182,0.77361,0.76231,0.75434,0.75131,0.74327,0.73007,0.72935,0.72375,0.71378,0.71404,0.71152,0.7009,0.69775,0.6992,0.69421,0.69202,0.68883,0.68647,0.67989,0.68367,0.68195,0.67658,0.67531,0.66996,0.67355,0.67227,0.66936,0.67105,0.66619,0.6673,0.66232,0.66385,0.66257,0.66272,0.66042,0.66022,0.66186,0.65801,0.65446,0.66224,0.66076,0.65355,0.65799,0.6545,0.65595,0.6556,0.65388,0.65209,0.65197,0.65106,0.65093,0.65252,0.65057,0.65378,0.65552,0.65007,0.65188,0.6523,0.65201,0.65078,0.65225,0.65143,0.64696,0.65205,0.65193,0.64763,0.64947,0.65093,0.64857,0.65167,0.65476,0.64677,0.64518,0.64927,0.65021,0.64774,0.65185,0.64481,0.64981,0.6465,0.65225,0.65288,0.64593,0.64641,0.64987,0.64674,0.64756,0.64767,0.64277,0.64749,0.64577,0.64624,0.65106,0.64428,0.64943,0.64664,0.64661,0.64925,0.6481,0.64869,0.6497,0.64644,0.64573,0.64454,0.64519,0.65462,0.65034,0.64385,0.64392,0.64844,0.64862
Synth_Outdoor_NH3_3,NH3,10.0,1,0.45741,0.46114,0.46408,0.46283,0.47328,0.47822,0.48813,0.5035,0.50632,0.51497,0.52944,0.54071,0.55384,0.56845,0.58697,0.59458,0.61475,0.62781,0.64838,0.66175,0.68005,0.69724,0.71703,0.73309,0.74339,0.7617,0.77403,0.78615,0.80148,0.81314,0.83117,0.83679,0.84222,0.85351,0.86597,0.87649,0.87449,0.88027,0.89571,0.89768,0.89974,0.90801,0.90442,0.91505,0.91944,0.92418,0.92231,0.92771,0.92748,0.93246,0.9313,0.93405,0.93385,0.93905,0.94042,0.93833,0.93943,0.93596,0.93887,0.93941,0.94592,0.93633,0.94248,0.94096,0.93873,0.94188,0.93773,0.93704,0.93518,0.93756,0.93645,0.93134,0.92879,0.93074,0.92834,0.92919,0.93138,0.92599,0.92586,0.925,0.92588,0.91715,0.92033,0.92143,0.92295,0.91774,0.91331,0.91855,0.9144,0.91208,0.91276,0.91322,0.91154,0.90679,0.91375,0.91376,0.9112,0.9057,0.90708,0.90659,0.90708,0.90623,0.90173,0.90281,0.90283,0.90438,0.90145,0.90052,0.89764,0.89996,0.89663,0.89285,0.89807,0.89586,0.89252,0.89188,0.89315,0.89285,0.8915,0.89114,0.89392,0.89147,0.89166,0.89503,0.88534,0.87533,0.85615,0.82087,0.78477,0.75111,0.72274,0.70082,0.68176,0.66124,0.64872,0.63649,0.61897,0.61328,0.60012,0.59177,0.57876,0.57453,0.56235,0.56067,0.5528,0.54819,0.53876,0.53478,0.5342,0.52636,0.52623,0.51829,0.52072,0.51264,0.51443,0.51215,0.50654,0.50759,0.5048,0.50096,0.49807,0.4941,0.49841,0.49223,0.49505,0.49293,0.49413,0.4906,0.48951,0.49123,0.48937,0.48848,0.48809,0.48237,0.48741,0.48638,0.48168,0.48304,0.48301,0.48224,0.48294,0.48524,0.48392,0.47752,0.48197,0.48337,0.48066,0.48209,0.48407,0.4813,0.47906,0.48079,0.4783,0.47777,0.47659,0.48116,0.47499,0.48068,0.47793,0.47301,0.47728,0.47098,0.47764,0.47814,0.4743,0.47595,0.48041,0.47416,0.47271,0.479,0.48013,0.47513,0.47754,0.47826,0.47296,0.47354,0.47778,0.47887,0.47601,0.47235,0.47946,0.47312,0.47358,0.47523,0.47825,0.47649,0.47538,0.47549,0.47443,0.4757,0.46797,0.47353,0.47488,0.4714,0.47523,0.47375,0.47866,0.47819,0.47312,0.47391,0.47413,0.4732,0.47482,0.47245,0.47154,0.47594,0.47597,0.4724,0.47667,0.47287
Synth_Outdoor_NH3_4,NH3,10.0,1,0.69967,0.70354,0.70485,0.7105,0.71348,0.72074,0.72804,0.73498,0.74574,0.75269,0.76672,0.77959,0.79296,0.80719,0.82263,0.83963,0.85681,0.8697,0.8855,0.90334,0.9222,0.93976,0.95566,0.97073,0.98851,1.00511,1.02049,1.03114,1.04413,1.05463,1.06797,1.07632,1.08954,1.09265,1.10455,1.11389,1.12062,1.13336,1.13346,1.13564,1.1432,1.14398,1.15286,1.1552,1.16333,1.16296,1.16682,1.16787,1.17584,1.17235,1.17899,1.17735,1.17724,1.17759,1.17809,1.17273,1.17726,1.1803,1.17806,1.17455,1.17773,1.1818,1.18012,1.17629,1.17805,1.17386,1.16958,1.17065,1.17601,1.17051,1.16965,1.16852,1.17299,1.17123,1.17167,1.16472,1.16481,1.15913,1.16541,1.15755,1.15987,1.15544,1.15572,1.15418,1.15378,1.15295,1.15187,1.15423,1.14828,1.15055,1.15202,1.14662,1.14498,1.14521,1.14795,1.14485,1.14245,1.14435,1.13955,1.14294,1.14103,1.138,1.1355,1.13431,1.13683,1.13755,1.13193,1.13373,1.12645,1.1292,1.12956,1.1264,1.12535,1.12508,1.12657,1.12454,1.11858,1.11799,1.12094,1.1228,1.1139,1.11836,1.12046,1.12646,1.11686,1.10472,1.08084,1.04426,1.01628,0.98007,0.95301,0.93837,0.90281,0.89402,0.87254,0.85917,0.845,0.83198,0.82068,0.81301,0.79937,0.79679,0.78633,0.77766,0.77305,0.77151,0.76173,0.75906,0.75183,0.75139,0.74735,0.74671,0.73835,0.7374,0.73314,0.73347,0.72599,0.72735,0.72285,0.72119,0.71971,0.71838,0.71581,0.71507,0.71702,0.71415,0.71256,0.70801,0.70577,0.70929,0.70805,0.70855,0.70244,0.70251,0.69813,0.70043,0.70314,0.69877,0.70083,0.69807,0.69873,0.69444,0.69692,0.68866,0.69514,0.69103,0.69761,0.69603,0.69481,0.69702,0.69044,0.69678,0.69437,0.69108,0.69413,0.68815,0.68851,0.68871,0.68858,0.68692,0.69232,0.68831,0.68955,0.68698,0.68358,0.68854,0.68282,0.68717,0.68368,0.69183,0.68892,0.68669,0.68936,0.68386,0.68713,0.68609,0.68605,0.68838,0.68683,0.68553,0.68047,0.682,0.6839,0.68427,0.68104,0.68972,0.68732,0.68487,0.68339,0.68252,0.68052,0.68295,0.68326,0.67938,0.68317,0.6818,0.6773,0.6798,0.68076,0.68636,0.68291,0.67805,0.68247,0.67725,0.68371,0.6797,0.68051,0.68393,0.67726,0.67684
Synth_Outdoor_NH3_5,NH3,10.0,1,0.6282,0.62754,0.63713,0.64428,0.65156,0.65413,0.66187,0.67444,0.67667,0.69126,0.70468,0.71836,0.73,0.74635,0.75587,0.77701,0.79699,0.81106,0.83162,0.85067,0.86679,0.88603,0.90083,0.9199,0.93853,0.95332,0.96662,0.98297,0.99771,1.00352,1.02346,1.03083,1.04304,1.0545,1.05686,1.06659,1.07498,1.08047,1.09294,1.09214,1.09811,1.10479,1.10569,1.11172,1.11698,1.11838,1.12163,1.12293,1.12268,1.12931,1.1348,1.13216,1.1341,1.13645,1.13248,1.14055,1.1372,1.14095,1.13502,1.14128,1.13848,1.13771,1.13658,1.13488,1.13787,1.13451,1.12844,1.12968,1.13102,1.13137,1.12958,1.13203,1.12341,1.12801,1.1225,1.12828,1.12539,1.12584,1.12166,1.12598,1.12423,1.1218,1.11869,1.11919,1.11469,1.11731,1.11802,1.11527,1.10943,1.11071,1.1051,1.1084,1.10676,1.0997,1.10026,1.10126,1.10001,1.09653,1.09931,1.09782,1.09552,1.09294,1.09637,1.09689,1.0906,1.08932,1.09107,1.0879,1.08735,1.08841,1.08067,1.08765,1.08346,1.0812,1.08098,1.08017,1.07503,1.08222,1.07764,1.07775,1.07823,1.07229,1.07849,1.07809,1.07565,1.05353,1.03415,1.00054,0.96636,0.93008,0.89815,0.87404,0.85425,0.83329,0.82065,0.80238,0.78228,0.77619,0.76331,0.75162,0.74332,0.73824,0.7336,0.72402,0.71527,0.71202,0.70431,0.69873,0.69297,0.68722,0.6867,0.68444,0.68045,0.67655,0.67237,0.67358,0.66628,0.66919,0.66259,0.66121,0.65754,0.65819,0.66024,0.65755,0.65726,0.65475,0.64942,0.65014,0.64786,0.65202,0.64467,0.64894,0.64803,0.64951,0.64312,0.64515,0.64833,0.64037,0.63741,0.63591,0.64177,0.6347,0.63794,0.63942,0.63829,0.63841,0.63745,0.63967,0.63367,0.63397,0.63334,0.63697,0.63679,0.63531,0.63681,0.63059,0.6374,0.63674,0.63447,0.63682,0.62795,0.63053,0.62978,0.63318,0.62852,0.63281,0.63413,0.63224,0.63101,0.62765,0.62782,0.63288,0.63153,0.62932,0.62823,0.62405,0.62628,0.63357,0.62544,0.62898,0.6309,0.62511,0.6286,0.63037,0.62793,0.63494,0.62346,0.63015,0.62694,0.62917,0.62824,0.6252,0.6275,0.62219,0.62824,0.6274,0.62816,0.62914,0.62733,0.62669,0.62401,0.62434,0.62901,0.62955,0.62529,0.62593,0.62347,0.62858,0.62723,0.63033
Synth_Outdoor_NH3_6,NH3,10.0,1,0.47053,0.4742,0.47569,0.4787,0.48877,0.49511,0.49868,0.51307,0.52244,0.53074,0.54256,0.55681,0.56737,0.58465,0.59515,0.61945,0.63077,0.65626,0.66977,0.6883,0.70542,0.7242,0.74611,0.75352,0.77957,0.79315,0.80442,0.8191,0.83957,0.84577,0.85722,0.87395,0.8822,0.88841,0.89996,0.9049,0.91771,0.92454,0.92957,0.93493,0.94376,0.94407,0.94543,0.95342,0.96096,0.9562,0.96041,0.96452,0.9651,0.96411,0.97047,0.97438,0.96974,0.96748,0.96614,0.97073,0.97271,0.97088,0.96934,0.96741,0.96547,0.96956,0.96886,0.96166,0.96832,0.96459,0.96537,0.95718,0.95578,0.95762,0.95814,0.96028,0.9564,0.95273,0.94924,0.95316,0.94589,0.95068,0.94441,0.94776,0.94416,0.94073,0.93823,0.93694,0.93697,0.93424,0.93081,0.93027,0.92948,0.92273,0.92807,0.92335,0.92171,0.91913,0.91757,0.91741,0.91783,0.92331,0.91592,0.91647,0.91589,0.91411,0.9125,0.9087,0.91431,0.91418,0.90436,0.90497,0.90583,0.90321,0.906,0.90206,0.90841,0.905,0.90148,0.90239,0.9015,0.89622,0.89449,0.89566,0.89659,0.89356,0.89139,0.89454,0.8912,0.87686,0.85823,0.81837,0.78731,0.7544,0.72815,0.69811,0.67976,0.66165,0.64436,0.62893,0.61705,0.59768,0.5949,0.5837,0.57391,0.57146,0.55722,0.55111,0.55089,0.53811,0.53358,0.52978,0.52782,0.52214,0.51461,0.51303,0.50961,0.50792,0.50638,0.50376,0.49585,0.5007,0.49658,0.49747,0.4933,0.49322,0.49002,0.49069,0.48718,0.48427,0.48891,0.48428,0.48236,0.47667,0.47565,0.47866,0.47741,0.47467,0.47576,0.47864,0.47565,0.47034,0.47223,0.46984,0.47029,0.46963,0.4689,0.46642,0.46872,0.46716,0.46078,0.47279,0.46996,0.46587,0.46644,0.46309,0.46989,0.47003,0.46533,0.46713,0.46469,0.4606,0.46261,0.46371,0.46198,0.4623,0.46234,0.4621,0.46218,0.45916,0.45978,0.45813,0.46358,0.45565,0.46358,0.46395,0.45954,0.4536,0.45902,0.45955,0.45703,0.45808,0.46301,0.46066,0.45653,0.4547,0.45773,0.45786,0.45948,0.45675,0.45922,0.46262,0.45966,0.45736,0.45688,0.45633,0.46006,0.45543,0.457,0.45688,0.45538,0.45305,0.45716,0.45608,0.45736,0.45466,0.45894,0.45358,0.45995,0.45122,0.4566,0.45664,0.45341,0.4564
Synth_Outdoor_NH3_7,NH3,10.0,1,0.49679,0.49195,0.49945,0.51066,0.51089,0.51624,0.52645,0.54098,0.54126,0.55438,0.57304,0.58728,0.59666,0.60905,0.63352,0.64926,0.66465,0.67907,0.69942,0.7176,0.73714,0.75801,0.77433,0.78677,0.80961,0.82297,0.83917,0.8556,0.86291,0.87862,0.88964,0.89859,0.91434,0.93017,0.92908,0.94289,0.9534,0.96046,0.96772,0.97216,0.983,0.98719,0.98986,1.00428,1.00933,1.01242,1.01786,1.02463,1.02676,1.03239,1.03326,1.04114,1.04234,1.04542,1.04474,1.05114,1.05035,1.05231,1.05326,1.05382,1.06273,1.06148,1.06343,1.05573,1.05919,1.05599,1.05768,1.05718,1.06247,1.05812,1.06126,1.05933,1.06281,1.05249,1.05841,1.05728,1.0511,1.05513,1.05249,1.05006,1.04733,1.04617,1.05186,1.04591,1.04725,1.04274,1.04222,1.04621,1.03921,1.04029,1.04022,1.03941,1.03771,1.03813,1.03792,1.03704,1.03174,1.03242,1.03518,1.03353,1.02692,1.03025,1.02346,1.02755,1.03116,1.02311,1.02255,1.02574,1.01921,1.02073,1.02302,1.01916,1.01933,1.02105,1.01963,1.01879,1.01696,1.01845,1.01689,1.01795,1.01517,1.01534,1.01667,1.02137,1.01427,0.99755,0.97381,0.93722,0.89681,0.85217,0.8208,0.79321,0.76819,0.74292,0.72556,0.70829,0.69132,0.67155,0.66397,0.65711,0.63974,0.62888,0.62257,0.61412,0.60871,0.59563,0.59419,0.58794,0.58069,0.57689,0.57402,0.56937,0.5604,0.56167,0.55607,0.55326,0.55033,0.54704,0.54784,0.54228,0.53747,0.53722,0.53672,0.53753,0.53426,0.529,0.53581,0.52884,0.53004,0.52521,0.52576,0.52542,0.52529,0.52387,0.52245,0.51859,0.51711,0.51857,0.51933,0.5157,0.51822,0.51852,0.51195,0.51155,0.51274,0.51335,0.51079,0.515,0.51222,0.5108,0.50664,0.50651,0.51011,0.50371,0.51124,0.50796,0.51612,0.51346,0.50691,0.50682,0.5093,0.5108,0.50222,0.50159,0.50425,0.50704,0.50662,0.50784,0.50195,0.49896,0.50674,0.50234,0.49918,0.50444,0.50592,0.50347,0.5025,0.5031,0.50244,0.49983,0.50127,0.50421,0.50358,0.50309,0.5001,0.50202,0.49693,0.50272,0.50577,0.4984,0.50054,0.50274,0.50495,0.50061,0.49991,0.49666,0.50177,0.50655,0.50209,0.50127,0.50206,0.50115,0.49907,0.50309,0.50152,0.50096,0.49843,0.50408,0.50245,0.49937
Synth_Outdoor_NH3_8,NH3,10.0,1,0.46611,0.46952,0.47151,0.48282,0.48394,0.4936,0.50065,0.516,0.52741,0.53981,0.55212,0.56703,0.58734,0.60187,0.62183,0.63723,0.65877,0.68098,0.69898,0.71647,0.73813,0.75659,0.77655,0.7945,0.81303,0.8315,0.84531,0.86137,0.87598,0.89032,0.90558,0.92277,0.9334,0.94969,0.9607,0.96748,0.98544,0.99685,1.00307,1.01728,1.02467,1.03757,1.04446,1.05313,1.06617,1.07596,1.08411,1.09086,1.10127,1.11111,1.11823,1.12626,1.13128,1.14272,1.14329,1.15363,1.16111,1.16446,1.1674,1.17084,1.17866,1.17584,1.17976,1.18359,1.18961,1.18888,1.18663,1.18927,1.18925,1.18939,1.19367,1.18746,1.1942,1.19118,1.19046,1.18504,1.18421,1.17934,1.17989,1.18068,1.18095,1.1732,1.1731,1.17167,1.16677,1.16997,1.16486,1.16425,1.16159,1.15864,1.15828,1.15549,1.15305,1.15019,1.1507,1.152,1.14632,1.14664,1.13886,1.14091,1.13596,1.1331,1.13291,1.13581,1.13337,1.12985,1.12371,1.12548,1.12525,1.12348,1.11706,1.11817,1.11899,1.11926,1.11118,1.11504,1.11457,1.11508,1.11346,1.11201,1.10742,1.10321,1.11001,1.11537,1.10976,1.08933,1.05715,1.01489,0.96415,0.91686,0.88212,0.84257,0.81953,0.78825,0.76855,0.7402,0.72566,0.70465,0.68686,0.67626,0.66483,0.64793,0.63506,0.62828,0.61881,0.61172,0.60474,0.59486,0.59288,0.58256,0.57533,0.5668,0.56518,0.56036,0.55929,0.55403,0.54622,0.54613,0.54413,0.54326,0.53884,0.53588,0.53163,0.53011,0.5301,0.52157,0.5221,0.51926,0.52044,0.52097,0.51488,0.50897,0.51255,0.51457,0.51241,0.51099,0.50812,0.50461,0.50811,0.50383,0.51047,0.50561,0.50193,0.50111,0.5017,0.50063,0.50336,0.50042,0.49751,0.5035,0.49837,0.49967,0.49575,0.49771,0.49715,0.49123,0.50061,0.49842,0.49383,0.49171,0.495,0.49401,0.49437,0.49367,0.49417,0.49624,0.49379,0.48951,0.49529,0.49575,0.49931,0.48844,0.49165,0.48567,0.49208,0.48915,0.49517,0.48825,0.48582,0.48872,0.48482,0.49149,0.48434,0.48943,0.48408,0.48837,0.49319,0.48987,0.48671,0.4887,0.48874,0.48978,0.4851,0.48993,0.48163,0.48677,0.48707,0.48984,0.48826,0.48463,0.48563,0.48854,0.48781,0.48651,0.48672,0.48964,0.48658,0.48763,0.49326,0.48426
Synth_Outdoor_NH3_9,NH3,10.0,1,0.54812,0.55374,0.55881,0.56785,0.58173,0.59067,0.60299,0.61097,0.62677,0.63911,0.66211,0.68573,0.70507,0.7247,0.74756,0.7691,0.79513,0.82073,0.8391,0.86817,0.89377,0.91399,0.93981,0.96757,0.9821,1.0044,1.02178,1.04336,1.06251,1.07946,1.09332,1.11262,1.13137,1.14389,1.15968,1.17058,1.18643,1.19816,1.20749,1.22244,1.23038,1.24219,1.25498,1.2659,1.27291,1.28927,1.29846,1.30524,1.31251,1.32476,1.33216,1.34117,1.34715,1.34979,1.36004,1.36614,1.37395,1.37565,1.386,1.38089,1.39227,1.39135,1.39636,1.39627,1.40046,1.39785,1.39672,1.40333,1.3994,1.39979,1.40141,1.39441,1.39687,1.39209,1.39117,1.38939,1.38295,1.38208,1.38463,1.38062,1.37523,1.373,1.36863,1.3693,1.36174,1.35925,1.35828,1.3505,1.35361,1.34343,1.34886,1.34086,1.33784,1.33028,1.33042,1.32555,1.32333,1.32143,1.32127,1.31653,1.31396,1.30765,1.30541,1.30951,1.30059,1.30419,1.29722,1.29591,1.29677,1.29539,1.28983,1.28701,1.28554,1.28418,1.28315,1.27863,1.27794,1.2782,1.2727,1.27038,1.26377,1.25874,1.26897,1.26924,1.2604,1.24099,1.20481,1.16064,1.1039,1.04775,1.00805,0.96786,0.93655,0.90419,0.87676,0.85411,0.83168,0.81258,0.79225,0.77146,0.75956,0.74852,0.73284,0.72108,0.71323,0.6989,0.68753,0.68239,0.67365,0.66506,0.66022,0.65556,0.64842,0.64376,0.64245,0.63234,0.62947,0.62335,0.61864,0.61566,0.61249,0.61139,0.61336,0.60286,0.60095,0.59932,0.59813,0.59559,0.59604,0.58479,0.58303,0.58597,0.58826,0.57997,0.57486,0.58234,0.58015,0.57551,0.57454,0.57338,0.57494,0.572,0.5738,0.56443,0.56848,0.56689,0.5682,0.56667,0.5692,0.56179,0.56581,0.56638,0.56894,0.56247,0.56388,0.55799,0.55595,0.5635,0.56085,0.56329,0.55641,0.56065,0.56354,0.55946,0.55868,0.55759,0.55325,0.5602,0.55492,0.55735,0.55182,0.55246,0.55868,0.5539,0.5581,0.55399,0.54927,0.55582,0.55183,0.5548,0.55286,0.54872,0.55277,0.55761,0.5531,0.55149,0.55408,0.55173,0.55153,0.54809,0.55123,0.55304,0.54816,0.55363,0.54967,0.54753,0.55208,0.54871,0.55117,0.54837,0.54879,0.55004,0.54939,0.54355,0.54563,0.55065,0.54787,0.54676,0.54453,0.54508
Synth_Outdoor_NH3_10,NH3,10.0,1,0.52036,0.52473,0.53385,0.54338,0.55775,0.56058,0.58041,0.59464,0.60645,0.62664,0.6442,0.66635,0.69136,0.71186,0.73522,0.75714,0.77923,0.80746,0.83615,0.85443,0.88045,0.90782,0.92892,0.95263,0.97603,0.99512,1.0166,1.04038,1.05397,1.07093,1.09022,1.10977,1.12284,1.13673,1.152,1.16094,1.1795,1.19173,1.20189,1.21718,1.22311,1.2397,1.24794,1.25701,1.2676,1.27682,1.28928,1.29226,1.30129,1.31374,1.31732,1.32833,1.33709,1.33826,1.347,1.34793,1.35756,1.36046,1.36499,1.36559,1.36607,1.3741,1.36979,1.37572,1.37971,1.37812,1.38231,1.37948,1.37454,1.37528,1.3739,1.36864,1.36858,1.36768,1.36195,1.36503,1.36196,1.35581,1.35806,1.35546,1.35051,1.34518,1.34335,1.3394,1.33423,1.32724,1.32589,1.32407,1.31549,1.31813,1.30759,1.30513,1.29951,1.29812,1.28968,1.28919,1.28433,1.2839,1.2827,1.27849,1.26752,1.27518,1.2674,1.26157,1.26115,1.259,1.25487,1.25492,1.25054,1.24837,1.24483,1.24015,1.24142,1.23996,1.23713,1.23507,1.23102,1.22611,1.22708,1.21923,1.21808,1.21523,1.22248,1.22313,1.21409,1.19467,1.15544,1.11273,1.05901,1.00887,0.96366,0.92688,0.89692,0.86868,0.83854,0.81618,0.79203,0.76869,0.75746,0.74205,0.72616,0.70685,0.69821,0.68191,0.68018,0.66419,0.66097,0.65181,0.63943,0.63166,0.6287,0.61951,0.61611,0.60931,0.60108,0.59532,0.59711,0.59109,0.58729,0.58684,0.58469,0.57794,0.57483,0.57418,0.56691,0.56843,0.56691,0.56505,0.55642,0.55739,0.55524,0.55592,0.55517,0.55615,0.54967,0.54826,0.55104,0.54763,0.54883,0.54522,0.54047,0.53899,0.53743,0.54199,0.54237,0.54312,0.53971,0.53969,0.53452,0.53233,0.53664,0.53486,0.53343,0.53351,0.53273,0.53455,0.53401,0.53158,0.53182,0.53047,0.52754,0.53012,0.52427,0.52995,0.52391,0.52718,0.52397,0.52706,0.52521,0.52096,0.52566,0.52283,0.52616,0.52364,0.52432,0.52063,0.52126,0.52131,0.52432,0.5261,0.51965,0.52411,0.51578,0.518,0.51838,0.51717,0.51637,0.52114,0.51937,0.52067,0.52128,0.52003,0.52084,0.51883,0.51585,0.5213,0.517,0.51598,0.51771,0.51571,0.51679,0.51854,0.51842,0.51519,0.51607,0.51984,0.51828,0.5221,0.51975,0.51955
Synth_Outdoor_NH3_11,NH3,10.0,1,0.56992,0.5743,0.58337,0.59423,0.6037,0.61273,0.6306,0.64255,0.6617,0.67889,0.69907,0.72288,0.741,0.77217,0.78733,0.81574,0.84402,0.87061,0.89495,0.92101,0.94813,0.97227,1.0016,1.02494,1.04893,1.06719,1.0911,1.11103,1.12877,1.15076,1.16625,1.18621,1.19821,1.22081,1.22936,1.24657,1.26185,1.27175,1.2881,1.29509,1.31349,1.32111,1.33048,1.34179,1.35485,1.36123,1.37028,1.38059,1.38666,1.40219,1.40379,1.4144,1.41955,1.42276,1.43093,1.43814,1.44036,1.44797,1.45123,1.45418,1.45342,1.45406,1.45679,1.45971,1.46109,1.45441,1.45958,1.45932,1.45707,1.45946,1.45525,1.45496,1.44845,1.44826,1.44676,1.44253,1.43283,1.43131,1.42771,1.42667,1.42391,1.41644,1.41479,1.40523,1.40912,1.39937,1.39604,1.39054,1.38955,1.37494,1.37746,1.37276,1.36747,1.36859,1.35784,1.3579,1.35289,1.35127,1.34269,1.3387,1.33947,1.33408,1.3255,1.32455,1.32355,1.32145,1.31453,1.30582,1.31138,1.30393,1.29887,1.29396,1.30033,1.29599,1.29257,1.2942,1.29003,1.29021,1.28046,1.28165,1.2755,1.27642,1.27864,1.28197,1.27258,1.25296,1.21822,1.17534,1.11581,1.0609,1.02038,0.98102,0.95388,0.91991,0.89244,0.86839,0.84928,0.827,0.80746,0.79647,0.77479,0.76295,0.75159,0.734,0.72836,0.71447,0.70987,0.69679,0.69296,0.68664,0.6792,0.67133,0.66426,0.65792,0.65793,0.64773,0.64242,0.64252,0.63495,0.6309,0.62625,0.62544,0.62342,0.62138,0.62045,0.61688,0.61269,0.61042,0.61006,0.60995,0.60518,0.60189,0.59885,0.59608,0.5998,0.59808,0.59667,0.59358,0.59616,0.59024,0.59268,0.5891,0.58663,0.5886,0.58717,0.58612,0.58453,0.58336,0.58862,0.58483,0.58292,0.58067,0.58222,0.58034,0.57848,0.57702,0.57699,0.5687,0.57657,0.57429,0.57896,0.57451,0.571,0.57337,0.57045,0.57384,0.57298,0.57427,0.5695,0.57119,0.5673,0.57209,0.57129,0.57089,0.56932,0.57005,0.57271,0.56771,0.56849,0.56517,0.56544,0.56759,0.56985,0.56619,0.56598,0.56533,0.56478,0.56662,0.5619,0.56864,0.56358,0.56687,0.56169,0.56635,0.56616,0.56524,0.56161,0.56453,0.5608,0.56298,0.56605,0.56534,0.56325,0.56063,0.56451,0.56277,0.55678,0.5644,0.56225,0.5652
Synth_Outdoor_NH3_12,NH3,10.0,1,0.51586,0.52171,0.52433,0.53545,0.55588,0.56137,0.57854,0.59128,0.60546,0.62956,0.65011,0.67194,0.69605,0.72146,0.7458,0.76913,0.80008,0.82086,0.84774,0.88189,0.90827,0.93345,0.95621,0.98327,1.0088,1.02903,1.05383,1.07892,1.10141,1.1163,1.13767,1.14841,1.17133,1.18343,1.20118,1.21411,1.23179,1.23957,1.25611,1.26625,1.27848,1.28998,1.29942,1.31222,1.32258,1.33351,1.34301,1.35437,1.36381,1.3676,1.38053,1.38284,1.3942,1.40059,1.40012,1.41043,1.41385,1.41766,1.42699,1.42568,1.42882,1.43432,1.43898,1.43975,1.44528,1.44501,1.43833,1.44146,1.43948,1.43943,1.42856,1.43817,1.42952,1.42482,1.42364,1.42273,1.4151,1.41105,1.40445,1.39879,1.39294,1.3872,1.3828,1.37647,1.37499,1.36625,1.36615,1.36072,1.35651,1.35035,1.35493,1.34637,1.33568,1.33528,1.32907,1.32399,1.31909,1.31964,1.31307,1.31352,1.31004,1.30746,1.2985,1.29861,1.29585,1.29004,1.28627,1.28913,1.28262,1.28052,1.2739,1.27012,1.26905,1.26753,1.26266,1.26279,1.25626,1.25539,1.25772,1.2556,1.25122,1.2475,1.25034,1.25351,1.2481,1.2271,1.18754,1.13795,1.08644,1.02871,0.9846,0.95126,0.91611,0.88389,0.8527,0.83134,0.81068,0.78634,0.77171,0.75424,0.73934,0.72144,0.70881,0.6986,0.6849,0.67213,0.66268,0.65553,0.64354,0.63881,0.63485,0.62007,0.6233,0.6166,0.60739,0.60498,0.59906,0.59782,0.59319,0.58345,0.58488,0.57956,0.57717,0.57221,0.57563,0.57126,0.56435,0.56055,0.56075,0.56072,0.5583,0.559,0.55607,0.55486,0.55165,0.54586,0.54743,0.54919,0.54511,0.54527,0.54203,0.53914,0.54034,0.54041,0.53703,0.53716,0.53452,0.53883,0.53448,0.53807,0.53753,0.53279,0.52978,0.52642,0.52733,0.52696,0.53326,0.52954,0.52971,0.52269,0.52472,0.52945,0.52748,0.52594,0.5273,0.52955,0.52452,0.52486,0.52478,0.52993,0.51835,0.52496,0.52267,0.52407,0.52074,0.52197,0.5236,0.52933,0.5233,0.51889,0.5197,0.51938,0.51582,0.51925,0.52171,0.51649,0.52211,0.5205,0.51725,0.51852,0.52267,0.52031,0.51832,0.51753,0.51817,0.51656,0.51245,0.52269,0.51784,0.51831,0.51702,0.51521,0.51647,0.51283,0.52241,0.51354,0.51395,0.51533,0.51956,0.51628
Synth_Outdoor_NH3_13,NH3,10.0,1,0.58423,0.58968,0.59776,0.6113,0.62182,0.62766,0.64783,0.66071,0.67857,0.69222,0.71668,0.73711,0.76451,0.78952,0.80698,0.83815,0.86754,0.89117,0.92049,0.94654,0.97332,0.99815,1.02162,1.04696,1.07575,1.09728,1.11908,1.13963,1.16019,1.1829,1.19796,1.2132,1.23535,1.24915,1.26516,1.28396,1.29414,1.30854,1.31797,1.33302,1.3473,1.35372,1.36956,1.3805,1.39129,1.40425,1.41258,1.42498,1.42786,1.43917,1.44691,1.4514,1.46337,1.47318,1.47304,1.47939,1.48301,1.48524,1.48628,1.49243,1.49355,1.50358,1.50056,1.50095,1.50467,1.49977,1.50036,1.50164,1.50273,1.49969,1.49692,1.49409,1.49224,1.48902,1.48318,1.48298,1.47705,1.47661,1.47153,1.47499,1.4642,1.4565,1.4553,1.45251,1.45103,1.44116,1.4345,1.43634,1.42678,1.42503,1.42122,1.41736,1.4149,1.40704,1.40379,1.40048,1.3972,1.3936,1.39107,1.38863,1.38389,1.38037,1.37168,1.37214,1.36966,1.36716,1.36073,1.35796,1.35535,1.35531,1.35353,1.34662,1.34654,1.34153,1.33797,1.33489,1.33472,1.33133,1.33402,1.3241,1.32543,1.32034,1.32185,1.32504,1.31705,1.30198,1.25792,1.20728,1.15541,1.09417,1.05399,1.01611,0.98393,0.95361,0.9221,0.89774,0.87322,0.85136,0.83585,0.8144,0.80055,0.78442,0.77483,0.76557,0.74638,0.73446,0.72907,0.72045,0.71267,0.70335,0.69684,0.69162,0.6871,0.67385,0.67245,0.6689,0.6614,0.66365,0.65364,0.65131,0.6492,0.64296,0.63664,0.6372,0.63801,0.63192,0.62812,0.63016,0.62476,0.62217,0.62181,0.62148,0.62372,0.61812,0.61734,0.61163,0.60887,0.6102,0.60899,0.60478,0.60584,0.6061,0.60488,0.60415,0.60259,0.59962,0.59869,0.59611,0.60274,0.59749,0.59611,0.59358,0.6025,0.59177,0.59272,0.59422,0.59407,0.59436,0.5959,0.5921,0.58765,0.58914,0.59007,0.59401,0.58486,0.59089,0.5879,0.58913,0.58638,0.58418,0.58781,0.58721,0.58767,0.58488,0.58307,0.58035,0.58598,0.58468,0.5809,0.58169,0.58162,0.57879,0.58019,0.57915,0.58071,0.57964,0.5772,0.5861,0.58395,0.57864,0.58107,0.58125,0.58301,0.57779,0.58239,0.5781,0.57594,0.58091,0.58215,0.58527,0.57564,0.58025,0.57735,0.5802,0.57443,0.5748,0.57588,0.57788,0.57595,0.57908
Synth_Outdoor_NH3_14,NH3,10.0,1,0.59101,0.59405,0.59772,0.61363,0.61988,0.63685,0.65304,0.66633,0.67907,0.69964,0.7258,0.74397,0.76775,0.79368,0.81864,0.84336,0.8684,0.89467,0.92423,0.95002,0.97436,1.00345,1.02557,1.04832,1.07237,1.09475,1.11859,1.14355,1.15874,1.18046,1.19685,1.21555,1.22921,1.24828,1.26334,1.27953,1.29262,1.30259,1.32145,1.33182,1.34372,1.35442,1.36401,1.37654,1.38738,1.39149,1.40367,1.41299,1.42245,1.43258,1.43532,1.44339,1.45022,1.45589,1.46301,1.4713,1.47177,1.47992,1.47842,1.48463,1.48822,1.49588,1.49332,1.49037,1.49225,1.49817,1.4998,1.49878,1.49729,1.49845,1.49262,1.49441,1.48615,1.48589,1.48132,1.48254,1.48026,1.47758,1.47415,1.46811,1.46617,1.45892,1.46193,1.45349,1.44864,1.44934,1.43768,1.43336,1.42883,1.42652,1.42267,1.41828,1.41771,1.40055,1.40268,1.39508,1.39066,1.38632,1.38158,1.38435,1.37873,1.37327,1.37324,1.3628,1.35995,1.35459,1.35521,1.3545,1.35171,1.3494,1.34322,1.34655,1.3429,1.3419,1.33318,1.33664,1.33094,1.33105,1.33157,1.32875,1.32469,1.32477,1.3238,1.33221,1.32121,1.30343,1.26409,1.21702,1.16227,1.11212,1.06386,1.02976,0.9936,0.95931,0.93539,0.90897,0.88938,0.86567,0.85213,0.83232,0.81628,0.80387,0.79132,0.77662,0.76348,0.75058,0.74372,0.73501,0.72862,0.7199,0.71542,0.70561,0.70091,0.69834,0.69097,0.68505,0.67911,0.67477,0.67022,0.66722,0.6669,0.66112,0.6552,0.66006,0.6537,0.6468,0.64678,0.64588,0.64769,0.6386,0.6419,0.64115,0.63434,0.63358,0.63012,0.63073,0.62973,0.63012,0.62992,0.62412,0.61993,0.62371,0.62346,0.62238,0.61999,0.62024,0.62284,0.61918,0.61651,0.61545,0.61557,0.61939,0.61419,0.61398,0.61221,0.61562,0.61722,0.61296,0.61154,0.61093,0.6044,0.61176,0.6098,0.61015,0.60691,0.60736,0.60692,0.61016,0.60631,0.61214,0.60771,0.60316,0.60576,0.60416,0.60005,0.60932,0.60684,0.60622,0.60507,0.60099,0.60302,0.60613,0.60121,0.59737,0.60298,0.60305,0.60358,0.6049,0.6045,0.60342,0.60561,0.59869,0.60363,0.60381,0.59906,0.59828,0.60008,0.6002,0.60364,0.60013,0.59945,0.6,0.60427,0.60143,0.60089,0.60096,0.60439,0.59923,0.60434,0.60153
Synth_Outdoor_NH3_15,NH3,10.0,1,0.68546,0.69811,0.69686,0.70789,0.71662,0.73493,0.7509,0.76655,0.78268,0.79794,0.8178,0.83619,0.86833,0.88832,0.91063,0.94051,0.96049,0.98991,1.01452,1.04248,1.06641,1.08824,1.11677,1.1432,1.16369,1.18796,1.20471,1.22758,1.24548,1.26741,1.28332,1.30186,1.31891,1.33317,1.34656,1.35711,1.37276,1.38404,1.39667,1.40828,1.418,1.4264,1.44004,1.45235,1.45838,1.47139,1.48532,1.49191,1.50182,1.50655,1.51586,1.51805,1.52471,1.5255,1.54076,1.5466,1.54588,1.55074,1.55323,1.5594,1.56414,1.55935,1.56654,1.5662,1.5681,1.56936,1.56764,1.56718,1.56578,1.56728,1.56416,1.56187,1.55618,1.55631,1.55738,1.55314,1.55247,1.55286,1.54846,1.54337,1.5389,1.53078,1.53375,1.53045,1.52918,1.52477,1.52127,1.51454,1.51349,1.51379,1.51349,1.50542,1.50288,1.50083,1.49282,1.49219,1.48591,1.4864,1.48107,1.47791,1.4717,1.47193,1.47189,1.46063,1.45874,1.45655,1.4543,1.4472,1.43768,1.44442,1.43941,1.42984,1.42955,1.43212,1.42913,1.42513,1.41948,1.41724,1.4138,1.41406,1.40625,1.40339,1.40976,1.40771,1.40274,1.37597,1.34219,1.29339,1.24251,1.18574,1.14504,1.10618,1.07886,1.04951,1.0168,1.00034,0.98136,0.95528,0.93534,0.92735,0.90172,0.89106,0.87862,0.86975,0.85646,0.84431,0.83396,0.82697,0.8174,0.81272,0.8044,0.79578,0.79681,0.78696,0.77997,0.778,0.77419,0.76555,0.76689,0.75983,0.76334,0.75719,0.75189,0.74819,0.74716,0.7465,0.74257,0.73989,0.73851,0.7349,0.73369,0.72755,0.73355,0.73031,0.72615,0.73143,0.72557,0.7215,0.72501,0.7227,0.72159,0.7185,0.7197,0.71698,0.71813,0.71111,0.71398,0.71858,0.7116,0.71133,0.71103,0.70846,0.70537,0.7097,0.71008,0.70903,0.70827,0.70825,0.71021,0.70673,0.70535,0.70568,0.70744,0.70911,0.70363,0.70507,0.70532,0.70165,0.70386,0.69984,0.69881,0.70389,0.70176,0.70299,0.70222,0.69955,0.70164,0.69845,0.70481,0.69774,0.70047,0.6982,0.70206,0.69963,0.699,0.70227,0.70008,0.70115,0.69729,0.69611,0.69975,0.69856,0.7008,0.69891,0.69952,0.69483,0.70351,0.69826,0.70034,0.69643,0.69922,0.69512,0.69945,0.69738,0.69828,0.69987,0.69499,0.69631,0.69913,0.7032
Synth_Outdoor_NH3_16,NH3,10.0,1,0.68015,0.69087,0.68885,0.70228,0.70841,0.7185,0.7391,0.75383,0.76945,0.78808,0.81571,0.8282,0.8522,0.87235,0.89859,0.92176,0.94629,0.9771,1.00086,1.02351,1.04235,1.07165,1.1032,1.11908,1.14492,1.16752,1.18543,1.20288,1.21808,1.24417,1.25788,1.27699,1.28929,1.30685,1.32196,1.33621,1.34584,1.36419,1.37182,1.38087,1.39621,1.40773,1.41897,1.43264,1.43906,1.44939,1.4565,1.47039,1.4773,1.48377,1.48755,1.50289,1.50272,1.51028,1.51807,1.51904,1.52253,1.52455,1.53457,1.5337,1.54412,1.53549,1.5363,1.53733,1.53893,1.53616,1.53728,1.53123,1.52773,1.52376,1.51928,1.5196,1.51577,1.51017,1.50978,1.5045,1.49523,1.48608,1.48347,1.47759,1.47171,1.46591,1.46049,1.45578,1.44989,1.4468,1.44214,1.43408,1.43493,1.42485,1.41892,1.41978,1.4128,1.41178,1.40128,1.4073,1.40226,1.39369,1.39074,1.39571,1.38673,1.38343,1.37658,1.37791,1.37459,1.37326,1.36438,1.36057,1.36213,1.36035,1.35083,1.35453,1.34916,1.3492,1.34384,1.33542,1.3392,1.34018,1.33329,1.33266,1.33124,1.32213,1.33575,1.33051,1.32692,1.3062,1.27763,1.23288,1.18218,1.1314,1.09562,1.05513,1.03126,0.99973,0.98107,0.95607,0.93706,0.91724,0.89583,0.8827,0.87249,0.85832,0.84904,0.83622,0.82279,0.81398,0.80771,0.79384,0.79656,0.78676,0.78249,0.76967,0.77131,0.76874,0.75518,0.75602,0.75001,0.74233,0.74384,0.74137,0.73463,0.73611,0.72627,0.72408,0.7257,0.7231,0.71907,0.72083,0.71818,0.71715,0.71294,0.71311,0.70895,0.71373,0.70517,0.71112,0.70467,0.69994,0.70565,0.70145,0.7022,0.70212,0.69894,0.69569,0.69872,0.69545,0.69638,0.68852,0.6943,0.69087,0.69594,0.6927,0.69111,0.69113,0.68685,0.69284,0.69325,0.68872,0.69124,0.68536,0.68434,0.68601,0.68658,0.68409,0.68603,0.68506,0.68144,0.68486,0.68538,0.68331,0.68544,0.6792,0.68312,0.67873,0.67861,0.67955,0.67852,0.67925,0.67982,0.68218,0.67906,0.67568,0.6823,0.67717,0.67894,0.68001,0.6792,0.68123,0.67949,0.67594,0.68336,0.67823,0.67723,0.67986,0.67795,0.6782,0.68328,0.67621,0.67596,0.6769,0.67915,0.67263,0.67147,0.6749,0.67226,0.67527,0.67757,0.67407,0.67272,0.67644
Synth_Outdoor_NH3_17,NH3,10.0,1,0.46391,0.46971,0.47759,0.4875,0.50093,0.50751,0.52304,0.53766,0.55626,0.57918,0.59252,0.61561,0.64426,0.66745,0.68893,0.71758,0.74248,0.77186,0.79488,0.82378,0.85415,0.87501,0.89914,0.92573,0.94724,0.97747,0.99432,1.01457,1.03353,1.05775,1.07564,1.08986,1.10944,1.12044,1.14036,1.15625,1.17417,1.18241,1.19517,1.20978,1.22196,1.24148,1.25438,1.26312,1.27671,1.28493,1.29477,1.30411,1.31363,1.31947,1.33238,1.33935,1.34851,1.35343,1.35861,1.36201,1.36894,1.37462,1.37342,1.37947,1.38234,1.38178,1.38318,1.38558,1.3819,1.38473,1.38028,1.38352,1.3849,1.37488,1.37606,1.37033,1.37192,1.36295,1.3637,1.35619,1.3533,1.34639,1.34603,1.33691,1.33561,1.32871,1.32455,1.32023,1.31286,1.3102,1.30858,1.29818,1.29877,1.29558,1.2859,1.28035,1.28072,1.27457,1.27665,1.26819,1.26243,1.25833,1.26107,1.25434,1.25351,1.25341,1.24737,1.24589,1.24335,1.24259,1.23992,1.23559,1.23416,1.23104,1.22622,1.22837,1.23016,1.22079,1.21848,1.21555,1.21688,1.21368,1.2096,1.20506,1.20501,1.19782,1.20399,1.20648,1.19249,1.16963,1.14112,1.08754,1.03692,0.97872,0.93395,0.89765,0.86057,0.83267,0.80383,0.77649,0.75794,0.73579,0.71722,0.69735,0.68859,0.67234,0.65927,0.6439,0.62912,0.62799,0.61339,0.60285,0.59758,0.59188,0.58188,0.57861,0.57207,0.56101,0.55676,0.55593,0.54216,0.54428,0.53707,0.53567,0.53259,0.52914,0.52557,0.5213,0.52704,0.52341,0.51341,0.51794,0.51081,0.51008,0.50762,0.5043,0.50665,0.50288,0.49982,0.49628,0.49591,0.49269,0.49553,0.49129,0.49246,0.49544,0.49393,0.48984,0.48872,0.49272,0.48846,0.48551,0.48196,0.48574,0.48607,0.48172,0.48337,0.48112,0.48096,0.47459,0.47969,0.48213,0.47761,0.47883,0.47634,0.47865,0.47676,0.47449,0.47976,0.47836,0.47415,0.47652,0.47625,0.47615,0.46998,0.47639,0.47214,0.47239,0.47962,0.47352,0.47157,0.46677,0.47551,0.46841,0.46902,0.47046,0.47462,0.47281,0.47029,0.47125,0.46879,0.47046,0.47013,0.4722,0.47206,0.47073,0.46842,0.47101,0.46876,0.46615,0.46771,0.46879,0.47075,0.46794,0.46528,0.46832,0.46836,0.46843,0.47014,0.47028,0.46616,0.46604,0.46492,0.46923
Synth_Outdoor_NH3_18,NH3,10.0,1,0.50293,0.51319,0.51847,0.52766,0.53464,0.55231,0.56268,0.57808,0.59754,0.61594,0.63728,0.656,0.68496,0.70943,0.72665,0.75942,0.78078,0.81104,0.83489,0.86129,0.88683,0.91619,0.93559,0.96515,0.99065,1.01315,1.03972,1.05417,1.07852,1.09553,1.11763,1.13239,1.14848,1.16899,1.18006,1.19265,1.20919,1.22579,1.24097,1.25055,1.26593,1.27117,1.28497,1.29643,1.30754,1.3183,1.32966,1.33625,1.34666,1.35467,1.3604,1.3698,1.37656,1.38289,1.38929,1.39483,1.39841,1.40692,1.40447,1.40859,1.41975,1.41204,1.41253,1.41847,1.41155,1.41568,1.42062,1.40988,1.40681,1.40563,1.40887,1.40637,1.39888,1.39824,1.39611,1.39298,1.38347,1.37358,1.37223,1.36806,1.36338,1.35866,1.35712,1.35288,1.3447,1.34331,1.33677,1.33142,1.32904,1.32273,1.32365,1.31124,1.31019,1.30804,1.30641,1.3055,1.29929,1.29282,1.29548,1.29226,1.28245,1.2842,1.2771,1.27625,1.27247,1.27358,1.26872,1.26211,1.26446,1.25566,1.25713,1.25134,1.2496,1.24896,1.24618,1.2454,1.23905,1.23727,1.23275,1.23167,1.22978,1.22563,1.22351,1.22975,1.2215,1.19727,1.16023,1.12003,1.06368,1.00814,0.9622,0.92611,0.89848,0.86593,0.83743,0.81581,0.79045,0.77616,0.75746,0.73616,0.72043,0.70143,0.69138,0.6799,0.6727,0.66152,0.64973,0.64384,0.63791,0.63064,0.61781,0.61594,0.60695,0.60722,0.60187,0.59293,0.58884,0.58549,0.57717,0.58003,0.57511,0.57506,0.5669,0.5653,0.56044,0.55922,0.55646,0.55972,0.55342,0.55352,0.55041,0.54643,0.5475,0.54787,0.54187,0.54551,0.54004,0.53968,0.54102,0.53689,0.53756,0.53567,0.53577,0.52856,0.52904,0.53428,0.53451,0.52885,0.52979,0.53045,0.53077,0.52334,0.52558,0.52636,0.52838,0.53231,0.52497,0.52151,0.52554,0.52738,0.52392,0.52097,0.52523,0.52413,0.51955,0.52271,0.52391,0.52406,0.52065,0.51963,0.52332,0.51698,0.52082,0.51603,0.52185,0.51829,0.52188,0.5197,0.51522,0.52164,0.52176,0.51992,0.51563,0.51662,0.51758,0.51529,0.52115,0.51714,0.50989,0.51735,0.51549,0.51606,0.51521,0.51807,0.51878,0.5166,0.51495,0.51556,0.5156,0.51342,0.51679,0.51644,0.51909,0.51831,0.51341,0.51714,0.51266,0.51672,0.51363,0.51231
Synth_Outdoor_NH3_19,NH3,10.0,1,0.49208,0.50189,0.51005,0.51807,0.52584,0.54044,0.5575,0.5735,0.58903,0.61045,0.62847,0.64689,0.6706,0.69142,0.71921,0.74753,0.77225,0.80017,0.82217,0.85258,0.87485,0.90476,0.92631,0.95279,0.97865,0.99759,1.02081,1.04476,1.06155,1.07801,1.10525,1.11642,1.13477,1.15314,1.16385,1.17733,1.19447,1.203,1.2201,1.23442,1.2457,1.25466,1.27427,1.28192,1.29626,1.30268,1.31136,1.32404,1.33215,1.33856,1.35347,1.35597,1.36009,1.37461,1.37609,1.3812,1.38301,1.39588,1.39184,1.39826,1.40284,1.40338,1.40334,1.39976,1.40203,1.40418,1.40111,1.40273,1.40267,1.40172,1.39422,1.40042,1.39416,1.38923,1.38869,1.38837,1.37514,1.37428,1.36486,1.36712,1.36328,1.35794,1.3521,1.34429,1.34604,1.34446,1.33506,1.3333,1.32394,1.32464,1.31816,1.31284,1.30847,1.30503,1.30265,1.29416,1.29227,1.28904,1.28238,1.28568,1.27521,1.2719,1.26743,1.27076,1.26404,1.25679,1.25846,1.25286,1.24974,1.24504,1.24087,1.24051,1.23525,1.23817,1.22755,1.23173,1.22491,1.22332,1.22213,1.21605,1.21745,1.20592,1.21324,1.21396,1.20523,1.18659,1.15293,1.10685,1.05194,0.99596,0.95479,0.91727,0.88635,0.85629,0.82758,0.80094,0.77944,0.75957,0.74179,0.72649,0.71226,0.69629,0.68352,0.67197,0.65935,0.64823,0.63685,0.63092,0.62587,0.61558,0.60992,0.60534,0.59954,0.59005,0.59012,0.58568,0.57558,0.57217,0.57329,0.56627,0.55764,0.55645,0.55628,0.55115,0.55038,0.54897,0.55016,0.54352,0.54477,0.54363,0.54174,0.53707,0.52977,0.53422,0.53415,0.52984,0.53302,0.52948,0.5275,0.52762,0.52463,0.5165,0.52047,0.52373,0.51779,0.51832,0.51537,0.52159,0.52052,0.51335,0.51519,0.51244,0.51503,0.51414,0.51429,0.51248,0.51842,0.50796,0.50571,0.5085,0.50509,0.50483,0.5056,0.50534,0.50483,0.50809,0.50511,0.50556,0.5079,0.50341,0.50436,0.50565,0.4996,0.49818,0.5047,0.50478,0.50846,0.50342,0.50482,0.50204,0.50304,0.50624,0.49651,0.50264,0.50676,0.50192,0.50516,0.49926,0.50057,0.50055,0.49474,0.4972,0.49722,0.50188,0.50187,0.50033,0.50143,0.49883,0.50213,0.49904,0.49905,0.49814,0.50038,0.49748,0.50087,0.4955,0.49548,0.49984,0.4978,0.49678
Synth_Outdoor_NH3_20,NH3,10.0,1,0.45072,0.45998,0.46709,0.47542,0.48051,0.49576,0.50296,0.5171,0.52894,0.55583,0.56761,0.58879,0.60718,0.63241,0.65168,0.67186,0.69915,0.71766,0.74251,0.76271,0.7876,0.81436,0.83117,0.85388,0.8784,0.89725,0.92319,0.94174,0.95325,0.97432,0.99144,1.00388,1.01663,1.03457,1.0477,1.05996,1.07456,1.08356,1.09415,1.10852,1.12011,1.12677,1.14228,1.14547,1.15803,1.16807,1.17601,1.18471,1.19896,1.19987,1.21534,1.21716,1.22274,1.22983,1.24077,1.23742,1.24203,1.24706,1.25249,1.25115,1.25839,1.26535,1.26416,1.26546,1.2665,1.27123,1.26719,1.2735,1.27289,1.26739,1.26497,1.26541,1.26304,1.25545,1.25306,1.24777,1.24864,1.24557,1.23662,1.2348,1.22844,1.22546,1.22513,1.21821,1.21573,1.20899,1.21024,1.20642,1.20148,1.1996,1.1974,1.19183,1.1869,1.19167,1.18201,1.17951,1.17826,1.1804,1.16432,1.16448,1.15758,1.15416,1.15014,1.14567,1.145,1.13806,1.14079,1.1353,1.13309,1.12789,1.12538,1.12433,1.11804,1.11743,1.11362,1.11103,1.10554,1.11181,1.10443,1.10673,1.10422,1.0958,1.09816,1.1081,1.0987,1.07505,1.04412,0.99994,0.95456,0.90368,0.86132,0.83013,0.80402,0.77461,0.75329,0.72905,0.71004,0.69618,0.6783,0.66271,0.65122,0.63769,0.6286,0.61323,0.60354,0.5924,0.5863,0.58214,0.57592,0.56855,0.5556,0.55717,0.54464,0.54661,0.53892,0.53737,0.52834,0.53092,0.52087,0.51966,0.51581,0.5111,0.51307,0.51483,0.51463,0.50597,0.50645,0.50231,0.50114,0.49731,0.497,0.49628,0.49202,0.49184,0.49056,0.4915,0.48557,0.48699,0.49085,0.48797,0.48748,0.48325,0.48312,0.484,0.48457,0.47503,0.47589,0.48175,0.47712,0.4755,0.47347,0.47467,0.47199,0.48021,0.47441,0.47384,0.47498,0.47548,0.47503,0.47495,0.4703,0.47077,0.47307,0.4695,0.47048,0.4712,0.47187,0.46518,0.47112,0.46847,0.47057,0.4705,0.47235,0.47151,0.47131,0.47137,0.46831,0.46747,0.46938,0.46885,0.46608,0.46769,0.46644,0.46425,0.46948,0.46625,0.47109,0.46178,0.46436,0.46572,0.46839,0.46644,0.46613,0.46244,0.46228,0.4659,0.46163,0.46364,0.46615,0.46238,0.46877,0.46775,0.46072,0.46227,0.45885,0.46256,0.46639,0.46339,0.46554,0.46054
Synth_Outdoor_NH3_21,NH3,10.0,1,0.44612,0.45125,0.45522,0.46396,0.47924,0.48957,0.50419,0.51682,0.53223,0.54479,0.56693,0.58725,0.61299,0.6316,0.65632,0.67729,0.69771,0.72364,0.74782,0.76866,0.79364,0.81744,0.84496,0.85834,0.88849,0.90432,0.92362,0.94959,0.96726,0.98656,1.00266,1.02229,1.03432,1.04761,1.06327,1.07934,1.08753,1.10059,1.11374,1.12109,1.13814,1.14413,1.15966,1.17203,1.17865,1.19367,1.19512,1.21066,1.21787,1.21994,1.23859,1.23873,1.24325,1.24798,1.25648,1.26173,1.26682,1.26979,1.27557,1.27593,1.27445,1.2808,1.27663,1.28433,1.28142,1.28423,1.28658,1.27993,1.28358,1.27814,1.28165,1.27401,1.26984,1.27,1.26305,1.25781,1.25481,1.25242,1.25278,1.24163,1.24333,1.24108,1.23572,1.23411,1.22622,1.22149,1.21898,1.21352,1.20823,1.20655,1.19976,1.19617,1.19273,1.19377,1.17868,1.18414,1.17973,1.17214,1.17396,1.17135,1.1687,1.15767,1.16477,1.15655,1.1571,1.1542,1.1471,1.14789,1.14221,1.13491,1.13994,1.13205,1.12884,1.127,1.12573,1.122,1.12066,1.11313,1.11187,1.11074,1.11316,1.10527,1.10993,1.10786,1.0986,1.07902,1.04636,1.0049,0.95737,0.90565,0.86787,0.82896,0.8004,0.77271,0.75101,0.7273,0.71005,0.68771,0.67356,0.66002,0.6393,0.63711,0.61947,0.60445,0.60007,0.59071,0.58207,0.57705,0.56931,0.56158,0.55585,0.5488,0.54821,0.53517,0.53464,0.53022,0.52811,0.52026,0.51458,0.51612,0.51342,0.51361,0.50404,0.50761,0.50828,0.49917,0.49482,0.49506,0.49426,0.49387,0.48933,0.49314,0.48498,0.48201,0.48781,0.47809,0.48207,0.48923,0.48036,0.47657,0.47827,0.47738,0.47702,0.47744,0.47239,0.47845,0.47413,0.47467,0.47065,0.47483,0.47036,0.47111,0.46753,0.46684,0.47056,0.4673,0.46584,0.46593,0.46885,0.46513,0.466,0.46597,0.46079,0.46158,0.46579,0.46279,0.46699,0.46648,0.46558,0.46809,0.46308,0.46471,0.46142,0.46879,0.46741,0.46225,0.46297,0.46521,0.46128,0.45984,0.46352,0.46137,0.46147,0.45877,0.45646,0.46125,0.46281,0.45986,0.46393,0.45847,0.45749,0.45986,0.45975,0.4618,0.45783,0.46312,0.46455,0.45947,0.46262,0.45679,0.46205,0.4619,0.46138,0.45913,0.45174,0.45748,0.45748,0.45656,0.45931,0.45801
Synth_Outdoor_NH3_22,NH3,10.0,1,0.4352,0.44502,0.4473,0.45593,0.46586,0.4794,0.49246,0.49791,0.5237,0.54176,0.55395,0.5738,0.59592,0.61704,0.64228,0.66035,0.68639,0.71736,0.73564,0.76545,0.7874,0.8059,0.83547,0.85643,0.87771,0.90084,0.92191,0.94209,0.96204,0.97813,0.9907,1.00899,1.03275,1.0418,1.06001,1.07146,1.08239,1.09615,1.10841,1.1167,1.13309,1.14751,1.15394,1.167,1.1782,1.18334,1.19362,1.20094,1.20977,1.21654,1.22508,1.23795,1.23864,1.24717,1.25095,1.25992,1.2644,1.26688,1.26851,1.26958,1.26921,1.27881,1.27338,1.27782,1.27916,1.27492,1.27809,1.2761,1.27686,1.26943,1.26503,1.26428,1.26316,1.25963,1.25501,1.24762,1.24971,1.24935,1.24124,1.23724,1.23289,1.22816,1.22512,1.2194,1.21329,1.20775,1.20485,1.20204,1.19647,1.19409,1.19034,1.18711,1.18412,1.17713,1.16979,1.1683,1.16546,1.15681,1.16073,1.15338,1.14979,1.1483,1.13954,1.13883,1.13361,1.13005,1.12537,1.1283,1.12009,1.11979,1.1104,1.11515,1.11229,1.10751,1.10436,1.10351,1.10571,1.09306,1.09693,1.09021,1.09012,1.08692,1.0884,1.09028,1.07985,1.06547,1.02591,0.98853,0.9369,0.8854,0.84868,0.81043,0.7842,0.75333,0.73351,0.70781,0.68883,0.67232,0.65289,0.63938,0.62173,0.61427,0.60534,0.5971,0.58037,0.57291,0.55798,0.55835,0.54927,0.53942,0.53749,0.52801,0.52213,0.51947,0.51096,0.51183,0.50257,0.49878,0.49557,0.49642,0.48984,0.48505,0.48412,0.48294,0.4776,0.47535,0.48132,0.47183,0.47125,0.4693,0.46742,0.46835,0.4676,0.46297,0.45924,0.46418,0.4595,0.46285,0.45174,0.45674,0.45999,0.4533,0.45265,0.45304,0.45003,0.44981,0.44894,0.44746,0.45135,0.44871,0.44749,0.44819,0.44488,0.443,0.44282,0.44377,0.44058,0.44149,0.44096,0.44707,0.43438,0.44042,0.44475,0.44033,0.4415,0.43946,0.43715,0.43282,0.43856,0.43576,0.43537,0.43583,0.44113,0.44248,0.43674,0.43475,0.43269,0.43653,0.43955,0.43424,0.42864,0.43601,0.43658,0.42993,0.43413,0.43459,0.43309,0.43111,0.43543,0.43169,0.42882,0.42724,0.43537,0.43358,0.43208,0.43059,0.4302,0.42866,0.43008,0.4257,0.42903,0.42994,0.43211,0.43039,0.43238,0.43365,0.43279,0.43118,0.42988,0.42723
Synth_Outdoor_NH3_23,NH3,10.0,1,0.59484,0.60433,0.60289,0.61261,0.62804,0.63882,0.65506,0.66686,0.68141,0.70122,0.71749,0.73933,0.76651,0.78916,0.81164,0.83091,0.85937,0.88266,0.91441,0.93589,0.96043,0.98862,1.01185,1.04148,1.05952,1.08066,1.10075,1.12718,1.14619,1.16347,1.18868,1.20528,1.2207,1.24059,1.25451,1.26575,1.27956,1.29791,1.31002,1.32213,1.33193,1.34755,1.35577,1.36866,1.3834,1.3885,1.39609,1.40687,1.42113,1.42798,1.4352,1.4419,1.45132,1.45436,1.46302,1.46563,1.46998,1.47487,1.47904,1.48282,1.48586,1.47789,1.48636,1.48806,1.49294,1.48601,1.48804,1.48984,1.48098,1.48311,1.47761,1.47549,1.47144,1.46796,1.4726,1.46364,1.45996,1.454,1.44421,1.44451,1.44135,1.43168,1.43154,1.42634,1.4247,1.41435,1.40772,1.40433,1.40339,1.3898,1.38392,1.38431,1.37822,1.37467,1.37237,1.36415,1.35646,1.362,1.35024,1.34616,1.34776,1.34031,1.33747,1.33535,1.33337,1.32651,1.32799,1.31583,1.3202,1.3135,1.31651,1.31102,1.30662,1.30766,1.30592,1.30301,1.29661,1.29585,1.295,1.29296,1.29311,1.2841,1.29265,1.29256,1.28357,1.26314,1.23012,1.17595,1.13084,1.07816,1.03922,1.00004,0.96951,0.94509,0.91769,0.89387,0.86896,0.85208,0.83238,0.81625,0.80293,0.78684,0.77958,0.76397,0.75534,0.74769,0.73764,0.72325,0.72022,0.71416,0.70766,0.69652,0.69195,0.69079,0.68148,0.67805,0.67845,0.67038,0.6649,0.66101,0.66073,0.6535,0.65334,0.65209,0.65195,0.64794,0.64219,0.64475,0.63902,0.63476,0.63559,0.63789,0.63308,0.63115,0.63376,0.62471,0.62379,0.6217,0.62547,0.62379,0.62614,0.62187,0.61926,0.61934,0.61874,0.61339,0.62354,0.61726,0.61575,0.61607,0.61563,0.61288,0.61103,0.61351,0.6124,0.60883,0.61385,0.61052,0.6111,0.61229,0.6084,0.6087,0.60953,0.60529,0.60685,0.60669,0.60362,0.61145,0.60181,0.60178,0.60801,0.60621,0.60158,0.6054,0.60727,0.60325,0.60955,0.59852,0.60432,0.60529,0.60441,0.60147,0.60106,0.60272,0.60345,0.60273,0.60366,0.59836,0.60017,0.59822,0.59945,0.60282,0.60041,0.60653,0.60039,0.59994,0.59994,0.59796,0.59929,0.60214,0.59947,0.59711,0.59666,0.59775,0.59896,0.60167,0.59524,0.59769,0.59875,0.5937
Synth_Outdoor_NH3_24,NH3,10.0,1,0.44019,0.44818,0.45445,0.46225,0.47513,0.49067,0.50409,0.51038,0.53335,0.54967,0.57012,0.58964,0.61304,0.63633,0.65858,0.68261,0.70911,0.73654,0.76334,0.78981,0.81213,0.83944,0.86597,0.89079,0.91151,0.93415,0.95733,0.97522,0.99803,1.01986,1.03819,1.05372,1.07202,1.08572,1.10502,1.11784,1.13154,1.14494,1.15882,1.17043,1.18533,1.19451,1.211,1.2219,1.22692,1.23989,1.24833,1.25893,1.27404,1.27707,1.28693,1.29499,1.29812,1.30481,1.30958,1.31532,1.31477,1.32705,1.33397,1.33187,1.33007,1.33353,1.3349,1.33387,1.33847,1.33783,1.33192,1.33518,1.33526,1.33383,1.33344,1.32093,1.32675,1.31512,1.31066,1.30895,1.30255,1.30068,1.29191,1.29009,1.28921,1.28112,1.27662,1.27223,1.26842,1.25558,1.25535,1.24758,1.24339,1.24069,1.23039,1.22642,1.21954,1.21834,1.21827,1.21022,1.20326,1.20205,1.19676,1.19516,1.19652,1.19017,1.19321,1.18776,1.18571,1.18233,1.1824,1.17969,1.17583,1.17364,1.16885,1.16801,1.16317,1.16148,1.15835,1.15544,1.15242,1.15289,1.15262,1.1499,1.1415,1.14537,1.14379,1.14726,1.13547,1.1168,1.08215,1.031,0.9828,0.93145,0.88445,0.85183,0.81544,0.78874,0.75462,0.74224,0.71818,0.69393,0.67163,0.66076,0.64131,0.63215,0.61934,0.60425,0.59864,0.58792,0.57917,0.5683,0.55692,0.55564,0.54579,0.53673,0.53776,0.53419,0.52378,0.52457,0.51502,0.50971,0.50521,0.50727,0.49781,0.49839,0.49214,0.48956,0.49063,0.48456,0.48212,0.48373,0.48277,0.4784,0.47324,0.47182,0.47158,0.47054,0.46571,0.46851,0.46552,0.45968,0.46037,0.46023,0.46014,0.46395,0.45876,0.45504,0.45672,0.45436,0.45516,0.45494,0.45569,0.45182,0.45521,0.45266,0.44792,0.45453,0.44919,0.44565,0.45128,0.45178,0.44594,0.44422,0.4445,0.44619,0.44713,0.44487,0.44326,0.44633,0.4414,0.44437,0.44068,0.44209,0.44032,0.44007,0.4389,0.44286,0.43736,0.43704,0.44392,0.44077,0.43205,0.43632,0.4329,0.43476,0.42903,0.43627,0.43353,0.43629,0.43185,0.43589,0.43442,0.43898,0.43854,0.43676,0.43378,0.43935,0.4303,0.43047,0.43361,0.43931,0.43301,0.43289,0.42959,0.4354,0.43525,0.43464,0.43094,0.43061,0.42899,0.43228,0.42922,0.42883
Synth_Outdoor_NH3_25,NH3,10.0,1,0.40453,0.41213,0.41773,0.42486,0.43557,0.44386,0.45901,0.47296,0.48412,0.50704,0.52031,0.54191,0.5648,0.58535,0.60501,0.62654,0.65279,0.6754,0.69571,0.71897,0.73939,0.76834,0.7907,0.81615,0.83588,0.85921,0.87426,0.89819,0.91246,0.93332,0.94447,0.96476,0.97458,0.99352,1.00929,1.02038,1.03213,1.04954,1.05925,1.07007,1.08311,1.1012,1.10886,1.11989,1.12858,1.13763,1.14019,1.15303,1.16178,1.16623,1.17544,1.18015,1.1911,1.19875,1.20468,1.20779,1.20839,1.20938,1.21238,1.21535,1.2172,1.21945,1.2175,1.22121,1.22003,1.22083,1.22347,1.217,1.21957,1.2164,1.21301,1.21326,1.21008,1.20202,1.20011,1.19727,1.19171,1.18956,1.18434,1.18361,1.17053,1.16935,1.16275,1.16205,1.15221,1.15299,1.14644,1.14213,1.13631,1.13464,1.13435,1.12743,1.12497,1.12343,1.11581,1.10971,1.10831,1.10195,1.09841,1.09239,1.09512,1.08847,1.0865,1.08014,1.0808,1.07525,1.07473,1.07561,1.07385,1.07023,1.06389,1.07351,1.06788,1.06267,1.05625,1.05519,1.05145,1.05336,1.04832,1.04326,1.0416,1.04279,1.04554,1.04578,1.03592,1.01367,0.97414,0.94071,0.89168,0.84395,0.80468,0.76828,0.74356,0.71729,0.6935,0.67252,0.65199,0.63153,0.61601,0.60145,0.58782,0.57749,0.56512,0.55815,0.54875,0.53446,0.51638,0.52141,0.50989,0.50267,0.49758,0.49179,0.48914,0.47881,0.47544,0.47474,0.47144,0.46776,0.46069,0.45694,0.45504,0.45402,0.45442,0.44303,0.44518,0.44012,0.43717,0.44168,0.43872,0.43664,0.4361,0.43098,0.42954,0.4346,0.42713,0.42823,0.42514,0.41929,0.41766,0.42023,0.42326,0.42159,0.42096,0.41528,0.42093,0.41366,0.41582,0.41449,0.41333,0.41639,0.41057,0.40829,0.4111,0.40943,0.41829,0.41098,0.40774,0.40559,0.40302,0.40464,0.40702,0.40981,0.40861,0.40595,0.40415,0.40524,0.40289,0.40812,0.403,0.40291,0.39726,0.40197,0.40423,0.39917,0.39966,0.40325,0.39728,0.40332,0.39906,0.39914,0.39705,0.40056,0.40554,0.40111,0.39678,0.40154,0.39768,0.40168,0.40006,0.39048,0.39513,0.39979,0.39762,0.39449,0.39528,0.39192,0.39631,0.40189,0.39819,0.4015,0.39808,0.3983,0.40052,0.39639,0.39486,0.39776,0.39868,0.39372,0.39299,0.39502
Synth_Outdoor_NH3_26,NH3,10.0,1,0.66432,0.66956,0.6709,0.68769,0.69133,0.70411,0.71562,0.73915,0.749,0.76363,0.78665,0.80641,0.82519,0.85002,0.86901,0.89369,0.91429,0.94076,0.97351,0.99803,1.01886,1.04733,1.06679,1.09001,1.11343,1.1348,1.1555,1.17898,1.19576,1.2156,1.23398,1.24914,1.26167,1.27586,1.29406,1.30706,1.32094,1.33342,1.35212,1.35409,1.36391,1.38093,1.39016,1.40254,1.41348,1.42539,1.42859,1.44113,1.45354,1.46387,1.47609,1.48058,1.48465,1.48849,1.49471,1.49949,1.50719,1.51063,1.5106,1.51632,1.52257,1.52336,1.52503,1.52485,1.52778,1.52367,1.52116,1.51899,1.52111,1.51365,1.51834,1.51685,1.51165,1.50942,1.50961,1.50356,1.49844,1.4943,1.48915,1.48761,1.48043,1.47224,1.47576,1.46828,1.46148,1.45526,1.45463,1.44847,1.44784,1.43852,1.43302,1.43288,1.42846,1.42205,1.4188,1.41254,1.40905,1.40753,1.40246,1.39654,1.39631,1.38291,1.38982,1.37625,1.37476,1.37198,1.36749,1.36617,1.3568,1.35593,1.34971,1.34778,1.34282,1.3392,1.33368,1.32993,1.32812,1.32607,1.31858,1.31435,1.31459,1.30923,1.31238,1.30784,1.29673,1.2785,1.24373,1.20069,1.14851,1.10166,1.05857,1.02563,0.99532,0.96816,0.94308,0.9222,0.8988,0.88602,0.86526,0.84737,0.83721,0.82186,0.81398,0.80712,0.78981,0.78354,0.76996,0.76776,0.75725,0.75126,0.74393,0.74284,0.73825,0.73084,0.72405,0.72591,0.71607,0.70881,0.71188,0.7047,0.70684,0.70051,0.70025,0.6997,0.69076,0.6901,0.68916,0.69116,0.68372,0.68205,0.683,0.67873,0.67902,0.67331,0.68132,0.67111,0.67241,0.67192,0.67562,0.66641,0.67363,0.66955,0.66771,0.66329,0.6663,0.66223,0.66641,0.66006,0.66144,0.65962,0.65782,0.66146,0.66027,0.66132,0.65324,0.65979,0.66283,0.65492,0.66027,0.65437,0.6511,0.65328,0.6562,0.65105,0.65122,0.65378,0.6519,0.65298,0.65172,0.65194,0.6493,0.65062,0.64741,0.65261,0.64749,0.6516,0.64788,0.64869,0.64667,0.64509,0.64299,0.64441,0.64598,0.64703,0.6488,0.64493,0.6436,0.64198,0.64656,0.64859,0.6481,0.6466,0.64635,0.64892,0.64543,0.64614,0.64365,0.64097,0.64259,0.6442,0.6443,0.64889,0.6442,0.64687,0.64276,0.64299,0.64037,0.64177,0.64486,0.64349
Synth_Outdoor_NH3_27,NH3,10.0,1,0.55035,0.5611,0.5614,0.57187,0.57669,0.58977,0.60182,0.61291,0.62077,0.64231,0.66224,0.67853,0.69745,0.71211,0.7355,0.75989,0.78195,0.8064,0.82566,0.84977,0.87147,0.89143,0.91036,0.93874,0.95918,0.97763,0.99486,1.0195,1.03556,1.05524,1.07545,1.08172,1.101,1.11733,1.13605,1.14239,1.16491,1.17365,1.18594,1.19819,1.2098,1.22538,1.2316,1.24626,1.25512,1.26437,1.2824,1.28604,1.29498,1.30408,1.30476,1.31907,1.31407,1.32326,1.32811,1.334,1.33562,1.33643,1.33788,1.33582,1.33419,1.33869,1.33689,1.33675,1.32784,1.32806,1.32168,1.32101,1.31587,1.30883,1.30224,1.30006,1.29367,1.28463,1.27725,1.27403,1.2727,1.26596,1.25456,1.24871,1.24915,1.23756,1.23621,1.22805,1.2284,1.21732,1.21715,1.2099,1.20537,1.1953,1.19032,1.19102,1.18806,1.18063,1.17686,1.17722,1.1736,1.16835,1.16723,1.159,1.1578,1.15967,1.15268,1.1499,1.15251,1.14052,1.14337,1.14299,1.13557,1.13615,1.12926,1.12779,1.1283,1.12724,1.12603,1.12522,1.11923,1.12055,1.11494,1.11633,1.1129,1.11162,1.11372,1.10978,1.10446,1.09018,1.05708,1.02545,0.98228,0.93799,0.89979,0.8771,0.85296,0.82515,0.80528,0.78575,0.76958,0.75254,0.73873,0.72835,0.72031,0.70034,0.69386,0.68228,0.68107,0.66812,0.65909,0.65796,0.65485,0.64674,0.64058,0.63647,0.63472,0.62501,0.62321,0.6189,0.61389,0.61301,0.6138,0.60985,0.60762,0.60411,0.60292,0.59763,0.597,0.5965,0.59505,0.5936,0.59096,0.58898,0.59653,0.58968,0.5873,0.58459,0.58302,0.58285,0.58299,0.57669,0.57663,0.57814,0.57951,0.5777,0.58132,0.5733,0.57454,0.57965,0.57562,0.57695,0.57936,0.57203,0.57307,0.57224,0.56765,0.57139,0.57401,0.57283,0.57269,0.56987,0.56888,0.5734,0.56871,0.57042,0.56984,0.57287,0.57141,0.56553,0.5656,0.56981,0.56801,0.56684,0.57033,0.56811,0.56761,0.56929,0.56628,0.57102,0.565,0.5685,0.57032,0.56318,0.56567,0.5693,0.56924,0.56582,0.56432,0.56848,0.56897,0.56304,0.5629,0.56642,0.56738,0.565,0.56746,0.56405,0.5606,0.56489,0.56617,0.56539,0.56325,0.56167,0.56498,0.56857,0.56953,0.56942,0.56448,0.5637,0.56788,0.56829,0.56777,0.5618
Synth_Outdoor_NH3_28,NH3,10.0,1,0.36942,0.37564,0.38244,0.39005,0.39678,0.4071,0.41752,0.43139,0.4442,0.45869,0.47425,0.49274,0.51247,0.53163,0.55249,0.57618,0.59537,0.61539,0.64186,0.65902,0.68249,0.70864,0.73143,0.74895,0.77251,0.79276,0.81325,0.83635,0.85458,0.87095,0.88716,0.90205,0.92528,0.93894,0.9509,0.96922,0.98156,0.99496,1.01038,1.02074,1.03471,1.04852,1.05925,1.07408,1.08856,1.09299,1.10116,1.11019,1.12402,1.13128,1.14126,1.14816,1.15012,1.15509,1.16505,1.1685,1.17012,1.16925,1.17597,1.17861,1.176,1.17232,1.17296,1.16717,1.17036,1.1645,1.15595,1.15526,1.15242,1.14535,1.14015,1.13223,1.13099,1.12214,1.1125,1.11104,1.10848,1.09912,1.09852,1.08938,1.08332,1.07645,1.07102,1.06509,1.0597,1.05661,1.0479,1.04265,1.0377,1.04091,1.03254,1.02752,1.01978,1.01975,1.01384,1.01074,1.00394,1.00307,0.99801,0.99365,0.99401,0.98502,0.98709,0.98431,0.97743,0.97468,0.97337,0.97192,0.9682,0.96712,0.96797,0.95992,0.95459,0.9587,0.95868,0.95334,0.94758,0.94803,0.94366,0.94629,0.93958,0.94027,0.9408,0.9448,0.93679,0.92007,0.88985,0.84779,0.80668,0.7602,0.7218,0.69965,0.66835,0.64268,0.62491,0.60638,0.58365,0.56879,0.55078,0.53953,0.52719,0.51701,0.50716,0.49833,0.48888,0.47733,0.4707,0.46497,0.45942,0.45702,0.44618,0.44325,0.44192,0.43451,0.43244,0.42722,0.42475,0.42035,0.4196,0.41126,0.41156,0.41074,0.40901,0.40922,0.40246,0.4052,0.39803,0.40124,0.3983,0.39242,0.39404,0.39177,0.39215,0.38876,0.38736,0.39041,0.38567,0.38697,0.3834,0.38722,0.38048,0.37981,0.38435,0.37864,0.38299,0.38048,0.37716,0.37236,0.37624,0.37596,0.37805,0.37856,0.37234,0.37555,0.37497,0.37529,0.37339,0.36685,0.37089,0.36797,0.36993,0.37251,0.37046,0.37222,0.36986,0.36545,0.36207,0.36841,0.36716,0.36495,0.36284,0.36496,0.36605,0.36795,0.36653,0.36983,0.36298,0.36754,0.36523,0.36661,0.36358,0.36714,0.365,0.36235,0.36383,0.36306,0.36469,0.36035,0.36306,0.36395,0.36288,0.36599,0.36439,0.36226,0.36265,0.3627,0.36283,0.35711,0.36078,0.3577,0.36446,0.36097,0.36052,0.36311,0.3618,0.35778,0.36031,0.35953,0.3559,0.35844
Synth_Outdoor_NH3_29,NH3,10.0,1,0.66632,0.6707,0.67287,0.68642,0.69164,0.70187,0.71387,0.72334,0.74028,0.75337,0.76851,0.78988,0.81098,0.82885,0.85003,0.86782,0.88709,0.91723,0.94138,0.96301,0.98123,1.00196,1.02464,1.04515,1.07061,1.09585,1.11181,1.13259,1.1543,1.16826,1.19212,1.20917,1.22044,1.23534,1.254,1.26639,1.27894,1.29923,1.31291,1.3238,1.33349,1.34648,1.3624,1.37309,1.38527,1.39996,1.41,1.42173,1.42523,1.43554,1.44628,1.45276,1.462,1.46498,1.47353,1.47439,1.479,1.47798,1.48044,1.4835,1.48527,1.48231,1.47881,1.48036,1.46873,1.46736,1.46882,1.46291,1.45978,1.45353,1.44967,1.44089,1.43888,1.4343,1.4291,1.42525,1.41493,1.40913,1.39877,1.39544,1.39057,1.38807,1.37846,1.37664,1.36948,1.36402,1.36017,1.35374,1.34892,1.3411,1.34021,1.33523,1.3309,1.32915,1.32584,1.321,1.31927,1.31466,1.30903,1.30526,1.30392,1.30143,1.30046,1.297,1.28983,1.28814,1.28736,1.28573,1.28286,1.27792,1.27258,1.27092,1.27191,1.26993,1.26421,1.26501,1.26447,1.25809,1.26186,1.25637,1.25874,1.25233,1.25343,1.25609,1.2502,1.23123,1.20157,1.16308,1.11633,1.0715,1.03112,1.00601,0.9778,0.95785,0.92972,0.9079,0.8962,0.87942,0.86138,0.84674,0.84224,0.83083,0.8109,0.80664,0.80339,0.7902,0.78293,0.77679,0.76855,0.76145,0.76311,0.75102,0.75176,0.74922,0.73948,0.73718,0.73915,0.73434,0.72853,0.73037,0.72784,0.72314,0.71798,0.71712,0.7169,0.71389,0.71497,0.70716,0.70571,0.70846,0.70544,0.70382,0.69974,0.70309,0.70183,0.70256,0.70015,0.69873,0.70116,0.69412,0.69799,0.69175,0.69314,0.69152,0.69588,0.69315,0.69269,0.68939,0.69087,0.68919,0.69156,0.68767,0.69305,0.68517,0.68697,0.69281,0.68721,0.68468,0.68819,0.68613,0.68494,0.68402,0.6934,0.68559,0.68118,0.68951,0.68711,0.68345,0.68284,0.68666,0.68417,0.67977,0.68888,0.68316,0.68785,0.68714,0.68131,0.68629,0.68196,0.6788,0.68231,0.68426,0.682,0.68227,0.6858,0.68312,0.68066,0.68445,0.68313,0.67627,0.68358,0.68342,0.68242,0.68454,0.68058,0.68306,0.67827,0.68319,0.68704,0.67964,0.68018,0.68027,0.68235,0.67935,0.68304,0.68409,0.6833,0.67754,0.68446,0.68432
Synth_Outdoor_NH3_30,NH3,10.0,1,0.58384,0.59022,0.59823,0.59826,0.612,0.61933,0.6307,0.64008,0.65753,0.67149,0.68988,0.70664,0.72775,0.74842,0.77113,0.78909,0.81235,0.84019,0.86092,0.8894,0.91107,0.93568,0.96105,0.97969,1.00146,1.02692,1.0472,1.06594,1.08967,1.10476,1.12379,1.14153,1.1563,1.17539,1.19469,1.20785,1.22196,1.23625,1.25193,1.26711,1.28056,1.29165,1.30636,1.31941,1.32788,1.3425,1.34783,1.365,1.37533,1.38479,1.39045,1.39994,1.40963,1.41565,1.41727,1.42204,1.4279,1.42393,1.42854,1.43352,1.43265,1.4304,1.42426,1.42575,1.42161,1.42055,1.41384,1.40903,1.40174,1.40491,1.39545,1.39117,1.38488,1.37618,1.36958,1.36404,1.35856,1.35513,1.34614,1.34652,1.33885,1.33256,1.3246,1.32312,1.31333,1.30844,1.30373,1.29998,1.2949,1.28736,1.28259,1.28104,1.27685,1.26984,1.26269,1.2621,1.26024,1.25937,1.24815,1.2465,1.24314,1.24422,1.23756,1.23236,1.23312,1.22792,1.22317,1.22134,1.22531,1.2194,1.21622,1.21292,1.21193,1.20964,1.2075,1.20492,1.20473,1.20062,1.19618,1.19525,1.19004,1.19802,1.1975,1.19446,1.18868,1.16876,1.14288,1.094,1.05052,1.00304,0.96768,0.93378,0.90156,0.88017,0.85576,0.83797,0.82289,0.79822,0.78539,0.77217,0.75996,0.75122,0.73837,0.73018,0.71868,0.71266,0.70656,0.69588,0.69328,0.68557,0.68263,0.67449,0.67129,0.6659,0.66177,0.65893,0.65615,0.64843,0.65212,0.64107,0.64137,0.6404,0.63935,0.64011,0.6295,0.63097,0.62511,0.6288,0.62782,0.62962,0.62453,0.62551,0.62311,0.61937,0.6158,0.61894,0.61354,0.61956,0.61503,0.61757,0.61257,0.6137,0.61282,0.61148,0.60986,0.61129,0.60741,0.60614,0.61172,0.60993,0.60778,0.61132,0.60606,0.60962,0.60638,0.603,0.60981,0.60732,0.60422,0.60602,0.60288,0.60564,0.59728,0.60042,0.60516,0.60184,0.60278,0.59868,0.60648,0.60463,0.60095,0.60025,0.60368,0.60591,0.60319,0.60608,0.59822,0.59832,0.59727,0.60122,0.60045,0.59952,0.6018,0.60275,0.59576,0.59799,0.60145,0.59818,0.59728,0.60175,0.59591,0.5983,0.59981,0.5975,0.60086,0.59743,0.60234,0.59848,0.60042,0.60057,0.59712,0.59353,0.59953,0.59875,0.59994,0.59796,0.59745,0.60355,0.59486,0.6004
Synth_Outdoor_NH3_31,NH3,10.0,1,0.44517,0.44821,0.45737,0.46659,0.47292,0.48222,0.491,0.50768,0.52614,0.53559,0.55277,0.57073,0.59054,0.60556,0.63508,0.65434,0.67545,0.70487,0.72413,0.75002,0.77858,0.7953,0.81865,0.8464,0.87133,0.88666,0.9131,0.93435,0.94788,0.97441,0.99331,1.00837,1.02967,1.04618,1.05984,1.07422,1.0883,1.10563,1.12178,1.13389,1.1432,1.16548,1.17601,1.18738,1.20281,1.21627,1.21668,1.23539,1.24064,1.25459,1.26203,1.27086,1.27474,1.27714,1.28568,1.2919,1.29661,1.29341,1.30032,1.29671,1.29898,1.29575,1.29567,1.29492,1.28641,1.28395,1.28177,1.28253,1.26925,1.2711,1.26536,1.25428,1.24776,1.24059,1.23584,1.22611,1.22302,1.22052,1.20889,1.20354,1.19372,1.19287,1.18668,1.1804,1.17404,1.16835,1.16498,1.15843,1.15423,1.14909,1.14662,1.14092,1.13525,1.13426,1.12734,1.1255,1.11984,1.10994,1.11417,1.10773,1.10388,1.10142,1.09664,1.09493,1.0898,1.09144,1.08502,1.08146,1.0773,1.07757,1.07473,1.07267,1.06665,1.06283,1.06608,1.06597,1.05749,1.06186,1.05648,1.05365,1.05063,1.04586,1.054,1.05063,1.04318,1.02811,0.98897,0.94762,0.90326,0.85632,0.81846,0.78442,0.76295,0.73046,0.70744,0.68524,0.66871,0.65283,0.63876,0.61788,0.60808,0.598,0.58755,0.57618,0.5684,0.55662,0.55482,0.54628,0.53389,0.52851,0.52297,0.52211,0.51238,0.51026,0.50803,0.5028,0.49998,0.49326,0.49422,0.48825,0.48618,0.48496,0.48216,0.47965,0.47553,0.4746,0.4734,0.46813,0.46867,0.46916,0.46347,0.46811,0.467,0.45938,0.46463,0.45967,0.45993,0.45657,0.45911,0.45686,0.45287,0.45111,0.44951,0.45281,0.45298,0.45241,0.44976,0.44647,0.44696,0.45092,0.44619,0.44716,0.44352,0.4465,0.444,0.44727,0.44611,0.4425,0.44295,0.44144,0.43883,0.43978,0.442,0.44193,0.44113,0.43967,0.44243,0.43995,0.44124,0.4347,0.42901,0.43922,0.43464,0.43738,0.43687,0.44133,0.43808,0.43722,0.43865,0.43724,0.43491,0.4385,0.43281,0.43618,0.43128,0.43546,0.43525,0.43876,0.43047,0.43268,0.43605,0.43463,0.43404,0.43101,0.43175,0.43618,0.43276,0.43367,0.4323,0.42946,0.43457,0.43338,0.43774,0.4293,0.43374,0.42826,0.43179,0.43369,0.42592,0.43044
Synth_Outdoor_NH3_32,NH3,10.0,1,0.41449,0.42021,0.42229,0.42968,0.43734,0.44642,0.4542,0.47151,0.48258,0.49726,0.50992,0.52762,0.54626,0.56181,0.58121,0.60445,0.62833,0.64692,0.66783,0.69034,0.71327,0.73548,0.76346,0.78199,0.80276,0.82346,0.83776,0.85632,0.87506,0.89898,0.91149,0.92634,0.94442,0.96041,0.97668,0.99117,1.00256,1.02007,1.0302,1.04452,1.05943,1.06863,1.08101,1.09573,1.10347,1.11552,1.12826,1.14176,1.14726,1.15534,1.16318,1.16609,1.17517,1.18011,1.18551,1.18875,1.19237,1.19278,1.19507,1.19245,1.19453,1.19786,1.19355,1.19042,1.19232,1.18074,1.17745,1.18019,1.17133,1.16565,1.15806,1.15678,1.1515,1.14175,1.13839,1.13211,1.12776,1.11852,1.11868,1.11212,1.1033,1.09814,1.09293,1.08602,1.08163,1.07696,1.07667,1.07013,1.06538,1.05941,1.05126,1.04965,1.04799,1.03834,1.03912,1.03949,1.03261,1.0299,1.02341,1.02192,1.01444,1.01506,1.01166,1.00777,1.00743,0.99999,0.99816,0.99622,0.99083,0.99147,0.9842,0.9888,0.98402,0.98044,0.97756,0.97704,0.97738,0.97512,0.97014,0.96799,0.96999,0.96454,0.96862,0.96983,0.96362,0.94729,0.91286,0.87271,0.83213,0.79446,0.75997,0.73013,0.69897,0.67161,0.64916,0.63449,0.61835,0.60652,0.59127,0.57676,0.5622,0.55124,0.5444,0.53645,0.5274,0.51621,0.51342,0.50638,0.49666,0.49184,0.49041,0.48337,0.48354,0.47674,0.47046,0.46809,0.46497,0.4599,0.45654,0.45787,0.4557,0.4527,0.45272,0.44549,0.44907,0.44078,0.43876,0.43526,0.437,0.43536,0.43652,0.4345,0.42965,0.43044,0.42937,0.42479,0.42574,0.42529,0.42988,0.42588,0.42621,0.41999,0.42596,0.42549,0.41653,0.41909,0.42145,0.42121,0.41734,0.41773,0.41647,0.41773,0.41993,0.4145,0.41845,0.41354,0.41295,0.41668,0.41654,0.41597,0.41019,0.41194,0.41481,0.41253,0.4094,0.4129,0.40966,0.41564,0.41475,0.41211,0.41374,0.41025,0.41172,0.41325,0.40994,0.40846,0.40463,0.40845,0.41051,0.41061,0.40929,0.40649,0.40271,0.40624,0.40655,0.40634,0.40848,0.41171,0.40688,0.40586,0.40557,0.40638,0.40387,0.40609,0.40676,0.40602,0.40651,0.40633,0.40067,0.40658,0.40321,0.40199,0.40184,0.40556,0.40381,0.40005,0.40534,0.40045,0.4043,0.40445
Synth_Outdoor_NH3_33,NH3,10.0,1,0.57984,0.58713,0.59196,0.6005,0.60809,0.61632,0.62694,0.63744,0.65625,0.6698,0.68708,0.70136,0.71895,0.73738,0.76135,0.77897,0.8079,0.82221,0.84869,0.87466,0.89497,0.91657,0.9361,0.95708,0.98401,1.00688,1.02243,1.04043,1.05622,1.07836,1.09833,1.11977,1.13401,1.14909,1.16278,1.17731,1.19685,1.20805,1.21616,1.23326,1.24599,1.25964,1.27493,1.28538,1.29717,1.3119,1.31757,1.33408,1.33719,1.34785,1.35492,1.36314,1.37034,1.37588,1.3776,1.38051,1.39253,1.38716,1.39135,1.38604,1.38904,1.38839,1.38818,1.37787,1.38214,1.37538,1.37506,1.36722,1.36286,1.35918,1.35183,1.34769,1.34011,1.33257,1.33364,1.32176,1.31842,1.31466,1.3052,1.29876,1.29555,1.29206,1.28076,1.27788,1.26863,1.26684,1.2629,1.2558,1.25202,1.24498,1.24413,1.24214,1.23246,1.22947,1.22825,1.2261,1.21557,1.21523,1.21284,1.20848,1.19927,1.2035,1.20293,1.19639,1.1906,1.18907,1.19205,1.18724,1.18399,1.18074,1.17574,1.1745,1.17249,1.17182,1.17203,1.16897,1.1606,1.16276,1.1622,1.16013,1.1553,1.16219,1.15394,1.15556,1.15202,1.13859,1.10139,1.06337,1.02179,0.97449,0.93792,0.91026,0.88293,0.86098,0.84021,0.81842,0.80092,0.78487,0.77116,0.75696,0.74487,0.73693,0.72772,0.71098,0.70636,0.69688,0.69071,0.68593,0.68057,0.67304,0.66336,0.66095,0.66115,0.64795,0.65393,0.64871,0.64739,0.64051,0.63296,0.63649,0.63606,0.6328,0.62659,0.62638,0.62286,0.62032,0.62305,0.61606,0.61529,0.61329,0.61094,0.61371,0.615,0.61049,0.60609,0.61093,0.61206,0.60528,0.60479,0.6064,0.60836,0.60224,0.59948,0.60369,0.60346,0.60085,0.59884,0.60215,0.60046,0.5967,0.59824,0.59424,0.59887,0.59604,0.59515,0.59575,0.59557,0.59736,0.59626,0.59406,0.59602,0.59477,0.59238,0.59285,0.59251,0.59388,0.59143,0.59113,0.59677,0.59396,0.58951,0.59262,0.59127,0.59176,0.59093,0.59341,0.59112,0.58994,0.59255,0.59035,0.5899,0.59023,0.58907,0.58918,0.58755,0.58701,0.58628,0.58519,0.58637,0.58803,0.58863,0.58757,0.58224,0.59196,0.59065,0.58896,0.59254,0.58523,0.59231,0.58509,0.588,0.58413,0.5873,0.58819,0.58678,0.5889,0.5873,0.58569,0.58552,0.58891
Synth_Outdoor_NH3_34,NH3,10.0,1,0.63185,0.62866,0.64109,0.65022,0.65388,0.66446,0.67644,0.68542,0.7002,0.71143,0.73132,0.74972,0.76836,0.78936,0.80527,0.82716,0.85514,0.8724,0.896,0.91825,0.93933,0.96829,0.98549,1.0062,1.02959,1.04686,1.07076,1.08984,1.11304,1.12836,1.15019,1.16879,1.18398,1.19766,1.2142,1.22517,1.24337,1.2559,1.27381,1.29224,1.3005,1.3074,1.32423,1.33778,1.34959,1.35892,1.37214,1.37859,1.38886,1.40166,1.4056,1.41682,1.41859,1.43215,1.43067,1.43605,1.44058,1.44061,1.44381,1.44552,1.44633,1.44502,1.44104,1.43885,1.44218,1.43518,1.42651,1.42464,1.41876,1.41416,1.40607,1.40255,1.40233,1.3933,1.37957,1.38275,1.37636,1.36673,1.36351,1.35374,1.34898,1.34824,1.33823,1.32877,1.32788,1.32255,1.32057,1.31254,1.30652,1.30539,1.29846,1.29183,1.29226,1.28567,1.28115,1.27763,1.27066,1.26828,1.266,1.26199,1.26226,1.25635,1.25476,1.24953,1.24916,1.24459,1.24082,1.238,1.233,1.23412,1.23026,1.22673,1.22846,1.22033,1.22023,1.2217,1.21782,1.21489,1.21367,1.21161,1.20553,1.20639,1.21354,1.20897,1.20287,1.18384,1.15456,1.11307,1.06986,1.02364,0.98851,0.95334,0.92792,0.90383,0.88359,0.86067,0.84705,0.83146,0.81126,0.79905,0.78667,0.78336,0.76544,0.76127,0.74523,0.73796,0.73137,0.72421,0.71939,0.7125,0.70689,0.70688,0.70244,0.69751,0.69247,0.68768,0.68274,0.67837,0.67864,0.67201,0.66981,0.67273,0.67227,0.66632,0.66606,0.66075,0.65617,0.65934,0.65759,0.65482,0.65258,0.6542,0.64802,0.64729,0.64552,0.64715,0.64316,0.64317,0.64218,0.64237,0.63843,0.64152,0.64361,0.64007,0.64286,0.64165,0.63963,0.63722,0.63648,0.63773,0.63427,0.63002,0.63545,0.63092,0.63089,0.63282,0.63211,0.62837,0.63189,0.63349,0.62787,0.63353,0.6261,0.63493,0.62826,0.62932,0.62389,0.62817,0.62859,0.62753,0.62607,0.62484,0.62978,0.62678,0.63033,0.62492,0.6249,0.62781,0.62152,0.62234,0.62792,0.62205,0.62026,0.62927,0.62092,0.62468,0.62421,0.61683,0.62302,0.62466,0.6243,0.62552,0.62216,0.62475,0.62108,0.61913,0.61927,0.61874,0.62481,0.61837,0.62273,0.62126,0.62155,0.62509,0.62047,0.623,0.62146,0.62088,0.62691,0.61745
Synth_Outdoor_NH3_35,NH3,10.0,1,0.66799,0.67036,0.67278,0.68463,0.68382,0.69648,0.70524,0.72104,0.73027,0.74847,0.76248,0.77845,0.79836,0.81542,0.83293,0.86292,0.87553,0.89253,0.91751,0.93791,0.96431,0.98385,1.00439,1.02229,1.04183,1.06044,1.07952,1.09965,1.11566,1.13279,1.14889,1.16538,1.17885,1.19338,1.20931,1.21814,1.2308,1.24282,1.25888,1.26623,1.28428,1.2948,1.30955,1.31637,1.32854,1.34246,1.35329,1.35782,1.36909,1.37785,1.38596,1.39176,1.40246,1.40078,1.41013,1.41742,1.42191,1.42794,1.43079,1.4297,1.43579,1.43234,1.43753,1.44028,1.4388,1.43549,1.43334,1.42868,1.43125,1.42528,1.42334,1.41932,1.41798,1.41579,1.41324,1.40772,1.40862,1.40213,1.39733,1.39632,1.39703,1.38907,1.38355,1.37715,1.37703,1.37483,1.3701,1.36366,1.36221,1.3643,1.36066,1.35137,1.35154,1.34306,1.34572,1.33906,1.33715,1.32707,1.32977,1.325,1.32416,1.32138,1.31634,1.31218,1.31349,1.30928,1.30507,1.30298,1.29954,1.2997,1.30147,1.29734,1.29377,1.29512,1.28912,1.28964,1.28697,1.28719,1.27916,1.27895,1.27487,1.27591,1.28155,1.27817,1.27122,1.25641,1.22684,1.1841,1.14047,1.09067,1.06003,1.031,0.99934,0.96801,0.94947,0.93218,0.91124,0.89881,0.88192,0.86481,0.85399,0.84008,0.83125,0.82059,0.81596,0.81006,0.79359,0.78532,0.78303,0.77384,0.7722,0.7688,0.76589,0.75821,0.75311,0.74481,0.74625,0.74301,0.74132,0.73502,0.73299,0.72783,0.72339,0.7241,0.72083,0.72361,0.71961,0.7178,0.71501,0.70782,0.71819,0.71052,0.71068,0.70685,0.71175,0.70858,0.70511,0.7052,0.70944,0.70417,0.70304,0.70033,0.69717,0.70077,0.7013,0.70258,0.69357,0.69579,0.69658,0.6975,0.69665,0.69622,0.69708,0.69336,0.69752,0.69587,0.6936,0.69804,0.69759,0.6957,0.68551,0.6967,0.69447,0.69722,0.69505,0.69566,0.69366,0.6946,0.69601,0.69135,0.68668,0.68965,0.69121,0.69025,0.68677,0.68565,0.68775,0.6915,0.69332,0.69154,0.69177,0.68882,0.68457,0.68767,0.68806,0.68735,0.68864,0.68953,0.6905,0.68762,0.68353,0.68702,0.68828,0.69117,0.68665,0.6893,0.68871,0.68805,0.69025,0.68623,0.68643,0.68781,0.68624,0.68907,0.68601,0.68834,0.68752,0.68831,0.68664,0.68696
Synth_Outdoor_NH3_36,NH3,10.0,1,0.68109,0.69048,0.69039,0.7009,0.70687,0.72322,0.73223,0.74855,0.76411,0.78314,0.80012,0.8205,0.84719,0.86677,0.8878,0.91221,0.94094,0.96051,0.98389,1.00851,1.03352,1.05802,1.0807,1.10501,1.12901,1.15483,1.17386,1.19511,1.21886,1.23849,1.25358,1.27081,1.28746,1.30783,1.32177,1.33713,1.35131,1.36628,1.38309,1.39205,1.41002,1.41813,1.43104,1.43984,1.45474,1.46523,1.47651,1.49014,1.49599,1.50209,1.51023,1.52083,1.52951,1.53345,1.54034,1.54523,1.55145,1.54625,1.55536,1.55861,1.55487,1.55749,1.55838,1.55849,1.55789,1.55765,1.55666,1.55438,1.54608,1.54243,1.54385,1.53783,1.53212,1.52867,1.52269,1.51893,1.51145,1.50823,1.49892,1.49598,1.49104,1.48647,1.47934,1.47421,1.4657,1.46516,1.4579,1.44841,1.44554,1.44384,1.43748,1.43333,1.43142,1.42909,1.42126,1.42286,1.41615,1.41481,1.41149,1.40707,1.40267,1.40142,1.40322,1.3928,1.39749,1.38965,1.38745,1.38178,1.37971,1.37761,1.37362,1.37319,1.3703,1.3737,1.36409,1.3653,1.36375,1.35855,1.36108,1.35649,1.34939,1.35508,1.35312,1.35452,1.35117,1.32813,1.29759,1.25364,1.19793,1.15069,1.10571,1.07863,1.04051,1.01712,0.99169,0.96781,0.94484,0.92752,0.90554,0.896,0.88215,0.86862,0.84895,0.84227,0.8335,0.82683,0.81827,0.80926,0.804,0.7931,0.79096,0.78484,0.77922,0.77281,0.77318,0.76549,0.7578,0.75706,0.75478,0.74814,0.7492,0.74453,0.73499,0.73902,0.73485,0.73495,0.73383,0.72997,0.73173,0.72536,0.72567,0.72453,0.72076,0.72153,0.71673,0.7159,0.71247,0.71522,0.71433,0.7154,0.71342,0.70975,0.70659,0.70973,0.71061,0.70893,0.709,0.70506,0.70376,0.70246,0.70354,0.70291,0.70307,0.70166,0.70112,0.69901,0.70281,0.70019,0.69912,0.6973,0.69546,0.70167,0.69944,0.69364,0.69926,0.69932,0.69702,0.7004,0.69664,0.69226,0.69645,0.69589,0.69352,0.69621,0.69038,0.69679,0.6919,0.69144,0.69342,0.69463,0.69378,0.69135,0.69177,0.69007,0.69219,0.69531,0.69248,0.69451,0.69584,0.69058,0.69144,0.69722,0.69527,0.68736,0.69243,0.69139,0.69338,0.68939,0.68907,0.68941,0.6896,0.69299,0.68793,0.68924,0.68626,0.69317,0.69377,0.68972,0.68975,0.69159
Synth_Outdoor_NH3_37,NH3,10.0,1,0.54929,0.55215,0.5601,0.57128,0.5792,0.59278,0.60364,0.61657,0.63193,0.65586,0.6726,0.69438,0.71218,0.73146,0.75837,0.77823,0.80267,0.8262,0.84334,0.87919,0.90081,0.92457,0.94746,0.9715,0.99255,1.01787,1.03458,1.05902,1.0798,1.09689,1.11651,1.1304,1.14694,1.16564,1.18178,1.18993,1.21,1.22102,1.2353,1.24541,1.25923,1.27598,1.28552,1.29602,1.30783,1.32002,1.3301,1.33849,1.35051,1.35872,1.36523,1.37167,1.37989,1.38513,1.39245,1.39694,1.39646,1.39999,1.40394,1.41036,1.40547,1.41132,1.41172,1.41388,1.4113,1.40708,1.40724,1.40539,1.40524,1.40399,1.39905,1.40277,1.39258,1.39575,1.39157,1.38683,1.37862,1.37682,1.36825,1.36912,1.36194,1.35634,1.3495,1.34154,1.34031,1.34091,1.33233,1.32816,1.32542,1.3235,1.31741,1.30682,1.29957,1.3056,1.30082,1.29122,1.28342,1.28511,1.27874,1.27536,1.27466,1.27015,1.26329,1.26233,1.26168,1.25827,1.25474,1.2537,1.24785,1.24666,1.23527,1.24012,1.24077,1.23563,1.23333,1.2299,1.23313,1.23016,1.22907,1.22093,1.22311,1.22074,1.2233,1.22379,1.21701,1.19989,1.15976,1.12482,1.07107,1.01939,0.98095,0.94071,0.91203,0.88585,0.86473,0.83873,0.81958,0.79841,0.78418,0.7717,0.75584,0.74021,0.73024,0.71911,0.70892,0.7012,0.69266,0.68172,0.67636,0.66708,0.65951,0.65538,0.6505,0.64156,0.64321,0.62981,0.63948,0.63267,0.62472,0.62208,0.61973,0.6146,0.61385,0.61045,0.60818,0.60661,0.60073,0.60208,0.6005,0.59861,0.59606,0.59786,0.59263,0.59266,0.59398,0.58925,0.58877,0.58682,0.58904,0.58428,0.58714,0.58275,0.57998,0.58296,0.57969,0.5812,0.57208,0.5782,0.57636,0.57421,0.57485,0.57419,0.57494,0.57111,0.57481,0.57694,0.57375,0.5746,0.57488,0.57483,0.57604,0.56977,0.56888,0.57227,0.57173,0.57156,0.57401,0.56903,0.56978,0.56599,0.57352,0.56708,0.56689,0.56657,0.5656,0.56518,0.56551,0.56323,0.56452,0.57117,0.56795,0.56827,0.56872,0.57018,0.56104,0.56227,0.56322,0.56389,0.56417,0.56368,0.56523,0.56468,0.56273,0.559,0.56187,0.56287,0.56354,0.56124,0.56275,0.56108,0.56355,0.56111,0.56161,0.56039,0.56322,0.56137,0.56575,0.56446,0.56324,0.56139
Synth_Outdoor_NH3_38,NH3,10.0,1,0.69719,0.70274,0.70753,0.71873,0.72481,0.73651,0.74623,0.76056,0.77117,0.78761,0.80642,0.82431,0.84365,0.86491,0.87904,0.90116,0.9256,0.94494,0.9771,0.99194,1.01244,1.03313,1.05475,1.07714,1.09802,1.11671,1.13667,1.15953,1.17772,1.1922,1.20479,1.2253,1.24295,1.2569,1.26905,1.28389,1.29308,1.30666,1.31525,1.32933,1.34329,1.34954,1.35955,1.37225,1.38134,1.39312,1.39974,1.4142,1.41531,1.42982,1.43242,1.43699,1.44873,1.45372,1.45734,1.46113,1.46996,1.47642,1.47866,1.48014,1.48365,1.48445,1.48261,1.48385,1.48756,1.48772,1.4896,1.48834,1.48654,1.48254,1.47773,1.47991,1.47765,1.46762,1.46854,1.46565,1.46414,1.45804,1.45604,1.45153,1.44747,1.44178,1.43759,1.43199,1.43109,1.42698,1.41911,1.42041,1.41154,1.41192,1.40221,1.39434,1.3961,1.39123,1.38612,1.37991,1.377,1.3715,1.3677,1.36627,1.36054,1.35757,1.35165,1.34778,1.34227,1.34106,1.3307,1.33468,1.33329,1.33243,1.32802,1.32723,1.31852,1.32158,1.31543,1.31462,1.31537,1.31729,1.31328,1.31051,1.30846,1.30442,1.30676,1.3101,1.29859,1.28509,1.2523,1.21505,1.16934,1.11688,1.08248,1.05059,1.02037,0.99727,0.98339,0.95838,0.94313,0.92354,0.90425,0.89113,0.88072,0.86859,0.85529,0.84307,0.84597,0.82902,0.82085,0.81483,0.80734,0.80216,0.79943,0.79068,0.78322,0.7812,0.77623,0.77703,0.77274,0.76666,0.75998,0.75713,0.75744,0.7556,0.75138,0.74881,0.74638,0.74574,0.73791,0.73931,0.73877,0.74174,0.73518,0.73621,0.73497,0.73636,0.73505,0.73061,0.72847,0.72694,0.727,0.72556,0.72712,0.72593,0.72555,0.72647,0.72725,0.7222,0.72398,0.71973,0.72295,0.72207,0.72139,0.71858,0.71616,0.71385,0.71676,0.72025,0.71521,0.71754,0.7173,0.71411,0.71777,0.70687,0.71075,0.71122,0.71115,0.71375,0.71336,0.71335,0.71361,0.7095,0.7086,0.71243,0.70965,0.70712,0.71327,0.71412,0.71434,0.71072,0.71166,0.71337,0.70819,0.71242,0.71018,0.71163,0.70971,0.71237,0.7096,0.70523,0.71246,0.70637,0.71177,0.7083,0.71137,0.71115,0.70929,0.70941,0.70914,0.70301,0.70829,0.70514,0.70829,0.70494,0.70479,0.71171,0.71031,0.70757,0.708,0.70689,0.70891,0.70578
Synth_Outdoor_NH3_39,NH3,10.0,1,0.49074,0.49674,0.50153,0.51159,0.51863,0.53198,0.54588,0.55443,0.57065,0.58818,0.60325,0.62401,0.64382,0.66569,0.68286,0.70412,0.7283,0.74963,0.77665,0.79565,0.82766,0.84822,0.86791,0.89249,0.9081,0.93974,0.9525,0.97357,0.98836,1.01265,1.02641,1.04646,1.06121,1.07549,1.09118,1.10829,1.11858,1.13354,1.15033,1.16819,1.17549,1.18409,1.19714,1.20944,1.21944,1.2332,1.24183,1.25355,1.25996,1.27283,1.27729,1.28288,1.29775,1.29398,1.30221,1.30729,1.31914,1.32068,1.32255,1.32004,1.32825,1.32358,1.3249,1.32205,1.31997,1.31761,1.31549,1.31479,1.31089,1.30615,1.30572,1.28953,1.29284,1.28781,1.2833,1.27455,1.26945,1.26559,1.2608,1.25006,1.24508,1.24209,1.22607,1.22315,1.22195,1.2144,1.20643,1.19747,1.1897,1.18369,1.18235,1.17027,1.16553,1.15705,1.15492,1.14543,1.14074,1.13126,1.12618,1.12515,1.11683,1.12051,1.10524,1.10372,1.10133,1.09621,1.09035,1.08677,1.08268,1.08047,1.08213,1.07365,1.07263,1.06727,1.06521,1.05221,1.05533,1.05631,1.04874,1.05193,1.04858,1.04091,1.04189,1.04055,1.03377,1.01385,0.98895,0.94654,0.90932,0.86794,0.82913,0.80952,0.78236,0.76084,0.73711,0.72247,0.7073,0.68926,0.68081,0.66345,0.65479,0.64224,0.63342,0.619,0.61602,0.6058,0.59863,0.59876,0.588,0.58062,0.57726,0.57028,0.57284,0.56354,0.56291,0.56153,0.55366,0.55325,0.54657,0.55263,0.54643,0.5413,0.5377,0.53734,0.5349,0.53886,0.52925,0.53107,0.52921,0.52756,0.52629,0.52504,0.52637,0.52462,0.52311,0.51349,0.52088,0.5151,0.52002,0.52129,0.51456,0.51554,0.51403,0.51799,0.51451,0.51801,0.51416,0.51318,0.51224,0.51361,0.50676,0.51088,0.51007,0.51168,0.50903,0.50655,0.50886,0.50581,0.50341,0.50975,0.5091,0.50857,0.5104,0.50522,0.50308,0.50624,0.50531,0.50389,0.50561,0.50409,0.50086,0.50418,0.50229,0.50555,0.50317,0.50749,0.50873,0.50648,0.50096,0.50866,0.5089,0.50507,0.50839,0.50376,0.50053,0.50336,0.50964,0.50165,0.50544,0.50558,0.50428,0.50451,0.50586,0.50433,0.50224,0.50639,0.5086,0.50815,0.50401,0.50297,0.50545,0.51014,0.50789,0.5081,0.50862,0.50751,0.50682,0.50823,0.50527,0.50316
Synth_Outdoor_NH3_40,NH3,10.0,1,0.61261,0.62121,0.62831,0.63024,0.63553,0.64654,0.65453,0.66523,0.67991,0.68805,0.70283,0.72195,0.73829,0.75657,0.77855,0.7929,0.81338,0.829,0.85304,0.86945,0.89041,0.90913,0.93076,0.94315,0.9583,0.98031,0.99813,1.01271,1.02993,1.04177,1.05249,1.06072,1.07803,1.09286,1.10076,1.11296,1.12466,1.13147,1.14555,1.15763,1.16222,1.16861,1.17981,1.1826,1.19687,1.20472,1.21489,1.21687,1.22455,1.22698,1.23317,1.23452,1.24144,1.2441,1.24793,1.24738,1.25039,1.24992,1.24976,1.24993,1.24834,1.24816,1.2437,1.2406,1.23821,1.23374,1.23113,1.23338,1.22201,1.21924,1.21447,1.21007,1.20473,1.2009,1.19032,1.19168,1.18529,1.17538,1.16798,1.16661,1.16397,1.16672,1.15719,1.14705,1.14573,1.14328,1.14015,1.13236,1.13157,1.12655,1.12215,1.12219,1.11992,1.11639,1.11206,1.10579,1.10535,1.10099,1.09732,1.09231,1.08936,1.08763,1.09049,1.08226,1.07712,1.07368,1.07157,1.07539,1.06617,1.06671,1.06083,1.0598,1.05867,1.05294,1.05055,1.05435,1.05099,1.04898,1.04749,1.04517,1.04748,1.04047,1.04284,1.03789,1.03357,1.01826,1.00141,0.96175,0.93308,0.89305,0.87187,0.85059,0.83572,0.81576,0.797,0.78755,0.77212,0.76053,0.74684,0.73773,0.72935,0.72347,0.7162,0.71312,0.70403,0.69061,0.69283,0.68374,0.6805,0.67678,0.67335,0.66807,0.66876,0.66172,0.66338,0.66549,0.65416,0.65454,0.64683,0.65041,0.65092,0.64939,0.64619,0.64673,0.64946,0.64608,0.63925,0.63574,0.63723,0.63482,0.63734,0.63233,0.63424,0.63573,0.63261,0.62976,0.63435,0.62603,0.62928,0.62939,0.62896,0.62885,0.62944,0.62733,0.62605,0.62549,0.62457,0.62766,0.62369,0.62706,0.62464,0.62294,0.6255,0.62183,0.62497,0.62366,0.62138,0.62394,0.62372,0.62501,0.6243,0.62289,0.61863,0.6274,0.6176,0.6233,0.62182,0.61766,0.62014,0.62028,0.62376,0.61874,0.61989,0.61473,0.62493,0.61794,0.62146,0.62041,0.62045,0.62274,0.62492,0.62139,0.62243,0.62163,0.62338,0.6197,0.62357,0.62369,0.62364,0.61931,0.62056,0.6216,0.6176,0.62504,0.62105,0.62181,0.61968,0.61783,0.61967,0.62175,0.62291,0.62165,0.62214,0.62045,0.62256,0.62505,0.62313,0.62342,0.62215,0.61768
Synth_Outdoor_NH3_41,NH3,10.0,1,0.57547,0.57937,0.58624,0.58865,0.59576,0.59974,0.60521,0.61584,0.62378,0.64059,0.65063,0.66296,0.6787,0.68543,0.70759,0.71918,0.73932,0.75583,0.7758,0.79238,0.81277,0.82535,0.84582,0.86124,0.87297,0.89043,0.90741,0.92491,0.93697,0.94597,0.96106,0.97833,0.98492,0.99476,1.00722,1.01782,1.02423,1.03568,1.04227,1.05311,1.0597,1.06816,1.0723,1.07905,1.08996,1.09342,1.09989,1.10359,1.11145,1.11209,1.1173,1.1231,1.12691,1.12475,1.13238,1.12917,1.12621,1.12978,1.1276,1.12881,1.12627,1.1248,1.1203,1.12287,1.1153,1.11316,1.11457,1.11514,1.10746,1.10711,1.10499,1.10124,1.0952,1.08996,1.08389,1.08536,1.0854,1.07611,1.07726,1.06988,1.06927,1.06764,1.06117,1.06026,1.05587,1.05586,1.05205,1.04909,1.05031,1.0455,1.03947,1.03831,1.0359,1.03394,1.03776,1.03003,1.02145,1.02244,1.01616,1.0176,1.01131,1.01214,1.00875,1.01187,1.00923,1.00834,1.00571,1.00091,1.00407,1.00597,1.00063,0.99702,0.99292,0.99257,0.99427,0.99402,0.99019,0.98991,0.98813,0.98603,0.98131,0.9814,0.9802,0.98285,0.97811,0.96752,0.93738,0.91202,0.88066,0.84571,0.81973,0.79742,0.77998,0.75686,0.74076,0.73032,0.71238,0.70949,0.69914,0.6856,0.67718,0.6701,0.66327,0.65691,0.65197,0.6446,0.64229,0.63634,0.62937,0.63023,0.61981,0.61957,0.61904,0.61184,0.61165,0.60966,0.60376,0.6035,0.60123,0.59832,0.60366,0.5943,0.59713,0.59213,0.58896,0.5906,0.59069,0.59018,0.59067,0.59306,0.58533,0.5821,0.584,0.58137,0.58352,0.57717,0.58559,0.5811,0.57407,0.57588,0.57909,0.57942,0.57275,0.57717,0.57003,0.57419,0.57674,0.57213,0.56932,0.57305,0.57076,0.57345,0.56928,0.5692,0.56575,0.57087,0.56973,0.56686,0.57001,0.57178,0.56839,0.56933,0.56907,0.56509,0.573,0.56644,0.56902,0.56906,0.56658,0.56827,0.56716,0.56279,0.56531,0.5644,0.56455,0.56226,0.56817,0.56922,0.5675,0.5681,0.56391,0.56302,0.5625,0.56589,0.56471,0.5638,0.56709,0.56472,0.56146,0.56172,0.56497,0.56581,0.56453,0.56784,0.56713,0.56409,0.56084,0.55961,0.56186,0.56466,0.56729,0.56372,0.56554,0.56195,0.56407,0.56452,0.55746,0.56132,0.56467,0.56293
Synth_Outdoor_NH3_42,NH3,10.0,1,0.65633,0.65568,0.66425,0.66936,0.67268,0.68161,0.68976,0.69845,0.70023,0.7132,0.72708,0.74157,0.75451,0.76842,0.781,0.79654,0.81151,0.83164,0.84409,0.86533,0.88051,0.89645,0.91125,0.92556,0.9431,0.95935,0.96925,0.98913,1.00567,1.01772,1.02715,1.03979,1.04888,1.06057,1.07343,1.08092,1.08841,1.09421,1.10515,1.10643,1.11695,1.12543,1.13185,1.13724,1.14163,1.1454,1.15184,1.15238,1.15664,1.16255,1.16618,1.16419,1.17264,1.1758,1.17567,1.18346,1.17722,1.17914,1.17984,1.18115,1.18062,1.17759,1.17901,1.17905,1.18096,1.18169,1.17759,1.17028,1.16828,1.16738,1.16999,1.16282,1.15749,1.15707,1.15772,1.15503,1.15025,1.14988,1.13991,1.14332,1.14269,1.13604,1.13373,1.12883,1.13504,1.12681,1.1267,1.12508,1.1248,1.11816,1.11482,1.1143,1.11473,1.10877,1.10471,1.1014,1.10066,1.10463,1.10066,1.09907,1.09775,1.09845,1.09618,1.09451,1.09692,1.09575,1.0862,1.08938,1.08489,1.08449,1.08409,1.08099,1.08029,1.07967,1.07699,1.07254,1.07005,1.06538,1.06414,1.06851,1.05897,1.05554,1.06043,1.05935,1.05304,1.04263,1.01748,0.98483,0.95128,0.91817,0.89566,0.87116,0.8484,0.83576,0.81682,0.81248,0.79229,0.78322,0.77423,0.7637,0.75536,0.74953,0.74533,0.73707,0.73301,0.72136,0.71984,0.71488,0.71119,0.70989,0.7023,0.69853,0.69782,0.68924,0.69047,0.68828,0.68405,0.68686,0.67956,0.68,0.67933,0.68038,0.67543,0.67633,0.67437,0.67165,0.6674,0.66543,0.66823,0.66562,0.6683,0.66693,0.66373,0.66049,0.66388,0.65936,0.65932,0.6581,0.65953,0.66219,0.65865,0.657,0.65376,0.65846,0.65466,0.65644,0.65479,0.65735,0.65442,0.65424,0.65522,0.65889,0.65546,0.65267,0.65256,0.65093,0.64956,0.65024,0.64942,0.65268,0.64807,0.6538,0.65209,0.65001,0.64974,0.64811,0.64995,0.65177,0.64708,0.64478,0.65016,0.64901,0.64522,0.646,0.64549,0.64563,0.64643,0.64639,0.64526,0.64483,0.646,0.64681,0.64544,0.64896,0.64716,0.64177,0.64693,0.64702,0.64428,0.64149,0.64511,0.64492,0.64201,0.64104,0.64439,0.64396,0.64344,0.64421,0.6416,0.6432,0.64556,0.64329,0.63992,0.64286,0.6413,0.64458,0.64465,0.63964,0.64562,0.64088
Synth_Outdoor_NH3_43,NH3,50.0,1,0.51891,0.52126,0.5279,0.52979,0.53509,0.54479,0.54516,0.55413,0.56553,0.57167,0.57698,0.59322,0.60085,0.61991,0.62768,0.65115,0.6619,0.67113,0.68832,0.7054,0.72073,0.73497,0.75163,0.76219,0.77494,0.78786,0.80332,0.8141,0.82555,0.83789,0.8413,0.85724,0.86661,0.87976,0.88116,0.89812,0.90344,0.9132,0.92466,0.93036,0.93841,0.94669,0.9537,0.96376,0.97093,0.98143,0.98421,0.99917,1.00532,1.01196,1.02002,1.02208,1.03626,1.03672,1.04178,1.04447,1.05134,1.05898,1.06204,1.06524,1.06774,1.06842,1.0682,1.07348,1.07529,1.08019,1.07989,1.08461,1.08483,1.08177,1.07927,1.08804,1.08885,1.08297,1.09111,1.08929,1.08958,1.09379,1.09354,1.09218,1.09207,1.09276,1.09052,1.09163,1.08967,1.09117,1.0912,1.09079,1.09303,1.09224,1.09472,1.08986,1.09411,1.09527,1.0947,1.09561,1.09253,1.09772,1.09871,1.09842,1.0999,1.09786,1.09854,1.09771,1.09921,1.09382,1.09587,1.10242,1.09274,1.09883,1.10227,1.09919,1.09849,1.09985,1.09867,1.09967,1.09791,1.1024,1.1032,1.09929,1.09602,1.09764,1.10186,1.1059,1.09684,1.08128,1.05693,1.02088,0.97409,0.9293,0.90584,0.87006,0.84105,0.82015,0.79623,0.77934,0.76001,0.74389,0.72889,0.71234,0.70871,0.69044,0.67925,0.67281,0.66238,0.6568,0.65141,0.64551,0.63889,0.63037,0.62596,0.62193,0.61196,0.61355,0.60453,0.6096,0.60006,0.59739,0.59293,0.59049,0.59516,0.58938,0.58086,0.58633,0.58349,0.57787,0.57756,0.57506,0.57844,0.57003,0.57098,0.56821,0.56441,0.57227,0.56271,0.56511,0.55917,0.56155,0.56269,0.55871,0.56143,0.55852,0.56134,0.56112,0.55558,0.55659,0.55625,0.55675,0.55467,0.55455,0.55292,0.55331,0.55581,0.55373,0.55346,0.55311,0.55052,0.55132,0.54746,0.55302,0.54257,0.54899,0.55177,0.54521,0.54935,0.54638,0.5469,0.54995,0.54786,0.54205,0.54446,0.54913,0.54762,0.55068,0.55032,0.5451,0.55207,0.54571,0.54307,0.54376,0.53958,0.5491,0.54892,0.54227,0.54413,0.54481,0.54204,0.53997,0.54375,0.54339,0.54315,0.5446,0.54755,0.54312,0.54421,0.54555,0.54505,0.54209,0.54384,0.54491,0.54067,0.54658,0.54696,0.54154,0.54379,0.54488,0.54188,0.54442,0.5436,0.5395
Synth_Outdoor_NH3_44,NH3,50.0,1,0.41414,0.41493,0.42249,0.43407,0.4411,0.448,0.46024,0.47481,0.49229,0.50862,0.52338,0.54155,0.56527,0.58521,0.61302,0.63042,0.65818,0.67447,0.69749,0.72283,0.75281,0.7784,0.79612,0.8208,0.84259,0.86409,0.89289,0.9134,0.93372,0.95015,0.97685,0.98969,1.00964,1.02124,1.04025,1.0566,1.0712,1.08469,1.09894,1.10783,1.1237,1.13569,1.14787,1.15901,1.16694,1.1778,1.1861,1.20375,1.21333,1.22245,1.22972,1.23183,1.24249,1.25289,1.25958,1.26485,1.27196,1.27623,1.28127,1.2838,1.29195,1.29198,1.29271,1.29651,1.2994,1.30403,1.30224,1.30222,1.29949,1.30409,1.29962,1.29981,1.30231,1.29823,1.29101,1.28851,1.29032,1.28469,1.28626,1.28142,1.27827,1.27251,1.27487,1.27383,1.26225,1.26002,1.2556,1.25102,1.24608,1.24204,1.23858,1.23927,1.23394,1.22578,1.23034,1.22614,1.22663,1.2212,1.21358,1.20872,1.20951,1.20679,1.20777,1.20248,1.20249,1.19354,1.19655,1.19325,1.18372,1.18937,1.1836,1.18174,1.17626,1.17959,1.1717,1.17526,1.17386,1.16799,1.17393,1.16807,1.16765,1.16035,1.17262,1.16617,1.16405,1.13738,1.10207,1.05711,1.00194,0.94038,0.90074,0.86212,0.82277,0.79817,0.76256,0.7393,0.71904,0.69479,0.67848,0.66096,0.64391,0.63184,0.61576,0.60456,0.59551,0.58417,0.5745,0.56074,0.55665,0.54548,0.53736,0.53376,0.52552,0.52401,0.51873,0.50694,0.50497,0.49904,0.49747,0.49595,0.49062,0.48639,0.48795,0.47596,0.48201,0.47492,0.47358,0.47008,0.47306,0.46402,0.46516,0.46458,0.45749,0.45753,0.45786,0.45449,0.45322,0.45298,0.45419,0.45046,0.45284,0.44652,0.44479,0.45172,0.44429,0.44171,0.43974,0.44591,0.44153,0.44096,0.44041,0.44263,0.43899,0.44465,0.4385,0.44022,0.43903,0.43637,0.43446,0.43625,0.43619,0.43297,0.43433,0.43654,0.4382,0.43476,0.43692,0.43034,0.43332,0.43457,0.42867,0.42936,0.43458,0.42746,0.42624,0.43313,0.43203,0.42988,0.42845,0.42722,0.42877,0.43178,0.42819,0.43281,0.42496,0.42696,0.42589,0.42392,0.42608,0.42735,0.42746,0.43143,0.42701,0.42856,0.42568,0.42956,0.43124,0.42645,0.42254,0.42354,0.4255,0.42583,0.42635,0.42566,0.42446,0.42279,0.42531,0.42888,0.42672,0.42544
Synth_Outdoor_NH3_45,NH3,50.0,1,0.47975,0.48523,0.49452,0.50315,0.51825,0.52701,0.54045,0.56309,0.57436,0.59464,0.61553,0.63304,0.66164,0.68386,0.71075,0.73041,0.75812,0.78415,0.81112,0.8334,0.86385,0.88633,0.91672,0.93585,0.96115,0.99159,1.01102,1.03187,1.05854,1.07625,1.09675,1.11239,1.13687,1.14522,1.16689,1.17751,1.18802,1.20723,1.22005,1.22918,1.24131,1.25466,1.26614,1.26935,1.28822,1.29427,1.30191,1.31692,1.32327,1.33452,1.3401,1.34601,1.35218,1.3599,1.36337,1.36752,1.37597,1.37841,1.38254,1.38836,1.38798,1.39042,1.39057,1.39437,1.39491,1.39655,1.39242,1.39166,1.39308,1.38959,1.38426,1.38714,1.37688,1.38029,1.37219,1.37685,1.36485,1.36795,1.36096,1.35607,1.35304,1.34958,1.34099,1.33632,1.33506,1.32423,1.32213,1.3263,1.3115,1.31203,1.30292,1.301,1.297,1.29417,1.28717,1.28935,1.27981,1.2788,1.27568,1.26908,1.26813,1.26632,1.26202,1.26655,1.25572,1.25814,1.25459,1.24959,1.24459,1.24195,1.23971,1.23384,1.23327,1.22977,1.23471,1.23091,1.22939,1.22699,1.224,1.22526,1.21802,1.21735,1.22138,1.21742,1.22039,1.19121,1.1559,1.11128,1.05602,0.99942,0.95528,0.9137,0.88258,0.85511,0.82769,0.80498,0.77926,0.75576,0.74332,0.72733,0.71048,0.69359,0.68355,0.67751,0.65817,0.64444,0.63685,0.63119,0.61757,0.61455,0.60817,0.60463,0.59806,0.59141,0.57866,0.58151,0.57645,0.57113,0.56223,0.56092,0.55648,0.55111,0.55308,0.54818,0.55404,0.54452,0.5458,0.53638,0.53686,0.53641,0.53201,0.53141,0.53023,0.52856,0.53224,0.52705,0.5259,0.52474,0.5237,0.5208,0.51909,0.51923,0.52069,0.51962,0.51526,0.51692,0.51368,0.51344,0.51141,0.51139,0.51449,0.51071,0.51017,0.50562,0.50789,0.50751,0.50552,0.50711,0.50548,0.50629,0.50592,0.5028,0.50378,0.50457,0.50695,0.50424,0.5016,0.50391,0.50684,0.50456,0.50332,0.50347,0.50498,0.50383,0.50233,0.50335,0.49774,0.49647,0.50038,0.49995,0.49823,0.50149,0.49461,0.49778,0.49775,0.49472,0.50239,0.4951,0.49686,0.50044,0.49967,0.49517,0.49952,0.49844,0.50346,0.49854,0.49708,0.49522,0.49544,0.49516,0.50058,0.49713,0.49843,0.50073,0.49096,0.49999,0.49688,0.49779,0.4946,0.49476
Synth_Outdoor_NH3_46,NH3,50.0,1,0.56648,0.5737,0.5784,0.58751,0.59896,0.6137,0.62516,0.64553,0.66469,0.68605,0.7087,0.73262,0.75631,0.78055,0.80357,0.83426,0.86103,0.89285,0.92247,0.95128,0.97961,1.0059,1.03306,1.06006,1.08495,1.11715,1.13919,1.16043,1.18427,1.20588,1.22885,1.25125,1.26666,1.27998,1.3024,1.31903,1.33469,1.34895,1.36581,1.37974,1.3933,1.40768,1.41841,1.43073,1.44743,1.45694,1.46859,1.47996,1.48783,1.49762,1.49918,1.51062,1.51597,1.52642,1.52994,1.53112,1.53826,1.54179,1.54571,1.5443,1.54905,1.54779,1.54835,1.54456,1.54337,1.54625,1.53921,1.53782,1.53829,1.53419,1.53116,1.53058,1.52318,1.52077,1.52444,1.51615,1.50846,1.50642,1.5016,1.49734,1.48912,1.48636,1.4733,1.47024,1.46779,1.46277,1.45428,1.45191,1.44442,1.43997,1.4379,1.43235,1.42232,1.41695,1.4134,1.40927,1.40271,1.40205,1.39529,1.39032,1.38102,1.38218,1.36754,1.37246,1.369,1.36227,1.36336,1.35697,1.35438,1.3522,1.35638,1.3487,1.34391,1.33665,1.33615,1.3307,1.33198,1.32777,1.32249,1.32366,1.31974,1.32045,1.32141,1.3258,1.31993,1.29604,1.25838,1.21048,1.15479,1.09324,1.05009,1.01343,0.97647,0.94361,0.91654,0.89029,0.86764,0.83944,0.82121,0.80991,0.78743,0.77733,0.76178,0.74761,0.73943,0.72842,0.72336,0.70741,0.70417,0.69364,0.68386,0.6808,0.67398,0.66685,0.66199,0.65474,0.64942,0.64894,0.64232,0.63878,0.63603,0.63257,0.62508,0.62882,0.62303,0.61952,0.61853,0.61562,0.61468,0.61195,0.61038,0.61004,0.60708,0.60275,0.59867,0.60407,0.5978,0.59578,0.59126,0.59516,0.59348,0.58815,0.59194,0.58848,0.59544,0.58633,0.58573,0.58374,0.58828,0.58332,0.58166,0.5845,0.5786,0.58295,0.58518,0.58149,0.58102,0.58098,0.58251,0.58073,0.57832,0.57899,0.57403,0.57772,0.5728,0.57396,0.56675,0.57506,0.57208,0.57609,0.57393,0.5754,0.56953,0.5745,0.57684,0.57319,0.57298,0.57116,0.56915,0.57209,0.56613,0.56859,0.56496,0.56741,0.57058,0.57004,0.56868,0.56878,0.56344,0.56701,0.56604,0.56592,0.56889,0.56504,0.56554,0.56171,0.56607,0.56394,0.56673,0.56402,0.56651,0.56574,0.57016,0.56708,0.56111,0.56244,0.56564,0.56307,0.55789,0.5686
Synth_Outdoor_NH3_47,NH3,50.0,1,0.60766,0.61579,0.61998,0.63074,0.63788,0.65568,0.66083,0.68204,0.69461,0.71015,0.72991,0.7506,0.77253,0.79111,0.81009,0.83513,0.86279,0.88532,0.90823,0.93205,0.95583,0.98064,0.99986,1.02047,1.04648,1.06623,1.08707,1.10869,1.13675,1.15005,1.16894,1.18248,1.19763,1.21617,1.23716,1.24921,1.26419,1.27835,1.28828,1.30592,1.31301,1.3298,1.33854,1.34361,1.35644,1.36376,1.38079,1.38718,1.39077,1.40589,1.41147,1.41615,1.43038,1.43217,1.43633,1.4407,1.44194,1.44574,1.45475,1.45223,1.4548,1.45047,1.45267,1.45756,1.45649,1.45895,1.45657,1.45104,1.45107,1.44725,1.45121,1.44682,1.44189,1.43914,1.43911,1.43356,1.43236,1.41913,1.42169,1.41505,1.41631,1.41119,1.40267,1.40165,1.39747,1.38848,1.3899,1.37924,1.37444,1.37289,1.36574,1.36291,1.36249,1.35548,1.34786,1.34979,1.3438,1.34427,1.34046,1.33912,1.33459,1.33214,1.3251,1.32624,1.3266,1.31742,1.321,1.31234,1.30869,1.30865,1.30679,1.30442,1.29699,1.2978,1.29225,1.28744,1.28599,1.28349,1.28372,1.28254,1.27353,1.27568,1.2743,1.28044,1.27056,1.25033,1.22282,1.17633,1.12752,1.07321,1.04073,1.00632,0.97386,0.94268,0.92485,0.89784,0.87813,0.86665,0.84234,0.83065,0.8162,0.80294,0.79089,0.78029,0.77008,0.76008,0.7555,0.74059,0.73918,0.73196,0.7254,0.72063,0.7122,0.70274,0.70255,0.6959,0.69249,0.68742,0.68577,0.68214,0.67454,0.67929,0.68034,0.67371,0.66923,0.66729,0.6642,0.66346,0.66121,0.65737,0.66199,0.65245,0.65644,0.65292,0.65654,0.65131,0.64829,0.64736,0.64697,0.64296,0.64288,0.63937,0.64061,0.64225,0.64193,0.63545,0.63931,0.64034,0.63782,0.636,0.63591,0.63496,0.63413,0.63561,0.64045,0.63233,0.63292,0.63312,0.63109,0.63511,0.62602,0.63024,0.63327,0.63014,0.62847,0.63127,0.63212,0.63009,0.62727,0.63015,0.62775,0.63038,0.63199,0.62151,0.62804,0.6232,0.6334,0.62593,0.62878,0.62668,0.62462,0.62414,0.63025,0.62852,0.63083,0.62599,0.62643,0.62491,0.62475,0.62273,0.62542,0.62314,0.62611,0.62535,0.62553,0.62893,0.62458,0.62649,0.62965,0.62773,0.62728,0.62357,0.62482,0.62091,0.6254,0.62479,0.62412,0.62658,0.62096,0.62803
Synth_Outdoor_NH3_48,NH3,50.0,1,0.51349,0.52155,0.53231,0.5386,0.55022,0.56338,0.58259,0.59363,0.61245,0.63567,0.65322,0.67783,0.69601,0.72215,0.75177,0.77259,0.80073,0.82902,0.85345,0.8826,0.9116,0.93896,0.96925,0.99659,1.01658,1.04419,1.06989,1.09519,1.11528,1.1352,1.15614,1.17524,1.18955,1.20995,1.23001,1.24199,1.25834,1.27235,1.28168,1.30158,1.31604,1.32746,1.33898,1.35243,1.36896,1.38401,1.39409,1.3983,1.41427,1.42036,1.42979,1.43863,1.4494,1.45714,1.46087,1.46652,1.47271,1.47694,1.48169,1.47806,1.48314,1.48163,1.48487,1.48445,1.48408,1.48063,1.47677,1.47271,1.47477,1.47109,1.46751,1.46934,1.46034,1.46204,1.45833,1.44503,1.44556,1.43972,1.42876,1.42756,1.42802,1.42573,1.41753,1.41071,1.4045,1.40353,1.39956,1.38764,1.37907,1.37392,1.37773,1.36972,1.36583,1.35641,1.35451,1.3511,1.34771,1.34167,1.33562,1.33196,1.33282,1.3263,1.32312,1.31529,1.3062,1.30847,1.30392,1.30339,1.30744,1.29782,1.2999,1.29163,1.28594,1.2857,1.28651,1.28383,1.27514,1.27465,1.26802,1.27138,1.27107,1.26487,1.26567,1.26954,1.26142,1.23849,1.20219,1.1526,1.09967,1.04319,0.99335,0.95486,0.92248,0.89419,0.86499,0.83793,0.81745,0.79528,0.77947,0.76091,0.74353,0.73047,0.71994,0.70304,0.69427,0.68276,0.67446,0.66297,0.65672,0.65164,0.63951,0.63203,0.62609,0.62077,0.61995,0.61008,0.60828,0.60629,0.60177,0.59603,0.59396,0.59046,0.58656,0.58371,0.5871,0.58097,0.5827,0.57297,0.57182,0.56669,0.56608,0.57106,0.56327,0.56773,0.55826,0.55726,0.55763,0.55704,0.55826,0.5559,0.55259,0.5522,0.55071,0.54826,0.5474,0.55134,0.54335,0.55116,0.54546,0.54365,0.54671,0.5479,0.54635,0.5442,0.54506,0.5375,0.53996,0.5385,0.54334,0.53885,0.54147,0.54027,0.53635,0.53663,0.54096,0.53545,0.53738,0.5348,0.53565,0.53603,0.53388,0.53312,0.53597,0.53288,0.53272,0.53216,0.53407,0.53641,0.53759,0.53181,0.53883,0.53077,0.53583,0.53116,0.53065,0.53082,0.53241,0.53387,0.53396,0.52976,0.52951,0.52955,0.53147,0.53111,0.52918,0.53217,0.53708,0.53011,0.53022,0.53262,0.52975,0.53273,0.5292,0.53552,0.53175,0.52931,0.52935,0.5295,0.53419,0.52755
Synth_Outdoor_NH3_49,NH3,50.0,1,0.43186,0.4373,0.44205,0.45429,0.46628,0.47822,0.49614,0.51297,0.52828,0.54834,0.56307,0.58942,0.61614,0.63675,0.66099,0.69432,0.71957,0.74306,0.77194,0.79089,0.8218,0.84964,0.87677,0.90213,0.92232,0.9543,0.97851,1.00412,1.02018,1.041,1.05649,1.08151,1.10268,1.11637,1.14,1.15013,1.1667,1.17791,1.19652,1.20477,1.22485,1.23796,1.25209,1.25834,1.27318,1.28582,1.29686,1.30454,1.31099,1.32745,1.33515,1.34255,1.35378,1.35916,1.36271,1.36715,1.3741,1.38685,1.3857,1.38641,1.38674,1.3872,1.39084,1.38641,1.38846,1.38514,1.38927,1.38401,1.38242,1.37445,1.37477,1.36721,1.36389,1.36316,1.35169,1.34985,1.34532,1.34021,1.33228,1.33299,1.31899,1.32039,1.31439,1.31082,1.29687,1.29337,1.2938,1.27982,1.27503,1.27236,1.26884,1.26751,1.25866,1.2535,1.25184,1.24841,1.24451,1.23903,1.23063,1.22931,1.2313,1.22436,1.21923,1.21901,1.20967,1.20836,1.20595,1.2014,1.19984,1.19636,1.19063,1.19193,1.18555,1.18671,1.18727,1.18075,1.17617,1.1765,1.17245,1.17379,1.16975,1.17198,1.17328,1.17148,1.16561,1.14096,1.1056,1.056,1.00304,0.94896,0.90186,0.86371,0.82941,0.79759,0.76551,0.7474,0.72478,0.6989,0.6796,0.66476,0.64879,0.63239,0.61644,0.60805,0.59734,0.5873,0.57667,0.56619,0.56108,0.5511,0.54268,0.53678,0.52673,0.52486,0.52165,0.51576,0.51401,0.50514,0.5029,0.49977,0.5,0.49107,0.4849,0.48661,0.48629,0.47812,0.47846,0.477,0.47419,0.46982,0.46572,0.46533,0.46485,0.46424,0.46112,0.45774,0.45856,0.45789,0.45528,0.45093,0.45133,0.45297,0.44599,0.44313,0.45108,0.44756,0.44682,0.44169,0.44535,0.44333,0.43786,0.44459,0.44064,0.43849,0.43784,0.43309,0.43897,0.43752,0.43577,0.43886,0.43163,0.43304,0.43187,0.43277,0.43312,0.43357,0.43116,0.4294,0.43538,0.43676,0.43068,0.42801,0.43319,0.42552,0.42795,0.42669,0.42521,0.42709,0.42533,0.42721,0.42692,0.425,0.42533,0.42539,0.42772,0.42505,0.42723,0.42637,0.42607,0.42787,0.42139,0.42278,0.42816,0.42288,0.41629,0.42261,0.42325,0.41618,0.42588,0.42058,0.42301,0.42144,0.4186,0.41895,0.41912,0.42401,0.42077,0.41968,0.41851,0.4237
Synth_Outdoor_NH3_50,NH3,50.0,1,0.57158,0.57671,0.58011,0.59124,0.60039,0.60957,0.63006,0.64036,0.66119,0.67785,0.69576,0.71574,0.73362,0.76169,0.77984,0.80383,0.8253,0.84881,0.8768,0.90076,0.92293,0.94585,0.97043,1.00007,1.01827,1.04085,1.06646,1.08047,1.10126,1.1203,1.14467,1.1632,1.17692,1.19308,1.2051,1.22618,1.23611,1.25104,1.26157,1.27364,1.29048,1.29918,1.31252,1.32022,1.32783,1.33853,1.34999,1.35756,1.3653,1.37939,1.38274,1.39157,1.39846,1.40213,1.4125,1.41081,1.41843,1.42173,1.42351,1.42223,1.42884,1.42918,1.42594,1.4294,1.42814,1.423,1.42258,1.42586,1.42191,1.41765,1.41467,1.41299,1.41029,1.40602,1.40015,1.40351,1.39899,1.38902,1.38794,1.38061,1.37739,1.37228,1.36717,1.36837,1.35734,1.3515,1.3467,1.34635,1.3348,1.33229,1.33319,1.32564,1.32099,1.32132,1.31211,1.30525,1.30183,1.2953,1.29704,1.2913,1.28874,1.28519,1.27758,1.27298,1.27211,1.26716,1.26708,1.267,1.26127,1.25962,1.25661,1.25649,1.25051,1.24443,1.24898,1.24827,1.24503,1.2405,1.23752,1.23985,1.23723,1.23447,1.24172,1.2361,1.23572,1.21188,1.17484,1.13576,1.08895,1.03595,0.99264,0.9617,0.92945,0.90537,0.88131,0.85434,0.8349,0.8201,0.79922,0.78329,0.76897,0.75988,0.74789,0.7345,0.7262,0.72078,0.70598,0.69565,0.69437,0.6862,0.67841,0.67596,0.67099,0.6583,0.65744,0.66047,0.65204,0.64846,0.64611,0.63982,0.63861,0.63544,0.63219,0.62741,0.62619,0.62196,0.62123,0.61618,0.61517,0.61459,0.61118,0.61062,0.6099,0.60982,0.60976,0.60486,0.60807,0.60586,0.60362,0.60166,0.60104,0.60222,0.60136,0.60073,0.59661,0.59706,0.59824,0.59257,0.59261,0.59274,0.59429,0.59369,0.59023,0.58648,0.59032,0.58688,0.58493,0.58501,0.58851,0.59064,0.5869,0.58692,0.58894,0.58175,0.58653,0.58485,0.58594,0.58299,0.58181,0.5839,0.58737,0.58514,0.58144,0.57907,0.57795,0.5852,0.57928,0.58063,0.58452,0.57699,0.58457,0.58001,0.5776,0.57969,0.57833,0.58107,0.57817,0.57485,0.57891,0.57592,0.5797,0.57609,0.57769,0.57924,0.57812,0.57915,0.5801,0.57541,0.57806,0.56981,0.57866,0.5772,0.5754,0.57854,0.5806,0.5764,0.57517,0.5779,0.57411,0.57578
Synth_Outdoor_NH3_51,NH3,50.0,1,0.01623,0.02228,0.02959,0.03903,0.04867,0.0619,0.07551,0.0904,0.10701,0.12482,0.14336,0.16391,0.18514,0.20686,0.23,0.25325,0.27784,0.30216,0.32762,0.35252,0.37755,0.40261,0.42783,0.45259,0.47506,0.49777,0.5213,0.54245,0.56254,0.582,0.60016,0.61756,0.63462,0.64812,0.66641,0.68085,0.69499,0.70899,0.72187,0.73466,0.74648,0.75854,0.76965,0.78068,0.79164,0.80187,0.81282,0.82241,0.83043,0.8387,0.84698,0.85493,0.86274,0.86839,0.87578,0.88014,0.88451,0.88896,0.89246,0.89563,0.89631,0.89844,0.89968,0.90043,0.89848,0.8987,0.89779,0.89443,0.8926,0.89074,0.88935,0.88593,0.8832,0.8798,0.87533,0.87116,0.86637,0.86073,0.85752,0.8522,0.84692,0.84268,0.83809,0.83282,0.82807,0.82231,0.81917,0.81483,0.81023,0.80575,0.80141,0.79687,0.79154,0.78914,0.78358,0.77903,0.77627,0.77182,0.76718,0.76345,0.76058,0.75583,0.75166,0.74785,0.74413,0.74105,0.73934,0.73666,0.73313,0.7306,0.72851,0.72536,0.72367,0.72039,0.71712,0.71451,0.71203,0.70954,0.70814,0.70474,0.70249,0.6993,0.70213,0.70228,0.69472,0.67477,0.63995,0.5962,0.54342,0.49086,0.44892,0.41284,0.38201,0.3529,0.32754,0.30294,0.28228,0.2626,0.24592,0.22875,0.21405,0.20056,0.1883,0.17821,0.16783,0.15795,0.14773,0.13946,0.13181,0.12471,0.11815,0.11205,0.10638,0.10195,0.09612,0.09192,0.08715,0.0833,0.07964,0.07625,0.0727,0.06933,0.06676,0.06382,0.06169,0.05852,0.0562,0.05402,0.05196,0.05036,0.04813,0.0472,0.04523,0.0431,0.04274,0.04037,0.03879,0.0375,0.03625,0.03509,0.03398,0.03291,0.03234,0.03089,0.02997,0.02908,0.02822,0.02743,0.02665,0.02591,0.0257,0.02453,0.02381,0.02347,0.02256,0.02288,0.02189,0.0209,0.02109,0.01987,0.01938,0.01998,0.01901,0.01892,0.01762,0.01805,0.01926,0.01735,0.01723,0.01774,0.01716,0.01824,0.01748,0.01751,0.01784,0.01791,0.01799,0.01831,0.01703,0.01755,0.0181,0.01856,0.0183,0.01821,0.01814,0.01872,0.01937,0.01853,0.01907,0.01896,0.01847,0.01792,0.01735,0.01959,0.01831,0.01932,0.01919,0.01917,0.01808,0.01866,0.01861,0.01901,0.01889,0.01817,0.01783,0.01778,0.01753,0.01792,0.01826,0.01814
Synth_Outdoor_NH3_52,NH3,50.0,1,0.03282,0.04747,0.06185,0.0798,0.10057,0.12462,0.15051,0.17989,0.20946,0.24197,0.27702,0.31199,0.35021,0.38977,0.42747,0.46712,0.50858,0.54865,0.58812,0.62834,0.66755,0.70444,0.74292,0.77925,0.81439,0.84859,0.8804,0.91064,0.93911,0.9654,0.99143,1.01682,1.03907,1.06109,1.08406,1.10338,1.12227,1.14068,1.15787,1.17557,1.19181,1.20688,1.2224,1.23687,1.24904,1.26318,1.27522,1.28622,1.29666,1.30611,1.31569,1.32429,1.33231,1.33976,1.34661,1.35271,1.35741,1.36119,1.36508,1.36797,1.36841,1.37041,1.37118,1.37036,1.36924,1.36765,1.36619,1.36173,1.35974,1.3566,1.35183,1.34881,1.34263,1.33714,1.33143,1.32808,1.32057,1.31471,1.30987,1.30324,1.29733,1.2908,1.28425,1.27854,1.27082,1.26427,1.25867,1.25345,1.24622,1.24028,1.23401,1.22658,1.22177,1.21556,1.21073,1.20527,1.19927,1.19537,1.18854,1.18381,1.17881,1.17438,1.16983,1.16533,1.16103,1.15626,1.15237,1.14746,1.14296,1.14076,1.13592,1.13156,1.12858,1.12585,1.12275,1.12171,1.12138,1.11475,1.09945,1.07623,1.04777,1.01421,0.98527,0.96311,0.93592,0.8962,0.84478,0.78235,0.7141,0.64695,0.59275,0.5445,0.5017,0.46515,0.42906,0.39881,0.37047,0.34456,0.32154,0.30013,0.28081,0.26318,0.24652,0.232,0.21685,0.20474,0.19355,0.18138,0.17138,0.16351,0.15401,0.14549,0.13788,0.13008,0.12433,0.11868,0.11321,0.10729,0.10193,0.09692,0.09262,0.08855,0.08474,0.08095,0.0777,0.07519,0.07083,0.06901,0.0656,0.06281,0.06001,0.05848,0.0562,0.05416,0.05184,0.04992,0.04791,0.04619,0.04504,0.04297,0.04209,0.03996,0.03841,0.03766,0.03607,0.03455,0.03468,0.0325,0.03168,0.03168,0.03061,0.02877,0.02975,0.02703,0.02691,0.02686,0.02479,0.02445,0.02278,0.02269,0.02243,0.02174,0.02169,0.02085,0.01875,0.01967,0.01942,0.01954,0.01765,0.01735,0.01612,0.01755,0.01662,0.01596,0.01647,0.01452,0.01512,0.01382,0.0138,0.01343,0.01457,0.01266,0.01242,0.01251,0.01182,0.01192,0.0122,0.01118,0.01136,0.01045,0.01129,0.01085,0.01071,0.01059,0.00986,0.00937,0.00991,0.00986,0.00943,0.00876,0.00917,0.00888,0.0091,0.00826,0.00952,0.01212,0.01503,0.0182,0.02188,0.02777
Synth_Outdoor_NH3_53,NH3,50.0,1,0.06403,0.0795,0.09844,0.11839,0.14089,0.16754,0.19471,0.2233,0.25529,0.28708,0.32173,0.35572,0.39272,0.43098,0.4673,0.50435,0.5425,0.57917,0.61706,0.65407,0.69021,0.72576,0.75867,0.79255,0.82577,0.85452,0.88378,0.91224,0.93802,0.96331,0.98669,1.00946,1.02995,1.05146,1.07063,1.08707,1.10646,1.12155,1.13713,1.15209,1.16669,1.17962,1.19131,1.20457,1.21662,1.22831,1.2376,1.24835,1.25809,1.26701,1.27533,1.28192,1.28971,1.29455,1.29862,1.30401,1.30786,1.31032,1.31257,1.31423,1.31524,1.31569,1.31486,1.31286,1.31159,1.30862,1.30512,1.30243,1.29768,1.29337,1.28916,1.28416,1.27814,1.27224,1.26563,1.25955,1.25374,1.24731,1.24167,1.23464,1.22991,1.2249,1.22002,1.21402,1.20878,1.20236,1.19832,1.19292,1.18579,1.18125,1.17615,1.17097,1.16654,1.1614,1.15777,1.15183,1.14774,1.14177,1.13619,1.13199,1.12719,1.12309,1.11799,1.11441,1.10933,1.10799,1.10296,1.09978,1.09662,1.09248,1.0892,1.08914,1.08629,1.07898,1.0637,1.04088,1.01059,0.97907,0.94594,0.92051,0.89802,0.8791,0.86632,0.85433,0.83414,0.8018,0.75863,0.70329,0.64258,0.58299,0.53193,0.48981,0.45295,0.41784,0.38877,0.36031,0.33493,0.31132,0.28998,0.27125,0.25415,0.23757,0.22337,0.20988,0.19691,0.18473,0.17482,0.16527,0.1544,0.14695,0.1386,0.13111,0.12474,0.11837,0.1131,0.10678,0.10223,0.09726,0.09214,0.0887,0.08486,0.08049,0.07667,0.07296,0.07002,0.06673,0.06435,0.06139,0.05887,0.05709,0.05518,0.05307,0.0485,0.04823,0.04738,0.0445,0.04273,0.04193,0.04025,0.03769,0.03641,0.03551,0.03446,0.03355,0.03333,0.03034,0.02999,0.02998,0.02732,0.02649,0.02677,0.02487,0.02457,0.02302,0.02419,0.02278,0.02092,0.02069,0.01902,0.01935,0.01835,0.01874,0.01821,0.01676,0.01796,0.01738,0.0163,0.01668,0.01502,0.01487,0.01513,0.0145,0.01339,0.01349,0.01374,0.01215,0.01113,0.01185,0.01117,0.01048,0.0109,0.01132,0.01083,0.00999,0.01002,0.01009,0.00968,0.00914,0.00845,0.00839,0.00809,0.00792,0.00826,0.0087,0.00822,0.00746,0.00719,0.00707,0.00807,0.00681,0.00881,0.01074,0.01435,0.01716,0.02165,0.02716,0.03337,0.03943,0.046,0.05509
Synth_Outdoor_NH3_54,NH3,50.0,1,0.036,0.04183,0.04926,0.05828,0.0689,0.08141,0.09516,0.11038,0.12711,0.14524,0.16474,0.18544,0.20725,0.23001,0.25358,0.27787,0.30275,0.32798,0.35345,0.379,0.40448,0.42972,0.45463,0.47908,0.50291,0.52594,0.54813,0.56944,0.58983,0.60934,0.628,0.64582,0.66287,0.67915,0.69475,0.70967,0.72399,0.7377,0.7509,0.76363,0.77595,0.78793,0.79958,0.81091,0.82191,0.83256,0.84281,0.85258,0.86184,0.87054,0.87865,0.88617,0.89309,0.89927,0.90457,0.90933,0.91371,0.91762,0.92103,0.92384,0.92596,0.9271,0.9273,0.92683,0.92586,0.92436,0.92247,0.92024,0.91768,0.91482,0.91168,0.90828,0.90466,0.90079,0.89674,0.89248,0.88803,0.88347,0.87888,0.87426,0.86953,0.86473,0.86002,0.85536,0.85079,0.84637,0.84211,0.8379,0.83362,0.82933,0.82516,0.82108,0.81698,0.813,0.80923,0.8057,0.80234,0.79916,0.79613,0.79316,0.79009,0.78704,0.784,0.78095,0.77788,0.77476,0.77174,0.7688,0.76599,0.7632,0.76044,0.75765,0.75474,0.75165,0.74862,0.7456,0.74262,0.73967,0.73685,0.73414,0.73151,0.72857,0.73047,0.73133,0.72335,0.7026,0.6684,0.62296,0.57088,0.51882,0.47641,0.44065,0.40875,0.38009,0.35422,0.33082,0.30961,0.29032,0.27272,0.25667,0.242,0.22858,0.21625,0.2049,0.19446,0.18481,0.17591,0.16767,0.16005,0.15299,0.14644,0.14036,0.13469,0.12939,0.12447,0.11986,0.11555,0.11151,0.10775,0.10424,0.10092,0.09782,0.09489,0.09213,0.08952,0.08704,0.08472,0.08252,0.08047,0.07856,0.07671,0.07497,0.07333,0.07177,0.07026,0.06885,0.0675,0.06619,0.06495,0.06375,0.06263,0.06158,0.06057,0.05962,0.05869,0.05778,0.05695,0.05615,0.0554,0.05467,0.05396,0.05326,0.05258,0.05192,0.05132,0.05075,0.0502,0.04964,0.04912,0.0486,0.04812,0.04767,0.04728,0.04688,0.04648,0.04606,0.04568,0.0453,0.04493,0.04459,0.04427,0.04396,0.04364,0.04331,0.04301,0.04272,0.04244,0.04219,0.04193,0.04169,0.04145,0.04122,0.041,0.04079,0.04058,0.04038,0.0402,0.04002,0.03985,0.03966,0.03947,0.0393,0.03914,0.03897,0.03884,0.03872,0.0386,0.03846,0.03835,0.03821,0.03809,0.03795,0.03783,0.03773,0.03763,0.0375,0.03739,0.03729,0.0372,0.03711
Synth_Outdoor_NH3_55,NH3,50.0,1,0.005,0.01126,0.01923,0.0289,0.04027,0.05366,0.0684,0.08472,0.10259,0.12205,0.14293,0.16518,0.18861,0.2131,0.23845,0.26455,0.29124,0.31846,0.34602,0.37388,0.40181,0.42954,0.45687,0.48357,0.5095,0.53453,0.55874,0.58213,0.60466,0.6262,0.64674,0.66611,0.68455,0.70226,0.71938,0.73586,0.75172,0.76697,0.78153,0.79541,0.80888,0.82202,0.83487,0.84735,0.8595,0.87118,0.88229,0.89281,0.90265,0.9118,0.9204,0.92842,0.93591,0.94273,0.94889,0.9543,0.95886,0.96255,0.96553,0.96773,0.96928,0.97018,0.97038,0.96994,0.96891,0.96742,0.96552,0.96313,0.96032,0.95706,0.95328,0.94904,0.94444,0.93959,0.93442,0.92899,0.92348,0.91792,0.91229,0.9066,0.90095,0.89531,0.88956,0.88369,0.87778,0.87177,0.86569,0.85973,0.85414,0.84893,0.844,0.83929,0.83471,0.83016,0.82567,0.82126,0.81696,0.81267,0.80841,0.80409,0.79978,0.79549,0.79136,0.78734,0.78344,0.77965,0.77606,0.77262,0.76923,0.76595,0.76278,0.75969,0.75669,0.75376,0.75091,0.74811,0.74526,0.74248,0.73976,0.7372,0.73477,0.73208,0.73451,0.73583,0.72773,0.70596,0.66987,0.62179,0.56661,0.51142,0.46649,0.42866,0.39496,0.3647,0.33743,0.3128,0.2905,0.2702,0.25173,0.23487,0.21944,0.2053,0.1923,0.18037,0.16939,0.15927,0.14995,0.14134,0.13336,0.12597,0.11908,0.11268,0.10673,0.10119,0.09605,0.09122,0.08674,0.08252,0.07854,0.07483,0.07136,0.0681,0.06504,0.06217,0.05947,0.0569,0.05449,0.05221,0.05003,0.04796,0.04602,0.04419,0.04244,0.0408,0.03925,0.03778,0.03638,0.03503,0.03378,0.03255,0.03137,0.03027,0.02919,0.02819,0.02724,0.02632,0.02547,0.02463,0.02384,0.02308,0.02232,0.02161,0.02091,0.02025,0.01962,0.01899,0.01842,0.01787,0.01731,0.0168,0.01632,0.01586,0.0154,0.01494,0.0145,0.01409,0.01369,0.0133,0.01296,0.0126,0.01225,0.01191,0.01159,0.01128,0.011,0.01071,0.01042,0.01013,0.00986,0.00961,0.00936,0.00911,0.00891,0.00867,0.00842,0.00821,0.00801,0.00783,0.00762,0.00744,0.00725,0.00706,0.00688,0.00676,0.00663,0.00652,0.00639,0.00625,0.00611,0.00595,0.00582,0.00571,0.00557,0.00545,0.00534,0.00523,0.00511,0.005,0.005,0.005
Synth_Outdoor_NH3_56,NH3,50.0,1,0.36799,0.37873,0.39052,0.4047,0.41838,0.43414,0.44955,0.46719,0.48609,0.50611,0.52446,0.54608,0.56616,0.58972,0.61213,0.63552,0.65948,0.68261,0.70722,0.73107,0.75497,0.77876,0.80219,0.82505,0.84676,0.869,0.88894,0.90945,0.92668,0.94547,0.96191,0.97922,0.99508,1.00873,1.02264,1.03743,1.04905,1.06216,1.07343,1.08605,1.09672,1.10749,1.11638,1.12729,1.13764,1.14707,1.15649,1.16374,1.17183,1.17862,1.18599,1.19296,1.19883,1.20424,1.20952,1.21277,1.21656,1.21829,1.22098,1.2219,1.22326,1.22377,1.22341,1.22336,1.22233,1.22034,1.21771,1.21847,1.21532,1.21236,1.20959,1.2049,1.20055,1.19752,1.19227,1.18597,1.18101,1.17707,1.17005,1.16443,1.15963,1.15337,1.14816,1.14399,1.13684,1.13476,1.13103,1.12142,1.10415,1.0763,1.04636,1.01049,0.97552,0.9468,0.92376,0.90263,0.88279,0.86674,0.85076,0.83589,0.82257,0.81141,0.80002,0.78946,0.78001,0.77165,0.76319,0.75546,0.74755,0.74087,0.73428,0.7279,0.72347,0.71732,0.71224,0.70846,0.70358,0.69833,0.69417,0.69046,0.68617,0.68282,0.68323,0.68254,0.67394,0.65322,0.62027,0.57602,0.52643,0.47667,0.43544,0.40194,0.37045,0.34208,0.31834,0.2969,0.27466,0.25683,0.23788,0.22332,0.20983,0.19613,0.18404,0.17323,0.16337,0.15296,0.14578,0.13765,0.12946,0.12323,0.11674,0.11037,0.10427,0.09938,0.09478,0.09048,0.08571,0.08151,0.07874,0.07494,0.07133,0.06846,0.066,0.06223,0.06027,0.05757,0.05518,0.05305,0.05113,0.04873,0.04634,0.04468,0.04429,0.0428,0.04149,0.03925,0.03737,0.03684,0.03639,0.03515,0.03301,0.03171,0.03063,0.03113,0.02866,0.02687,0.02745,0.02628,0.02684,0.02482,0.02455,0.02249,0.02242,0.02304,0.02153,0.02107,0.02125,0.01963,0.01864,0.02005,0.0182,0.0173,0.01809,0.0165,0.01714,0.01676,0.01552,0.01528,0.01476,0.01491,0.01454,0.01376,0.01458,0.01429,0.01459,0.01758,0.01916,0.02405,0.02822,0.03181,0.0376,0.04519,0.05253,0.06052,0.07176,0.07931,0.09097,0.10281,0.11657,0.12819,0.14055,0.15608,0.16911,0.18462,0.19861,0.21349,0.22915,0.24043,0.25468,0.26821,0.28,0.2922,0.30406,0.31314,0.32353,0.33256,0.34096,0.34891,0.35718,0.36253
Synth_Outdoor_NH3_57,NH3,50.0,1,0.02,0.02575,0.03306,0.04195,0.05241,0.06471,0.07826,0.09317,0.10979,0.12768,0.14693,0.16741,0.18897,0.21148,0.23482,0.25883,0.2834,0.30837,0.3337,0.35921,0.38472,0.41005,0.43504,0.45953,0.48335,0.50608,0.5281,0.55022,0.5708,0.58942,0.60944,0.62732,0.64423,0.66008,0.67562,0.6902,0.70413,0.71772,0.73116,0.74296,0.75653,0.7685,0.77918,0.79134,0.80257,0.81198,0.8238,0.8336,0.84299,0.85378,0.86314,0.87065,0.87849,0.88474,0.89004,0.89517,0.8995,0.90212,0.90675,0.90956,0.91097,0.91186,0.91221,0.91193,0.91189,0.9109,0.90923,0.90861,0.90642,0.90487,0.90079,0.89811,0.89386,0.88988,0.88466,0.87802,0.87357,0.86894,0.86251,0.85784,0.85386,0.84771,0.84254,0.83555,0.83056,0.82598,0.82017,0.8158,0.80943,0.80467,0.79893,0.7946,0.79019,0.78452,0.78114,0.77699,0.77281,0.76864,0.76526,0.76044,0.75728,0.75295,0.74841,0.74651,0.74227,0.73894,0.73416,0.73133,0.72919,0.72455,0.72323,0.71878,0.71683,0.71283,0.71082,0.70821,0.7048,0.70238,0.70034,0.69818,0.69599,0.69246,0.69437,0.69635,0.6886,0.66762,0.6331,0.58715,0.53669,0.48353,0.44196,0.40593,0.37404,0.34682,0.31986,0.29666,0.27635,0.25673,0.23997,0.2239,0.20924,0.19684,0.18336,0.17291,0.16161,0.15225,0.14334,0.13565,0.12782,0.12093,0.11422,0.10864,0.10349,0.09736,0.09273,0.08797,0.08374,0.07989,0.07616,0.07259,0.06976,0.06623,0.0634,0.0607,0.05856,0.05566,0.05385,0.05228,0.04994,0.04757,0.04543,0.04373,0.04211,0.04058,0.03912,0.03772,0.03639,0.03511,0.03414,0.03276,0.03169,0.03115,0.03012,0.0292,0.02777,0.02701,0.02608,0.02529,0.02465,0.02379,0.02342,0.02347,0.02189,0.02118,0.0206,0.02002,0.01948,0.02001,0.01844,0.01794,0.01824,0.01771,0.01785,0.01713,0.01615,0.01677,0.01647,0.01718,0.01567,0.01678,0.01748,0.01692,0.01625,0.01704,0.01695,0.01654,0.01727,0.01809,0.01737,0.01956,0.01839,0.01841,0.0206,0.01995,0.01935,0.02045,0.01989,0.02085,0.02074,0.02031,0.02157,0.02138,0.02157,0.02179,0.02186,0.02127,0.02153,0.02127,0.02176,0.02165,0.02084,0.02118,0.02133,0.02122,0.02113,0.021,0.02089,0.02078,0.02068,0.02057
Synth_Outdoor_NH3_58,NH3,50.0,1,0.25587,0.27397,0.2932,0.31241,0.33485,0.35536,0.37811,0.40235,0.42617,0.45092,0.47747,0.50474,0.53313,0.5619,0.58919,0.61765,0.64762,0.67612,0.7053,0.73358,0.76312,0.79137,0.81939,0.84477,0.87053,0.89545,0.92009,0.94257,0.96421,0.98523,1.00438,1.0226,1.03997,1.05559,1.07301,1.0876,1.10223,1.11668,1.13024,1.14283,1.15696,1.16822,1.18046,1.19077,1.20211,1.21221,1.22299,1.23131,1.23987,1.24811,1.25427,1.26126,1.26823,1.27309,1.27759,1.28121,1.28502,1.29138,1.29519,1.29881,1.30151,1.3014,1.301,1.30006,1.29838,1.29485,1.29413,1.28963,1.28512,1.28048,1.275,1.26859,1.26295,1.25638,1.25072,1.24479,1.23853,1.23134,1.2256,1.21883,1.21214,1.2061,1.19837,1.19236,1.18493,1.17937,1.17066,1.16605,1.1604,1.15454,1.15067,1.14361,1.1401,1.13665,1.13313,1.12885,1.12737,1.12452,1.11596,1.09939,1.07465,1.0446,1.00927,0.97428,0.94818,0.92446,0.90492,0.88489,0.86916,0.85215,0.83976,0.82556,0.81409,0.80349,0.79342,0.78425,0.77536,0.76572,0.75861,0.75097,0.74503,0.7381,0.73633,0.73611,0.72439,0.70348,0.66488,0.61687,0.56343,0.50992,0.46576,0.42829,0.39509,0.36461,0.33669,0.31453,0.29213,0.27033,0.25239,0.23605,0.22001,0.20628,0.19394,0.18217,0.1709,0.16096,0.15222,0.14381,0.13471,0.12741,0.1212,0.11398,0.10827,0.10206,0.09743,0.09229,0.08785,0.08348,0.08009,0.07607,0.07357,0.07153,0.06644,0.06276,0.0603,0.05824,0.05557,0.05299,0.05152,0.0497,0.04705,0.04592,0.04214,0.04249,0.0408,0.03833,0.03725,0.03623,0.03531,0.03327,0.03104,0.03089,0.02967,0.02853,0.02707,0.0261,0.02603,0.02402,0.02362,0.02359,0.02244,0.02042,0.02078,0.02046,0.01933,0.01945,0.01856,0.01783,0.01841,0.01705,0.01527,0.01614,0.01497,0.01537,0.014,0.01426,0.01355,0.01407,0.01207,0.01152,0.01182,0.01088,0.01258,0.01168,0.01012,0.00981,0.00973,0.01032,0.00953,0.00946,0.00854,0.0095,0.00811,0.00804,0.00773,0.01016,0.01162,0.01302,0.0183,0.02144,0.02736,0.03309,0.03885,0.04635,0.05418,0.06402,0.07317,0.08412,0.09518,0.10786,0.11994,0.13226,0.14582,0.1614,0.17515,0.18851,0.20307,0.21702,0.23028,0.24202
Synth_Outdoor_NH3_59,NH3,50.0,1,0.01563,0.02156,0.02834,0.03703,0.04752,0.05957,0.07285,0.08752,0.10345,0.12109,0.13995,0.15977,0.18132,0.20291,0.22656,0.24976,0.27418,0.29879,0.32436,0.34832,0.37541,0.40104,0.42666,0.45162,0.47621,0.49908,0.52291,0.54551,0.567,0.5871,0.60606,0.62524,0.64189,0.65913,0.67649,0.69266,0.7095,0.72458,0.7398,0.75399,0.76763,0.78048,0.79401,0.80687,0.81911,0.832,0.84358,0.85335,0.86405,0.87217,0.88005,0.88694,0.89383,0.90154,0.9082,0.91146,0.91562,0.91911,0.92149,0.92347,0.92571,0.92552,0.92399,0.92479,0.92087,0.91838,0.91595,0.91373,0.91118,0.90668,0.90222,0.89598,0.89053,0.88353,0.87808,0.86952,0.86215,0.8553,0.84678,0.83849,0.83056,0.8212,0.81199,0.80356,0.79713,0.78876,0.78441,0.77958,0.77345,0.76779,0.76271,0.75781,0.75153,0.74602,0.7397,0.73389,0.72677,0.72227,0.71803,0.71339,0.70883,0.70677,0.70328,0.70072,0.69838,0.69526,0.69214,0.69071,0.68775,0.68407,0.6809,0.67885,0.67573,0.67297,0.67071,0.66742,0.66625,0.66343,0.66225,0.66149,0.66092,0.65997,0.66358,0.66546,0.65891,0.63839,0.606,0.5604,0.5099,0.45895,0.41831,0.38292,0.35381,0.32506,0.3009,0.27767,0.25725,0.23935,0.22218,0.20724,0.19468,0.18045,0.16883,0.15817,0.14853,0.14014,0.13102,0.12345,0.11624,0.10985,0.10358,0.0979,0.09266,0.08842,0.0834,0.07897,0.07661,0.07182,0.06883,0.06509,0.06195,0.05872,0.0561,0.05385,0.0512,0.05013,0.04714,0.0448,0.04346,0.04118,0.04007,0.03895,0.03794,0.03496,0.03384,0.0323,0.0311,0.02996,0.02927,0.02878,0.0268,0.02673,0.02512,0.02454,0.02439,0.0234,0.0217,0.02099,0.02088,0.01975,0.01899,0.01971,0.01794,0.01866,0.01814,0.01616,0.01619,0.01517,0.01538,0.01425,0.01409,0.01342,0.01302,0.01283,0.01301,0.01222,0.01331,0.01227,0.01243,0.0135,0.01219,0.01293,0.01357,0.0133,0.01398,0.01286,0.01321,0.01313,0.01346,0.01363,0.0138,0.01385,0.0136,0.01416,0.0142,0.01516,0.01476,0.01316,0.01544,0.01558,0.01561,0.01536,0.01499,0.01508,0.01528,0.01452,0.01626,0.01614,0.01449,0.01554,0.01497,0.016,0.01491,0.0158,0.016,0.016,0.016,0.016,0.01492,0.01561
Synth_Outdoor_NH3_60,NH3,50.0,1,0.20751,0.21261,0.2205,0.22855,0.23716,0.24851,0.26108,0.27438,0.29018,0.30662,0.32436,0.34328,0.3633,0.38307,0.40517,0.42845,0.45046,0.47329,0.49844,0.52131,0.54682,0.57035,0.59559,0.61606,0.6397,0.66314,0.68345,0.70283,0.724,0.74304,0.7609,0.77841,0.79502,0.81179,0.82707,0.84305,0.85774,0.87202,0.88662,0.8984,0.91228,0.92613,0.93822,0.95065,0.96229,0.97266,0.98298,0.99452,1.00329,1.01204,1.01952,1.0267,1.03159,1.03549,1.0389,1.03995,1.04307,1.04572,1.04412,1.04396,1.04119,1.04022,1.0379,1.03272,1.0297,1.02499,1.01845,1.01365,1.00727,1.00161,0.99478,0.98664,0.9802,0.97321,0.96794,0.95854,0.94648,0.92823,0.90756,0.88538,0.86349,0.84376,0.82779,0.81202,0.7991,0.78695,0.77592,0.76367,0.75325,0.7434,0.73462,0.72594,0.71801,0.71044,0.70342,0.69616,0.68774,0.68131,0.67484,0.66819,0.66231,0.65876,0.65334,0.64913,0.64465,0.64078,0.63587,0.63367,0.6305,0.62859,0.62496,0.62371,0.6225,0.6203,0.61925,0.61722,0.61676,0.6153,0.61504,0.61451,0.6137,0.61229,0.61382,0.61373,0.60646,0.58804,0.55631,0.51509,0.46857,0.4225,0.38449,0.35292,0.32427,0.29991,0.27619,0.25536,0.23699,0.22084,0.20422,0.19146,0.17842,0.16624,0.15513,0.14587,0.1366,0.13015,0.12174,0.1137,0.10711,0.10292,0.09661,0.09137,0.08674,0.0822,0.07682,0.0736,0.07038,0.0665,0.06305,0.05976,0.05723,0.05515,0.05172,0.05129,0.04818,0.04519,0.04413,0.04177,0.04064,0.03833,0.03809,0.03574,0.03503,0.03308,0.0318,0.03043,0.02883,0.02858,0.0273,0.026,0.02532,0.02527,0.02423,0.0225,0.02176,0.02107,0.02042,0.01981,0.01998,0.01891,0.01889,0.01785,0.01691,0.0164,0.0159,0.0167,0.0151,0.01511,0.01482,0.01403,0.014,0.01426,0.01383,0.01367,0.01584,0.01657,0.01947,0.02074,0.02348,0.0272,0.03121,0.03562,0.03866,0.04551,0.04946,0.05562,0.06059,0.06678,0.07554,0.08128,0.08862,0.0956,0.10269,0.10984,0.11675,0.12289,0.13015,0.13569,0.14334,0.14809,0.154,0.15874,0.16322,0.16727,0.17232,0.17496,0.17912,0.18289,0.18526,0.1887,0.19047,0.19328,0.1961,0.19814,0.19979,0.20107,0.20238,0.20434,0.20675,0.20688
