Pulse_Index,Gas,ppm,is_outdoor_synthetic,Point_0,Point_1,Point_2,Point_3,Point_4,Point_5,Point_6,Point_7,Point_8,Point_9,Point_10,Point_11,Point_12,Point_13,Point_14,Point_15,Point_16,Point_17,Point_18,Point_19,Point_20,Point_21,Point_22,Point_23,Point_24,Point_25,Point_26,Point_27,Point_28,Point_29,Point_30,Point_31,Point_32,Point_33,Point_34,Point_35,Point_36,Point_37,Point_38,Point_39,Point_40,Point_41,Point_42,Point_43,Point_44,Point_45,Point_46,Point_47,Point_48,Point_49,Point_50,Point_51,Point_52,Point_53,Point_54,Point_55,Point_56,Point_57,Point_58,Point_59,Point_60,Point_61,Point_62,Point_63,Point_64,Point_65,Point_66,Point_67,Point_68,Point_69,Point_70,Point_71,Point_72,Point_73,Point_74,Point_75,Point_76,Point_77,Point_78,Point_79,Point_80,Point_81,Point_82,Point_83,Point_84,Point_85,Point_86,Point_87,Point_88,Point_89,Point_90,Point_91,Point_92,Point_93,Point_94,Point_95,Point_96,Point_97,Point_98,Point_99,Point_100,Point_101,Point_102,Point_103,Point_104,Point_105,Point_106,Point_107,Point_108,Point_109,Point_110,Point_111,Point_112,Point_113,Point_114,Point_115,Point_116,Point_117,Point_118,Point_119,Point_120,Point_121,Point_122,Point_123,Point_124,Point_125,Point_126,Point_127,Point_128,Point_129,Point_130,Point_131,Point_132,Point_133,Point_134,Point_135,Point_136,Point_137,Point_138,Point_139,Point_140,Point_141,Point_142,Point_143,Point_144,Point_145,Point_146,Point_147,Point_148,Point_149,Point_150,Point_151,Point_152,Point_153,Point_154,Point_155,Point_156,Point_157,Point_158,Point_159,Point_160,Point_161,Point_162,Point_163,Point_164,Point_165,Point_166,Point_167,Point_168,Point_169,Point_170,Point_171,Point_172,Point_173,Point_174,Point_175,Point_176,Point_177,Point_178,Point_179,Point_180,Point_181,Point_182,Point_183,Point_184,Point_185,Point_186,Point_187,Point_188,Point_189,Point_190,Point_191,Point_192,Point_193,Point_194,Point_195,Point_196,Point_197,Point_198,Point_199,Point_200,Point_201,Point_202,Point_203,Point_204,Point_205,Point_206,Point_207,Point_208,Point_209,Point_210,Point_211,Point_212,Point_213,Point_214,Point_215,Point_216,Point_217,Point_218,Point_219,Point_220,Point_221,Point_222,Point_223,Point_224,Point_225,Point_226,Point_227,Point_228,Point_229,Point_230,Point_231,Point_232,Point_233,Point_234,Point_235,Point_236,Point_237,Point_238,Point_239,Point_240,Point_241,Point_242,Point_243,Point_244,Point_245,Point_246,Point_247,Point_248,Point_249
Synth_Outdoor_Air_1,Clean Air,0.0,1,0.48387,0.48473,0.47924,0.48082,0.48242,0.48253,0.48086,0.48029,0.47665,0.47707,0.48441,0.47699,0.47685,0.48204,0.47896,0.48336,0.48002,0.47808,0.4865,0.48306,0.48243,0.47836,0.48081,0.47958,0.48037,0.48202,0.48241,0.48218,0.48177,0.48887,0.48184,0.48124,0.48586,0.48015,0.48268,0.47962,0.48143,0.48443,0.48408,0.48355,0.48361,0.48434,0.47806,0.48156,0.48252,0.48687,0.48333,0.47976,0.48491,0.48212,0.48284,0.4855,0.48817,0.48593,0.48304,0.48309,0.48507,0.4881,0.48444,0.48427,0.48226,0.48033,0.48971,0.49007,0.48652,0.48591,0.48588,0.48383,0.48402,0.49126,0.48825,0.49323,0.47818,0.48861,0.48865,0.48539,0.48597,0.4789,0.48789,0.48767,0.48948,0.48608,0.48523,0.4861,0.48913,0.4905,0.48579,0.4911,0.48855,0.49048,0.48568,0.48832,0.48694,0.48277,0.48719,0.48925,0.48669,0.48743,0.48623,0.48766,0.48639,0.48851,0.48889,0.49108,0.48993,0.48962,0.49067,0.4912,0.48192,0.49072,0.49167,0.49226,0.48944,0.49095,0.48877,0.48576,0.49335,0.49052,0.49128,0.48865,0.49592,0.48715,0.49159,0.4947,0.48607,0.49039,0.49023,0.49075,0.48599,0.48963,0.48848,0.49164,0.48654,0.49732,0.48789,0.49145,0.49423,0.48604,0.49015,0.49397,0.48591,0.49435,0.49172,0.49473,0.48919,0.48868,0.49303,0.49433,0.49119,0.49533,0.48832,0.49377,0.49072,0.48991,0.49704,0.49277,0.48913,0.49202,0.48861,0.49532,0.49561,0.48966,0.49721,0.49209,0.49448,0.49702,0.49342,0.49137,0.49087,0.48852,0.4945,0.494,0.49441,0.49456,0.49236,0.49964,0.49051,0.49912,0.49776,0.49287,0.49096,0.49727,0.49438,0.49647,0.49593,0.495,0.4932,0.49414,0.49329,0.49667,0.49353,0.49173,0.49822,0.4975,0.49211,0.49564,0.49348,0.49104,0.49654,0.49616,0.49671,0.49901,0.49215,0.49109,0.49403,0.49636,0.49491,0.50291,0.49927,0.49891,0.49828,0.49771,0.49394,0.49902,0.49446,0.49493,0.4946,0.49516,0.50205,0.49192,0.49809,0.49314,0.49587,0.5003,0.49888,0.49558,0.4971,0.49795,0.49501,0.49919,0.49886,0.49517,0.50416,0.49813,0.49369,0.49853,0.49445,0.49973,0.49961,0.49841,0.50318,0.49854,0.49674,0.49405,0.49757,0.49814,0.50457,0.49879,0.49745,0.50061
Synth_Outdoor_Air_2,Clean Air,0.0,1,0.68926,0.68617,0.67878,0.68546,0.6876,0.68426,0.68711,0.68496,0.68402,0.68515,0.67492,0.68274,0.6825,0.68399,0.69004,0.68109,0.68561,0.68281,0.68737,0.68096,0.69123,0.68343,0.68003,0.68407,0.68698,0.68277,0.68513,0.68542,0.68532,0.68727,0.69012,0.68165,0.69051,0.68095,0.68642,0.68582,0.68175,0.68508,0.68653,0.68476,0.68466,0.68705,0.68745,0.68539,0.68822,0.69043,0.68565,0.68782,0.6822,0.68599,0.68561,0.68568,0.68519,0.68692,0.68857,0.68395,0.68744,0.68551,0.68811,0.69023,0.68807,0.69171,0.69057,0.68521,0.68874,0.68671,0.6865,0.68486,0.68717,0.68779,0.68705,0.69326,0.68348,0.6846,0.69183,0.68696,0.68713,0.6887,0.68721,0.6849,0.68698,0.68512,0.69035,0.68871,0.68463,0.69031,0.69146,0.68811,0.68644,0.69123,0.68782,0.68516,0.68575,0.68683,0.68436,0.68476,0.68638,0.68736,0.68893,0.69428,0.6911,0.68905,0.68834,0.68321,0.68541,0.69062,0.68826,0.6853,0.69,0.69303,0.68915,0.69211,0.69246,0.6863,0.69057,0.68805,0.68867,0.6851,0.68623,0.68995,0.69098,0.69262,0.69383,0.68745,0.69317,0.68721,0.69341,0.68731,0.68746,0.68929,0.68516,0.68804,0.6878,0.69016,0.68797,0.69382,0.69215,0.68868,0.68584,0.68884,0.6859,0.69712,0.69135,0.69026,0.6878,0.6932,0.68848,0.69368,0.68617,0.68711,0.68896,0.69077,0.69029,0.69112,0.68732,0.69077,0.69021,0.69104,0.69089,0.68631,0.69049,0.69326,0.69327,0.69109,0.69407,0.69135,0.69365,0.68834,0.69345,0.69512,0.68944,0.696,0.69203,0.69716,0.68773,0.69547,0.69433,0.68742,0.68728,0.68681,0.69295,0.6927,0.69441,0.69101,0.69774,0.68911,0.68922,0.69168,0.69241,0.69198,0.6879,0.69091,0.69033,0.6938,0.68892,0.69063,0.6885,0.69037,0.69297,0.69469,0.6902,0.69479,0.68985,0.69117,0.69348,0.69209,0.68903,0.68973,0.69562,0.69077,0.69102,0.69292,0.69374,0.69127,0.69372,0.69463,0.68984,0.68997,0.69352,0.68599,0.6906,0.69698,0.69448,0.6929,0.69499,0.69421,0.70032,0.69427,0.69462,0.69041,0.68765,0.69423,0.69006,0.68813,0.69097,0.68948,0.69607,0.69667,0.69311,0.69891,0.69229,0.68867,0.69748,0.69762,0.69173,0.69791,0.69191,0.69054,0.69276,0.69913
Synth_Outdoor_Air_3,Clean Air,0.0,1,0.47139,0.47551,0.47296,0.47355,0.4732,0.476,0.47467,0.47336,0.47533,0.47639,0.47508,0.4728,0.47124,0.4779,0.47652,0.47327,0.47436,0.47999,0.47315,0.47962,0.47626,0.47859,0.47273,0.47468,0.47105,0.47631,0.47838,0.47562,0.47928,0.47215,0.4759,0.47783,0.47545,0.47709,0.47407,0.47677,0.48026,0.47606,0.48027,0.4775,0.47819,0.48151,0.47077,0.47644,0.47866,0.47686,0.47697,0.47694,0.47925,0.48086,0.48217,0.47858,0.4775,0.47591,0.47569,0.48067,0.48043,0.47716,0.47845,0.48315,0.48059,0.48056,0.48244,0.47637,0.47801,0.47548,0.47423,0.48096,0.48062,0.48351,0.47907,0.47819,0.48097,0.47482,0.48129,0.4822,0.47682,0.48194,0.48202,0.48169,0.48222,0.48637,0.48162,0.48342,0.47871,0.48133,0.48406,0.47934,0.48351,0.47862,0.48365,0.48323,0.48301,0.48132,0.48173,0.47934,0.48232,0.4823,0.48459,0.47987,0.4837,0.48667,0.48333,0.48517,0.47813,0.48091,0.47664,0.48716,0.48479,0.48246,0.48687,0.48076,0.49064,0.48422,0.48347,0.48541,0.48709,0.48597,0.48481,0.48545,0.4874,0.48679,0.48637,0.48412,0.48097,0.47951,0.48832,0.48644,0.47954,0.49105,0.48259,0.48551,0.48154,0.47891,0.48972,0.48675,0.48342,0.48265,0.48548,0.48782,0.48509,0.4805,0.48303,0.48574,0.48088,0.48526,0.48515,0.48616,0.49083,0.49024,0.48687,0.48449,0.49202,0.48576,0.4879,0.48791,0.48706,0.4859,0.4873,0.48515,0.48818,0.48565,0.48394,0.49006,0.48699,0.49022,0.47889,0.48848,0.49032,0.48555,0.48619,0.48924,0.48436,0.48444,0.48475,0.49077,0.48944,0.49032,0.48749,0.48807,0.48771,0.48897,0.48614,0.48947,0.48441,0.49259,0.49123,0.48948,0.48552,0.49006,0.48926,0.49335,0.49225,0.48727,0.49288,0.48742,0.49324,0.49024,0.48654,0.49101,0.48774,0.48779,0.48446,0.49175,0.48711,0.49623,0.48654,0.49354,0.49359,0.48898,0.49132,0.4913,0.49135,0.49438,0.49194,0.49282,0.49119,0.49263,0.49314,0.48558,0.48886,0.49292,0.49075,0.49117,0.49246,0.49346,0.49253,0.49239,0.49345,0.49086,0.49377,0.48958,0.49607,0.49394,0.49679,0.49464,0.49942,0.49366,0.48985,0.49227,0.48897,0.49374,0.49591,0.49219,0.49474,0.4921,0.49069,0.49397,0.49095,0.49137
Synth_Outdoor_Air_4,Clean Air,0.0,1,0.59832,0.6048,0.60145,0.59986,0.60103,0.60234,0.59926,0.60015,0.60795,0.60006,0.6057,0.6,0.60033,0.60694,0.59965,0.60574,0.60072,0.5996,0.60314,0.60548,0.60144,0.60047,0.59997,0.59802,0.59943,0.60453,0.60313,0.59747,0.60193,0.6005,0.60407,0.60188,0.60398,0.60377,0.60045,0.59782,0.60434,0.60138,0.60084,0.5971,0.59655,0.60181,0.60086,0.60172,0.60079,0.59804,0.60237,0.60039,0.59866,0.59894,0.59617,0.59727,0.60174,0.59828,0.60578,0.59829,0.60017,0.59709,0.60282,0.59914,0.60069,0.59696,0.60161,0.60244,0.59854,0.60271,0.59535,0.60499,0.60325,0.59683,0.59844,0.60329,0.60316,0.59631,0.5999,0.59599,0.5936,0.5967,0.59472,0.59901,0.5972,0.60195,0.60442,0.59832,0.60422,0.59848,0.59722,0.60036,0.59514,0.59866,0.59938,0.59946,0.59826,0.60441,0.59783,0.59868,0.59458,0.59666,0.59667,0.59964,0.60178,0.59717,0.59704,0.5996,0.59557,0.60284,0.59996,0.59522,0.60352,0.60297,0.59848,0.59716,0.59873,0.59977,0.60196,0.60521,0.59833,0.59663,0.59542,0.59744,0.59962,0.60185,0.59837,0.59873,0.59856,0.60264,0.605,0.59757,0.59569,0.60232,0.60018,0.6022,0.60048,0.60031,0.59702,0.59883,0.60331,0.59911,0.60012,0.59989,0.60237,0.60261,0.59562,0.59723,0.59946,0.596,0.59966,0.59832,0.59806,0.60379,0.59639,0.59561,0.59552,0.59873,0.5962,0.60155,0.5962,0.59613,0.59562,0.60012,0.59462,0.59807,0.59499,0.59696,0.59598,0.59664,0.60058,0.5916,0.59547,0.59391,0.60018,0.59261,0.59788,0.59576,0.59782,0.59848,0.5924,0.60162,0.59078,0.58723,0.59634,0.59586,0.59135,0.59834,0.59742,0.59232,0.59206,0.60012,0.59814,0.59487,0.60071,0.59174,0.59327,0.59532,0.59541,0.59627,0.59318,0.5941,0.59152,0.59866,0.59654,0.59929,0.59622,0.59798,0.59503,0.59772,0.59537,0.6001,0.59536,0.59363,0.59569,0.5996,0.59238,0.59867,0.59435,0.58819,0.5914,0.59484,0.59543,0.59568,0.59544,0.59209,0.59232,0.58593,0.58878,0.59556,0.59271,0.59462,0.59152,0.59214,0.5926,0.59091,0.5984,0.59493,0.59393,0.59428,0.59457,0.58786,0.59129,0.59472,0.59229,0.59462,0.59815,0.5951,0.59302,0.59236,0.59548,0.59473,0.59305,0.59061
Synth_Outdoor_Air_5,Clean Air,0.0,1,0.60091,0.59994,0.603,0.60072,0.59981,0.59918,0.60394,0.59684,0.60136,0.59783,0.5975,0.5962,0.59832,0.59964,0.60053,0.5962,0.5993,0.60322,0.6038,0.6024,0.59985,0.60021,0.60224,0.59488,0.60154,0.59391,0.60204,0.60252,0.59728,0.60535,0.59764,0.59919,0.60093,0.60259,0.60364,0.59649,0.60254,0.59987,0.6004,0.60057,0.60183,0.59754,0.60538,0.60139,0.60029,0.60147,0.60187,0.59808,0.6019,0.59968,0.59879,0.60471,0.60315,0.60224,0.60285,0.59435,0.60342,0.59812,0.59955,0.59755,0.59841,0.60287,0.6031,0.60568,0.60119,0.60116,0.6028,0.59823,0.60648,0.59987,0.59927,0.6015,0.6052,0.60501,0.60303,0.6019,0.60204,0.60664,0.60549,0.60552,0.6049,0.60341,0.60453,0.60093,0.6039,0.60231,0.60778,0.60358,0.60714,0.60213,0.60186,0.59825,0.60634,0.60381,0.60741,0.59628,0.60599,0.60443,0.60546,0.60093,0.60799,0.60422,0.60183,0.60996,0.60306,0.60454,0.60575,0.6032,0.60513,0.60601,0.60973,0.60627,0.60469,0.60658,0.60852,0.60568,0.60804,0.60168,0.61077,0.60433,0.60704,0.60228,0.6034,0.60417,0.60802,0.60647,0.60882,0.60668,0.60681,0.60944,0.60955,0.60387,0.6078,0.6083,0.60574,0.60966,0.60703,0.60719,0.60464,0.60729,0.60414,0.60389,0.61046,0.60579,0.60418,0.60251,0.60459,0.60304,0.612,0.60908,0.6087,0.61365,0.60972,0.60771,0.60038,0.61452,0.60534,0.60529,0.60948,0.61191,0.61025,0.60875,0.61181,0.61331,0.61036,0.60872,0.6078,0.6092,0.60958,0.61022,0.60578,0.6098,0.6072,0.60565,0.60789,0.61205,0.61159,0.60261,0.60608,0.60995,0.60796,0.60757,0.61088,0.60561,0.6118,0.60331,0.60847,0.6082,0.60463,0.61084,0.60983,0.61128,0.6104,0.61212,0.6098,0.60877,0.61045,0.61117,0.61119,0.61027,0.60864,0.60792,0.60512,0.61487,0.60903,0.60932,0.60743,0.61397,0.60933,0.61482,0.60845,0.61197,0.60794,0.61549,0.60561,0.61253,0.61318,0.61278,0.61111,0.60975,0.61284,0.61246,0.61263,0.61778,0.61144,0.60745,0.61097,0.61895,0.60748,0.61428,0.61459,0.60786,0.61505,0.61315,0.61168,0.61288,0.61034,0.60876,0.61108,0.60936,0.61406,0.60667,0.6118,0.6096,0.61361,0.61598,0.60824,0.61362,0.61557,0.61347
Synth_Outdoor_Air_6,Clean Air,0.0,1,0.70443,0.69977,0.69636,0.69869,0.70069,0.6989,0.69832,0.69851,0.69895,0.69767,0.69821,0.69561,0.6985,0.70183,0.70124,0.69806,0.69662,0.69686,0.70078,0.69806,0.70493,0.69717,0.69868,0.69924,0.69704,0.69848,0.69945,0.70044,0.69919,0.6929,0.69529,0.69931,0.69523,0.69176,0.70094,0.7048,0.69839,0.70117,0.69889,0.69571,0.70055,0.69963,0.69745,0.69824,0.69678,0.70051,0.69867,0.69564,0.69996,0.6969,0.70029,0.70112,0.70162,0.70335,0.69901,0.70267,0.70578,0.70103,0.69742,0.69634,0.69593,0.69836,0.70101,0.69729,0.7002,0.69965,0.69903,0.70202,0.70036,0.69447,0.69645,0.69991,0.69936,0.69999,0.70657,0.70474,0.70145,0.70414,0.70211,0.69765,0.69749,0.70045,0.69955,0.70031,0.69678,0.69951,0.69952,0.70393,0.70232,0.69561,0.69787,0.70421,0.69851,0.70311,0.69867,0.69476,0.70047,0.70382,0.69597,0.69393,0.69593,0.7017,0.69818,0.7015,0.70202,0.70507,0.70079,0.70251,0.70407,0.70181,0.69982,0.70093,0.70131,0.70088,0.70056,0.70333,0.69823,0.69441,0.70419,0.70081,0.70296,0.70417,0.69982,0.70562,0.70085,0.70011,0.70677,0.69828,0.70135,0.70133,0.70468,0.70457,0.69988,0.69996,0.70339,0.69995,0.70567,0.70274,0.70034,0.70024,0.69978,0.69972,0.70446,0.69767,0.69796,0.70609,0.70245,0.70319,0.70426,0.70041,0.69605,0.70589,0.69856,0.70145,0.70429,0.70207,0.7044,0.70709,0.70116,0.70516,0.70416,0.70099,0.70736,0.70348,0.70299,0.7032,0.70226,0.69881,0.70048,0.70032,0.70898,0.70172,0.70079,0.7029,0.70152,0.70419,0.70729,0.70018,0.70383,0.70483,0.70362,0.70477,0.7047,0.70431,0.70602,0.70321,0.70379,0.69991,0.70085,0.69991,0.69882,0.70329,0.70686,0.70331,0.70402,0.70571,0.70533,0.70955,0.70456,0.70013,0.70354,0.70447,0.70706,0.70409,0.70388,0.70093,0.70263,0.70101,0.70269,0.70604,0.70768,0.7061,0.70146,0.70192,0.7044,0.70379,0.70286,0.70387,0.70336,0.70525,0.70342,0.70344,0.70206,0.70353,0.70471,0.70148,0.71208,0.70271,0.70341,0.70729,0.70031,0.69792,0.70089,0.70588,0.70502,0.7112,0.70226,0.70474,0.70935,0.70946,0.71253,0.70894,0.70753,0.70434,0.70602,0.70366,0.70106,0.7063,0.70251,0.70233
Synth_Outdoor_Air_7,Clean Air,0.0,1,0.62409,0.62956,0.62072,0.62163,0.62469,0.61955,0.6231,0.62351,0.63134,0.62561,0.6223,0.62905,0.62632,0.62549,0.62266,0.62425,0.62447,0.63173,0.62896,0.62792,0.62646,0.6242,0.62638,0.61939,0.62894,0.62507,0.62377,0.62334,0.6269,0.6226,0.62285,0.6174,0.6212,0.62892,0.62921,0.62301,0.62527,0.62595,0.6242,0.62492,0.62933,0.62723,0.62235,0.6275,0.6227,0.62678,0.62653,0.62839,0.63017,0.62451,0.6303,0.62766,0.62656,0.62352,0.62133,0.62559,0.6304,0.62792,0.62861,0.62971,0.62268,0.62527,0.62692,0.6263,0.62686,0.624,0.62846,0.62485,0.62033,0.62994,0.62453,0.62492,0.62922,0.63036,0.62578,0.62804,0.62785,0.62751,0.62815,0.62656,0.62669,0.62741,0.62432,0.61984,0.62723,0.63198,0.62339,0.62327,0.6304,0.63006,0.62925,0.62489,0.62787,0.62836,0.62444,0.62659,0.62566,0.62431,0.63038,0.63539,0.63026,0.62581,0.63003,0.6219,0.62993,0.6281,0.63069,0.63764,0.62837,0.62505,0.62882,0.63049,0.62906,0.62283,0.63167,0.62761,0.6314,0.63286,0.62836,0.633,0.62832,0.63115,0.63009,0.62648,0.6275,0.63334,0.62969,0.62617,0.62807,0.63186,0.63398,0.62718,0.62992,0.63141,0.62841,0.63148,0.62585,0.63182,0.63081,0.63353,0.63532,0.63576,0.63117,0.63078,0.62991,0.62948,0.62786,0.62919,0.62801,0.63153,0.6283,0.6323,0.63412,0.62919,0.62621,0.62801,0.63023,0.63023,0.62423,0.62658,0.63083,0.62994,0.6287,0.62767,0.6271,0.63023,0.63327,0.62613,0.63282,0.63247,0.63155,0.63041,0.63079,0.6287,0.62893,0.63309,0.62844,0.62991,0.62782,0.63126,0.63106,0.62961,0.63078,0.62752,0.63604,0.62756,0.6322,0.63581,0.62855,0.62923,0.63066,0.62926,0.63258,0.63266,0.63418,0.6351,0.63106,0.63238,0.63415,0.63714,0.63443,0.63205,0.63526,0.63203,0.62771,0.6328,0.62939,0.6324,0.6312,0.63305,0.63373,0.62938,0.63311,0.63313,0.63382,0.63356,0.63008,0.63536,0.63015,0.63457,0.6314,0.63548,0.63056,0.63199,0.63238,0.63126,0.63529,0.62881,0.62925,0.62813,0.63353,0.6345,0.6324,0.63077,0.63195,0.63527,0.63184,0.63461,0.63501,0.63584,0.63018,0.63807,0.62707,0.63467,0.62988,0.62765,0.63511,0.63734,0.63365,0.63431
Synth_Outdoor_Air_8,Clean Air,0.0,1,0.56519,0.56465,0.56387,0.55854,0.56417,0.56053,0.56803,0.5632,0.56479,0.56203,0.56112,0.56648,0.56592,0.56285,0.56074,0.56043,0.56275,0.563,0.56353,0.55936,0.55824,0.56446,0.5592,0.56297,0.56121,0.55815,0.56226,0.56187,0.56338,0.56702,0.55777,0.56526,0.56658,0.56427,0.56445,0.56194,0.56265,0.56225,0.56669,0.56265,0.57005,0.5635,0.56102,0.56327,0.55873,0.55985,0.56438,0.56455,0.56021,0.56449,0.56322,0.56129,0.56566,0.56858,0.56106,0.55847,0.55644,0.5645,0.56049,0.55982,0.56123,0.56355,0.56257,0.56146,0.56704,0.56316,0.56099,0.56793,0.5622,0.56471,0.56513,0.56512,0.56622,0.56166,0.56447,0.56807,0.56096,0.56303,0.5663,0.56646,0.56359,0.55916,0.56272,0.56195,0.56422,0.56428,0.56721,0.56059,0.56751,0.56443,0.56266,0.56694,0.55988,0.56785,0.56714,0.56164,0.56817,0.56299,0.56409,0.56697,0.56543,0.56661,0.56683,0.56027,0.56867,0.55934,0.56859,0.56809,0.56164,0.56302,0.5633,0.56406,0.56303,0.56624,0.56932,0.56598,0.56299,0.56603,0.56051,0.56339,0.56905,0.57041,0.56131,0.5634,0.56639,0.56723,0.56298,0.56614,0.5644,0.56722,0.56819,0.5663,0.56256,0.5646,0.56475,0.56653,0.56434,0.57125,0.56594,0.56394,0.5679,0.56697,0.56809,0.56258,0.5629,0.56711,0.55942,0.56147,0.56264,0.56231,0.56941,0.5695,0.56503,0.56576,0.55962,0.5651,0.5656,0.56369,0.5645,0.56403,0.55925,0.56581,0.56075,0.56452,0.57357,0.56263,0.55524,0.56441,0.56639,0.57103,0.56292,0.56741,0.56489,0.56531,0.57058,0.5623,0.56836,0.5701,0.56859,0.56631,0.5678,0.56756,0.56626,0.56652,0.56668,0.56595,0.5688,0.56442,0.56847,0.56777,0.56298,0.57122,0.56554,0.56441,0.56838,0.57024,0.55669,0.57406,0.56859,0.56843,0.56589,0.56908,0.56888,0.56688,0.56796,0.56587,0.56661,0.5653,0.56649,0.56932,0.56817,0.56266,0.56805,0.56456,0.56847,0.56756,0.56688,0.56838,0.5658,0.5689,0.56469,0.56372,0.56419,0.56574,0.57266,0.56706,0.56933,0.56832,0.56703,0.56856,0.56956,0.56529,0.5691,0.57028,0.56928,0.56869,0.56503,0.56547,0.56273,0.56394,0.5685,0.56937,0.56634,0.5673,0.55997,0.56707,0.56723,0.56457,0.56884,0.57203
Synth_Outdoor_Air_9,Clean Air,0.0,1,0.36275,0.36509,0.36663,0.36289,0.36812,0.36564,0.36659,0.36157,0.36815,0.36287,0.36544,0.36843,0.36965,0.36434,0.3574,0.36601,0.37065,0.36932,0.368,0.3644,0.36934,0.36427,0.3671,0.36584,0.36972,0.37137,0.36674,0.36437,0.36528,0.36058,0.36255,0.362,0.36618,0.36496,0.363,0.36778,0.36675,0.36792,0.36439,0.36506,0.36521,0.36043,0.36039,0.36268,0.35806,0.36406,0.36387,0.36616,0.36661,0.36309,0.36505,0.36084,0.36615,0.36247,0.36456,0.36385,0.3597,0.36329,0.36773,0.36449,0.3684,0.36623,0.36367,0.36314,0.36344,0.36263,0.36573,0.36652,0.36223,0.36311,0.3633,0.36277,0.35755,0.35705,0.36249,0.36184,0.35843,0.36197,0.36183,0.36623,0.36442,0.36376,0.36203,0.35752,0.36488,0.36304,0.36357,0.35656,0.35609,0.36455,0.36182,0.35926,0.36069,0.36221,0.35753,0.36438,0.35927,0.36368,0.35781,0.36229,0.36066,0.35746,0.36059,0.35618,0.36133,0.35533,0.36182,0.35722,0.35255,0.36012,0.3645,0.36022,0.36211,0.36188,0.35893,0.36266,0.3572,0.36022,0.35988,0.36354,0.3583,0.36275,0.36003,0.36299,0.35773,0.35877,0.36128,0.36482,0.35482,0.35377,0.35895,0.35677,0.35931,0.35783,0.35945,0.36119,0.35163,0.35821,0.35813,0.35398,0.35918,0.36337,0.35675,0.35767,0.35288,0.35389,0.35749,0.35729,0.36177,0.36067,0.35567,0.35913,0.35528,0.35947,0.36241,0.35265,0.35499,0.35444,0.35682,0.35839,0.35997,0.35661,0.35347,0.35754,0.35467,0.35931,0.35424,0.35738,0.35904,0.35478,0.35459,0.35411,0.35577,0.35768,0.3518,0.36097,0.35287,0.35483,0.3557,0.35636,0.35015,0.3581,0.36063,0.35059,0.3548,0.35213,0.35892,0.3548,0.35331,0.35691,0.35723,0.35564,0.35529,0.35385,0.35141,0.35694,0.3541,0.35319,0.35277,0.35088,0.35163,0.35577,0.35444,0.3525,0.35362,0.35102,0.35044,0.35271,0.35859,0.35253,0.35361,0.3522,0.35594,0.35043,0.35149,0.35567,0.3585,0.35145,0.34695,0.35635,0.35162,0.35316,0.3469,0.35401,0.35102,0.35427,0.3532,0.34888,0.35142,0.35554,0.35152,0.35336,0.35456,0.34653,0.35507,0.35013,0.35112,0.34674,0.35196,0.35377,0.35084,0.35705,0.34396,0.35058,0.34609,0.34874,0.35113,0.34961,0.34297,0.35234
Synth_Outdoor_Air_10,Clean Air,0.0,1,0.63658,0.6307,0.63514,0.6368,0.62895,0.6336,0.63435,0.63305,0.63453,0.63372,0.63314,0.63315,0.63287,0.6326,0.63653,0.6311,0.63573,0.63558,0.62862,0.63308,0.63921,0.6338,0.63326,0.6378,0.63992,0.63405,0.63475,0.63543,0.63778,0.63796,0.63413,0.63652,0.63435,0.63834,0.63664,0.63769,0.6366,0.63243,0.63753,0.63442,0.63607,0.63665,0.63832,0.64647,0.63738,0.63984,0.6386,0.63825,0.63627,0.63791,0.63862,0.64165,0.63514,0.63729,0.63866,0.63654,0.63859,0.63471,0.64125,0.63919,0.63887,0.64178,0.63897,0.63824,0.63576,0.6345,0.63868,0.63859,0.63687,0.63688,0.63549,0.63543,0.63732,0.63715,0.64054,0.63652,0.63852,0.63587,0.641,0.63878,0.6435,0.63971,0.63238,0.64035,0.64184,0.63462,0.6401,0.63755,0.6412,0.63754,0.64112,0.63385,0.64395,0.63729,0.63804,0.63597,0.63131,0.6388,0.63547,0.63797,0.63534,0.64398,0.63717,0.64411,0.63699,0.63401,0.634,0.64317,0.63964,0.63948,0.64046,0.64409,0.64291,0.64501,0.63857,0.63533,0.64011,0.64064,0.63901,0.63836,0.63995,0.64183,0.63916,0.63948,0.64184,0.63766,0.64456,0.64384,0.63738,0.63719,0.6374,0.63714,0.64329,0.63434,0.6382,0.63718,0.64267,0.64426,0.64043,0.64619,0.63793,0.63878,0.64431,0.64506,0.63679,0.64258,0.64464,0.63701,0.64214,0.64509,0.63864,0.64117,0.6432,0.64166,0.64437,0.64422,0.64534,0.63966,0.64515,0.64617,0.64146,0.64197,0.63606,0.64523,0.6444,0.64372,0.64135,0.64191,0.643,0.64263,0.64384,0.64295,0.643,0.64281,0.64147,0.64516,0.64134,0.64274,0.64999,0.64851,0.63805,0.64659,0.64265,0.64617,0.64495,0.64319,0.64223,0.63946,0.64051,0.64248,0.6456,0.6415,0.64581,0.64554,0.64501,0.6466,0.64661,0.64623,0.64701,0.64519,0.64443,0.64315,0.64837,0.64519,0.64211,0.6475,0.64725,0.64563,0.64597,0.65198,0.64104,0.63877,0.64709,0.64925,0.64439,0.64822,0.64468,0.64695,0.64395,0.65246,0.65013,0.64283,0.64563,0.64692,0.64471,0.64385,0.64634,0.64136,0.64753,0.64572,0.64581,0.65047,0.64307,0.64932,0.64407,0.64226,0.65026,0.64845,0.64788,0.65073,0.64483,0.64422,0.64288,0.6457,0.65197,0.64899,0.64414,0.64202,0.6474,0.64529
Synth_Outdoor_Air_11,Clean Air,0.0,1,0.45832,0.45758,0.45643,0.45044,0.45679,0.45356,0.46148,0.46208,0.4585,0.4577,0.45953,0.45998,0.45838,0.4624,0.46212,0.45237,0.45803,0.45712,0.46014,0.45782,0.45877,0.45743,0.4609,0.46098,0.45904,0.46056,0.46052,0.45764,0.45895,0.45736,0.46609,0.46078,0.45627,0.4582,0.45946,0.46717,0.45608,0.45337,0.46565,0.46001,0.45906,0.46311,0.45546,0.46035,0.46085,0.46209,0.45717,0.46104,0.45829,0.46039,0.4571,0.45994,0.45804,0.46117,0.46471,0.46346,0.46299,0.45682,0.46076,0.46384,0.46651,0.46018,0.46334,0.46693,0.46204,0.46979,0.46564,0.463,0.46104,0.46567,0.46485,0.46028,0.45673,0.4613,0.45898,0.46338,0.46736,0.46281,0.46332,0.46185,0.46548,0.45868,0.46078,0.46395,0.46609,0.46464,0.46003,0.46597,0.45941,0.46093,0.46192,0.46307,0.45999,0.45676,0.46612,0.4689,0.46485,0.46073,0.46641,0.46385,0.46568,0.46594,0.46065,0.46564,0.46481,0.4683,0.4672,0.46973,0.46314,0.4698,0.46737,0.462,0.46958,0.46945,0.46305,0.46454,0.46679,0.46746,0.46722,0.46667,0.47073,0.46708,0.46656,0.46754,0.46155,0.46627,0.47103,0.46628,0.46222,0.46327,0.46473,0.46524,0.46691,0.46511,0.46748,0.46834,0.46467,0.47312,0.47233,0.47024,0.46619,0.47033,0.46447,0.47121,0.46924,0.46928,0.46402,0.46298,0.47016,0.46558,0.46775,0.46265,0.47094,0.46242,0.4698,0.47086,0.46718,0.46903,0.46701,0.46783,0.46764,0.46266,0.47013,0.46702,0.46938,0.46744,0.47202,0.46697,0.46612,0.47201,0.46926,0.46941,0.46939,0.46468,0.47329,0.47339,0.46958,0.47052,0.47016,0.46714,0.47025,0.47657,0.47188,0.46888,0.4716,0.46933,0.47202,0.47479,0.47518,0.4747,0.46848,0.47096,0.47116,0.47133,0.47178,0.47556,0.46692,0.47497,0.47304,0.46465,0.47188,0.46534,0.47174,0.47418,0.46808,0.47229,0.47715,0.47185,0.46722,0.47307,0.47701,0.47133,0.4787,0.47593,0.47018,0.47055,0.47334,0.47721,0.47351,0.46997,0.47746,0.47142,0.46904,0.47466,0.47523,0.47461,0.47572,0.47665,0.47044,0.47439,0.4671,0.47008,0.47496,0.47051,0.47454,0.47146,0.47842,0.47867,0.47258,0.47247,0.47284,0.47295,0.47438,0.47334,0.4704,0.47374,0.47619,0.47142,0.47763,0.47271
Synth_Outdoor_Air_12,Clean Air,0.0,1,0.70065,0.69949,0.69901,0.69889,0.69561,0.69687,0.69725,0.69851,0.69713,0.69257,0.69725,0.69753,0.69675,0.69721,0.69929,0.70011,0.70089,0.69435,0.699,0.69657,0.69708,0.69482,0.69687,0.6933,0.69579,0.69508,0.6967,0.69626,0.6974,0.69555,0.69767,0.69447,0.69744,0.69251,0.6968,0.69715,0.69859,0.70265,0.69557,0.69356,0.69593,0.69137,0.69758,0.69491,0.69585,0.69656,0.69116,0.69712,0.69933,0.69425,0.69975,0.6978,0.69631,0.69575,0.6979,0.69091,0.69267,0.69795,0.69532,0.69025,0.69556,0.69845,0.69714,0.69375,0.69294,0.69242,0.69086,0.69163,0.69588,0.69459,0.69269,0.69109,0.70167,0.69601,0.70031,0.69182,0.69424,0.68808,0.69498,0.69093,0.69414,0.69189,0.69132,0.694,0.69157,0.69212,0.68913,0.69363,0.69041,0.69274,0.69556,0.68966,0.69048,0.69161,0.69312,0.69331,0.68791,0.6932,0.69153,0.69428,0.69352,0.68929,0.69189,0.69111,0.69125,0.69347,0.69132,0.6948,0.68376,0.68784,0.69044,0.68512,0.68826,0.69061,0.689,0.69007,0.68381,0.68736,0.68775,0.69347,0.68221,0.68981,0.68888,0.69301,0.68752,0.69104,0.68921,0.68308,0.6935,0.69065,0.69145,0.69837,0.68358,0.69293,0.6887,0.69052,0.68861,0.68644,0.68833,0.68941,0.68251,0.68706,0.68772,0.68417,0.68768,0.69007,0.68687,0.68826,0.68866,0.6911,0.69144,0.69229,0.68835,0.68929,0.68986,0.69046,0.68336,0.68604,0.68912,0.68759,0.688,0.68974,0.68403,0.68673,0.69024,0.69015,0.68763,0.68348,0.68231,0.69039,0.68727,0.68898,0.68549,0.68435,0.67924,0.68247,0.68815,0.68525,0.68689,0.68569,0.68383,0.68018,0.68889,0.67959,0.68583,0.68,0.68765,0.68686,0.68798,0.68917,0.68311,0.68873,0.68806,0.68432,0.68729,0.68043,0.682,0.68102,0.6827,0.6815,0.68338,0.68287,0.6829,0.68303,0.68004,0.68359,0.67952,0.68412,0.67956,0.69052,0.68437,0.68557,0.68585,0.67957,0.68371,0.68165,0.68456,0.68343,0.68649,0.68182,0.67954,0.67998,0.68237,0.68155,0.67983,0.68828,0.68357,0.68196,0.68119,0.68008,0.68117,0.6818,0.68099,0.6776,0.68145,0.68047,0.67483,0.67777,0.68118,0.68599,0.68208,0.6775,0.68191,0.67651,0.68409,0.68002,0.67787,0.6835,0.67483,0.67769
Synth_Outdoor_Air_13,Clean Air,0.0,1,0.62935,0.62398,0.63064,0.63013,0.63635,0.63177,0.63253,0.63692,0.62527,0.63211,0.63442,0.63058,0.63014,0.63118,0.62668,0.62635,0.63542,0.62891,0.63302,0.6325,0.63133,0.62836,0.62841,0.63212,0.6333,0.62925,0.62991,0.63059,0.63166,0.62379,0.635,0.63197,0.63536,0.63187,0.62878,0.63051,0.62941,0.62764,0.63366,0.62799,0.62981,0.63342,0.62949,0.6274,0.6304,0.63188,0.6294,0.62929,0.62433,0.63318,0.63214,0.62817,0.6327,0.63515,0.6269,0.63467,0.63232,0.63494,0.62801,0.63419,0.62993,0.63205,0.63074,0.62898,0.63173,0.62921,0.62619,0.62868,0.62917,0.63022,0.62865,0.63449,0.62518,0.6309,0.62595,0.63137,0.62792,0.62943,0.62938,0.63193,0.63178,0.62952,0.62759,0.63001,0.63045,0.63278,0.63296,0.6339,0.62752,0.63248,0.6296,0.63246,0.63073,0.62581,0.62652,0.62592,0.62762,0.62487,0.62925,0.63259,0.63044,0.62798,0.63303,0.63046,0.62901,0.62898,0.62694,0.6293,0.62653,0.62789,0.62618,0.63072,0.62802,0.62934,0.62817,0.62846,0.62417,0.63303,0.62851,0.62999,0.63031,0.62664,0.63029,0.63078,0.63012,0.62296,0.62863,0.62843,0.62791,0.62977,0.62288,0.6262,0.62969,0.625,0.63067,0.62656,0.61969,0.62874,0.62403,0.62452,0.6255,0.6271,0.63164,0.62743,0.62729,0.62717,0.62631,0.62583,0.6267,0.62372,0.62832,0.62906,0.62839,0.62624,0.62692,0.62871,0.62181,0.62928,0.62581,0.62332,0.62259,0.62446,0.63115,0.6313,0.6296,0.62955,0.62542,0.62889,0.62443,0.63033,0.6238,0.62963,0.63324,0.63185,0.62489,0.62722,0.63473,0.62428,0.62424,0.62134,0.62691,0.6232,0.6251,0.62868,0.62813,0.62878,0.62702,0.63107,0.62305,0.62141,0.62588,0.62905,0.62804,0.62559,0.62655,0.62375,0.63323,0.63016,0.62783,0.63093,0.62561,0.62627,0.62319,0.62824,0.62424,0.62665,0.63088,0.6268,0.6247,0.62388,0.62396,0.6293,0.62695,0.62509,0.62674,0.62166,0.62193,0.62786,0.62141,0.62666,0.6275,0.6217,0.62545,0.62808,0.62703,0.63296,0.62168,0.62804,0.62453,0.62895,0.62787,0.62686,0.62708,0.62018,0.62569,0.62769,0.62586,0.62932,0.62521,0.6263,0.62158,0.62474,0.62644,0.62929,0.62437,0.62551,0.62235,0.62749,0.62705,0.62848
Synth_Outdoor_Air_14,Clean Air,0.0,1,0.46902,0.47098,0.4687,0.46609,0.47331,0.47096,0.46697,0.47094,0.47552,0.4734,0.4684,0.47253,0.46696,0.47167,0.46426,0.47142,0.46136,0.4714,0.4681,0.46861,0.46539,0.46691,0.47304,0.46031,0.47194,0.47119,0.46599,0.46619,0.46947,0.46466,0.46839,0.47008,0.47082,0.46476,0.46808,0.46611,0.47075,0.47101,0.46783,0.46687,0.47068,0.46675,0.46419,0.47011,0.47272,0.4655,0.46656,0.46656,0.46703,0.46482,0.47097,0.47116,0.46433,0.46485,0.46344,0.4671,0.46947,0.46912,0.46586,0.4646,0.46382,0.46663,0.46837,0.4623,0.47263,0.46713,0.46988,0.46405,0.46129,0.4676,0.46975,0.47024,0.46669,0.4675,0.46424,0.46875,0.46522,0.47149,0.46416,0.46967,0.46782,0.4649,0.46176,0.46282,0.46406,0.4659,0.46165,0.46472,0.46773,0.46155,0.46306,0.46025,0.46051,0.45852,0.45747,0.46097,0.46361,0.47058,0.46218,0.46418,0.46562,0.46419,0.46499,0.46157,0.46691,0.46553,0.46178,0.46009,0.46345,0.45827,0.46475,0.46177,0.46902,0.47082,0.46285,0.467,0.4667,0.46066,0.4622,0.46292,0.46638,0.46614,0.45908,0.46031,0.46407,0.46452,0.46617,0.45836,0.46472,0.46591,0.46657,0.46207,0.46444,0.46307,0.46267,0.46092,0.46142,0.45484,0.46367,0.4599,0.46055,0.46693,0.46172,0.46008,0.46461,0.45905,0.45916,0.46179,0.46286,0.45766,0.46346,0.45997,0.45965,0.45847,0.45978,0.46176,0.45686,0.46445,0.46167,0.4623,0.45792,0.46311,0.46081,0.46186,0.46288,0.45766,0.46682,0.46026,0.46173,0.45825,0.45625,0.46318,0.4631,0.45862,0.46091,0.46525,0.46218,0.45737,0.45844,0.4549,0.45633,0.46187,0.45856,0.45571,0.46073,0.45657,0.45259,0.46423,0.46233,0.45742,0.4574,0.45458,0.46175,0.46336,0.45663,0.4592,0.45909,0.45486,0.45759,0.45854,0.46086,0.4578,0.4573,0.45799,0.45964,0.4552,0.4571,0.45519,0.45975,0.45259,0.46291,0.4614,0.45528,0.45047,0.45332,0.45738,0.45672,0.45392,0.46121,0.46024,0.45637,0.45491,0.4533,0.45709,0.45579,0.45391,0.4592,0.46171,0.4597,0.455,0.45821,0.45654,0.46062,0.45309,0.45809,0.45581,0.45393,0.45355,0.45767,0.4545,0.4602,0.4572,0.45971,0.45414,0.46041,0.44888,0.45677,0.45679,0.45254,0.45594
Synth_Outdoor_Air_15,Clean Air,0.0,1,0.49322,0.48767,0.49452,0.50223,0.4927,0.49292,0.49674,0.49998,0.49203,0.49293,0.50114,0.49834,0.49371,0.49296,0.50103,0.49956,0.49822,0.49224,0.4935,0.49453,0.49594,0.4989,0.49981,0.49418,0.49996,0.49685,0.49681,0.49813,0.49118,0.49463,0.49438,0.49013,0.49691,0.50178,0.49061,0.49747,0.49373,0.49556,0.49202,0.49295,0.49757,0.49194,0.48855,0.49631,0.49837,0.49551,0.49605,0.49804,0.49501,0.49988,0.49559,0.49744,0.49569,0.49513,0.49489,0.49775,0.4937,0.49695,0.49613,0.49299,0.5007,0.4988,0.49939,0.49557,0.4947,0.49411,0.49535,0.49331,0.50188,0.49275,0.49863,0.49687,0.5033,0.49294,0.49667,0.50085,0.49442,0.4971,0.49646,0.49363,0.49384,0.4946,0.5008,0.49551,0.49573,0.49473,0.49137,0.49897,0.49015,0.49527,0.49631,0.49713,0.4971,0.49882,0.49559,0.49803,0.49684,0.49576,0.49804,0.49843,0.49231,0.49544,0.49269,0.49733,0.49909,0.49385,0.49343,0.49588,0.4904,0.49291,0.4978,0.49413,0.49438,0.49769,0.4986,0.49764,0.4971,0.49703,0.49855,0.49813,0.4945,0.49616,0.49214,0.49595,0.49512,0.49464,0.49655,0.50116,0.49823,0.49295,0.49939,0.49885,0.49803,0.49381,0.49755,0.49993,0.49692,0.48918,0.49183,0.50273,0.49425,0.49467,0.49636,0.49611,0.49849,0.49251,0.49967,0.49902,0.49452,0.49594,0.49985,0.50047,0.49542,0.49728,0.49806,0.49426,0.49663,0.49712,0.49663,0.49971,0.49598,0.49678,0.4958,0.49978,0.49951,0.49301,0.50277,0.49887,0.49779,0.49697,0.49556,0.49755,0.49917,0.5003,0.49802,0.4963,0.49445,0.49695,0.50113,0.49465,0.50074,0.50058,0.4938,0.49305,0.4949,0.49664,0.49545,0.50128,0.49761,0.49676,0.4933,0.49445,0.4987,0.48963,0.49916,0.4985,0.5032,0.50296,0.49637,0.49597,0.50197,0.50142,0.49528,0.49266,0.49626,0.49773,0.49754,0.50044,0.4948,0.49227,0.49989,0.49311,0.49094,0.49884,0.49625,0.49735,0.49591,0.49811,0.49694,0.49288,0.4944,0.49778,0.49894,0.49424,0.49503,0.49551,0.49214,0.49827,0.49839,0.4933,0.4961,0.49829,0.5003,0.4944,0.49403,0.49038,0.49847,0.50232,0.49801,0.49479,0.49816,0.49834,0.49263,0.49869,0.49565,0.49686,0.49367,0.50129,0.49939,0.49804
Synth_Outdoor_Air_16,Clean Air,0.0,1,0.46603,0.46673,0.46291,0.46775,0.46495,0.46712,0.46425,0.46842,0.46665,0.46943,0.46685,0.46875,0.46813,0.46867,0.47042,0.46613,0.47141,0.47282,0.46907,0.46786,0.46834,0.46787,0.4703,0.46995,0.46925,0.46879,0.46752,0.46803,0.46311,0.46577,0.46632,0.47153,0.4681,0.47181,0.46922,0.46499,0.47301,0.47194,0.46784,0.46886,0.46793,0.46745,0.46634,0.46594,0.47057,0.46863,0.47005,0.46978,0.46863,0.469,0.47102,0.46942,0.4679,0.47517,0.47078,0.47068,0.47286,0.47161,0.46979,0.47275,0.47302,0.46714,0.47133,0.47125,0.47601,0.47108,0.46832,0.46926,0.47131,0.47176,0.4733,0.46783,0.4754,0.47166,0.47368,0.47201,0.47038,0.46867,0.4689,0.47324,0.47467,0.46773,0.47265,0.47332,0.46754,0.47369,0.47085,0.46943,0.46947,0.4727,0.47119,0.4742,0.46996,0.47213,0.47334,0.47694,0.47625,0.47378,0.47064,0.4745,0.47562,0.46807,0.47064,0.47769,0.47561,0.4735,0.47125,0.4728,0.47316,0.47533,0.46981,0.47121,0.47326,0.47398,0.46966,0.47317,0.47337,0.47442,0.47659,0.47502,0.46936,0.46786,0.47315,0.47673,0.47771,0.47584,0.47355,0.47439,0.47519,0.47608,0.47995,0.47334,0.4804,0.47258,0.47848,0.46997,0.47503,0.47398,0.47321,0.47563,0.48043,0.47369,0.47062,0.47373,0.47695,0.47726,0.47914,0.47166,0.48086,0.4757,0.473,0.47189,0.47704,0.47867,0.47893,0.47631,0.47217,0.4782,0.47656,0.48119,0.47914,0.47871,0.47439,0.47708,0.47763,0.47253,0.4773,0.47677,0.47817,0.47918,0.4779,0.47021,0.47438,0.4805,0.47925,0.47753,0.47678,0.47484,0.47902,0.47609,0.48224,0.4798,0.47622,0.47546,0.47715,0.47705,0.47848,0.47742,0.47623,0.48071,0.47726,0.48361,0.47495,0.47855,0.4778,0.47343,0.48219,0.48129,0.47641,0.47736,0.47958,0.47735,0.48084,0.47779,0.47772,0.48247,0.48319,0.47359,0.48042,0.48429,0.48603,0.47728,0.47857,0.47428,0.48332,0.47622,0.48577,0.47857,0.47308,0.47925,0.47481,0.48171,0.47509,0.47934,0.47476,0.47947,0.48518,0.47862,0.47984,0.4783,0.48135,0.48152,0.47493,0.4826,0.4722,0.48046,0.4782,0.47988,0.48295,0.4774,0.47953,0.47997,0.47776,0.48192,0.47969,0.48343,0.4807,0.48034,0.48688,0.48
Synth_Outdoor_Air_17,Clean Air,0.0,1,0.54807,0.55041,0.54482,0.55077,0.55142,0.5532,0.5524,0.54594,0.54657,0.5421,0.54629,0.5516,0.5541,0.55087,0.54808,0.54809,0.55004,0.55106,0.54379,0.55072,0.55288,0.54696,0.55391,0.55852,0.54973,0.54828,0.54787,0.54997,0.55098,0.55191,0.5462,0.55257,0.55322,0.54962,0.55491,0.54953,0.55004,0.54965,0.54737,0.54934,0.54646,0.54591,0.54663,0.54956,0.54587,0.55203,0.54914,0.54478,0.54323,0.54972,0.54636,0.54806,0.54704,0.54244,0.54635,0.54627,0.552,0.54756,0.55432,0.54562,0.54796,0.54813,0.54942,0.55,0.54983,0.54552,0.54314,0.55111,0.54908,0.5489,0.54922,0.54856,0.55034,0.54754,0.54942,0.54552,0.54265,0.54703,0.54988,0.54949,0.54739,0.54633,0.54633,0.55235,0.54815,0.54978,0.55188,0.54614,0.55184,0.54398,0.55053,0.54489,0.5457,0.5421,0.54517,0.54528,0.54602,0.54733,0.5501,0.54946,0.54788,0.54587,0.54564,0.55324,0.5476,0.552,0.54651,0.54709,0.54888,0.54931,0.54793,0.54441,0.54908,0.54739,0.55327,0.54569,0.54862,0.55024,0.5464,0.54899,0.54113,0.53897,0.54838,0.54739,0.5431,0.54793,0.54647,0.54784,0.5454,0.54143,0.55137,0.54727,0.54565,0.54624,0.54372,0.54777,0.54544,0.54678,0.545,0.5405,0.54707,0.54935,0.54542,0.54689,0.54597,0.54229,0.54274,0.54656,0.54504,0.54057,0.54375,0.54761,0.54934,0.54829,0.55257,0.5453,0.54681,0.54277,0.54488,0.54397,0.54535,0.54643,0.55175,0.54351,0.5447,0.54672,0.54444,0.54374,0.54914,0.54136,0.54181,0.54214,0.54733,0.53903,0.53679,0.54822,0.54567,0.54177,0.54338,0.54138,0.54764,0.54339,0.54555,0.53863,0.54413,0.54442,0.54385,0.54507,0.5469,0.53916,0.54365,0.54443,0.54818,0.54509,0.54647,0.5382,0.53594,0.54496,0.54331,0.54695,0.54276,0.54488,0.55157,0.54288,0.54449,0.5455,0.54162,0.54713,0.54419,0.54667,0.53923,0.54166,0.54875,0.5423,0.55023,0.54258,0.53961,0.54433,0.54263,0.54407,0.54352,0.53763,0.54545,0.54984,0.54665,0.5431,0.54812,0.54429,0.54437,0.54409,0.54348,0.54803,0.5422,0.54625,0.54132,0.53972,0.54765,0.54532,0.54545,0.54287,0.54437,0.54467,0.54568,0.53872,0.54065,0.5445,0.54145,0.53712,0.5416,0.5402
Synth_Outdoor_Air_18,Clean Air,0.0,1,0.51976,0.51648,0.52067,0.52152,0.52578,0.51843,0.52477,0.52205,0.51773,0.52016,0.52314,0.52424,0.52401,0.52003,0.52292,0.52042,0.51816,0.52196,0.52503,0.51582,0.51908,0.52285,0.51768,0.51966,0.51928,0.52072,0.51668,0.52457,0.51528,0.51972,0.51771,0.52308,0.518,0.51772,0.52234,0.51803,0.52242,0.52286,0.52131,0.52222,0.51579,0.52348,0.52017,0.52036,0.52136,0.51927,0.52464,0.51879,0.51965,0.52242,0.5201,0.52342,0.52557,0.52184,0.5225,0.51648,0.52047,0.52241,0.52191,0.52105,0.51293,0.52272,0.51452,0.51872,0.52122,0.52181,0.52575,0.52078,0.51851,0.521,0.51999,0.51752,0.517,0.51497,0.51492,0.52009,0.51951,0.51712,0.51769,0.52101,0.51874,0.5169,0.52087,0.52222,0.52066,0.51632,0.51985,0.52374,0.51886,0.52371,0.51702,0.51674,0.51688,0.51713,0.51789,0.51647,0.51803,0.52213,0.52185,0.52047,0.51106,0.5233,0.52206,0.51748,0.5193,0.52124,0.51818,0.51905,0.51755,0.51655,0.51613,0.51477,0.51983,0.51819,0.51998,0.52001,0.51798,0.51658,0.51708,0.5139,0.5145,0.51554,0.51762,0.52096,0.52087,0.52076,0.51678,0.5183,0.51553,0.52026,0.51885,0.51514,0.51871,0.51985,0.5206,0.51815,0.51244,0.50844,0.51948,0.5231,0.51806,0.51241,0.51754,0.511,0.51732,0.51652,0.51987,0.52156,0.5142,0.51492,0.5197,0.517,0.51809,0.51652,0.5139,0.51251,0.51599,0.51402,0.51276,0.52017,0.51959,0.51777,0.51695,0.51691,0.51356,0.51698,0.51754,0.52012,0.51594,0.51676,0.51473,0.51907,0.52067,0.51853,0.51745,0.51673,0.52144,0.51872,0.51956,0.52047,0.51429,0.51266,0.5135,0.5197,0.51967,0.52174,0.51874,0.51839,0.51376,0.51142,0.52079,0.51707,0.51145,0.51786,0.51764,0.51665,0.5182,0.51623,0.51716,0.51923,0.51472,0.51732,0.51424,0.51939,0.51038,0.51574,0.51429,0.51588,0.51883,0.51202,0.51573,0.51265,0.51935,0.51475,0.51725,0.51154,0.51427,0.51351,0.51725,0.51855,0.51505,0.51745,0.50982,0.51231,0.51543,0.51333,0.51258,0.51399,0.51377,0.51799,0.5152,0.51599,0.51522,0.51353,0.51467,0.51881,0.51506,0.51387,0.51435,0.51165,0.5133,0.51549,0.51842,0.51061,0.51278,0.51612,0.5176,0.52271,0.51813,0.51813
Synth_Outdoor_Air_19,Clean Air,0.0,1,0.57006,0.5693,0.57156,0.57295,0.57191,0.56884,0.56902,0.5682,0.57076,0.56958,0.56888,0.5718,0.56593,0.57177,0.56645,0.5663,0.57014,0.56976,0.57151,0.56908,0.56987,0.56981,0.57595,0.5719,0.57077,0.56775,0.56652,0.56836,0.56948,0.5701,0.56775,0.57056,0.56559,0.57359,0.5677,0.56879,0.56695,0.56794,0.57396,0.56495,0.56998,0.56957,0.5696,0.56849,0.57301,0.5681,0.56752,0.56696,0.56574,0.57272,0.56667,0.56984,0.56897,0.56366,0.56923,0.56863,0.56711,0.57139,0.56904,0.56719,0.56608,0.56292,0.56726,0.56645,0.57124,0.56218,0.56765,0.56496,0.56703,0.57057,0.56653,0.5708,0.56621,0.56933,0.5714,0.56981,0.56484,0.5664,0.56697,0.56752,0.56717,0.56385,0.56931,0.56332,0.57233,0.56751,0.56627,0.56646,0.56973,0.56061,0.5662,0.56651,0.56557,0.57168,0.56529,0.56856,0.56753,0.5699,0.56718,0.56191,0.56759,0.56834,0.56277,0.56523,0.56812,0.56853,0.56354,0.55969,0.56734,0.56224,0.56192,0.55978,0.56821,0.56871,0.5672,0.57071,0.57114,0.56948,0.56144,0.56679,0.56113,0.56495,0.56337,0.56791,0.56331,0.56677,0.56706,0.57002,0.56182,0.56021,0.56467,0.56394,0.56924,0.56433,0.56228,0.56432,0.56404,0.56092,0.5629,0.56818,0.56418,0.56508,0.56883,0.55978,0.56658,0.56159,0.5687,0.56182,0.56751,0.56561,0.56595,0.56489,0.56566,0.55957,0.56745,0.56193,0.55849,0.56513,0.55982,0.55821,0.56004,0.56236,0.5634,0.56492,0.56495,0.56786,0.56329,0.56522,0.5625,0.56564,0.56501,0.56212,0.5595,0.55719,0.56628,0.5659,0.56525,0.56234,0.56522,0.56204,0.56371,0.56203,0.56359,0.56189,0.56518,0.56624,0.5645,0.56353,0.56827,0.56495,0.56135,0.56322,0.56476,0.56305,0.5628,0.56206,0.56154,0.55715,0.56424,0.5627,0.56637,0.56332,0.55815,0.5633,0.55947,0.562,0.56301,0.56424,0.56375,0.56294,0.56112,0.56558,0.56345,0.56263,0.55941,0.56171,0.56695,0.56074,0.56278,0.55607,0.5603,0.56364,0.56181,0.56159,0.56307,0.56311,0.55947,0.56343,0.55989,0.56526,0.56168,0.56313,0.55876,0.56204,0.5627,0.56284,0.55766,0.56144,0.5593,0.56352,0.56054,0.56596,0.56061,0.55994,0.56424,0.56325,0.55392,0.56239,0.5606,0.56317
Synth_Outdoor_Air_20,Clean Air,0.0,1,0.51784,0.51578,0.50851,0.51177,0.51968,0.51405,0.51799,0.51255,0.50932,0.51431,0.5147,0.51492,0.51607,0.51919,0.51495,0.51309,0.51398,0.5097,0.50961,0.51546,0.5156,0.51483,0.51089,0.51726,0.51524,0.51414,0.51552,0.5158,0.51875,0.51342,0.51677,0.50887,0.5161,0.51364,0.51638,0.51487,0.51832,0.51421,0.51629,0.51649,0.51194,0.51563,0.51372,0.51405,0.51441,0.5164,0.51668,0.51446,0.51834,0.51178,0.51895,0.50936,0.52022,0.5153,0.51245,0.51521,0.51268,0.51358,0.52,0.51111,0.51411,0.51524,0.51765,0.51473,0.51712,0.51472,0.51063,0.51474,0.51465,0.5169,0.50991,0.52354,0.51357,0.51191,0.52058,0.5189,0.5156,0.51699,0.51289,0.51412,0.51243,0.51262,0.51374,0.51115,0.51425,0.51121,0.51708,0.51734,0.51507,0.51646,0.52403,0.51658,0.51002,0.51474,0.51567,0.51173,0.50883,0.51575,0.51034,0.51585,0.51661,0.51867,0.51441,0.51724,0.51482,0.51326,0.51319,0.51863,0.51516,0.514,0.51121,0.51134,0.50893,0.51564,0.51027,0.51599,0.51166,0.51137,0.51816,0.5176,0.51354,0.5118,0.51405,0.51439,0.51815,0.51371,0.51388,0.50972,0.5156,0.51398,0.51628,0.51687,0.51624,0.51521,0.51032,0.51695,0.51751,0.5142,0.51926,0.51807,0.51788,0.51562,0.51513,0.51864,0.51756,0.51192,0.51152,0.51561,0.51056,0.51462,0.51815,0.50624,0.5198,0.51598,0.51374,0.51529,0.5141,0.52054,0.51786,0.51278,0.51661,0.51533,0.51575,0.51347,0.52094,0.51774,0.51649,0.51301,0.51223,0.51572,0.5161,0.5181,0.5179,0.51852,0.51367,0.51334,0.51366,0.51665,0.51386,0.51736,0.51369,0.51131,0.51394,0.51296,0.51198,0.51243,0.51212,0.51867,0.51497,0.52039,0.52024,0.51387,0.51237,0.5096,0.50796,0.5096,0.51806,0.51489,0.5166,0.51,0.5092,0.51785,0.51584,0.51542,0.51786,0.51872,0.51616,0.51368,0.51391,0.52146,0.50904,0.51694,0.51754,0.51684,0.51351,0.51341,0.51406,0.5225,0.51845,0.51222,0.51437,0.51583,0.51243,0.51464,0.5169,0.50935,0.51649,0.51561,0.5117,0.51483,0.52167,0.51892,0.51519,0.51538,0.5139,0.51572,0.50719,0.52127,0.51593,0.51466,0.51433,0.51125,0.51269,0.5084,0.52163,0.51351,0.50896,0.51644,0.51798,0.51525
Synth_Outdoor_Air_21,Clean Air,0.0,1,0.58202,0.58571,0.58444,0.59002,0.58959,0.58256,0.58534,0.58287,0.58253,0.57928,0.58222,0.58169,0.58583,0.58215,0.57888,0.58339,0.58424,0.58202,0.58357,0.58371,0.58218,0.5819,0.57889,0.57835,0.58384,0.58586,0.58035,0.58027,0.57991,0.58342,0.58201,0.57932,0.58342,0.58257,0.58279,0.58527,0.57912,0.58341,0.57872,0.58088,0.58219,0.57857,0.58234,0.58118,0.57953,0.58543,0.58295,0.58526,0.57469,0.58141,0.58096,0.57748,0.58458,0.58791,0.58161,0.5838,0.57963,0.57846,0.57646,0.57817,0.57846,0.5843,0.58245,0.57851,0.58616,0.58096,0.57863,0.58255,0.58261,0.58339,0.58094,0.57883,0.57624,0.58061,0.57833,0.58257,0.5778,0.58211,0.5785,0.5862,0.58181,0.57309,0.57996,0.58095,0.58645,0.57793,0.57699,0.58357,0.57443,0.57879,0.57878,0.58129,0.58275,0.57793,0.57771,0.58146,0.58018,0.5777,0.57865,0.5826,0.57888,0.58371,0.57439,0.57985,0.58114,0.58041,0.57456,0.57826,0.57703,0.58109,0.58195,0.5789,0.58411,0.57896,0.57843,0.57639,0.58097,0.5808,0.5843,0.57781,0.58032,0.57599,0.57753,0.57887,0.57971,0.5856,0.57769,0.57652,0.57942,0.57645,0.58,0.57986,0.5807,0.57835,0.57645,0.57755,0.57655,0.57598,0.58058,0.57602,0.57947,0.57579,0.58048,0.58371,0.57578,0.57593,0.57951,0.57665,0.57894,0.5774,0.58124,0.57891,0.57958,0.5742,0.57823,0.5788,0.57573,0.58408,0.57543,0.57766,0.57886,0.57839,0.57401,0.5755,0.57927,0.58009,0.5776,0.58164,0.57723,0.579,0.57671,0.58102,0.58323,0.57961,0.58187,0.57638,0.57462,0.57722,0.57507,0.57621,0.57578,0.58149,0.57815,0.58088,0.57564,0.57743,0.57777,0.57651,0.57969,0.57648,0.57777,0.57535,0.5852,0.57417,0.57862,0.58229,0.57897,0.58036,0.58187,0.58043,0.57581,0.57494,0.57701,0.58079,0.57766,0.58104,0.57661,0.57811,0.57796,0.57623,0.58003,0.57792,0.57979,0.57701,0.57394,0.57154,0.57946,0.57812,0.57516,0.57656,0.57777,0.57179,0.57554,0.5749,0.57509,0.5749,0.57204,0.58473,0.57977,0.57519,0.57672,0.57673,0.57741,0.57596,0.58021,0.57448,0.57159,0.57833,0.5787,0.58234,0.57128,0.57822,0.57545,0.5797,0.57217,0.57239,0.57174,0.57784,0.5757,0.57763
Synth_Outdoor_Air_22,Clean Air,0.0,1,0.58902,0.58623,0.5832,0.59197,0.58608,0.58724,0.5918,0.58719,0.58283,0.58656,0.59191,0.58872,0.58771,0.59082,0.58851,0.588,0.58673,0.58705,0.58805,0.58894,0.58947,0.58905,0.58572,0.58408,0.59023,0.58643,0.58714,0.59147,0.58666,0.58789,0.58601,0.58759,0.58366,0.58742,0.58866,0.58852,0.59319,0.5869,0.58962,0.58567,0.58838,0.58996,0.58845,0.58944,0.58939,0.58343,0.58725,0.5871,0.58934,0.59433,0.58631,0.58912,0.58936,0.58592,0.58746,0.59317,0.58567,0.59072,0.58859,0.5899,0.58919,0.59538,0.58921,0.58606,0.58201,0.59001,0.58858,0.59141,0.59034,0.59527,0.59009,0.59187,0.58578,0.58883,0.58519,0.58988,0.59252,0.58976,0.59025,0.58803,0.59512,0.58808,0.59606,0.5914,0.59109,0.59579,0.58859,0.58621,0.58905,0.59097,0.59324,0.59314,0.59902,0.58728,0.5887,0.58955,0.58739,0.5905,0.58901,0.59803,0.59425,0.59121,0.59672,0.58772,0.58796,0.58722,0.5928,0.59386,0.59333,0.59677,0.58769,0.59325,0.59324,0.59657,0.58637,0.59598,0.58749,0.59149,0.59431,0.59166,0.58975,0.59407,0.59124,0.59266,0.59276,0.59568,0.59195,0.59137,0.58935,0.59775,0.59326,0.5948,0.5917,0.58759,0.58819,0.59112,0.59484,0.59087,0.59587,0.59371,0.59206,0.59472,0.59604,0.59492,0.59412,0.58925,0.59079,0.59263,0.59746,0.59192,0.59732,0.59479,0.59368,0.59632,0.59618,0.59489,0.5941,0.59614,0.59278,0.59157,0.59675,0.59461,0.59338,0.59903,0.59514,0.58943,0.59477,0.6004,0.59907,0.5931,0.59686,0.59687,0.59442,0.59474,0.58927,0.59739,0.59607,0.59734,0.59773,0.59442,0.59149,0.59633,0.59816,0.59844,0.59812,0.59503,0.59895,0.59757,0.59402,0.59399,0.59651,0.60171,0.59777,0.59603,0.5959,0.59957,0.60144,0.59646,0.5954,0.59775,0.58949,0.59595,0.59709,0.6001,0.59093,0.59555,0.59698,0.59686,0.59583,0.60064,0.59676,0.59345,0.59528,0.5939,0.59181,0.60477,0.60038,0.60038,0.59919,0.59313,0.59694,0.60148,0.59639,0.59179,0.59809,0.60126,0.59957,0.59937,0.59955,0.59718,0.60468,0.59682,0.59965,0.60315,0.59621,0.59401,0.59795,0.59745,0.6017,0.59501,0.5953,0.59941,0.60409,0.60095,0.60173,0.59949,0.60294,0.59575,0.60146,0.59664
Synth_Outdoor_Air_23,Clean Air,0.0,1,0.68497,0.68907,0.68493,0.6857,0.67992,0.68819,0.69331,0.69017,0.6878,0.68311,0.68278,0.683,0.69086,0.68711,0.68464,0.68967,0.68234,0.68815,0.68414,0.68721,0.68815,0.68378,0.68811,0.69279,0.68682,0.689,0.68407,0.6864,0.6841,0.68921,0.68788,0.68966,0.69018,0.69053,0.68818,0.68439,0.68615,0.68394,0.68897,0.68571,0.6839,0.68227,0.68574,0.69082,0.68406,0.69196,0.69287,0.69371,0.69356,0.68968,0.69349,0.68813,0.68764,0.68498,0.69061,0.6908,0.68609,0.69053,0.68888,0.6888,0.68796,0.68406,0.68828,0.68739,0.68757,0.68765,0.69131,0.68772,0.69064,0.69119,0.6885,0.69051,0.68548,0.68803,0.6918,0.68826,0.68865,0.69382,0.69357,0.68845,0.68857,0.68554,0.68916,0.68907,0.69087,0.68845,0.68761,0.68402,0.6882,0.69237,0.69559,0.68932,0.69264,0.69307,0.68836,0.68623,0.68729,0.6903,0.69178,0.6914,0.68699,0.69283,0.69373,0.68661,0.68883,0.69218,0.69491,0.68861,0.68584,0.69445,0.69328,0.68662,0.68931,0.69575,0.69595,0.69228,0.69059,0.69407,0.69134,0.6947,0.69106,0.68878,0.69407,0.69275,0.69699,0.68651,0.69054,0.68802,0.69171,0.68684,0.69175,0.68868,0.69513,0.69533,0.68885,0.69504,0.69865,0.69172,0.6887,0.70088,0.68902,0.69028,0.69379,0.69561,0.69044,0.68937,0.68929,0.69223,0.69148,0.69411,0.6924,0.68917,0.69872,0.69286,0.69026,0.69357,0.69276,0.68879,0.69099,0.69013,0.7003,0.69496,0.69263,0.69316,0.69384,0.69397,0.69363,0.69146,0.69418,0.69104,0.69438,0.68792,0.69514,0.69457,0.69265,0.69702,0.69357,0.69175,0.69838,0.69147,0.69623,0.69273,0.6948,0.69278,0.69535,0.69072,0.69271,0.70144,0.69371,0.69353,0.69342,0.69358,0.69137,0.69261,0.69426,0.69585,0.69611,0.69478,0.69661,0.69485,0.69604,0.69467,0.69491,0.6991,0.69505,0.69559,0.69828,0.69441,0.69559,0.69208,0.68854,0.69851,0.69437,0.69578,0.69505,0.69421,0.69421,0.6915,0.6995,0.69182,0.69621,0.69276,0.70011,0.69655,0.69611,0.69766,0.70016,0.69716,0.69305,0.69417,0.69723,0.69469,0.70162,0.69808,0.69738,0.69645,0.70289,0.69657,0.70221,0.69599,0.69883,0.69335,0.69844,0.69578,0.69956,0.69671,0.69639,0.69444,0.69857,0.70237
Synth_Outdoor_Air_24,Clean Air,0.0,1,0.67937,0.68629,0.67601,0.6796,0.67651,0.67302,0.68025,0.6784,0.67889,0.68074,0.68805,0.68231,0.68541,0.67788,0.67967,0.68126,0.67962,0.68638,0.68366,0.68015,0.67404,0.67981,0.68649,0.68128,0.68082,0.68542,0.67772,0.67808,0.67336,0.67937,0.67479,0.67869,0.67683,0.6783,0.67837,0.68253,0.67518,0.68381,0.67696,0.67389,0.67857,0.68075,0.67806,0.68353,0.67765,0.67819,0.67749,0.68494,0.67871,0.67963,0.67435,0.68246,0.67809,0.67679,0.67868,0.6772,0.67814,0.67528,0.67914,0.67715,0.6882,0.67928,0.67742,0.67708,0.68242,0.67804,0.67994,0.67569,0.67403,0.67902,0.67582,0.67695,0.68106,0.67842,0.683,0.68116,0.67754,0.67458,0.67475,0.67687,0.67745,0.67928,0.67649,0.67928,0.67434,0.68127,0.67853,0.67688,0.68274,0.6768,0.67471,0.67799,0.6755,0.68116,0.67194,0.68216,0.67826,0.67633,0.67311,0.68432,0.67531,0.67817,0.67307,0.67698,0.68051,0.68035,0.67461,0.67619,0.67752,0.67732,0.67639,0.68001,0.67994,0.68133,0.67659,0.6731,0.67749,0.6795,0.67464,0.67486,0.67858,0.66975,0.68251,0.67584,0.6782,0.67583,0.68526,0.67924,0.68043,0.67778,0.67976,0.67382,0.68006,0.67822,0.68256,0.67736,0.68029,0.67954,0.67197,0.67669,0.68178,0.6772,0.67992,0.68078,0.67507,0.67454,0.67956,0.67305,0.68227,0.68072,0.68278,0.67382,0.68395,0.68582,0.67157,0.67822,0.67443,0.67345,0.6772,0.67863,0.67788,0.67801,0.67374,0.67415,0.6779,0.67792,0.67251,0.67844,0.68126,0.67795,0.67977,0.67696,0.67414,0.68124,0.67718,0.68194,0.67809,0.67414,0.68079,0.67966,0.6807,0.67874,0.67781,0.6785,0.68027,0.67507,0.67687,0.67325,0.67945,0.67429,0.6825,0.68119,0.68,0.68082,0.67552,0.68096,0.68152,0.67809,0.67978,0.67514,0.677,0.67475,0.67582,0.67729,0.67783,0.67488,0.67439,0.67796,0.67846,0.67839,0.6778,0.67387,0.67774,0.674,0.67147,0.67447,0.67449,0.67624,0.67902,0.68007,0.67664,0.67468,0.67911,0.67694,0.67821,0.67711,0.68003,0.68004,0.6811,0.6749,0.68119,0.6759,0.67565,0.67809,0.67905,0.67745,0.68029,0.6761,0.67584,0.67602,0.6795,0.67257,0.67242,0.67576,0.67281,0.67332,0.68075,0.67174,0.67252,0.6748
Synth_Outdoor_Air_25,Clean Air,0.0,1,0.4645,0.46412,0.46402,0.46722,0.46908,0.46055,0.46342,0.46327,0.46363,0.46562,0.45626,0.46035,0.46648,0.46344,0.46119,0.46409,0.46503,0.46864,0.46407,0.46457,0.47048,0.46463,0.46219,0.46714,0.46019,0.4691,0.46395,0.46114,0.46102,0.46645,0.46483,0.46178,0.46393,0.45977,0.46248,0.46304,0.46669,0.46225,0.4566,0.45883,0.46252,0.46622,0.46574,0.46448,0.46438,0.4597,0.46283,0.46062,0.46194,0.4592,0.46347,0.45994,0.46453,0.46354,0.46015,0.45821,0.46126,0.46566,0.45686,0.46419,0.46391,0.46057,0.45908,0.46217,0.46114,0.46557,0.45904,0.46721,0.46973,0.46071,0.46312,0.46021,0.46825,0.46004,0.46614,0.46114,0.46178,0.46129,0.4683,0.45996,0.46579,0.46248,0.46061,0.46124,0.46051,0.46416,0.46827,0.45884,0.46706,0.46674,0.46115,0.46044,0.46659,0.46231,0.46588,0.46306,0.46254,0.46175,0.46703,0.46112,0.46139,0.46662,0.46033,0.4643,0.46439,0.46441,0.46473,0.46318,0.46269,0.46046,0.45973,0.46423,0.47028,0.46014,0.46321,0.45965,0.46336,0.46425,0.46179,0.45928,0.46677,0.45905,0.46748,0.46436,0.45799,0.46181,0.46657,0.46241,0.46455,0.46332,0.46131,0.46477,0.46088,0.46449,0.46382,0.46091,0.46538,0.46305,0.46285,0.46159,0.46773,0.46602,0.46696,0.46165,0.4618,0.4685,0.46404,0.46209,0.46606,0.46748,0.46394,0.46945,0.462,0.46329,0.46382,0.46378,0.45877,0.46539,0.46145,0.46067,0.46449,0.46485,0.46201,0.46218,0.46947,0.47029,0.46093,0.4674,0.46328,0.46266,0.464,0.46327,0.46816,0.4651,0.46108,0.4632,0.46437,0.46053,0.46338,0.46071,0.46354,0.46837,0.46708,0.46319,0.46589,0.46967,0.46432,0.46423,0.46131,0.46455,0.46852,0.4633,0.46509,0.46367,0.46492,0.4584,0.46407,0.46878,0.46107,0.46305,0.46408,0.46935,0.46561,0.4653,0.46754,0.46625,0.46407,0.46758,0.4643,0.46622,0.46068,0.46647,0.46272,0.46537,0.47231,0.46698,0.46458,0.45823,0.46918,0.4603,0.46212,0.46273,0.46776,0.46721,0.46408,0.46462,0.4654,0.46537,0.46461,0.46603,0.46486,0.46617,0.4623,0.46822,0.46512,0.46495,0.46466,0.46447,0.46482,0.46613,0.46042,0.46494,0.46822,0.46682,0.46834,0.46943,0.46536,0.46633,0.46201,0.46671
Synth_Outdoor_Air_26,Clean Air,0.0,1,0.50155,0.5072,0.50469,0.50213,0.49976,0.50762,0.50185,0.50209,0.50285,0.49965,0.50324,0.50199,0.5047,0.50806,0.49675,0.50669,0.50305,0.50598,0.50789,0.50373,0.50311,0.50782,0.5003,0.50393,0.50573,0.5076,0.51007,0.50599,0.50653,0.50565,0.50874,0.50424,0.5027,0.5057,0.50468,0.50339,0.50149,0.5062,0.50774,0.50641,0.50815,0.50398,0.50375,0.50291,0.50454,0.50525,0.50814,0.50399,0.50672,0.50446,0.50304,0.50438,0.50426,0.50744,0.50499,0.50569,0.50656,0.51042,0.5057,0.50513,0.5123,0.50679,0.50383,0.50799,0.50133,0.50616,0.51153,0.50064,0.5041,0.50288,0.50923,0.51268,0.50449,0.50953,0.50917,0.51188,0.50666,0.50246,0.50683,0.50518,0.50864,0.50897,0.50967,0.51047,0.50617,0.50967,0.50652,0.5088,0.50671,0.5067,0.51269,0.50601,0.5056,0.50807,0.50877,0.51243,0.50839,0.50562,0.50925,0.50839,0.50376,0.50737,0.50423,0.50702,0.50785,0.51149,0.50761,0.50345,0.51319,0.50251,0.50866,0.5075,0.51015,0.50963,0.51004,0.51077,0.50877,0.50788,0.50666,0.51053,0.50942,0.51015,0.50432,0.50788,0.51182,0.50552,0.50513,0.51268,0.51207,0.50802,0.50519,0.50766,0.51245,0.5092,0.50855,0.50912,0.50508,0.5167,0.51332,0.50893,0.50713,0.50472,0.50546,0.50249,0.50955,0.50887,0.50653,0.50919,0.51054,0.51049,0.50513,0.50759,0.50403,0.51287,0.51264,0.50963,0.5083,0.5077,0.50215,0.51024,0.51073,0.51542,0.50821,0.50755,0.50588,0.50723,0.50749,0.51527,0.5112,0.51124,0.51056,0.50691,0.50834,0.51555,0.50491,0.51073,0.51208,0.51037,0.51124,0.51101,0.51294,0.50895,0.5113,0.50719,0.50607,0.51388,0.51669,0.50614,0.51093,0.51323,0.51119,0.50632,0.51158,0.51039,0.51185,0.52031,0.51251,0.50884,0.51336,0.51739,0.51331,0.51134,0.51404,0.51151,0.51114,0.51543,0.51502,0.5172,0.51229,0.51197,0.51875,0.50963,0.51371,0.50695,0.51693,0.51157,0.51671,0.51412,0.50968,0.51684,0.51732,0.51752,0.51397,0.51385,0.51595,0.51325,0.51875,0.51636,0.50514,0.51373,0.51185,0.51336,0.51415,0.51444,0.51769,0.51401,0.51286,0.51447,0.51689,0.51129,0.51573,0.51399,0.51727,0.51605,0.51324,0.51732,0.51333,0.51533,0.51424,0.51243
Synth_Outdoor_Air_27,Clean Air,0.0,1,0.49199,0.49415,0.4969,0.49582,0.49267,0.49502,0.49849,0.49627,0.4961,0.50014,0.49706,0.49604,0.49591,0.49004,0.49747,0.49908,0.49554,0.49961,0.49382,0.50098,0.49595,0.49878,0.49765,0.49894,0.49982,0.49414,0.49578,0.49843,0.49728,0.49067,0.50179,0.49495,0.49845,0.49974,0.49579,0.4932,0.49529,0.49154,0.49696,0.49829,0.49519,0.49136,0.49892,0.49657,0.5003,0.49808,0.49451,0.49812,0.49481,0.49364,0.50041,0.49476,0.4919,0.50004,0.49599,0.49677,0.48872,0.50256,0.49075,0.49715,0.50235,0.49753,0.49666,0.49182,0.49552,0.49756,0.49357,0.49689,0.49658,0.49878,0.49286,0.50225,0.49741,0.49623,0.4993,0.50259,0.49338,0.49574,0.48944,0.49717,0.49721,0.49801,0.49666,0.48939,0.49843,0.50144,0.49308,0.49855,0.494,0.4963,0.49524,0.49496,0.49554,0.49412,0.49928,0.49026,0.49758,0.49731,0.49291,0.50238,0.49289,0.49509,0.49451,0.50145,0.49672,0.49352,0.49956,0.49602,0.49766,0.49482,0.49623,0.4998,0.4948,0.50253,0.49312,0.49905,0.4957,0.49749,0.49602,0.49598,0.49891,0.49136,0.49574,0.4945,0.49296,0.49838,0.50085,0.49788,0.4988,0.49391,0.49668,0.49637,0.50001,0.49697,0.49904,0.49581,0.496,0.49483,0.4971,0.49294,0.4991,0.49676,0.49386,0.49762,0.49625,0.49156,0.49049,0.49802,0.49756,0.49637,0.49776,0.49842,0.49949,0.4908,0.49882,0.49487,0.49123,0.49379,0.49865,0.49637,0.4911,0.49338,0.49632,0.49427,0.49421,0.49568,0.50029,0.49593,0.49775,0.50188,0.50136,0.49611,0.49147,0.50086,0.49956,0.49709,0.50015,0.49838,0.50039,0.49959,0.49743,0.49049,0.49928,0.49976,0.49345,0.49517,0.49527,0.49903,0.50159,0.49342,0.4943,0.49355,0.4983,0.50009,0.50012,0.49711,0.50552,0.49362,0.49025,0.49578,0.49055,0.49419,0.49544,0.49311,0.49457,0.49824,0.49678,0.49442,0.49988,0.49285,0.49725,0.49926,0.49089,0.49262,0.49526,0.49963,0.50407,0.49767,0.49851,0.49674,0.4966,0.50487,0.49057,0.49977,0.50099,0.49987,0.50391,0.49577,0.49712,0.49542,0.48962,0.4943,0.49622,0.49801,0.50227,0.49667,0.49919,0.49672,0.49964,0.49374,0.496,0.49642,0.49836,0.49669,0.50037,0.4936,0.4926,0.50084,0.49454,0.49477
Synth_Outdoor_Air_28,Clean Air,0.0,1,0.44944,0.45589,0.45714,0.45504,0.45106,0.45519,0.45185,0.44664,0.44685,0.45641,0.449,0.45194,0.45065,0.45448,0.45421,0.44889,0.45316,0.44821,0.45085,0.44685,0.44867,0.45273,0.4472,0.44774,0.45303,0.45067,0.45841,0.45731,0.44986,0.4564,0.45443,0.4522,0.44802,0.44979,0.45162,0.44866,0.45375,0.45338,0.44887,0.45027,0.45642,0.4496,0.4556,0.45011,0.45274,0.45393,0.45326,0.44952,0.45616,0.45328,0.45863,0.45383,0.45213,0.45443,0.4597,0.45006,0.44962,0.45264,0.45297,0.44892,0.45097,0.46139,0.45609,0.45287,0.4515,0.45671,0.4524,0.45725,0.4556,0.4545,0.45232,0.45758,0.4578,0.45137,0.45277,0.45428,0.45718,0.45603,0.45515,0.45221,0.4506,0.45283,0.45437,0.45619,0.45491,0.45018,0.45663,0.45564,0.45331,0.45335,0.45398,0.45698,0.45006,0.46289,0.45303,0.45688,0.45921,0.46585,0.45407,0.45484,0.4534,0.45283,0.45476,0.45153,0.4533,0.45239,0.45553,0.45705,0.45575,0.4542,0.45234,0.45992,0.45167,0.45539,0.45204,0.45345,0.45433,0.46082,0.45427,0.45998,0.459,0.45387,0.45567,0.46323,0.46208,0.4577,0.45763,0.45484,0.45786,0.45688,0.45376,0.45271,0.45743,0.45386,0.4589,0.45452,0.45931,0.46048,0.46046,0.45657,0.46038,0.46034,0.46033,0.4572,0.45887,0.45467,0.45611,0.46363,0.46006,0.46125,0.45311,0.46002,0.45528,0.46075,0.45855,0.45728,0.45638,0.46086,0.45258,0.46027,0.45757,0.45516,0.46137,0.46419,0.46483,0.45939,0.46123,0.45934,0.45892,0.4573,0.46149,0.46155,0.45755,0.45807,0.4591,0.45944,0.45748,0.46129,0.46838,0.46136,0.46488,0.4592,0.45936,0.46111,0.46446,0.45412,0.45625,0.46311,0.45875,0.4577,0.45387,0.45944,0.45734,0.46483,0.46133,0.46285,0.46245,0.4654,0.46677,0.46757,0.45779,0.45867,0.4625,0.46017,0.46371,0.46333,0.4616,0.45613,0.46327,0.45877,0.46343,0.46185,0.46328,0.46375,0.46582,0.4661,0.46281,0.46356,0.46555,0.46422,0.46146,0.46339,0.46193,0.45689,0.46727,0.46312,0.46573,0.46056,0.46026,0.4625,0.46701,0.46401,0.46551,0.45944,0.46248,0.46252,0.4615,0.45825,0.46263,0.46107,0.46654,0.46613,0.45936,0.45916,0.45594,0.46177,0.46434,0.46445,0.46439,0.46085
Synth_Outdoor_Air_29,Clean Air,0.0,1,0.44679,0.44501,0.44005,0.44514,0.44725,0.44674,0.4488,0.44719,0.44831,0.44225,0.44574,0.44812,0.4525,0.44738,0.44894,0.44713,0.44507,0.4454,0.44775,0.44454,0.44236,0.44456,0.44692,0.44157,0.45197,0.44221,0.44203,0.4502,0.44778,0.44913,0.45047,0.45211,0.44692,0.44429,0.45203,0.45271,0.44534,0.44652,0.44656,0.44363,0.44724,0.4427,0.44909,0.45267,0.4483,0.45448,0.44437,0.45058,0.44737,0.44446,0.45604,0.44814,0.44544,0.4472,0.4493,0.4506,0.44783,0.44725,0.4525,0.44812,0.44352,0.44814,0.44338,0.45176,0.44673,0.45107,0.45351,0.44589,0.45097,0.44792,0.45211,0.4481,0.45001,0.45156,0.4477,0.45077,0.44746,0.44855,0.45535,0.44636,0.45012,0.45312,0.45129,0.45191,0.44668,0.4492,0.45368,0.45023,0.45039,0.45229,0.4466,0.44869,0.4501,0.45313,0.44239,0.45261,0.45128,0.44851,0.45254,0.451,0.45205,0.44475,0.45682,0.4489,0.45062,0.45407,0.44828,0.45138,0.45078,0.44805,0.45388,0.45068,0.45081,0.45215,0.45161,0.45025,0.45202,0.45002,0.45138,0.45056,0.46028,0.45049,0.45665,0.45487,0.4515,0.45083,0.45111,0.45382,0.45781,0.45191,0.45307,0.45104,0.4528,0.45416,0.45178,0.45202,0.45674,0.45108,0.45309,0.45623,0.44732,0.46001,0.4509,0.44619,0.45357,0.44988,0.45361,0.45362,0.45609,0.45487,0.45492,0.45435,0.45875,0.44992,0.4572,0.45491,0.4574,0.45376,0.45096,0.45785,0.45537,0.45819,0.45037,0.45708,0.45945,0.45475,0.45014,0.45388,0.45571,0.45652,0.45212,0.45993,0.45213,0.44644,0.45644,0.45162,0.45697,0.46389,0.4565,0.45144,0.45493,0.45724,0.45661,0.45737,0.45279,0.4617,0.45807,0.45862,0.45441,0.45861,0.45638,0.45508,0.45241,0.45147,0.45976,0.45405,0.45477,0.45455,0.46249,0.45554,0.45342,0.45836,0.45123,0.45268,0.45654,0.45521,0.45973,0.45832,0.45796,0.46167,0.4533,0.45654,0.45817,0.4638,0.4614,0.45477,0.45822,0.46226,0.46103,0.45869,0.4584,0.45705,0.4559,0.45435,0.45314,0.45784,0.4632,0.45537,0.46148,0.45316,0.45592,0.45594,0.45962,0.45971,0.45423,0.45859,0.46183,0.45869,0.46224,0.45514,0.46266,0.45955,0.45646,0.45913,0.45334,0.45919,0.45538,0.45569,0.46039,0.45707
Synth_Outdoor_Air_30,Clean Air,0.0,1,0.43536,0.43869,0.43364,0.43426,0.43715,0.4377,0.43985,0.42994,0.4417,0.44152,0.43519,0.43403,0.44,0.43486,0.43415,0.43205,0.43222,0.44183,0.43519,0.43921,0.43591,0.43202,0.43692,0.43715,0.43593,0.44122,0.43669,0.43745,0.43882,0.43693,0.43415,0.43441,0.4463,0.43863,0.44111,0.43826,0.43802,0.43662,0.43571,0.43052,0.43568,0.43777,0.43621,0.43774,0.43747,0.43301,0.43455,0.43296,0.43199,0.42938,0.43197,0.43874,0.43196,0.43687,0.43369,0.44101,0.43766,0.43757,0.43549,0.43521,0.43372,0.44084,0.43009,0.43741,0.43611,0.43309,0.43854,0.43511,0.4409,0.43311,0.43483,0.43359,0.4378,0.43663,0.43276,0.4279,0.43594,0.43862,0.43806,0.43565,0.43545,0.43334,0.43737,0.4336,0.43423,0.43319,0.43253,0.43647,0.43302,0.43277,0.43757,0.43482,0.43806,0.4349,0.43134,0.43369,0.43262,0.43188,0.43881,0.43494,0.4328,0.43576,0.43319,0.43218,0.43395,0.43123,0.43042,0.43567,0.43302,0.43698,0.42936,0.43713,0.43635,0.4347,0.43353,0.4303,0.44042,0.4301,0.43469,0.428,0.43353,0.43305,0.43142,0.43337,0.43186,0.43922,0.42876,0.43484,0.43091,0.42925,0.4332,0.43074,0.43416,0.43214,0.43169,0.42844,0.43323,0.43559,0.43076,0.42577,0.42768,0.43463,0.43558,0.43975,0.43553,0.43654,0.42916,0.43602,0.43353,0.43223,0.4354,0.43169,0.42873,0.43229,0.43061,0.43301,0.42984,0.43004,0.43045,0.43472,0.43135,0.42762,0.42818,0.43047,0.42997,0.42712,0.43548,0.42801,0.42813,0.42903,0.43209,0.43209,0.43132,0.43001,0.42919,0.43192,0.43264,0.43358,0.42518,0.43123,0.43528,0.43031,0.43187,0.43191,0.42889,0.43107,0.4306,0.42853,0.43421,0.43107,0.43034,0.43421,0.43096,0.43014,0.43033,0.42953,0.42968,0.42909,0.43086,0.43585,0.42423,0.43073,0.43617,0.42845,0.43009,0.4318,0.42937,0.42371,0.4315,0.42636,0.43328,0.43107,0.43561,0.43641,0.42987,0.4271,0.42708,0.43004,0.43338,0.42735,0.42449,0.43114,0.43327,0.42669,0.43073,0.43503,0.43093,0.42598,0.43304,0.42869,0.42403,0.42246,0.43352,0.43225,0.42828,0.42995,0.42867,0.42864,0.43006,0.42393,0.43005,0.42694,0.43448,0.42792,0.43123,0.4318,0.43133,0.43478,0.42852,0.42798
Synth_Outdoor_Air_31,Clean Air,0.0,1,0.59448,0.60019,0.58938,0.59152,0.59712,0.59363,0.60149,0.59506,0.59158,0.59253,0.59043,0.58949,0.59925,0.59699,0.59495,0.59146,0.59223,0.58942,0.59698,0.59298,0.59234,0.59213,0.592,0.59339,0.59071,0.59191,0.5904,0.59257,0.59248,0.59085,0.59899,0.59838,0.59459,0.59746,0.59395,0.59257,0.595,0.59848,0.59577,0.59541,0.59139,0.59554,0.5929,0.59455,0.59973,0.5944,0.59147,0.59051,0.59569,0.59397,0.59471,0.59038,0.59591,0.59471,0.5965,0.59239,0.59147,0.59439,0.59431,0.59431,0.59452,0.58573,0.59237,0.59506,0.6005,0.59014,0.59347,0.60068,0.5919,0.59423,0.59443,0.59422,0.59628,0.59282,0.60348,0.59497,0.59989,0.5977,0.59346,0.59774,0.59763,0.59122,0.59664,0.59426,0.5984,0.59476,0.59237,0.59396,0.59761,0.58799,0.59034,0.59604,0.59267,0.5945,0.59997,0.59566,0.58841,0.60032,0.59504,0.59239,0.59773,0.59607,0.59673,0.59803,0.59775,0.59561,0.6015,0.59006,0.59678,0.59525,0.60201,0.59906,0.5933,0.5968,0.59626,0.59737,0.59141,0.59361,0.59667,0.59612,0.59481,0.59299,0.59489,0.59353,0.59176,0.59288,0.59386,0.58544,0.59032,0.59379,0.59748,0.59716,0.59601,0.59895,0.59654,0.59798,0.5953,0.5965,0.59541,0.59828,0.59638,0.59163,0.60101,0.59605,0.59497,0.60028,0.5971,0.59317,0.60002,0.59792,0.59993,0.59146,0.59218,0.60163,0.59469,0.59635,0.60183,0.59526,0.59561,0.59502,0.5951,0.59516,0.59758,0.59516,0.59982,0.59761,0.59664,0.59714,0.60098,0.59299,0.59703,0.60204,0.5965,0.59625,0.59975,0.59152,0.59363,0.59221,0.59663,0.59622,0.60121,0.59592,0.59514,0.59789,0.59721,0.59081,0.60332,0.59855,0.59861,0.59702,0.59757,0.59525,0.59411,0.59878,0.59854,0.59625,0.60013,0.59535,0.59957,0.60048,0.59692,0.59565,0.59853,0.59321,0.59769,0.59651,0.59369,0.60036,0.59491,0.59326,0.60033,0.5976,0.5919,0.59767,0.60008,0.59734,0.60296,0.59162,0.5965,0.60003,0.59808,0.59853,0.59658,0.59905,0.59877,0.59893,0.5984,0.59283,0.59662,0.59568,0.59331,0.59899,0.60025,0.60447,0.60004,0.59646,0.59685,0.59714,0.59809,0.59999,0.59572,0.59709,0.59881,0.59389,0.59968,0.59968,0.59356,0.59703,0.59599,0.59281
Synth_Outdoor_Air_32,Clean Air,0.0,1,0.43777,0.44332,0.44503,0.43969,0.44281,0.44607,0.44748,0.43765,0.44463,0.44055,0.44275,0.43562,0.44291,0.44012,0.43959,0.44036,0.43801,0.4436,0.44265,0.4456,0.43866,0.43919,0.44351,0.4449,0.44192,0.43876,0.43901,0.43758,0.44116,0.44339,0.44474,0.4395,0.43846,0.44037,0.44264,0.44077,0.44096,0.44144,0.44021,0.441,0.44279,0.43829,0.44385,0.44476,0.43683,0.44158,0.43864,0.43974,0.44711,0.43966,0.44085,0.44103,0.43705,0.43804,0.43869,0.43648,0.43141,0.44281,0.44376,0.44012,0.43495,0.43521,0.43844,0.43837,0.44125,0.43895,0.43638,0.43973,0.4389,0.4436,0.44685,0.43838,0.44852,0.43887,0.43865,0.43757,0.43961,0.44149,0.43469,0.43892,0.44253,0.44046,0.43848,0.43838,0.44045,0.43542,0.43675,0.43296,0.43983,0.44109,0.43502,0.43345,0.43049,0.43552,0.44166,0.43657,0.4357,0.43501,0.43311,0.4358,0.43792,0.43404,0.43924,0.43596,0.43808,0.43731,0.43951,0.43822,0.43768,0.4409,0.43439,0.44119,0.43626,0.43665,0.43761,0.43257,0.43712,0.44068,0.44159,0.43641,0.43459,0.44223,0.43801,0.43583,0.43566,0.4394,0.43713,0.43037,0.43898,0.44111,0.43547,0.43769,0.43702,0.43695,0.43098,0.44427,0.43709,0.43644,0.43051,0.43615,0.43281,0.43556,0.43483,0.43048,0.44012,0.43688,0.43867,0.43462,0.43,0.43866,0.435,0.43131,0.43893,0.43885,0.43649,0.44229,0.43627,0.43335,0.43333,0.44121,0.43469,0.4395,0.43206,0.43212,0.43731,0.43415,0.43321,0.43664,0.44024,0.43578,0.43079,0.43128,0.43473,0.43942,0.43013,0.43536,0.4378,0.42891,0.43224,0.43539,0.43218,0.438,0.43356,0.42927,0.43651,0.4318,0.43301,0.43425,0.43783,0.43348,0.43623,0.43616,0.43268,0.43867,0.4336,0.43252,0.43691,0.4406,0.43173,0.43047,0.43107,0.43424,0.43596,0.43215,0.43307,0.43722,0.4296,0.43432,0.43261,0.43188,0.43163,0.43384,0.43405,0.43627,0.43012,0.42955,0.43878,0.43621,0.42432,0.43192,0.42648,0.42821,0.42375,0.43293,0.42935,0.43226,0.42811,0.43251,0.43034,0.43621,0.434,0.43435,0.43183,0.43733,0.42851,0.42841,0.43273,0.43336,0.43186,0.43354,0.42645,0.43221,0.43521,0.43143,0.42823,0.42925,0.42628,0.43219,0.42673,0.42817
Synth_Outdoor_Air_33,Clean Air,0.0,1,0.40495,0.40949,0.40772,0.40421,0.40424,0.40441,0.40487,0.40541,0.40014,0.40895,0.40222,0.40552,0.40818,0.40784,0.40629,0.40389,0.40637,0.40396,0.40363,0.40275,0.39868,0.40535,0.40591,0.40929,0.40333,0.40748,0.40434,0.40983,0.402,0.40851,0.39878,0.40671,0.39897,0.40598,0.40467,0.40245,0.40134,0.40393,0.40117,0.40356,0.40556,0.41143,0.40488,0.40746,0.40339,0.40477,0.3994,0.4025,0.4046,0.39864,0.40028,0.3986,0.4013,0.4048,0.40561,0.40388,0.40121,0.39612,0.39701,0.4016,0.3978,0.40351,0.39984,0.40397,0.4046,0.40262,0.40653,0.39983,0.40353,0.40222,0.40277,0.40362,0.40296,0.40016,0.4022,0.40029,0.40157,0.40185,0.40382,0.404,0.40114,0.40122,0.39842,0.40303,0.39868,0.40405,0.39981,0.39776,0.39627,0.40092,0.4058,0.40317,0.40333,0.40708,0.40495,0.40176,0.40388,0.39871,0.40141,0.39807,0.40443,0.40201,0.40203,0.39825,0.40043,0.39855,0.40082,0.40341,0.4031,0.40209,0.39754,0.408,0.40366,0.4029,0.40196,0.40062,0.39857,0.40429,0.40183,0.39915,0.40107,0.40352,0.40608,0.40421,0.40416,0.40113,0.39318,0.40178,0.40326,0.40173,0.39857,0.39672,0.40062,0.40425,0.40311,0.40489,0.3998,0.40001,0.39711,0.39713,0.39891,0.40396,0.39927,0.40427,0.40635,0.40047,0.39269,0.40201,0.39685,0.39517,0.39722,0.39595,0.39751,0.39767,0.39596,0.40327,0.39878,0.3994,0.39526,0.39493,0.39834,0.39969,0.40322,0.39505,0.39921,0.39321,0.39309,0.40056,0.40487,0.40015,0.40028,0.39758,0.39574,0.40354,0.39845,0.39938,0.39642,0.39275,0.39185,0.39391,0.39913,0.39718,0.39768,0.39302,0.40263,0.39693,0.39529,0.39936,0.39484,0.40139,0.3955,0.3944,0.39508,0.39301,0.40392,0.39897,0.3985,0.39236,0.39164,0.39276,0.39666,0.39702,0.40135,0.39687,0.39678,0.39649,0.3951,0.40206,0.39574,0.39601,0.38919,0.39459,0.3964,0.39201,0.39574,0.40038,0.39008,0.39883,0.39374,0.39662,0.39284,0.39634,0.40039,0.39497,0.39424,0.39858,0.39494,0.39766,0.39687,0.38885,0.39394,0.39552,0.39431,0.39019,0.39351,0.3913,0.39405,0.39918,0.39611,0.40349,0.3985,0.39812,0.39982,0.39529,0.39249,0.39526,0.397,0.39154,0.39141,0.39427
Synth_Outdoor_Air_34,Clean Air,0.0,1,0.66428,0.66323,0.65927,0.66651,0.66066,0.66008,0.66057,0.66766,0.66465,0.6591,0.6635,0.66422,0.66208,0.66474,0.66178,0.66087,0.65591,0.65685,0.6652,0.66714,0.65882,0.66359,0.65985,0.65865,0.65996,0.66275,0.65929,0.66368,0.65802,0.66018,0.66396,0.66338,0.65773,0.65591,0.66079,0.65528,0.66009,0.65784,0.66702,0.65269,0.65331,0.65992,0.65699,0.65922,0.66174,0.66202,0.65361,0.65872,0.66007,0.66091,0.66262,0.65696,0.65682,0.65451,0.65584,0.65535,0.65983,0.65991,0.65617,0.65796,0.65856,0.65861,0.66134,0.65607,0.6635,0.65644,0.65674,0.65552,0.65802,0.65428,0.65605,0.65391,0.65394,0.65416,0.65952,0.65849,0.65671,0.65786,0.65681,0.66208,0.65596,0.65146,0.66145,0.65552,0.65502,0.65244,0.65659,0.65904,0.66139,0.6562,0.65416,0.65658,0.65801,0.65653,0.65714,0.65513,0.65499,0.65825,0.65563,0.65541,0.65506,0.65075,0.65771,0.64861,0.65345,0.65503,0.657,0.65713,0.65139,0.65496,0.65489,0.65825,0.65336,0.65477,0.65216,0.65215,0.65703,0.65439,0.64835,0.65157,0.65653,0.65337,0.65587,0.65183,0.64861,0.65232,0.65164,0.64953,0.65117,0.65201,0.65166,0.652,0.65423,0.65307,0.65279,0.65305,0.65158,0.65302,0.6499,0.65041,0.6515,0.64626,0.65538,0.6586,0.65049,0.65228,0.64934,0.65418,0.65119,0.65049,0.64836,0.65209,0.6514,0.65152,0.64935,0.65401,0.64953,0.6445,0.65278,0.64617,0.65107,0.64879,0.65278,0.65172,0.64843,0.64592,0.64917,0.65138,0.64402,0.64856,0.65035,0.64581,0.64888,0.64598,0.65411,0.64538,0.64757,0.64794,0.65271,0.6445,0.6525,0.64896,0.64899,0.64502,0.64819,0.64763,0.65323,0.64572,0.64789,0.64557,0.64705,0.6523,0.64886,0.64993,0.64368,0.65039,0.65298,0.64697,0.65346,0.6454,0.64755,0.64403,0.64836,0.64519,0.64873,0.64743,0.64512,0.64892,0.64678,0.64868,0.64522,0.64563,0.64746,0.64497,0.64725,0.65026,0.64426,0.6492,0.64251,0.6447,0.63817,0.64122,0.64297,0.64483,0.6479,0.64293,0.63994,0.64222,0.64633,0.64905,0.64833,0.64803,0.64624,0.65044,0.64427,0.64506,0.64571,0.643,0.64345,0.64287,0.64285,0.65088,0.64611,0.64677,0.64627,0.64368,0.63871,0.64135,0.64487,0.64362
Synth_Outdoor_Air_35,Clean Air,0.0,1,0.55223,0.55523,0.54913,0.55523,0.54972,0.55696,0.55534,0.55141,0.54767,0.55294,0.55589,0.55306,0.55373,0.54459,0.55229,0.54805,0.5526,0.55294,0.55125,0.55333,0.55073,0.54592,0.54728,0.55688,0.55265,0.55269,0.55107,0.55165,0.55164,0.55253,0.55656,0.55038,0.55182,0.55396,0.55693,0.54752,0.55935,0.55577,0.55385,0.55392,0.5508,0.55748,0.55321,0.5554,0.55033,0.5546,0.55916,0.55581,0.5572,0.55877,0.54811,0.55898,0.5483,0.55479,0.55416,0.55831,0.5561,0.55428,0.55513,0.55477,0.5493,0.55823,0.55591,0.55788,0.5548,0.55571,0.55522,0.55767,0.55451,0.5568,0.55496,0.55522,0.55631,0.55138,0.55365,0.55729,0.56106,0.56041,0.55256,0.55408,0.55942,0.55375,0.55908,0.55666,0.55995,0.55252,0.5592,0.55682,0.5578,0.55313,0.54849,0.55538,0.55617,0.55612,0.55409,0.55782,0.55946,0.55608,0.5593,0.55722,0.55929,0.56107,0.55752,0.55707,0.56062,0.55587,0.5635,0.56143,0.55596,0.5598,0.5558,0.55477,0.55852,0.56183,0.56137,0.56427,0.55888,0.55991,0.55691,0.56132,0.55759,0.55805,0.55815,0.5557,0.55564,0.56109,0.55356,0.55758,0.56123,0.5626,0.55663,0.56083,0.56216,0.56173,0.55969,0.56251,0.56206,0.55836,0.56154,0.56082,0.5637,0.55527,0.56102,0.55895,0.56364,0.55604,0.55444,0.56044,0.56292,0.56262,0.56405,0.56291,0.5626,0.55759,0.55985,0.56039,0.56044,0.55955,0.56621,0.56577,0.56234,0.56112,0.56215,0.55954,0.5602,0.56338,0.56,0.56169,0.56191,0.56218,0.57307,0.56228,0.56206,0.55809,0.55934,0.55922,0.56221,0.55728,0.55916,0.56041,0.56373,0.56214,0.56478,0.55646,0.56176,0.56909,0.56702,0.56656,0.57032,0.56203,0.56334,0.56268,0.55822,0.56346,0.56481,0.56458,0.56329,0.56335,0.56056,0.56692,0.56327,0.56544,0.56545,0.56728,0.56717,0.56011,0.55821,0.56644,0.56455,0.56471,0.56689,0.56251,0.56451,0.56786,0.56441,0.5684,0.5603,0.56493,0.56919,0.55901,0.56368,0.56799,0.56976,0.5657,0.56487,0.56817,0.56708,0.56162,0.56111,0.56703,0.56617,0.56436,0.5675,0.56652,0.56159,0.56373,0.5664,0.56787,0.56417,0.55927,0.56361,0.56709,0.57169,0.57131,0.56354,0.56273,0.56795,0.56841,0.56633,0.56142
Synth_Outdoor_Air_36,Clean Air,0.0,1,0.36724,0.37338,0.37007,0.37071,0.37241,0.37033,0.37077,0.37307,0.37301,0.371,0.37312,0.37128,0.37402,0.37207,0.37508,0.37583,0.37157,0.37011,0.37256,0.36688,0.36599,0.37023,0.37494,0.36559,0.36852,0.36876,0.36906,0.37326,0.37134,0.37085,0.37053,0.36866,0.37324,0.37244,0.36651,0.37067,0.36797,0.36907,0.36961,0.36563,0.36828,0.36738,0.37037,0.37041,0.37568,0.36686,0.36348,0.36615,0.3691,0.37047,0.36907,0.36887,0.36665,0.36609,0.37003,0.37436,0.36748,0.36287,0.36855,0.3716,0.37175,0.36634,0.37115,0.36588,0.37286,0.36933,0.36465,0.36883,0.36871,0.36669,0.36815,0.36812,0.36732,0.36351,0.36234,0.3687,0.37056,0.36526,0.3724,0.36636,0.36964,0.36701,0.36746,0.36769,0.36721,0.36813,0.36678,0.36602,0.362,0.37219,0.36708,0.36619,0.36544,0.36817,0.36668,0.36667,0.36521,0.36847,0.3692,0.36477,0.36657,0.36226,0.3695,0.36732,0.3623,0.3635,0.36527,0.36566,0.36648,0.36745,0.37203,0.36446,0.3629,0.36763,0.36877,0.36637,0.36101,0.36849,0.36348,0.36643,0.36203,0.3615,0.36552,0.36816,0.36503,0.36666,0.36385,0.36139,0.36462,0.36519,0.36463,0.37049,0.36712,0.36645,0.36642,0.37264,0.3666,0.36682,0.36405,0.36617,0.36498,0.3676,0.3651,0.36699,0.36743,0.35774,0.36307,0.36443,0.3614,0.36767,0.36047,0.36422,0.36672,0.36226,0.3672,0.36336,0.36534,0.36564,0.36449,0.3603,0.36245,0.36439,0.36858,0.36838,0.36341,0.36835,0.36282,0.36436,0.36922,0.3592,0.367,0.36439,0.36538,0.36248,0.36659,0.36773,0.36313,0.36457,0.36171,0.36746,0.36007,0.3626,0.36592,0.36342,0.36846,0.36508,0.36337,0.35925,0.36055,0.3656,0.36523,0.36767,0.36198,0.36083,0.36344,0.36641,0.36376,0.35855,0.36207,0.36123,0.3619,0.36677,0.36143,0.36477,0.36201,0.35933,0.35523,0.36193,0.36026,0.35868,0.3575,0.35685,0.35773,0.36338,0.35789,0.36526,0.35833,0.36445,0.3605,0.36543,0.36148,0.36166,0.36151,0.36175,0.36003,0.36038,0.36434,0.35721,0.36253,0.3605,0.35658,0.36599,0.36333,0.36142,0.35954,0.35981,0.36328,0.3563,0.35952,0.35703,0.36582,0.36125,0.35907,0.36036,0.36211,0.35592,0.35813,0.36117,0.35693,0.35879
Synth_Outdoor_Air_37,Clean Air,0.0,1,0.66446,0.66924,0.66474,0.66938,0.66599,0.66729,0.66742,0.66854,0.66782,0.6648,0.66752,0.66801,0.6724,0.67038,0.66983,0.66491,0.66366,0.66976,0.67295,0.67292,0.6697,0.66351,0.66505,0.66315,0.66835,0.67,0.66658,0.6666,0.66972,0.6665,0.67616,0.67412,0.66845,0.66932,0.67112,0.66871,0.66532,0.67122,0.67011,0.66858,0.66558,0.66666,0.66949,0.66753,0.66717,0.6726,0.6706,0.67355,0.66428,0.66933,0.67277,0.67186,0.6734,0.67235,0.6727,0.67126,0.67247,0.67091,0.66723,0.67097,0.67699,0.66858,0.67147,0.67291,0.66548,0.6692,0.67284,0.67294,0.67159,0.6705,0.67354,0.6683,0.67337,0.67537,0.67553,0.6739,0.67139,0.67246,0.66723,0.67026,0.67149,0.67342,0.66983,0.67192,0.67104,0.66909,0.67268,0.67068,0.66956,0.67048,0.67113,0.67141,0.66999,0.67272,0.67449,0.6725,0.67497,0.67519,0.67108,0.6695,0.67121,0.67637,0.67772,0.67685,0.67094,0.67076,0.67432,0.67566,0.67384,0.67088,0.66758,0.67186,0.6723,0.67481,0.6702,0.6746,0.67575,0.6705,0.67674,0.67273,0.67612,0.6741,0.67082,0.6728,0.67178,0.67364,0.6728,0.67444,0.67269,0.67408,0.66721,0.67656,0.67433,0.678,0.67006,0.67092,0.67544,0.67773,0.67318,0.67351,0.67914,0.6803,0.66968,0.67344,0.67977,0.67294,0.67732,0.67464,0.6728,0.67194,0.67668,0.67311,0.67488,0.6762,0.67204,0.67175,0.68141,0.67708,0.66978,0.67952,0.68012,0.67637,0.67211,0.67526,0.6765,0.67464,0.67738,0.6731,0.67437,0.67795,0.67305,0.67628,0.67372,0.67918,0.67555,0.67871,0.67825,0.67616,0.68111,0.67408,0.67753,0.6722,0.67736,0.67311,0.6779,0.67811,0.67774,0.67314,0.67641,0.67486,0.67805,0.67942,0.68104,0.67272,0.67931,0.68388,0.67841,0.67393,0.68086,0.67862,0.67678,0.67339,0.68566,0.68079,0.6744,0.68211,0.68019,0.67691,0.67559,0.6808,0.68079,0.67648,0.6827,0.68025,0.68436,0.68368,0.67774,0.68084,0.67748,0.67636,0.67696,0.67933,0.67925,0.67806,0.68417,0.67927,0.67845,0.6825,0.68008,0.6737,0.68048,0.68144,0.67915,0.6825,0.68011,0.67986,0.67614,0.68264,0.68267,0.68126,0.68069,0.677,0.67831,0.67859,0.68063,0.68488,0.6833,0.6772,0.68313,0.6863
Synth_Outdoor_Air_38,Clean Air,0.0,1,0.58497,0.58683,0.59002,0.57956,0.58815,0.58297,0.58382,0.57963,0.58024,0.58277,0.57999,0.57975,0.5822,0.58012,0.58271,0.58051,0.58011,0.58481,0.58099,0.58718,0.58456,0.58359,0.58782,0.58202,0.58463,0.58637,0.58989,0.58588,0.58824,0.58535,0.58202,0.58663,0.58163,0.58558,0.58771,0.58555,0.58524,0.5852,0.58634,0.58748,0.58476,0.5884,0.58695,0.58771,0.58288,0.58508,0.58085,0.58773,0.58975,0.59119,0.58749,0.58445,0.58926,0.59048,0.58583,0.58685,0.58618,0.5843,0.58312,0.58778,0.58778,0.5877,0.58078,0.58533,0.58735,0.58782,0.58585,0.58286,0.5821,0.59025,0.58527,0.58783,0.58473,0.58563,0.58395,0.58486,0.58729,0.58944,0.58547,0.59069,0.59261,0.58812,0.58882,0.58962,0.58912,0.58979,0.58597,0.5909,0.59067,0.58846,0.58786,0.58887,0.59023,0.59034,0.58326,0.58891,0.59229,0.59209,0.58401,0.58622,0.58886,0.59078,0.58907,0.58921,0.5908,0.58736,0.58673,0.58733,0.59474,0.59317,0.59071,0.59233,0.59137,0.58957,0.59424,0.59024,0.59079,0.5938,0.58677,0.58769,0.58466,0.59581,0.59411,0.58457,0.59136,0.58831,0.59403,0.58988,0.59152,0.59137,0.59303,0.59198,0.58918,0.58687,0.59047,0.59385,0.59573,0.58608,0.58778,0.59373,0.58932,0.59581,0.5919,0.59591,0.58982,0.59009,0.59393,0.58798,0.59807,0.59324,0.596,0.59295,0.59226,0.5921,0.59239,0.59608,0.59219,0.58842,0.59574,0.5871,0.58892,0.58859,0.59123,0.59859,0.5884,0.5931,0.58699,0.59317,0.59639,0.59966,0.59513,0.59639,0.59577,0.59306,0.58988,0.59379,0.59173,0.59513,0.59572,0.59653,0.59084,0.59392,0.59334,0.59321,0.59228,0.59434,0.59159,0.59131,0.59874,0.596,0.59526,0.59884,0.59487,0.59816,0.59431,0.59097,0.5999,0.59941,0.59444,0.59591,0.59381,0.59649,0.58834,0.59067,0.59752,0.59523,0.59446,0.59093,0.59888,0.59663,0.59386,0.59455,0.59648,0.60073,0.59737,0.60013,0.59442,0.59321,0.5926,0.59939,0.59545,0.59842,0.59801,0.59795,0.59199,0.5953,0.60068,0.59684,0.59497,0.60137,0.59094,0.59667,0.59839,0.59622,0.59677,0.59434,0.60062,0.59876,0.60202,0.59839,0.59405,0.59373,0.60253,0.5996,0.59809,0.60161,0.5979,0.60184,0.59728,0.59865
Synth_Outdoor_Air_39,Clean Air,0.0,1,0.44424,0.44498,0.44723,0.44931,0.44695,0.44758,0.43964,0.44725,0.45042,0.44332,0.44327,0.43992,0.44279,0.44023,0.44735,0.44263,0.43883,0.44802,0.4441,0.44549,0.44693,0.43984,0.44325,0.44339,0.44806,0.43781,0.44492,0.44661,0.43903,0.44694,0.44445,0.44203,0.44783,0.4478,0.44444,0.44408,0.43881,0.44287,0.44776,0.44465,0.43893,0.44635,0.44538,0.44299,0.4431,0.44847,0.4348,0.44527,0.43699,0.44657,0.44276,0.44272,0.44045,0.43748,0.44147,0.44554,0.44513,0.43624,0.44308,0.44481,0.44335,0.44233,0.4421,0.44277,0.4382,0.44042,0.44164,0.45068,0.43866,0.4452,0.44784,0.44271,0.44079,0.4388,0.43835,0.43962,0.44236,0.44426,0.43968,0.44011,0.43918,0.44031,0.4406,0.43989,0.44067,0.44004,0.44218,0.43917,0.44351,0.44029,0.44496,0.44671,0.43942,0.4445,0.44098,0.44637,0.4411,0.43571,0.44348,0.44,0.44076,0.44053,0.43949,0.44045,0.43712,0.44222,0.43993,0.43919,0.43881,0.44265,0.43882,0.44024,0.43615,0.43328,0.44129,0.4437,0.43458,0.44211,0.43864,0.43629,0.43746,0.43327,0.44109,0.43679,0.4369,0.44134,0.43573,0.43305,0.43683,0.43967,0.4389,0.43876,0.44493,0.44001,0.43693,0.43336,0.43834,0.43889,0.4412,0.4346,0.43585,0.43681,0.43839,0.43353,0.4385,0.43433,0.44208,0.43634,0.43342,0.43639,0.43504,0.43975,0.43382,0.43314,0.43779,0.43679,0.43531,0.43336,0.43329,0.43406,0.43456,0.43866,0.43526,0.4355,0.43378,0.43408,0.43674,0.42917,0.43608,0.43642,0.43417,0.43412,0.4348,0.43167,0.43931,0.43391,0.43696,0.4352,0.43822,0.43602,0.43289,0.43089,0.43093,0.43353,0.43479,0.43688,0.43342,0.43035,0.43326,0.43768,0.43263,0.43424,0.43198,0.43627,0.43307,0.43468,0.4354,0.43188,0.43177,0.43298,0.43086,0.43243,0.43243,0.43441,0.43366,0.43294,0.4357,0.43325,0.43461,0.43021,0.42183,0.43331,0.43086,0.43099,0.43078,0.43768,0.43142,0.4339,0.43379,0.4339,0.42933,0.4367,0.42758,0.43401,0.42642,0.43522,0.43231,0.43899,0.42667,0.42958,0.43556,0.43032,0.43096,0.42985,0.42843,0.43527,0.43144,0.42992,0.43235,0.42627,0.43455,0.43245,0.43602,0.42668,0.43336,0.42616,0.43289,0.43494,0.42785,0.43041
Synth_Outdoor_Air_40,Clean Air,0.0,1,0.41388,0.41584,0.41255,0.41429,0.4143,0.41517,0.41058,0.4139,0.41332,0.41648,0.40876,0.41303,0.41201,0.40783,0.40932,0.41375,0.41468,0.4108,0.40829,0.41056,0.40957,0.41131,0.41794,0.41168,0.41718,0.41356,0.40968,0.41016,0.41157,0.41448,0.40716,0.41074,0.40926,0.41211,0.41343,0.40784,0.40755,0.41303,0.40649,0.40953,0.41378,0.4101,0.41083,0.41391,0.40705,0.40879,0.41417,0.41902,0.41162,0.41308,0.41401,0.4091,0.41131,0.41031,0.41509,0.4117,0.41276,0.41089,0.41007,0.40811,0.40978,0.41399,0.41225,0.40951,0.41383,0.40821,0.40724,0.41454,0.40795,0.41153,0.40844,0.41279,0.41251,0.40552,0.41048,0.40869,0.4096,0.40832,0.41594,0.41481,0.41027,0.40961,0.40949,0.40681,0.40856,0.41072,0.41676,0.41109,0.40926,0.41,0.40839,0.41279,0.41414,0.40849,0.40998,0.4142,0.41025,0.41208,0.41142,0.41432,0.40814,0.41098,0.40937,0.40985,0.41285,0.40567,0.41009,0.40873,0.40781,0.4096,0.40516,0.41053,0.40853,0.40855,0.40656,0.40656,0.41065,0.41067,0.40898,0.40825,0.41014,0.40593,0.40832,0.408,0.40997,0.4121,0.40705,0.40291,0.40608,0.4121,0.41034,0.41092,0.40757,0.40418,0.4029,0.40528,0.40671,0.41075,0.40946,0.40942,0.40359,0.40361,0.40788,0.40735,0.40574,0.40274,0.40879,0.4095,0.40575,0.40783,0.40924,0.40709,0.41088,0.40819,0.40911,0.40753,0.4078,0.40354,0.40537,0.40974,0.41073,0.40937,0.41047,0.40522,0.41087,0.40466,0.40608,0.40388,0.40664,0.40837,0.40388,0.40642,0.40346,0.40443,0.40406,0.39932,0.40338,0.40567,0.41096,0.40553,0.40812,0.40438,0.40676,0.40903,0.4014,0.40418,0.4084,0.40521,0.4026,0.40602,0.40168,0.40718,0.40931,0.40479,0.40736,0.40433,0.4016,0.40686,0.40776,0.40614,0.40235,0.40239,0.40769,0.40791,0.40058,0.40622,0.40085,0.40826,0.4099,0.40581,0.40942,0.40556,0.40664,0.40693,0.40638,0.40452,0.3981,0.40296,0.40248,0.40485,0.40528,0.40151,0.39822,0.40522,0.40511,0.40246,0.40698,0.41099,0.4054,0.40403,0.40508,0.40551,0.40011,0.40398,0.40422,0.40613,0.40411,0.40375,0.40086,0.40569,0.40516,0.3996,0.40005,0.40632,0.40103,0.40124,0.40281,0.4007,0.40093,0.40397
Synth_Outdoor_Air_41,Clean Air,0.0,1,0.57778,0.58602,0.58098,0.58313,0.58464,0.58153,0.58328,0.57948,0.58464,0.58448,0.58385,0.58321,0.58308,0.58156,0.5853,0.57796,0.58739,0.57987,0.58635,0.58655,0.58156,0.58246,0.58013,0.57687,0.58695,0.58499,0.58317,0.57912,0.57974,0.58077,0.58265,0.58845,0.58385,0.58531,0.58198,0.58136,0.58711,0.58261,0.57821,0.58259,0.57817,0.58407,0.58644,0.58077,0.58063,0.58839,0.58327,0.58947,0.58007,0.58687,0.58208,0.58459,0.58543,0.58743,0.58227,0.5818,0.59014,0.581,0.58229,0.58006,0.58123,0.58427,0.58548,0.57747,0.58294,0.58279,0.58565,0.57978,0.58512,0.58317,0.57955,0.58187,0.57896,0.58168,0.5884,0.58212,0.58464,0.58803,0.58239,0.58287,0.58366,0.58689,0.58209,0.57936,0.5791,0.58364,0.58436,0.58159,0.58416,0.57985,0.58281,0.58887,0.58329,0.58203,0.58565,0.58881,0.58086,0.58491,0.58597,0.58383,0.57916,0.5844,0.58899,0.5848,0.58151,0.58149,0.58928,0.587,0.58503,0.58319,0.58059,0.58384,0.585,0.5889,0.58847,0.58514,0.58093,0.58724,0.58564,0.58806,0.58353,0.59311,0.58447,0.57942,0.58683,0.59006,0.58141,0.58412,0.59018,0.58692,0.58114,0.58525,0.5871,0.58756,0.58823,0.58346,0.58467,0.58357,0.58383,0.58335,0.58372,0.58697,0.58766,0.58291,0.58383,0.58559,0.58369,0.58687,0.5876,0.5836,0.57997,0.58209,0.58807,0.57824,0.58714,0.58679,0.58912,0.58761,0.5803,0.58645,0.5892,0.58628,0.58116,0.58516,0.5857,0.58524,0.58502,0.58347,0.57997,0.58342,0.58238,0.5833,0.58994,0.5877,0.5817,0.58789,0.59202,0.5823,0.58277,0.58566,0.58975,0.58441,0.58151,0.58681,0.58688,0.58499,0.58317,0.58708,0.58407,0.5835,0.58296,0.58353,0.58668,0.58498,0.58418,0.58539,0.58785,0.58608,0.58492,0.58568,0.58707,0.58746,0.58594,0.58398,0.58649,0.5857,0.58518,0.58317,0.59113,0.58834,0.58248,0.58544,0.58749,0.58638,0.58795,0.58827,0.58894,0.58456,0.59096,0.587,0.58708,0.58547,0.58706,0.58738,0.58427,0.58116,0.58209,0.58112,0.58475,0.58516,0.5859,0.58479,0.58265,0.59035,0.58937,0.58656,0.59111,0.58249,0.59165,0.58229,0.58815,0.58216,0.58792,0.5903,0.58611,0.59026,0.58789,0.58308,0.58529,0.58934
Synth_Outdoor_Air_42,Clean Air,0.0,1,0.63275,0.62485,0.6318,0.63385,0.62949,0.62828,0.63083,0.62569,0.62823,0.62431,0.62782,0.62809,0.63008,0.63054,0.62575,0.62484,0.63254,0.62956,0.63042,0.62854,0.62561,0.63297,0.62572,0.62474,0.62573,0.6243,0.62745,0.6254,0.63198,0.62674,0.63053,0.63161,0.62776,0.62579,0.62791,0.62372,0.62812,0.62438,0.62934,0.63403,0.62887,0.62244,0.62435,0.62424,0.6261,0.62464,0.62607,0.624,0.62643,0.62983,0.62525,0.62988,0.62221,0.63072,0.62594,0.62565,0.62708,0.62823,0.62732,0.63087,0.62642,0.62775,0.62687,0.62642,0.6294,0.62861,0.62795,0.62713,0.62655,0.62514,0.6237,0.62533,0.63255,0.62939,0.62066,0.62939,0.62641,0.6227,0.62805,0.62527,0.62689,0.62845,0.62306,0.62269,0.62455,0.62334,0.62812,0.6251,0.62672,0.62968,0.62493,0.62592,0.62874,0.6277,0.62759,0.62561,0.62371,0.62356,0.62686,0.62507,0.63001,0.62819,0.62828,0.62517,0.62778,0.62178,0.62415,0.62652,0.62419,0.62525,0.6252,0.62348,0.62878,0.62513,0.62492,0.62644,0.62552,0.62679,0.62329,0.62427,0.62198,0.62574,0.6296,0.62205,0.62458,0.62381,0.62481,0.62287,0.62573,0.62354,0.63002,0.62194,0.62427,0.62338,0.62664,0.62027,0.62384,0.62705,0.62471,0.62465,0.62149,0.63135,0.62193,0.62876,0.62148,0.62277,0.61976,0.61978,0.62297,0.6204,0.61998,0.62696,0.62531,0.62935,0.62406,0.62335,0.62269,0.61881,0.62509,0.62096,0.62034,0.62661,0.62867,0.62638,0.62973,0.62097,0.61785,0.6248,0.62138,0.6242,0.62257,0.62593,0.62002,0.62135,0.62106,0.62335,0.61807,0.62132,0.62375,0.62241,0.61916,0.62519,0.6246,0.62424,0.62559,0.62746,0.62561,0.622,0.62205,0.62574,0.61857,0.61692,0.62442,0.61894,0.61999,0.6191,0.6206,0.61958,0.62134,0.62248,0.62076,0.62591,0.61639,0.62739,0.61924,0.62195,0.61732,0.62038,0.6234,0.62281,0.62064,0.61987,0.62223,0.62367,0.62523,0.61876,0.62058,0.62457,0.61809,0.61668,0.62519,0.61825,0.61744,0.62467,0.61926,0.62187,0.62306,0.61174,0.61826,0.62176,0.62405,0.62614,0.6186,0.62273,0.61934,0.61835,0.61885,0.6154,0.62332,0.61386,0.62253,0.61942,0.61849,0.62443,0.61884,0.62388,0.61918,0.62334,0.62739,0.61865
Synth_Outdoor_Air_43,Clean Air,0.0,1,0.66645,0.66917,0.6619,0.66875,0.66241,0.6646,0.66034,0.66803,0.6631,0.66591,0.66274,0.66505,0.6664,0.66531,0.66073,0.67228,0.66548,0.66332,0.66371,0.6652,0.66952,0.66751,0.66591,0.66412,0.66681,0.66494,0.66561,0.66862,0.66748,0.66956,0.66752,0.67052,0.66856,0.66565,0.67075,0.66175,0.664,0.66529,0.66808,0.66043,0.66727,0.66368,0.66876,0.6672,0.66675,0.67123,0.67172,0.66667,0.67038,0.6689,0.67084,0.66425,0.67356,0.66211,0.66618,0.66898,0.67177,0.67112,0.67116,0.66707,0.67293,0.6687,0.67433,0.67765,0.67361,0.67049,0.6671,0.66887,0.671,0.66676,0.66865,0.6662,0.66555,0.67107,0.67305,0.66976,0.67317,0.67008,0.66895,0.67151,0.67563,0.67176,0.67238,0.66792,0.67072,0.67276,0.67128,0.66859,0.66815,0.6744,0.67393,0.67057,0.67447,0.66693,0.67596,0.67461,0.67404,0.66827,0.67496,0.67024,0.67468,0.67659,0.67174,0.67229,0.67461,0.67153,0.67044,0.66976,0.6679,0.67134,0.67593,0.67334,0.6715,0.67565,0.67209,0.67197,0.6727,0.67259,0.66949,0.67185,0.67059,0.67349,0.67783,0.67289,0.67184,0.67471,0.67656,0.67299,0.67596,0.67108,0.67866,0.6801,0.67671,0.67026,0.67322,0.67631,0.67473,0.68196,0.67517,0.67356,0.67362,0.67315,0.67402,0.674,0.67881,0.68027,0.66954,0.6732,0.67659,0.67202,0.67487,0.67817,0.68052,0.67798,0.6772,0.6731,0.674,0.67634,0.67978,0.67362,0.67759,0.67594,0.67306,0.67529,0.67255,0.67849,0.67399,0.67486,0.67392,0.66954,0.68078,0.67557,0.67804,0.67313,0.68056,0.67771,0.67627,0.67818,0.68378,0.6791,0.67852,0.67395,0.67215,0.67695,0.68001,0.67955,0.67369,0.67647,0.67461,0.6774,0.68032,0.67993,0.67901,0.67553,0.67807,0.68278,0.67883,0.68647,0.68332,0.68255,0.67366,0.68635,0.68276,0.68511,0.6833,0.68262,0.68194,0.68384,0.68753,0.68044,0.67829,0.67981,0.68361,0.68205,0.67872,0.67839,0.68047,0.68477,0.68837,0.68602,0.68472,0.68059,0.67772,0.67758,0.68228,0.67892,0.68365,0.68598,0.68194,0.68129,0.67578,0.67841,0.68223,0.68637,0.68215,0.68402,0.68081,0.68295,0.68282,0.67902,0.67995,0.68451,0.68225,0.68487,0.68011,0.68325,0.68103,0.686,0.68564,0.68355
Synth_Outdoor_Air_44,Clean Air,0.0,1,0.68219,0.68516,0.67626,0.67978,0.6766,0.68162,0.67759,0.68071,0.67917,0.68536,0.67801,0.68132,0.68471,0.68295,0.68094,0.68122,0.68406,0.68059,0.68024,0.68019,0.67887,0.68227,0.67491,0.6787,0.67846,0.6837,0.68256,0.67939,0.68876,0.68563,0.68199,0.67842,0.67996,0.68541,0.68206,0.68154,0.68021,0.67837,0.68112,0.68089,0.68627,0.68271,0.68092,0.67899,0.68442,0.67997,0.68424,0.6855,0.6819,0.68073,0.67935,0.68148,0.68623,0.68441,0.68648,0.68541,0.6895,0.68021,0.68585,0.68627,0.68164,0.67764,0.68036,0.67864,0.68307,0.68281,0.69004,0.68531,0.68148,0.68073,0.68604,0.68326,0.68184,0.6815,0.68436,0.68433,0.68575,0.68253,0.68219,0.68443,0.68405,0.68327,0.68107,0.68451,0.67899,0.68577,0.68376,0.67846,0.68243,0.68608,0.68141,0.68315,0.6807,0.68355,0.68002,0.68625,0.68367,0.68448,0.6852,0.68291,0.68255,0.68435,0.68787,0.68067,0.68977,0.68674,0.68661,0.68033,0.68116,0.68275,0.68238,0.68443,0.68576,0.69152,0.68207,0.68493,0.68644,0.684,0.68766,0.68351,0.67804,0.6852,0.68275,0.6836,0.68814,0.68622,0.6899,0.68639,0.68445,0.68813,0.68353,0.6899,0.68603,0.68731,0.68448,0.68652,0.6837,0.68817,0.68115,0.68594,0.68645,0.68592,0.68183,0.68382,0.68202,0.6864,0.68676,0.68402,0.68505,0.6845,0.68653,0.6893,0.68723,0.68514,0.68729,0.68944,0.68443,0.68639,0.68702,0.68744,0.68767,0.68698,0.68161,0.68957,0.68534,0.68696,0.68895,0.68863,0.69268,0.68434,0.68862,0.68678,0.68804,0.68957,0.68416,0.6883,0.68431,0.68807,0.6877,0.69013,0.68863,0.68544,0.68619,0.68767,0.68935,0.68909,0.69228,0.68863,0.68574,0.68753,0.68759,0.68614,0.68744,0.68941,0.69049,0.68628,0.68928,0.68781,0.68626,0.68508,0.68351,0.69109,0.68954,0.68373,0.68962,0.69153,0.68808,0.69189,0.68846,0.68699,0.68843,0.68979,0.68569,0.69031,0.68504,0.69252,0.68568,0.68435,0.68706,0.69108,0.69212,0.68802,0.6855,0.68706,0.68675,0.69092,0.68906,0.69151,0.6926,0.68652,0.69005,0.6936,0.69449,0.68281,0.69036,0.68726,0.68995,0.68654,0.68938,0.68951,0.68915,0.69139,0.68667,0.68972,0.68599,0.69199,0.69488,0.68991,0.68916,0.69002
Synth_Outdoor_Air_45,Clean Air,0.0,1,0.54846,0.54652,0.54901,0.5526,0.5474,0.54881,0.54848,0.54807,0.55023,0.5549,0.55407,0.55646,0.55136,0.5527,0.55394,0.55393,0.55208,0.55115,0.54277,0.55616,0.5565,0.55338,0.55223,0.55143,0.55146,0.55389,0.54879,0.5534,0.55092,0.55163,0.55145,0.54993,0.54891,0.55206,0.55219,0.54952,0.55287,0.55033,0.55448,0.55021,0.54757,0.55729,0.55539,0.55426,0.55364,0.55254,0.55404,0.5507,0.55453,0.5539,0.55328,0.55361,0.55425,0.55337,0.55557,0.5579,0.55414,0.5501,0.55228,0.55475,0.55083,0.55393,0.55354,0.55965,0.55221,0.54679,0.55258,0.55041,0.55165,0.55764,0.55223,0.55768,0.54976,0.55821,0.55458,0.55573,0.55252,0.55553,0.55098,0.55567,0.55567,0.55102,0.55109,0.54764,0.55357,0.55679,0.55439,0.55486,0.55371,0.55928,0.55561,0.55305,0.54904,0.56272,0.56048,0.55444,0.55379,0.55631,0.55633,0.55572,0.55703,0.55422,0.55432,0.55541,0.55601,0.5572,0.55776,0.55814,0.55514,0.55772,0.54964,0.55451,0.55576,0.55297,0.55374,0.55198,0.55601,0.56022,0.55897,0.55106,0.55575,0.55287,0.55732,0.55187,0.55627,0.55578,0.55106,0.56281,0.55531,0.55626,0.55984,0.55374,0.55516,0.5572,0.5593,0.55963,0.5556,0.5572,0.55848,0.56214,0.56075,0.55774,0.55762,0.55821,0.55633,0.55961,0.56057,0.55796,0.5596,0.55386,0.55435,0.55587,0.55543,0.55222,0.55982,0.55291,0.56311,0.55986,0.55629,0.55841,0.56052,0.55637,0.55633,0.55585,0.55815,0.56009,0.55763,0.55655,0.55889,0.55709,0.55647,0.55977,0.55706,0.55773,0.56549,0.55769,0.56063,0.55743,0.56515,0.55861,0.56325,0.55769,0.55819,0.56112,0.55763,0.55894,0.55187,0.55862,0.55929,0.55617,0.55496,0.5588,0.56113,0.55343,0.56289,0.56495,0.55924,0.55987,0.56388,0.56065,0.56332,0.55647,0.55795,0.56394,0.56216,0.56333,0.56411,0.56013,0.55922,0.55744,0.5643,0.55904,0.55905,0.55887,0.5618,0.56113,0.56116,0.55966,0.56059,0.56531,0.56217,0.56322,0.56323,0.56367,0.5567,0.55531,0.55897,0.55815,0.55999,0.56007,0.56096,0.55862,0.55744,0.55632,0.5578,0.56063,0.5606,0.55813,0.56058,0.55749,0.56166,0.55811,0.56314,0.55653,0.56063,0.55895,0.56187,0.56378,0.5609,0.5562
Synth_Outdoor_Air_46,Clean Air,0.0,1,0.69823,0.69706,0.69653,0.70139,0.69701,0.69818,0.70053,0.695,0.69267,0.69385,0.70023,0.6966,0.69839,0.69884,0.69419,0.69443,0.69789,0.6971,0.70612,0.69725,0.69738,0.69949,0.69684,0.69754,0.6955,0.69727,0.69799,0.70124,0.70108,0.70237,0.69547,0.70079,0.70161,0.7009,0.7005,0.70111,0.69786,0.70011,0.69541,0.69899,0.70142,0.69799,0.69499,0.69535,0.69711,0.70041,0.69854,0.70153,0.69591,0.7032,0.69762,0.69277,0.69806,0.69855,0.69824,0.69444,0.6984,0.69909,0.69967,0.69786,0.70008,0.69654,0.69486,0.6939,0.69991,0.69736,0.70037,0.70146,0.70002,0.70207,0.69722,0.70037,0.70122,0.6899,0.69921,0.69853,0.69972,0.69841,0.70055,0.69851,0.69988,0.69953,0.69888,0.69675,0.70127,0.70342,0.69921,0.70206,0.70014,0.7046,0.70028,0.69516,0.70068,0.69884,0.69935,0.70056,0.70061,0.69901,0.70167,0.70427,0.69993,0.70394,0.69759,0.70053,0.69837,0.70159,0.6931,0.69903,0.70046,0.70641,0.70046,0.70281,0.69261,0.69975,0.69776,0.69578,0.70162,0.70341,0.70073,0.70035,0.70368,0.7002,0.6988,0.7038,0.69939,0.70256,0.70216,0.70531,0.70546,0.69663,0.69865,0.69724,0.69644,0.69887,0.70772,0.70354,0.70952,0.70374,0.70029,0.69858,0.70712,0.70147,0.69989,0.6997,0.71106,0.70463,0.70283,0.70277,0.70361,0.70474,0.70496,0.70391,0.69958,0.70231,0.70196,0.70594,0.70527,0.70479,0.69759,0.69847,0.70422,0.70394,0.70381,0.70264,0.69986,0.70342,0.69827,0.70107,0.70125,0.70617,0.70073,0.70211,0.70206,0.70756,0.70562,0.70454,0.70178,0.70028,0.70273,0.70605,0.70528,0.7061,0.70585,0.70521,0.71104,0.70419,0.70508,0.70269,0.70703,0.7082,0.70597,0.70868,0.70148,0.70203,0.70158,0.70833,0.7045,0.70506,0.70917,0.7048,0.70772,0.69831,0.70104,0.70462,0.70455,0.70652,0.7068,0.70397,0.70894,0.70277,0.70383,0.70749,0.70536,0.69997,0.70656,0.71241,0.70721,0.70446,0.70731,0.70922,0.70335,0.70951,0.7079,0.70815,0.706,0.70919,0.70584,0.69981,0.7102,0.70494,0.7091,0.70262,0.70837,0.71053,0.70529,0.70873,0.70685,0.70144,0.70581,0.7021,0.70921,0.70504,0.70473,0.71214,0.71023,0.70826,0.70636,0.70838,0.71034,0.7059
Synth_Outdoor_Air_47,Clean Air,0.0,1,0.49031,0.49007,0.49078,0.49532,0.48895,0.49479,0.49449,0.48984,0.49018,0.49236,0.49227,0.49477,0.49425,0.49453,0.48946,0.49043,0.49144,0.49071,0.4938,0.48958,0.49906,0.49682,0.49498,0.49483,0.48996,0.5023,0.49273,0.49486,0.4879,0.49366,0.49058,0.49382,0.49395,0.48998,0.49168,0.49607,0.49107,0.49212,0.49608,0.49894,0.49367,0.48957,0.4937,0.49582,0.4947,0.49846,0.49727,0.49709,0.49378,0.50025,0.49332,0.49065,0.49984,0.48972,0.49325,0.49224,0.50197,0.49887,0.50084,0.49271,0.50124,0.49586,0.49829,0.4974,0.4959,0.49486,0.49626,0.49859,0.49719,0.49643,0.50073,0.48616,0.49685,0.49852,0.49865,0.49569,0.49742,0.49946,0.50089,0.49458,0.49512,0.50204,0.49028,0.49382,0.49913,0.50134,0.49856,0.49639,0.49589,0.49558,0.50257,0.49387,0.49592,0.49376,0.50016,0.49689,0.49659,0.49304,0.49553,0.4967,0.49491,0.50207,0.49439,0.4969,0.49596,0.49677,0.49226,0.49715,0.49885,0.49433,0.50112,0.49888,0.50143,0.49921,0.49879,0.49216,0.49931,0.50633,0.49939,0.50137,0.50267,0.49875,0.4968,0.49779,0.4987,0.49805,0.50161,0.49618,0.50001,0.49914,0.49575,0.5029,0.50052,0.50331,0.49997,0.49958,0.50243,0.4991,0.50553,0.49682,0.50083,0.50079,0.50293,0.49629,0.50235,0.49893,0.50033,0.50718,0.49898,0.49953,0.50063,0.50134,0.50328,0.49904,0.50078,0.503,0.50046,0.50283,0.49949,0.5082,0.50336,0.50058,0.4981,0.50021,0.50067,0.50685,0.49973,0.50304,0.50414,0.50016,0.50135,0.50041,0.50619,0.50292,0.50499,0.49686,0.5037,0.49869,0.50412,0.50572,0.49959,0.50175,0.50392,0.50427,0.50335,0.50825,0.50353,0.50421,0.50096,0.50714,0.50052,0.50329,0.50179,0.50635,0.50121,0.49936,0.50346,0.50315,0.49979,0.50455,0.50269,0.50505,0.50752,0.50217,0.50313,0.50369,0.49983,0.50147,0.50472,0.50335,0.49951,0.5028,0.49864,0.50525,0.50245,0.50781,0.50947,0.50834,0.49953,0.50672,0.50804,0.50396,0.50715,0.50593,0.50076,0.50632,0.50964,0.49989,0.50422,0.50712,0.50257,0.50535,0.50532,0.50294,0.50432,0.50551,0.50736,0.50803,0.50325,0.50629,0.50704,0.50925,0.50718,0.50507,0.50883,0.50639,0.50695,0.50528,0.50523,0.50571
Synth_Outdoor_Air_48,Clean Air,0.0,1,0.61269,0.61632,0.61963,0.61538,0.61675,0.61534,0.61237,0.61407,0.61698,0.61246,0.61317,0.61866,0.61475,0.61555,0.61765,0.61702,0.61596,0.61472,0.61703,0.61714,0.61392,0.61718,0.61988,0.61348,0.6086,0.61628,0.6174,0.6137,0.6215,0.61668,0.61695,0.61024,0.61706,0.61749,0.61557,0.61654,0.61685,0.61246,0.61329,0.61918,0.617,0.61149,0.61448,0.60874,0.61763,0.61629,0.62254,0.61716,0.61789,0.6149,0.61458,0.61169,0.61725,0.6173,0.61852,0.61448,0.61639,0.61456,0.61714,0.6141,0.61366,0.61578,0.61339,0.6181,0.61769,0.6134,0.61595,0.62431,0.61552,0.61955,0.61596,0.61553,0.6147,0.61791,0.61433,0.61997,0.61829,0.61605,0.61242,0.61471,0.61559,0.62344,0.61946,0.61173,0.61387,0.61661,0.61805,0.61627,0.61546,0.61611,0.61441,0.61792,0.62188,0.61989,0.61775,0.6178,0.62074,0.61703,0.61633,0.61689,0.61654,0.61733,0.62556,0.61777,0.61703,0.61763,0.61624,0.6207,0.61642,0.6206,0.61864,0.61797,0.62269,0.61477,0.61681,0.62198,0.6227,0.61801,0.62087,0.61907,0.62565,0.61721,0.62043,0.6135,0.61663,0.61488,0.62107,0.60912,0.61813,0.60943,0.6148,0.61502,0.62048,0.62037,0.61725,0.62234,0.61721,0.61914,0.61482,0.61773,0.61738,0.61796,0.6206,0.62349,0.61778,0.60965,0.61758,0.61782,0.61506,0.6198,0.61578,0.61387,0.62092,0.61698,0.62087,0.62577,0.61466,0.61975,0.61329,0.61796,0.62103,0.6227,0.62011,0.61834,0.62708,0.62491,0.61756,0.616,0.61863,0.61417,0.62005,0.61605,0.61916,0.62091,0.62037,0.61607,0.62398,0.61592,0.62094,0.62224,0.62242,0.61847,0.62186,0.61868,0.62387,0.61979,0.62051,0.62256,0.61439,0.62093,0.61903,0.61815,0.62215,0.61902,0.61776,0.62031,0.61794,0.62358,0.62246,0.62285,0.62301,0.61898,0.61848,0.62586,0.61563,0.62472,0.62189,0.61649,0.61923,0.62082,0.62419,0.61878,0.61809,0.61315,0.62381,0.61765,0.6214,0.62017,0.62027,0.62556,0.62619,0.62317,0.62312,0.62174,0.624,0.62004,0.62479,0.62222,0.62473,0.61956,0.61785,0.62173,0.61564,0.62424,0.62081,0.61955,0.6196,0.61794,0.6208,0.62107,0.62332,0.62151,0.62151,0.61795,0.62239,0.62617,0.62173,0.62309,0.62205,0.61934
Synth_Outdoor_Air_49,Clean Air,0.0,1,0.57552,0.57698,0.57957,0.57642,0.57673,0.57504,0.57375,0.57517,0.57528,0.58034,0.57881,0.57317,0.58032,0.57016,0.57684,0.57277,0.57466,0.57221,0.57837,0.57391,0.57632,0.57253,0.57552,0.57469,0.56999,0.57389,0.57443,0.57556,0.57409,0.57046,0.57298,0.57812,0.57242,0.57336,0.57424,0.57412,0.57317,0.57606,0.57229,0.5779,0.57712,0.57527,0.57066,0.57156,0.57369,0.5716,0.57124,0.57129,0.57334,0.57231,0.57138,0.57517,0.57679,0.57313,0.577,0.57382,0.57043,0.5753,0.57263,0.5754,0.5697,0.57144,0.57147,0.57549,0.56902,0.56856,0.57409,0.57297,0.57219,0.57372,0.57372,0.57451,0.57031,0.56893,0.56597,0.57197,0.57464,0.56573,0.57101,0.56729,0.57219,0.57379,0.57199,0.56999,0.57196,0.56983,0.57154,0.57138,0.57507,0.57195,0.56916,0.56859,0.57171,0.57113,0.57735,0.57095,0.56481,0.56977,0.56784,0.56732,0.56304,0.56834,0.56577,0.57116,0.56993,0.5716,0.56917,0.56451,0.56985,0.57426,0.56879,0.56847,0.56606,0.56668,0.57088,0.56964,0.56855,0.56956,0.57231,0.57389,0.56615,0.56914,0.56585,0.56933,0.56881,0.57347,0.56652,0.56811,0.5728,0.56784,0.57028,0.56951,0.57138,0.56523,0.56416,0.5679,0.56322,0.57168,0.57138,0.56616,0.56874,0.5701,0.56614,0.56845,0.56853,0.56874,0.57007,0.56887,0.56685,0.57046,0.56664,0.568,0.57122,0.56522,0.56789,0.56983,0.56611,0.56509,0.56689,0.56637,0.57254,0.56559,0.56926,0.56247,0.56209,0.56844,0.56792,0.5692,0.57046,0.57263,0.56638,0.56523,0.56812,0.56891,0.56784,0.56545,0.57076,0.56895,0.56208,0.56401,0.56795,0.56787,0.56399,0.56628,0.56131,0.56656,0.57046,0.56563,0.56258,0.56485,0.5627,0.5652,0.56122,0.56329,0.55903,0.56734,0.5638,0.56218,0.56505,0.56537,0.56595,0.56651,0.56665,0.56258,0.56864,0.5623,0.56685,0.56872,0.56466,0.56736,0.56415,0.56237,0.56276,0.56299,0.56241,0.56213,0.56817,0.56574,0.56833,0.57058,0.5624,0.56196,0.5636,0.56534,0.56414,0.56618,0.56468,0.56325,0.56189,0.55918,0.5644,0.56524,0.56597,0.56888,0.56461,0.56305,0.55981,0.55928,0.56022,0.56534,0.56625,0.5646,0.56554,0.56049,0.56615,0.56664,0.55789,0.56096,0.56309,0.56454
Synth_Outdoor_Air_50,Clean Air,0.0,1,0.65756,0.65196,0.65725,0.65964,0.6551,0.65843,0.65865,0.65905,0.65185,0.65683,0.6553,0.66071,0.66018,0.66114,0.65787,0.65699,0.65527,0.66166,0.65663,0.65951,0.65995,0.65722,0.6563,0.65358,0.65699,0.65543,0.65132,0.65615,0.66027,0.6595,0.65454,0.6581,0.6537,0.66091,0.66027,0.66112,0.65866,0.65613,0.65706,0.65392,0.65625,0.65891,0.6584,0.65849,0.65596,0.65577,0.65714,0.65293,0.65439,0.65694,0.65699,0.6514,0.65781,0.65828,0.65588,0.66205,0.65587,0.65303,0.65421,0.65593,0.65235,0.65404,0.65444,0.65655,0.66005,0.66136,0.65516,0.65339,0.65362,0.65295,0.6567,0.65514,0.6496,0.65657,0.65696,0.65836,0.65409,0.65732,0.64881,0.65612,0.65338,0.65348,0.65308,0.6492,0.6574,0.65173,0.65494,0.65718,0.65677,0.65079,0.65604,0.65504,0.65616,0.65483,0.65242,0.65023,0.64952,0.65638,0.65399,0.649,0.65158,0.65363,0.65271,0.65223,0.65793,0.65625,0.64863,0.65389,0.65032,0.64977,0.6535,0.65215,0.65231,0.6537,0.64812,0.65229,0.65181,0.64636,0.64875,0.65892,0.64806,0.64945,0.65171,0.65193,0.65111,0.65456,0.65335,0.64927,0.64753,0.64856,0.65176,0.64791,0.64709,0.65058,0.64758,0.65707,0.64949,0.65091,0.64982,0.65073,0.65012,0.65479,0.65422,0.65282,0.65382,0.64766,0.65091,0.64981,0.65116,0.65432,0.64871,0.65007,0.65217,0.64393,0.6476,0.64991,0.64633,0.65052,0.6493,0.64753,0.64771,0.6514,0.64945,0.65152,0.65359,0.6481,0.64651,0.64693,0.64803,0.64839,0.64818,0.65307,0.64954,0.64453,0.6509,0.64774,0.64442,0.64484,0.6498,0.65109,0.64864,0.64694,0.6454,0.64996,0.64596,0.64483,0.6477,0.65075,0.64525,0.64553,0.64936,0.65287,0.64651,0.64573,0.6476,0.64676,0.64374,0.64533,0.64362,0.65043,0.64433,0.64901,0.64676,0.64471,0.64921,0.64478,0.64644,0.6487,0.64354,0.64218,0.64793,0.64689,0.64129,0.64543,0.64289,0.643,0.64387,0.64343,0.64439,0.645,0.64383,0.64308,0.64303,0.64752,0.64466,0.6403,0.64559,0.64654,0.64171,0.64205,0.64737,0.64692,0.64105,0.64204,0.64521,0.64389,0.6437,0.64523,0.64292,0.64199,0.64668,0.64579,0.64125,0.64516,0.63743,0.64548,0.64504,0.64118,0.64393,0.64012
Synth_Outdoor_Air_51,Clean Air,0.0,1,0.52026,0.51762,0.52334,0.52115,0.52166,0.52713,0.51886,0.52131,0.52571,0.52129,0.52029,0.52257,0.52082,0.52479,0.52163,0.52769,0.5285,0.52248,0.52203,0.5235,0.52554,0.52176,0.52617,0.52151,0.52177,0.52128,0.52411,0.52667,0.52514,0.52306,0.51689,0.52544,0.52542,0.52556,0.52073,0.52784,0.52087,0.52426,0.52767,0.5252,0.52279,0.52327,0.52171,0.52303,0.52138,0.52368,0.51866,0.52781,0.52512,0.5253,0.52403,0.51916,0.53032,0.52406,0.52511,0.52069,0.5255,0.52772,0.52645,0.52619,0.52675,0.52495,0.52056,0.52479,0.52474,0.52859,0.52716,0.5317,0.52729,0.52609,0.52077,0.52695,0.52759,0.52249,0.53011,0.52473,0.5246,0.52862,0.5275,0.52428,0.52337,0.52653,0.52498,0.52649,0.52139,0.52289,0.52407,0.52424,0.52772,0.52618,0.52666,0.52248,0.52449,0.52653,0.52526,0.52785,0.52299,0.526,0.52678,0.52708,0.52664,0.52659,0.52746,0.52761,0.5292,0.52282,0.52197,0.52883,0.51968,0.52741,0.53069,0.52626,0.52944,0.52963,0.52798,0.52817,0.52607,0.53048,0.52803,0.52531,0.52347,0.52619,0.52671,0.52907,0.52176,0.52632,0.5289,0.52964,0.52745,0.52276,0.53556,0.53013,0.52584,0.527,0.52584,0.52999,0.52799,0.52821,0.52678,0.52251,0.53319,0.52558,0.52578,0.52662,0.52288,0.52432,0.52952,0.53112,0.53018,0.52692,0.52631,0.52681,0.52482,0.52979,0.52456,0.53158,0.52638,0.52849,0.52743,0.52715,0.53677,0.53054,0.52716,0.53323,0.53233,0.52993,0.52911,0.52879,0.53246,0.52882,0.53032,0.53007,0.52626,0.53671,0.52555,0.5317,0.52476,0.52876,0.53195,0.53127,0.53258,0.53063,0.53206,0.53366,0.52845,0.53241,0.53039,0.53373,0.52832,0.53285,0.52842,0.53194,0.53236,0.533,0.53081,0.5339,0.53147,0.53053,0.52883,0.53531,0.52242,0.52904,0.53209,0.52566,0.53032,0.53066,0.53094,0.53089,0.53084,0.52433,0.53005,0.53301,0.53009,0.53595,0.53649,0.52913,0.53732,0.53021,0.53101,0.52936,0.52491,0.53562,0.5354,0.53026,0.53306,0.53393,0.52892,0.52801,0.53369,0.53352,0.52979,0.53356,0.53637,0.53283,0.53454,0.53255,0.53268,0.5322,0.53288,0.53049,0.52719,0.5367,0.53743,0.52881,0.53482,0.53404,0.52987,0.53318,0.53143,0.52831
Synth_Outdoor_Air_52,Clean Air,0.0,1,0.41134,0.41003,0.41231,0.41327,0.41315,0.408,0.41039,0.40698,0.41402,0.41016,0.40959,0.40805,0.41222,0.40933,0.41998,0.41028,0.41487,0.41193,0.40874,0.40752,0.41501,0.41629,0.40778,0.41,0.40935,0.40971,0.41387,0.41277,0.4112,0.41057,0.4179,0.41239,0.41399,0.40648,0.41368,0.41337,0.41293,0.41366,0.41419,0.40821,0.41267,0.41011,0.41341,0.4149,0.40687,0.40967,0.40826,0.41608,0.41378,0.41331,0.41276,0.40935,0.40779,0.41155,0.41262,0.41097,0.41387,0.41518,0.41155,0.41126,0.41554,0.41154,0.40744,0.41028,0.41136,0.41664,0.41375,0.41045,0.40957,0.4145,0.41461,0.41352,0.41544,0.41348,0.40876,0.40954,0.41401,0.41073,0.41479,0.41341,0.41375,0.40911,0.41783,0.41983,0.41044,0.41815,0.41437,0.41305,0.41107,0.41211,0.40916,0.41431,0.41106,0.40845,0.4137,0.41541,0.41709,0.41599,0.41082,0.40996,0.41076,0.41378,0.41357,0.41407,0.41606,0.40865,0.41517,0.41496,0.4088,0.41668,0.41453,0.41394,0.41135,0.417,0.41157,0.41764,0.41764,0.41225,0.41996,0.41542,0.41556,0.41195,0.41836,0.40833,0.41548,0.41412,0.41254,0.41693,0.41673,0.41226,0.41745,0.41714,0.41323,0.41798,0.41162,0.4129,0.41578,0.4114,0.41512,0.4146,0.41606,0.41441,0.41564,0.41286,0.41859,0.41566,0.41777,0.41193,0.41417,0.41487,0.41301,0.41564,0.41187,0.41831,0.41525,0.40706,0.41076,0.41017,0.41293,0.41573,0.41407,0.41284,0.41538,0.40985,0.41805,0.41297,0.4173,0.41373,0.41938,0.41358,0.41328,0.41679,0.41269,0.41311,0.41324,0.41265,0.41386,0.4116,0.41525,0.41778,0.41912,0.41545,0.41391,0.42117,0.41368,0.4131,0.41365,0.41978,0.41527,0.415,0.41626,0.41767,0.41626,0.42079,0.4158,0.41714,0.4174,0.41495,0.41716,0.4156,0.41798,0.4133,0.41666,0.41972,0.41862,0.41628,0.41949,0.41275,0.41819,0.42004,0.41251,0.41534,0.4201,0.41383,0.41214,0.42101,0.42192,0.41874,0.4185,0.41334,0.41626,0.42138,0.41947,0.42302,0.41287,0.41597,0.41626,0.41376,0.41516,0.41737,0.41807,0.4206,0.41946,0.41906,0.41692,0.42264,0.42272,0.41973,0.41293,0.41625,0.41896,0.41692,0.41852,0.41798,0.41742,0.41623,0.41676,0.4217,0.42211,0.42011
Synth_Outdoor_Air_53,Clean Air,0.0,1,0.48094,0.47892,0.48401,0.48168,0.48432,0.48044,0.47866,0.48686,0.48123,0.48296,0.48244,0.47658,0.48514,0.4844,0.48423,0.48002,0.48417,0.48026,0.48226,0.48068,0.48265,0.47784,0.48314,0.47822,0.47743,0.48536,0.48146,0.48054,0.48676,0.48302,0.48346,0.48305,0.48931,0.48068,0.48807,0.48474,0.47867,0.48431,0.48216,0.48024,0.48128,0.48322,0.4837,0.47834,0.4862,0.48619,0.48058,0.48188,0.48198,0.4876,0.48395,0.483,0.48169,0.48448,0.4833,0.48255,0.48415,0.48506,0.48256,0.4877,0.4846,0.48307,0.48141,0.4862,0.48464,0.48662,0.4843,0.48434,0.48543,0.48543,0.48127,0.48957,0.48311,0.4858,0.48195,0.49131,0.48145,0.48905,0.48526,0.48294,0.48614,0.48883,0.48382,0.48606,0.48469,0.48208,0.4834,0.49218,0.48553,0.48849,0.48407,0.4879,0.48458,0.49108,0.48864,0.49268,0.48554,0.48671,0.48551,0.48555,0.48728,0.48775,0.48615,0.49334,0.48396,0.4936,0.48867,0.48634,0.48659,0.48516,0.48586,0.48489,0.4858,0.48474,0.48864,0.48961,0.48797,0.48836,0.48831,0.49128,0.48719,0.48922,0.49099,0.48259,0.49925,0.48805,0.49025,0.4875,0.49008,0.48615,0.48733,0.48467,0.48652,0.49173,0.49229,0.49018,0.4876,0.48368,0.49312,0.49263,0.49115,0.48898,0.49112,0.49632,0.48945,0.48546,0.48825,0.48837,0.48558,0.48875,0.4906,0.49467,0.49197,0.49354,0.48163,0.49432,0.49338,0.48912,0.48422,0.48574,0.48844,0.4845,0.48948,0.48647,0.49949,0.48838,0.49359,0.48677,0.4885,0.48982,0.48772,0.49039,0.48959,0.49256,0.49424,0.4929,0.48944,0.49112,0.4913,0.48918,0.49072,0.49141,0.49069,0.49708,0.49099,0.4933,0.49291,0.49306,0.48992,0.48822,0.49586,0.4905,0.49397,0.48705,0.49043,0.48932,0.48803,0.49194,0.49073,0.49165,0.4956,0.49079,0.49135,0.48845,0.49664,0.49763,0.49062,0.49239,0.49718,0.49287,0.49484,0.4969,0.49549,0.49468,0.4943,0.49498,0.48814,0.48884,0.49274,0.49551,0.49371,0.49756,0.49,0.49248,0.49104,0.49152,0.49793,0.48846,0.49095,0.49422,0.49244,0.49177,0.49386,0.49366,0.50002,0.49491,0.49281,0.49443,0.4902,0.49012,0.49858,0.49362,0.49499,0.4968,0.4893,0.49828,0.49511,0.49507,0.49171,0.49283
Synth_Outdoor_Air_54,Clean Air,0.0,1,0.56793,0.56949,0.56517,0.56324,0.56351,0.561,0.55779,0.56297,0.56242,0.56407,0.56581,0.56616,0.56234,0.56259,0.55774,0.56142,0.55903,0.5654,0.56364,0.56698,0.56798,0.56451,0.56283,0.56449,0.56078,0.56525,0.56382,0.5639,0.56037,0.55984,0.56511,0.56642,0.56242,0.55657,0.5607,0.56153,0.56597,0.56253,0.56171,0.56606,0.56591,0.567,0.56242,0.56251,0.56779,0.56764,0.56538,0.56608,0.56651,0.56829,0.56013,0.56568,0.56388,0.56799,0.56525,0.56087,0.56419,0.56314,0.56575,0.56347,0.5654,0.56225,0.56619,0.56284,0.56349,0.56637,0.56329,0.56347,0.56382,0.56337,0.56367,0.5638,0.56035,0.56184,0.56773,0.56606,0.56392,0.56509,0.56619,0.56885,0.56334,0.56725,0.55832,0.56074,0.5652,0.56547,0.56284,0.56506,0.56343,0.56611,0.56846,0.56709,0.56258,0.56122,0.56305,0.56499,0.56281,0.56812,0.5671,0.5652,0.55816,0.57031,0.55632,0.56673,0.56778,0.56539,0.57025,0.56366,0.56631,0.56552,0.57646,0.56939,0.56587,0.56092,0.56081,0.56337,0.56797,0.56587,0.55806,0.56273,0.56301,0.56747,0.56219,0.56613,0.56475,0.56461,0.56305,0.56673,0.56538,0.56419,0.56464,0.56614,0.56434,0.56367,0.56662,0.56468,0.56513,0.56075,0.55578,0.56635,0.55872,0.56419,0.56398,0.5617,0.56493,0.56679,0.56976,0.56566,0.56918,0.56395,0.56577,0.56694,0.56875,0.56423,0.56561,0.5637,0.56223,0.56836,0.56689,0.56092,0.56648,0.56389,0.55711,0.56856,0.56566,0.56509,0.56622,0.56649,0.5656,0.56633,0.56744,0.57001,0.56688,0.56389,0.56172,0.56699,0.56518,0.56125,0.56087,0.5656,0.56268,0.55861,0.56449,0.56288,0.57359,0.56306,0.56439,0.56437,0.56947,0.56372,0.5618,0.56719,0.5602,0.56897,0.57044,0.56642,0.56706,0.56714,0.56842,0.56848,0.56544,0.56988,0.56146,0.56742,0.56103,0.56262,0.55434,0.56635,0.56233,0.56914,0.56634,0.56778,0.55993,0.56823,0.56903,0.56452,0.56739,0.56331,0.56032,0.56863,0.56017,0.56112,0.55892,0.56195,0.56812,0.56357,0.56292,0.5667,0.55942,0.56422,0.56238,0.5662,0.56439,0.5631,0.56557,0.55906,0.56297,0.56327,0.56655,0.56127,0.56731,0.56457,0.5698,0.56834,0.56142,0.56171,0.56401,0.56662,0.55628,0.56874
Synth_Outdoor_Air_55,Clean Air,0.0,1,0.60843,0.61114,0.61072,0.60993,0.60695,0.61557,0.60537,0.61395,0.61,0.60982,0.61122,0.611,0.61047,0.60815,0.60494,0.60998,0.61105,0.61322,0.61262,0.61347,0.61275,0.61455,0.60984,0.60654,0.61048,0.6072,0.60827,0.60645,0.61849,0.60964,0.61192,0.60826,0.60803,0.60637,0.6141,0.61271,0.61523,0.61295,0.60884,0.61778,0.61094,0.61695,0.61072,0.60779,0.60804,0.60517,0.61542,0.61261,0.60545,0.61489,0.60996,0.60779,0.6161,0.61192,0.61325,0.60956,0.60726,0.60718,0.61832,0.61066,0.61129,0.6069,0.61047,0.61507,0.61268,0.61644,0.61388,0.61239,0.61592,0.6112,0.61901,0.61497,0.61181,0.6146,0.62027,0.61545,0.61652,0.60729,0.61736,0.61257,0.6167,0.61728,0.61397,0.61816,0.62039,0.61582,0.62025,0.61369,0.61394,0.61519,0.61457,0.61395,0.61836,0.61677,0.61079,0.61552,0.61179,0.61641,0.61445,0.61895,0.61359,0.61875,0.61405,0.61684,0.61886,0.61304,0.61668,0.61476,0.61257,0.61802,0.61743,0.61774,0.61336,0.61484,0.61288,0.6118,0.6126,0.61269,0.61636,0.61848,0.61539,0.61604,0.61174,0.6171,0.6165,0.61559,0.62083,0.61459,0.61619,0.60895,0.61796,0.61656,0.61696,0.61252,0.6197,0.61346,0.61659,0.61867,0.61442,0.6183,0.61503,0.61826,0.61721,0.6186,0.62055,0.61728,0.62222,0.61582,0.62038,0.6179,0.61648,0.6206,0.61647,0.61461,0.61651,0.61496,0.61395,0.61395,0.61501,0.61491,0.6117,0.61862,0.62733,0.62066,0.61906,0.61769,0.61715,0.61768,0.622,0.61594,0.62156,0.61347,0.62067,0.6203,0.62486,0.61825,0.61651,0.61989,0.62194,0.61567,0.61869,0.61219,0.61533,0.61768,0.62038,0.61385,0.61913,0.62241,0.61784,0.61783,0.61629,0.61978,0.61949,0.62047,0.62549,0.61697,0.61676,0.62003,0.61917,0.62559,0.61335,0.619,0.62369,0.62101,0.61709,0.62081,0.62166,0.61941,0.6205,0.62158,0.61928,0.62269,0.62429,0.61371,0.61975,0.61867,0.62597,0.61821,0.62257,0.62403,0.61769,0.61975,0.62463,0.62385,0.62739,0.61876,0.62063,0.622,0.62079,0.61913,0.62274,0.61821,0.62426,0.62328,0.62276,0.62662,0.62344,0.62284,0.62801,0.62783,0.62584,0.62095,0.62616,0.61921,0.62556,0.62232,0.62398,0.62412,0.61989,0.62566
Synth_Outdoor_Air_56,Clean Air,0.0,1,0.51634,0.5148,0.51613,0.51445,0.51529,0.51419,0.51749,0.51495,0.5162,0.51564,0.51357,0.51718,0.51157,0.51499,0.52125,0.51258,0.51689,0.51341,0.51325,0.51318,0.51617,0.51271,0.51657,0.51993,0.51234,0.51529,0.52,0.51962,0.51884,0.51534,0.51547,0.51745,0.5114,0.51545,0.52009,0.51546,0.51704,0.51657,0.50876,0.51505,0.51396,0.5147,0.51482,0.5167,0.51893,0.52379,0.5209,0.51373,0.51821,0.51182,0.5175,0.51596,0.5211,0.51829,0.52078,0.51688,0.51764,0.51868,0.52084,0.5144,0.51706,0.51247,0.51657,0.51902,0.5166,0.51353,0.51287,0.51287,0.51683,0.51687,0.51554,0.52332,0.51715,0.5255,0.52218,0.51345,0.52083,0.51847,0.51026,0.51624,0.52162,0.52151,0.52049,0.52037,0.52146,0.52466,0.524,0.51701,0.5158,0.51079,0.52183,0.5218,0.52077,0.51432,0.51631,0.52058,0.52076,0.51887,0.51823,0.51861,0.52354,0.51908,0.52051,0.51946,0.5141,0.51998,0.51773,0.52287,0.52857,0.52467,0.52676,0.52174,0.51937,0.52338,0.5257,0.526,0.51941,0.52253,0.51788,0.52251,0.52577,0.52208,0.52368,0.52187,0.52174,0.52264,0.52104,0.52011,0.52255,0.52296,0.51876,0.51796,0.52147,0.52084,0.52372,0.52023,0.52278,0.52286,0.52563,0.52282,0.52289,0.52597,0.5249,0.5229,0.5226,0.52491,0.52339,0.52069,0.52552,0.52744,0.52029,0.52058,0.51949,0.51853,0.52569,0.51993,0.52188,0.52761,0.52385,0.52349,0.5264,0.52425,0.52277,0.52442,0.53084,0.52797,0.5337,0.52283,0.52491,0.51966,0.52393,0.53005,0.52351,0.52902,0.52159,0.523,0.52305,0.52479,0.52781,0.52436,0.52299,0.52435,0.52729,0.52227,0.52357,0.52694,0.52027,0.52795,0.52628,0.52228,0.52947,0.53074,0.52907,0.52912,0.5339,0.52301,0.52367,0.52667,0.53013,0.52906,0.52827,0.53024,0.52489,0.52963,0.52999,0.52981,0.52828,0.52669,0.5292,0.52621,0.52706,0.52479,0.52864,0.52578,0.52666,0.52634,0.5269,0.53057,0.52835,0.52783,0.53614,0.52606,0.52865,0.52773,0.52516,0.52696,0.52951,0.53095,0.53204,0.52667,0.52666,0.52775,0.52862,0.52751,0.52744,0.52818,0.5348,0.526,0.52748,0.53009,0.52665,0.53291,0.52939,0.53627,0.53037,0.52765,0.52965,0.52889,0.53366,0.52313
Synth_Outdoor_Air_57,Clean Air,0.0,1,0.43299,0.43211,0.42806,0.43197,0.43235,0.42903,0.43298,0.43233,0.43349,0.43348,0.42477,0.43122,0.43422,0.42915,0.42953,0.43812,0.43704,0.4357,0.43397,0.42501,0.42976,0.42938,0.42931,0.42812,0.41916,0.4327,0.42948,0.43321,0.42894,0.42777,0.4269,0.42733,0.43588,0.43076,0.43689,0.43164,0.43104,0.42406,0.43146,0.42275,0.43081,0.43151,0.4318,0.42858,0.42974,0.43164,0.43065,0.42754,0.42215,0.42852,0.42875,0.42644,0.43326,0.42703,0.42936,0.42473,0.42633,0.43417,0.43174,0.42907,0.42885,0.42944,0.43267,0.42933,0.4309,0.4263,0.43028,0.43067,0.4319,0.42982,0.43081,0.42807,0.42968,0.43305,0.4268,0.42737,0.42767,0.42886,0.42355,0.43304,0.42361,0.43191,0.43037,0.43091,0.42563,0.42553,0.43255,0.42306,0.42411,0.42411,0.42972,0.43257,0.42673,0.42608,0.4294,0.42769,0.42575,0.42599,0.42226,0.42453,0.43234,0.42579,0.42466,0.42787,0.42443,0.42371,0.42797,0.42396,0.4255,0.42855,0.42466,0.42689,0.42092,0.42959,0.42925,0.42572,0.42444,0.42269,0.42286,0.42724,0.42563,0.42807,0.4291,0.42532,0.42989,0.42606,0.42518,0.42425,0.42883,0.42935,0.42523,0.43069,0.42601,0.43024,0.42288,0.42834,0.42595,0.42552,0.42163,0.4269,0.42906,0.42252,0.42266,0.42418,0.42766,0.42644,0.42532,0.42556,0.4278,0.42328,0.42579,0.42147,0.42022,0.42243,0.42356,0.42317,0.4277,0.42379,0.42668,0.42801,0.43004,0.42341,0.42261,0.42481,0.42584,0.42412,0.42755,0.42525,0.42885,0.4245,0.42216,0.42223,0.42583,0.42309,0.42338,0.42096,0.42238,0.42635,0.42431,0.42192,0.42188,0.42655,0.41931,0.41666,0.42536,0.4208,0.42571,0.42128,0.42858,0.42248,0.41728,0.4232,0.42398,0.4222,0.42342,0.41558,0.4245,0.42176,0.42337,0.42579,0.41594,0.42,0.41659,0.41914,0.42005,0.42159,0.42017,0.41943,0.42572,0.42727,0.42208,0.41741,0.42492,0.41961,0.41994,0.41997,0.41863,0.42146,0.41909,0.42207,0.42155,0.4201,0.42035,0.41848,0.42078,0.41956,0.4248,0.42157,0.42221,0.42078,0.4177,0.41911,0.42051,0.41985,0.41049,0.41836,0.42173,0.41355,0.42247,0.41717,0.4199,0.41933,0.41458,0.41856,0.41544,0.41957,0.42052,0.41739,0.41707,0.42322
Synth_Outdoor_Air_58,Clean Air,0.0,1,0.5705,0.5713,0.56833,0.57227,0.56797,0.56522,0.57399,0.5691,0.57334,0.57517,0.56947,0.57003,0.56661,0.57713,0.57159,0.56943,0.56895,0.56841,0.56869,0.57166,0.56712,0.56835,0.56602,0.57426,0.57137,0.5716,0.5754,0.56811,0.567,0.56851,0.57482,0.57568,0.57075,0.5738,0.568,0.57843,0.57216,0.5749,0.5725,0.5738,0.5758,0.57216,0.5745,0.57433,0.56738,0.56873,0.57214,0.56976,0.57026,0.5726,0.57017,0.57172,0.57082,0.57156,0.57522,0.56877,0.5712,0.57187,0.57017,0.56992,0.57562,0.57629,0.5709,0.57323,0.57223,0.56955,0.57021,0.57465,0.57248,0.57247,0.56935,0.5729,0.57136,0.56956,0.56672,0.57489,0.57548,0.56858,0.57397,0.56948,0.57156,0.56964,0.57222,0.57709,0.57377,0.57157,0.57078,0.57703,0.56909,0.57224,0.57498,0.57399,0.57395,0.57575,0.57564,0.56928,0.57016,0.56573,0.57672,0.57186,0.57495,0.57723,0.57222,0.5697,0.57051,0.5707,0.57477,0.57698,0.57538,0.57254,0.57096,0.57567,0.57187,0.56775,0.57334,0.57179,0.57294,0.57259,0.57097,0.57609,0.5743,0.57425,0.57919,0.57117,0.57801,0.56928,0.56801,0.57224,0.57587,0.57136,0.57141,0.57198,0.57325,0.57355,0.57482,0.57016,0.57134,0.57753,0.57126,0.57076,0.56989,0.57446,0.5751,0.57199,0.57384,0.57942,0.57208,0.56752,0.57516,0.57309,0.57321,0.57601,0.57805,0.56765,0.57239,0.57853,0.57575,0.57377,0.57782,0.57439,0.57669,0.57746,0.5762,0.57182,0.57416,0.573,0.57416,0.57141,0.57512,0.57414,0.57293,0.57047,0.57548,0.58008,0.57921,0.57303,0.58163,0.57729,0.57664,0.57493,0.57533,0.5746,0.57927,0.57794,0.5749,0.5769,0.57787,0.57399,0.57619,0.57585,0.57725,0.57736,0.57501,0.57029,0.57626,0.57409,0.57179,0.57162,0.57582,0.57985,0.57394,0.57482,0.57609,0.57176,0.57819,0.57759,0.57938,0.57343,0.57403,0.57547,0.58234,0.57988,0.57478,0.57154,0.56647,0.57702,0.57074,0.57294,0.58207,0.57,0.57814,0.57402,0.57708,0.57537,0.57579,0.5775,0.57156,0.5737,0.57626,0.57266,0.57941,0.5728,0.57488,0.57628,0.57745,0.57824,0.57853,0.57197,0.57575,0.56659,0.57888,0.57343,0.5765,0.57932,0.57818,0.57483,0.57324,0.57776,0.5755,0.57688
Synth_Outdoor_Air_59,Clean Air,0.0,1,0.52576,0.52856,0.53339,0.53315,0.52728,0.53483,0.53636,0.53806,0.53626,0.5337,0.52682,0.53901,0.53332,0.52858,0.53094,0.53419,0.53803,0.5337,0.53318,0.53397,0.52894,0.53516,0.53247,0.53528,0.53358,0.53514,0.53692,0.53998,0.53347,0.52807,0.53008,0.54128,0.53333,0.53738,0.53076,0.53617,0.53167,0.53155,0.53403,0.53128,0.534,0.53101,0.53597,0.53217,0.53143,0.53473,0.53966,0.53475,0.53005,0.53465,0.53169,0.53769,0.5362,0.53026,0.53974,0.53174,0.5387,0.53059,0.52862,0.53092,0.52713,0.53607,0.53574,0.53186,0.53638,0.5334,0.53693,0.53978,0.53442,0.53164,0.53603,0.5379,0.53619,0.54112,0.53404,0.5333,0.53625,0.5331,0.53779,0.53385,0.53646,0.54198,0.53504,0.53459,0.53724,0.53306,0.53464,0.53498,0.53896,0.53763,0.53293,0.53683,0.53498,0.53274,0.54059,0.53525,0.53999,0.5373,0.5347,0.53771,0.53626,0.53265,0.53579,0.53582,0.54215,0.53471,0.53692,0.53832,0.53663,0.53886,0.53254,0.53939,0.53866,0.54241,0.53765,0.53952,0.53613,0.53675,0.5422,0.54086,0.53625,0.53005,0.53736,0.53739,0.54015,0.54018,0.53994,0.54045,0.53822,0.5329,0.5388,0.54336,0.5384,0.53848,0.53831,0.54129,0.53287,0.53765,0.53867,0.54231,0.53783,0.53269,0.54203,0.53847,0.53658,0.5384,0.54339,0.54157,0.5388,0.5419,0.53837,0.53975,0.54079,0.53452,0.53916,0.53885,0.5415,0.54046,0.53891,0.53694,0.54096,0.54153,0.54342,0.53824,0.54,0.54073,0.53778,0.54167,0.5359,0.53636,0.54577,0.54023,0.53923,0.54643,0.53688,0.53905,0.53778,0.54202,0.54249,0.53912,0.54343,0.54083,0.54568,0.53914,0.5423,0.53969,0.54896,0.54095,0.5424,0.54544,0.54309,0.5429,0.54419,0.54276,0.54117,0.54457,0.54242,0.54301,0.54436,0.53844,0.5445,0.54419,0.54421,0.54109,0.54002,0.54198,0.54122,0.54453,0.53817,0.54039,0.54505,0.54171,0.54548,0.54097,0.54316,0.54188,0.54146,0.54521,0.54444,0.53908,0.54841,0.54577,0.53866,0.54238,0.54573,0.54513,0.54171,0.54615,0.54568,0.54345,0.55017,0.54471,0.54459,0.54877,0.54843,0.54093,0.54749,0.54207,0.54765,0.54468,0.542,0.54417,0.54343,0.5413,0.54424,0.54813,0.54169,0.5458,0.54862,0.54351
Synth_Outdoor_Air_60,Clean Air,0.0,1,0.60704,0.60422,0.60964,0.61099,0.61286,0.60769,0.6024,0.60167,0.60961,0.60564,0.60953,0.60885,0.60751,0.60779,0.60558,0.60806,0.60963,0.60886,0.60908,0.61012,0.61293,0.61113,0.61283,0.61362,0.61079,0.60972,0.61183,0.61176,0.60802,0.60924,0.61475,0.60769,0.61135,0.61229,0.60821,0.60997,0.61359,0.61618,0.61214,0.61153,0.61165,0.61397,0.61247,0.60608,0.61527,0.6095,0.61152,0.60875,0.61216,0.6072,0.61096,0.61451,0.60974,0.61142,0.61393,0.61007,0.612,0.6146,0.61117,0.61278,0.6086,0.61507,0.61268,0.61471,0.6186,0.6092,0.61273,0.60852,0.62291,0.61504,0.61421,0.60912,0.61486,0.61714,0.61255,0.61137,0.61182,0.60689,0.61232,0.61646,0.61356,0.61275,0.61395,0.61308,0.61235,0.61391,0.62435,0.6121,0.61688,0.62077,0.6175,0.61239,0.6137,0.6164,0.61333,0.61561,0.61547,0.61584,0.61252,0.6135,0.61485,0.61975,0.61668,0.61456,0.61471,0.61679,0.62225,0.61302,0.61604,0.61708,0.61761,0.61677,0.61537,0.61343,0.61442,0.61855,0.618,0.61713,0.61997,0.61571,0.61745,0.61783,0.61555,0.62399,0.62064,0.61823,0.6199,0.61641,0.62329,0.61423,0.62024,0.61453,0.6142,0.61758,0.61464,0.61744,0.61486,0.61792,0.61223,0.62429,0.61793,0.61885,0.61854,0.61897,0.62102,0.61799,0.6212,0.62436,0.62332,0.61914,0.61956,0.61819,0.62384,0.62155,0.62001,0.6189,0.61973,0.61946,0.61956,0.62247,0.61611,0.61476,0.62268,0.61751,0.61772,0.61957,0.61941,0.6264,0.62266,0.62112,0.62223,0.62471,0.61612,0.6201,0.6192,0.62434,0.62448,0.62157,0.62517,0.61549,0.62094,0.61919,0.62189,0.62377,0.62108,0.62301,0.61947,0.61605,0.62291,0.62443,0.61859,0.62694,0.622,0.61979,0.61966,0.62185,0.61994,0.61866,0.61866,0.62144,0.62343,0.6238,0.61938,0.6248,0.62397,0.6256,0.62367,0.62281,0.62207,0.62437,0.6249,0.61935,0.62289,0.6196,0.6297,0.62216,0.62729,0.62562,0.62702,0.62274,0.62361,0.62488,0.62813,0.62786,0.62362,0.62314,0.61808,0.62598,0.62579,0.62922,0.62756,0.62171,0.62129,0.62935,0.62116,0.62376,0.62493,0.62681,0.6261,0.62604,0.62147,0.62666,0.61854,0.62877,0.62611,0.6189,0.62078,0.62331,0.6292,0.62845
Synth_Outdoor_H2S_1,H2S,1.0,1,0.50293,0.50868,0.50837,0.51092,0.51019,0.51883,0.51936,0.52406,0.53191,0.53791,0.54614,0.55112,0.56584,0.57565,0.57804,0.59605,0.60284,0.61872,0.6285,0.64107,0.653,0.66901,0.67535,0.69225,0.70549,0.7162,0.73149,0.73515,0.74911,0.75619,0.76866,0.77407,0.78108,0.79277,0.79534,0.79959,0.80796,0.81645,0.82356,0.82509,0.83243,0.82967,0.83559,0.83925,0.84276,0.84605,0.85014,0.8496,0.85303,0.85424,0.85341,0.85656,0.8574,0.85812,0.85926,0.85988,0.85895,0.86344,0.85742,0.85848,0.86701,0.85713,0.85592,0.86068,0.85326,0.85753,0.86316,0.85354,0.85205,0.85269,0.85803,0.85793,0.85319,0.85551,0.8566,0.85687,0.85109,0.84509,0.84798,0.84823,0.8479,0.8475,0.85027,0.85022,0.84616,0.84879,0.84633,0.84492,0.84628,0.84345,0.84771,0.83837,0.84023,0.84075,0.8417,0.84332,0.83955,0.83539,0.84039,0.83951,0.83216,0.83635,0.83178,0.83351,0.83231,0.83598,0.83364,0.82947,0.83425,0.82785,0.8317,0.82825,0.82881,0.83033,0.8297,0.83104,0.82683,0.82723,0.82489,0.82599,0.82627,0.82431,0.82212,0.82871,0.82491,0.81123,0.79139,0.774,0.74403,0.71525,0.69176,0.67509,0.66505,0.64853,0.63473,0.6266,0.61366,0.61088,0.60279,0.5913,0.58461,0.57395,0.57164,0.56729,0.56673,0.56171,0.55563,0.55507,0.55406,0.55141,0.54289,0.54503,0.53981,0.54359,0.54151,0.53567,0.53449,0.53385,0.52808,0.53332,0.53067,0.53271,0.52656,0.52688,0.52385,0.52431,0.52314,0.5279,0.52301,0.52445,0.52262,0.51986,0.52212,0.52355,0.51859,0.52322,0.51867,0.51923,0.52142,0.51812,0.51959,0.51842,0.51926,0.51273,0.51386,0.51975,0.52058,0.5155,0.51695,0.51811,0.51895,0.51199,0.51469,0.51593,0.51838,0.52275,0.51581,0.51276,0.51718,0.51936,0.51622,0.51357,0.51813,0.51734,0.51304,0.51649,0.51796,0.51838,0.5152,0.51442,0.51833,0.51219,0.51625,0.51168,0.51771,0.51437,0.51813,0.51617,0.51185,0.51844,0.51874,0.51706,0.51292,0.51405,0.51515,0.513,0.51898,0.51511,0.50797,0.5156,0.51388,0.51458,0.51383,0.51675,0.51754,0.51543,0.51386,0.51462,0.51477,0.51272,0.51617,0.51587,0.5186,0.51792,0.5131,0.5169,0.5125,0.51663,0.5136,0.51234
Synth_Outdoor_H2S_2,H2S,1.0,1,0.49208,0.49732,0.49984,0.50114,0.50112,0.5066,0.51371,0.51891,0.52278,0.53174,0.53652,0.54103,0.55018,0.55595,0.56834,0.58107,0.59017,0.60253,0.60914,0.6244,0.63183,0.64738,0.65508,0.66829,0.68141,0.68817,0.6998,0.7126,0.71863,0.72464,0.74175,0.74313,0.75209,0.76159,0.76381,0.769,0.77785,0.77792,0.78633,0.79182,0.79429,0.79453,0.8055,0.80458,0.81041,0.8084,0.80877,0.81339,0.81378,0.81279,0.82068,0.81654,0.81435,0.82291,0.81886,0.81902,0.8164,0.82525,0.81769,0.82101,0.82307,0.8218,0.82065,0.81662,0.81883,0.82116,0.81841,0.82045,0.82111,0.82121,0.81513,0.8231,0.81898,0.81655,0.81875,0.82142,0.81128,0.81362,0.80749,0.81308,0.81268,0.81084,0.80848,0.80415,0.80932,0.8112,0.80528,0.80713,0.80153,0.80615,0.80366,0.8023,0.80182,0.80218,0.80348,0.79858,0.80023,0.80041,0.79701,0.8035,0.79621,0.79609,0.79485,0.8014,0.79792,0.79371,0.79831,0.79556,0.7952,0.79326,0.79184,0.79417,0.79152,0.79694,0.78871,0.79521,0.79062,0.79113,0.79193,0.78777,0.79101,0.78147,0.78826,0.78883,0.78431,0.77649,0.76083,0.73903,0.71231,0.68503,0.66795,0.65116,0.63898,0.62599,0.61295,0.60065,0.59236,0.58463,0.57806,0.57309,0.56841,0.56122,0.5566,0.55255,0.54695,0.54232,0.53694,0.5366,0.53678,0.53132,0.53016,0.52978,0.52797,0.52216,0.52566,0.52443,0.51735,0.51677,0.52057,0.51609,0.50986,0.51089,0.51282,0.50967,0.51071,0.51105,0.51391,0.50888,0.51168,0.51198,0.51144,0.50807,0.50197,0.50757,0.50858,0.50534,0.50949,0.50688,0.5058,0.50678,0.50462,0.49726,0.50197,0.50593,0.50063,0.50181,0.49952,0.50636,0.5059,0.49929,0.50167,0.49942,0.50247,0.50202,0.50259,0.50122,0.50758,0.49753,0.49568,0.49886,0.4958,0.49587,0.49695,0.49702,0.49682,0.50038,0.4977,0.49844,0.50103,0.49679,0.49796,0.49946,0.49361,0.49243,0.4992,0.49949,0.50334,0.49852,0.50012,0.49754,0.49871,0.50208,0.49256,0.49883,0.50308,0.49838,0.50174,0.49597,0.4974,0.49754,0.49187,0.49443,0.49458,0.49932,0.49939,0.49799,0.49921,0.49672,0.50009,0.49708,0.49719,0.49635,0.49869,0.49589,0.49936,0.49407,0.49414,0.4986,0.49666,0.49575
Synth_Outdoor_H2S_3,H2S,1.0,1,0.45072,0.45611,0.45846,0.46114,0.45971,0.46731,0.46625,0.47136,0.47339,0.48979,0.49046,0.50001,0.50646,0.51956,0.52662,0.53462,0.54979,0.55632,0.56934,0.57792,0.59151,0.60739,0.61383,0.62667,0.64174,0.65139,0.66838,0.67824,0.68132,0.69421,0.7035,0.70841,0.71391,0.72488,0.73127,0.73691,0.74499,0.74743,0.75142,0.75923,0.76431,0.76448,0.77349,0.77019,0.77639,0.78007,0.78172,0.78424,0.79236,0.78727,0.79695,0.79317,0.79343,0.7953,0.80118,0.79298,0.79306,0.79415,0.79615,0.79171,0.79599,0.79989,0.79578,0.79452,0.79354,0.79713,0.79256,0.79889,0.7985,0.79348,0.79196,0.79374,0.79312,0.7876,0.78755,0.78496,0.78883,0.78922,0.78411,0.78631,0.78403,0.78491,0.78823,0.78472,0.78552,0.78197,0.78618,0.78523,0.78301,0.78362,0.78364,0.78014,0.7774,0.78444,0.77712,0.77741,0.77917,0.78442,0.7715,0.77491,0.77132,0.77118,0.77033,0.76908,0.77154,0.76759,0.77314,0.77028,0.77048,0.76755,0.76712,0.7681,0.76385,0.76527,0.76338,0.76262,0.7589,0.76693,0.76132,0.76538,0.76462,0.75808,0.76049,0.77071,0.76489,0.74983,0.73294,0.70743,0.68365,0.65484,0.6311,0.61598,0.60449,0.5885,0.57954,0.56669,0.55819,0.55401,0.54504,0.53768,0.53386,0.52739,0.52484,0.51558,0.51156,0.50564,0.50441,0.50479,0.50281,0.49936,0.49009,0.49511,0.48579,0.49077,0.48589,0.48699,0.48045,0.48537,0.47753,0.47836,0.47645,0.47354,0.47724,0.48063,0.48196,0.47479,0.47665,0.47378,0.47385,0.47117,0.47199,0.47234,0.46907,0.46987,0.46951,0.47133,0.46625,0.46842,0.473,0.47083,0.47103,0.46746,0.46796,0.46944,0.47062,0.46159,0.46297,0.46935,0.46522,0.46405,0.46242,0.46402,0.46175,0.47033,0.46493,0.46472,0.46624,0.46706,0.46692,0.46714,0.46278,0.46352,0.46611,0.46277,0.46402,0.46497,0.46589,0.45944,0.46561,0.4632,0.46549,0.46562,0.46767,0.46701,0.46697,0.46719,0.46428,0.4636,0.46569,0.46532,0.4627,0.46448,0.4634,0.46133,0.4667,0.46358,0.46854,0.45934,0.46199,0.46347,0.46625,0.46441,0.4642,0.4606,0.46055,0.46427,0.46008,0.46216,0.46475,0.46103,0.46751,0.46656,0.45959,0.4612,0.45786,0.46162,0.46552,0.4626,0.46483,0.45991
Synth_Outdoor_H2S_4,H2S,1.0,1,0.44612,0.44727,0.44631,0.44918,0.45764,0.45996,0.46586,0.46896,0.47408,0.47566,0.48623,0.49445,0.50769,0.51343,0.52506,0.53278,0.54009,0.55319,0.56491,0.57373,0.58702,0.5994,0.61575,0.61816,0.6377,0.64332,0.65287,0.66952,0.67823,0.68889,0.6966,0.70809,0.71216,0.7177,0.7258,0.73444,0.73523,0.74088,0.7466,0.74649,0.75609,0.75473,0.76299,0.76822,0.76778,0.77577,0.77025,0.77887,0.77929,0.77478,0.7871,0.78126,0.78022,0.7798,0.78353,0.78437,0.7854,0.78471,0.7872,0.78464,0.7807,0.78505,0.7793,0.7859,0.78246,0.78531,0.78822,0.78251,0.78734,0.78324,0.78814,0.78228,0.78057,0.78383,0.7805,0.77897,0.77939,0.78008,0.78317,0.77463,0.77901,0.77973,0.7777,0.77941,0.77482,0.77345,0.77435,0.77214,0.76995,0.77131,0.7675,0.76674,0.76612,0.77011,0.75811,0.76674,0.76555,0.76102,0.76571,0.76578,0.76567,0.75714,0.76671,0.76097,0.76404,0.76364,0.7591,0.76252,0.75954,0.75502,0.76286,0.75778,0.75731,0.75811,0.75945,0.75837,0.75961,0.75461,0.75582,0.75706,0.76172,0.75614,0.76113,0.75971,0.75471,0.74477,0.72744,0.70614,0.68172,0.65329,0.63495,0.61268,0.59925,0.58536,0.57631,0.56426,0.5577,0.54524,0.5402,0.53509,0.52217,0.52715,0.51619,0.50733,0.50867,0.50462,0.50092,0.50048,0.49703,0.49328,0.49127,0.48768,0.49037,0.48039,0.48273,0.48097,0.48139,0.4759,0.4724,0.47599,0.47523,0.47725,0.4694,0.47459,0.47681,0.46921,0.46621,0.46777,0.46822,0.46905,0.46562,0.47047,0.46332,0.46131,0.46798,0.45914,0.46394,0.47191,0.46374,0.46068,0.46304,0.46279,0.46305,0.46408,0.45959,0.46621,0.46239,0.46342,0.45984,0.46444,0.46042,0.46159,0.45842,0.45814,0.46223,0.4593,0.45815,0.45858,0.46183,0.4584,0.45959,0.45986,0.45496,0.45601,0.46047,0.45772,0.46213,0.46186,0.46118,0.46391,0.45912,0.46091,0.45778,0.46532,0.46412,0.45915,0.46005,0.46248,0.45869,0.45742,0.46125,0.45926,0.4595,0.45694,0.45471,0.4596,0.46126,0.45843,0.4626,0.45725,0.45636,0.45885,0.45883,0.46099,0.45715,0.46251,0.46402,0.459,0.46223,0.45648,0.46183,0.46177,0.46136,0.45917,0.45184,0.45765,0.4577,0.45683,0.45959,0.45824
Synth_Outdoor_H2S_5,H2S,1.0,1,0.4352,0.44121,0.43878,0.44178,0.44516,0.45102,0.45572,0.45196,0.4678,0.47519,0.47603,0.48406,0.49391,0.50238,0.5147,0.51966,0.53263,0.55062,0.55616,0.57361,0.58358,0.59041,0.60872,0.61888,0.62986,0.64309,0.65472,0.66589,0.67712,0.68467,0.6892,0.69993,0.71648,0.71852,0.72971,0.7339,0.73722,0.74306,0.74745,0.74793,0.75669,0.76367,0.76273,0.76848,0.77251,0.77073,0.77419,0.77478,0.77703,0.77741,0.77973,0.78667,0.78183,0.78537,0.78461,0.78943,0.79017,0.78938,0.78824,0.78702,0.78466,0.79249,0.78546,0.78849,0.78885,0.78413,0.78736,0.78586,0.78753,0.78145,0.77894,0.78064,0.78246,0.78221,0.78113,0.77724,0.78292,0.78623,0.78197,0.78172,0.78106,0.78005,0.78078,0.77884,0.77641,0.77445,0.77513,0.77579,0.77359,0.77452,0.77418,0.77448,0.77486,0.7711,0.76694,0.76861,0.76889,0.76344,0.77074,0.76685,0.76667,0.76843,0.76281,0.76518,0.76279,0.76183,0.75959,0.76496,0.75914,0.76118,0.75414,0.76115,0.76013,0.757,0.75547,0.75636,0.7604,0.74959,0.75529,0.75042,0.75206,0.75067,0.75192,0.75367,0.74634,0.74007,0.71413,0.69532,0.66542,0.63614,0.61819,0.59611,0.58458,0.56719,0.55972,0.54542,0.53687,0.53005,0.5196,0.51436,0.50438,0.50401,0.50161,0.49945,0.48837,0.48619,0.47619,0.48112,0.4763,0.47038,0.47212,0.46605,0.46339,0.46372,0.45802,0.46152,0.45474,0.45326,0.45224,0.45516,0.45054,0.4476,0.44842,0.44887,0.44509,0.4443,0.45168,0.4435,0.44412,0.44334,0.44257,0.44456,0.44482,0.44113,0.43831,0.4441,0.44019,0.44432,0.43397,0.43969,0.44363,0.43759,0.43757,0.43854,0.43607,0.43641,0.43605,0.43506,0.43943,0.43725,0.43649,0.43765,0.43475,0.43328,0.43349,0.43479,0.43193,0.43313,0.43292,0.43935,0.42696,0.43328,0.43789,0.43372,0.43514,0.43333,0.43126,0.42719,0.43318,0.43059,0.4304,0.43104,0.43651,0.43803,0.43246,0.43063,0.42874,0.43272,0.43591,0.43072,0.42529,0.43282,0.43351,0.427,0.43132,0.43193,0.43054,0.42865,0.4331,0.42946,0.42666,0.42518,0.43339,0.43173,0.43034,0.42894,0.42865,0.42719,0.42873,0.42443,0.42782,0.42882,0.43107,0.42939,0.43142,0.43274,0.43196,0.43043,0.42922,0.4267
Synth_Outdoor_H2S_6,H2S,1.0,1,0.59484,0.60013,0.59347,0.59694,0.6051,0.60737,0.61429,0.61588,0.6193,0.62715,0.63073,0.63926,0.65265,0.66118,0.66931,0.67409,0.68793,0.69658,0.71375,0.72072,0.731,0.74538,0.75524,0.77194,0.7775,0.78666,0.79525,0.81065,0.81911,0.82646,0.84207,0.84936,0.85575,0.86676,0.87182,0.87435,0.8797,0.88984,0.89383,0.89807,0.9,0.90755,0.90763,0.91251,0.91949,0.91708,0.91758,0.9216,0.92923,0.9295,0.93033,0.93088,0.93462,0.93232,0.93604,0.93407,0.93417,0.93517,0.93605,0.93697,0.93769,0.92774,0.93464,0.93528,0.93959,0.93271,0.93536,0.9382,0.93067,0.93432,0.93066,0.93073,0.92935,0.92886,0.93672,0.93122,0.93103,0.92865,0.92256,0.92677,0.9277,0.92211,0.92584,0.92442,0.92649,0.92,0.91722,0.91778,0.92091,0.9113,0.9093,0.9135,0.91106,0.91122,0.91261,0.90797,0.90382,0.91271,0.90423,0.90319,0.90767,0.90309,0.90318,0.9039,0.90483,0.9008,0.90507,0.89558,0.9025,0.89819,0.90342,0.90007,0.89775,0.90079,0.90107,0.90011,0.89559,0.89663,0.89752,0.8972,0.89894,0.89165,0.89963,0.89932,0.89431,0.88403,0.86785,0.83621,0.81716,0.79093,0.77411,0.75397,0.74075,0.73213,0.71924,0.70873,0.69604,0.69039,0.68102,0.6744,0.66987,0.66188,0.66216,0.65353,0.65139,0.64975,0.64528,0.63606,0.63786,0.63626,0.63398,0.62675,0.62585,0.6281,0.62196,0.62153,0.62475,0.61932,0.61636,0.61481,0.61674,0.61152,0.61326,0.6138,0.61537,0.613,0.60883,0.6129,0.6086,0.60567,0.60776,0.61123,0.60754,0.60664,0.61025,0.60214,0.60212,0.60092,0.60556,0.60471,0.60786,0.60429,0.60239,0.60309,0.60311,0.59839,0.60913,0.60343,0.60247,0.60328,0.60332,0.60099,0.59958,0.60251,0.60181,0.59866,0.60408,0.60112,0.60208,0.6036,0.60005,0.60071,0.60184,0.59789,0.59974,0.59982,0.59703,0.60511,0.59571,0.59592,0.60238,0.60078,0.59635,0.60037,0.60243,0.5986,0.60512,0.59427,0.60026,0.60138,0.60066,0.59788,0.59761,0.5994,0.60029,0.59974,0.60079,0.59561,0.59755,0.59572,0.59709,0.60054,0.59824,0.60446,0.59838,0.59801,0.59809,0.59622,0.59766,0.60061,0.59808,0.5958,0.59545,0.59662,0.59789,0.60067,0.59432,0.59687,0.59803,0.59309
Synth_Outdoor_H2S_7,H2S,1.0,1,0.44019,0.444,0.44504,0.44655,0.45208,0.45897,0.46297,0.4589,0.47066,0.47498,0.48271,0.48886,0.49835,0.50729,0.51493,0.52415,0.5358,0.54845,0.56069,0.57288,0.58124,0.595,0.60846,0.62061,0.62896,0.63965,0.65139,0.6583,0.67043,0.68198,0.69034,0.69619,0.70502,0.70955,0.72009,0.72442,0.72981,0.73505,0.7408,0.74443,0.75139,0.75255,0.76099,0.76378,0.76073,0.7657,0.76625,0.76922,0.77699,0.77291,0.77604,0.77773,0.77493,0.77619,0.77608,0.77751,0.77302,0.78177,0.78564,0.78087,0.77682,0.77855,0.77873,0.77706,0.78148,0.78114,0.77608,0.78064,0.78241,0.78301,0.78492,0.77492,0.78357,0.7749,0.77357,0.77512,0.77209,0.77388,0.76898,0.77116,0.77436,0.77025,0.76992,0.7699,0.7708,0.76296,0.76777,0.76483,0.765,0.76632,0.7599,0.75975,0.75699,0.76003,0.76422,0.76001,0.75621,0.75762,0.75458,0.75498,0.75832,0.75388,0.75886,0.75498,0.75432,0.75255,0.75469,0.75432,0.75285,0.75313,0.75078,0.75206,0.74918,0.74938,0.74807,0.74687,0.74547,0.74758,0.74894,0.74783,0.74102,0.74658,0.74443,0.74789,0.74044,0.73247,0.71527,0.68733,0.66588,0.64144,0.6169,0.60362,0.58467,0.57393,0.55439,0.55539,0.54359,0.53063,0.51875,0.51749,0.50691,0.50597,0.50077,0.49271,0.4936,0.48896,0.48584,0.48018,0.47364,0.47688,0.47126,0.46612,0.47081,0.47071,0.46352,0.46731,0.46056,0.45792,0.45592,0.46032,0.4531,0.45579,0.4515,0.45076,0.45357,0.44918,0.44828,0.45138,0.45183,0.44879,0.44491,0.44467,0.44557,0.44561,0.4418,0.44559,0.44353,0.43859,0.44013,0.44078,0.44146,0.44598,0.44149,0.43845,0.44078,0.43903,0.4404,0.44074,0.44205,0.43869,0.44258,0.44051,0.43623,0.4433,0.43837,0.43525,0.44127,0.44213,0.43665,0.43529,0.43592,0.43795,0.43918,0.43722,0.43589,0.4392,0.43451,0.43772,0.43428,0.43592,0.43443,0.43444,0.43349,0.43765,0.43234,0.43219,0.43922,0.43622,0.42769,0.43212,0.42888,0.43094,0.42537,0.43278,0.43019,0.43308,0.42875,0.43289,0.43155,0.43624,0.43593,0.43429,0.43142,0.4371,0.42816,0.42844,0.43167,0.43743,0.43123,0.43119,0.42796,0.43386,0.4338,0.43329,0.42965,0.42937,0.42783,0.43122,0.42826,0.42797
Synth_Outdoor_H2S_8,H2S,1.0,1,0.40453,0.40837,0.4093,0.41086,0.41508,0.41574,0.42264,0.42751,0.42877,0.44112,0.44326,0.45316,0.46398,0.47214,0.47926,0.48812,0.50169,0.51171,0.51953,0.53036,0.5386,0.5557,0.56659,0.58095,0.58999,0.6031,0.60825,0.62259,0.62779,0.6401,0.64327,0.65594,0.65848,0.6705,0.67945,0.68367,0.68848,0.69885,0.70167,0.70548,0.71123,0.72179,0.72181,0.72526,0.72652,0.7286,0.72456,0.73085,0.73304,0.73099,0.734,0.73297,0.73868,0.74156,0.74281,0.74139,0.73807,0.73561,0.73585,0.73674,0.73725,0.73863,0.73603,0.73893,0.73698,0.73703,0.73923,0.73274,0.73597,0.73411,0.7325,0.73474,0.73394,0.72862,0.72974,0.73009,0.72786,0.72915,0.72749,0.73051,0.72125,0.72392,0.72108,0.72396,0.71749,0.72152,0.71823,0.71715,0.71449,0.71605,0.71903,0.7153,0.71606,0.71787,0.71364,0.71091,0.71277,0.70957,0.70898,0.70566,0.711,0.70694,0.70756,0.70379,0.70682,0.70321,0.70417,0.70614,0.70532,0.70266,0.69763,0.70889,0.70514,0.70189,0.6975,0.69844,0.69675,0.70073,0.69771,0.6946,0.69489,0.69818,0.70118,0.70199,0.6962,0.68301,0.65797,0.64371,0.61683,0.59162,0.57135,0.55139,0.5416,0.52894,0.51769,0.50819,0.49826,0.48759,0.48115,0.475,0.46909,0.46597,0.46025,0.45941,0.45572,0.44671,0.43359,0.44321,0.43593,0.43269,0.43132,0.42903,0.42965,0.42235,0.42186,0.42385,0.42306,0.42171,0.41684,0.41517,0.41522,0.41603,0.41818,0.40844,0.41214,0.40857,0.40702,0.41285,0.41114,0.41025,0.41082,0.40673,0.40632,0.41236,0.40579,0.40779,0.40555,0.4005,0.39964,0.40293,0.40665,0.4056,0.40557,0.40049,0.40667,0.39995,0.40262,0.40178,0.40111,0.40465,0.39929,0.39743,0.40062,0.39936,0.4086,0.40164,0.39874,0.39694,0.39468,0.39662,0.39927,0.40238,0.40149,0.3991,0.39757,0.39889,0.39679,0.40223,0.39731,0.39742,0.39198,0.39688,0.39934,0.39447,0.39516,0.3989,0.3931,0.39931,0.39522,0.39546,0.39351,0.39717,0.40226,0.39795,0.39373,0.39865,0.39493,0.39909,0.39758,0.38812,0.39287,0.39765,0.39556,0.39251,0.39338,0.39011,0.39455,0.4002,0.39662,0.40003,0.39671,0.39703,0.39934,0.39531,0.39385,0.39685,0.39785,0.39297,0.39232,0.39442
Synth_Outdoor_H2S_9,H2S,1.0,1,0.66432,0.66538,0.66153,0.67214,0.6686,0.67294,0.67529,0.68882,0.68784,0.69091,0.7017,0.70864,0.71408,0.72512,0.73004,0.74047,0.74677,0.75897,0.77761,0.78827,0.79552,0.81075,0.81735,0.82812,0.83957,0.84944,0.85914,0.87198,0.87848,0.88837,0.89714,0.903,0.90657,0.91207,0.92185,0.92666,0.93252,0.93708,0.94799,0.94225,0.94432,0.95347,0.95473,0.95917,0.96222,0.96609,0.96097,0.96496,0.96881,0.97083,0.97533,0.97299,0.97107,0.96949,0.97072,0.97098,0.9743,0.97336,0.9693,0.97131,0.97429,0.97256,0.97264,0.97169,0.97425,0.9702,0.96805,0.96614,0.96848,0.96113,0.96612,0.96534,0.96171,0.96208,0.96562,0.9634,0.96234,0.96208,0.96079,0.96291,0.9594,0.95476,0.96174,0.95789,0.95474,0.95225,0.95554,0.95345,0.95688,0.95135,0.94938,0.95302,0.95241,0.94985,0.9505,0.9481,0.9481,0.94974,0.94763,0.94492,0.94804,0.93813,0.94861,0.93864,0.94078,0.94172,0.94091,0.94324,0.93749,0.94018,0.93744,0.939,0.93749,0.93734,0.93525,0.93486,0.93636,0.93749,0.93313,0.93194,0.93511,0.93285,0.93678,0.93338,0.92752,0.92047,0.90318,0.88287,0.85661,0.83578,0.81416,0.79954,0.78579,0.77369,0.7623,0.75399,0.74212,0.73991,0.72889,0.71995,0.71805,0.71034,0.70949,0.70914,0.69785,0.69718,0.68879,0.69139,0.68535,0.68352,0.68006,0.68253,0.68129,0.67704,0.67317,0.67777,0.67049,0.66565,0.67097,0.6659,0.67006,0.66561,0.66714,0.66823,0.66085,0.66168,0.66215,0.6655,0.65936,0.65889,0.66096,0.65773,0.65902,0.65424,0.66318,0.65382,0.65594,0.65625,0.66071,0.65223,0.66013,0.65668,0.65549,0.65163,0.65518,0.65164,0.65634,0.65046,0.65233,0.65095,0.64961,0.65369,0.65292,0.65437,0.64667,0.65355,0.65695,0.64935,0.655,0.64941,0.64644,0.64892,0.65211,0.6472,0.64762,0.65044,0.64881,0.6501,0.64909,0.64954,0.64709,0.64858,0.64552,0.65089,0.64595,0.65019,0.64665,0.64759,0.64571,0.64427,0.64231,0.64391,0.64562,0.64684,0.64872,0.64495,0.64375,0.64221,0.6469,0.64904,0.64862,0.64711,0.6468,0.64934,0.64586,0.64655,0.64406,0.64134,0.64293,0.64449,0.64456,0.64911,0.64439,0.64702,0.64288,0.64307,0.64043,0.64182,0.64492,0.64357
Synth_Outdoor_H2S_10,H2S,1.0,1,0.55035,0.558,0.55443,0.56026,0.55969,0.56645,0.57158,0.57506,0.57464,0.58729,0.59783,0.60432,0.61312,0.61741,0.63029,0.64414,0.65569,0.66972,0.67872,0.69278,0.70465,0.71501,0.72463,0.74393,0.75557,0.76549,0.77441,0.79093,0.79904,0.81082,0.82321,0.82175,0.83343,0.84226,0.85353,0.85241,0.86747,0.86857,0.87312,0.87755,0.88128,0.88901,0.88736,0.89419,0.89533,0.89698,0.9076,0.90413,0.90634,0.90918,0.90412,0.91319,0.90348,0.90859,0.90995,0.91291,0.9122,0.91139,0.91185,0.90947,0.90818,0.91368,0.91344,0.91531,0.90893,0.91209,0.90906,0.91222,0.91129,0.90868,0.90666,0.90925,0.90781,0.90377,0.90147,0.9034,0.90726,0.90564,0.89922,0.89829,0.90363,0.89684,0.90021,0.89663,0.90154,0.8949,0.89902,0.89601,0.89562,0.8895,0.88832,0.89263,0.89316,0.88904,0.8885,0.892,0.89142,0.88911,0.89089,0.88551,0.88702,0.89148,0.88698,0.88654,0.89146,0.88175,0.88679,0.88855,0.88315,0.88568,0.88061,0.88086,0.88312,0.88379,0.88421,0.88506,0.88073,0.8836,0.87937,0.88205,0.87985,0.87981,0.88188,0.87813,0.87543,0.86723,0.84398,0.8254,0.79723,0.76817,0.74278,0.73112,0.71709,0.69853,0.68721,0.67555,0.66667,0.65637,0.64881,0.64414,0.64143,0.62635,0.62442,0.61706,0.61975,0.61046,0.60483,0.60682,0.60665,0.60128,0.59766,0.59593,0.59638,0.58876,0.58891,0.58644,0.58318,0.58393,0.58626,0.58374,0.58284,0.58057,0.58055,0.57636,0.57678,0.57727,0.57677,0.57621,0.57444,0.57329,0.58159,0.57549,0.5738,0.57175,0.57079,0.57119,0.57189,0.56613,0.56658,0.56862,0.57044,0.56906,0.57311,0.56547,0.5671,0.57258,0.56891,0.5706,0.57335,0.56633,0.56767,0.56712,0.56279,0.56677,0.56963,0.56867,0.56878,0.56621,0.56541,0.57015,0.56565,0.56756,0.56716,0.57033,0.56906,0.56337,0.56358,0.56795,0.56631,0.5653,0.56895,0.56685,0.56651,0.5683,0.56538,0.57021,0.56429,0.5679,0.56986,0.56283,0.56542,0.5691,0.5691,0.56577,0.56437,0.56863,0.56924,0.56338,0.5633,0.56689,0.5679,0.56559,0.56805,0.56457,0.56107,0.56531,0.56655,0.56576,0.5636,0.56202,0.5653,0.56884,0.56973,0.56958,0.56459,0.56377,0.56793,0.5683,0.56777,0.5618
Synth_Outdoor_H2S_11,H2S,1.0,1,0.36942,0.37264,0.3756,0.37852,0.37972,0.38347,0.38669,0.39262,0.39675,0.40184,0.40738,0.41525,0.42391,0.43163,0.4408,0.45262,0.45983,0.46785,0.48228,0.48747,0.49913,0.51363,0.52498,0.5313,0.54395,0.55353,0.56354,0.57643,0.58465,0.59114,0.59764,0.60295,0.61673,0.62108,0.62382,0.63294,0.63606,0.64023,0.64636,0.64734,0.65193,0.6564,0.65789,0.66351,0.66891,0.66451,0.6641,0.66488,0.67093,0.67087,0.67416,0.67491,0.67143,0.67163,0.67742,0.67735,0.6761,0.67305,0.67829,0.68012,0.67746,0.67444,0.67636,0.67251,0.67822,0.67537,0.67023,0.67334,0.67467,0.67209,0.6716,0.66861,0.67242,0.66869,0.66424,0.66806,0.67079,0.66674,0.67139,0.66744,0.66653,0.66471,0.66419,0.663,0.66213,0.66348,0.65907,0.65798,0.65726,0.66461,0.66026,0.65912,0.65509,0.65865,0.65614,0.65631,0.65269,0.65484,0.65274,0.65122,0.65434,0.64805,0.65271,0.65244,0.64794,0.64748,0.64847,0.64928,0.6478,0.64886,0.65172,0.6455,0.64185,0.64754,0.64909,0.64535,0.64123,0.64327,0.64043,0.64443,0.63898,0.641,0.641,0.64483,0.64009,0.63164,0.61495,0.59086,0.57041,0.54476,0.52354,0.5161,0.49809,0.48454,0.47783,0.46943,0.45599,0.44966,0.43947,0.43544,0.42976,0.42571,0.42154,0.41797,0.41342,0.40639,0.40394,0.40207,0.40009,0.40102,0.39326,0.3932,0.3946,0.38972,0.39001,0.38702,0.38662,0.38413,0.38515,0.37849,0.38042,0.38111,0.38079,0.38233,0.37682,0.38073,0.37468,0.379,0.37711,0.37221,0.37472,0.37328,0.37446,0.37184,0.37117,0.37492,0.37084,0.37278,0.3698,0.37418,0.36797,0.36781,0.37283,0.36758,0.3724,0.37033,0.36746,0.36306,0.3673,0.36738,0.36979,0.37061,0.3647,0.3682,0.36793,0.36851,0.36691,0.36064,0.36491,0.36224,0.36444,0.36724,0.36541,0.36736,0.36521,0.36096,0.35775,0.36429,0.36323,0.3612,0.35927,0.36156,0.36279,0.36481,0.36351,0.36694,0.36022,0.36491,0.36273,0.36423,0.36131,0.36496,0.36292,0.36039,0.36196,0.36129,0.36304,0.35878,0.36158,0.36254,0.36154,0.36473,0.36321,0.36117,0.36167,0.36178,0.36196,0.35629,0.36,0.35696,0.36383,0.36042,0.36003,0.36268,0.36143,0.35747,0.36004,0.3593,0.35569,0.35824
Synth_Outdoor_H2S_12,H2S,1.0,1,0.66632,0.66777,0.6662,0.6752,0.67507,0.67899,0.684,0.68577,0.69425,0.69823,0.70365,0.71472,0.72509,0.73188,0.74167,0.74792,0.75564,0.77417,0.78668,0.79654,0.80305,0.81217,0.82339,0.8325,0.8469,0.86137,0.86697,0.87773,0.88993,0.89461,0.9092,0.91677,0.91847,0.92372,0.93276,0.93558,0.93869,0.94967,0.95419,0.95592,0.95649,0.96042,0.96719,0.96864,0.9715,0.97711,0.97831,0.98163,0.9774,0.9808,0.98541,0.98651,0.99098,0.98966,0.99424,0.99159,0.99321,0.98987,0.99082,0.99316,0.99501,0.9928,0.99067,0.9941,0.98494,0.98659,0.99163,0.98974,0.99098,0.98934,0.99026,0.98637,0.98942,0.99004,0.9902,0.99178,0.9869,0.98645,0.98134,0.9831,0.98316,0.98548,0.98057,0.98338,0.98071,0.9796,0.98002,0.97777,0.97706,0.97322,0.97621,0.97491,0.97406,0.97561,0.97552,0.97377,0.97495,0.97326,0.97051,0.96954,0.971,0.97116,0.97282,0.97195,0.96732,0.96822,0.96981,0.97036,0.96946,0.96613,0.96225,0.96202,0.96445,0.96405,0.95992,0.96249,0.9639,0.95959,0.96553,0.96221,0.96671,0.96252,0.96391,0.96707,0.96481,0.95412,0.93768,0.91659,0.88981,0.86506,0.84136,0.83052,0.81523,0.80703,0.78965,0.77767,0.775,0.76649,0.75607,0.74841,0.75038,0.74489,0.73047,0.7313,0.73274,0.72384,0.7206,0.71815,0.71337,0.70944,0.71409,0.70478,0.70808,0.7079,0.70043,0.70024,0.70421,0.70123,0.69717,0.70062,0.69962,0.69633,0.69251,0.69292,0.69391,0.692,0.69415,0.68736,0.68687,0.69052,0.6883,0.68749,0.68421,0.68825,0.68767,0.68906,0.68725,0.68643,0.68939,0.68289,0.68727,0.68152,0.68338,0.68221,0.68698,0.68467,0.68461,0.68169,0.68356,0.68226,0.68499,0.68143,0.68712,0.67952,0.68161,0.6877,0.68234,0.68002,0.68377,0.68195,0.68099,0.68028,0.68991,0.6823,0.67808,0.68656,0.68431,0.68081,0.68037,0.68437,0.68207,0.67785,0.6871,0.68152,0.68633,0.68578,0.6801,0.68519,0.68098,0.67792,0.6815,0.68355,0.68141,0.68182,0.68549,0.68291,0.68056,0.68444,0.68318,0.67638,0.68379,0.68371,0.6828,0.685,0.68111,0.68365,0.6789,0.68386,0.68777,0.68045,0.68108,0.68125,0.68339,0.68043,0.68418,0.68528,0.68453,0.6788,0.68574,0.68563
Synth_Outdoor_H2S_13,H2S,1.0,1,0.58384,0.58758,0.5923,0.58839,0.59753,0.59949,0.60496,0.60788,0.6183,0.62475,0.63529,0.64389,0.65673,0.66902,0.68337,0.69296,0.70784,0.72724,0.73946,0.7593,0.77221,0.78791,0.80427,0.81379,0.82633,0.84247,0.85338,0.86273,0.87701,0.88262,0.89218,0.90043,0.90567,0.91521,0.92493,0.92838,0.9326,0.93685,0.94232,0.94715,0.95011,0.95064,0.95478,0.95726,0.95526,0.95959,0.95487,0.9623,0.96327,0.96378,0.96099,0.96259,0.96503,0.96446,0.96017,0.9598,0.96132,0.95381,0.95568,0.95869,0.95658,0.95379,0.94779,0.9501,0.94737,0.9483,0.94407,0.94213,0.93814,0.94496,0.93956,0.93959,0.93785,0.93386,0.93209,0.93145,0.9309,0.93239,0.92826,0.93341,0.93043,0.9287,0.92522,0.92818,0.92273,0.92211,0.92154,0.92183,0.92069,0.91694,0.91584,0.91784,0.91712,0.91353,0.90963,0.91194,0.91271,0.91414,0.90514,0.90559,0.90441,0.90785,0.90377,0.90102,0.90406,0.90101,0.89842,0.89873,0.90476,0.90087,0.89979,0.89856,0.89937,0.89872,0.89806,0.89693,0.89802,0.89507,0.89188,0.89228,0.88839,0.89788,0.897,0.89404,0.89177,0.88031,0.86818,0.83749,0.815,0.78866,0.77076,0.75183,0.7332,0.72417,0.71105,0.70361,0.69802,0.68204,0.67715,0.67124,0.66579,0.66326,0.65614,0.6532,0.64659,0.64508,0.6431,0.63626,0.63723,0.63283,0.63295,0.62764,0.6271,0.62421,0.62239,0.62168,0.6209,0.6151,0.62055,0.61116,0.61302,0.6135,0.61382,0.61582,0.6064,0.60899,0.60422,0.60896,0.60894,0.61167,0.60747,0.60929,0.60766,0.60466,0.6018,0.60561,0.60079,0.60741,0.60345,0.60655,0.60205,0.60366,0.60326,0.60237,0.60115,0.60301,0.59954,0.59867,0.60462,0.60318,0.60136,0.60519,0.60019,0.60401,0.60103,0.59792,0.60501,0.60277,0.59991,0.60195,0.59906,0.60206,0.59395,0.5973,0.60226,0.59912,0.60022,0.59628,0.60423,0.60257,0.59906,0.59853,0.60211,0.60447,0.6019,0.60491,0.59716,0.59742,0.59649,0.60056,0.59989,0.59906,0.60146,0.6025,0.59561,0.59793,0.60149,0.59828,0.59747,0.60203,0.59628,0.59879,0.60039,0.59816,0.60158,0.59822,0.60319,0.59939,0.60143,0.60164,0.59824,0.59472,0.60078,0.60009,0.60134,0.59943,0.59898,0.60514,0.59651,0.6021
Synth_Outdoor_H2S_14,H2S,1.0,1,0.44517,0.44592,0.45223,0.45807,0.46047,0.46518,0.46893,0.48013,0.49265,0.49572,0.50616,0.51717,0.52979,0.53758,0.55975,0.57166,0.58534,0.60711,0.61847,0.63618,0.65622,0.66417,0.67842,0.69679,0.71212,0.71759,0.73403,0.7451,0.74836,0.76466,0.77338,0.77828,0.78953,0.79603,0.79968,0.80393,0.80763,0.8144,0.81991,0.82127,0.81989,0.83156,0.83149,0.83227,0.83708,0.84,0.83006,0.83872,0.83431,0.83911,0.83791,0.83871,0.83524,0.83098,0.83356,0.8346,0.83495,0.82828,0.83255,0.82705,0.82822,0.82459,0.82475,0.8249,0.81801,0.81777,0.81834,0.82234,0.81269,0.81847,0.81694,0.81034,0.80859,0.80638,0.80675,0.80223,0.80434,0.80697,0.80043,0.80011,0.79525,0.79925,0.79781,0.79611,0.79421,0.79276,0.7935,0.79093,0.79056,0.78909,0.7902,0.78793,0.78561,0.78782,0.78403,0.78523,0.7825,0.7754,0.78231,0.7784,0.77699,0.7769,0.77442,0.77491,0.77193,0.77564,0.77121,0.76961,0.76739,0.76951,0.76847,0.7682,0.76394,0.76178,0.7666,0.76801,0.76097,0.76676,0.76279,0.76143,0.75987,0.75665,0.76441,0.76102,0.75691,0.75012,0.72446,0.70103,0.67728,0.65106,0.63031,0.61086,0.60256,0.58204,0.56994,0.55771,0.55031,0.5428,0.53644,0.52262,0.51931,0.51521,0.51025,0.50393,0.5008,0.49334,0.49552,0.49067,0.48168,0.47947,0.47686,0.4787,0.4715,0.47175,0.47173,0.46858,0.46769,0.46278,0.46542,0.46101,0.4604,0.46057,0.45908,0.4578,0.45486,0.45502,0.45486,0.45055,0.452,0.45337,0.44848,0.45386,0.45349,0.44655,0.45244,0.4481,0.44898,0.44617,0.44925,0.4475,0.44401,0.44269,0.44155,0.44527,0.44585,0.44565,0.44338,0.44045,0.44132,0.4456,0.4412,0.44247,0.43913,0.44239,0.44014,0.44365,0.44274,0.43934,0.44002,0.43874,0.43636,0.43755,0.43996,0.44006,0.43944,0.43813,0.44104,0.43871,0.44015,0.43377,0.42822,0.43857,0.43414,0.43701,0.43664,0.44121,0.4381,0.43736,0.43892,0.43762,0.43545,0.43914,0.43357,0.43702,0.43223,0.43648,0.43633,0.43992,0.43171,0.434,0.43746,0.43614,0.43568,0.43275,0.43357,0.43808,0.43476,0.43573,0.4344,0.43163,0.43685,0.43568,0.44008,0.43168,0.4362,0.43077,0.43437,0.43634,0.42866,0.43327
Synth_Outdoor_H2S_15,H2S,1.0,1,0.41449,0.41916,0.42005,0.4261,0.43227,0.43965,0.44564,0.46105,0.47018,0.48276,0.49328,0.50874,0.52502,0.53808,0.5549,0.57538,0.59633,0.6116,0.62873,0.64685,0.66482,0.68147,0.70342,0.71552,0.72948,0.74302,0.74993,0.76087,0.77184,0.78789,0.7924,0.79914,0.80897,0.81656,0.82428,0.82998,0.83233,0.84059,0.84117,0.84574,0.85072,0.84976,0.85188,0.85628,0.85378,0.85583,0.85877,0.86287,0.85933,0.85876,0.85837,0.85361,0.85567,0.85424,0.85397,0.85218,0.85146,0.84815,0.84728,0.84211,0.8423,0.84432,0.83936,0.83614,0.83859,0.8281,0.82649,0.83137,0.8251,0.82231,0.81784,0.81984,0.81801,0.812,0.81271,0.81066,0.81067,0.80581,0.81022,0.80779,0.80298,0.80175,0.80038,0.79721,0.79646,0.7953,0.79837,0.79507,0.79343,0.79047,0.78532,0.78679,0.78822,0.78163,0.78542,0.78867,0.78447,0.78421,0.78002,0.78066,0.77519,0.77766,0.77604,0.77391,0.77532,0.7695,0.76925,0.76886,0.76506,0.76724,0.76147,0.76755,0.76423,0.76192,0.76028,0.76091,0.76245,0.76138,0.75752,0.7565,0.75957,0.75524,0.7592,0.7605,0.75668,0.74612,0.72101,0.6932,0.66686,0.64362,0.6212,0.60179,0.5801,0.56137,0.54684,0.53942,0.52991,0.52419,0.51455,0.50522,0.49543,0.48887,0.48611,0.48193,0.47631,0.46829,0.46841,0.4641,0.45693,0.45448,0.45525,0.45025,0.4523,0.44724,0.44262,0.4418,0.44013,0.43643,0.43435,0.43686,0.43581,0.43387,0.43492,0.4286,0.43304,0.42557,0.42431,0.42153,0.42394,0.423,0.42479,0.42332,0.41901,0.42032,0.41974,0.41561,0.41703,0.41701,0.42198,0.41838,0.41909,0.41322,0.41951,0.41935,0.41072,0.41355,0.41619,0.41623,0.41256,0.41316,0.41211,0.4136,0.41605,0.41084,0.41503,0.41031,0.40989,0.4138,0.41382,0.41342,0.4078,0.40972,0.41274,0.41058,0.4076,0.41125,0.40813,0.41424,0.41349,0.411,0.41274,0.40934,0.41095,0.41258,0.40934,0.40793,0.40418,0.40811,0.41024,0.41041,0.40922,0.4065,0.4028,0.40638,0.40677,0.40665,0.40888,0.41219,0.40745,0.4065,0.40629,0.40716,0.40471,0.407,0.40775,0.40706,0.40761,0.40746,0.40191,0.40787,0.40455,0.40342,0.40334,0.40709,0.40537,0.40168,0.40702,0.40218,0.40608,0.40628
Synth_Outdoor_H2S_16,H2S,1.0,1,0.57984,0.58647,0.59057,0.59831,0.60503,0.6123,0.62191,0.63136,0.64907,0.66148,0.67753,0.6904,0.70644,0.72309,0.74499,0.76027,0.78645,0.79739,0.81987,0.84115,0.85618,0.87192,0.88516,0.89953,0.91955,0.93513,0.94313,0.95334,0.96102,0.97474,0.98603,0.99865,1.00392,1.00984,1.01427,1.01945,1.02942,1.03079,1.0288,1.03566,1.0379,1.04085,1.04532,1.04482,1.04534,1.04863,1.04303,1.04858,1.04133,1.0426,1.04125,1.04179,1.04179,1.04068,1.0363,1.03343,1.04057,1.03133,1.03253,1.02481,1.02616,1.02477,1.0244,1.01437,1.01965,1.01433,1.01595,1.0102,1.00831,1.00765,1.0036,1.00305,0.99944,0.99625,1.00208,0.9949,0.99625,0.9971,0.9922,0.99034,0.99187,0.99316,0.98645,0.98782,0.98255,0.98431,0.98376,0.97998,0.9795,0.97563,0.97777,0.97858,0.97156,0.9711,0.97234,0.97262,0.96446,0.96653,0.96647,0.96427,0.9571,0.96333,0.96467,0.96004,0.95619,0.95667,0.96156,0.95857,0.957,0.95532,0.95178,0.95198,0.95137,0.95206,0.95358,0.95175,0.94459,0.94789,0.94841,0.94735,0.94349,0.9515,0.94305,0.94464,0.94341,0.93575,0.908,0.88257,0.85556,0.82305,0.79877,0.78166,0.76387,0.75062,0.73782,0.72332,0.71246,0.70253,0.69445,0.68543,0.6781,0.67455,0.66941,0.65643,0.65526,0.64897,0.64575,0.64371,0.64089,0.63571,0.62825,0.62787,0.62997,0.61852,0.62615,0.62245,0.62256,0.61702,0.61073,0.61545,0.61615,0.61397,0.60876,0.60946,0.60684,0.60508,0.60855,0.60225,0.60215,0.6008,0.59908,0.60244,0.60431,0.60028,0.59637,0.60164,0.60321,0.59685,0.59678,0.59881,0.60114,0.59536,0.59291,0.59744,0.5975,0.59516,0.59341,0.59699,0.59554,0.59201,0.59378,0.59004,0.59487,0.59225,0.59157,0.59234,0.59233,0.59428,0.59337,0.59133,0.59347,0.59241,0.59018,0.59075,0.59057,0.59205,0.58973,0.58954,0.59534,0.59266,0.5883,0.59153,0.5903,0.59087,0.59014,0.59269,0.59049,0.5894,0.59208,0.58999,0.58964,0.59006,0.58898,0.58918,0.58764,0.58721,0.58655,0.58554,0.58678,0.58847,0.5891,0.58813,0.5829,0.59271,0.59148,0.58986,0.59348,0.58623,0.59336,0.58623,0.58924,0.58545,0.58869,0.58962,0.58825,0.59041,0.58887,0.58731,0.5872,0.59065
Synth_Outdoor_H2S_17,H2S,1.0,1,0.63185,0.62805,0.63987,0.64839,0.65144,0.66136,0.67276,0.68114,0.69531,0.70589,0.72499,0.74241,0.7599,0.77947,0.79362,0.81332,0.83854,0.85239,0.87182,0.8891,0.90447,0.92714,0.93762,0.95128,0.96736,0.97705,0.9931,1.00393,1.01847,1.02484,1.03741,1.04657,1.05218,1.0562,1.06301,1.06414,1.07239,1.0748,1.08237,1.09023,1.08765,1.08344,1.08907,1.09134,1.09194,1.0902,1.09258,1.08855,1.08881,1.0922,1.0874,1.09055,1.08496,1.09172,1.08402,1.0839,1.08367,1.07979,1.07979,1.07905,1.07816,1.07572,1.07127,1.06941,1.07392,1.06886,1.06252,1.06327,1.06019,1.05846,1.05344,1.05324,1.05675,1.05175,1.04212,1.04943,1.04723,1.04181,1.0428,1.0373,1.0369,1.04047,1.03454,1.02878,1.03138,1.02929,1.03034,1.02537,1.02252,1.02459,1.02074,1.01712,1.02057,1.01688,1.0151,1.01419,1.00962,1.00935,1.0089,1.00663,1.0085,1.00404,1.00396,1.00043,1.00205,0.99943,0.9975,0.99658,0.99341,0.99632,0.9944,0.99293,0.99684,0.99061,0.99221,0.99538,0.99311,0.99172,0.99194,0.99119,0.98628,0.98832,0.99529,0.99082,0.98723,0.97434,0.95506,0.92679,0.89878,0.86791,0.84555,0.82131,0.80572,0.79059,0.77853,0.76309,0.75632,0.74703,0.73258,0.72565,0.71812,0.71929,0.70546,0.70513,0.69264,0.68863,0.68508,0.68072,0.67852,0.67407,0.67068,0.67274,0.67023,0.66707,0.66373,0.66053,0.65706,0.65407,0.65563,0.65016,0.64909,0.65303,0.65356,0.64853,0.64914,0.64464,0.64086,0.64475,0.64372,0.64159,0.63999,0.64223,0.63662,0.6364,0.63512,0.63719,0.63363,0.63406,0.63346,0.63407,0.63049,0.63391,0.63633,0.63309,0.63616,0.63525,0.6335,0.63138,0.63088,0.63238,0.62914,0.62507,0.63068,0.62631,0.62645,0.62858,0.62808,0.62456,0.62828,0.63005,0.62457,0.63033,0.62305,0.63205,0.62552,0.62674,0.62147,0.62586,0.62641,0.62547,0.62413,0.62302,0.62806,0.62515,0.62876,0.62345,0.62354,0.62653,0.62032,0.62124,0.6269,0.62112,0.61937,0.62849,0.62023,0.62407,0.62369,0.61641,0.62266,0.62437,0.62403,0.62531,0.62198,0.62467,0.62109,0.61922,0.61944,0.61897,0.62507,0.61868,0.62307,0.62167,0.62204,0.62566,0.62111,0.62367,0.62218,0.62165,0.62772,0.6183
Synth_Outdoor_H2S_18,H2S,1.0,1,0.66799,0.67028,0.67272,0.68466,0.68404,0.69694,0.70604,0.72233,0.73218,0.75105,0.76576,0.78235,0.80271,0.81988,0.83708,0.86629,0.87758,0.89261,0.91501,0.93235,0.95526,0.97081,0.98693,1.0,1.01429,1.02723,1.0402,1.05388,1.06316,1.0733,1.08223,1.09135,1.09727,1.1042,1.11234,1.11311,1.11736,1.12066,1.12758,1.12538,1.1335,1.13395,1.13855,1.13512,1.13709,1.1409,1.14176,1.13651,1.13826,1.13789,1.13719,1.13442,1.13689,1.12736,1.12929,1.12958,1.12765,1.12788,1.12539,1.11956,1.12143,1.11438,1.11654,1.11685,1.1135,1.10883,1.10571,1.10061,1.10304,1.09732,1.09595,1.09285,1.09261,1.09159,1.09022,1.08588,1.08788,1.08254,1.07896,1.0795,1.08196,1.07604,1.07257,1.06794,1.06954,1.06896,1.0657,1.06086,1.06132,1.06557,1.06413,1.05705,1.05974,1.0539,1.05918,1.05512,1.05574,1.04801,1.05295,1.05028,1.0515,1.05074,1.04768,1.04511,1.04766,1.04445,1.04125,1.04007,1.03778,1.0394,1.04259,1.03944,1.03678,1.03913,1.03409,1.03559,1.03415,1.03581,1.02912,1.03005,1.0272,1.02968,1.03531,1.03215,1.02778,1.01918,0.99978,0.97051,0.94252,0.9087,0.89164,0.87439,0.85343,0.83191,0.82235,0.8133,0.79994,0.7945,0.78405,0.7729,0.76757,0.75872,0.75455,0.74822,0.7476,0.74546,0.73246,0.72746,0.72819,0.72182,0.7228,0.72184,0.7212,0.71563,0.71251,0.70605,0.70921,0.70762,0.70744,0.70258,0.7019,0.698,0.69477,0.6966,0.6944,0.6982,0.69515,0.69423,0.69231,0.68593,0.69706,0.69013,0.69098,0.68776,0.69327,0.69065,0.68772,0.68833,0.69305,0.68828,0.68762,0.68534,0.68262,0.68664,0.68755,0.6892,0.68055,0.6831,0.68422,0.68543,0.68485,0.6847,0.68583,0.68235,0.68678,0.68539,0.68337,0.68805,0.68783,0.68615,0.67615,0.68753,0.68546,0.68839,0.68638,0.68716,0.68535,0.68647,0.68803,0.68356,0.67905,0.68217,0.68387,0.68303,0.67969,0.67871,0.68091,0.68478,0.68671,0.68506,0.6854,0.68253,0.67838,0.68157,0.68205,0.68148,0.68288,0.68388,0.68493,0.68211,0.67806,0.68161,0.68297,0.68595,0.6815,0.68425,0.68373,0.68313,0.6854,0.68145,0.6817,0.68314,0.68161,0.68454,0.68155,0.68396,0.6832,0.68404,0.6824,0.68275
Synth_Outdoor_H2S_19,H2S,1.0,1,0.68109,0.6891,0.68748,0.6963,0.7004,0.71464,0.72154,0.73564,0.74881,0.76514,0.77897,0.79582,0.81866,0.83421,0.8511,0.87126,0.89552,0.91025,0.92825,0.94686,0.96503,0.98196,0.99643,1.01211,1.02731,1.04447,1.05488,1.06734,1.08218,1.09256,1.09804,1.10575,1.11302,1.12404,1.12829,1.13373,1.13797,1.14282,1.14966,1.14911,1.15792,1.15658,1.15953,1.15813,1.16258,1.16251,1.16355,1.16741,1.16404,1.16115,1.16054,1.16263,1.16305,1.15922,1.15909,1.15794,1.15919,1.14981,1.15503,1.15409,1.14634,1.14534,1.14314,1.14107,1.13922,1.13842,1.13726,1.13507,1.12762,1.125,1.1279,1.12381,1.12006,1.11876,1.11524,1.11445,1.11022,1.10973,1.10339,1.10359,1.1018,1.10074,1.09754,1.09678,1.0926,1.09605,1.09281,1.08715,1.08778,1.08922,1.08556,1.08378,1.08397,1.08368,1.07787,1.08144,1.0766,1.0772,1.07588,1.07351,1.07123,1.07208,1.0758,1.06718,1.07359,1.06762,1.06734,1.06358,1.06344,1.06322,1.06103,1.06229,1.06098,1.0658,1.05737,1.05963,1.05905,1.05479,1.05828,1.05465,1.04854,1.05536,1.0528,1.05399,1.05372,1.03863,1.02125,0.99491,0.9596,0.93305,0.90533,0.89305,0.86832,0.85713,0.84285,0.82915,0.81555,0.80683,0.79277,0.79051,0.78339,0.77609,0.76215,0.76079,0.75694,0.75483,0.7505,0.74539,0.74377,0.73627,0.73726,0.73408,0.73121,0.72736,0.73014,0.72473,0.71915,0.72038,0.71993,0.715,0.71769,0.71454,0.70643,0.71185,0.70897,0.71026,0.71028,0.70747,0.71024,0.70479,0.706,0.7057,0.70275,0.70427,0.70023,0.70008,0.69732,0.70067,0.70039,0.70203,0.70062,0.69749,0.69484,0.69847,0.69981,0.69858,0.69909,0.69553,0.69459,0.69364,0.69505,0.69472,0.69519,0.69412,0.69388,0.69206,0.69617,0.69383,0.69304,0.69144,0.68984,0.69628,0.69424,0.68867,0.6945,0.69476,0.69265,0.69621,0.69266,0.68847,0.69283,0.69246,0.69026,0.69311,0.68742,0.69399,0.68925,0.68893,0.69105,0.69235,0.69162,0.68929,0.68982,0.68821,0.69045,0.69369,0.69098,0.69313,0.69461,0.68949,0.69047,0.69633,0.69449,0.6867,0.69184,0.69089,0.69294,0.68902,0.68878,0.68919,0.68944,0.6929,0.68792,0.68933,0.68641,0.69344,0.69411,0.69012,0.6902,0.69208
Synth_Outdoor_H2S_20,H2S,1.0,1,0.54929,0.55112,0.55809,0.56834,0.57538,0.58812,0.59822,0.6104,0.62506,0.64826,0.66424,0.68517,0.70204,0.7202,0.7457,0.76373,0.78582,0.80639,0.81995,0.85152,0.86813,0.88621,0.90278,0.91988,0.93345,0.95099,0.9597,0.97593,0.98835,0.997,1.00811,1.01351,1.02162,1.03205,1.03996,1.03969,1.05102,1.05308,1.05811,1.05885,1.06323,1.07057,1.07064,1.07148,1.07343,1.07577,1.07598,1.0746,1.07707,1.07601,1.07358,1.07143,1.07146,1.06891,1.06887,1.06636,1.05926,1.05665,1.05503,1.05649,1.04734,1.04956,1.0466,1.04558,1.04011,1.03337,1.03159,1.02841,1.0277,1.02648,1.02182,1.02619,1.01701,1.02151,1.01896,1.01604,1.00984,1.01023,1.00401,1.00734,1.00289,1.00039,0.99682,0.9922,0.99427,0.99812,0.99267,0.99138,0.99146,0.99235,0.98916,0.98149,0.97733,0.98665,0.98522,0.97892,0.97421,0.97866,0.97477,0.97344,0.97448,0.97153,0.9661,0.96665,0.96757,0.96582,0.96398,0.96457,0.96031,0.96068,0.95079,0.95703,0.95894,0.95498,0.95373,0.95127,0.95535,0.95321,0.95303,0.94581,0.94907,0.94816,0.95079,0.95154,0.94754,0.93718,0.90811,0.88798,0.85156,0.8178,0.79457,0.76753,0.75087,0.73569,0.72464,0.70789,0.69729,0.68398,0.67701,0.67122,0.66157,0.65164,0.64694,0.64067,0.63502,0.63151,0.62687,0.61958,0.61761,0.61149,0.60687,0.6055,0.60321,0.59668,0.60059,0.58928,0.6009,0.59594,0.58974,0.58876,0.58795,0.58428,0.58486,0.58271,0.58164,0.5812,0.57642,0.57883,0.57821,0.57726,0.57557,0.57817,0.5737,0.57443,0.57645,0.57236,0.57249,0.57116,0.574,0.56979,0.57316,0.56923,0.56691,0.57035,0.56751,0.56948,0.56076,0.56729,0.56581,0.564,0.56499,0.56466,0.56571,0.56217,0.56612,0.56854,0.56563,0.56677,0.56732,0.56752,0.56894,0.56284,0.56212,0.56575,0.56543,0.56547,0.56815,0.56335,0.56428,0.56066,0.56836,0.56211,0.5621,0.56192,0.56108,0.5608,0.56125,0.55908,0.56049,0.56729,0.56422,0.56466,0.56525,0.56684,0.5578,0.5591,0.56013,0.56095,0.56136,0.56098,0.56263,0.56215,0.56025,0.55659,0.55954,0.56066,0.56142,0.5592,0.5608,0.55923,0.56177,0.55943,0.56003,0.55889,0.56179,0.56002,0.56448,0.56327,0.56212,0.56035
Synth_Outdoor_H2S_21,H2S,1.0,1,0.69719,0.70249,0.70729,0.71875,0.72535,0.73777,0.74851,0.76414,0.77638,0.79475,0.81573,0.83594,0.8576,0.88109,0.89724,0.92105,0.94676,0.96677,0.99895,1.01303,1.03197,1.05039,1.06894,1.08766,1.10422,1.11798,1.13263,1.14985,1.16221,1.17074,1.17722,1.1916,1.20284,1.21025,1.2158,1.22396,1.22628,1.23264,1.23348,1.23948,1.24518,1.24334,1.24547,1.25049,1.25196,1.25582,1.25406,1.26001,1.25254,1.2585,1.25268,1.24898,1.25264,1.24975,1.24573,1.24226,1.24418,1.24424,1.24073,1.23679,1.23514,1.23113,1.22479,1.22193,1.22204,1.21919,1.21873,1.21555,1.21227,1.20721,1.20162,1.2033,1.20082,1.19078,1.19195,1.18966,1.18911,1.1843,1.18375,1.18093,1.17867,1.17492,1.17278,1.16938,1.1708,1.16911,1.16367,1.16735,1.16076,1.16343,1.15606,1.15071,1.15492,1.15272,1.15042,1.14699,1.1468,1.14397,1.14288,1.14418,1.14101,1.14062,1.13708,1.13544,1.13204,1.13266,1.12393,1.12946,1.12941,1.12975,1.12643,1.12678,1.11928,1.12344,1.11826,1.11839,1.11985,1.12251,1.11924,1.11726,1.11599,1.11281,1.11495,1.11798,1.10765,1.098,1.07193,1.04405,1.00959,0.96899,0.94487,0.922,0.90011,0.88476,0.87802,0.85963,0.85052,0.83665,0.82267,0.81443,0.80859,0.8007,0.79131,0.78278,0.7891,0.77533,0.77012,0.76683,0.76192,0.75915,0.75866,0.75202,0.74653,0.74635,0.74313,0.74555,0.7428,0.73817,0.73284,0.73124,0.73273,0.73204,0.72889,0.72733,0.72582,0.72609,0.7191,0.72129,0.72153,0.72522,0.71931,0.72097,0.72031,0.72227,0.72152,0.71757,0.71592,0.71488,0.7154,0.71441,0.7164,0.71564,0.71565,0.71687,0.71798,0.71328,0.71536,0.7114,0.71492,0.71434,0.71389,0.71131,0.70914,0.7071,0.71026,0.71399,0.70916,0.71171,0.71163,0.70862,0.71246,0.70175,0.70583,0.70647,0.70659,0.70936,0.70912,0.70925,0.70964,0.70565,0.70487,0.70883,0.70622,0.70382,0.7101,0.7111,0.71145,0.70795,0.70898,0.71079,0.70571,0.71005,0.70792,0.70947,0.70763,0.71036,0.70763,0.70335,0.71066,0.70465,0.71017,0.7068,0.70998,0.70986,0.70808,0.70827,0.70805,0.70196,0.7073,0.70422,0.70746,0.70419,0.7041,0.71112,0.70982,0.70718,0.70768,0.70662,0.70868,0.70557
Synth_Outdoor_H2S_22,H2S,1.0,1,0.49074,0.49578,0.49961,0.50872,0.5148,0.52716,0.54011,0.54776,0.56313,0.57978,0.59396,0.61372,0.63244,0.65302,0.66855,0.68778,0.70941,0.72749,0.75074,0.76524,0.79218,0.80693,0.82012,0.83768,0.84571,0.8694,0.8741,0.88685,0.89328,0.90922,0.91469,0.9265,0.93278,0.9386,0.94583,0.95436,0.95603,0.96244,0.97059,0.97949,0.97748,0.97669,0.9803,0.98283,0.98274,0.98628,0.98456,0.9859,0.98205,0.98515,0.98036,0.9771,0.98349,0.97188,0.97293,0.97145,0.97739,0.97376,0.97119,0.96492,0.97,0.96289,0.96237,0.95828,0.95555,0.95285,0.95072,0.9505,0.94763,0.94438,0.94603,0.9327,0.93928,0.93754,0.93627,0.93092,0.92938,0.92926,0.92867,0.92251,0.92224,0.92399,0.91259,0.91407,0.91722,0.91409,0.91052,0.90611,0.90322,0.90237,0.90596,0.89829,0.89776,0.89334,0.89528,0.89011,0.88988,0.88489,0.88399,0.88685,0.88239,0.88999,0.87879,0.88122,0.88266,0.88107,0.87856,0.87822,0.87736,0.87832,0.88317,0.87769,0.87978,0.87746,0.87849,0.86825,0.87411,0.87775,0.87265,0.87798,0.87668,0.8709,0.87293,0.87292,0.86948,0.85556,0.83908,0.80699,0.78092,0.75026,0.72027,0.70828,0.68803,0.67294,0.65518,0.64609,0.6361,0.62288,0.61897,0.60578,0.601,0.59203,0.58654,0.57522,0.57514,0.5676,0.56295,0.56542,0.55685,0.55151,0.55001,0.54481,0.54899,0.54124,0.54205,0.54201,0.53543,0.53622,0.53064,0.53779,0.53254,0.52836,0.52563,0.52606,0.52439,0.52907,0.52015,0.52262,0.52138,0.52031,0.51957,0.51883,0.52063,0.51932,0.51824,0.50902,0.51682,0.51142,0.51671,0.51833,0.51189,0.51315,0.51192,0.51612,0.51291,0.51664,0.51305,0.51234,0.51162,0.51324,0.50661,0.51094,0.51035,0.51212,0.50965,0.50735,0.50978,0.50689,0.50464,0.51112,0.51062,0.51021,0.51219,0.50715,0.50513,0.50846,0.50768,0.50635,0.50816,0.50676,0.50361,0.50701,0.50521,0.50861,0.50636,0.51075,0.51194,0.50961,0.50399,0.51156,0.51171,0.50781,0.51105,0.50636,0.50305,0.50583,0.51203,0.50397,0.50771,0.50781,0.50646,0.50665,0.50795,0.50638,0.50422,0.50831,0.51047,0.51,0.50585,0.50478,0.50724,0.5119,0.50963,0.50981,0.51031,0.50918,0.50847,0.50986,0.50687,0.50473
Synth_Outdoor_H2S_23,H2S,1.0,1,0.61261,0.62197,0.63032,0.634,0.64154,0.65531,0.66659,0.68096,0.69972,0.71222,0.73152,0.75514,0.77591,0.79849,0.82448,0.84241,0.86602,0.8842,0.9101,0.92772,0.94927,0.96802,0.98909,1.00047,1.01425,1.03459,1.05034,1.06256,1.07731,1.08644,1.09404,1.09885,1.11238,1.12309,1.12636,1.13358,1.14008,1.1414,1.14974,1.15591,1.15443,1.15455,1.15918,1.15534,1.16286,1.16386,1.16728,1.16259,1.16374,1.15986,1.16015,1.15606,1.15799,1.15613,1.15587,1.15164,1.15136,1.14815,1.14586,1.14451,1.14199,1.14134,1.13652,1.1333,1.13107,1.12713,1.12546,1.12902,1.11945,1.1189,1.11651,1.11484,1.11271,1.11233,1.10538,1.11018,1.10696,1.09989,1.09498,1.09588,1.09543,1.10023,1.09298,1.08508,1.08585,1.08549,1.08443,1.07871,1.07988,1.07667,1.07387,1.0755,1.07497,1.07343,1.07119,1.06701,1.0686,1.06611,1.06421,1.06094,1.05983,1.05995,1.06457,1.05794,1.05435,1.05245,1.05206,1.0575,1.04986,1.05193,1.04749,1.04801,1.0485,1.04442,1.04372,1.04895,1.04671,1.04546,1.04455,1.04274,1.04563,1.03956,1.04329,1.0397,1.03642,1.02156,1.00457,0.96414,0.93436,0.89329,0.87134,0.84955,0.83425,0.81401,0.79505,0.7856,0.77019,0.75871,0.74517,0.73624,0.72806,0.72242,0.71536,0.71255,0.70371,0.69053,0.69296,0.68411,0.68112,0.67762,0.67442,0.66936,0.67026,0.66339,0.66519,0.66745,0.65625,0.65674,0.6492,0.65298,0.65366,0.65227,0.64917,0.64979,0.65259,0.64926,0.6425,0.6391,0.64068,0.63836,0.64093,0.63597,0.63793,0.63943,0.63634,0.63353,0.63818,0.62991,0.63319,0.63331,0.63294,0.63285,0.63345,0.63136,0.6301,0.62958,0.62867,0.63177,0.62783,0.63122,0.62882,0.62717,0.62973,0.62607,0.62923,0.6279,0.62564,0.62822,0.62805,0.62937,0.62868,0.62728,0.62304,0.63179,0.622,0.62777,0.62635,0.6222,0.6247,0.62468,0.62801,0.62283,0.62385,0.61856,0.62864,0.62155,0.62497,0.62382,0.62375,0.62594,0.62802,0.62437,0.62531,0.62445,0.62614,0.6224,0.62618,0.62621,0.6261,0.62167,0.62285,0.62385,0.61982,0.62721,0.62317,0.6239,0.62175,0.61986,0.62166,0.6237,0.62483,0.62355,0.624,0.62227,0.62433,0.62677,0.62482,0.62508,0.6238,0.61933
Synth_Outdoor_H2S_24,H2S,1.0,1,0.57547,0.58163,0.59148,0.59759,0.60913,0.61841,0.6298,0.64694,0.66198,0.68632,0.70416,0.72437,0.74801,0.76243,0.79192,0.81043,0.83695,0.85927,0.88426,0.90494,0.92877,0.94415,0.96655,0.98315,0.99549,1.01307,1.02961,1.04617,1.05706,1.0647,1.07789,1.09278,1.09683,1.1038,1.11306,1.11991,1.12222,1.12947,1.13155,1.13763,1.13932,1.14258,1.14123,1.1419,1.14663,1.14429,1.14541,1.14411,1.14728,1.14347,1.14428,1.14566,1.14531,1.13943,1.14372,1.13743,1.13167,1.13265,1.12807,1.1273,1.12319,1.12051,1.11499,1.11662,1.10807,1.10496,1.10548,1.10537,1.09709,1.09611,1.09326,1.08877,1.08213,1.07659,1.0705,1.07221,1.0728,1.06427,1.06635,1.06004,1.06071,1.06042,1.05514,1.05521,1.05172,1.05239,1.04897,1.04613,1.04732,1.04234,1.03621,1.03528,1.03327,1.03187,1.03629,1.02914,1.02134,1.02317,1.01769,1.01963,1.0133,1.01376,1.00966,1.01191,1.00868,1.00732,1.00449,0.99977,1.00343,1.00609,1.00154,0.99878,0.99571,0.99643,0.99931,1.00047,0.99832,0.99968,0.9995,0.99918,0.99655,0.99861,0.99932,1.00353,0.99954,0.98859,0.95705,0.92956,0.89572,0.85817,0.83014,0.80621,0.78745,0.7632,0.74613,0.73491,0.71634,0.71293,0.70213,0.68825,0.67956,0.67225,0.66522,0.65868,0.65361,0.64615,0.64377,0.63781,0.6308,0.63165,0.62119,0.62095,0.62043,0.61327,0.61312,0.61118,0.60529,0.60506,0.60276,0.59987,0.6052,0.59583,0.59864,0.59365,0.59049,0.59213,0.59222,0.59172,0.5922,0.59459,0.58683,0.58359,0.58545,0.58277,0.58492,0.57856,0.58699,0.58249,0.57547,0.57726,0.58043,0.58073,0.57405,0.57847,0.57131,0.57546,0.57798,0.57336,0.57052,0.57422,0.57197,0.57469,0.57054,0.57046,0.56697,0.57214,0.57097,0.5681,0.57128,0.57306,0.56966,0.5706,0.57034,0.56642,0.57432,0.56777,0.57035,0.5704,0.5679,0.56957,0.56848,0.56415,0.56668,0.56579,0.56599,0.56368,0.56958,0.57061,0.56889,0.56947,0.56531,0.56443,0.56394,0.56736,0.56617,0.56527,0.56855,0.56619,0.56297,0.56324,0.56655,0.56735,0.56601,0.56927,0.56852,0.56543,0.56215,0.56089,0.56312,0.56586,0.56844,0.56482,0.56664,0.56302,0.5651,0.56553,0.55847,0.56234,0.5657,0.56398
Synth_Outdoor_H2S_25,H2S,1.0,1,0.65633,0.65788,0.66937,0.67813,0.68583,0.70005,0.71408,0.72923,0.73794,0.75828,0.77988,0.8023,0.82324,0.84505,0.86524,0.88789,0.90932,0.93511,0.95233,0.97738,0.99541,1.01335,1.02929,1.0439,1.06095,1.07597,1.0841,1.10174,1.11581,1.12522,1.13197,1.14186,1.14805,1.1567,1.16629,1.17021,1.17373,1.1752,1.18172,1.17827,1.18357,1.18614,1.18592,1.18433,1.18168,1.17887,1.17956,1.17508,1.17476,1.17626,1.17557,1.16937,1.17369,1.1729,1.16902,1.17321,1.16345,1.162,1.15952,1.15773,1.15438,1.14892,1.14833,1.14668,1.1473,1.14714,1.14237,1.13442,1.13198,1.1307,1.13299,1.12559,1.12035,1.12022,1.12129,1.1191,1.11491,1.11511,1.10571,1.10962,1.10949,1.10321,1.10118,1.0966,1.10319,1.09538,1.09579,1.09472,1.09504,1.08895,1.08622,1.08637,1.08758,1.08249,1.07912,1.07623,1.07556,1.07923,1.07481,1.07274,1.07123,1.07205,1.07013,1.06893,1.07185,1.0711,1.062,1.0657,1.06184,1.06207,1.06238,1.05994,1.05986,1.05962,1.05722,1.05341,1.05206,1.04873,1.04895,1.05486,1.04693,1.04467,1.05028,1.05007,1.04471,1.03513,1.01074,0.97882,0.94599,0.91329,0.89099,0.86673,0.84422,0.83186,0.81319,0.80907,0.78911,0.78024,0.77145,0.76116,0.75303,0.74739,0.74337,0.73528,0.73139,0.71992,0.71861,0.71384,0.71032,0.7092,0.70179,0.69815,0.69757,0.68908,0.69043,0.68833,0.68419,0.68709,0.67988,0.68038,0.67977,0.68084,0.67596,0.67694,0.67505,0.67237,0.66816,0.66618,0.669,0.66639,0.6691,0.66777,0.66458,0.66131,0.66468,0.66011,0.66005,0.65882,0.66027,0.66294,0.6594,0.65775,0.65451,0.65919,0.65536,0.65714,0.65551,0.65805,0.65513,0.65497,0.65594,0.65962,0.65621,0.65343,0.65332,0.65168,0.65032,0.65101,0.65016,0.65346,0.64885,0.6546,0.65289,0.65084,0.65055,0.64891,0.65073,0.65255,0.64784,0.64555,0.65096,0.64984,0.64605,0.64683,0.64633,0.64647,0.6473,0.64728,0.64616,0.64573,0.64691,0.64775,0.6464,0.64993,0.64818,0.64281,0.64799,0.64806,0.64533,0.64257,0.64621,0.64607,0.64317,0.64223,0.64554,0.64506,0.64448,0.64521,0.64257,0.64415,0.64647,0.64416,0.64078,0.64368,0.64211,0.64538,0.64544,0.64044,0.64643,0.64171
Synth_Outdoor_H2S_26,H2S,1.0,1,0.51891,0.52399,0.53432,0.54085,0.55176,0.56823,0.57618,0.59347,0.61382,0.62931,0.64423,0.67024,0.68778,0.71665,0.73395,0.76656,0.78604,0.8034,0.82794,0.85153,0.87244,0.89131,0.91186,0.92575,0.94141,0.95686,0.97436,0.9867,0.99912,1.01192,1.01532,1.03068,1.03893,1.05037,1.04938,1.06346,1.06539,1.07139,1.07874,1.07972,1.08246,1.0846,1.08469,1.08729,1.08652,1.08869,1.0831,1.08987,1.08799,1.08664,1.087,1.08162,1.08853,1.08173,1.07979,1.07582,1.07625,1.07751,1.07443,1.07167,1.06845,1.06371,1.05846,1.05913,1.05667,1.05749,1.05314,1.0538,1.05022,1.04361,1.03778,1.0433,1.0408,1.03153,1.03596,1.03028,1.02707,1.02833,1.02557,1.02194,1.01979,1.01843,1.01394,1.0126,1.00821,1.00742,1.00522,1.0025,1.00257,0.9995,0.99963,0.9923,0.99407,0.99278,0.98991,0.98867,0.9838,0.98736,0.98679,0.98508,0.98508,0.98164,0.98099,0.97889,0.979,0.9722,0.97278,0.97785,0.96655,0.97122,0.97337,0.96906,0.96718,0.96743,0.96512,0.96504,0.96224,0.96577,0.9656,0.96078,0.95674,0.95774,0.96079,0.96372,0.95463,0.9407,0.91998,0.88951,0.84983,0.81287,0.79655,0.76723,0.74424,0.72895,0.71026,0.69821,0.68338,0.67143,0.66026,0.64726,0.64693,0.63172,0.62337,0.61956,0.61161,0.60833,0.60509,0.6012,0.59646,0.58971,0.58695,0.58447,0.57594,0.57887,0.57113,0.57741,0.56901,0.56744,0.56401,0.56253,0.56806,0.56309,0.55531,0.56152,0.55939,0.55442,0.55471,0.55282,0.55677,0.54889,0.55032,0.54802,0.54465,0.5529,0.54372,0.54653,0.54097,0.54373,0.5452,0.54152,0.54449,0.54184,0.54492,0.54498,0.53968,0.54094,0.54079,0.54151,0.53964,0.53974,0.53834,0.53896,0.54164,0.53973,0.53961,0.53943,0.53702,0.53799,0.53429,0.53998,0.52966,0.5362,0.53912,0.53266,0.53693,0.53412,0.53477,0.53791,0.53592,0.5302,0.53273,0.53748,0.53609,0.53926,0.53901,0.53386,0.54089,0.53463,0.5321,0.53288,0.52879,0.5384,0.53833,0.53176,0.53369,0.53446,0.53176,0.52975,0.53358,0.53326,0.53309,0.53461,0.53762,0.5333,0.53448,0.53587,0.53545,0.53252,0.5343,0.53542,0.53123,0.53724,0.53769,0.53233,0.53466,0.53579,0.53285,0.53543,0.53465,0.53059
Synth_Outdoor_H2S_27,H2S,1.0,1,0.41414,0.4152,0.42338,0.43595,0.44431,0.45298,0.46734,0.4843,0.50437,0.52341,0.54093,0.56185,0.58815,0.61034,0.6399,0.65846,0.68664,0.70257,0.72443,0.74774,0.77479,0.79643,0.80913,0.82784,0.84281,0.85682,0.87767,0.88986,0.9017,0.9094,0.92707,0.93079,0.94159,0.94413,0.95417,0.96171,0.96761,0.97233,0.97762,0.97736,0.98382,0.98615,0.98838,0.98937,0.98689,0.9872,0.98499,0.99223,0.99156,0.9906,0.98795,0.98024,0.98107,0.98187,0.97941,0.97605,0.975,0.97153,0.96918,0.9646,0.96593,0.95957,0.95447,0.95313,0.95155,0.95238,0.94734,0.9446,0.93961,0.94213,0.93572,0.9342,0.93516,0.92979,0.92161,0.91861,0.92044,0.91522,0.91757,0.91381,0.91192,0.90767,0.91184,0.91276,0.90321,0.90309,0.90074,0.89817,0.89511,0.89291,0.89124,0.89357,0.88972,0.88306,0.88914,0.88654,0.88864,0.8849,0.87897,0.87583,0.87828,0.87723,0.87987,0.87623,0.87784,0.87055,0.87513,0.87342,0.86546,0.87271,0.86853,0.86814,0.86383,0.86805,0.86077,0.86475,0.86376,0.85839,0.86494,0.8597,0.8599,0.85335,0.86476,0.85768,0.85793,0.83816,0.81477,0.78618,0.75035,0.70872,0.68617,0.66246,0.63663,0.6244,0.60009,0.58722,0.57653,0.56104,0.55283,0.54279,0.53265,0.52694,0.5167,0.51095,0.50693,0.50026,0.49496,0.4853,0.48503,0.47745,0.47263,0.47217,0.46684,0.46808,0.46536,0.45599,0.45626,0.45243,0.45283,0.45319,0.44962,0.44707,0.45019,0.43968,0.44711,0.44131,0.44122,0.43891,0.44297,0.435,0.43712,0.43748,0.43125,0.43214,0.43327,0.43065,0.4301,0.43059,0.43245,0.42935,0.43233,0.4266,0.42545,0.43291,0.42597,0.42389,0.42236,0.42897,0.42503,0.42488,0.42477,0.42738,0.42408,0.43011,0.4243,0.42633,0.42543,0.42306,0.42142,0.42348,0.4237,0.42081,0.42246,0.42496,0.42686,0.42363,0.426,0.41961,0.42277,0.42422,0.41848,0.41939,0.42482,0.41792,0.41691,0.42397,0.42304,0.42101,0.41971,0.41864,0.42037,0.42356,0.42015,0.42492,0.4172,0.41934,0.41841,0.41656,0.41885,0.42021,0.42041,0.42449,0.42018,0.42186,0.41915,0.42315,0.42493,0.42023,0.41642,0.41752,0.41958,0.42001,0.42059,0.41999,0.41884,0.41722,0.41981,0.42345,0.42137,0.42017
Synth_Outdoor_H2S_28,H2S,1.0,1,0.47975,0.48459,0.49341,0.50175,0.51673,0.5255,0.5392,0.56229,0.57418,0.5951,0.61665,0.63471,0.66367,0.68594,0.71248,0.73135,0.75768,0.78159,0.80563,0.824,0.84962,0.86635,0.89024,0.90227,0.92003,0.9426,0.95393,0.96648,0.98475,0.99405,1.00618,1.01346,1.02956,1.02949,1.04271,1.04472,1.04651,1.0569,1.06083,1.06107,1.0644,1.0691,1.07197,1.06623,1.076,1.07277,1.07104,1.0768,1.07408,1.07649,1.07345,1.07085,1.06871,1.06841,1.06413,1.06085,1.06214,1.05771,1.0555,1.05542,1.04962,1.04712,1.04272,1.04242,1.03941,1.03801,1.03155,1.02917,1.02965,1.02568,1.02026,1.02336,1.01348,1.01732,1.00982,1.01529,1.00428,1.00859,1.00313,1.00004,0.99908,0.99791,0.99181,0.9898,0.99124,0.98316,0.98384,0.99089,0.97902,0.98261,0.97665,0.9778,0.97651,0.97595,0.97082,0.97449,0.96629,0.96666,0.96508,0.96015,0.96079,0.9604,0.9574,0.9631,0.95344,0.95706,0.95491,0.95147,0.94815,0.94723,0.94673,0.94246,0.94327,0.94092,0.94683,0.94378,0.94307,0.94155,0.93956,0.94188,0.93579,0.93645,0.94041,0.93652,0.94219,0.91969,0.89543,0.86572,0.82793,0.78938,0.76079,0.73283,0.71409,0.69798,0.681,0.66784,0.65084,0.63539,0.63036,0.6212,0.61064,0.5996,0.59499,0.59398,0.57929,0.56989,0.56637,0.56454,0.55451,0.55482,0.55157,0.55095,0.5471,0.54296,0.5326,0.53772,0.53477,0.53138,0.52434,0.52477,0.52197,0.51817,0.5216,0.51813,0.52531,0.51701,0.51945,0.51114,0.51265,0.51319,0.50968,0.50998,0.50962,0.50876,0.51321,0.50879,0.50833,0.50783,0.50739,0.50508,0.50393,0.50464,0.50662,0.50605,0.50217,0.50427,0.50147,0.50166,0.50002,0.5004,0.50388,0.50046,0.50029,0.49608,0.49869,0.4986,0.49686,0.49875,0.49739,0.49846,0.49837,0.49552,0.49676,0.49778,0.50038,0.49792,0.4955,0.49803,0.50117,0.4991,0.49808,0.49842,0.50011,0.49912,0.49779,0.49897,0.49351,0.49239,0.49649,0.49622,0.49464,0.49803,0.49128,0.49455,0.49463,0.49172,0.49954,0.49238,0.49429,0.49802,0.49736,0.49297,0.49745,0.49647,0.5016,0.49679,0.49544,0.49366,0.49396,0.49379,0.4993,0.49593,0.49733,0.49973,0.4901,0.49923,0.4962,0.49718,0.49405,0.49426
Synth_Outdoor_H2S_29,H2S,1.0,1,0.56648,0.57287,0.57685,0.58536,0.59633,0.61063,0.62194,0.6423,0.66151,0.68289,0.70552,0.72916,0.75225,0.77559,0.79741,0.82636,0.85073,0.87932,0.90482,0.92849,0.95066,0.96995,0.98926,1.00767,1.02348,1.04628,1.05879,1.0705,1.08494,1.09725,1.11087,1.12374,1.12954,1.13327,1.14606,1.153,1.15895,1.16343,1.17036,1.17414,1.17735,1.18129,1.18136,1.18272,1.18826,1.18652,1.18704,1.18751,1.18489,1.18479,1.17714,1.18,1.17725,1.17985,1.17573,1.16948,1.16947,1.16626,1.16408,1.15742,1.1578,1.15315,1.15122,1.14548,1.14257,1.1437,1.13487,1.13189,1.13109,1.12625,1.12295,1.12239,1.11538,1.11375,1.11872,1.11228,1.10695,1.10762,1.10573,1.10445,1.0992,1.09943,1.08933,1.08923,1.08974,1.08762,1.08205,1.08267,1.07826,1.077,1.07813,1.0757,1.06875,1.06641,1.06599,1.06517,1.06193,1.06465,1.06143,1.06014,1.05452,1.05915,1.04773,1.05538,1.05405,1.04905,1.0517,1.04683,1.0457,1.04499,1.05077,1.04487,1.0421,1.03697,1.03858,1.03519,1.03828,1.03552,1.03124,1.03307,1.02954,1.0306,1.03031,1.03372,1.02974,1.01214,0.98566,0.9533,0.91613,0.87386,0.84733,0.82515,0.80134,0.78048,0.76442,0.74819,0.73477,0.715,0.70457,0.70043,0.68455,0.68056,0.67069,0.66178,0.65847,0.65199,0.65119,0.63921,0.63968,0.63263,0.6261,0.62608,0.62208,0.6176,0.61525,0.61034,0.60724,0.60882,0.60414,0.60242,0.60138,0.59952,0.59359,0.59881,0.5944,0.59219,0.59243,0.59065,0.59077,0.58907,0.58848,0.58909,0.58696,0.58345,0.58017,0.58633,0.5808,0.5795,0.57568,0.5802,0.57906,0.57427,0.5786,0.57566,0.58312,0.57449,0.57439,0.57286,0.5778,0.57327,0.57198,0.57516,0.56958,0.57425,0.57682,0.57349,0.57337,0.57367,0.57547,0.57396,0.57181,0.57273,0.56802,0.57194,0.56727,0.56867,0.56168,0.57022,0.56746,0.57169,0.5697,0.57137,0.56568,0.57085,0.5734,0.56993,0.56991,0.56823,0.56638,0.5695,0.56372,0.56634,0.56287,0.56545,0.56871,0.56827,0.56706,0.56727,0.56205,0.56573,0.56488,0.56487,0.56797,0.56428,0.56491,0.56116,0.5656,0.56356,0.56642,0.56382,0.56645,0.5658,0.57032,0.56736,0.5615,0.5629,0.56618,0.56371,0.55862,0.56942
Synth_Outdoor_H2S_30,H2S,1.0,1,0.60766,0.61561,0.61993,0.63113,0.63902,0.65783,0.66437,0.68732,0.70194,0.71978,0.74197,0.76517,0.78948,0.81031,0.83123,0.85774,0.8862,0.90873,0.93073,0.95274,0.97378,0.99511,1.01008,1.02564,1.04583,1.05904,1.07274,1.08681,1.10705,1.11251,1.1235,1.12909,1.13621,1.14658,1.15919,1.16261,1.16866,1.17359,1.17408,1.18219,1.17976,1.18705,1.18646,1.18232,1.18603,1.18405,1.19159,1.18835,1.18219,1.18771,1.18413,1.18023,1.18645,1.18066,1.17763,1.1752,1.17016,1.16829,1.17231,1.16537,1.16404,1.15625,1.15542,1.15756,1.15429,1.15501,1.15131,1.14469,1.14381,1.13922,1.14257,1.13775,1.13279,1.13036,1.13101,1.12639,1.12645,1.11475,1.11914,1.11453,1.11812,1.11557,1.10975,1.11143,1.11,1.1037,1.10769,1.09946,1.09709,1.09794,1.09298,1.09214,1.09356,1.08827,1.08225,1.08576,1.08155,1.08397,1.08213,1.08272,1.08003,1.0793,1.07375,1.0763,1.07807,1.07029,1.07538,1.06839,1.06651,1.06829,1.06829,1.06777,1.06213,1.0647,1.06103,1.05817,1.05873,1.05832,1.06065,1.06136,1.05392,1.05738,1.0559,1.06174,1.05339,1.03788,1.01866,0.98362,0.94844,0.90835,0.88821,0.86458,0.84188,0.81963,0.80998,0.79042,0.77753,0.77232,0.75379,0.74743,0.73789,0.72921,0.7214,0.71474,0.70816,0.70158,0.70018,0.68828,0.68966,0.68508,0.681,0.67856,0.67231,0.66489,0.66658,0.6617,0.65996,0.65646,0.65631,0.65409,0.64783,0.65382,0.656,0.65045,0.647,0.64605,0.64392,0.64406,0.64268,0.63964,0.64498,0.63612,0.64075,0.63788,0.6421,0.63747,0.63502,0.63464,0.63472,0.63115,0.63154,0.62847,0.63013,0.63218,0.63224,0.62609,0.63026,0.63162,0.62945,0.62793,0.62815,0.62751,0.62698,0.62871,0.63378,0.62591,0.62677,0.62723,0.62541,0.62967,0.62079,0.6252,0.62838,0.62543,0.62397,0.62696,0.62798,0.62611,0.62347,0.62651,0.62426,0.62704,0.62877,0.61844,0.62513,0.62043,0.6308,0.62348,0.62649,0.62449,0.62251,0.62216,0.62837,0.62674,0.62918,0.62443,0.625,0.62359,0.62352,0.62163,0.62443,0.62225,0.62533,0.62466,0.62496,0.62841,0.62416,0.62617,0.62943,0.62759,0.62722,0.6236,0.62495,0.62109,0.6257,0.6252,0.62461,0.62714,0.62157,0.62868
Synth_Outdoor_H2S_31,H2S,1.0,1,0.51349,0.52054,0.53042,0.53596,0.54696,0.5596,0.57854,0.58932,0.60795,0.63096,0.64829,0.67253,0.69008,0.71518,0.74321,0.76178,0.78692,0.81138,0.83105,0.85442,0.87667,0.89637,0.91818,0.93638,0.94673,0.96431,0.9798,0.9949,1.005,1.01519,1.02654,1.03611,1.04077,1.05134,1.06146,1.06334,1.06956,1.07337,1.07231,1.08168,1.08537,1.08575,1.08602,1.08801,1.09293,1.09634,1.09489,1.08784,1.09286,1.08831,1.08748,1.08643,1.08775,1.08662,1.08204,1.08004,1.07924,1.07721,1.07634,1.06773,1.06853,1.06333,1.06334,1.06031,1.05809,1.05353,1.04911,1.04493,1.04721,1.04385,1.04065,1.04311,1.0351,1.0383,1.03639,1.02515,1.02807,1.02474,1.01645,1.01817,1.02172,1.02283,1.01805,1.01462,1.01179,1.01407,1.01328,1.0045,0.99908,0.99696,1.00369,0.99849,0.99733,0.99071,0.99166,0.99119,0.99086,0.98773,0.98451,0.98353,0.98691,0.98292,0.98227,0.97694,0.97029,0.97486,0.97254,0.97415,0.9801,0.97227,0.97605,0.96936,0.96514,0.96634,0.96869,0.96753,0.96026,0.96111,0.95572,0.96024,0.96101,0.95596,0.95628,0.9599,0.95471,0.93952,0.9162,0.88423,0.85187,0.81647,0.78455,0.76154,0.7431,0.72743,0.7097,0.69309,0.68216,0.66875,0.66095,0.64978,0.63923,0.63245,0.62773,0.61622,0.61242,0.60554,0.60159,0.59413,0.59167,0.59014,0.58133,0.57693,0.57384,0.5712,0.57291,0.5654,0.56582,0.56592,0.56338,0.55948,0.55916,0.55729,0.55494,0.55354,0.55829,0.55342,0.55638,0.5478,0.54776,0.54362,0.54397,0.54986,0.54296,0.54826,0.53961,0.53939,0.54051,0.54058,0.54243,0.54069,0.53799,0.53819,0.53723,0.53527,0.53488,0.53926,0.53171,0.53995,0.53472,0.53333,0.53679,0.53836,0.53718,0.53536,0.53656,0.5293,0.53206,0.53087,0.53601,0.53182,0.53472,0.53378,0.53012,0.53067,0.53524,0.52994,0.53206,0.52967,0.53072,0.53131,0.52938,0.52887,0.53191,0.529,0.529,0.52861,0.53069,0.5332,0.53458,0.52897,0.53613,0.52821,0.5334,0.52885,0.52845,0.52876,0.53048,0.53207,0.53228,0.52824,0.52812,0.52828,0.53032,0.53009,0.52826,0.53133,0.53632,0.52942,0.52963,0.53213,0.52937,0.53247,0.52905,0.53547,0.53178,0.52942,0.52955,0.52981,0.5346,0.52808
Synth_Outdoor_H2S_32,H2S,1.0,1,0.43186,0.43696,0.44157,0.45389,0.46615,0.47856,0.49718,0.51488,0.53121,0.55244,0.56835,0.59579,0.62346,0.64465,0.66895,0.70165,0.72553,0.74681,0.77256,0.78747,0.81347,0.83551,0.85609,0.87419,0.88654,0.91015,0.92563,0.94225,0.94913,0.96068,0.96688,0.98262,0.99446,0.99862,1.01259,1.01287,1.0194,1.02037,1.02852,1.02617,1.03548,1.03757,1.04063,1.0357,1.03927,1.04047,1.03994,1.03597,1.03105,1.0364,1.03339,1.03036,1.03156,1.02726,1.02166,1.01751,1.01677,1.02264,1.01545,1.01109,1.00728,1.0043,1.00504,0.99808,0.99785,0.9925,0.99511,0.98904,0.98733,0.97987,0.98111,0.97481,0.97299,0.97408,0.96468,0.96528,0.96344,0.96125,0.95629,0.95995,0.94867,0.95267,0.9491,0.9481,0.9369,0.93644,0.94031,0.93003,0.92886,0.9298,0.92964,0.93119,0.9248,0.92182,0.92229,0.9209,0.91907,0.91584,0.9097,0.91052,0.91467,0.90999,0.90711,0.9092,0.90224,0.90331,0.90312,0.90067,0.90116,0.8996,0.89552,0.89829,0.89334,0.89588,0.89769,0.89244,0.88918,0.89074,0.88776,0.88998,0.88679,0.88985,0.89053,0.88836,0.88487,0.86687,0.84289,0.80885,0.77414,0.73881,0.70784,0.68372,0.66207,0.64178,0.62021,0.61173,0.59789,0.58005,0.56812,0.56005,0.55029,0.53961,0.52899,0.52555,0.51944,0.51375,0.50719,0.50047,0.49889,0.49217,0.48678,0.48372,0.47632,0.47701,0.4762,0.47253,0.4729,0.46601,0.46562,0.46424,0.46609,0.4587,0.45396,0.45702,0.45801,0.45107,0.45259,0.45222,0.45044,0.44703,0.44385,0.4443,0.44463,0.44477,0.4424,0.43973,0.44125,0.44124,0.43929,0.43551,0.43645,0.43861,0.43216,0.42978,0.4382,0.43517,0.43487,0.43014,0.43417,0.43253,0.42742,0.43451,0.43092,0.42915,0.42881,0.42435,0.43051,0.42934,0.42786,0.43123,0.42425,0.42593,0.42501,0.42618,0.42677,0.42741,0.42524,0.42369,0.42987,0.43147,0.42558,0.42312,0.42846,0.42094,0.42354,0.42245,0.42112,0.42315,0.42151,0.42351,0.42338,0.42159,0.42208,0.42231,0.42479,0.42226,0.42455,0.42381,0.42366,0.42556,0.41917,0.42069,0.42618,0.421,0.41451,0.42095,0.42171,0.41473,0.42451,0.41934,0.42186,0.4204,0.41767,0.41813,0.41839,0.42337,0.42023,0.41924,0.41817,0.42346
Synth_Outdoor_H2S_33,H2S,1.0,1,0.57158,0.57659,0.58014,0.59165,0.60142,0.61147,0.63312,0.6448,0.66721,0.68563,0.70534,0.7271,0.74656,0.77587,0.79484,0.81906,0.84007,0.86235,0.88823,0.90912,0.92723,0.94514,0.96394,0.98731,0.99875,1.01426,1.03246,1.03875,1.05147,1.06214,1.07796,1.08794,1.09307,1.10058,1.10388,1.11618,1.11716,1.12311,1.12448,1.12722,1.13463,1.13384,1.13764,1.13573,1.1337,1.13468,1.13628,1.134,1.13208,1.13685,1.13119,1.13141,1.13013,1.12596,1.12893,1.12028,1.12146,1.11905,1.11587,1.11027,1.11312,1.11014,1.10395,1.10477,1.10125,1.09436,1.0927,1.0949,1.08997,1.08485,1.08121,1.07923,1.07661,1.07295,1.06823,1.07313,1.07049,1.0627,1.06406,1.0593,1.0586,1.05607,1.0535,1.05728,1.04897,1.04597,1.04411,1.04675,1.03816,1.03855,1.04222,1.03734,1.03534,1.03836,1.03181,1.02766,1.02708,1.02337,1.02781,1.02453,1.02428,1.02287,1.01716,1.01426,1.0151,1.01181,1.01334,1.01482,1.01074,1.01075,1.00939,1.01084,1.00639,1.00176,1.00762,1.00807,1.00584,1.00219,1.00005,1.00319,1.00138,0.9996,1.00665,1.00087,1.00239,0.98379,0.95576,0.9291,0.89706,0.85947,0.82951,0.81021,0.78848,0.77398,0.75867,0.73969,0.72759,0.7195,0.70483,0.69459,0.68551,0.68127,0.67381,0.6646,0.6602,0.65839,0.64701,0.63986,0.64157,0.63617,0.631,0.63101,0.62835,0.61782,0.61899,0.6239,0.61722,0.61528,0.61447,0.6097,0.6099,0.60804,0.60601,0.6024,0.60224,0.59904,0.59932,0.59523,0.59509,0.59534,0.59272,0.5929,0.59287,0.59347,0.59408,0.58982,0.59362,0.59199,0.59026,0.58878,0.58862,0.59026,0.58986,0.58966,0.58596,0.58682,0.58835,0.58302,0.58339,0.58385,0.58572,0.58545,0.58227,0.57879,0.58291,0.57973,0.57804,0.57834,0.58208,0.58443,0.58091,0.58115,0.58341,0.5764,0.58138,0.57989,0.58117,0.57838,0.57742,0.5797,0.58334,0.58123,0.57768,0.57549,0.57453,0.58193,0.57616,0.57766,0.58169,0.57428,0.58197,0.57753,0.57523,0.57742,0.57618,0.57906,0.57629,0.57308,0.57725,0.57435,0.57821,0.57468,0.57642,0.57809,0.57709,0.57824,0.5793,0.57469,0.5774,0.56923,0.57819,0.57682,0.57511,0.57837,0.58051,0.57639,0.57523,0.57802,0.57429,0.57601
Synth_Outdoor_H2S_34,H2S,1.0,1,0.52641,0.53248,0.54514,0.55656,0.56191,0.58084,0.59838,0.61684,0.63177,0.65263,0.66792,0.7016,0.71899,0.74286,0.76965,0.79923,0.82592,0.84519,0.87113,0.89157,0.91063,0.93746,0.9514,0.97467,0.99066,1.00437,1.02175,1.03606,1.04233,1.05212,1.06002,1.0799,1.08189,1.09364,1.09596,1.10783,1.1076,1.11114,1.11772,1.12038,1.12606,1.12678,1.1304,1.12959,1.12975,1.13066,1.13739,1.13251,1.12603,1.12825,1.12803,1.13044,1.12645,1.11958,1.12592,1.11765,1.11839,1.10964,1.1036,1.10308,1.09552,1.106,1.09845,1.09281,1.09345,1.08997,1.08825,1.08693,1.0804,1.07614,1.07761,1.07462,1.06989,1.07212,1.06274,1.05884,1.05955,1.05437,1.0549,1.04915,1.04778,1.05103,1.04274,1.03921,1.04171,1.03388,1.03266,1.03384,1.03283,1.03162,1.02476,1.02616,1.02152,1.01924,1.02188,1.0157,1.01605,1.01412,1.00957,1.01324,1.01077,1.00293,1.00709,1.00298,1.00623,0.99852,0.99999,1.00059,0.99864,0.99918,0.99226,0.99897,0.99498,0.99591,0.99356,0.99022,0.98589,0.98656,0.99083,0.9892,0.98308,0.97625,0.98485,0.98575,0.98037,0.96763,0.94438,0.91281,0.87529,0.83406,0.80941,0.7925,0.76684,0.74821,0.73151,0.71662,0.69608,0.68919,0.67857,0.67175,0.65945,0.64679,0.64429,0.63417,0.62674,0.62184,0.61993,0.61681,0.61036,0.60657,0.60236,0.59789,0.59612,0.58531,0.58885,0.58335,0.58643,0.58088,0.57924,0.57345,0.57791,0.57522,0.57344,0.5685,0.56715,0.56829,0.56475,0.56642,0.55881,0.56196,0.56669,0.56236,0.56078,0.56448,0.55288,0.55594,0.55628,0.55876,0.55818,0.55322,0.5573,0.55325,0.55678,0.5507,0.55251,0.55118,0.55463,0.55028,0.55109,0.55211,0.55186,0.5524,0.55042,0.54856,0.54845,0.54912,0.54944,0.54822,0.54842,0.5444,0.54967,0.54827,0.55016,0.54748,0.54298,0.54628,0.54654,0.54877,0.54161,0.54677,0.54785,0.54481,0.54656,0.54472,0.54439,0.54514,0.54432,0.54774,0.54411,0.54363,0.55027,0.54821,0.54112,0.54381,0.54629,0.54644,0.54187,0.54846,0.54763,0.54676,0.54895,0.54669,0.54668,0.54947,0.54834,0.54347,0.54717,0.54393,0.54688,0.54685,0.54223,0.54542,0.54641,0.5447,0.54659,0.54785,0.54581,0.5465,0.54947,0.54727
Synth_Outdoor_H2S_35,H2S,1.0,1,0.60824,0.61182,0.62449,0.63434,0.64953,0.6617,0.67405,0.69329,0.72022,0.73948,0.76601,0.79051,0.81611,0.84332,0.86886,0.89861,0.92461,0.95205,0.97829,1.00366,1.03044,1.05039,1.07448,1.0956,1.11232,1.12865,1.14397,1.15993,1.17144,1.18606,1.19643,1.20431,1.21678,1.22317,1.23022,1.23596,1.24341,1.25053,1.2544,1.2563,1.25938,1.26292,1.26073,1.25918,1.26562,1.26102,1.26008,1.25625,1.26079,1.25377,1.25418,1.25548,1.25354,1.24766,1.24636,1.24174,1.23977,1.23903,1.23425,1.23191,1.22582,1.22917,1.22454,1.22227,1.22066,1.21257,1.21085,1.20407,1.21367,1.20234,1.20231,1.1937,1.19639,1.19569,1.18802,1.18284,1.1823,1.17437,1.17719,1.17668,1.17182,1.16847,1.16779,1.16536,1.15721,1.15919,1.16279,1.15118,1.15213,1.15505,1.15084,1.14473,1.14453,1.14212,1.13842,1.13835,1.13607,1.13535,1.13153,1.12857,1.13008,1.13293,1.12735,1.1249,1.12623,1.1226,1.12631,1.12027,1.12069,1.11571,1.11755,1.11569,1.1136,1.11122,1.10963,1.11075,1.11048,1.10753,1.10749,1.10559,1.10493,1.103,1.10617,1.1144,1.10273,1.08767,1.06077,1.02407,0.9883,0.94526,0.91761,0.88837,0.86401,0.84696,0.82506,0.81273,0.79357,0.78233,0.76738,0.76697,0.74572,0.74071,0.73518,0.72726,0.71978,0.71047,0.70876,0.7023,0.69561,0.69115,0.68563,0.68028,0.68209,0.67903,0.67046,0.66946,0.66684,0.66465,0.6626,0.66267,0.65643,0.65433,0.65778,0.65192,0.64839,0.64888,0.64791,0.65135,0.64856,0.64797,0.64608,0.64541,0.64035,0.64066,0.63786,0.63901,0.6405,0.6384,0.64068,0.6339,0.63738,0.63242,0.63526,0.63637,0.63351,0.63496,0.63074,0.62854,0.63369,0.63628,0.62908,0.63432,0.63106,0.62731,0.62753,0.63015,0.62883,0.62633,0.62515,0.62706,0.62941,0.62871,0.62728,0.62888,0.63081,0.62909,0.62768,0.63018,0.62534,0.62707,0.62701,0.62432,0.62627,0.62205,0.63194,0.62476,0.63101,0.62706,0.62831,0.62562,0.62729,0.62836,0.62837,0.62864,0.62574,0.62544,0.62263,0.62791,0.62929,0.63063,0.62736,0.62471,0.62238,0.62923,0.62214,0.62582,0.62614,0.62659,0.62688,0.62716,0.62079,0.62689,0.62131,0.62878,0.62563,0.62171,0.62514,0.62583,0.63031,0.6279
Synth_Outdoor_H2S_36,H2S,1.0,1,0.40435,0.41241,0.41716,0.42921,0.44093,0.45017,0.47291,0.48338,0.50871,0.52371,0.55151,0.57838,0.59788,0.62313,0.6511,0.67474,0.70596,0.72727,0.75063,0.77376,0.79533,0.8174,0.83811,0.85649,0.87349,0.89659,0.9038,0.92062,0.9345,0.94633,0.95531,0.96456,0.97507,0.98253,0.9883,0.9913,0.99949,1.00252,1.00773,1.0128,1.01631,1.02194,1.01764,1.02185,1.02107,1.02351,1.02131,1.01648,1.01345,1.01697,1.01299,1.00964,1.00646,1.00752,1.00845,1.00123,1.00135,0.99726,0.99189,0.99436,0.98704,0.98699,0.98317,0.98329,0.97537,0.97592,0.9698,0.96761,0.95679,0.96812,0.96127,0.95502,0.95119,0.94983,0.94998,0.94063,0.94215,0.94413,0.93412,0.93451,0.93724,0.93071,0.92688,0.92534,0.92062,0.92255,0.91604,0.90992,0.91167,0.90798,0.90745,0.90534,0.90687,0.90361,0.90052,0.89791,0.89338,0.88868,0.89259,0.89249,0.88846,0.88565,0.88642,0.88341,0.88619,0.88344,0.88119,0.8792,0.87266,0.87618,0.8741,0.87339,0.87187,0.87053,0.87492,0.86671,0.86797,0.86317,0.86501,0.86411,0.8614,0.86319,0.85897,0.8611,0.85721,0.84363,0.81675,0.78624,0.74351,0.70496,0.67888,0.65321,0.63287,0.61186,0.59351,0.57833,0.56426,0.55047,0.53897,0.52778,0.52118,0.51062,0.5076,0.49486,0.48626,0.48806,0.47666,0.47284,0.467,0.46259,0.45822,0.45029,0.45043,0.44292,0.44274,0.43852,0.43856,0.436,0.43404,0.43136,0.42707,0.42602,0.42717,0.42582,0.41864,0.41617,0.41674,0.41981,0.41894,0.41239,0.4143,0.41701,0.41239,0.41389,0.41187,0.40619,0.40708,0.40683,0.40621,0.40746,0.40544,0.39637,0.39977,0.39696,0.40224,0.40185,0.4014,0.39774,0.40129,0.4009,0.39549,0.39449,0.3977,0.40175,0.4011,0.39787,0.39424,0.39793,0.39421,0.39308,0.38931,0.39461,0.39246,0.39398,0.38768,0.39357,0.38679,0.39533,0.39367,0.39144,0.39329,0.3892,0.39158,0.39314,0.3832,0.3896,0.39045,0.38982,0.39375,0.3871,0.38818,0.38477,0.39316,0.3886,0.38795,0.38876,0.39032,0.38945,0.39505,0.38943,0.38698,0.38661,0.38689,0.384,0.38774,0.38946,0.38584,0.38525,0.39094,0.38346,0.38174,0.38391,0.38285,0.38757,0.38562,0.38591,0.38926,0.38458,0.38817,0.38993
Synth_Outdoor_H2S_37,H2S,1.0,1,0.64777,0.65668,0.6584,0.66814,0.68316,0.69607,0.7128,0.73114,0.75287,0.77103,0.79239,0.81719,0.84071,0.8655,0.88936,0.91923,0.9431,0.97193,0.9903,1.01614,1.04445,1.05876,1.0804,1.09659,1.11356,1.13696,1.14865,1.16251,1.17069,1.18746,1.20002,1.20958,1.21693,1.22021,1.23078,1.23775,1.23693,1.24321,1.2521,1.25521,1.25172,1.25956,1.25932,1.26204,1.25904,1.26227,1.26226,1.2583,1.25792,1.25465,1.25866,1.25237,1.24835,1.24668,1.24641,1.24544,1.2375,1.24268,1.23593,1.23332,1.22885,1.22607,1.22256,1.22238,1.21665,1.21555,1.20956,1.2082,1.20286,1.20513,1.1972,1.19566,1.19277,1.18988,1.18985,1.18452,1.18606,1.17785,1.17771,1.17276,1.17317,1.16962,1.16685,1.16779,1.16083,1.16165,1.15604,1.15601,1.15063,1.1499,1.14935,1.15209,1.14587,1.14783,1.14222,1.13872,1.14174,1.13728,1.13296,1.13414,1.13071,1.12495,1.13069,1.12955,1.13008,1.12531,1.12243,1.12386,1.12251,1.123,1.11729,1.11553,1.1129,1.1149,1.10853,1.11309,1.11125,1.10981,1.10726,1.10935,1.10635,1.10118,1.10346,1.10407,1.10231,1.08365,1.0643,1.03228,0.98956,0.95457,0.92585,0.90368,0.88392,0.85641,0.84249,0.827,0.81004,0.79955,0.79021,0.77788,0.76508,0.7673,0.75269,0.74491,0.73512,0.73234,0.72561,0.71612,0.71336,0.71362,0.71242,0.70472,0.70308,0.69669,0.69384,0.69398,0.69277,0.68945,0.68127,0.68165,0.68052,0.67728,0.67711,0.67652,0.67538,0.67563,0.6692,0.66529,0.66834,0.67095,0.66393,0.66577,0.66477,0.66256,0.66119,0.65798,0.65374,0.65585,0.65688,0.65987,0.6562,0.65451,0.65295,0.65623,0.65742,0.65613,0.65446,0.64877,0.65111,0.65637,0.65385,0.64679,0.6501,0.65077,0.64761,0.64338,0.64901,0.64645,0.64613,0.64688,0.64713,0.64717,0.64474,0.64616,0.64206,0.64702,0.63886,0.64504,0.64783,0.64265,0.64687,0.64777,0.63642,0.64414,0.63716,0.64391,0.64403,0.63768,0.64853,0.64428,0.6413,0.64696,0.63868,0.63996,0.63715,0.64726,0.64345,0.64417,0.64316,0.64373,0.6424,0.64277,0.64227,0.64039,0.64173,0.64246,0.64196,0.63793,0.6382,0.64419,0.64065,0.64282,0.63857,0.63757,0.63908,0.64061,0.63945,0.64429,0.64145,0.64555
Synth_Outdoor_H2S_38,H2S,5.0,1,0.48897,0.48856,0.50085,0.50823,0.52737,0.53973,0.55003,0.5691,0.58923,0.61148,0.63145,0.65202,0.67694,0.70363,0.73211,0.75555,0.77774,0.80597,0.82728,0.85337,0.87924,0.89263,0.91492,0.92912,0.94739,0.96323,0.97696,0.99679,1.00208,1.01568,1.01999,1.03566,1.04624,1.0499,1.05184,1.06412,1.06953,1.0758,1.08279,1.07983,1.0809,1.08168,1.08611,1.08745,1.08516,1.08842,1.08726,1.08544,1.08195,1.08156,1.07504,1.07996,1.07767,1.07612,1.07472,1.07195,1.0679,1.06523,1.05846,1.05741,1.05598,1.05105,1.05215,1.04552,1.04487,1.04176,1.04045,1.03795,1.03451,1.02457,1.02984,1.02764,1.01955,1.01824,1.01239,1.00685,1.00716,1.00517,1.00327,0.99945,0.99768,0.99713,0.99282,0.99371,0.99179,0.99394,0.9888,0.98465,0.98058,0.98092,0.97898,0.9749,0.97628,0.96907,0.97028,0.9707,0.96704,0.96564,0.9641,0.9606,0.96391,0.95681,0.95867,0.95761,0.95301,0.95442,0.9508,0.95524,0.94756,0.94736,0.94452,0.94284,0.94895,0.94518,0.94303,0.93977,0.94237,0.93666,0.93938,0.93393,0.93328,0.93539,0.9377,0.93806,0.9284,0.9151,0.89237,0.85786,0.82708,0.78184,0.75744,0.73447,0.70765,0.69254,0.68081,0.66422,0.65442,0.64199,0.62799,0.61746,0.6075,0.59218,0.58753,0.58416,0.57893,0.57218,0.56379,0.56337,0.56015,0.55458,0.55078,0.54329,0.54405,0.53865,0.53671,0.5337,0.53002,0.52587,0.52563,0.52627,0.52078,0.52233,0.52026,0.51609,0.51884,0.51309,0.51644,0.51251,0.51021,0.50694,0.50787,0.50659,0.50301,0.50474,0.50244,0.5051,0.50613,0.49906,0.5057,0.50044,0.4977,0.50146,0.49789,0.49825,0.49691,0.49537,0.49876,0.49579,0.4925,0.49706,0.49229,0.49203,0.49753,0.4912,0.48808,0.49512,0.4925,0.49244,0.49195,0.49306,0.49038,0.49572,0.48811,0.4927,0.49295,0.48924,0.48839,0.49331,0.48811,0.48891,0.49247,0.49019,0.48546,0.49419,0.48837,0.48857,0.49008,0.4909,0.49412,0.48494,0.49104,0.49074,0.48844,0.49067,0.49097,0.4851,0.49284,0.4845,0.4855,0.48764,0.49306,0.48742,0.48805,0.49163,0.48725,0.48501,0.48687,0.49132,0.48806,0.49268,0.48966,0.48617,0.48789,0.48561,0.48605,0.49892,0.49027,0.48988,0.48618,0.49168
Synth_Outdoor_H2S_39,H2S,5.0,1,0.57567,0.57333,0.58211,0.59213,0.60395,0.62099,0.63428,0.65812,0.67664,0.69234,0.71906,0.74087,0.7599,0.78051,0.8099,0.83379,0.86069,0.88475,0.9084,0.93234,0.94966,0.97417,0.99126,1.01083,1.02946,1.03965,1.05654,1.07034,1.08166,1.09654,1.10278,1.1125,1.12053,1.13273,1.13569,1.14437,1.15392,1.15394,1.16128,1.16629,1.16757,1.16724,1.17059,1.16698,1.16907,1.1699,1.1769,1.16878,1.16794,1.16631,1.16902,1.16647,1.16708,1.16402,1.15668,1.15599,1.15922,1.15298,1.15405,1.14821,1.14346,1.14232,1.13786,1.13604,1.13508,1.13296,1.12482,1.12582,1.12149,1.11849,1.11752,1.11283,1.11474,1.11143,1.10875,1.10204,1.09852,1.09885,1.09596,1.09245,1.08858,1.08891,1.08548,1.08575,1.08327,1.08199,1.07381,1.07578,1.07087,1.06765,1.06774,1.06975,1.0645,1.06779,1.06378,1.05991,1.06224,1.05889,1.05382,1.05906,1.05328,1.0509,1.04688,1.05007,1.04662,1.04528,1.04095,1.04288,1.04174,1.03649,1.03326,1.03685,1.03002,1.03292,1.03001,1.03276,1.02735,1.02986,1.02478,1.02775,1.02962,1.0208,1.02651,1.03374,1.02135,1.00634,0.98372,0.94974,0.90893,0.88015,0.84375,0.82394,0.80689,0.7841,0.76631,0.755,0.73687,0.72344,0.71583,0.70437,0.69231,0.68841,0.68012,0.67088,0.66451,0.66042,0.65675,0.64804,0.64575,0.64126,0.63809,0.63237,0.62664,0.62467,0.62378,0.62476,0.61649,0.61736,0.61234,0.61141,0.61301,0.60935,0.60264,0.60273,0.6058,0.60161,0.59705,0.59665,0.59928,0.59891,0.59542,0.60056,0.59548,0.5919,0.58962,0.5884,0.59091,0.58813,0.59285,0.59168,0.58899,0.58385,0.58455,0.58881,0.58376,0.58748,0.5854,0.5839,0.58157,0.58266,0.58299,0.58473,0.57958,0.58081,0.58128,0.58253,0.57832,0.57702,0.58174,0.57598,0.58273,0.5789,0.57519,0.57766,0.57963,0.57718,0.57838,0.58001,0.57748,0.57548,0.57691,0.58103,0.58155,0.57217,0.57982,0.57762,0.57918,0.57538,0.57224,0.57801,0.57409,0.5729,0.57299,0.57773,0.57647,0.57801,0.57766,0.57485,0.57564,0.57447,0.57519,0.57328,0.57663,0.57831,0.57354,0.57875,0.57579,0.57606,0.57122,0.57095,0.57582,0.57744,0.57379,0.57963,0.57727,0.57312,0.57546,0.58158,0.57229,0.57673
Synth_Outdoor_H2S_40,H2S,5.0,1,0.62707,0.63575,0.64513,0.65084,0.66632,0.68294,0.69298,0.71195,0.72748,0.74963,0.77126,0.79704,0.82242,0.84412,0.87357,0.89894,0.9224,0.94368,0.96741,0.98992,1.01629,1.0316,1.05572,1.06948,1.09112,1.10484,1.12273,1.13574,1.1489,1.16034,1.16741,1.17365,1.18257,1.18789,1.19749,1.20666,1.21051,1.21602,1.22149,1.22258,1.22302,1.22768,1.2271,1.22978,1.23452,1.23075,1.23576,1.23446,1.22865,1.22623,1.22754,1.22897,1.2231,1.2246,1.22321,1.21597,1.21382,1.2147,1.21057,1.20559,1.20349,1.20113,1.19434,1.19713,1.19103,1.18236,1.18645,1.18192,1.18533,1.17697,1.17307,1.17447,1.1689,1.16604,1.16686,1.16079,1.15778,1.16385,1.1591,1.15495,1.15334,1.15224,1.15095,1.14423,1.1447,1.1402,1.13873,1.13744,1.13494,1.1348,1.13223,1.12533,1.12374,1.12426,1.12791,1.11952,1.11954,1.11723,1.1158,1.11629,1.1179,1.11405,1.1094,1.11686,1.1088,1.1059,1.10977,1.10404,1.10836,1.10097,1.10566,1.10154,1.1032,1.1037,1.09509,1.10007,1.09234,1.09223,1.09184,1.09412,1.09196,1.09024,1.09325,1.09545,1.09003,1.07608,1.05326,1.01624,0.9782,0.94485,0.91172,0.88899,0.87203,0.85032,0.83065,0.81468,0.80471,0.79496,0.78357,0.77072,0.76604,0.75215,0.74421,0.73096,0.72971,0.72699,0.7233,0.71232,0.71095,0.70817,0.70171,0.69237,0.69537,0.6936,0.68649,0.68559,0.68087,0.67504,0.68189,0.67729,0.67941,0.67582,0.67114,0.67029,0.67049,0.67016,0.6673,0.66809,0.66348,0.66067,0.66199,0.66173,0.65731,0.65611,0.65978,0.65691,0.6568,0.65564,0.65972,0.65849,0.65166,0.65287,0.65582,0.65473,0.65267,0.6495,0.65024,0.65026,0.65187,0.65507,0.64875,0.6476,0.64962,0.65219,0.64574,0.65276,0.64847,0.64684,0.64445,0.65002,0.64765,0.6483,0.64545,0.64676,0.64621,0.64705,0.64552,0.64325,0.6538,0.64346,0.64725,0.64227,0.64163,0.64679,0.64691,0.64955,0.64733,0.6459,0.64387,0.64994,0.64846,0.64298,0.64616,0.64641,0.64515,0.64793,0.64807,0.64551,0.64526,0.64973,0.64833,0.64619,0.64192,0.64687,0.64775,0.63914,0.64668,0.64505,0.64557,0.64388,0.64581,0.64973,0.64516,0.64876,0.64439,0.64835,0.64652,0.64746,0.64668,0.64834
Synth_Outdoor_H2S_41,H2S,5.0,1,0.5162,0.51668,0.52922,0.54128,0.55234,0.56813,0.58777,0.60877,0.62494,0.64875,0.67274,0.69419,0.7273,0.75669,0.78473,0.80794,0.83475,0.8652,0.89367,0.91739,0.94191,0.96687,0.98362,1.00493,1.02819,1.04081,1.05391,1.06987,1.08243,1.09778,1.10575,1.11887,1.1258,1.131,1.14494,1.15157,1.15868,1.1611,1.16538,1.172,1.17774,1.17621,1.17897,1.17846,1.1765,1.18359,1.18376,1.18282,1.17951,1.17978,1.1785,1.17811,1.17424,1.16949,1.16346,1.16421,1.16137,1.15928,1.15756,1.15057,1.15271,1.13971,1.14192,1.13564,1.12967,1.13075,1.12442,1.12445,1.12173,1.12126,1.11162,1.11455,1.10946,1.10874,1.10196,1.09671,1.09422,1.09135,1.09329,1.09343,1.08608,1.08683,1.07908,1.08097,1.07982,1.07204,1.0727,1.07263,1.06111,1.06938,1.0646,1.06325,1.05831,1.05301,1.05673,1.05331,1.05164,1.05231,1.0496,1.05066,1.04447,1.04058,1.0401,1.03986,1.03967,1.03183,1.03387,1.03631,1.03025,1.03177,1.02929,1.02912,1.0234,1.02208,1.02276,1.01757,1.01948,1.01953,1.02208,1.01735,1.01653,1.0163,1.01333,1.01668,1.01727,0.99487,0.97115,0.93533,0.88885,0.85351,0.82142,0.79548,0.76939,0.74756,0.73038,0.71441,0.70233,0.69005,0.67638,0.66354,0.6484,0.6403,0.63308,0.62296,0.61866,0.61231,0.60572,0.60131,0.59133,0.59117,0.58269,0.57801,0.57792,0.57613,0.57107,0.5669,0.56484,0.56178,0.55617,0.55359,0.55434,0.55268,0.55059,0.55048,0.54658,0.54694,0.5437,0.54722,0.54153,0.5459,0.53974,0.5372,0.5344,0.53201,0.53215,0.5315,0.53381,0.53071,0.53172,0.53368,0.52952,0.53423,0.52542,0.52736,0.52582,0.52899,0.52054,0.52201,0.52484,0.52848,0.52467,0.52026,0.52022,0.52703,0.52094,0.5198,0.52554,0.52406,0.52441,0.51851,0.51677,0.52065,0.52089,0.52072,0.52326,0.51499,0.52122,0.51607,0.52075,0.51722,0.51618,0.51653,0.51423,0.51778,0.51557,0.51932,0.51883,0.52132,0.51789,0.51816,0.52019,0.51499,0.51271,0.51683,0.51269,0.5223,0.51971,0.52139,0.51601,0.51714,0.51451,0.51778,0.51248,0.5091,0.51341,0.51172,0.51899,0.51979,0.51168,0.51837,0.51749,0.51115,0.51409,0.51362,0.51694,0.51197,0.51478,0.51329,0.51617,0.51443
Synth_Outdoor_H2S_42,H2S,5.0,1,0.47047,0.47113,0.47856,0.49382,0.50539,0.51815,0.54507,0.55842,0.5801,0.605,0.63402,0.65184,0.68409,0.71674,0.74042,0.76573,0.79581,0.82592,0.85595,0.87789,0.90569,0.92356,0.94562,0.96866,0.99264,1.00696,1.02387,1.03884,1.05471,1.06305,1.07786,1.08464,1.1012,1.10286,1.11036,1.1207,1.12538,1.131,1.13495,1.1353,1.14512,1.14587,1.14892,1.14545,1.14839,1.14767,1.1493,1.14847,1.14489,1.13914,1.1455,1.14025,1.13481,1.1345,1.12678,1.1302,1.12082,1.12078,1.11862,1.11713,1.11122,1.109,1.10388,1.10039,1.09724,1.09315,1.08596,1.08474,1.0837,1.07892,1.07571,1.07177,1.06707,1.06477,1.06209,1.05981,1.05781,1.05351,1.04861,1.04491,1.05219,1.04018,1.03899,1.03888,1.03579,1.03361,1.02868,1.02793,1.02504,1.02175,1.02091,1.02074,1.01588,1.01385,1.01457,1.01235,1.01191,1.00168,1.00655,1.00392,0.9983,0.99927,0.99938,0.99287,0.99433,0.9938,0.98735,0.98801,0.98737,0.98282,0.98071,0.9807,0.98122,0.97906,0.97364,0.97594,0.97073,0.96737,0.96915,0.97158,0.96917,0.96607,0.9676,0.96911,0.96422,0.94463,0.91903,0.8831,0.83907,0.79971,0.7705,0.74254,0.71782,0.69491,0.6819,0.65851,0.64555,0.62947,0.61787,0.60716,0.59183,0.58541,0.57939,0.57258,0.56029,0.5538,0.55287,0.54436,0.53463,0.52971,0.52909,0.51998,0.52131,0.51578,0.51285,0.50774,0.50385,0.50635,0.49948,0.49666,0.49522,0.49379,0.48874,0.48802,0.48612,0.48812,0.48219,0.47848,0.47652,0.47641,0.4822,0.47763,0.4777,0.47669,0.47444,0.4731,0.47493,0.47178,0.47401,0.47123,0.46734,0.46687,0.46555,0.46971,0.46498,0.46335,0.4655,0.46388,0.46431,0.46775,0.46479,0.46206,0.45799,0.45977,0.46236,0.45722,0.46511,0.45941,0.45912,0.45696,0.45951,0.45502,0.46301,0.46057,0.45943,0.45319,0.45688,0.45909,0.45726,0.45301,0.45363,0.45388,0.45326,0.45838,0.44951,0.45573,0.45065,0.45128,0.44845,0.45191,0.45686,0.45357,0.44971,0.45508,0.45547,0.45251,0.45718,0.45399,0.45346,0.44958,0.45301,0.45185,0.4525,0.44937,0.45128,0.44879,0.44532,0.45304,0.44668,0.45059,0.45109,0.45098,0.44939,0.45069,0.4511,0.45166,0.45407,0.45024,0.44973,0.44722
Synth_Outdoor_H2S_43,H2S,5.0,1,0.45304,0.46023,0.46672,0.47925,0.48988,0.50742,0.52482,0.54337,0.56173,0.58068,0.60499,0.63243,0.66246,0.68162,0.71016,0.73432,0.75982,0.78664,0.8085,0.84145,0.85568,0.88265,0.90117,0.92136,0.94507,0.95886,0.97143,0.98673,0.9996,1.01375,1.02561,1.04012,1.0396,1.05237,1.05877,1.06826,1.0724,1.07797,1.08175,1.0824,1.09097,1.09263,1.09488,1.09714,1.09595,1.09924,1.09686,1.09554,1.09598,1.09549,1.09339,1.09747,1.09248,1.09,1.08851,1.09251,1.07947,1.07716,1.07257,1.07205,1.06978,1.06451,1.06086,1.05907,1.05389,1.05236,1.05075,1.04613,1.04323,1.04054,1.0355,1.03151,1.02722,1.0255,1.02243,1.02283,1.01914,1.01732,1.00999,1.01384,1.00659,1.00232,1.00132,1.00595,0.99609,0.99359,0.9914,0.9891,0.98526,0.98544,0.98574,0.98187,0.97635,0.9763,0.97383,0.97338,0.97465,0.96905,0.96738,0.97024,0.96616,0.96361,0.96533,0.96005,0.95232,0.95788,0.95038,0.95405,0.94719,0.94892,0.9479,0.94574,0.94571,0.94814,0.94281,0.94504,0.94035,0.94139,0.94178,0.93757,0.93585,0.93919,0.94327,0.94168,0.93514,0.92121,0.89536,0.86194,0.81647,0.78214,0.75249,0.72984,0.70764,0.68884,0.66998,0.64995,0.64225,0.62862,0.6103,0.60338,0.59112,0.58388,0.57786,0.57298,0.5626,0.55511,0.54771,0.54371,0.5418,0.53383,0.52762,0.522,0.52381,0.51988,0.51461,0.51601,0.50979,0.50809,0.50613,0.50319,0.50266,0.50309,0.49562,0.49807,0.49575,0.4943,0.49475,0.49143,0.4913,0.49078,0.48669,0.4877,0.4854,0.48481,0.48351,0.48467,0.48292,0.48297,0.48127,0.47666,0.48016,0.47965,0.47958,0.47697,0.47497,0.47907,0.4764,0.47711,0.47559,0.47589,0.47442,0.47279,0.47608,0.47309,0.47473,0.47512,0.47238,0.4706,0.47944,0.47186,0.47454,0.47762,0.47457,0.47169,0.47214,0.47009,0.47427,0.47338,0.47054,0.46911,0.4683,0.47396,0.47171,0.47186,0.46921,0.46756,0.47356,0.47122,0.47333,0.47004,0.47037,0.47271,0.47274,0.47288,0.47012,0.47239,0.47364,0.47059,0.46959,0.47424,0.46925,0.47246,0.47077,0.46636,0.47382,0.46413,0.46609,0.47239,0.47241,0.46952,0.47154,0.46489,0.47304,0.47195,0.47128,0.47153,0.47279,0.47156,0.46702,0.47727
Synth_Outdoor_H2S_44,H2S,5.0,1,0.46513,0.47154,0.48288,0.48474,0.50076,0.51168,0.53105,0.54804,0.56854,0.58741,0.60895,0.63531,0.65861,0.68313,0.70595,0.72971,0.75543,0.78113,0.79793,0.82694,0.84818,0.86779,0.88623,0.89787,0.91971,0.94075,0.95076,0.96345,0.97663,0.98878,0.99973,1.00663,1.01646,1.02695,1.03185,1.04104,1.0386,1.04877,1.04621,1.05207,1.05544,1.05417,1.05693,1.05972,1.05597,1.06183,1.05383,1.06153,1.05829,1.05432,1.05194,1.04974,1.04852,1.04649,1.04747,1.04697,1.04023,1.03527,1.03362,1.03201,1.02729,1.02426,1.02977,1.02248,1.01672,1.01789,1.00997,1.00736,1.00542,1.00903,1.00187,0.99397,1.00061,0.99429,0.98792,0.98928,0.98896,0.98628,0.98741,0.9784,0.97827,0.97402,0.96959,0.97337,0.9701,0.96754,0.96581,0.96099,0.9581,0.95865,0.95952,0.9588,0.95508,0.95161,0.9507,0.94858,0.94447,0.94557,0.94063,0.94209,0.94495,0.9414,0.93552,0.93611,0.93275,0.93329,0.93464,0.93226,0.9354,0.93077,0.92693,0.92685,0.92357,0.92029,0.92552,0.92389,0.91982,0.92014,0.92156,0.91959,0.91279,0.9158,0.91692,0.92119,0.91552,0.90156,0.87135,0.84038,0.80904,0.76924,0.73866,0.72028,0.69676,0.68398,0.66352,0.6481,0.63315,0.62568,0.61137,0.59924,0.58896,0.58225,0.5722,0.57011,0.55652,0.55474,0.55118,0.54553,0.53832,0.53753,0.52976,0.52832,0.5267,0.52314,0.51743,0.51945,0.51419,0.51352,0.51333,0.51029,0.50841,0.50432,0.50417,0.50116,0.49614,0.49857,0.49717,0.49677,0.49383,0.49115,0.49365,0.48773,0.49373,0.48862,0.48898,0.48898,0.48831,0.48261,0.4875,0.48556,0.48261,0.48174,0.48222,0.47929,0.48633,0.48528,0.48224,0.48013,0.47983,0.48184,0.48397,0.47778,0.47605,0.48238,0.47374,0.47539,0.47703,0.47349,0.47992,0.47904,0.47525,0.47966,0.47989,0.4758,0.47476,0.48137,0.47735,0.47602,0.47865,0.47584,0.47368,0.47502,0.4773,0.4696,0.47373,0.47781,0.47299,0.47804,0.47763,0.47384,0.47252,0.47314,0.48045,0.4784,0.47398,0.47208,0.47384,0.4741,0.47035,0.47362,0.47671,0.46887,0.47539,0.47671,0.47183,0.47744,0.47146,0.47427,0.4724,0.4724,0.47163,0.47492,0.47532,0.47308,0.46986,0.47427,0.47432,0.47272,0.47792,0.46933
Synth_Outdoor_H2S_45,H2S,5.0,1,0.51275,0.51508,0.52416,0.54002,0.55198,0.56744,0.58592,0.60235,0.62381,0.64984,0.66901,0.69284,0.72391,0.75477,0.7809,0.81019,0.8305,0.86329,0.89029,0.91047,0.94002,0.96029,0.98953,0.99623,1.02344,1.03601,1.04862,1.06587,1.08131,1.0956,1.10872,1.11847,1.12199,1.13578,1.14155,1.14571,1.15276,1.15664,1.16283,1.16446,1.16652,1.17239,1.17418,1.17292,1.17691,1.17237,1.17132,1.17246,1.1689,1.16759,1.15898,1.16302,1.15584,1.15466,1.15145,1.14915,1.14727,1.14425,1.14388,1.13955,1.13108,1.13293,1.13034,1.12559,1.12322,1.12086,1.11931,1.1105,1.11087,1.11224,1.10894,1.10443,1.10058,1.10032,1.09803,1.09004,1.08512,1.08407,1.08972,1.07532,1.07538,1.07033,1.07154,1.06563,1.06582,1.05876,1.0628,1.06197,1.05567,1.05401,1.05168,1.05031,1.04755,1.04744,1.04649,1.03922,1.03839,1.03933,1.03146,1.02814,1.03174,1.03063,1.02589,1.0246,1.02255,1.0207,1.02303,1.01675,1.01739,1.01413,1.01103,1.01508,1.00994,1.01014,1.00437,1.00483,1.00718,1.01034,0.9975,1.00061,1.00105,0.99727,1.00356,1.00081,0.99763,0.97996,0.95785,0.91809,0.87915,0.84318,0.80705,0.78381,0.75605,0.7373,0.72249,0.70236,0.68839,0.67729,0.66218,0.65438,0.64252,0.63361,0.62698,0.61675,0.61257,0.60438,0.59474,0.59372,0.58605,0.57972,0.57708,0.57518,0.56983,0.56979,0.56473,0.56032,0.55367,0.55318,0.55139,0.55068,0.54839,0.54521,0.5432,0.54294,0.53733,0.54216,0.53135,0.5387,0.53363,0.53499,0.53221,0.53104,0.5305,0.53013,0.52631,0.52879,0.52264,0.52452,0.52584,0.52549,0.52342,0.52057,0.52312,0.51858,0.52406,0.5189,0.51473,0.51507,0.51767,0.51743,0.52155,0.5136,0.51589,0.51274,0.51379,0.51884,0.51144,0.5154,0.51457,0.51322,0.51429,0.50979,0.51657,0.51697,0.51204,0.51775,0.51047,0.51224,0.51461,0.50965,0.50713,0.50635,0.51535,0.50871,0.50939,0.50692,0.51193,0.50746,0.50803,0.50985,0.5063,0.50839,0.51221,0.50966,0.50882,0.50892,0.50731,0.51317,0.50604,0.50848,0.50814,0.51029,0.51045,0.50753,0.50826,0.5083,0.50172,0.50335,0.50576,0.5058,0.50414,0.50894,0.50701,0.50643,0.50379,0.50679,0.50031,0.50645,0.50701,0.50746
Synth_Outdoor_H2S_46,H2S,5.0,1,0.39923,0.4105,0.41627,0.42791,0.44493,0.46387,0.47643,0.4937,0.51755,0.54255,0.56647,0.59787,0.61638,0.64674,0.67836,0.70671,0.72644,0.75902,0.78966,0.81906,0.83826,0.85893,0.8793,0.90795,0.92346,0.93737,0.95558,0.97212,0.98662,0.99577,1.00808,1.01597,1.03228,1.03755,1.04756,1.05722,1.06073,1.06567,1.07113,1.07453,1.08051,1.08063,1.08025,1.08537,1.08638,1.08002,1.08679,1.08323,1.08232,1.08328,1.0781,1.08024,1.07483,1.0697,1.06842,1.06982,1.06341,1.06712,1.06344,1.06098,1.05493,1.0522,1.04553,1.0478,1.04287,1.03991,1.03929,1.02995,1.02762,1.02555,1.01938,1.01826,1.01705,1.01217,1.01345,1.00356,1.00744,1.00368,0.99794,0.99432,0.98873,0.98925,0.99118,0.98577,0.98614,0.97887,0.97923,0.97259,0.96892,0.96818,0.96419,0.95958,0.96072,0.95944,0.9604,0.95768,0.9565,0.95342,0.95066,0.9449,0.94648,0.94581,0.94622,0.94272,0.94261,0.93554,0.936,0.93661,0.93701,0.93222,0.93081,0.93107,0.92487,0.93002,0.92222,0.91814,0.9215,0.92437,0.92027,0.91939,0.91641,0.91446,0.91342,0.91279,0.91245,0.89816,0.86763,0.83127,0.79159,0.74684,0.71232,0.68251,0.66456,0.63837,0.61443,0.59557,0.58507,0.56428,0.5578,0.53379,0.53285,0.52012,0.50971,0.50029,0.49749,0.48716,0.47637,0.4681,0.46708,0.46132,0.45259,0.45168,0.44613,0.44365,0.44177,0.44026,0.43561,0.42857,0.42849,0.42512,0.41919,0.42124,0.42273,0.41614,0.41018,0.41247,0.40766,0.41127,0.40891,0.40573,0.40396,0.40296,0.4023,0.39922,0.39659,0.40186,0.39703,0.39746,0.39683,0.39604,0.39145,0.38941,0.39137,0.39311,0.38961,0.38987,0.39542,0.38492,0.38757,0.39413,0.3892,0.38747,0.39209,0.38923,0.38815,0.38943,0.38723,0.38626,0.38844,0.38613,0.38861,0.3894,0.39057,0.39118,0.38728,0.38947,0.38938,0.38889,0.3868,0.38536,0.38911,0.38352,0.38704,0.38125,0.38422,0.3853,0.39016,0.38907,0.38589,0.38902,0.38935,0.38665,0.38352,0.38639,0.38659,0.38368,0.38761,0.38732,0.38766,0.38717,0.38822,0.38588,0.38676,0.38519,0.38465,0.38938,0.38085,0.38808,0.38427,0.38387,0.38632,0.38187,0.38349,0.38333,0.38483,0.3833,0.38924,0.38965,0.38003,0.38638
Synth_Outdoor_H2S_47,H2S,5.0,1,0.59561,0.60039,0.60412,0.6112,0.61674,0.62837,0.63489,0.64938,0.65929,0.67668,0.68945,0.70801,0.72723,0.74673,0.75562,0.77986,0.80184,0.82493,0.8412,0.8646,0.88903,0.9103,0.93195,0.95237,0.97155,0.98979,1.00706,1.02524,1.03359,1.05767,1.06189,1.0774,1.09131,1.10446,1.10535,1.12206,1.13263,1.14096,1.14385,1.15138,1.15649,1.16233,1.16548,1.17008,1.17716,1.1797,1.18343,1.18524,1.18851,1.19064,1.18546,1.18879,1.19128,1.19242,1.19112,1.19524,1.19786,1.19315,1.19249,1.19385,1.18639,1.19023,1.19146,1.1862,1.18349,1.18467,1.18348,1.17977,1.18576,1.17791,1.17482,1.17623,1.17754,1.17407,1.17393,1.1692,1.17379,1.17018,1.17004,1.16695,1.1667,1.16102,1.16051,1.16366,1.16285,1.15481,1.15703,1.15399,1.15199,1.15308,1.15386,1.15075,1.14751,1.14831,1.14481,1.14535,1.14642,1.13632,1.1421,1.13478,1.1402,1.13409,1.13134,1.13493,1.13298,1.12845,1.1268,1.1284,1.12476,1.12406,1.12605,1.12245,1.12495,1.12656,1.12145,1.12113,1.12488,1.11592,1.12095,1.11974,1.11831,1.11828,1.1185,1.11799,1.11656,1.10067,1.07383,1.03556,0.99303,0.95501,0.92454,0.89761,0.86981,0.85004,0.82649,0.81465,0.79436,0.78388,0.76596,0.75953,0.74692,0.73429,0.7289,0.71741,0.71318,0.70364,0.69364,0.68964,0.68563,0.68515,0.67939,0.67697,0.67313,0.66402,0.66151,0.65782,0.65424,0.64862,0.65067,0.64515,0.6461,0.64942,0.64091,0.64085,0.64091,0.63778,0.63631,0.63329,0.63232,0.62924,0.63258,0.62503,0.63078,0.62388,0.62888,0.62474,0.62172,0.62545,0.62559,0.62148,0.62372,0.61559,0.61741,0.62339,0.61907,0.61446,0.61687,0.61581,0.61725,0.61631,0.61729,0.6163,0.61953,0.61684,0.61658,0.61801,0.61381,0.61133,0.61723,0.61431,0.6141,0.61194,0.61178,0.61521,0.61535,0.61466,0.61448,0.61375,0.61248,0.61155,0.61488,0.61076,0.61249,0.60944,0.60966,0.61062,0.60908,0.61297,0.6075,0.61102,0.611,0.60605,0.60939,0.61107,0.61143,0.6098,0.61195,0.60992,0.61016,0.61069,0.61232,0.60824,0.60864,0.60814,0.60894,0.61331,0.61115,0.60688,0.60824,0.61073,0.60758,0.60809,0.61331,0.60847,0.61244,0.61325,0.60833,0.60799,0.60958,0.6076
Synth_Outdoor_H2S_48,H2S,5.0,1,0.37721,0.38311,0.38606,0.39075,0.39122,0.40503,0.41699,0.41504,0.43536,0.44547,0.45713,0.47572,0.49347,0.50757,0.522,0.53858,0.55997,0.58097,0.59731,0.61717,0.64451,0.65951,0.67863,0.69054,0.71026,0.72935,0.74298,0.76483,0.77872,0.78728,0.8055,0.81256,0.82976,0.83359,0.84379,0.85413,0.86153,0.86685,0.87204,0.88003,0.88257,0.89034,0.89193,0.89444,0.90286,0.9094,0.91173,0.91203,0.91898,0.91522,0.91357,0.91439,0.91819,0.92434,0.92159,0.925,0.92824,0.92144,0.92525,0.92517,0.92142,0.92662,0.92207,0.92129,0.92686,0.92215,0.92222,0.92216,0.91593,0.91938,0.91379,0.91267,0.91248,0.91079,0.91355,0.91109,0.90799,0.90961,0.90596,0.90462,0.90432,0.90417,0.90278,0.89968,0.90152,0.89774,0.89565,0.89275,0.8979,0.89439,0.89354,0.8941,0.88878,0.88527,0.88806,0.8882,0.88654,0.89071,0.8805,0.88901,0.88754,0.88598,0.8757,0.88631,0.87958,0.87985,0.87965,0.88012,0.87973,0.87932,0.87806,0.87562,0.87501,0.87028,0.87024,0.87354,0.87263,0.87148,0.86747,0.87009,0.86393,0.86831,0.86741,0.87364,0.86001,0.85272,0.82174,0.78769,0.75039,0.70982,0.68069,0.65334,0.63054,0.613,0.59111,0.57481,0.55831,0.5469,0.53914,0.52255,0.51261,0.50559,0.49567,0.49438,0.4813,0.47603,0.47158,0.46603,0.45923,0.45355,0.45468,0.4454,0.44085,0.43692,0.43105,0.43451,0.42385,0.42718,0.42432,0.42823,0.41597,0.41636,0.41648,0.41466,0.41219,0.41191,0.40759,0.41034,0.40242,0.40699,0.40445,0.40744,0.4083,0.40218,0.40563,0.40055,0.39818,0.40421,0.40044,0.39848,0.39959,0.39797,0.39656,0.39287,0.39502,0.39677,0.39443,0.39656,0.39487,0.39132,0.38983,0.39237,0.39112,0.39295,0.38998,0.38996,0.39385,0.39131,0.3889,0.39048,0.39365,0.39072,0.39127,0.38773,0.39197,0.39501,0.38703,0.3859,0.38911,0.3907,0.38814,0.38562,0.38784,0.38949,0.38685,0.38928,0.39057,0.38814,0.38734,0.38939,0.38508,0.38474,0.38639,0.38576,0.38492,0.39142,0.39218,0.3858,0.38686,0.38609,0.38928,0.38972,0.38197,0.38756,0.38306,0.3907,0.38736,0.38416,0.38559,0.38544,0.38743,0.38866,0.38316,0.39067,0.39013,0.38397,0.38638,0.39051,0.38936,0.38547
Synth_Outdoor_H2S_49,H2S,5.0,1,0.54041,0.54165,0.54784,0.55329,0.55773,0.56765,0.5719,0.58302,0.59736,0.60296,0.62256,0.6292,0.64475,0.66353,0.68194,0.70171,0.71631,0.73373,0.75422,0.76911,0.79019,0.80525,0.82651,0.84357,0.85885,0.87747,0.89278,0.90975,0.91635,0.93281,0.94288,0.958,0.96813,0.97742,0.98372,0.99638,0.99834,1.00513,1.01296,1.02219,1.02956,1.02556,1.041,1.0422,1.04168,1.04923,1.05474,1.05616,1.05965,1.05538,1.0594,1.0594,1.06693,1.06496,1.07095,1.06288,1.06227,1.06362,1.06715,1.06237,1.0632,1.06299,1.06286,1.06115,1.0625,1.0623,1.0623,1.06403,1.06532,1.05805,1.05828,1.05614,1.05758,1.05461,1.05531,1.05623,1.04588,1.05212,1.04836,1.04928,1.04454,1.04842,1.0463,1.04405,1.04321,1.03796,1.03676,1.03869,1.03365,1.03829,1.03336,1.03528,1.03936,1.03245,1.03428,1.0364,1.03568,1.03189,1.03079,1.03082,1.03424,1.02917,1.02936,1.02737,1.02941,1.02711,1.02323,1.02223,1.0185,1.02034,1.0233,1.02337,1.02034,1.01828,1.01466,1.01493,1.0117,1.01368,1.0073,1.00948,1.00715,1.0055,1.00087,1.00944,1.00135,0.98579,0.95879,0.93012,0.89337,0.85353,0.82377,0.80404,0.78312,0.7618,0.74656,0.72756,0.71325,0.69809,0.68464,0.68242,0.6708,0.65554,0.65124,0.64312,0.63583,0.6292,0.6254,0.62117,0.61523,0.60939,0.60512,0.60402,0.59928,0.59504,0.59172,0.58981,0.58511,0.58585,0.57878,0.5783,0.57884,0.57261,0.56974,0.57219,0.56624,0.56579,0.56956,0.56589,0.56838,0.56098,0.56268,0.56291,0.55802,0.56264,0.56047,0.55436,0.55749,0.5578,0.55466,0.55176,0.55553,0.55974,0.55266,0.557,0.55066,0.5526,0.55352,0.55111,0.54996,0.55207,0.55459,0.55025,0.54785,0.54834,0.55478,0.54849,0.54636,0.54466,0.54267,0.54788,0.54835,0.54548,0.54619,0.54306,0.54613,0.54677,0.54402,0.54939,0.54288,0.5455,0.54671,0.54421,0.54378,0.5405,0.54728,0.5433,0.5449,0.54511,0.54172,0.54269,0.54641,0.54017,0.54818,0.54089,0.53967,0.54286,0.54795,0.53758,0.5419,0.54334,0.54214,0.5429,0.54006,0.54027,0.54134,0.53883,0.54149,0.54056,0.54031,0.54221,0.5368,0.54072,0.54704,0.53848,0.54438,0.54126,0.53957,0.53774,0.54135,0.54459
Synth_Outdoor_H2S_50,H2S,5.0,1,0.49327,0.49469,0.49415,0.50371,0.51376,0.5176,0.51958,0.53733,0.54701,0.55532,0.56933,0.59081,0.60256,0.61918,0.63932,0.65654,0.67778,0.69684,0.71448,0.73644,0.75899,0.77785,0.79692,0.8206,0.83542,0.85267,0.86621,0.88239,0.89514,0.91171,0.92219,0.93474,0.94543,0.95497,0.97156,0.971,0.97873,0.98924,0.99252,0.99927,1.00275,1.01163,1.01613,1.01807,1.0242,1.02095,1.02668,1.03058,1.0303,1.03073,1.03584,1.0395,1.04188,1.03799,1.04175,1.0419,1.04358,1.03965,1.0358,1.04002,1.03675,1.03684,1.03722,1.03632,1.0366,1.03694,1.03303,1.03359,1.03126,1.03222,1.02809,1.02707,1.02508,1.02432,1.02143,1.01982,1.02256,1.01643,1.01681,1.01858,1.0136,1.01499,1.00993,1.00732,1.00447,1.01024,1.00267,1.00602,1.00037,1.005,1.00612,0.99534,0.99578,0.99936,0.99766,0.99725,0.99276,0.99798,0.992,0.98731,0.98837,0.98463,0.99038,0.98368,0.98571,0.9826,0.98163,0.97791,0.98371,0.98492,0.97879,0.97665,0.98191,0.97507,0.98136,0.97509,0.97353,0.97577,0.97139,0.97116,0.9728,0.96462,0.97728,0.97477,0.96603,0.95158,0.93146,0.89715,0.86117,0.81851,0.79115,0.76662,0.74523,0.72656,0.70421,0.6897,0.67398,0.66225,0.65219,0.63545,0.63245,0.61781,0.61163,0.60798,0.59882,0.59255,0.58299,0.57803,0.57813,0.5698,0.56585,0.56565,0.55704,0.55703,0.55336,0.55035,0.54637,0.54364,0.53999,0.54165,0.53667,0.5388,0.53396,0.53012,0.53052,0.52852,0.53061,0.52575,0.52463,0.52758,0.5241,0.52582,0.52371,0.51732,0.52102,0.52139,0.5205,0.51827,0.51738,0.51339,0.51129,0.51179,0.50781,0.51466,0.50997,0.51328,0.50639,0.51159,0.5071,0.50458,0.51137,0.50959,0.5069,0.506,0.50659,0.50557,0.5027,0.50326,0.50883,0.51023,0.50712,0.50406,0.5017,0.50024,0.5001,0.50027,0.50676,0.50564,0.50275,0.49823,0.50259,0.4995,0.49445,0.50032,0.49728,0.49718,0.49839,0.49758,0.49855,0.49827,0.4936,0.50191,0.49548,0.49539,0.49679,0.49717,0.50094,0.49785,0.49846,0.49761,0.49738,0.49744,0.49171,0.49578,0.4992,0.50607,0.49312,0.49712,0.49456,0.50103,0.49245,0.49732,0.49217,0.49481,0.49545,0.49813,0.49269,0.49697,0.49528,0.49584
Synth_Outdoor_H2S_51,H2S,5.0,1,0.45317,0.45741,0.47142,0.48151,0.49429,0.51016,0.5322,0.55359,0.57102,0.59283,0.62187,0.64186,0.6682,0.69516,0.72328,0.7473,0.77169,0.79889,0.8276,0.84591,0.87,0.89606,0.90992,0.92829,0.94116,0.96378,0.9707,0.98407,0.99948,1.00622,1.01626,1.02398,1.03168,1.04018,1.04673,1.04911,1.05358,1.05811,1.05961,1.06192,1.06876,1.0719,1.07267,1.06495,1.07027,1.06767,1.06997,1.06734,1.06824,1.06478,1.05791,1.05777,1.05751,1.05482,1.0481,1.0446,1.04526,1.03826,1.03423,1.03392,1.0304,1.02593,1.02294,1.02134,1.01617,1.0149,1.0106,1.00883,1.00743,1.00408,1.00199,0.99765,0.99298,0.98822,0.98533,0.98128,0.98079,0.97991,0.97379,0.973,0.96888,0.9686,0.96422,0.96137,0.95923,0.95994,0.95623,0.95322,0.95274,0.9489,0.95063,0.94329,0.94325,0.93826,0.93906,0.93391,0.93817,0.9365,0.93488,0.93136,0.92751,0.92617,0.93062,0.9291,0.92461,0.92188,0.9255,0.91926,0.92038,0.92187,0.91511,0.91797,0.91594,0.91334,0.90975,0.90922,0.91051,0.90507,0.90793,0.90799,0.90818,0.90116,0.91034,0.91267,0.9042,0.88616,0.86407,0.83305,0.79776,0.76155,0.73395,0.7095,0.68947,0.66895,0.65242,0.63662,0.6291,0.61546,0.60184,0.59341,0.58262,0.57245,0.56038,0.55637,0.54971,0.54184,0.5356,0.53563,0.53067,0.52275,0.51994,0.52112,0.51271,0.51226,0.50852,0.50759,0.5017,0.50175,0.49977,0.49788,0.49559,0.49445,0.49739,0.49672,0.48724,0.48164,0.4876,0.48531,0.48631,0.48324,0.4816,0.48327,0.48267,0.47512,0.47568,0.47665,0.47638,0.47483,0.47578,0.47652,0.47768,0.47419,0.47003,0.47123,0.47088,0.47188,0.47111,0.47481,0.46809,0.4698,0.47433,0.46659,0.46805,0.46498,0.46722,0.46476,0.46904,0.46653,0.46357,0.46777,0.46587,0.46758,0.46209,0.46568,0.46647,0.46328,0.46101,0.4639,0.46692,0.46654,0.46252,0.46025,0.46226,0.46207,0.46423,0.46274,0.46103,0.46558,0.46309,0.46374,0.45825,0.45644,0.45881,0.46115,0.46374,0.45642,0.46623,0.46264,0.46556,0.4599,0.46334,0.46229,0.46411,0.4615,0.46327,0.46481,0.46041,0.46264,0.45733,0.46385,0.46703,0.45907,0.46201,0.46445,0.46238,0.46274,0.46139,0.46134,0.46223,0.46258
Synth_Outdoor_H2S_52,H2S,5.0,1,0.52204,0.52645,0.5363,0.55341,0.5689,0.58738,0.61306,0.635,0.66114,0.69065,0.71533,0.74471,0.78131,0.80567,0.83887,0.86723,0.90021,0.93122,0.95809,0.99013,1.01174,1.02995,1.0508,1.08033,1.09426,1.10952,1.12328,1.13755,1.14579,1.16151,1.17186,1.179,1.18848,1.20118,1.20367,1.21488,1.21019,1.21725,1.21786,1.22114,1.22383,1.22776,1.22813,1.22569,1.2212,1.22929,1.2232,1.21907,1.21994,1.21674,1.21212,1.20984,1.20296,1.20405,1.19594,1.19318,1.19235,1.18968,1.18653,1.18109,1.1735,1.16633,1.16963,1.16546,1.15627,1.15621,1.14905,1.14957,1.14047,1.14266,1.13571,1.13434,1.12489,1.12342,1.11639,1.1174,1.11408,1.11441,1.10625,1.10355,1.09735,1.09674,1.09132,1.08951,1.08666,1.08241,1.08056,1.07671,1.07413,1.07537,1.07079,1.06897,1.06226,1.06478,1.06286,1.05836,1.06241,1.04933,1.05483,1.05249,1.04994,1.04695,1.04588,1.0447,1.03882,1.03952,1.03652,1.03251,1.03543,1.03067,1.02691,1.02796,1.02603,1.02928,1.02573,1.02738,1.02084,1.02329,1.02685,1.01931,1.01925,1.0172,1.01407,1.02012,1.01322,0.99542,0.96698,0.93545,0.89095,0.85887,0.82205,0.79216,0.77032,0.74975,0.7374,0.71193,0.69825,0.683,0.67267,0.65832,0.64599,0.63848,0.62922,0.62031,0.61302,0.61056,0.60066,0.593,0.58951,0.58599,0.57808,0.58136,0.57566,0.57354,0.56767,0.55839,0.56462,0.55594,0.55361,0.55358,0.5544,0.5515,0.54916,0.54428,0.54251,0.54252,0.53976,0.5408,0.53923,0.53726,0.52819,0.53361,0.53186,0.53143,0.52809,0.52565,0.52916,0.52617,0.52761,0.52363,0.52803,0.52621,0.52372,0.52173,0.52372,0.52191,0.52091,0.52233,0.52272,0.51547,0.51547,0.51566,0.51338,0.51653,0.51773,0.51574,0.51405,0.5178,0.51495,0.5151,0.51678,0.51326,0.51838,0.51178,0.5176,0.50987,0.51332,0.51015,0.51431,0.51007,0.51175,0.50914,0.51288,0.50868,0.51433,0.50743,0.5064,0.51196,0.50793,0.50923,0.50828,0.50565,0.50859,0.51178,0.511,0.50892,0.51098,0.50544,0.50715,0.50885,0.50745,0.50704,0.50458,0.50228,0.50944,0.50793,0.5095,0.50609,0.50533,0.50702,0.50907,0.50629,0.50881,0.50425,0.50635,0.50658,0.5098,0.50722,0.51103,0.50325
Synth_Outdoor_H2S_53,H2S,5.0,1,0.66656,0.67285,0.69153,0.70235,0.71715,0.74063,0.76263,0.79515,0.81747,0.84318,0.87227,0.90534,0.9365,0.95816,0.9985,1.02815,1.05539,1.09058,1.12244,1.14516,1.17184,1.19725,1.21251,1.23014,1.25503,1.26984,1.28271,1.30039,1.31563,1.32551,1.33485,1.34605,1.35534,1.35843,1.36997,1.37324,1.38376,1.38291,1.39318,1.3925,1.39422,1.39761,1.39523,1.39794,1.39469,1.39392,1.39461,1.38864,1.38589,1.38694,1.38325,1.38053,1.37749,1.37317,1.37068,1.36537,1.35598,1.35239,1.3573,1.34822,1.34632,1.33883,1.33534,1.33015,1.33324,1.32344,1.31719,1.31016,1.31503,1.30555,1.30379,1.30009,1.29288,1.29195,1.28505,1.2805,1.28243,1.27579,1.27426,1.27086,1.26821,1.2594,1.25843,1.25579,1.25143,1.25177,1.25113,1.24931,1.24292,1.24229,1.24044,1.23863,1.2326,1.23705,1.23256,1.23044,1.22894,1.22512,1.21897,1.21909,1.21347,1.21702,1.21411,1.21299,1.21456,1.20872,1.20727,1.20599,1.19948,1.20166,1.19439,1.19743,1.1994,1.19683,1.19273,1.19289,1.18875,1.19016,1.19628,1.19242,1.18684,1.18574,1.18546,1.18728,1.18413,1.16537,1.14163,1.10717,1.06296,1.02179,0.98497,0.964,0.93523,0.91551,0.89952,0.88211,0.86245,0.84813,0.83422,0.82094,0.81135,0.79885,0.79539,0.78632,0.77918,0.76855,0.7618,0.75927,0.75414,0.74883,0.74407,0.74498,0.73798,0.73832,0.73334,0.73139,0.72163,0.72317,0.71816,0.71279,0.71854,0.71203,0.70824,0.70805,0.70542,0.70411,0.70379,0.70725,0.69992,0.70445,0.70122,0.69895,0.69876,0.69591,0.69809,0.69536,0.6889,0.69296,0.69342,0.69001,0.69034,0.68783,0.68529,0.68425,0.68371,0.68865,0.68024,0.68431,0.68358,0.68436,0.68001,0.68525,0.68069,0.68635,0.68162,0.68261,0.68253,0.68284,0.68204,0.68061,0.68231,0.68237,0.67907,0.68182,0.68352,0.68214,0.68254,0.68047,0.67753,0.67769,0.6804,0.68182,0.68629,0.68166,0.67619,0.6771,0.68461,0.6783,0.6789,0.67631,0.68257,0.67985,0.67665,0.67605,0.67923,0.67854,0.68049,0.67973,0.67768,0.67697,0.67793,0.67695,0.67801,0.67841,0.67615,0.67999,0.6775,0.67635,0.6776,0.67916,0.67882,0.67972,0.68096,0.68205,0.67956,0.67623,0.67831,0.67655,0.68339,0.68421
Synth_Outdoor_H2S_54,H2S,5.0,1,0.3933,0.40371,0.41468,0.43003,0.44279,0.46759,0.48847,0.51632,0.54225,0.5756,0.60251,0.63138,0.66127,0.6979,0.72556,0.75818,0.78861,0.81762,0.84749,0.86968,0.89622,0.92469,0.94976,0.96708,0.98322,0.99875,1.02037,1.0317,1.0482,1.05987,1.07121,1.08007,1.08974,1.09622,1.10171,1.10667,1.10801,1.11751,1.12499,1.12551,1.12605,1.12479,1.12957,1.12654,1.12991,1.12209,1.12085,1.1184,1.11432,1.11288,1.11232,1.10683,1.09524,1.10354,1.09246,1.09386,1.08817,1.08902,1.08187,1.0737,1.06883,1.07001,1.0583,1.05819,1.05307,1.04814,1.04547,1.04057,1.03684,1.03186,1.02857,1.02385,1.01822,1.01624,1.0109,1.00725,1.00485,1.00197,0.99899,0.99781,0.99086,0.98918,0.98563,0.98046,0.9788,0.97787,0.97269,0.96982,0.96459,0.9685,0.95939,0.95436,0.95824,0.95348,0.95077,0.94804,0.95205,0.94628,0.94491,0.94217,0.94059,0.94153,0.93552,0.9306,0.93452,0.93177,0.92913,0.92849,0.9249,0.92445,0.92261,0.91992,0.92277,0.91463,0.92245,0.91705,0.90877,0.91109,0.90971,0.9096,0.90467,0.90556,0.90762,0.90735,0.90082,0.88856,0.85434,0.82311,0.78211,0.73824,0.70594,0.68113,0.65188,0.63007,0.61044,0.5966,0.5806,0.55901,0.55144,0.53857,0.52903,0.51567,0.50506,0.49936,0.4904,0.48714,0.47748,0.46961,0.46093,0.45748,0.45078,0.4496,0.4485,0.44249,0.44163,0.43674,0.43193,0.4304,0.42875,0.42546,0.42316,0.41868,0.41745,0.42223,0.41782,0.40934,0.40547,0.41002,0.41061,0.40568,0.4082,0.40453,0.40277,0.40391,0.39958,0.39914,0.40052,0.39779,0.40172,0.3978,0.39679,0.39427,0.39581,0.39209,0.39289,0.38922,0.39347,0.39097,0.39459,0.39505,0.39042,0.38817,0.38513,0.38928,0.38709,0.38744,0.38996,0.38317,0.3825,0.38383,0.3861,0.38508,0.3811,0.38489,0.37967,0.38027,0.38177,0.38036,0.38369,0.38192,0.38534,0.38006,0.38013,0.38321,0.37974,0.38347,0.38088,0.37345,0.38206,0.3812,0.38112,0.37378,0.37673,0.37675,0.37597,0.38229,0.37777,0.37758,0.37892,0.37882,0.36893,0.3755,0.37345,0.37789,0.37607,0.37671,0.37136,0.37569,0.37915,0.37978,0.37796,0.37277,0.37921,0.37781,0.37568,0.37088,0.37829,0.37439,0.3767,0.37597
Synth_Outdoor_H2S_55,H2S,5.0,1,0.51713,0.53111,0.53811,0.55698,0.57224,0.59134,0.61691,0.64377,0.67239,0.70129,0.72676,0.75593,0.78918,0.81879,0.85281,0.88366,0.91673,0.93871,0.9704,0.99706,1.027,1.04472,1.06989,1.08915,1.11065,1.12657,1.14093,1.1534,1.16301,1.18001,1.19145,1.19598,1.20579,1.21755,1.22484,1.22758,1.23372,1.23487,1.24648,1.24257,1.24918,1.24893,1.25263,1.24702,1.24803,1.24196,1.23932,1.24317,1.23445,1.23535,1.23514,1.23086,1.22349,1.2172,1.21839,1.21634,1.20721,1.20275,1.19929,1.19781,1.19521,1.18472,1.17965,1.18479,1.17411,1.17101,1.16468,1.16375,1.16111,1.15552,1.15506,1.14576,1.14171,1.13894,1.13574,1.13164,1.12453,1.12523,1.12031,1.11664,1.11496,1.10931,1.10571,1.09897,1.10692,1.10103,1.09658,1.09254,1.08447,1.08735,1.08847,1.0866,1.08348,1.07998,1.08061,1.07434,1.07572,1.06989,1.06652,1.06413,1.06195,1.06427,1.05875,1.05607,1.05847,1.05562,1.05539,1.05252,1.04766,1.04807,1.04647,1.04216,1.04007,1.03964,1.045,1.03752,1.04031,1.03474,1.03676,1.03539,1.03416,1.03122,1.03612,1.03499,1.03237,1.00776,0.98571,0.94984,0.90613,0.86974,0.83252,0.80784,0.78066,0.76817,0.7444,0.73296,0.71373,0.69847,0.68278,0.66968,0.66267,0.65115,0.63877,0.62995,0.62376,0.62384,0.61862,0.60803,0.6028,0.59692,0.59111,0.59292,0.59048,0.58012,0.57898,0.57513,0.57243,0.57386,0.56521,0.56742,0.56596,0.56182,0.56259,0.55901,0.56004,0.55162,0.55305,0.55234,0.5445,0.54721,0.54673,0.55004,0.54487,0.54362,0.54679,0.53982,0.53783,0.54127,0.53777,0.53712,0.5414,0.54152,0.5407,0.54091,0.5407,0.53171,0.53764,0.5347,0.53369,0.53651,0.53034,0.52989,0.53548,0.53476,0.53356,0.53073,0.5345,0.53406,0.53231,0.5289,0.53054,0.53348,0.53448,0.53015,0.53013,0.53013,0.53105,0.52874,0.52281,0.53288,0.53428,0.52814,0.52688,0.52909,0.52887,0.53173,0.52929,0.52706,0.52568,0.53108,0.53036,0.53145,0.52634,0.5333,0.52431,0.53039,0.52383,0.52661,0.53247,0.53063,0.52718,0.52724,0.52879,0.52983,0.5317,0.52745,0.5246,0.52907,0.52758,0.52552,0.52956,0.52833,0.52966,0.52671,0.53023,0.52579,0.52708,0.52861,0.53364,0.53133
Synth_Outdoor_H2S_56,H2S,5.0,1,0.5971,0.59848,0.61473,0.62904,0.64685,0.66999,0.68744,0.71209,0.74078,0.76779,0.79869,0.83259,0.85903,0.8914,0.92457,0.95526,0.98218,1.01579,1.04805,1.07762,1.09726,1.12163,1.14726,1.1629,1.18617,1.20053,1.22442,1.23388,1.25353,1.26469,1.27179,1.28128,1.29297,1.30165,1.31032,1.31408,1.32349,1.32704,1.32944,1.33159,1.33503,1.33481,1.33767,1.33772,1.33755,1.34024,1.33396,1.33482,1.33051,1.32662,1.32378,1.32046,1.31764,1.31072,1.30541,1.3065,1.30284,1.29816,1.2923,1.28942,1.28488,1.28058,1.27181,1.26653,1.26365,1.26008,1.25521,1.24695,1.2519,1.24297,1.24018,1.23896,1.22606,1.22667,1.22308,1.21933,1.216,1.21648,1.21106,1.20836,1.20269,1.19564,1.19055,1.18859,1.19008,1.18613,1.18246,1.17909,1.1821,1.17216,1.17372,1.16857,1.16564,1.16604,1.16414,1.15743,1.15775,1.15451,1.15151,1.14995,1.14573,1.14469,1.14202,1.14377,1.13932,1.13437,1.13384,1.12573,1.13065,1.13019,1.12805,1.13165,1.12649,1.12479,1.11776,1.11941,1.11761,1.11533,1.11375,1.10957,1.10926,1.1128,1.11256,1.11296,1.10806,1.09419,1.06352,1.02802,0.98267,0.94186,0.91128,0.8876,0.86196,0.83789,0.81706,0.80231,0.7846,0.76215,0.75181,0.74302,0.72649,0.71844,0.70952,0.70201,0.6941,0.68704,0.68345,0.67497,0.66948,0.66233,0.66387,0.65558,0.65078,0.65055,0.64486,0.64243,0.64159,0.6375,0.64165,0.6334,0.63299,0.62457,0.62537,0.623,0.62166,0.62351,0.62357,0.62044,0.61768,0.61542,0.61857,0.61982,0.6139,0.61487,0.61241,0.61252,0.60686,0.60771,0.60913,0.61041,0.60462,0.60089,0.6041,0.60728,0.60021,0.60067,0.60347,0.60231,0.60361,0.5986,0.60043,0.60383,0.59746,0.60374,0.59702,0.60147,0.59807,0.59584,0.59715,0.59948,0.59785,0.60042,0.60098,0.59421,0.59381,0.59351,0.59432,0.59915,0.59763,0.59473,0.59591,0.59931,0.60042,0.59617,0.58874,0.596,0.59747,0.59561,0.59678,0.59576,0.59172,0.59252,0.59389,0.5973,0.59267,0.59569,0.59526,0.5984,0.59429,0.58995,0.59592,0.59961,0.59604,0.5923,0.59156,0.59186,0.59927,0.59345,0.59261,0.59386,0.5935,0.59824,0.59181,0.59732,0.59472,0.59749,0.59849,0.5948,0.59387,0.59489
Synth_Outdoor_H2S_57,H2S,5.0,1,0.69008,0.69623,0.71694,0.72896,0.74336,0.76239,0.78499,0.81804,0.84165,0.87066,0.90278,0.93097,0.96502,0.99567,1.02703,1.05483,1.08751,1.1208,1.14592,1.17735,1.20524,1.22437,1.24811,1.26619,1.28149,1.30031,1.3204,1.32823,1.33986,1.35144,1.36452,1.37238,1.38789,1.39208,1.40086,1.40362,1.40651,1.41013,1.41434,1.41985,1.42175,1.42262,1.41741,1.4206,1.41701,1.41907,1.41734,1.41074,1.41296,1.41286,1.40541,1.39923,1.39516,1.39171,1.38657,1.38513,1.37731,1.3709,1.37154,1.36637,1.36013,1.35353,1.35264,1.34463,1.34192,1.34181,1.33423,1.32456,1.32046,1.31999,1.31222,1.30683,1.30942,1.30517,1.30188,1.29781,1.29347,1.28849,1.28786,1.28686,1.27827,1.27355,1.26993,1.26732,1.2668,1.25787,1.26135,1.25897,1.25003,1.24936,1.24933,1.2462,1.24534,1.2412,1.24222,1.23576,1.23161,1.22893,1.23097,1.22676,1.22585,1.22345,1.21463,1.21472,1.21304,1.21161,1.21068,1.21233,1.21101,1.20547,1.20377,1.2009,1.20127,1.20006,1.2002,1.19891,1.19002,1.19422,1.19681,1.19101,1.19369,1.18854,1.19212,1.19004,1.18384,1.17159,1.14436,1.10584,1.06141,1.02391,0.99463,0.96895,0.93993,0.91519,0.90221,0.88207,0.86941,0.85348,0.83758,0.82806,0.82033,0.80673,0.79539,0.78569,0.78013,0.77416,0.77103,0.76058,0.76222,0.7504,0.75532,0.74988,0.74225,0.73442,0.73529,0.73158,0.72665,0.72804,0.72286,0.72091,0.72008,0.71718,0.72196,0.71369,0.71449,0.71221,0.71126,0.71006,0.70987,0.70707,0.70578,0.70425,0.7027,0.69978,0.70095,0.70079,0.70031,0.69891,0.69708,0.69674,0.69475,0.69624,0.69424,0.69462,0.69604,0.69119,0.69392,0.69197,0.69645,0.69038,0.69221,0.69007,0.68613,0.6879,0.69102,0.68735,0.68252,0.68761,0.6846,0.68734,0.69059,0.68838,0.69006,0.68454,0.68532,0.68281,0.68346,0.68262,0.68147,0.68796,0.67911,0.68756,0.68705,0.685,0.68078,0.67944,0.68195,0.68485,0.68326,0.68061,0.68606,0.68737,0.68256,0.68337,0.67929,0.68199,0.68427,0.68385,0.68166,0.68221,0.68175,0.68214,0.68386,0.67785,0.68255,0.68358,0.68124,0.68144,0.68148,0.68138,0.68256,0.68283,0.67722,0.68408,0.68169,0.68721,0.67937,0.68015,0.68177,0.68328
Synth_Outdoor_H2S_58,H2S,5.0,1,0.50422,0.50893,0.52561,0.53428,0.54872,0.57101,0.5938,0.613,0.63897,0.66525,0.68518,0.71723,0.7391,0.77233,0.79952,0.83102,0.8585,0.88374,0.90873,0.9336,0.95534,0.97632,0.99985,1.01842,1.03094,1.04726,1.0609,1.06953,1.08456,1.10022,1.10427,1.12052,1.1264,1.13182,1.13865,1.14057,1.1469,1.15503,1.153,1.15953,1.15495,1.15617,1.16409,1.15896,1.15686,1.16056,1.15893,1.15642,1.1506,1.14884,1.14753,1.14539,1.139,1.1371,1.13354,1.13218,1.12682,1.11705,1.1161,1.11006,1.10947,1.10598,1.09959,1.09447,1.09126,1.0877,1.08183,1.07671,1.07084,1.07521,1.06933,1.06513,1.06372,1.05396,1.04951,1.05177,1.04845,1.04021,1.04224,1.03716,1.03304,1.03124,1.023,1.0247,1.02146,1.02168,1.01702,1.01629,1.00574,1.0076,1.00875,1.00425,1.00475,0.99567,0.99946,0.99348,0.9908,0.99287,0.99121,0.98896,0.9896,0.98585,0.97885,0.97934,0.97631,0.98057,0.97655,0.97169,0.97281,0.96605,0.96832,0.96395,0.96072,0.96558,0.96454,0.96206,0.95912,0.95505,0.95399,0.95321,0.95387,0.95581,0.95797,0.95241,0.94933,0.93441,0.90536,0.88066,0.8417,0.80559,0.78018,0.75283,0.73002,0.71329,0.69719,0.67964,0.66644,0.65148,0.63991,0.6297,0.61775,0.60925,0.60589,0.59993,0.59202,0.57854,0.57271,0.56828,0.56707,0.55557,0.55731,0.55876,0.55441,0.54767,0.54504,0.54493,0.54342,0.53748,0.5361,0.53328,0.52948,0.53052,0.52866,0.52469,0.52801,0.52622,0.52545,0.52055,0.51633,0.52135,0.51746,0.51589,0.51402,0.51555,0.51932,0.51329,0.51106,0.51469,0.5128,0.50638,0.51268,0.51572,0.50334,0.50619,0.50164,0.50807,0.51024,0.50757,0.51033,0.5085,0.51027,0.50851,0.50422,0.50503,0.50235,0.50363,0.50405,0.50339,0.50666,0.50221,0.50043,0.50035,0.50392,0.49853,0.5013,0.50491,0.50214,0.50104,0.50094,0.4983,0.49857,0.50005,0.50106,0.5026,0.50032,0.50334,0.50385,0.50171,0.50266,0.49701,0.4965,0.50057,0.49581,0.49836,0.50093,0.50245,0.49821,0.49715,0.4995,0.49595,0.49815,0.49851,0.49841,0.49866,0.49631,0.49653,0.49644,0.49422,0.49909,0.50043,0.50017,0.49749,0.4961,0.49999,0.49973,0.49868,0.50249,0.49806,0.49747,0.4971
Synth_Outdoor_H2S_59,H2S,5.0,1,0.55802,0.56914,0.58463,0.59378,0.60623,0.63383,0.65557,0.67799,0.70743,0.73668,0.762,0.7943,0.83015,0.85636,0.8899,0.91432,0.94759,0.98112,1.01206,1.03252,1.0616,1.08436,1.1098,1.12475,1.14751,1.16191,1.1799,1.19405,1.20662,1.22075,1.23087,1.24052,1.24901,1.25827,1.26605,1.26964,1.27714,1.28063,1.2877,1.29003,1.29629,1.29801,1.29517,1.29782,1.29912,1.29614,1.2933,1.29042,1.29279,1.28996,1.28387,1.28268,1.26954,1.27621,1.26828,1.26471,1.25919,1.25916,1.24875,1.25075,1.24371,1.23976,1.2327,1.22549,1.22638,1.22027,1.21853,1.21033,1.20544,1.20561,1.20261,1.19358,1.1875,1.18736,1.18074,1.17893,1.17281,1.17348,1.16398,1.16312,1.15703,1.15405,1.15044,1.15024,1.14779,1.14411,1.13967,1.13749,1.13652,1.13371,1.12179,1.12499,1.12234,1.12192,1.11756,1.11712,1.11022,1.11117,1.11037,1.10198,1.1095,1.10384,1.09865,1.09453,1.09427,1.09316,1.09233,1.09315,1.08634,1.08706,1.08061,1.08108,1.08142,1.08074,1.07579,1.07529,1.0789,1.0771,1.07375,1.06667,1.07752,1.06988,1.07179,1.07269,1.06866,1.05157,1.02477,0.98277,0.94194,0.90597,0.86817,0.83946,0.81296,0.79458,0.77613,0.75791,0.73894,0.72581,0.71576,0.7021,0.68632,0.67173,0.66948,0.66217,0.64962,0.64519,0.63813,0.63326,0.6264,0.62625,0.61907,0.61252,0.61332,0.60444,0.60765,0.60397,0.60221,0.59577,0.59254,0.59174,0.58918,0.58576,0.58415,0.58288,0.5792,0.58226,0.57897,0.57693,0.5736,0.57223,0.57878,0.57124,0.57323,0.57106,0.56273,0.5732,0.56954,0.56509,0.56616,0.56262,0.56933,0.56179,0.56208,0.5609,0.56232,0.56497,0.56549,0.55951,0.56093,0.55972,0.55658,0.56463,0.56155,0.5582,0.56131,0.56,0.55682,0.5571,0.55974,0.55329,0.55956,0.55453,0.55864,0.55455,0.55516,0.55398,0.5525,0.55291,0.55683,0.54737,0.54985,0.55095,0.54989,0.55621,0.55539,0.55357,0.55034,0.55514,0.54772,0.55694,0.54974,0.55068,0.55012,0.54836,0.55573,0.55279,0.55376,0.54757,0.55098,0.55175,0.55107,0.54741,0.55294,0.5505,0.54774,0.54542,0.55152,0.55608,0.5474,0.55032,0.55264,0.54664,0.54859,0.54762,0.55223,0.55308,0.55015,0.54763,0.5486,0.54811
Synth_Outdoor_H2S_60,H2S,5.0,1,0.51216,0.52086,0.531,0.54505,0.56107,0.57751,0.60257,0.62418,0.64755,0.67865,0.70422,0.73528,0.7664,0.79174,0.82406,0.84865,0.88568,0.90626,0.93506,0.96517,0.98525,1.00525,1.03071,1.0497,1.06391,1.08042,1.09569,1.11027,1.11899,1.13517,1.15093,1.15411,1.16387,1.17047,1.18223,1.19012,1.19564,1.1943,1.20257,1.20799,1.20799,1.20946,1.20798,1.20992,1.21212,1.20895,1.20362,1.20371,1.20555,1.20065,1.19717,1.19226,1.19327,1.19098,1.18641,1.18315,1.17481,1.17047,1.16722,1.16356,1.16289,1.15811,1.15247,1.14349,1.13893,1.13991,1.13784,1.13197,1.13346,1.12248,1.11863,1.11635,1.11261,1.11193,1.10587,1.09934,1.10171,1.09143,1.08962,1.08489,1.08622,1.08303,1.08436,1.07879,1.07702,1.07118,1.0652,1.06526,1.0638,1.06159,1.05619,1.05594,1.04966,1.04669,1.04382,1.04393,1.0382,1.03749,1.03832,1.03104,1.03004,1.02942,1.0281,1.02475,1.02664,1.0249,1.02486,1.02006,1.017,1.01443,1.01481,1.01115,1.0089,1.00751,1.00527,1.00588,1.00032,1.0031,1.00257,0.99792,1.00264,0.99611,0.99444,0.99898,0.99393,0.97871,0.95004,0.91243,0.87153,0.83252,0.8009,0.77294,0.75045,0.73291,0.71647,0.69718,0.68313,0.66828,0.65518,0.64063,0.63121,0.6201,0.61167,0.60418,0.59829,0.59074,0.58312,0.57811,0.57405,0.57013,0.56055,0.55784,0.55981,0.55363,0.54967,0.54723,0.54457,0.54416,0.53768,0.53834,0.53688,0.53536,0.53312,0.53216,0.52784,0.52541,0.53247,0.52422,0.52325,0.52421,0.52535,0.51892,0.51676,0.51515,0.52129,0.51378,0.51546,0.51227,0.51033,0.51246,0.51014,0.51008,0.51618,0.51159,0.51226,0.51143,0.50855,0.50714,0.50834,0.50765,0.50535,0.50666,0.50416,0.5051,0.5043,0.50158,0.49849,0.50168,0.50821,0.50259,0.505,0.49746,0.49995,0.49879,0.50141,0.50772,0.50256,0.5054,0.50031,0.50415,0.50571,0.50005,0.4988,0.49665,0.49899,0.4998,0.50451,0.49603,0.49926,0.49443,0.49773,0.49941,0.49978,0.49984,0.49924,0.49957,0.49816,0.49533,0.49323,0.49637,0.49732,0.50068,0.49718,0.49685,0.49823,0.49651,0.49915,0.50198,0.50247,0.49717,0.49768,0.50069,0.49628,0.49828,0.49369,0.4957,0.49933,0.49462,0.49609,0.49248
Synth_Outdoor_NH3_1,NH3,10.0,1,0.51891,0.52204,0.5297,0.53283,0.5396,0.551,0.55332,0.56439,0.57808,0.58663,0.5945,0.61342,0.62391,0.64595,0.65683,0.68348,0.69747,0.71002,0.73058,0.75105,0.76971,0.78723,0.80728,0.82139,0.8377,0.85402,0.87256,0.88607,0.89981,0.9142,0.91946,0.93693,0.94746,0.96106,0.96234,0.9786,0.98278,0.99109,1.00078,1.00419,1.00948,1.01434,1.01735,1.02287,1.02513,1.03031,1.02771,1.03739,1.03844,1.04,1.04318,1.04053,1.05013,1.046,1.04666,1.0452,1.04812,1.05199,1.05163,1.05157,1.051,1.04862,1.04552,1.04815,1.04746,1.05035,1.04825,1.05126,1.04981,1.04486,1.04045,1.04716,1.04568,1.03753,1.04341,1.03937,1.03755,1.0398,1.03757,1.03443,1.03278,1.03211,1.02879,1.02897,1.02609,1.02649,1.02518,1.02344,1.02435,1.02219,1.02333,1.01713,1.01996,1.01958,1.01757,1.01711,1.0128,1.01685,1.01676,1.01552,1.01593,1.01286,1.01254,1.01071,1.01111,1.00453,1.00543,1.01087,1.00003,1.00513,1.00761,1.00361,1.00204,1.00265,1.0007,1.00096,0.99846,1.00238,1.0027,0.99834,0.99465,0.99595,0.99941,1.00267,0.99347,0.97906,0.95728,0.925,0.88292,0.84334,0.82462,0.79315,0.76819,0.75111,0.73079,0.71721,0.70097,0.68773,0.67534,0.66123,0.65988,0.64374,0.63454,0.62997,0.6213,0.61734,0.61347,0.60895,0.60366,0.5964,0.59316,0.59027,0.58138,0.58399,0.57594,0.58188,0.57316,0.57128,0.56756,0.56579,0.57109,0.56594,0.558,0.56404,0.56177,0.55672,0.5569,0.55488,0.5587,0.55069,0.55203,0.54963,0.54621,0.5544,0.54517,0.54791,0.54228,0.54495,0.54637,0.54262,0.54557,0.5429,0.54597,0.54598,0.54065,0.54186,0.5417,0.54236,0.54047,0.54054,0.5391,0.53965,0.54232,0.54038,0.54023,0.54002,0.53757,0.53849,0.53476,0.54042,0.53008,0.53661,0.53947,0.53303,0.53727,0.53442,0.53505,0.53819,0.53616,0.53046,0.53298,0.53774,0.5363,0.53944,0.53916,0.53399,0.54101,0.53474,0.53219,0.53291,0.52877,0.53837,0.53828,0.53171,0.53362,0.53435,0.53164,0.52958,0.53339,0.53304,0.53282,0.53431,0.5373,0.53293,0.53408,0.53544,0.53498,0.53201,0.53376,0.53488,0.53069,0.53666,0.53706,0.53164,0.53392,0.535,0.53202,0.53459,0.53381,0.52976
Synth_Outdoor_NH3_2,NH3,10.0,1,0.41414,0.4128,0.41776,0.42628,0.42979,0.43262,0.44045,0.45018,0.46241,0.47311,0.48192,0.49395,0.51138,0.52493,0.54632,0.55724,0.57843,0.58819,0.60474,0.6236,0.64705,0.66602,0.67688,0.69433,0.70854,0.72226,0.74319,0.75576,0.76822,0.77695,0.79601,0.80129,0.81375,0.81799,0.82971,0.83889,0.84633,0.85268,0.85981,0.86152,0.87019,0.8749,0.87967,0.88331,0.88347,0.88644,0.88702,0.89712,0.89943,0.90144,0.90186,0.89724,0.90125,0.90524,0.9059,0.90551,0.90724,0.90638,0.90656,0.90448,0.90832,0.90451,0.90186,0.90276,0.90326,0.906,0.90274,0.90166,0.89819,0.90236,0.89764,0.89783,0.90065,0.89713,0.89073,0.88938,0.89265,0.88872,0.89223,0.88953,0.88864,0.88532,0.89045,0.89228,0.88358,0.88427,0.88269,0.88069,0.87807,0.87624,0.87495,0.87761,0.8741,0.86788,0.87443,0.87233,0.875,0.87171,0.86617,0.86325,0.86584,0.86501,0.868,0.86487,0.86711,0.86027,0.86522,0.86372,0.85589,0.86344,0.85967,0.85974,0.85591,0.86054,0.85363,0.85791,0.85709,0.85188,0.85853,0.85334,0.85355,0.84709,0.85863,0.85182,0.85254,0.83349,0.81098,0.78328,0.74821,0.70719,0.68495,0.66137,0.63562,0.62342,0.59916,0.58628,0.57551,0.55998,0.55171,0.54161,0.53143,0.52567,0.51543,0.50964,0.50559,0.49889,0.49353,0.48381,0.4835,0.47583,0.47099,0.47048,0.46513,0.46635,0.46361,0.45424,0.45452,0.45072,0.45112,0.45145,0.44788,0.44533,0.44846,0.43796,0.44541,0.43966,0.43958,0.43726,0.44133,0.43338,0.43554,0.43594,0.42974,0.43067,0.4318,0.42921,0.4287,0.42923,0.43111,0.42807,0.43109,0.42537,0.42423,0.4317,0.42479,0.42275,0.42124,0.42791,0.42401,0.42388,0.42377,0.42636,0.42308,0.4291,0.42328,0.42533,0.42444,0.42209,0.42046,0.42254,0.42279,0.41989,0.42154,0.42403,0.42592,0.42269,0.42504,0.41865,0.42185,0.42328,0.41755,0.41845,0.42386,0.41695,0.41592,0.42296,0.42205,0.42004,0.41875,0.41768,0.4194,0.42256,0.41911,0.42385,0.41614,0.41827,0.4173,0.41545,0.41771,0.41908,0.41929,0.42336,0.41904,0.4207,0.41791,0.42188,0.42361,0.41889,0.41506,0.41616,0.41819,0.41859,0.41916,0.41853,0.41736,0.41571,0.41827,0.42188,0.41977,0.41854
Synth_Outdoor_NH3_3,NH3,10.0,1,0.47975,0.48204,0.48757,0.49189,0.5021,0.50519,0.51261,0.52884,0.53337,0.54651,0.56004,0.56997,0.59082,0.60521,0.62426,0.63617,0.65627,0.67473,0.69425,0.70912,0.7322,0.74732,0.77045,0.78245,0.8008,0.82439,0.83698,0.85104,0.87098,0.88198,0.89591,0.90523,0.92352,0.92571,0.94111,0.94542,0.9495,0.96216,0.96854,0.97148,0.97764,0.98523,0.99102,0.98849,1.0013,1.00107,1.00231,1.01095,1.0111,1.01646,1.01644,1.01704,1.01807,1.02086,1.01956,1.01916,1.02327,1.02165,1.02212,1.02464,1.02142,1.02144,1.01955,1.02171,1.02101,1.02174,1.01727,1.01672,1.01897,1.01669,1.01289,1.0175,1.00905,1.0143,1.00813,1.01488,1.00508,1.0105,1.00609,1.00411,1.00424,1.00422,0.99932,0.99847,1.00104,0.99403,0.99573,1.00364,0.99247,0.99669,0.9915,0.99351,0.99314,0.99347,0.98923,0.99364,0.98604,0.98693,0.98586,0.98132,0.98224,0.98219,0.97957,0.98565,0.9764,0.98036,0.97835,0.97487,0.97146,0.97057,0.97024,0.96638,0.96782,0.96611,0.97261,0.97015,0.9698,0.96848,0.96663,0.96912,0.96315,0.96394,0.96821,0.96471,0.97037,0.9474,0.92212,0.89091,0.8512,0.81056,0.78009,0.75047,0.73021,0.7127,0.69443,0.6801,0.66211,0.6457,0.63981,0.62989,0.61864,0.60696,0.60173,0.6002,0.58507,0.57523,0.57127,0.56902,0.55857,0.55852,0.55491,0.55399,0.54991,0.54555,0.53495,0.53987,0.53672,0.53317,0.52595,0.52624,0.52332,0.5194,0.52275,0.51918,0.52622,0.51784,0.52018,0.51178,0.51322,0.51371,0.51021,0.51046,0.51008,0.50922,0.51365,0.50919,0.50872,0.50821,0.50776,0.50541,0.50426,0.50496,0.50692,0.50635,0.50248,0.50458,0.50175,0.50193,0.50028,0.50065,0.5041,0.50067,0.50049,0.49626,0.49881,0.49871,0.49698,0.49889,0.49754,0.49861,0.49853,0.49567,0.49687,0.49787,0.50046,0.49797,0.49552,0.49804,0.50121,0.49915,0.49812,0.49843,0.50008,0.49903,0.49764,0.49881,0.49335,0.49223,0.4963,0.49601,0.49439,0.49774,0.49096,0.49423,0.49432,0.49141,0.49921,0.49204,0.49393,0.49764,0.49696,0.49252,0.49699,0.49599,0.50106,0.49621,0.49484,0.49303,0.49331,0.49309,0.4986,0.49522,0.49656,0.49893,0.48925,0.49835,0.49529,0.49624,0.49308,0.49326
Synth_Outdoor_NH3_4,NH3,10.0,1,0.56648,0.56976,0.56975,0.57338,0.5786,0.58609,0.58981,0.60178,0.61191,0.62368,0.63628,0.64969,0.66257,0.67589,0.688,0.70771,0.72352,0.74444,0.76338,0.78153,0.7992,0.81484,0.83145,0.84789,0.86226,0.88409,0.89607,0.90745,0.92162,0.93377,0.94759,0.96096,0.96749,0.97211,0.98596,0.99406,1.00122,1.00697,1.01532,1.02077,1.02608,1.0324,1.03517,1.03948,1.0481,1.04953,1.05315,1.05665,1.05709,1.05988,1.05499,1.06047,1.06033,1.06572,1.06437,1.06102,1.06403,1.06384,1.06463,1.06091,1.06423,1.0625,1.06331,1.06029,1.05993,1.06348,1.05703,1.05639,1.0579,1.05525,1.05408,1.05561,1.0506,1.05082,1.05748,1.05253,1.04852,1.05033,1.04954,1.0494,1.0455,1.04716,1.03868,1.04027,1.0424,1.04185,1.03775,1.03963,1.03636,1.03622,1.03851,1.03719,1.03134,1.03025,1.03114,1.03152,1.02942,1.03309,1.03058,1.0297,1.02434,1.02922,1.01812,1.02624,1.0255,1.02111,1.02447,1.02025,1.0197,1.01943,1.02558,1.02005,1.01752,1.01259,1.01437,1.01121,1.01451,1.01197,1.00804,1.0103,1.00715,1.00853,1.00833,1.01188,1.00843,0.99199,0.96719,0.93684,0.90178,0.86139,0.83619,0.81497,0.79199,0.77187,0.75642,0.74075,0.72781,0.70848,0.69845,0.69468,0.67917,0.6755,0.6659,0.65727,0.6542,0.64791,0.64729,0.63547,0.63606,0.62913,0.62269,0.62276,0.61885,0.61444,0.61218,0.60735,0.60434,0.60601,0.60141,0.5998,0.59885,0.59711,0.59125,0.5965,0.59216,0.59,0.59032,0.58864,0.58886,0.58724,0.58669,0.58734,0.5853,0.58188,0.57867,0.58489,0.57942,0.57817,0.57436,0.57893,0.57789,0.57318,0.57756,0.57468,0.58218,0.5736,0.57348,0.57194,0.57695,0.57247,0.57125,0.57449,0.56897,0.57369,0.57627,0.57293,0.57283,0.57314,0.57498,0.57346,0.57131,0.57223,0.56755,0.57151,0.56686,0.56826,0.56127,0.56981,0.56702,0.57124,0.56929,0.57098,0.56531,0.57048,0.57302,0.56955,0.5695,0.56782,0.56597,0.56906,0.56327,0.56586,0.56236,0.56493,0.5682,0.56776,0.56654,0.56675,0.56153,0.56523,0.56439,0.56437,0.56746,0.56375,0.56432,0.56054,0.56498,0.56296,0.5658,0.56315,0.56574,0.56507,0.56955,0.56655,0.56068,0.56206,0.56531,0.56279,0.55763,0.56836
Synth_Outdoor_NH3_5,NH3,10.0,1,0.60766,0.61297,0.61388,0.62091,0.62387,0.63681,0.63684,0.65264,0.65958,0.6693,0.68306,0.69768,0.71347,0.726,0.739,0.75811,0.7799,0.79657,0.81363,0.83162,0.84967,0.86897,0.88275,0.89788,0.91821,0.9321,0.94684,0.96217,0.98386,0.99087,1.0035,1.01081,1.0197,1.03193,1.0465,1.05194,1.06007,1.06727,1.07024,1.08098,1.08126,1.09125,1.09337,1.0919,1.09808,1.09862,1.10874,1.10825,1.10505,1.11371,1.11342,1.11284,1.12226,1.11961,1.11963,1.12009,1.11778,1.11856,1.1251,1.12067,1.12179,1.11649,1.11805,1.12246,1.12132,1.12413,1.12238,1.11764,1.11849,1.1157,1.12083,1.1179,1.11483,1.11435,1.11693,1.11419,1.11595,1.10581,1.11156,1.10815,1.11275,1.11101,1.10597,1.10852,1.10794,1.10245,1.10724,1.09976,1.09803,1.09936,1.0949,1.09471,1.09676,1.0921,1.08668,1.09071,1.08692,1.08969,1.08812,1.08899,1.08647,1.08582,1.08042,1.08318,1.08522,1.0777,1.08298,1.07614,1.07436,1.07617,1.07617,1.07565,1.06997,1.07248,1.06872,1.06586,1.06643,1.06607,1.06838,1.06913,1.06186,1.06549,1.06422,1.07028,1.06197,1.04621,1.02631,0.99038,0.95414,0.91287,0.8917,0.86721,0.84382,0.82096,0.8108,0.79085,0.77762,0.77212,0.75336,0.74679,0.73708,0.72823,0.72031,0.71354,0.70687,0.7002,0.69873,0.68673,0.688,0.68331,0.67913,0.6766,0.67028,0.66281,0.6645,0.65959,0.65783,0.65429,0.65412,0.65188,0.64561,0.65161,0.65385,0.64835,0.64495,0.64401,0.64191,0.64205,0.64065,0.6376,0.64295,0.63415,0.63882,0.63599,0.64028,0.63568,0.63326,0.63291,0.63303,0.62952,0.62992,0.62687,0.62856,0.63064,0.63073,0.62463,0.62886,0.63027,0.62812,0.62663,0.62687,0.62625,0.62574,0.62748,0.63256,0.6247,0.62554,0.62598,0.62417,0.62845,0.61958,0.62402,0.62724,0.6243,0.62283,0.62584,0.62687,0.62501,0.62235,0.62539,0.62315,0.62591,0.62766,0.61736,0.62409,0.61939,0.62976,0.6224,0.62537,0.62336,0.6214,0.62105,0.62728,0.62567,0.6281,0.62333,0.62385,0.62242,0.62231,0.62038,0.62317,0.62096,0.62402,0.62333,0.6236,0.62707,0.62277,0.62477,0.62801,0.62613,0.62573,0.62207,0.62341,0.61954,0.62409,0.62353,0.6229,0.62541,0.61982,0.62692
Synth_Outdoor_NH3_6,NH3,10.0,1,0.51349,0.51797,0.52456,0.52607,0.53232,0.53927,0.55193,0.55589,0.56728,0.58268,0.59218,0.60861,0.61854,0.63638,0.65762,0.67006,0.68994,0.70997,0.72614,0.74702,0.76769,0.78664,0.80854,0.8275,0.83925,0.85867,0.87622,0.89365,0.90617,0.91874,0.93248,0.94428,0.95125,0.96414,0.9766,0.98109,0.98999,0.99652,0.9982,1.01029,1.01676,1.01985,1.02294,1.0279,1.03579,1.0421,1.04349,1.03909,1.04658,1.04431,1.04581,1.04721,1.05096,1.05224,1.05002,1.05026,1.05161,1.05172,1.05301,1.04649,1.04915,1.04579,1.04751,1.04609,1.04541,1.04239,1.03945,1.03664,1.04026,1.03837,1.03671,1.04067,1.03412,1.03856,1.03758,1.02695,1.0303,1.0274,1.01968,1.02206,1.02634,1.0281,1.0238,1.02065,1.01791,1.02033,1.01976,1.01135,1.00646,1.00504,1.01253,1.00803,1.00746,1.00133,1.00269,1.00263,1.00275,1.00012,0.99738,0.99687,1.00076,0.99731,0.99721,0.99249,0.98642,0.99155,0.98965,0.99172,0.99813,0.99081,0.99511,0.98892,0.98511,0.98665,0.98922,0.98828,0.98124,0.98228,0.97703,0.98166,0.98253,0.97757,0.97817,0.98216,0.97696,0.96107,0.93628,0.90222,0.86737,0.8294,0.79536,0.77069,0.75091,0.73413,0.71547,0.69806,0.68645,0.67244,0.66415,0.65252,0.64158,0.63447,0.62944,0.61766,0.61364,0.60654,0.60237,0.59469,0.59204,0.59033,0.58134,0.5768,0.5736,0.57083,0.57242,0.56479,0.56512,0.56515,0.56256,0.55863,0.55827,0.55637,0.55396,0.5525,0.55721,0.55233,0.55527,0.54671,0.54668,0.54256,0.54295,0.54885,0.54198,0.54733,0.5387,0.53852,0.53963,0.53968,0.54156,0.53981,0.53713,0.53734,0.53641,0.53448,0.53412,0.53852,0.53103,0.5393,0.53408,0.53268,0.53615,0.53774,0.53656,0.53477,0.53599,0.52872,0.53149,0.53032,0.53546,0.5313,0.53422,0.53328,0.52962,0.53016,0.53472,0.52942,0.53155,0.52916,0.53024,0.5308,0.52886,0.52832,0.53136,0.52846,0.52849,0.52807,0.53018,0.53266,0.534,0.52835,0.53551,0.52758,0.53277,0.52823,0.52783,0.5281,0.52981,0.53135,0.53153,0.52747,0.52734,0.52753,0.52954,0.5293,0.52747,0.5305,0.53548,0.52854,0.5287,0.53119,0.52839,0.53146,0.52801,0.53439,0.53069,0.52832,0.52845,0.5287,0.53348,0.52694
Synth_Outdoor_NH3_7,NH3,10.0,1,0.43186,0.43383,0.43443,0.44185,0.44834,0.45384,0.4649,0.47435,0.4819,0.49386,0.5002,0.51792,0.53581,0.54753,0.56293,0.58752,0.60412,0.61896,0.63916,0.64927,0.67125,0.69018,0.70859,0.72535,0.73697,0.76038,0.77609,0.79327,0.80108,0.81393,0.8217,0.83923,0.8532,0.85985,0.87653,0.87984,0.88967,0.89426,0.90623,0.90796,0.92165,0.92838,0.9362,0.93619,0.94477,0.95112,0.95579,0.95715,0.95756,0.96831,0.9709,0.97369,0.98066,0.982,0.98176,0.9827,0.98666,0.9969,0.99406,0.99387,0.99382,0.99433,0.9983,0.99425,0.99708,0.99493,1.00079,0.99779,0.99888,0.99399,0.99751,0.99325,0.99348,0.99636,0.98868,0.99088,0.99052,0.98973,0.98628,0.99154,0.98178,0.98717,0.98527,0.98608,0.97668,0.97784,0.98313,0.97398,0.97368,0.97514,0.97559,0.97802,0.97254,0.9704,0.97167,0.97102,0.96989,0.9672,0.96176,0.96338,0.96822,0.96409,0.96179,0.96435,0.95764,0.9589,0.9589,0.95659,0.95711,0.95557,0.9517,0.9548,0.95013,0.95307,0.95542,0.95077,0.94817,0.95044,0.94828,0.95139,0.94908,0.95305,0.955,0.95398,0.95089,0.93199,0.90563,0.86785,0.82847,0.78818,0.75283,0.72493,0.69994,0.6767,0.65248,0.64158,0.6256,0.6058,0.59211,0.58243,0.5712,0.55925,0.54744,0.54292,0.53581,0.52918,0.52172,0.51418,0.51181,0.5044,0.49839,0.49475,0.48682,0.487,0.48571,0.48161,0.48155,0.47427,0.47352,0.47183,0.47342,0.46578,0.46081,0.46365,0.46442,0.45726,0.45856,0.45805,0.45612,0.45256,0.44927,0.44964,0.44985,0.44989,0.44744,0.44469,0.44613,0.44602,0.44401,0.44018,0.44105,0.44314,0.4366,0.43416,0.44255,0.43948,0.43919,0.43443,0.43845,0.43677,0.43158,0.43862,0.435,0.43318,0.43283,0.42833,0.43445,0.43323,0.43171,0.43505,0.42806,0.42969,0.42877,0.42989,0.43044,0.43106,0.42885,0.42725,0.43339,0.43494,0.42906,0.42656,0.4319,0.42439,0.42696,0.42584,0.42449,0.42649,0.42483,0.4268,0.42664,0.4248,0.42524,0.42542,0.42788,0.42531,0.42759,0.42683,0.42666,0.42853,0.42211,0.42359,0.42902,0.42382,0.41728,0.42369,0.4244,0.4174,0.42717,0.42192,0.4244,0.42288,0.42009,0.4205,0.4207,0.42566,0.42246,0.42143,0.4203,0.42553
Synth_Outdoor_NH3_8,NH3,10.0,1,0.57158,0.57432,0.57495,0.58293,0.58853,0.59362,0.60976,0.61549,0.63151,0.64325,0.6562,0.6712,0.68397,0.70682,0.71964,0.73826,0.7543,0.77255,0.79539,0.81425,0.83124,0.84886,0.86816,0.89267,0.90584,0.92363,0.94453,0.95383,0.96998,0.9844,1.00431,1.01867,1.0285,1.04104,1.04955,1.06736,1.07428,1.08649,1.09456,1.10456,1.11971,1.12715,1.13948,1.14622,1.15274,1.16231,1.17264,1.17932,1.18635,1.20008,1.20342,1.2124,1.21975,1.2242,1.23557,1.23517,1.2442,1.24913,1.25289,1.25392,1.26313,1.26604,1.2652,1.27097,1.27201,1.26923,1.27136,1.27729,1.27591,1.27407,1.27337,1.27387,1.27333,1.27126,1.26765,1.27332,1.27129,1.26403,1.26585,1.26151,1.26139,1.25946,1.25732,1.26145,1.25356,1.25089,1.24919,1.25179,1.24305,1.24319,1.24643,1.24118,1.23902,1.24192,1.23511,1.23071,1.2299,1.22596,1.23014,1.22664,1.22621,1.22454,1.21845,1.21521,1.21563,1.21184,1.21275,1.21361,1.20888,1.20823,1.20625,1.20723,1.2023,1.19725,1.20268,1.20275,1.20016,1.19619,1.19373,1.19663,1.19461,1.19251,1.2003,1.19518,1.19552,1.17284,1.13737,1.10029,1.05579,1.00518,0.96402,0.93499,0.90446,0.88196,0.85935,0.83372,0.81548,0.80181,0.782,0.76706,0.75369,0.7455,0.73438,0.72181,0.71424,0.70954,0.69545,0.68579,0.68517,0.67762,0.67042,0.66855,0.66411,0.65194,0.65159,0.65506,0.64708,0.64389,0.64194,0.63608,0.63525,0.63243,0.62952,0.62506,0.62415,0.6202,0.61979,0.61507,0.61432,0.61401,0.61084,0.61051,0.61001,0.61014,0.61028,0.6056,0.609,0.60699,0.60491,0.60313,0.60264,0.60397,0.60325,0.60278,0.59882,0.5994,0.6007,0.59515,0.59529,0.59555,0.59721,0.59674,0.59339,0.58971,0.59365,0.5903,0.58848,0.58864,0.59223,0.59444,0.59078,0.59086,0.59295,0.58583,0.59068,0.58906,0.59023,0.58734,0.58624,0.58838,0.59191,0.58973,0.58609,0.58381,0.58277,0.59006,0.5842,0.58557,0.58953,0.58202,0.58962,0.58509,0.58272,0.58481,0.58351,0.58629,0.58346,0.58017,0.58427,0.58131,0.58511,0.58151,0.58315,0.58474,0.58367,0.58475,0.58575,0.5811,0.58375,0.5755,0.58437,0.58293,0.58116,0.58434,0.58641,0.58224,0.58102,0.58375,0.57996,0.58161
Synth_Outdoor_NH3_9,NH3,10.0,1,0.52641,0.53086,0.54132,0.54996,0.55198,0.56685,0.57985,0.59338,0.60289,0.618,0.62727,0.65485,0.66625,0.68434,0.70582,0.73075,0.75353,0.76972,0.79341,0.81249,0.83103,0.85818,0.87329,0.89857,0.91728,0.93419,0.95511,0.97318,0.98349,0.99751,1.00983,1.03449,1.04161,1.05888,1.06705,1.08507,1.09134,1.10156,1.11503,1.12466,1.13745,1.14552,1.15675,1.16391,1.17251,1.18226,1.19806,1.20238,1.20518,1.21663,1.22544,1.2366,1.24095,1.2421,1.25599,1.25514,1.26322,1.26173,1.26258,1.26855,1.26694,1.283,1.28036,1.27923,1.28411,1.28459,1.28632,1.28814,1.28439,1.28261,1.28615,1.28499,1.2819,1.28556,1.27728,1.2742,1.27535,1.27035,1.27091,1.26516,1.26366,1.26683,1.2585,1.25455,1.25633,1.2477,1.24581,1.24645,1.24502,1.24365,1.23663,1.23742,1.2319,1.2286,1.23017,1.22286,1.2221,1.21917,1.21362,1.21627,1.21285,1.20409,1.20739,1.20255,1.20503,1.19665,1.1975,1.19768,1.1954,1.19558,1.18811,1.19424,1.18948,1.18958,1.18632,1.18215,1.17709,1.17695,1.18034,1.17802,1.17129,1.16389,1.17284,1.17404,1.16735,1.1506,1.12035,1.07919,1.03023,0.97705,0.94198,0.91594,0.88197,0.85574,0.83201,0.81066,0.78414,0.77173,0.75605,0.74457,0.72799,0.71141,0.70527,0.69179,0.6812,0.67336,0.66869,0.66299,0.65414,0.64809,0.64177,0.63534,0.63173,0.61922,0.62114,0.61417,0.61588,0.60902,0.60614,0.59918,0.60253,0.59883,0.59608,0.59024,0.58807,0.58843,0.58416,0.58511,0.57685,0.57938,0.58353,0.57864,0.57654,0.57973,0.56768,0.57027,0.57018,0.57225,0.57129,0.56596,0.56969,0.5653,0.56853,0.56212,0.56364,0.562,0.56518,0.56059,0.56115,0.56192,0.56145,0.56176,0.55954,0.55749,0.55722,0.55773,0.55787,0.55648,0.55651,0.55229,0.55739,0.55582,0.55752,0.55469,0.55005,0.55321,0.55335,0.55546,0.54818,0.55322,0.55417,0.55102,0.55267,0.55071,0.55026,0.5509,0.54995,0.55326,0.54954,0.54898,0.55551,0.55337,0.54621,0.54882,0.55119,0.55126,0.5466,0.55313,0.5522,0.55126,0.55337,0.55102,0.55092,0.55361,0.5524,0.54749,0.55111,0.5478,0.55066,0.55052,0.54581,0.54892,0.54984,0.54806,0.54993,0.55114,0.54902,0.54961,0.55247,0.55014
Synth_Outdoor_NH3_10,NH3,10.0,1,0.60824,0.61103,0.62246,0.63064,0.64373,0.65325,0.66258,0.67849,0.70178,0.71734,0.74025,0.76123,0.78355,0.80785,0.83095,0.8588,0.88358,0.91066,0.93743,0.9643,0.9935,1.01675,1.04494,1.07086,1.09299,1.11493,1.13616,1.15828,1.1761,1.19712,1.2141,1.22882,1.24832,1.26178,1.27617,1.28951,1.3049,1.32029,1.33294,1.34411,1.35673,1.37008,1.3779,1.38645,1.40294,1.40844,1.41779,1.42434,1.43907,1.44209,1.45246,1.46358,1.47116,1.47462,1.48238,1.48647,1.49251,1.49918,1.50143,1.50577,1.50601,1.51537,1.51615,1.51861,1.52085,1.51597,1.51702,1.51274,1.52465,1.51551,1.51733,1.51024,1.51417,1.51448,1.50764,1.50312,1.50294,1.4951,1.49756,1.49626,1.49028,1.48559,1.48337,1.47927,1.46925,1.46933,1.47097,1.4573,1.45621,1.45705,1.45086,1.44286,1.44069,1.43644,1.43095,1.42907,1.42497,1.42237,1.41678,1.41205,1.41163,1.41256,1.40498,1.40073,1.40063,1.39614,1.39918,1.39237,1.39174,1.38539,1.38564,1.38221,1.37865,1.37495,1.37191,1.37134,1.36935,1.36463,1.36318,1.35999,1.35801,1.35453,1.35744,1.36529,1.35109,1.32998,1.29331,1.24334,1.19187,1.13252,1.0908,1.04931,1.01379,0.9865,0.95519,0.9342,0.90711,0.88857,0.86691,0.86032,0.83336,0.82308,0.81268,0.80023,0.78858,0.77537,0.77007,0.76022,0.75038,0.74297,0.73468,0.72672,0.7261,0.72076,0.71012,0.70716,0.70269,0.6988,0.69511,0.69365,0.68599,0.68254,0.68475,0.6777,0.67303,0.67252,0.67054,0.67305,0.66938,0.66796,0.66528,0.66385,0.65807,0.65775,0.65429,0.65486,0.6558,0.65318,0.65493,0.64768,0.65069,0.64533,0.64772,0.64841,0.64514,0.6462,0.64159,0.63907,0.64388,0.64615,0.63866,0.64358,0.64004,0.63605,0.63601,0.63837,0.63682,0.63408,0.63269,0.63436,0.63655,0.63566,0.63403,0.63543,0.63719,0.63523,0.63363,0.63594,0.63092,0.6325,0.6323,0.62947,0.63128,0.6269,0.63666,0.62932,0.63543,0.63137,0.6325,0.62968,0.63127,0.63223,0.63214,0.63229,0.62932,0.6289,0.62599,0.63115,0.63245,0.6337,0.63034,0.62757,0.62517,0.63192,0.62474,0.62831,0.62851,0.62884,0.62903,0.62923,0.62279,0.6288,0.62315,0.63054,0.62728,0.62324,0.62657,0.62716,0.63155,0.62906
Synth_Outdoor_NH3_11,NH3,10.0,1,0.40435,0.41227,0.41664,0.42805,0.43888,0.44695,0.46824,0.47705,0.50063,0.51382,0.53994,0.56535,0.58376,0.60837,0.63617,0.66026,0.69259,0.71571,0.74159,0.76811,0.79419,0.8218,0.84885,0.87429,0.89879,0.92952,0.94431,0.96861,0.99006,1.00951,1.02627,1.04352,1.06225,1.07807,1.09248,1.10424,1.1214,1.13356,1.14809,1.16254,1.17553,1.19076,1.19631,1.21059,1.22012,1.23286,1.24092,1.24631,1.25331,1.26676,1.27252,1.27879,1.28504,1.29504,1.30435,1.30499,1.31231,1.31488,1.31573,1.32411,1.3223,1.32734,1.32803,1.33202,1.32763,1.33134,1.32797,1.32805,1.319,1.33168,1.32567,1.31971,1.31597,1.3143,1.31391,1.30378,1.30426,1.30522,1.29441,1.29414,1.29602,1.28824,1.28284,1.27922,1.27195,1.27109,1.26184,1.25311,1.25216,1.24584,1.24278,1.23812,1.23711,1.2313,1.22578,1.22081,1.21398,1.20709,1.20886,1.20654,1.20027,1.1953,1.19394,1.18892,1.18984,1.18531,1.18132,1.17752,1.16919,1.17082,1.16685,1.16439,1.16121,1.15833,1.16126,1.15178,1.15188,1.14596,1.14675,1.14479,1.14102,1.14158,1.13754,1.13968,1.13311,1.11274,1.07447,1.02862,0.968,0.91106,0.86923,0.82986,0.79708,0.76474,0.73598,0.71124,0.68841,0.66656,0.64764,0.62959,0.61665,0.60027,0.59191,0.57424,0.56102,0.55853,0.54315,0.53556,0.52621,0.51857,0.51119,0.50043,0.49794,0.48796,0.48546,0.47906,0.47707,0.47264,0.46888,0.46454,0.45869,0.45617,0.45593,0.45328,0.44489,0.44127,0.44075,0.44279,0.44095,0.43346,0.43451,0.43642,0.43103,0.4318,0.42907,0.4227,0.423,0.42214,0.42096,0.42171,0.4192,0.40965,0.41258,0.40928,0.41414,0.41331,0.41244,0.40839,0.41159,0.41085,0.40509,0.40378,0.40668,0.41044,0.40952,0.40597,0.4021,0.4055,0.40152,0.40014,0.39611,0.40115,0.39877,0.40005,0.39357,0.39929,0.39232,0.40069,0.39883,0.3964,0.39805,0.39378,0.396,0.39742,0.38731,0.39358,0.39427,0.39352,0.39733,0.39056,0.3915,0.38796,0.39621,0.39152,0.39073,0.39142,0.39287,0.39187,0.39734,0.3916,0.38906,0.38859,0.38877,0.38577,0.38938,0.391,0.38728,0.38656,0.39218,0.38464,0.38285,0.38497,0.38382,0.38845,0.38637,0.38651,0.38975,0.38496,0.38846,0.39014
Synth_Outdoor_NH3_12,NH3,10.0,1,0.64777,0.6558,0.65624,0.66428,0.67721,0.68757,0.70138,0.71642,0.73448,0.74872,0.76605,0.78683,0.80647,0.82768,0.84843,0.87572,0.89762,0.92522,0.94317,0.96947,0.99919,1.01583,1.04066,1.06062,1.08187,1.10995,1.12653,1.14554,1.15913,1.18151,1.1998,1.21517,1.22852,1.23795,1.25478,1.26831,1.27431,1.2877,1.30401,1.31494,1.3194,1.33547,1.3435,1.35468,1.36038,1.37256,1.38178,1.38724,1.39621,1.40224,1.41515,1.41728,1.42138,1.42744,1.43471,1.44093,1.43995,1.45188,1.4516,1.45524,1.45691,1.46008,1.46241,1.4678,1.4672,1.47028,1.46733,1.46799,1.46377,1.46644,1.45853,1.45682,1.45362,1.45017,1.44951,1.44349,1.44424,1.43491,1.43332,1.42651,1.42503,1.4196,1.41501,1.4142,1.40543,1.40432,1.39666,1.39452,1.38709,1.38441,1.38192,1.38284,1.37483,1.37506,1.3678,1.36264,1.36382,1.35759,1.3515,1.351,1.34592,1.33852,1.34279,1.34031,1.33934,1.33307,1.32868,1.32863,1.32592,1.32509,1.31822,1.31542,1.31162,1.31239,1.30491,1.30847,1.30589,1.30383,1.30077,1.3025,1.29914,1.2935,1.29604,1.29665,1.29314,1.27001,1.24331,1.20142,1.14712,1.10012,1.06086,1.0294,1.00116,0.96583,0.94477,0.92266,0.89962,0.8835,0.86897,0.85183,0.83462,0.83279,0.81443,0.80314,0.79009,0.78424,0.77467,0.76247,0.75725,0.75515,0.75174,0.74196,0.73837,0.73017,0.72566,0.72421,0.72156,0.71681,0.7073,0.70643,0.70412,0.69978,0.69861,0.69707,0.69504,0.69441,0.68716,0.68249,0.68483,0.68678,0.67912,0.68038,0.6788,0.67604,0.67412,0.67044,0.66575,0.66742,0.66804,0.67064,0.66656,0.6645,0.66259,0.66553,0.6664,0.66481,0.66286,0.65687,0.65892,0.66395,0.66121,0.65389,0.65695,0.65738,0.65397,0.64953,0.655,0.65225,0.65177,0.65237,0.65243,0.65228,0.64964,0.65086,0.64661,0.65137,0.64308,0.64912,0.65177,0.64648,0.65057,0.65133,0.63987,0.64746,0.64038,0.64698,0.64699,0.64052,0.65127,0.6469,0.6438,0.64934,0.64097,0.64215,0.63927,0.64931,0.64543,0.64603,0.64493,0.6454,0.64395,0.64421,0.64361,0.64164,0.64288,0.64352,0.64297,0.63885,0.63903,0.64495,0.64131,0.64339,0.63907,0.63799,0.63943,0.64087,0.63964,0.64442,0.64152,0.64558
Synth_Outdoor_NH3_13,NH3,10.0,1,0.48897,0.48817,0.49973,0.50604,0.52375,0.53427,0.54238,0.55898,0.57647,0.59604,0.61342,0.63155,0.65426,0.67903,0.70598,0.72849,0.75047,0.77936,0.80223,0.83086,0.8602,0.87781,0.90504,0.92483,0.94922,0.97147,0.99183,1.01851,1.03067,1.05112,1.06228,1.08491,1.10265,1.11372,1.1233,1.14348,1.15706,1.17168,1.18725,1.1932,1.20352,1.2139,1.22811,1.23938,1.24713,1.26032,1.26906,1.277,1.28319,1.29226,1.29482,1.30845,1.31445,1.32089,1.32708,1.33156,1.33475,1.33914,1.33912,1.34436,1.34865,1.34886,1.35431,1.35145,1.35426,1.35416,1.35549,1.35514,1.35342,1.34482,1.35109,1.34969,1.34219,1.34145,1.33607,1.33073,1.33083,1.32823,1.32526,1.31993,1.31644,1.31423,1.30825,1.3074,1.30366,1.30398,1.29694,1.29084,1.28488,1.28333,1.27944,1.27329,1.27246,1.26287,1.26176,1.26006,1.25451,1.25147,1.2485,1.24352,1.24518,1.23627,1.23625,1.23311,1.22639,1.22603,1.22089,1.22399,1.21503,1.21363,1.20938,1.20597,1.21019,1.20473,1.20098,1.19633,1.19785,1.19135,1.19337,1.18725,1.18588,1.18709,1.18961,1.18995,1.17799,1.1588,1.12619,1.07828,1.03175,0.97025,0.93187,0.89667,0.85876,0.83345,0.81236,0.78715,0.76941,0.74966,0.72892,0.7122,0.69656,0.67598,0.66649,0.65861,0.64916,0.63846,0.62639,0.62255,0.61615,0.60761,0.60106,0.59097,0.58925,0.58153,0.57742,0.57237,0.56679,0.56086,0.55898,0.55808,0.55115,0.55134,0.54799,0.54262,0.5442,0.53734,0.53966,0.53475,0.53153,0.52736,0.5275,0.52546,0.52117,0.52219,0.51923,0.52128,0.52174,0.51412,0.52026,0.51451,0.51129,0.51455,0.51051,0.51042,0.50867,0.50676,0.50977,0.50646,0.50283,0.50706,0.50195,0.50139,0.50658,0.49997,0.49657,0.50337,0.50051,0.50018,0.49942,0.5003,0.49735,0.50248,0.49467,0.49906,0.49913,0.49521,0.49417,0.49891,0.49354,0.4942,0.49763,0.49519,0.49032,0.4989,0.49291,0.49295,0.49433,0.49499,0.49807,0.48878,0.49478,0.49434,0.49191,0.49402,0.49419,0.48818,0.49583,0.48738,0.48825,0.49025,0.49555,0.48982,0.49038,0.49389,0.48942,0.48707,0.48882,0.49315,0.48976,0.49432,0.49122,0.48766,0.4893,0.48694,0.48731,0.50006,0.49131,0.49082,0.48701,0.4924
Synth_Outdoor_NH3_14,NH3,10.0,1,0.57567,0.57325,0.58168,0.59113,0.60211,0.61808,0.62997,0.65219,0.6689,0.6827,0.70759,0.72771,0.74537,0.76503,0.79393,0.81791,0.84557,0.87108,0.8969,0.92388,0.94517,0.97426,0.99659,1.02206,1.0471,1.06394,1.08776,1.10876,1.12749,1.14972,1.16365,1.18127,1.1972,1.2171,1.2277,1.24402,1.26129,1.26929,1.28503,1.29862,1.30859,1.31687,1.32906,1.33461,1.34577,1.35558,1.37157,1.37229,1.38019,1.38719,1.39862,1.40473,1.41374,1.41889,1.41955,1.4263,1.4366,1.43697,1.44413,1.44403,1.44487,1.44908,1.44964,1.45243,1.45565,1.4572,1.45209,1.45557,1.45317,1.45168,1.45207,1.44858,1.45148,1.44894,1.44663,1.43987,1.43588,1.43547,1.43163,1.42699,1.42184,1.42077,1.4158,1.41433,1.40997,1.40665,1.39625,1.39588,1.38854,1.38252,1.3795,1.37818,1.36953,1.36936,1.36191,1.35495,1.35457,1.34861,1.34121,1.34454,1.33708,1.33313,1.32765,1.3295,1.32459,1.32169,1.31581,1.31634,1.31393,1.30758,1.30346,1.30626,1.29866,1.30077,1.29714,1.29927,1.29331,1.2952,1.28935,1.29143,1.2924,1.28253,1.28869,1.29646,1.28231,1.26172,1.22921,1.18147,1.12434,1.07858,1.02758,0.99501,0.96634,0.93288,0.90529,0.88495,0.85856,0.8375,0.82286,0.80487,0.78678,0.77733,0.76389,0.74988,0.73906,0.73081,0.72324,0.71088,0.7052,0.69756,0.69143,0.68291,0.67457,0.67013,0.66698,0.66585,0.6556,0.65463,0.64786,0.64525,0.64527,0.6401,0.63203,0.63081,0.63268,0.62734,0.62172,0.62028,0.62194,0.62063,0.61629,0.62063,0.61478,0.61048,0.60749,0.60563,0.60749,0.60408,0.60821,0.60648,0.60325,0.59763,0.59785,0.60169,0.59619,0.5995,0.59699,0.59511,0.59242,0.59319,0.59317,0.59457,0.5891,0.59002,0.59016,0.59114,0.58664,0.58511,0.58956,0.58356,0.59007,0.58598,0.58205,0.58431,0.58604,0.58336,0.58435,0.58578,0.58305,0.58087,0.58213,0.58611,0.58649,0.5769,0.5844,0.58205,0.58347,0.57956,0.57625,0.58189,0.57784,0.57648,0.57645,0.58107,0.57973,0.58117,0.58069,0.57777,0.57845,0.57717,0.57774,0.57569,0.57893,0.58049,0.57564,0.58073,0.57769,0.57788,0.5729,0.57251,0.57728,0.5788,0.57506,0.5808,0.57837,0.57412,0.57637,0.58239,0.573,0.57735
Synth_Outdoor_NH3_15,NH3,10.0,1,0.62707,0.63528,0.64385,0.64842,0.66242,0.67721,0.68506,0.70156,0.71427,0.7334,0.7519,0.7746,0.79702,0.81612,0.84335,0.86704,0.88942,0.91032,0.93445,0.95822,0.98667,1.00494,1.03278,1.05085,1.07731,1.09613,1.11935,1.1379,1.15679,1.17417,1.18745,1.20001,1.21532,1.22701,1.24304,1.25878,1.26954,1.2823,1.29538,1.30433,1.31281,1.32565,1.3333,1.34439,1.3577,1.36266,1.37641,1.3838,1.38661,1.39266,1.40222,1.41173,1.41369,1.42285,1.42872,1.42841,1.43291,1.44026,1.44238,1.44342,1.44698,1.44994,1.44792,1.45506,1.45284,1.44748,1.45431,1.45192,1.45697,1.44994,1.44707,1.44943,1.4447,1.44247,1.44373,1.43794,1.43484,1.44061,1.43536,1.43073,1.42865,1.42712,1.42553,1.41851,1.41848,1.41348,1.41143,1.40945,1.40611,1.40496,1.40119,1.39293,1.38997,1.38909,1.39124,1.38124,1.37958,1.3755,1.37217,1.37073,1.37054,1.36494,1.35856,1.36418,1.3542,1.34921,1.3508,1.34264,1.34441,1.33461,1.33711,1.33097,1.3308,1.32967,1.31959,1.3231,1.31373,1.31196,1.30989,1.31049,1.30672,1.30341,1.30593,1.30763,1.29987,1.28073,1.24956,1.2014,1.15045,1.10372,1.059,1.02609,0.9998,0.96953,0.94199,0.91877,0.90218,0.8863,0.86926,0.85118,0.84167,0.82333,0.81127,0.79422,0.78942,0.78335,0.77654,0.76262,0.75849,0.75314,0.74424,0.73264,0.73353,0.72974,0.72076,0.71811,0.71177,0.70442,0.70984,0.70392,0.70478,0.69999,0.69419,0.69225,0.69144,0.69017,0.68641,0.68634,0.68092,0.67738,0.67799,0.67703,0.67201,0.67024,0.67335,0.66993,0.66932,0.66768,0.67126,0.66956,0.66231,0.66313,0.66569,0.66422,0.6618,0.65828,0.65869,0.6584,0.6597,0.66266,0.65606,0.65463,0.65639,0.6587,0.65202,0.65877,0.65424,0.6524,0.6498,0.65519,0.65262,0.65313,0.65011,0.65121,0.65046,0.6511,0.64938,0.64693,0.65731,0.64683,0.65047,0.64536,0.64459,0.64963,0.64965,0.65215,0.64979,0.64824,0.64609,0.65205,0.65049,0.64494,0.64801,0.64814,0.64679,0.64947,0.64952,0.64685,0.64655,0.65091,0.64939,0.64715,0.64282,0.64766,0.64848,0.63976,0.64722,0.64546,0.6459,0.64415,0.64601,0.64983,0.6452,0.64871,0.64425,0.64812,0.6462,0.64706,0.64619,0.64777
Synth_Outdoor_NH3_16,NH3,10.0,1,0.5162,0.51557,0.52647,0.53637,0.54473,0.5572,0.57303,0.58979,0.60133,0.62023,0.63919,0.65557,0.68375,0.70848,0.73224,0.75169,0.77536,0.80344,0.83048,0.8537,0.87864,0.90489,0.92375,0.94795,0.97478,0.99166,1.00967,1.031,1.04926,1.07054,1.08463,1.10396,1.1171,1.12852,1.14877,1.16186,1.17569,1.18512,1.19681,1.21135,1.22542,1.23267,1.24449,1.25314,1.26037,1.27655,1.28585,1.29432,1.30048,1.31031,1.31844,1.32714,1.33199,1.33557,1.33749,1.34594,1.35038,1.35506,1.35956,1.3582,1.36542,1.35693,1.36301,1.36011,1.35693,1.36023,1.35553,1.35673,1.35477,1.35461,1.34468,1.34684,1.34051,1.33814,1.32949,1.32208,1.31708,1.31148,1.31031,1.3071,1.29634,1.29372,1.28289,1.28186,1.27789,1.26749,1.26563,1.26313,1.24946,1.25576,1.24903,1.24588,1.23913,1.23205,1.23406,1.22911,1.2262,1.22575,1.22199,1.22203,1.21471,1.20959,1.20763,1.20573,1.20366,1.19383,1.19398,1.19453,1.1866,1.18641,1.18229,1.18056,1.17343,1.1709,1.17055,1.16441,1.16547,1.16475,1.16662,1.1613,1.15995,1.15903,1.15588,1.15907,1.15853,1.13332,1.10482,1.06241,1.00791,0.96394,0.92407,0.8912,0.85875,0.83106,0.80847,0.78747,0.77074,0.75417,0.73653,0.72005,0.70155,0.69033,0.68023,0.66741,0.66057,0.65183,0.64298,0.63649,0.62453,0.6225,0.61229,0.60597,0.60431,0.60106,0.59463,0.58914,0.58585,0.58165,0.57498,0.57141,0.57123,0.56874,0.56585,0.56494,0.56029,0.55995,0.55605,0.55895,0.55267,0.55651,0.54982,0.54679,0.54356,0.54077,0.54053,0.53949,0.54143,0.53795,0.5386,0.54027,0.53581,0.54024,0.53115,0.53281,0.53097,0.53385,0.52515,0.5264,0.52903,0.53249,0.52852,0.52393,0.5237,0.5303,0.52401,0.52266,0.52821,0.52654,0.52673,0.5207,0.51883,0.52257,0.52267,0.52234,0.52475,0.51634,0.52248,0.51723,0.52178,0.51813,0.51697,0.51718,0.51481,0.51824,0.51595,0.5196,0.519,0.52137,0.51781,0.51795,0.51993,0.51465,0.51232,0.51636,0.51214,0.52165,0.51897,0.52055,0.5151,0.51614,0.51344,0.51664,0.51126,0.5078,0.51207,0.51029,0.51748,0.51818,0.51,0.51661,0.51563,0.50926,0.5122,0.51172,0.51503,0.51008,0.5129,0.51142,0.51431,0.51258
Synth_Outdoor_NH3_17,NH3,10.0,1,0.47047,0.46977,0.47527,0.48803,0.49654,0.50558,0.52825,0.53682,0.55333,0.5727,0.59604,0.60819,0.63487,0.66217,0.68084,0.70164,0.72794,0.75505,0.783,0.80391,0.83172,0.85062,0.87471,0.90067,0.92837,0.94701,0.96871,0.98888,1.0102,1.02422,1.0449,1.05775,1.08073,1.08907,1.10367,1.1216,1.13438,1.1486,1.16159,1.17116,1.19043,1.20073,1.21355,1.21996,1.233,1.24274,1.25486,1.26428,1.27076,1.27488,1.29099,1.29519,1.29902,1.30769,1.30834,1.31957,1.31751,1.32437,1.32877,1.33349,1.33346,1.33642,1.3357,1.33594,1.33589,1.3343,1.3292,1.32984,1.33058,1.32734,1.3253,1.32236,1.31824,1.31604,1.31299,1.30978,1.30634,1.30023,1.29328,1.28756,1.29294,1.27911,1.27607,1.27386,1.26855,1.26404,1.25687,1.2541,1.24952,1.2447,1.24232,1.2405,1.23391,1.23003,1.22889,1.22487,1.22286,1.21136,1.21522,1.21194,1.20589,1.2064,1.20599,1.19877,1.19938,1.19799,1.19073,1.19079,1.18979,1.18503,1.18279,1.18249,1.18258,1.17979,1.17349,1.17464,1.16833,1.16392,1.16452,1.16566,1.16196,1.15734,1.15802,1.15864,1.15157,1.12752,1.09481,1.04942,0.99433,0.94336,0.90395,0.867,0.83408,0.8036,0.7836,0.75377,0.73488,0.71336,0.69671,0.68133,0.66172,0.65132,0.64163,0.6314,0.61594,0.60648,0.60275,0.59161,0.57938,0.5721,0.56929,0.55811,0.55753,0.55019,0.54558,0.53891,0.53353,0.53461,0.52645,0.52237,0.51977,0.51724,0.51116,0.50949,0.50668,0.50782,0.5011,0.49664,0.49396,0.49317,0.4983,0.49312,0.49258,0.49104,0.48828,0.48648,0.48786,0.48426,0.48608,0.4829,0.47862,0.47779,0.4761,0.47992,0.47485,0.47291,0.47481,0.47289,0.47303,0.4762,0.47296,0.47,0.4657,0.46731,0.46968,0.46431,0.47197,0.46606,0.46558,0.46324,0.46562,0.46095,0.46875,0.46611,0.4648,0.45841,0.46196,0.46402,0.46205,0.45764,0.45811,0.4582,0.45745,0.46244,0.45348,0.4596,0.45442,0.45493,0.45198,0.4553,0.46014,0.45672,0.45278,0.45805,0.45831,0.45522,0.45978,0.4565,0.45591,0.45195,0.45532,0.45407,0.45458,0.45132,0.45312,0.45055,0.44701,0.45466,0.44823,0.45209,0.45248,0.45227,0.45056,0.45176,0.45206,0.45254,0.45487,0.45097,0.45041,0.44787
Synth_Outdoor_NH3_18,NH3,10.0,1,0.45304,0.45981,0.46559,0.47709,0.48639,0.5022,0.51763,0.53399,0.55006,0.56674,0.58884,0.61428,0.64256,0.66035,0.688,0.71167,0.73723,0.76484,0.78826,0.82379,0.84168,0.87323,0.89723,0.92365,0.95429,0.97552,0.99581,1.01899,1.03981,1.06187,1.08173,1.10444,1.11246,1.13393,1.14927,1.16777,1.18103,1.19581,1.20885,1.21883,1.23693,1.2482,1.26036,1.27266,1.28154,1.29479,1.30218,1.31042,1.32019,1.32888,1.33584,1.34882,1.35255,1.35864,1.36548,1.37757,1.37231,1.37742,1.37987,1.38586,1.38956,1.3897,1.39085,1.39333,1.39186,1.39343,1.39444,1.39181,1.39032,1.3884,1.38359,1.37936,1.37436,1.37162,1.3673,1.36623,1.36075,1.35676,1.34695,1.34816,1.33829,1.33161,1.32834,1.33092,1.31908,1.31456,1.31011,1.30549,1.29933,1.29732,1.29553,1.28988,1.28289,1.28163,1.278,1.27648,1.27664,1.2699,1.267,1.26861,1.26323,1.25932,1.25959,1.25269,1.24326,1.24707,1.23782,1.23976,1.23123,1.23127,1.22854,1.22453,1.22268,1.22326,1.21603,1.2163,1.20967,1.20881,1.20738,1.20141,1.19805,1.1997,1.20351,1.20147,1.19198,1.1713,1.13453,1.08659,1.02426,0.97266,0.92833,0.89293,0.85916,0.82983,0.80137,0.77254,0.75675,0.73569,0.71055,0.69732,0.67927,0.66671,0.65577,0.64631,0.6317,0.62027,0.60921,0.60175,0.5966,0.58559,0.57655,0.56827,0.56762,0.56138,0.55398,0.55331,0.54518,0.5417,0.53807,0.53354,0.53155,0.53062,0.52185,0.52307,0.51959,0.51703,0.51647,0.5122,0.51117,0.50979,0.50486,0.50509,0.50202,0.50074,0.49878,0.49935,0.49704,0.49655,0.49432,0.4892,0.49221,0.49127,0.49072,0.48769,0.4853,0.48897,0.48591,0.48624,0.48439,0.4844,0.48263,0.48071,0.48372,0.48043,0.48179,0.48187,0.47886,0.47682,0.48542,0.47759,0.48006,0.48296,0.47969,0.47663,0.47687,0.47462,0.47859,0.47751,0.47454,0.47295,0.472,0.47754,0.47512,0.47511,0.47227,0.47043,0.47629,0.47378,0.47577,0.47237,0.47257,0.47479,0.47469,0.47472,0.47185,0.47398,0.47511,0.47196,0.47083,0.47535,0.47025,0.47337,0.47157,0.46706,0.47444,0.46465,0.46652,0.47269,0.4726,0.4696,0.4715,0.46478,0.47285,0.47167,0.47091,0.47107,0.47222,0.47089,0.46625,0.4764
Synth_Outdoor_NH3_19,NH3,10.0,1,0.46513,0.47058,0.48048,0.48043,0.49407,0.50208,0.5181,0.53127,0.54761,0.56213,0.57926,0.60138,0.62076,0.64175,0.66149,0.68268,0.70646,0.73094,0.74731,0.77682,0.79954,0.82152,0.84319,0.8588,0.88514,0.911,0.92604,0.94393,0.9626,0.98052,0.99759,1.01093,1.02729,1.04438,1.05598,1.07205,1.07685,1.09467,1.10022,1.1145,1.12649,1.13406,1.14589,1.15796,1.1636,1.1789,1.18027,1.1972,1.20306,1.20808,1.2146,1.22114,1.22838,1.2344,1.243,1.24952,1.24924,1.25025,1.25414,1.25774,1.25779,1.25899,1.26823,1.26422,1.26144,1.26529,1.25977,1.25925,1.25891,1.26362,1.2571,1.24959,1.25638,1.24998,1.24328,1.24406,1.24291,1.23923,1.2392,1.22894,1.22747,1.22183,1.21597,1.21828,1.21347,1.20928,1.20591,1.19935,1.19476,1.19357,1.19259,1.18987,1.18403,1.17831,1.17515,1.1708,1.16457,1.16361,1.1567,1.15631,1.15736,1.15204,1.14445,1.14343,1.1384,1.13725,1.13702,1.13316,1.13489,1.12889,1.12367,1.12218,1.11733,1.11242,1.11598,1.11278,1.1073,1.10632,1.10655,1.10346,1.09567,1.09768,1.09874,1.10304,1.09592,1.07805,1.04114,1.00089,0.95851,0.90716,0.86648,0.83928,0.8077,0.78755,0.76031,0.73866,0.71797,0.70524,0.68607,0.66948,0.65508,0.64458,0.631,0.62563,0.60893,0.60428,0.59801,0.58985,0.58023,0.57725,0.56742,0.56404,0.56055,0.55529,0.54797,0.5485,0.54184,0.53984,0.53839,0.53417,0.53117,0.52604,0.52489,0.52098,0.51512,0.51671,0.51453,0.51339,0.50975,0.5064,0.5083,0.50183,0.50731,0.50169,0.50156,0.50107,0.49995,0.49382,0.49832,0.49602,0.49272,0.49153,0.4917,0.48845,0.49521,0.49383,0.49048,0.48807,0.48745,0.48919,0.49107,0.48468,0.48277,0.48891,0.48006,0.4815,0.48292,0.47918,0.48541,0.48435,0.48038,0.48465,0.48469,0.48041,0.47922,0.48565,0.48146,0.48,0.48249,0.47957,0.4773,0.47854,0.48071,0.47289,0.4769,0.48086,0.47592,0.48085,0.48032,0.47643,0.475,0.47552,0.48271,0.48057,0.47606,0.47406,0.47574,0.47591,0.47205,0.47523,0.4782,0.47028,0.47673,0.478,0.47306,0.47858,0.47251,0.47525,0.4733,0.47323,0.47238,0.47561,0.47589,0.47351,0.4702,0.47455,0.47452,0.47286,0.47801,0.46937
Synth_Outdoor_NH3_20,NH3,10.0,1,0.51275,0.51422,0.52197,0.53605,0.54576,0.55844,0.57368,0.58646,0.60398,0.6259,0.64094,0.66074,0.68796,0.71528,0.73834,0.76522,0.78388,0.81587,0.84307,0.86442,0.89609,0.91931,0.95227,0.96339,0.99573,1.0141,1.03313,1.05721,1.0798,1.10142,1.12188,1.13893,1.14985,1.17111,1.18449,1.19641,1.21147,1.2237,1.2386,1.2493,1.2608,1.27644,1.28834,1.29746,1.31211,1.31841,1.32827,1.34024,1.34742,1.35661,1.35821,1.3722,1.37481,1.38317,1.38938,1.39621,1.40294,1.40767,1.41439,1.41666,1.41453,1.42256,1.42609,1.42712,1.4298,1.43142,1.43309,1.42675,1.42906,1.43189,1.4296,1.42566,1.42194,1.42145,1.41854,1.40961,1.40352,1.40099,1.40492,1.38859,1.38659,1.37952,1.37882,1.37123,1.36986,1.36131,1.36393,1.36171,1.35396,1.35085,1.34718,1.34447,1.34014,1.3382,1.33525,1.32572,1.32236,1.32061,1.31004,1.30398,1.30487,1.30113,1.29397,1.29034,1.28599,1.28184,1.28191,1.27346,1.27214,1.2671,1.26252,1.26522,1.25866,1.2574,1.25018,1.24919,1.25009,1.25193,1.23783,1.23956,1.23845,1.23293,1.23864,1.23519,1.22933,1.20585,1.17433,1.12206,1.06847,1.01734,0.96814,0.93352,0.89539,0.86715,0.84363,0.81555,0.79426,0.77648,0.75522,0.74174,0.72464,0.71093,0.69986,0.68549,0.67742,0.66564,0.65262,0.64843,0.6378,0.62871,0.62345,0.6191,0.61147,0.6093,0.60227,0.59601,0.58761,0.58547,0.58212,0.57998,0.57634,0.5719,0.5687,0.56728,0.5606,0.56439,0.55261,0.5591,0.5532,0.55379,0.55025,0.54835,0.54713,0.54608,0.54165,0.54355,0.53682,0.53817,0.53901,0.53819,0.5357,0.53246,0.53462,0.52969,0.53474,0.52922,0.52467,0.52467,0.52694,0.52639,0.53023,0.52202,0.52401,0.52061,0.52136,0.52618,0.51852,0.52226,0.52123,0.51966,0.52051,0.51582,0.52237,0.52259,0.51746,0.52299,0.51553,0.51713,0.51931,0.51419,0.51152,0.51059,0.51945,0.51266,0.51323,0.51064,0.51551,0.5109,0.51132,0.51302,0.50935,0.5113,0.51501,0.51233,0.51136,0.51133,0.50958,0.51534,0.50813,0.51049,0.51006,0.51211,0.51217,0.50915,0.50978,0.50971,0.50307,0.50462,0.50693,0.50689,0.50513,0.50985,0.50786,0.50719,0.50447,0.50736,0.50079,0.50682,0.50726,0.50759
Synth_Outdoor_NH3_21,NH3,10.0,1,0.39923,0.40948,0.41377,0.42348,0.43811,0.4541,0.46331,0.47684,0.49661,0.51726,0.53662,0.5634,0.57742,0.60357,0.63146,0.65673,0.67398,0.70487,0.73464,0.7641,0.78437,0.80715,0.83063,0.86334,0.88353,0.90268,0.92651,0.94914,0.97019,0.98618,1.00566,1.021,1.04491,1.05785,1.07554,1.09296,1.10434,1.11735,1.13146,1.14398,1.15936,1.169,1.17844,1.19362,1.20489,1.2089,1.22614,1.23285,1.24184,1.25235,1.25659,1.26802,1.27174,1.27551,1.28264,1.29192,1.29296,1.30357,1.30617,1.3096,1.30907,1.31134,1.30908,1.31541,1.31421,1.31449,1.31659,1.30963,1.3092,1.30833,1.3029,1.30206,1.30037,1.29419,1.2936,1.28178,1.28395,1.27886,1.27225,1.268,1.26147,1.26044,1.26022,1.25251,1.25057,1.2411,1.23941,1.23108,1.22588,1.22356,1.2178,1.21142,1.2107,1.20728,1.20604,1.20115,1.19789,1.19289,1.18834,1.18098,1.18108,1.17887,1.17765,1.17235,1.17031,1.16117,1.15945,1.15786,1.1562,1.14943,1.14609,1.14456,1.1366,1.14004,1.13046,1.12454,1.12611,1.12711,1.12119,1.11851,1.11375,1.10999,1.1082,1.10689,1.10418,1.08472,1.04615,0.99916,0.94721,0.89002,0.84507,0.80645,0.7806,0.74723,0.71679,0.69195,0.67598,0.65019,0.6391,0.61084,0.60599,0.58964,0.57584,0.56328,0.55754,0.54453,0.53121,0.5206,0.51739,0.50958,0.49895,0.49628,0.48905,0.485,0.48165,0.47879,0.47284,0.46457,0.4634,0.45899,0.45207,0.45317,0.45375,0.44633,0.43954,0.44102,0.43551,0.43841,0.43541,0.4316,0.42925,0.42772,0.42652,0.42289,0.41978,0.42458,0.41933,0.41932,0.41833,0.41719,0.41226,0.40988,0.41151,0.41292,0.40911,0.40908,0.41437,0.40358,0.40548,0.41131,0.40566,0.40324,0.40719,0.40369,0.40202,0.40276,0.40003,0.39853,0.40018,0.39736,0.39934,0.39968,0.40041,0.40061,0.39631,0.39809,0.39763,0.39679,0.39433,0.39255,0.39598,0.3901,0.39334,0.38726,0.38994,0.39071,0.39528,0.39392,0.3905,0.3934,0.3935,0.39057,0.38721,0.38985,0.38988,0.38681,0.39055,0.39008,0.39027,0.3896,0.39048,0.38797,0.38871,0.387,0.38629,0.39088,0.38223,0.38933,0.38538,0.38485,0.38717,0.38258,0.38406,0.3838,0.38519,0.38355,0.38939,0.38972,0.38003,0.38638
Synth_Outdoor_NH3_22,NH3,10.0,1,0.59561,0.60233,0.60837,0.61812,0.6267,0.64187,0.65216,0.6707,0.68488,0.70682,0.72439,0.74793,0.77226,0.79703,0.81121,0.84067,0.86774,0.89576,0.91672,0.94457,0.9733,0.99886,1.02478,1.04947,1.07296,1.09557,1.11724,1.13982,1.15273,1.18156,1.19049,1.21054,1.22904,1.247,1.253,1.27536,1.29228,1.30744,1.31731,1.33181,1.34395,1.35684,1.36704,1.37875,1.39296,1.4025,1.41326,1.422,1.43223,1.44124,1.44289,1.45276,1.46138,1.46833,1.47253,1.48167,1.48887,1.48831,1.49138,1.49597,1.49144,1.49814,1.50202,1.49899,1.498,1.50047,1.5,1.49657,1.50241,1.49399,1.48986,1.48971,1.48918,1.48367,1.48119,1.47403,1.47589,1.46925,1.46591,1.45962,1.4563,1.44755,1.4439,1.4439,1.43987,1.42856,1.42757,1.42145,1.41659,1.4149,1.41278,1.40663,1.40039,1.39831,1.39206,1.3899,1.38837,1.37554,1.37839,1.3681,1.37063,1.36182,1.35642,1.35731,1.35281,1.34588,1.3419,1.34126,1.33548,1.33272,1.3326,1.32689,1.32773,1.32792,1.32141,1.3196,1.3217,1.31109,1.31445,1.31158,1.30864,1.30701,1.30663,1.30545,1.30157,1.28058,1.24583,1.19702,1.14228,1.09178,1.05078,1.01486,0.97897,0.9518,0.92158,0.90361,0.87769,0.86204,0.83935,0.82852,0.81184,0.79545,0.78663,0.77195,0.76471,0.75239,0.73975,0.7333,0.727,0.7244,0.71666,0.7124,0.70681,0.69608,0.69204,0.68693,0.68201,0.6751,0.67594,0.6693,0.66915,0.67145,0.66199,0.66104,0.66027,0.6563,0.65407,0.65032,0.64867,0.64497,0.6477,0.63953,0.64472,0.63727,0.64176,0.63714,0.63368,0.637,0.6367,0.63219,0.63404,0.62553,0.62699,0.63263,0.62799,0.62309,0.62522,0.62393,0.62512,0.62391,0.62463,0.62336,0.62634,0.62344,0.62296,0.62422,0.61985,0.61722,0.62296,0.61984,0.61946,0.61714,0.6168,0.6201,0.6201,0.61925,0.61894,0.61804,0.61663,0.61557,0.61877,0.61459,0.61621,0.61304,0.61319,0.61403,0.6124,0.61619,0.61064,0.61409,0.61397,0.60893,0.6122,0.61379,0.61409,0.61235,0.61444,0.61236,0.61254,0.61302,0.61462,0.61051,0.61092,0.61035,0.61109,0.6154,0.61316,0.6088,0.61002,0.61237,0.60912,0.60949,0.61461,0.6097,0.6136,0.61431,0.60928,0.60883,0.61029,0.60817
Synth_Outdoor_NH3_23,NH3,10.0,1,0.37721,0.385,0.39024,0.39762,0.40119,0.41864,0.43453,0.4368,0.46158,0.47639,0.49289,0.51642,0.53911,0.5581,0.57735,0.59872,0.62477,0.65029,0.67112,0.69546,0.72726,0.74655,0.76992,0.78604,0.80989,0.83307,0.85085,0.87703,0.89549,0.90875,0.93193,0.94414,0.9666,0.97578,0.99147,1.00746,1.02053,1.03139,1.04203,1.05548,1.06367,1.07726,1.08495,1.09377,1.10848,1.12118,1.12955,1.13587,1.14897,1.1513,1.15556,1.16204,1.17102,1.18197,1.18374,1.19135,1.19877,1.19587,1.20312,1.20605,1.20474,1.21202,1.20912,1.20952,1.21592,1.21154,1.21157,1.21124,1.20455,1.20734,1.20065,1.19791,1.19555,1.1913,1.19122,1.18589,1.18,1.17881,1.17224,1.16777,1.16422,1.16077,1.15625,1.15016,1.14903,1.14203,1.13639,1.12952,1.13062,1.12317,1.11879,1.11625,1.10804,1.10148,1.10079,1.09725,1.09177,1.09218,1.07845,1.08384,1.0795,1.07523,1.06238,1.07071,1.06173,1.05996,1.0579,1.05657,1.05451,1.05266,1.05015,1.04652,1.04475,1.03888,1.03761,1.03963,1.03744,1.0352,1.03023,1.03201,1.02516,1.02883,1.02801,1.03426,1.01919,1.0082,0.97098,0.92846,0.88122,0.83043,0.79253,0.75756,0.72791,0.70411,0.67646,0.65488,0.63349,0.61756,0.60561,0.58516,0.57167,0.56139,0.5484,0.54424,0.52846,0.52067,0.51386,0.50613,0.4973,0.48976,0.48911,0.47812,0.47198,0.46658,0.45933,0.46147,0.44958,0.45173,0.44775,0.45062,0.43739,0.4369,0.43616,0.43352,0.4303,0.42923,0.42417,0.42623,0.41766,0.42164,0.41853,0.421,0.42135,0.41473,0.41771,0.41219,0.4094,0.41503,0.41087,0.40853,0.40925,0.40729,0.40554,0.40155,0.40339,0.40484,0.40225,0.4041,0.40214,0.39837,0.39667,0.39901,0.39755,0.39917,0.39603,0.39577,0.39946,0.39674,0.39417,0.39556,0.39856,0.39547,0.39586,0.39215,0.39627,0.39921,0.39112,0.38985,0.39296,0.39446,0.39179,0.38913,0.39126,0.3928,0.39006,0.39237,0.39354,0.39104,0.39018,0.39215,0.38778,0.38738,0.38894,0.38824,0.3873,0.39374,0.39447,0.38804,0.38903,0.3882,0.39132,0.39171,0.3839,0.38945,0.38492,0.3925,0.38912,0.38588,0.38725,0.38705,0.38899,0.39022,0.38467,0.39207,0.39142,0.38517,0.38747,0.3915,0.39024,0.38624
Synth_Outdoor_NH3_24,NH3,10.0,1,0.54041,0.54379,0.55257,0.56106,0.56897,0.58299,0.5916,0.60739,0.62671,0.63757,0.66269,0.67509,0.69661,0.72153,0.74617,0.77213,0.79285,0.8163,0.84273,0.86342,0.89013,0.91066,0.93723,0.95959,0.98029,1.00441,1.02525,1.04779,1.06007,1.08225,1.09804,1.1189,1.1347,1.14945,1.16101,1.1789,1.18625,1.19858,1.2121,1.22707,1.24029,1.24231,1.26392,1.27153,1.27757,1.29172,1.30387,1.31187,1.32189,1.32404,1.33417,1.34008,1.3533,1.3566,1.36746,1.36387,1.36737,1.37242,1.37923,1.37742,1.38067,1.38208,1.38285,1.3815,1.38275,1.3822,1.38175,1.38282,1.38309,1.37441,1.37295,1.36901,1.3683,1.36307,1.36143,1.35988,1.34696,1.3505,1.34396,1.34205,1.33431,1.33513,1.32977,1.32406,1.31945,1.31022,1.30511,1.30328,1.29457,1.29551,1.28676,1.28471,1.28445,1.2731,1.27061,1.26896,1.26507,1.25878,1.25573,1.25413,1.2561,1.24953,1.24796,1.2444,1.24499,1.24134,1.23608,1.23365,1.22854,1.22891,1.23034,1.22915,1.22512,1.22246,1.2185,1.2185,1.21503,1.21659,1.20965,1.21108,1.20776,1.20511,1.20058,1.20908,1.19894,1.1782,1.1427,1.1026,1.05255,0.99928,0.95831,0.92901,0.89947,0.87028,0.84788,0.82232,0.80201,0.78129,0.76274,0.75581,0.73984,0.72053,0.71249,0.7009,0.6904,0.68077,0.67418,0.66737,0.65903,0.65095,0.64458,0.64147,0.63487,0.62882,0.62384,0.62042,0.61432,0.6137,0.60537,0.60368,0.60308,0.59575,0.59186,0.59334,0.5865,0.58515,0.58809,0.58364,0.58542,0.57737,0.5784,0.578,0.57251,0.57652,0.5738,0.56716,0.56981,0.56966,0.56608,0.56276,0.56611,0.56996,0.56251,0.56649,0.55981,0.56141,0.562,0.55929,0.55784,0.55971,0.56194,0.55733,0.55468,0.5549,0.56112,0.55461,0.55228,0.55042,0.54823,0.55324,0.5535,0.55043,0.55098,0.54768,0.55058,0.5511,0.54822,0.55346,0.54682,0.54931,0.55038,0.54774,0.54717,0.54379,0.55051,0.54645,0.54801,0.54812,0.54462,0.54547,0.54907,0.54271,0.55062,0.54323,0.54199,0.54508,0.5501,0.53963,0.54389,0.54527,0.54401,0.54472,0.54182,0.54197,0.54295,0.54036,0.54296,0.54201,0.5417,0.54357,0.53811,0.54199,0.54824,0.5396,0.54542,0.54226,0.54052,0.53863,0.54219,0.54537
Synth_Outdoor_NH3_25,NH3,10.0,1,0.49327,0.49676,0.49865,0.511,0.52423,0.53177,0.53764,0.55955,0.57365,0.58654,0.6052,0.63136,0.64767,0.66877,0.69324,0.71465,0.73992,0.76288,0.78437,0.81023,0.83666,0.85948,0.88255,0.91041,0.92946,0.95104,0.969,0.98965,1.0068,1.02774,1.04255,1.05973,1.07522,1.08968,1.11132,1.11604,1.12932,1.14564,1.15471,1.16746,1.17739,1.19314,1.20473,1.21388,1.22714,1.23059,1.24259,1.25262,1.2585,1.26512,1.27626,1.28564,1.2933,1.29432,1.3028,1.30747,1.31302,1.31255,1.31152,1.31795,1.31612,1.31725,1.31848,1.31868,1.32011,1.32169,1.31879,1.32,1.31756,1.31771,1.31222,1.30962,1.30563,1.30256,1.29709,1.29274,1.2926,1.28354,1.28088,1.27949,1.27127,1.26941,1.2611,1.25536,1.2496,1.25264,1.2423,1.24284,1.23433,1.2359,1.23385,1.21986,1.21716,1.21756,1.21268,1.20919,1.20175,1.20422,1.1958,1.1889,1.18782,1.18199,1.18549,1.17645,1.17622,1.17119,1.16869,1.16372,1.16839,1.16849,1.16092,1.15699,1.16027,1.15141,1.15577,1.14773,1.14448,1.14517,1.13934,1.13765,1.13778,1.12795,1.13969,1.13609,1.12464,1.10518,1.07749,1.03338,0.98609,0.93185,0.89445,0.86115,0.83179,0.80587,0.77683,0.75625,0.73492,0.71802,0.70317,0.682,0.67494,0.6565,0.64683,0.63992,0.62769,0.61855,0.60626,0.59878,0.5965,0.58595,0.57994,0.57777,0.56731,0.56558,0.56033,0.55585,0.55046,0.54648,0.54164,0.54217,0.53613,0.53725,0.53147,0.52676,0.52632,0.52353,0.52486,0.51931,0.51757,0.51989,0.51585,0.51706,0.51443,0.50752,0.51077,0.51071,0.5094,0.50677,0.50554,0.50122,0.49877,0.49894,0.49466,0.50122,0.49624,0.49932,0.49218,0.49716,0.49243,0.48968,0.49621,0.4942,0.49131,0.49021,0.4906,0.48939,0.48636,0.48674,0.49212,0.49334,0.49006,0.48682,0.48432,0.4827,0.48241,0.48243,0.48878,0.48752,0.48449,0.47983,0.48411,0.48091,0.47576,0.48153,0.47838,0.47815,0.47923,0.47827,0.47912,0.47869,0.47392,0.48213,0.47561,0.47543,0.47674,0.47702,0.48068,0.47744,0.47795,0.47698,0.47664,0.47661,0.47078,0.47476,0.47807,0.48481,0.47176,0.47563,0.47294,0.47929,0.47061,0.47539,0.47013,0.47269,0.47324,0.47583,0.4703,0.47449,0.47273,0.47321
Synth_Outdoor_NH3_26,NH3,10.0,1,0.45317,0.45537,0.4668,0.4738,0.48297,0.49444,0.51172,0.52803,0.54029,0.55696,0.58113,0.59668,0.61917,0.64305,0.66886,0.69148,0.71547,0.74334,0.77382,0.79508,0.82329,0.85458,0.87469,0.90014,0.92062,0.95121,0.96632,0.98811,1.01212,1.02766,1.04663,1.06336,1.08005,1.09753,1.11312,1.1246,1.13816,1.15192,1.16273,1.1746,1.19135,1.20473,1.21611,1.21916,1.23529,1.24383,1.25764,1.26692,1.27989,1.28833,1.29276,1.30307,1.31248,1.31895,1.32094,1.32577,1.33463,1.33569,1.33921,1.34602,1.3491,1.35042,1.35213,1.35433,1.35241,1.35383,1.35181,1.35241,1.35346,1.35271,1.35295,1.35043,1.34664,1.3416,1.3375,1.33159,1.32891,1.3259,1.31765,1.31487,1.30882,1.30673,1.30057,1.29569,1.29136,1.28968,1.28333,1.27754,1.27431,1.26802,1.26753,1.25773,1.25513,1.24748,1.24552,1.23765,1.23947,1.23562,1.23189,1.22603,1.21965,1.21569,1.21731,1.21284,1.2053,1.1994,1.19981,1.19038,1.18841,1.18699,1.17733,1.17732,1.17243,1.16696,1.1606,1.15737,1.15606,1.14803,1.14824,1.14567,1.14328,1.13353,1.14146,1.1423,1.1299,1.10417,1.07047,1.0247,0.97276,0.91991,0.87849,0.84225,0.81168,0.78162,0.75649,0.73289,0.71828,0.69823,0.67872,0.66493,0.64924,0.63453,0.61828,0.61034,0.60003,0.58872,0.57923,0.57625,0.56848,0.55795,0.55271,0.55168,0.54119,0.53877,0.53321,0.53061,0.52315,0.52175,0.51842,0.51527,0.51178,0.50952,0.51142,0.5098,0.49938,0.49293,0.49807,0.49503,0.4953,0.49155,0.48929,0.49037,0.48923,0.48118,0.48125,0.48177,0.48107,0.4791,0.47964,0.47999,0.48082,0.477,0.4725,0.47341,0.47279,0.47349,0.47246,0.47593,0.46896,0.47043,0.47471,0.46676,0.46798,0.4647,0.46674,0.4641,0.4682,0.46551,0.46237,0.46639,0.46432,0.46585,0.46022,0.46366,0.46434,0.46101,0.4586,0.46136,0.46423,0.46367,0.45953,0.45714,0.45904,0.4587,0.46077,0.45918,0.45734,0.4618,0.4592,0.45976,0.45416,0.45221,0.45451,0.45671,0.45921,0.45178,0.46147,0.45779,0.46063,0.45489,0.45826,0.45721,0.45906,0.45646,0.45825,0.45985,0.45549,0.45775,0.45245,0.45895,0.46211,0.45414,0.45704,0.4595,0.4574,0.45776,0.4564,0.45633,0.45721,0.45755
Synth_Outdoor_NH3_27,NH3,10.0,1,0.52204,0.52179,0.52598,0.53644,0.54431,0.55371,0.56966,0.58128,0.59673,0.61535,0.62919,0.64797,0.67445,0.68944,0.71417,0.73519,0.76209,0.7884,0.81187,0.84191,0.86292,0.88194,0.90493,0.93788,0.95633,0.97701,0.99683,1.01767,1.03285,1.05578,1.07368,1.08864,1.10629,1.12756,1.13901,1.15951,1.16448,1.18165,1.19281,1.20699,1.22096,1.23646,1.24861,1.25808,1.26559,1.28569,1.29156,1.2991,1.31156,1.31964,1.32581,1.33373,1.33643,1.34631,1.34617,1.35056,1.3563,1.35947,1.36145,1.36038,1.35645,1.35215,1.35753,1.35478,1.34634,1.34645,1.33896,1.33873,1.32849,1.32921,1.32048,1.31705,1.30523,1.30114,1.29137,1.28951,1.28325,1.28061,1.26951,1.26384,1.25463,1.25105,1.24275,1.23811,1.2325,1.22556,1.22114,1.2147,1.20951,1.20817,1.20106,1.19678,1.1877,1.18797,1.18396,1.17747,1.17966,1.16483,1.16871,1.16482,1.16077,1.15636,1.1539,1.15141,1.14425,1.14375,1.13959,1.13445,1.13621,1.13033,1.1254,1.1253,1.12219,1.12439,1.11991,1.12077,1.11348,1.11524,1.11813,1.10994,1.10926,1.1067,1.10361,1.10971,1.10188,1.08167,1.04918,1.01219,0.96134,0.92278,0.8804,0.84578,0.81969,0.79531,0.77955,0.751,0.73451,0.71675,0.70413,0.68775,0.67356,0.66438,0.65354,0.64311,0.63436,0.63048,0.61918,0.6102,0.60543,0.60078,0.59178,0.59409,0.58749,0.58448,0.57777,0.56772,0.5732,0.56387,0.56093,0.56036,0.56069,0.55731,0.55452,0.54923,0.54706,0.54673,0.54363,0.54437,0.5425,0.5403,0.53098,0.53619,0.53423,0.53363,0.53009,0.5275,0.53085,0.52775,0.52905,0.52493,0.52923,0.52731,0.52471,0.52264,0.52455,0.52267,0.52155,0.52285,0.52314,0.51581,0.51572,0.51584,0.5135,0.51658,0.51772,0.51569,0.51392,0.51759,0.51469,0.51476,0.51637,0.51276,0.51782,0.5112,0.51694,0.50915,0.51254,0.50929,0.51337,0.50905,0.51064,0.508,0.51167,0.50742,0.51301,0.50606,0.50492,0.51042,0.50631,0.50753,0.50651,0.50382,0.50669,0.50981,0.50893,0.5068,0.5088,0.50318,0.50485,0.50647,0.50497,0.5045,0.50201,0.49975,0.50694,0.50545,0.50704,0.50363,0.50289,0.50463,0.50669,0.50392,0.50645,0.50187,0.50393,0.5041,0.50728,0.50468,0.50847,0.50068
Synth_Outdoor_NH3_28,NH3,10.0,1,0.66656,0.66697,0.67852,0.68097,0.68616,0.69826,0.70805,0.72759,0.73636,0.74825,0.76345,0.78287,0.8008,0.80977,0.83822,0.85693,0.87439,0.90107,0.92601,0.94344,0.96643,0.98969,1.00433,1.02261,1.04925,1.06678,1.08316,1.10497,1.1249,1.14001,1.1551,1.17259,1.18863,1.19883,1.21778,1.22883,1.24748,1.25523,1.27464,1.28376,1.2958,1.30996,1.31877,1.333,1.34143,1.35236,1.36475,1.37032,1.37881,1.39077,1.39755,1.40484,1.4113,1.41592,1.42181,1.42428,1.42197,1.4248,1.4354,1.43128,1.43362,1.42966,1.42896,1.42592,1.4306,1.42192,1.41632,1.40949,1.41416,1.4041,1.4014,1.39652,1.3879,1.38532,1.37666,1.37019,1.37004,1.3612,1.35739,1.35165,1.34679,1.336,1.33323,1.32882,1.32264,1.32098,1.3182,1.31404,1.30535,1.30255,1.2987,1.295,1.28724,1.29008,1.28409,1.28053,1.27763,1.27253,1.26531,1.26431,1.25741,1.25953,1.25514,1.25264,1.25303,1.24622,1.24417,1.24239,1.23533,1.23694,1.22914,1.23173,1.23324,1.2302,1.22563,1.22531,1.22066,1.22157,1.22722,1.22292,1.21689,1.21542,1.21483,1.21647,1.21306,1.19382,1.16924,1.13357,1.08783,1.04495,1.00646,0.98402,0.95392,0.93302,0.91602,0.89774,0.87728,0.86227,0.84776,0.83396,0.8239,0.811,0.80715,0.79763,0.78996,0.77875,0.77132,0.76818,0.76242,0.75656,0.75126,0.75168,0.7442,0.74411,0.73868,0.73634,0.72621,0.72745,0.72215,0.7165,0.72198,0.71525,0.71124,0.71087,0.70806,0.70658,0.70612,0.70942,0.70195,0.70639,0.70309,0.70076,0.70048,0.69754,0.69969,0.69689,0.69039,0.69443,0.69485,0.6914,0.6917,0.68915,0.68657,0.68548,0.68488,0.68979,0.68132,0.68535,0.68462,0.68537,0.68098,0.68621,0.6816,0.68723,0.68247,0.68344,0.68335,0.68362,0.68279,0.68132,0.68294,0.68298,0.67965,0.6824,0.68407,0.68265,0.68301,0.68088,0.67788,0.678,0.68063,0.68199,0.68644,0.68179,0.67628,0.67715,0.68463,0.67827,0.67879,0.67614,0.68236,0.67958,0.6763,0.67564,0.67881,0.67805,0.67993,0.67914,0.67705,0.67629,0.67718,0.67613,0.67711,0.6774,0.67505,0.67882,0.67627,0.67504,0.67623,0.67769,0.67724,0.67805,0.67921,0.6802,0.67762,0.67419,0.67617,0.67431,0.68106,0.68178
Synth_Outdoor_NH3_29,NH3,10.0,1,0.3933,0.39775,0.4015,0.40838,0.41142,0.42464,0.4332,0.44799,0.46036,0.47988,0.49308,0.50845,0.5251,0.54895,0.56452,0.58596,0.60633,0.62673,0.64967,0.66667,0.6897,0.71631,0.74092,0.75904,0.77703,0.79533,0.8204,0.83589,0.85717,0.87418,0.89143,0.90675,0.92351,0.93759,0.95111,0.96465,0.97504,0.99413,1.01162,1.0226,1.03399,1.04392,1.06027,1.06913,1.08462,1.08899,1.09984,1.10923,1.11661,1.12624,1.13642,1.14126,1.13957,1.15733,1.15511,1.16466,1.16633,1.17377,1.17239,1.1693,1.16868,1.17335,1.16434,1.16635,1.16279,1.15895,1.15689,1.15226,1.14834,1.14268,1.13829,1.13222,1.12492,1.12099,1.1135,1.10756,1.10285,1.09758,1.09218,1.08863,1.07944,1.07563,1.07003,1.06293,1.05951,1.05685,1.04993,1.04523,1.03821,1.04029,1.02924,1.0223,1.02439,1.01789,1.0135,1.00911,1.01151,1.00415,1.00117,0.99683,0.99381,0.99346,0.98628,0.98028,0.98322,0.97947,0.97575,0.97399,0.96929,0.96778,0.96499,0.96149,0.96369,0.95498,0.96223,0.95641,0.9477,0.94959,0.94779,0.94734,0.9421,0.94265,0.94439,0.94391,0.93686,0.9236,0.88787,0.85466,0.8114,0.76517,0.73068,0.704,0.67311,0.64986,0.62898,0.61402,0.59705,0.57464,0.56636,0.55288,0.54283,0.52906,0.51802,0.51185,0.50233,0.49849,0.48816,0.47958,0.4702,0.4661,0.45877,0.45701,0.4554,0.44894,0.44761,0.44228,0.43703,0.43512,0.43312,0.42954,0.42698,0.42227,0.42082,0.42541,0.4208,0.41215,0.40811,0.4125,0.41293,0.40788,0.4103,0.40652,0.40466,0.40574,0.40134,0.40082,0.40216,0.39939,0.4033,0.39934,0.39832,0.39579,0.3973,0.39352,0.39429,0.39057,0.39476,0.39221,0.39579,0.39618,0.3915,0.38918,0.38611,0.39025,0.38802,0.38836,0.39089,0.38405,0.38336,0.38463,0.38686,0.38581,0.38178,0.38553,0.38029,0.38084,0.38234,0.3809,0.38419,0.38236,0.38574,0.38038,0.38039,0.38343,0.37992,0.38359,0.38095,0.37347,0.38206,0.38114,0.38102,0.37362,0.37651,0.37645,0.37559,0.38183,0.37723,0.37697,0.37826,0.3781,0.36815,0.37467,0.37255,0.3769,0.375,0.37558,0.37019,0.37446,0.37788,0.37845,0.37655,0.37125,0.37758,0.37609,0.37384,0.36892,0.37623,0.37223,0.37445,0.37363
Synth_Outdoor_NH3_30,NH3,10.0,1,0.51713,0.52525,0.52516,0.53571,0.54142,0.54917,0.5626,0.57661,0.59191,0.60721,0.61903,0.63477,0.65502,0.67245,0.6953,0.71618,0.74062,0.7555,0.7817,0.80439,0.83185,0.84864,0.87425,0.89523,0.91952,0.93922,0.95822,0.97605,0.99165,1.01509,1.03335,1.04502,1.06222,1.0817,1.09717,1.10865,1.12411,1.13502,1.15682,1.16359,1.18134,1.19271,1.20846,1.21531,1.22906,1.23578,1.2458,1.26219,1.26566,1.27835,1.28955,1.29625,1.29929,1.30273,1.31295,1.31916,1.31741,1.31948,1.32176,1.32528,1.32693,1.32005,1.318,1.32555,1.31657,1.31443,1.30838,1.30725,1.30394,1.29746,1.29591,1.28531,1.27984,1.27531,1.27005,1.26356,1.25386,1.25197,1.24444,1.23822,1.23414,1.22617,1.22034,1.21133,1.21702,1.20892,1.20225,1.19602,1.18579,1.18661,1.18581,1.18208,1.17714,1.17188,1.17077,1.16282,1.16258,1.15525,1.15046,1.14672,1.14327,1.14443,1.13788,1.13426,1.13585,1.13221,1.13121,1.12754,1.12189,1.12153,1.11927,1.11435,1.11164,1.11053,1.11524,1.10707,1.10919,1.10302,1.10456,1.10282,1.10123,1.09786,1.1026,1.10123,1.09773,1.07124,1.04628,1.00656,0.95839,0.91743,0.8763,0.84828,0.81812,0.80303,0.77698,0.7635,0.74247,0.72562,0.70855,0.69419,0.68605,0.67354,0.66029,0.65061,0.64352,0.64268,0.63652,0.62491,0.61867,0.61183,0.60515,0.60613,0.60291,0.59185,0.59006,0.58557,0.58232,0.58323,0.5741,0.57584,0.57397,0.56944,0.56982,0.56589,0.56662,0.55794,0.55913,0.55818,0.55016,0.55269,0.55201,0.55514,0.54979,0.54837,0.55136,0.54424,0.54216,0.54551,0.54194,0.54121,0.54538,0.54541,0.54449,0.5446,0.5443,0.53526,0.54114,0.53814,0.53706,0.53984,0.53363,0.53312,0.53866,0.53789,0.53664,0.53373,0.53743,0.53692,0.53511,0.53164,0.53321,0.53605,0.53697,0.53255,0.53247,0.53244,0.53333,0.53098,0.525,0.53501,0.53631,0.5301,0.5288,0.53097,0.53069,0.53349,0.531,0.52872,0.52727,0.5326,0.53182,0.53286,0.52765,0.53455,0.5255,0.53153,0.52489,0.52762,0.53342,0.53152,0.52799,0.52797,0.52945,0.53042,0.53221,0.52788,0.52495,0.52934,0.52774,0.52558,0.52955,0.52824,0.52949,0.52642,0.52984,0.5253,0.5265,0.52796,0.53292,0.53054
Synth_Outdoor_NH3_31,NH3,10.0,1,0.5971,0.59259,0.60189,0.60819,0.61694,0.62929,0.6355,0.64843,0.66505,0.67983,0.69849,0.72028,0.73507,0.75644,0.77956,0.80124,0.82035,0.8475,0.87481,0.90103,0.91891,0.94311,0.97005,0.98832,1.01543,1.03463,1.06416,1.07991,1.10636,1.12467,1.13923,1.15645,1.17628,1.19355,1.21115,1.22434,1.24375,1.25777,1.27111,1.28474,1.30027,1.31252,1.32813,1.3412,1.35418,1.36993,1.37659,1.39024,1.39838,1.40652,1.41534,1.42321,1.43092,1.4338,1.43765,1.44715,1.45105,1.45305,1.45308,1.45528,1.45497,1.45419,1.44833,1.44526,1.44388,1.44103,1.43617,1.42734,1.43126,1.42089,1.4164,1.41328,1.39831,1.39674,1.39077,1.38453,1.37856,1.3762,1.36793,1.36239,1.35398,1.34434,1.33675,1.33239,1.33149,1.3252,1.31927,1.31369,1.31462,1.30268,1.30236,1.2955,1.29093,1.28977,1.28635,1.27809,1.27682,1.272,1.26752,1.26456,1.25899,1.2567,1.25286,1.25348,1.24797,1.24199,1.24053,1.23152,1.23553,1.2342,1.23119,1.23398,1.22806,1.22562,1.21793,1.21893,1.21649,1.21364,1.21155,1.20699,1.20635,1.20948,1.20926,1.20948,1.2033,1.18664,1.15157,1.11036,1.0584,1.0109,0.97472,0.94628,0.91639,0.88853,0.86431,0.84654,0.8261,0.8012,0.7887,0.77799,0.75973,0.75011,0.73979,0.73097,0.72177,0.71338,0.70846,0.69863,0.6918,0.68337,0.68373,0.67434,0.66852,0.66732,0.66071,0.65744,0.65581,0.651,0.65446,0.6456,0.6446,0.63564,0.63593,0.63312,0.63134,0.63276,0.63243,0.62894,0.62584,0.62327,0.62616,0.62719,0.62102,0.62177,0.6191,0.619,0.61312,0.61382,0.61509,0.61626,0.61032,0.60647,0.60953,0.61256,0.60536,0.60568,0.60837,0.60707,0.60823,0.60313,0.60482,0.60811,0.60162,0.60782,0.60103,0.60541,0.60196,0.59967,0.6009,0.60313,0.6014,0.60384,0.60429,0.59743,0.59697,0.5966,0.59737,0.60216,0.60057,0.59754,0.59863,0.60195,0.60298,0.59866,0.59115,0.59836,0.59976,0.59779,0.59888,0.5978,0.59364,0.59436,0.59562,0.59895,0.59424,0.59717,0.59669,0.59979,0.59561,0.59121,0.5971,0.60072,0.59703,0.59318,0.59235,0.59259,0.59989,0.59399,0.59309,0.59427,0.59377,0.59845,0.59194,0.59737,0.59465,0.59731,0.59818,0.59437,0.59331,0.59419
Synth_Outdoor_NH3_32,NH3,10.0,1,0.69008,0.69022,0.70366,0.7072,0.71188,0.71935,0.72961,0.74963,0.75977,0.77517,0.7938,0.80877,0.83005,0.84859,0.8687,0.88629,0.91006,0.93597,0.95542,0.98299,1.00873,1.0273,1.05191,1.07211,1.09062,1.11358,1.13859,1.15211,1.16997,1.18825,1.20842,1.22371,1.24705,1.25952,1.27699,1.28891,1.30144,1.31527,1.33024,1.347,1.36074,1.37395,1.3814,1.39739,1.40663,1.4215,1.43248,1.43849,1.45332,1.46549,1.46973,1.47442,1.48039,1.48617,1.4895,1.49594,1.49554,1.49589,1.5026,1.50273,1.50106,1.49831,1.50056,1.495,1.49413,1.49534,1.4885,1.47897,1.47436,1.47278,1.46358,1.45642,1.45703,1.45065,1.44501,1.43855,1.43168,1.42418,1.42115,1.41776,1.40685,1.39983,1.39393,1.38911,1.38636,1.37522,1.37649,1.37196,1.36096,1.35829,1.35634,1.35134,1.34865,1.34277,1.34219,1.33425,1.32873,1.32481,1.32569,1.32045,1.31857,1.31525,1.30551,1.30463,1.30193,1.29954,1.29772,1.29853,1.29636,1.29005,1.28766,1.28414,1.28377,1.28182,1.28116,1.27906,1.26928,1.27268,1.27461,1.2682,1.27033,1.26465,1.26806,1.26589,1.25906,1.24526,1.21543,1.17331,1.12456,1.08251,1.04917,1.01992,0.98769,0.96006,0.94447,0.92198,0.9072,0.88938,0.87177,0.86075,0.85166,0.83684,0.82438,0.8136,0.80705,0.80005,0.79586,0.7843,0.78479,0.77183,0.7757,0.76929,0.76078,0.75208,0.75212,0.74761,0.74197,0.74268,0.7369,0.73437,0.73303,0.72963,0.73393,0.72523,0.72564,0.723,0.72172,0.72023,0.71976,0.71669,0.71512,0.71336,0.71156,0.70839,0.70936,0.70901,0.70835,0.70679,0.70481,0.70433,0.70222,0.70355,0.70143,0.70169,0.703,0.69805,0.70065,0.69862,0.70302,0.69687,0.6986,0.69638,0.69235,0.694,0.69702,0.69327,0.68837,0.69341,0.69034,0.69301,0.69619,0.69386,0.69542,0.68985,0.69055,0.68796,0.68856,0.68766,0.68643,0.69283,0.68392,0.69233,0.69174,0.68962,0.68536,0.68396,0.68634,0.68905,0.68728,0.68446,0.68973,0.69088,0.68592,0.68659,0.68238,0.68494,0.68706,0.68649,0.68416,0.68458,0.68396,0.68424,0.68587,0.67974,0.68433,0.68526,0.68284,0.68295,0.68288,0.6827,0.68381,0.68398,0.67827,0.68504,0.68258,0.68803,0.68012,0.68083,0.6824,0.68386
Synth_Outdoor_NH3_33,NH3,10.0,1,0.50422,0.50445,0.51574,0.51809,0.52529,0.53894,0.55252,0.56202,0.57801,0.59429,0.60431,0.62674,0.63951,0.66434,0.68399,0.70892,0.731,0.75225,0.77466,0.79849,0.82068,0.8436,0.87031,0.89318,0.91101,0.93351,0.95404,0.97006,0.99281,1.01655,1.02892,1.05366,1.06827,1.08273,1.09896,1.11061,1.12716,1.14599,1.15505,1.17309,1.1805,1.19412,1.21469,1.22232,1.233,1.24927,1.25992,1.26944,1.27539,1.28505,1.29471,1.30303,1.30656,1.31394,1.31896,1.3254,1.32707,1.32353,1.328,1.32663,1.33002,1.3298,1.32596,1.3226,1.32039,1.31714,1.31086,1.30482,1.29777,1.30075,1.29323,1.28712,1.2834,1.27097,1.26351,1.26251,1.25595,1.2446,1.24358,1.23557,1.22853,1.2238,1.21276,1.21178,1.20602,1.20385,1.19689,1.19383,1.18093,1.18037,1.17914,1.17238,1.17082,1.15987,1.16203,1.15454,1.15039,1.15092,1.1477,1.14385,1.14296,1.13769,1.1293,1.12849,1.1242,1.12724,1.12209,1.11609,1.11607,1.10814,1.10929,1.10383,1.09954,1.10338,1.10141,1.0981,1.09438,1.08964,1.08798,1.0866,1.08663,1.08785,1.09006,1.08442,1.07975,1.06103,1.02584,0.99305,0.94483,0.89937,0.86624,0.83235,0.8037,0.78169,0.76088,0.73908,0.72209,0.70369,0.68903,0.67601,0.66153,0.65073,0.64529,0.63739,0.62768,0.61241,0.60483,0.59863,0.5957,0.58259,0.58279,0.58282,0.57716,0.56917,0.56538,0.5642,0.56168,0.5548,0.55253,0.5489,0.54434,0.54462,0.5421,0.53751,0.54022,0.5379,0.53663,0.53129,0.52664,0.53122,0.52693,0.52497,0.52274,0.52397,0.52744,0.52114,0.51864,0.52198,0.51981,0.51314,0.51923,0.52207,0.50946,0.51212,0.50739,0.51364,0.51565,0.51281,0.51545,0.51348,0.51509,0.5132,0.50877,0.50943,0.5066,0.50774,0.50805,0.5073,0.51048,0.50592,0.50402,0.50379,0.50724,0.50175,0.50444,0.50795,0.50505,0.50384,0.50363,0.50088,0.50106,0.50245,0.50336,0.50481,0.50243,0.50539,0.5058,0.50357,0.50446,0.4987,0.4981,0.50207,0.49724,0.49968,0.50214,0.50358,0.49927,0.49813,0.50041,0.49678,0.4989,0.49915,0.49893,0.49908,0.49664,0.49679,0.49662,0.4943,0.49908,0.50034,0.49995,0.49718,0.49571,0.49952,0.49916,0.49802,0.50174,0.49721,0.49654,0.49608
Synth_Outdoor_NH3_34,NH3,10.0,1,0.55802,0.56324,0.57152,0.57214,0.57474,0.59065,0.59979,0.60872,0.62399,0.63862,0.64913,0.6667,0.68811,0.70053,0.72121,0.7339,0.75675,0.78126,0.80467,0.81911,0.84365,0.86337,0.88729,0.90213,0.92605,0.94263,0.96355,0.9813,0.99804,1.01679,1.03207,1.04743,1.06213,1.07798,1.0926,1.10339,1.11842,1.12974,1.14508,1.15622,1.17189,1.18362,1.19127,1.20483,1.21729,1.22563,1.23408,1.24244,1.256,1.26417,1.26877,1.27789,1.27453,1.29048,1.29121,1.29561,1.29731,1.30367,1.29883,1.30573,1.30289,1.30265,1.29882,1.29431,1.29726,1.29251,1.29149,1.28355,1.27861,1.27847,1.27489,1.26505,1.25786,1.25634,1.24815,1.24472,1.23702,1.23609,1.22504,1.22267,1.215,1.21035,1.20492,1.2028,1.19832,1.19258,1.18619,1.18218,1.17956,1.17526,1.16199,1.16397,1.16013,1.15854,1.153,1.15135,1.14334,1.14327,1.14157,1.13242,1.13929,1.13299,1.1271,1.12218,1.12108,1.11905,1.11738,1.11751,1.11015,1.11043,1.10351,1.10354,1.10342,1.10216,1.09656,1.09537,1.0982,1.09561,1.09142,1.08358,1.09377,1.08556,1.08687,1.08735,1.08326,1.06642,1.04007,0.99863,0.95829,0.92261,0.88472,0.85579,0.82904,0.8104,0.79169,0.77322,0.75405,0.74076,0.73055,0.71677,0.70092,0.68627,0.684,0.67664,0.664,0.65942,0.65208,0.64682,0.63947,0.63878,0.63105,0.62395,0.62423,0.61491,0.61764,0.61352,0.61135,0.60453,0.60092,0.59982,0.59698,0.59331,0.59144,0.5899,0.58603,0.58888,0.58536,0.58316,0.57965,0.57813,0.58454,0.57685,0.57875,0.57647,0.56804,0.57845,0.57471,0.57017,0.57115,0.5675,0.57414,0.56652,0.56674,0.56553,0.56689,0.56948,0.56994,0.56387,0.56526,0.56396,0.56077,0.5688,0.56569,0.56232,0.56538,0.56401,0.56075,0.56095,0.56352,0.557,0.5632,0.55814,0.56218,0.55803,0.55856,0.55732,0.55577,0.55615,0.55998,0.5505,0.55293,0.55396,0.55285,0.55909,0.55824,0.55635,0.55305,0.55778,0.55029,0.55942,0.55217,0.55304,0.55246,0.55065,0.55797,0.55496,0.55585,0.54958,0.55294,0.55365,0.5529,0.54918,0.55464,0.5521,0.54926,0.54687,0.55289,0.55738,0.54861,0.55146,0.5537,0.54764,0.54949,0.54842,0.55293,0.55369,0.55067,0.54807,0.54897,0.5484
Synth_Outdoor_NH3_35,NH3,10.0,1,0.51216,0.51611,0.52045,0.52764,0.53575,0.54276,0.55767,0.56848,0.58065,0.60042,0.61478,0.63494,0.6557,0.67144,0.69523,0.71242,0.74334,0.75923,0.78467,0.81256,0.83156,0.85169,0.87851,0.89992,0.91751,0.93818,0.95827,0.97814,0.99261,1.01496,1.03729,1.04737,1.06432,1.07832,1.09777,1.11379,1.12791,1.1357,1.1537,1.16945,1.18037,1.19317,1.20334,1.21728,1.23167,1.24082,1.24783,1.26023,1.27418,1.28107,1.28904,1.29527,1.30694,1.31478,1.31983,1.32571,1.32594,1.32957,1.33382,1.33701,1.34267,1.34359,1.34304,1.33858,1.3378,1.34189,1.34219,1.33783,1.34046,1.3302,1.32675,1.32467,1.32098,1.32034,1.31421,1.30762,1.31,1.29964,1.29755,1.29217,1.29263,1.2882,1.28826,1.28181,1.27929,1.27262,1.26585,1.26493,1.26214,1.25828,1.25128,1.24973,1.24197,1.23735,1.23289,1.23149,1.22433,1.22234,1.22194,1.21363,1.21154,1.20963,1.20674,1.20202,1.20275,1.19981,1.19867,1.19332,1.18987,1.18683,1.1867,1.18286,1.18027,1.17826,1.17545,1.17555,1.16922,1.17099,1.16945,1.16394,1.16776,1.16023,1.15827,1.16232,1.15547,1.13638,1.10169,1.05622,1.00618,0.95765,0.91765,0.88231,0.85309,0.82937,0.80732,0.7829,0.76412,0.74499,0.72794,0.70974,0.69697,0.68279,0.67158,0.66155,0.65325,0.64339,0.63349,0.62622,0.61994,0.61384,0.60217,0.59751,0.59762,0.58971,0.58416,0.58024,0.5762,0.57446,0.56675,0.56625,0.5637,0.56114,0.55794,0.55608,0.5509,0.54766,0.55399,0.54503,0.54335,0.54365,0.54418,0.53717,0.53445,0.53237,0.53804,0.53011,0.53136,0.52776,0.52541,0.52719,0.52449,0.52408,0.52983,0.52493,0.52531,0.52417,0.52102,0.51939,0.52034,0.51943,0.51689,0.51796,0.51522,0.51593,0.51491,0.51199,0.50872,0.51171,0.51805,0.51226,0.51449,0.50677,0.50912,0.5078,0.51026,0.51642,0.51109,0.51378,0.50854,0.51221,0.51362,0.50781,0.50638,0.50411,0.50629,0.50695,0.51155,0.50295,0.50607,0.50111,0.5043,0.50589,0.50614,0.50606,0.50532,0.50551,0.50393,0.50097,0.49875,0.50181,0.50267,0.50593,0.50233,0.50189,0.50314,0.50131,0.50383,0.50655,0.50692,0.5015,0.50193,0.50486,0.5004,0.50229,0.49759,0.49949,0.50301,0.49818,0.49952,0.49579
Synth_Outdoor_NH3_36,NH3,10.0,1,0.54836,0.55392,0.55984,0.56994,0.57426,0.58811,0.60084,0.61445,0.62049,0.64087,0.65761,0.67965,0.6944,0.71528,0.74741,0.76558,0.78673,0.80998,0.83231,0.8574,0.87635,0.90136,0.92422,0.94335,0.97087,0.98734,1.01103,1.02818,1.0507,1.06227,1.07991,1.09725,1.11592,1.13481,1.15003,1.15502,1.17565,1.18085,1.20401,1.21699,1.22546,1.2369,1.24801,1.25684,1.27069,1.27955,1.29231,1.29886,1.30547,1.31173,1.3183,1.33307,1.33509,1.34312,1.3522,1.35107,1.35481,1.35904,1.36183,1.36876,1.36987,1.36887,1.37169,1.36742,1.36746,1.36403,1.35916,1.36275,1.35779,1.3531,1.34931,1.34148,1.33876,1.3379,1.33131,1.32728,1.32256,1.31669,1.31142,1.30513,1.30414,1.30106,1.29003,1.28835,1.28344,1.27493,1.27564,1.26603,1.26202,1.25754,1.24961,1.25303,1.24487,1.24349,1.24241,1.24141,1.23193,1.23042,1.23191,1.22663,1.22418,1.21697,1.21585,1.21361,1.20912,1.2043,1.20446,1.20642,1.2005,1.20119,1.19573,1.191,1.19386,1.18908,1.18901,1.18209,1.18555,1.18384,1.18013,1.17562,1.17577,1.17535,1.17671,1.17876,1.17259,1.14933,1.11658,1.07764,1.0292,0.98451,0.94146,0.91442,0.88648,0.85723,0.83405,0.8109,0.7923,0.77523,0.764,0.74574,0.72938,0.72118,0.71147,0.69911,0.69343,0.68303,0.67046,0.66435,0.65949,0.64845,0.64762,0.63696,0.63889,0.6339,0.62853,0.62151,0.61983,0.61458,0.60997,0.60861,0.60827,0.6039,0.60486,0.60072,0.5982,0.59041,0.5917,0.58788,0.58828,0.58534,0.58454,0.58663,0.58373,0.58372,0.57592,0.57887,0.58,0.58028,0.5716,0.57358,0.57608,0.5721,0.56941,0.56697,0.5677,0.5651,0.56875,0.57017,0.56414,0.56734,0.56822,0.56554,0.56099,0.56543,0.56383,0.56309,0.56163,0.56278,0.56341,0.56774,0.56167,0.56479,0.56156,0.56008,0.56036,0.5566,0.56011,0.55407,0.5566,0.55874,0.56118,0.56152,0.5571,0.55784,0.55967,0.55366,0.55777,0.55449,0.55594,0.55505,0.55712,0.55723,0.55791,0.55641,0.55582,0.55988,0.5513,0.55921,0.55409,0.55608,0.55369,0.55262,0.55546,0.55673,0.55521,0.55259,0.56289,0.55678,0.55603,0.55273,0.55197,0.55274,0.55607,0.5508,0.55053,0.55445,0.55383,0.55105,0.55019,0.55646
Synth_Outdoor_NH3_37,NH3,10.0,1,0.64587,0.64681,0.65376,0.66439,0.67695,0.68818,0.70237,0.71014,0.73022,0.75047,0.76882,0.78622,0.81215,0.82969,0.85349,0.87443,0.89638,0.92052,0.94777,0.97146,0.99217,1.0184,1.04423,1.07051,1.0918,1.11413,1.13354,1.15695,1.1802,1.19644,1.21064,1.22873,1.24995,1.26375,1.2793,1.29262,1.30962,1.32142,1.33523,1.34667,1.36382,1.37329,1.38735,1.3945,1.41307,1.42272,1.42505,1.43759,1.44999,1.45411,1.46507,1.47388,1.47915,1.48713,1.48957,1.49065,1.5031,1.50684,1.51371,1.50421,1.51314,1.5073,1.51713,1.51415,1.51046,1.51441,1.5103,1.51116,1.50919,1.51092,1.50862,1.49975,1.50069,1.49544,1.48725,1.48502,1.48837,1.47904,1.47613,1.4685,1.46297,1.45962,1.45408,1.44619,1.44259,1.44209,1.43458,1.43083,1.42656,1.42196,1.41916,1.4087,1.40804,1.40379,1.39981,1.38942,1.38943,1.3892,1.38098,1.37909,1.37662,1.36901,1.37311,1.36667,1.36361,1.35514,1.35839,1.35496,1.35516,1.3478,1.34362,1.34194,1.34001,1.33624,1.34017,1.33829,1.33262,1.33032,1.325,1.32954,1.33022,1.32244,1.32635,1.32911,1.32485,1.30083,1.2674,1.22293,1.16808,1.11735,1.0779,1.0479,1.0137,0.98552,0.9605,0.93894,0.92304,0.89975,0.88115,0.86765,0.85776,0.83912,0.82552,0.81629,0.80781,0.79995,0.7922,0.77919,0.77213,0.76696,0.76325,0.75262,0.74889,0.74394,0.74313,0.73777,0.73468,0.73199,0.72435,0.71884,0.71578,0.71126,0.71202,0.70966,0.71021,0.70604,0.70265,0.70157,0.69739,0.70078,0.69458,0.69213,0.69555,0.69354,0.68647,0.69165,0.68646,0.68623,0.68656,0.68656,0.68523,0.6831,0.68131,0.68256,0.68045,0.6845,0.68072,0.67627,0.67673,0.67743,0.67995,0.67965,0.67461,0.67275,0.67196,0.67478,0.67946,0.67461,0.66887,0.67067,0.67058,0.66976,0.67054,0.6721,0.67256,0.67327,0.67156,0.6651,0.6671,0.6691,0.66964,0.67119,0.66892,0.66875,0.66902,0.66761,0.66831,0.67077,0.66761,0.6676,0.66743,0.67064,0.66447,0.67154,0.66407,0.66528,0.66869,0.66927,0.66307,0.66377,0.66711,0.67222,0.66945,0.66565,0.66017,0.66634,0.66699,0.66507,0.66384,0.66633,0.66356,0.67056,0.66965,0.66747,0.66602,0.66411,0.66569,0.66983,0.66791,0.66625
Synth_Outdoor_NH3_38,NH3,10.0,1,0.42164,0.42548,0.43131,0.4404,0.44829,0.45986,0.46996,0.48211,0.49591,0.51148,0.52624,0.54621,0.56542,0.58666,0.61267,0.62978,0.65262,0.67485,0.70048,0.7175,0.7408,0.7633,0.78836,0.81041,0.8293,0.8517,0.86893,0.88723,0.90904,0.92494,0.93875,0.95918,0.97154,0.98589,1.00291,1.0138,1.0278,1.04083,1.04925,1.064,1.07795,1.08339,1.09775,1.105,1.11966,1.12936,1.13544,1.151,1.15698,1.16422,1.17181,1.17985,1.18161,1.19085,1.19712,1.20039,1.20721,1.21312,1.21217,1.21585,1.21634,1.21594,1.22395,1.22308,1.22384,1.2212,1.22243,1.22447,1.22017,1.21829,1.21653,1.21044,1.21239,1.20476,1.2024,1.1987,1.19715,1.19271,1.18947,1.18292,1.18329,1.17836,1.17123,1.16576,1.16073,1.15659,1.14913,1.14559,1.14564,1.1398,1.13863,1.12918,1.1245,1.11967,1.1151,1.10951,1.10719,1.10206,1.09618,1.09607,1.09339,1.08732,1.08178,1.0785,1.07756,1.07147,1.06494,1.06436,1.0621,1.05541,1.05469,1.05565,1.04579,1.04481,1.04523,1.04442,1.03819,1.03936,1.04067,1.03592,1.03598,1.02968,1.03099,1.03596,1.0275,1.00461,0.97437,0.9389,0.88538,0.84292,0.80123,0.77033,0.74246,0.7107,0.68906,0.67189,0.65078,0.63768,0.61533,0.60628,0.58817,0.57857,0.56565,0.56284,0.5453,0.53966,0.52764,0.52854,0.51868,0.51167,0.50912,0.50035,0.49543,0.49047,0.48712,0.48036,0.47719,0.47614,0.47141,0.46727,0.46107,0.46551,0.4575,0.45915,0.4548,0.44891,0.45318,0.44873,0.44956,0.444,0.44456,0.43679,0.43846,0.43509,0.43598,0.43682,0.43289,0.43538,0.42994,0.4332,0.43323,0.4315,0.42716,0.42184,0.42776,0.42516,0.42224,0.42254,0.42678,0.41965,0.423,0.42172,0.41965,0.42155,0.42342,0.41804,0.41761,0.41925,0.41948,0.41638,0.41547,0.41025,0.41339,0.41207,0.4162,0.41348,0.41299,0.41329,0.41077,0.41648,0.41549,0.41597,0.41331,0.41123,0.41503,0.40896,0.40818,0.40856,0.41109,0.40762,0.40887,0.40499,0.40994,0.40469,0.40593,0.41108,0.41078,0.40856,0.4081,0.40587,0.40505,0.40586,0.40278,0.40696,0.40624,0.4036,0.40969,0.40714,0.40719,0.40406,0.4051,0.4065,0.40515,0.40862,0.40393,0.40301,0.40571,0.40082,0.40616,0.40047
Synth_Outdoor_NH3_39,NH3,10.0,1,0.42483,0.43092,0.43552,0.4401,0.4503,0.46185,0.47128,0.49259,0.50519,0.51856,0.54282,0.55644,0.57893,0.59736,0.61635,0.64068,0.66619,0.69315,0.7156,0.73904,0.75757,0.78956,0.81046,0.83266,0.85826,0.88037,0.90124,0.91816,0.93593,0.95984,0.97218,0.99795,1.00996,1.02328,1.03826,1.05307,1.07105,1.08467,1.09521,1.11077,1.1212,1.1385,1.14888,1.15966,1.16863,1.18202,1.19235,1.20444,1.21378,1.22434,1.22955,1.23391,1.24822,1.2498,1.25502,1.2626,1.26757,1.26886,1.27155,1.27402,1.27987,1.27679,1.27416,1.27328,1.27349,1.27279,1.2711,1.26737,1.26155,1.25873,1.2572,1.24735,1.2435,1.24044,1.23538,1.22682,1.22031,1.21204,1.21042,1.20596,1.20248,1.19032,1.18252,1.17364,1.16445,1.16277,1.16146,1.15203,1.14475,1.13563,1.12903,1.11523,1.11643,1.10654,1.09993,1.09466,1.0886,1.08201,1.07842,1.07175,1.06826,1.05924,1.05742,1.05039,1.04696,1.04462,1.03611,1.034,1.03334,1.02429,1.0282,1.02285,1.0147,1.01017,1.00896,1.00151,0.99691,0.99761,0.99546,0.99329,0.98877,0.99062,0.98477,0.98558,0.98168,0.95861,0.92863,0.89317,0.84665,0.80634,0.77089,0.74207,0.71369,0.69656,0.67255,0.65664,0.63886,0.62422,0.61026,0.59829,0.58425,0.57843,0.56088,0.55589,0.55022,0.54164,0.53091,0.52479,0.51825,0.51669,0.50822,0.50593,0.50155,0.50271,0.49375,0.48738,0.48243,0.4823,0.47982,0.47187,0.4731,0.47324,0.46895,0.47061,0.46236,0.46611,0.46497,0.46344,0.4556,0.45885,0.45504,0.45192,0.45321,0.45084,0.45433,0.45228,0.44713,0.44726,0.44725,0.44718,0.44912,0.44761,0.44531,0.44387,0.43943,0.44647,0.44153,0.44595,0.44202,0.44606,0.44203,0.43647,0.43806,0.43877,0.43661,0.43748,0.43467,0.43776,0.43801,0.4346,0.44166,0.43669,0.43421,0.43189,0.43587,0.4348,0.43715,0.43463,0.4318,0.43875,0.43548,0.43356,0.43444,0.43503,0.4301,0.43394,0.43241,0.43485,0.43178,0.43216,0.43788,0.43685,0.42558,0.43675,0.43372,0.43218,0.43148,0.43167,0.43239,0.43132,0.43079,0.43163,0.43508,0.43444,0.43575,0.43424,0.43119,0.43574,0.43204,0.43621,0.43172,0.43297,0.43383,0.43646,0.43526,0.43492,0.43963,0.43037,0.43241,0.43235
Synth_Outdoor_NH3_40,NH3,10.0,1,0.50029,0.50093,0.50667,0.50953,0.51942,0.5292,0.54197,0.54742,0.56296,0.58052,0.59159,0.60344,0.62898,0.64562,0.66478,0.67772,0.70583,0.7204,0.74147,0.76137,0.78568,0.80276,0.82388,0.8418,0.8596,0.87493,0.89853,0.90628,0.92601,0.94025,0.95589,0.96956,0.97827,0.99201,1.00696,1.01392,1.02251,1.03498,1.04301,1.05708,1.06823,1.07435,1.07942,1.09449,1.09563,1.10401,1.11477,1.12271,1.1295,1.13405,1.14369,1.14384,1.14996,1.15233,1.14949,1.15407,1.16104,1.15501,1.15436,1.15552,1.15231,1.14939,1.14776,1.14987,1.14297,1.13667,1.13251,1.13788,1.12758,1.12464,1.11689,1.11463,1.11208,1.10118,1.09807,1.08763,1.09054,1.08067,1.07388,1.06933,1.06409,1.05968,1.05005,1.05142,1.04699,1.0443,1.03766,1.03296,1.03092,1.02315,1.02392,1.01534,1.01905,1.01406,1.00617,1.00634,1.00131,0.99496,0.98902,0.99153,0.98534,0.98673,0.98079,0.97595,0.97917,0.97305,0.95934,0.96424,0.95905,0.95762,0.95642,0.95489,0.95205,0.95161,0.94815,0.94591,0.94319,0.94425,0.93866,0.9371,0.93136,0.93655,0.93474,0.94234,0.92781,0.91404,0.89117,0.8557,0.82388,0.78812,0.75957,0.74018,0.71459,0.69929,0.68587,0.66565,0.65329,0.64773,0.63199,0.61945,0.61352,0.60166,0.59147,0.59174,0.57906,0.58197,0.56915,0.57065,0.55721,0.55887,0.55355,0.5507,0.54758,0.54074,0.53578,0.53618,0.5343,0.53018,0.52981,0.52782,0.52274,0.52416,0.52079,0.51811,0.5203,0.51499,0.51444,0.51447,0.5165,0.5124,0.51217,0.50908,0.50868,0.50787,0.50788,0.50558,0.50888,0.50383,0.49978,0.51022,0.5019,0.5054,0.50506,0.50335,0.49996,0.50065,0.49625,0.50394,0.49638,0.49745,0.4979,0.49697,0.49524,0.5,0.49855,0.49666,0.49454,0.49788,0.49372,0.49851,0.49457,0.49708,0.49345,0.49368,0.49633,0.4985,0.49667,0.49476,0.49383,0.49106,0.49304,0.48998,0.49318,0.49331,0.48728,0.49224,0.49316,0.49188,0.49295,0.48867,0.49006,0.49456,0.49194,0.49276,0.49051,0.4919,0.48606,0.4939,0.49628,0.48907,0.48935,0.49277,0.49532,0.49161,0.48851,0.49103,0.48895,0.48982,0.4907,0.48911,0.48946,0.49156,0.49188,0.48775,0.49227,0.4903,0.49302,0.49314,0.4898,0.49267
Synth_Outdoor_NH3_41,NH3,10.0,1,0.60311,0.60863,0.61086,0.61331,0.62357,0.62629,0.63087,0.63617,0.65045,0.66635,0.67733,0.68465,0.69866,0.71245,0.72502,0.74137,0.7621,0.77718,0.79313,0.80575,0.82592,0.83635,0.86041,0.87477,0.88605,0.90822,0.91387,0.93321,0.94617,0.95401,0.96882,0.97602,0.9837,0.99846,1.00942,1.02192,1.02941,1.03801,1.04342,1.0524,1.05891,1.06542,1.07384,1.08203,1.08655,1.09287,1.10067,1.10258,1.10508,1.11399,1.11706,1.12054,1.12398,1.12554,1.12584,1.13262,1.12387,1.12568,1.12931,1.12648,1.12678,1.12368,1.1248,1.11683,1.12065,1.11813,1.11005,1.11232,1.10803,1.10385,1.09779,1.0971,1.09839,1.09559,1.08996,1.08937,1.08636,1.08109,1.07572,1.0756,1.07268,1.07022,1.06786,1.05951,1.05892,1.05283,1.05699,1.05225,1.0515,1.04435,1.04908,1.0401,1.04276,1.03893,1.03604,1.03365,1.03035,1.03263,1.02682,1.02122,1.02144,1.02091,1.02119,1.01592,1.01454,1.01442,1.01505,1.00799,1.01119,1.00727,1.00618,1.01059,1.00362,1.00447,1.00281,0.99639,0.99306,0.99823,0.99203,0.9891,0.99416,0.9872,0.98912,0.99647,0.98221,0.97012,0.95081,0.92333,0.88987,0.85806,0.84014,0.81665,0.79941,0.78149,0.76813,0.75671,0.74011,0.73259,0.72399,0.71729,0.71025,0.69823,0.6942,0.67855,0.68347,0.67259,0.66903,0.66634,0.6608,0.65794,0.65798,0.64987,0.64515,0.64963,0.64383,0.64493,0.64006,0.63252,0.63553,0.62968,0.6305,0.62872,0.6234,0.62402,0.63024,0.6241,0.62189,0.62577,0.61922,0.61901,0.6208,0.61647,0.61479,0.61026,0.61281,0.61206,0.61415,0.61158,0.6179,0.6093,0.6149,0.61144,0.61241,0.61178,0.60393,0.60903,0.608,0.60543,0.60903,0.61183,0.60049,0.60549,0.60338,0.60636,0.60508,0.60408,0.60705,0.60916,0.61146,0.60269,0.59974,0.60547,0.60787,0.60563,0.60741,0.60263,0.60147,0.60309,0.60181,0.60414,0.60474,0.60477,0.60327,0.60243,0.60363,0.59658,0.60188,0.60139,0.60167,0.60082,0.602,0.59936,0.60349,0.60173,0.60081,0.59858,0.60225,0.60063,0.5981,0.59975,0.60135,0.60112,0.60094,0.59993,0.60224,0.60274,0.60147,0.59813,0.59693,0.5982,0.60442,0.60021,0.6048,0.59916,0.59879,0.59923,0.59916,0.59744,0.59647,0.60058
Synth_Outdoor_NH3_42,NH3,10.0,1,0.55121,0.55376,0.55597,0.56487,0.56917,0.57095,0.57774,0.59018,0.59757,0.60828,0.61487,0.62396,0.63884,0.65587,0.67327,0.6814,0.70318,0.71497,0.72508,0.7449,0.7623,0.76966,0.79268,0.80909,0.82199,0.83537,0.8492,0.86263,0.87319,0.8866,0.89866,0.91061,0.91892,0.92749,0.94041,0.94785,0.9537,0.96418,0.96918,0.97743,0.98627,0.98837,0.99265,1.00049,1.0025,1.00995,1.01433,1.01292,1.02421,1.02591,1.03251,1.03298,1.03691,1.04032,1.03896,1.0409,1.03834,1.04649,1.04383,1.04222,1.04674,1.03919,1.04295,1.04535,1.04073,1.0385,1.03751,1.03168,1.03651,1.03237,1.02996,1.02789,1.02639,1.02572,1.02168,1.01612,1.01863,1.01609,1.01301,1.01287,1.00796,1.00847,1.00712,1.00295,0.99741,0.99672,0.99785,0.98871,0.98915,0.98702,0.98355,0.98581,0.98244,0.97761,0.979,0.97543,0.97222,0.97157,0.97356,0.97407,0.96958,0.97101,0.9723,0.96377,0.96634,0.96605,0.96222,0.96407,0.96492,0.95873,0.95567,0.95709,0.95511,0.94516,0.9499,0.94702,0.94668,0.9428,0.9406,0.93622,0.9378,0.93789,0.93273,0.93143,0.92932,0.91576,0.89729,0.86332,0.83347,0.79869,0.78327,0.76036,0.74081,0.72281,0.70886,0.70026,0.685,0.67772,0.67323,0.65875,0.64947,0.64577,0.6353,0.63677,0.63058,0.62173,0.61534,0.61232,0.6088,0.60694,0.60529,0.59706,0.59938,0.59584,0.59064,0.58696,0.58792,0.58304,0.58644,0.57938,0.582,0.57898,0.57641,0.57624,0.57799,0.57117,0.57204,0.57023,0.57109,0.56861,0.56506,0.56603,0.572,0.56783,0.56708,0.56526,0.56525,0.56375,0.56558,0.564,0.56032,0.56342,0.55621,0.563,0.55806,0.56098,0.55786,0.56051,0.5616,0.56358,0.55568,0.56168,0.55927,0.55755,0.56033,0.55761,0.55977,0.55527,0.55597,0.5597,0.56084,0.55684,0.54978,0.55608,0.55652,0.5557,0.55697,0.55479,0.55795,0.55279,0.55866,0.55932,0.55306,0.55294,0.55614,0.55203,0.55364,0.55752,0.55651,0.55953,0.55493,0.55287,0.55444,0.55384,0.55378,0.55399,0.55167,0.55466,0.55037,0.55203,0.55346,0.54804,0.55555,0.54842,0.55523,0.55033,0.55256,0.55487,0.55908,0.55388,0.54864,0.55598,0.55302,0.55378,0.55501,0.54806,0.55364,0.55261,0.55669,0.55546
Synth_Outdoor_NH3_43,NH3,50.0,1,0.38561,0.39496,0.39586,0.39464,0.40323,0.41112,0.41167,0.42523,0.42602,0.43684,0.44647,0.46323,0.47035,0.48131,0.49866,0.51319,0.5277,0.54023,0.55668,0.56965,0.59071,0.60446,0.61893,0.6322,0.64487,0.65333,0.67045,0.68118,0.69567,0.70562,0.7155,0.71995,0.73356,0.74191,0.75333,0.76092,0.7703,0.78087,0.78714,0.79702,0.80138,0.81178,0.82433,0.82855,0.84364,0.85178,0.85719,0.87342,0.87657,0.87827,0.8892,0.89371,0.8974,0.90222,0.91256,0.91334,0.919,0.92121,0.9256,0.93083,0.93541,0.93094,0.93999,0.94027,0.94757,0.95314,0.94646,0.94455,0.95043,0.95073,0.95705,0.95714,0.95605,0.95338,0.95753,0.95753,0.95835,0.95445,0.96146,0.95949,0.95933,0.95846,0.9583,0.96136,0.95639,0.96285,0.95839,0.95618,0.96622,0.95992,0.9607,0.96582,0.96814,0.96025,0.96226,0.96304,0.96807,0.97021,0.9637,0.97007,0.96492,0.96761,0.96362,0.96651,0.96674,0.96653,0.96866,0.96557,0.96634,0.96997,0.97242,0.96913,0.97056,0.97125,0.97149,0.96711,0.96762,0.96788,0.97448,0.97094,0.97073,0.96999,0.96916,0.97965,0.97078,0.95532,0.92167,0.89106,0.8455,0.80025,0.76631,0.73613,0.70982,0.68955,0.6671,0.64962,0.63551,0.61514,0.59544,0.5873,0.57887,0.56467,0.55863,0.5467,0.53248,0.52955,0.52284,0.51818,0.51392,0.50597,0.49956,0.49528,0.48866,0.48124,0.48109,0.47828,0.47097,0.47413,0.47037,0.46168,0.46597,0.45939,0.45596,0.45848,0.45364,0.45662,0.448,0.44415,0.44623,0.44746,0.4418,0.43949,0.44214,0.43675,0.44008,0.43741,0.43849,0.43286,0.43869,0.43416,0.43576,0.43552,0.42951,0.43392,0.42752,0.42705,0.43481,0.43212,0.434,0.42737,0.42804,0.42864,0.42687,0.42462,0.42387,0.42628,0.42271,0.4223,0.42571,0.42419,0.42649,0.4228,0.42216,0.42441,0.42108,0.42124,0.42112,0.42193,0.42671,0.41864,0.42513,0.42355,0.42547,0.42924,0.42482,0.42343,0.41773,0.41792,0.42165,0.4164,0.4221,0.41512,0.42323,0.41945,0.4205,0.41822,0.41525,0.42304,0.42324,0.41898,0.42147,0.4188,0.42047,0.42158,0.42101,0.42296,0.42088,0.41964,0.41767,0.41837,0.42157,0.41575,0.42227,0.41881,0.41746,0.41676,0.42119,0.41948,0.4235,0.41639
Synth_Outdoor_NH3_44,NH3,50.0,1,0.49782,0.50413,0.51069,0.51826,0.52933,0.53235,0.54766,0.55775,0.57437,0.58964,0.60261,0.62048,0.64271,0.66113,0.68097,0.70429,0.72618,0.74515,0.76672,0.78823,0.81402,0.83288,0.8591,0.88412,0.90213,0.92319,0.95045,0.96947,0.98319,1.00402,1.02226,1.03887,1.05904,1.07012,1.08522,1.10042,1.11515,1.12744,1.13888,1.14565,1.15998,1.17455,1.18415,1.1963,1.20941,1.21191,1.22747,1.23312,1.24512,1.25108,1.26446,1.26705,1.27242,1.2819,1.28791,1.29561,1.29906,1.30886,1.30676,1.31084,1.31332,1.31828,1.32134,1.32361,1.3247,1.3241,1.32408,1.32557,1.3292,1.32919,1.3247,1.32133,1.32203,1.32582,1.32124,1.31802,1.31666,1.31544,1.30573,1.30443,1.30076,1.30011,1.29543,1.29328,1.2865,1.28755,1.28031,1.27868,1.27656,1.27308,1.26798,1.26607,1.26547,1.25949,1.25348,1.25387,1.24945,1.24078,1.24491,1.24117,1.24088,1.23326,1.22852,1.2299,1.22767,1.22424,1.22143,1.21609,1.21582,1.21268,1.21361,1.20935,1.20543,1.20845,1.20175,1.20234,1.19915,1.20226,1.19695,1.19554,1.19343,1.19245,1.19781,1.19862,1.18925,1.17311,1.13706,1.08836,1.03376,0.98389,0.94328,0.90764,0.87729,0.84214,0.81752,0.79189,0.76987,0.75199,0.73652,0.72112,0.70178,0.68837,0.67329,0.66664,0.65357,0.64969,0.63743,0.62755,0.61854,0.60916,0.60272,0.5983,0.59226,0.58604,0.58439,0.57998,0.5731,0.57492,0.56182,0.56267,0.55854,0.55447,0.55105,0.5499,0.54664,0.54366,0.53895,0.53585,0.53702,0.53467,0.53326,0.53164,0.52887,0.52798,0.52479,0.52922,0.52196,0.52163,0.51945,0.51814,0.51886,0.5174,0.51539,0.51479,0.51269,0.51452,0.51773,0.50949,0.51179,0.51008,0.51081,0.51013,0.50819,0.50688,0.50522,0.50374,0.50479,0.50122,0.50235,0.50604,0.50295,0.50436,0.50525,0.50061,0.50108,0.49934,0.49763,0.49687,0.50093,0.49894,0.50264,0.50005,0.49538,0.4989,0.49566,0.4991,0.4945,0.49277,0.4931,0.49291,0.49233,0.49269,0.49595,0.49802,0.48993,0.49614,0.49152,0.49332,0.48806,0.49326,0.4867,0.49227,0.49189,0.49147,0.48891,0.49189,0.49128,0.48958,0.4916,0.48948,0.49083,0.48901,0.48969,0.49041,0.48782,0.48558,0.4892,0.49132,0.48893,0.48882
Synth_Outdoor_NH3_45,NH3,50.0,1,0.66751,0.67549,0.68085,0.68952,0.70442,0.7133,0.73111,0.74745,0.76339,0.77766,0.80106,0.82204,0.84406,0.86945,0.89571,0.91799,0.94459,0.9707,1.00073,1.02387,1.04808,1.07367,1.10455,1.12719,1.15547,1.17432,1.19923,1.21928,1.24478,1.26544,1.28385,1.29857,1.31682,1.33586,1.34687,1.36564,1.38453,1.39417,1.40412,1.41887,1.4306,1.44861,1.45795,1.46584,1.47319,1.48694,1.49081,1.50562,1.51397,1.51937,1.53008,1.53306,1.53751,1.54918,1.55216,1.55906,1.56682,1.56471,1.56975,1.57713,1.5774,1.57601,1.57695,1.57913,1.57924,1.58183,1.58087,1.58019,1.57555,1.5752,1.56766,1.57037,1.57006,1.56062,1.56227,1.55616,1.55614,1.55073,1.54728,1.54211,1.5407,1.53351,1.52597,1.52292,1.51667,1.5129,1.50638,1.50068,1.49793,1.49266,1.49024,1.48172,1.47329,1.47317,1.46619,1.46785,1.45938,1.45788,1.45615,1.45759,1.44787,1.44751,1.44597,1.44544,1.4409,1.43893,1.43546,1.42732,1.42822,1.42641,1.4189,1.41699,1.41377,1.41527,1.4109,1.40815,1.40367,1.40467,1.40135,1.40126,1.3956,1.39631,1.3971,1.39617,1.38771,1.36627,1.33268,1.28556,1.23093,1.17602,1.12847,1.09508,1.05742,1.02912,0.99999,0.97635,0.95219,0.93309,0.91325,0.8981,0.87826,0.86141,0.8501,0.84298,0.82865,0.8189,0.80644,0.80035,0.7894,0.78213,0.77622,0.77174,0.76583,0.7602,0.74943,0.74837,0.74321,0.73552,0.7353,0.7308,0.72908,0.72462,0.71983,0.72046,0.70976,0.71247,0.70571,0.70544,0.70677,0.70013,0.69773,0.7053,0.69412,0.69988,0.69365,0.69114,0.69234,0.69282,0.68526,0.68556,0.68772,0.68511,0.686,0.68341,0.68558,0.68051,0.67967,0.67898,0.67693,0.67854,0.67618,0.67677,0.67639,0.67439,0.67387,0.66942,0.66992,0.67275,0.67358,0.66457,0.66741,0.66835,0.66555,0.66518,0.66791,0.67016,0.66066,0.66486,0.66598,0.66634,0.66476,0.66794,0.66322,0.66607,0.66082,0.66223,0.6587,0.66365,0.66073,0.6616,0.65962,0.66158,0.66083,0.65708,0.65695,0.65895,0.66039,0.66312,0.65894,0.66042,0.65364,0.66246,0.6587,0.65685,0.65635,0.65378,0.65428,0.66091,0.65349,0.65325,0.65382,0.65239,0.65524,0.65773,0.65328,0.6512,0.65519,0.65416,0.65666,0.65287
Synth_Outdoor_NH3_46,NH3,50.0,1,0.43996,0.44452,0.45146,0.45716,0.47089,0.48647,0.50041,0.5122,0.53323,0.54797,0.56409,0.58399,0.61301,0.63177,0.65315,0.67467,0.70395,0.73098,0.75351,0.77811,0.80489,0.83466,0.85302,0.87934,0.90772,0.92893,0.95027,0.9694,0.9913,1.00911,1.02665,1.04367,1.0651,1.079,1.09522,1.10946,1.12419,1.13595,1.14843,1.16025,1.17095,1.18342,1.19665,1.20457,1.21576,1.23202,1.23968,1.24714,1.26243,1.26038,1.27382,1.27724,1.28503,1.28843,1.2882,1.29756,1.30221,1.29941,1.31253,1.3104,1.31239,1.30791,1.31184,1.31164,1.30811,1.30603,1.30243,1.30265,1.3002,1.30079,1.29473,1.29548,1.2889,1.28702,1.2856,1.2784,1.27756,1.27284,1.26609,1.26486,1.25726,1.25485,1.25159,1.24153,1.23878,1.23066,1.22482,1.22213,1.21444,1.21071,1.20972,1.2022,1.20051,1.19477,1.19399,1.18607,1.18305,1.17683,1.17206,1.16957,1.16371,1.15811,1.15387,1.15088,1.14449,1.14137,1.14382,1.14213,1.1325,1.13052,1.13236,1.12804,1.12549,1.12311,1.1174,1.11603,1.11327,1.1082,1.10917,1.10977,1.10435,1.1039,1.10706,1.1077,1.1032,1.08028,1.0525,1.00674,0.95214,0.90793,0.86262,0.82537,0.79864,0.76897,0.73787,0.71798,0.69911,0.67404,0.66233,0.64669,0.62886,0.6192,0.60632,0.59208,0.58702,0.57729,0.56565,0.5577,0.55247,0.54314,0.5323,0.53229,0.52343,0.51926,0.51897,0.51039,0.50644,0.50368,0.4999,0.49279,0.49163,0.48875,0.48638,0.48364,0.48676,0.47487,0.47791,0.47618,0.47237,0.46752,0.47144,0.46002,0.46212,0.46516,0.45975,0.46319,0.45401,0.45366,0.45384,0.45499,0.45225,0.45047,0.45416,0.45337,0.44758,0.44341,0.44139,0.44651,0.44674,0.44444,0.44334,0.44078,0.44375,0.44565,0.43525,0.43994,0.43707,0.43514,0.43547,0.4387,0.43825,0.44039,0.43626,0.43135,0.43467,0.43134,0.43134,0.43538,0.43402,0.43459,0.43184,0.43432,0.43093,0.43438,0.43209,0.43037,0.4311,0.43023,0.43395,0.43025,0.4293,0.42841,0.43082,0.43021,0.42751,0.42507,0.42543,0.42698,0.43056,0.4263,0.42519,0.42205,0.43,0.4274,0.42777,0.428,0.425,0.42542,0.42875,0.42529,0.4261,0.42661,0.42586,0.42373,0.42379,0.42565,0.42548,0.4263,0.4246,0.42457
Synth_Outdoor_NH3_47,NH3,50.0,1,0.40558,0.40809,0.41695,0.42952,0.43978,0.45003,0.46234,0.47802,0.4972,0.51305,0.53122,0.55639,0.57568,0.5966,0.6229,0.64853,0.66861,0.69615,0.72187,0.74955,0.77585,0.79836,0.82104,0.85195,0.87072,0.89784,0.91988,0.94298,0.96826,0.99234,1.00036,1.02571,1.04081,1.06098,1.07723,1.09427,1.10683,1.11871,1.13748,1.14906,1.16121,1.17314,1.18878,1.20169,1.20563,1.22079,1.22864,1.23592,1.24969,1.25644,1.26296,1.27247,1.27859,1.28562,1.2894,1.29663,1.30009,1.30625,1.30943,1.31052,1.31063,1.31136,1.31024,1.31028,1.31344,1.30611,1.30875,1.30632,1.30666,1.29951,1.30087,1.2993,1.2909,1.28981,1.28878,1.28653,1.28166,1.27835,1.26975,1.26384,1.26314,1.25479,1.25049,1.24972,1.24257,1.23549,1.23012,1.22856,1.22274,1.21449,1.20811,1.21335,1.20146,1.20191,1.20067,1.19367,1.1881,1.18223,1.17843,1.17933,1.17854,1.17069,1.16733,1.16762,1.1613,1.16087,1.15733,1.15309,1.15084,1.15205,1.1459,1.14394,1.13583,1.13788,1.13366,1.12519,1.12711,1.1212,1.11532,1.11644,1.11472,1.11103,1.11292,1.11403,1.11362,1.0837,1.05401,1.00528,0.94954,0.89792,0.85081,0.81586,0.78426,0.75086,0.72923,0.70134,0.67815,0.65911,0.64903,0.622,0.61282,0.59588,0.58405,0.57464,0.56366,0.55054,0.53958,0.53594,0.52784,0.51838,0.51335,0.50475,0.49785,0.4944,0.49053,0.48521,0.48122,0.47384,0.47575,0.46724,0.4643,0.45802,0.45775,0.45667,0.45449,0.45389,0.44883,0.44594,0.44195,0.43934,0.44149,0.4396,0.43278,0.43558,0.4338,0.42786,0.43052,0.42514,0.4204,0.42482,0.42467,0.42259,0.42896,0.42167,0.42009,0.41984,0.41676,0.41931,0.41703,0.41611,0.41298,0.40984,0.41176,0.41303,0.41057,0.41179,0.40986,0.41092,0.40682,0.40917,0.40653,0.40378,0.40674,0.41051,0.40255,0.406,0.40726,0.4106,0.4032,0.40247,0.40077,0.40617,0.4008,0.40166,0.39758,0.40407,0.4044,0.4033,0.39688,0.40214,0.39619,0.40023,0.40031,0.40031,0.4006,0.39901,0.39388,0.39988,0.39856,0.39581,0.39392,0.40148,0.40049,0.39899,0.39532,0.39054,0.39857,0.39739,0.39535,0.39894,0.39807,0.39623,0.39568,0.39557,0.39699,0.39299,0.39605,0.39254,0.39804,0.39589
Synth_Outdoor_NH3_48,NH3,50.0,1,0.54092,0.5528,0.56066,0.56749,0.58037,0.58944,0.6048,0.62131,0.63506,0.6535,0.67518,0.69522,0.71357,0.73285,0.7617,0.7815,0.80944,0.83533,0.86195,0.89143,0.91796,0.94247,0.96832,0.99342,1.00992,1.03982,1.05808,1.0856,1.0998,1.12424,1.1448,1.1585,1.18085,1.19619,1.21168,1.22757,1.23943,1.25467,1.26786,1.28094,1.29214,1.30328,1.31779,1.32957,1.34029,1.35547,1.36118,1.37395,1.38705,1.39559,1.40493,1.40834,1.41905,1.42101,1.42886,1.43424,1.43768,1.44183,1.44442,1.44544,1.45162,1.45004,1.45152,1.45131,1.45013,1.44861,1.44547,1.44725,1.44278,1.43803,1.43394,1.43164,1.4295,1.42831,1.41701,1.41784,1.41456,1.40355,1.40225,1.39532,1.39413,1.38693,1.38227,1.37636,1.37401,1.36772,1.36275,1.35764,1.35379,1.34695,1.34725,1.33545,1.32988,1.3253,1.32025,1.32271,1.31789,1.31513,1.30514,1.30546,1.29971,1.29598,1.29313,1.28572,1.29021,1.28336,1.27508,1.27019,1.26945,1.26703,1.26625,1.25784,1.25881,1.25161,1.25378,1.24964,1.25209,1.24083,1.24571,1.23575,1.23454,1.23125,1.23836,1.23589,1.22754,1.21044,1.17645,1.12934,1.07601,1.02818,0.98088,0.94615,0.91203,0.87977,0.8576,0.83079,0.81061,0.79195,0.76843,0.75291,0.74421,0.72654,0.71403,0.70436,0.69228,0.68441,0.67411,0.66631,0.65622,0.65119,0.64672,0.63626,0.63415,0.6263,0.62319,0.61695,0.6121,0.60889,0.60713,0.60103,0.59819,0.59284,0.59466,0.58947,0.58537,0.58231,0.58263,0.57637,0.57125,0.57385,0.57471,0.57387,0.56787,0.56656,0.56614,0.56266,0.56315,0.5603,0.56174,0.55977,0.55878,0.55507,0.5593,0.55466,0.55305,0.54961,0.55033,0.54996,0.54682,0.54724,0.54674,0.54653,0.54125,0.54462,0.54331,0.54355,0.54556,0.5475,0.54347,0.53812,0.53978,0.54159,0.54078,0.54152,0.53833,0.53721,0.54207,0.5374,0.53428,0.54011,0.53225,0.52683,0.5371,0.53708,0.53547,0.53083,0.53358,0.53269,0.53169,0.53625,0.52981,0.53292,0.53483,0.53252,0.53441,0.53244,0.53184,0.53144,0.53179,0.52902,0.52646,0.53184,0.53213,0.52962,0.52741,0.5247,0.52861,0.52484,0.52429,0.52775,0.5257,0.52825,0.52679,0.52549,0.52256,0.52454,0.52446,0.52327,0.52535,0.52314
Synth_Outdoor_NH3_49,NH3,50.0,1,0.66455,0.67352,0.67654,0.68631,0.69961,0.71435,0.72886,0.74633,0.75846,0.77762,0.79525,0.81584,0.84178,0.8625,0.89157,0.9096,0.93983,0.96191,0.98851,1.01819,1.04139,1.06778,1.09254,1.124,1.14234,1.16768,1.18993,1.21305,1.23213,1.25336,1.27408,1.28924,1.31159,1.32861,1.34325,1.35741,1.36471,1.38765,1.39951,1.41325,1.422,1.4405,1.44769,1.46333,1.47672,1.48446,1.49957,1.50519,1.51842,1.52289,1.53734,1.54505,1.55163,1.55659,1.56055,1.56881,1.57732,1.57866,1.57737,1.5804,1.58756,1.58625,1.58205,1.58045,1.58271,1.57869,1.5814,1.58574,1.57289,1.57317,1.57328,1.5679,1.56146,1.55711,1.55,1.54746,1.54383,1.54089,1.5313,1.52696,1.51974,1.51742,1.51364,1.50819,1.49867,1.49687,1.48956,1.48845,1.48028,1.47163,1.46988,1.46694,1.46217,1.45634,1.45237,1.44769,1.4455,1.44058,1.44134,1.43291,1.43177,1.4279,1.42643,1.42313,1.41857,1.41429,1.4076,1.40458,1.40234,1.40368,1.3994,1.39884,1.39668,1.3899,1.38943,1.38703,1.38399,1.38128,1.38339,1.37842,1.37623,1.37188,1.37814,1.37537,1.37131,1.35036,1.31314,1.26829,1.21439,1.16029,1.1167,1.0799,1.04712,1.01728,0.98762,0.96579,0.94486,0.92448,0.90843,0.89098,0.87207,0.85989,0.84673,0.8357,0.82484,0.81631,0.80593,0.79999,0.78958,0.77954,0.77365,0.76998,0.75854,0.75367,0.75189,0.74943,0.7458,0.73776,0.737,0.7308,0.72329,0.72381,0.71921,0.72016,0.71505,0.70933,0.70632,0.70769,0.6995,0.70221,0.70213,0.69705,0.70042,0.69926,0.69212,0.69239,0.69417,0.69031,0.68548,0.68735,0.68439,0.68817,0.6858,0.68247,0.68261,0.678,0.67845,0.68333,0.67875,0.68012,0.67758,0.67953,0.6705,0.6743,0.67822,0.67587,0.67618,0.67226,0.67035,0.66857,0.66784,0.67207,0.67083,0.66888,0.66982,0.66847,0.67008,0.66964,0.66419,0.66712,0.66188,0.66599,0.66678,0.66165,0.66355,0.66428,0.66454,0.66296,0.66044,0.66294,0.65863,0.6619,0.6611,0.66159,0.66027,0.65764,0.66026,0.66326,0.66383,0.66655,0.66448,0.65704,0.65881,0.65957,0.65922,0.65941,0.66507,0.65617,0.65693,0.66265,0.65683,0.65919,0.66062,0.65907,0.65817,0.65989,0.65516,0.65601,0.65846,0.65182
Synth_Outdoor_NH3_50,NH3,50.0,1,0.42226,0.42521,0.43211,0.43648,0.44772,0.46213,0.47858,0.48624,0.50969,0.52446,0.54373,0.56499,0.58621,0.60588,0.63216,0.64839,0.67717,0.70315,0.72664,0.7478,0.77922,0.79901,0.82638,0.85066,0.8733,0.89831,0.91662,0.93849,0.9573,0.97833,0.9989,1.01355,1.03217,1.05013,1.06549,1.07608,1.09393,1.10559,1.12085,1.13211,1.14355,1.1556,1.16636,1.17729,1.18666,1.1966,1.21152,1.21783,1.22426,1.23345,1.24461,1.24735,1.25209,1.25825,1.26281,1.26872,1.27326,1.28309,1.28211,1.28322,1.28176,1.28572,1.28209,1.28556,1.29126,1.28679,1.28316,1.28376,1.27886,1.27612,1.28016,1.27054,1.26965,1.26805,1.26132,1.26147,1.25499,1.25306,1.24827,1.24147,1.24153,1.23069,1.23083,1.22552,1.2221,1.21318,1.20587,1.20817,1.19733,1.19141,1.18835,1.18184,1.18109,1.17375,1.17005,1.16873,1.16339,1.15748,1.15364,1.14922,1.14419,1.1415,1.13921,1.13441,1.13269,1.12667,1.12461,1.1218,1.11978,1.12198,1.1182,1.11137,1.11287,1.10858,1.10575,1.10177,1.10606,1.09844,1.1,1.09606,1.09866,1.09381,1.09677,1.09821,1.09202,1.07169,1.03894,0.9942,0.94151,0.89256,0.85631,0.81929,0.78765,0.75815,0.73243,0.71242,0.69595,0.67377,0.65923,0.64125,0.6302,0.61474,0.6006,0.59205,0.58725,0.57788,0.56604,0.55657,0.55036,0.54362,0.53644,0.53178,0.52576,0.51938,0.51244,0.50988,0.50895,0.50308,0.50032,0.49549,0.4904,0.4895,0.48476,0.482,0.4853,0.47893,0.47592,0.47975,0.47582,0.47103,0.4713,0.46802,0.46534,0.4668,0.4634,0.46307,0.46418,0.46273,0.45796,0.4595,0.45447,0.45747,0.4558,0.4555,0.45297,0.45813,0.4499,0.45388,0.44818,0.45137,0.45092,0.44903,0.44709,0.44817,0.44798,0.45131,0.44416,0.44452,0.44618,0.44441,0.44442,0.44697,0.43688,0.44211,0.43891,0.43997,0.44866,0.44386,0.44445,0.4416,0.44345,0.43692,0.44369,0.4388,0.43931,0.44169,0.44102,0.44027,0.43647,0.43998,0.44199,0.43811,0.4426,0.43701,0.43908,0.44278,0.4371,0.44133,0.4435,0.43889,0.43707,0.43637,0.44147,0.44131,0.44165,0.43787,0.44046,0.4377,0.43558,0.44055,0.44178,0.4351,0.43501,0.43765,0.4399,0.43464,0.43803,0.43599,0.43923,0.43551
Synth_Outdoor_NH3_51,NH3,50.0,1,0.48271,0.49093,0.49419,0.50347,0.51892,0.52974,0.54077,0.5589,0.57345,0.59192,0.61345,0.62892,0.65127,0.67699,0.69953,0.72728,0.74933,0.77374,0.80698,0.82895,0.85588,0.87817,0.90604,0.93285,0.95422,0.98182,1.00223,1.02492,1.0451,1.07126,1.08576,1.10141,1.12355,1.13514,1.15468,1.16461,1.18097,1.19891,1.21384,1.22543,1.23726,1.24905,1.25809,1.2717,1.28372,1.29841,1.30708,1.31179,1.32653,1.33387,1.34175,1.35301,1.3615,1.36806,1.36975,1.37649,1.38282,1.38855,1.38847,1.39224,1.39241,1.39401,1.40015,1.40186,1.39789,1.39947,1.39632,1.39199,1.3925,1.39333,1.3872,1.38884,1.3757,1.38124,1.37601,1.37135,1.36837,1.35902,1.35914,1.35611,1.35429,1.34463,1.33924,1.33542,1.33442,1.32848,1.32186,1.32002,1.31455,1.31239,1.30395,1.3007,1.29637,1.28954,1.28973,1.28545,1.28065,1.27596,1.26901,1.26755,1.26381,1.25874,1.25648,1.25423,1.25454,1.24715,1.24453,1.2411,1.23395,1.23614,1.23377,1.2371,1.22772,1.22616,1.22256,1.21704,1.22021,1.21672,1.21438,1.20768,1.21102,1.20124,1.2084,1.21346,1.19751,1.17742,1.14408,1.09591,1.03974,0.99023,0.94377,0.91076,0.87443,0.85107,0.81861,0.79566,0.77666,0.75169,0.73724,0.72341,0.70102,0.69164,0.67914,0.66877,0.65298,0.64285,0.63829,0.62926,0.62131,0.6143,0.60503,0.60109,0.59545,0.58753,0.58893,0.58074,0.57218,0.57269,0.5648,0.56561,0.56318,0.55506,0.55654,0.55236,0.55075,0.55098,0.54331,0.53985,0.53746,0.53569,0.53568,0.53497,0.53314,0.53295,0.52942,0.53161,0.526,0.5322,0.52574,0.52091,0.5193,0.52216,0.5194,0.52079,0.51932,0.51711,0.51435,0.51194,0.51388,0.51644,0.51414,0.50983,0.51278,0.51272,0.509,0.51108,0.51034,0.50685,0.51012,0.51019,0.51106,0.51058,0.50409,0.50483,0.50812,0.50776,0.50745,0.5155,0.50699,0.50813,0.50738,0.50635,0.50371,0.50615,0.5021,0.50322,0.50238,0.5036,0.50898,0.49834,0.50454,0.49862,0.50131,0.50508,0.50236,0.49938,0.50017,0.50353,0.49987,0.50213,0.50159,0.49975,0.50662,0.50276,0.49604,0.5015,0.49933,0.50306,0.49888,0.50048,0.50196,0.50278,0.49756,0.49968,0.49932,0.49884,0.50485,0.50141,0.49719,0.50259
Synth_Outdoor_NH3_52,NH3,50.0,1,0.68951,0.69264,0.69373,0.7054,0.72049,0.72817,0.74495,0.76116,0.77376,0.7942,0.80583,0.83215,0.85589,0.87602,0.90646,0.92253,0.94914,0.97499,1.00295,1.0206,1.05202,1.07393,1.09594,1.12358,1.14631,1.16692,1.19038,1.2101,1.23136,1.25178,1.27227,1.28262,1.30777,1.31366,1.33374,1.35063,1.3644,1.37614,1.39069,1.40305,1.41556,1.4316,1.44256,1.45182,1.46735,1.47703,1.48901,1.49873,1.50474,1.5145,1.52629,1.53391,1.53977,1.54702,1.55626,1.55731,1.56521,1.56766,1.57123,1.57744,1.579,1.58062,1.58291,1.58017,1.58172,1.57862,1.57909,1.57638,1.57491,1.57372,1.56737,1.57144,1.56015,1.55584,1.55775,1.55262,1.5478,1.54325,1.53696,1.52994,1.52745,1.52061,1.51973,1.51188,1.50507,1.5012,1.49791,1.49038,1.48469,1.48237,1.47746,1.47079,1.46618,1.46336,1.4547,1.45045,1.4479,1.44499,1.4422,1.44109,1.43558,1.42917,1.4258,1.41973,1.41869,1.41464,1.4129,1.40683,1.40701,1.40637,1.39926,1.3977,1.39579,1.39065,1.39,1.38739,1.38553,1.38125,1.38117,1.38033,1.38075,1.37721,1.38257,1.37654,1.37315,1.35119,1.3226,1.27029,1.21874,1.16775,1.12182,1.09028,1.05799,1.03177,1.00656,0.98717,0.9638,0.94084,0.92258,0.91013,0.89106,0.88559,0.87171,0.85634,0.84286,0.84095,0.82843,0.82365,0.80903,0.80452,0.79953,0.7936,0.78675,0.7842,0.7751,0.77288,0.76929,0.76632,0.76308,0.75502,0.75072,0.75466,0.74942,0.74401,0.74721,0.74121,0.74158,0.73668,0.73965,0.73698,0.73016,0.73151,0.72908,0.72935,0.72206,0.7248,0.72443,0.71614,0.71639,0.71314,0.71649,0.71794,0.71893,0.71443,0.71747,0.70912,0.70748,0.71082,0.71115,0.70941,0.70364,0.70795,0.70432,0.70866,0.70732,0.70351,0.70406,0.70222,0.70423,0.70632,0.70104,0.70432,0.70131,0.70025,0.70159,0.6989,0.69977,0.69785,0.70545,0.70034,0.69822,0.70022,0.69911,0.69854,0.70037,0.70048,0.69703,0.69671,0.69727,0.69198,0.69375,0.70077,0.70128,0.69637,0.69827,0.69745,0.70423,0.69918,0.69594,0.69374,0.69197,0.69636,0.69384,0.69205,0.69387,0.69267,0.69948,0.69736,0.69503,0.69866,0.69508,0.69264,0.69852,0.696,0.69199,0.69407,0.6923,0.69097,0.69669,0.69908
Synth_Outdoor_NH3_53,NH3,50.0,1,0.47114,0.48187,0.48618,0.49545,0.50555,0.51705,0.53266,0.5452,0.5641,0.5809,0.59937,0.61796,0.64021,0.66595,0.68856,0.7088,0.73598,0.76254,0.78174,0.81269,0.83514,0.86352,0.88515,0.90699,0.93122,0.9584,0.98112,0.99951,1.02379,1.03758,1.06027,1.07527,1.09375,1.11184,1.12523,1.1414,1.15929,1.16919,1.18613,1.19417,1.21087,1.22536,1.22744,1.24314,1.25776,1.26662,1.27844,1.28589,1.29696,1.30511,1.31653,1.32168,1.32866,1.33294,1.33823,1.34325,1.34958,1.3512,1.35596,1.36276,1.36138,1.35929,1.36327,1.35877,1.35365,1.35466,1.35048,1.35189,1.35003,1.35101,1.34404,1.33863,1.33677,1.32433,1.32538,1.32157,1.3109,1.31256,1.30575,1.29919,1.29724,1.2969,1.28731,1.2832,1.27719,1.27191,1.27167,1.26301,1.26099,1.25545,1.25383,1.24957,1.24745,1.23978,1.23649,1.23067,1.22776,1.22552,1.22217,1.21378,1.2143,1.21197,1.20638,1.20697,1.19734,1.19326,1.18905,1.19443,1.18957,1.18511,1.18336,1.17724,1.18354,1.17512,1.17256,1.17175,1.16902,1.1665,1.1623,1.16382,1.16568,1.16231,1.16553,1.16173,1.1533,1.13557,1.10293,1.06131,1.00348,0.96064,0.91496,0.87931,0.84667,0.81708,0.79806,0.77339,0.7493,0.73049,0.7158,0.70518,0.68606,0.66986,0.66098,0.64989,0.63369,0.63096,0.62191,0.61626,0.61175,0.60309,0.59327,0.58529,0.58901,0.57762,0.57275,0.56822,0.56464,0.55993,0.55527,0.55197,0.5501,0.54586,0.54262,0.54204,0.53867,0.54077,0.52819,0.53549,0.53392,0.52379,0.52637,0.52467,0.52057,0.52069,0.51848,0.52431,0.52103,0.52068,0.51817,0.51248,0.51299,0.51456,0.5094,0.51337,0.51017,0.50904,0.51101,0.50963,0.50693,0.51007,0.50386,0.50751,0.50687,0.50406,0.50516,0.50074,0.5057,0.50248,0.50123,0.50476,0.49997,0.49783,0.4971,0.50215,0.4971,0.50438,0.4945,0.50368,0.4997,0.49867,0.49729,0.49942,0.49809,0.50074,0.49806,0.49797,0.49651,0.49708,0.49783,0.49262,0.49336,0.49845,0.49689,0.49588,0.49626,0.49694,0.49464,0.49392,0.49627,0.49323,0.4966,0.49124,0.49798,0.49651,0.49591,0.49768,0.49935,0.49768,0.49051,0.49186,0.49344,0.49501,0.4962,0.49304,0.49529,0.49293,0.49327,0.49127,0.49248,0.49141
Synth_Outdoor_NH3_54,NH3,50.0,1,0.59929,0.61422,0.61649,0.62498,0.63328,0.65002,0.66097,0.67836,0.70165,0.71366,0.73682,0.75348,0.77758,0.8055,0.82375,0.85484,0.87768,0.90045,0.92964,0.95678,0.98211,1.0026,1.03033,1.05668,1.08163,1.10706,1.12877,1.1469,1.17217,1.19281,1.21186,1.23148,1.2484,1.2642,1.27891,1.29028,1.31021,1.32375,1.33748,1.34668,1.35983,1.37747,1.38671,1.40015,1.40981,1.42075,1.43355,1.43995,1.45097,1.45851,1.4669,1.47493,1.48336,1.48793,1.4977,1.49719,1.50343,1.5068,1.515,1.51474,1.51897,1.51382,1.51837,1.51941,1.51636,1.51725,1.51131,1.5138,1.51335,1.50371,1.50025,1.50145,1.49801,1.48874,1.48479,1.48072,1.47344,1.46978,1.4648,1.4606,1.45753,1.45323,1.45164,1.44043,1.44065,1.43306,1.42905,1.42649,1.41757,1.41687,1.41201,1.40858,1.40383,1.4051,1.39345,1.39005,1.38633,1.38319,1.37983,1.38131,1.37869,1.37054,1.36672,1.36681,1.36105,1.36077,1.35655,1.3492,1.35392,1.35164,1.34274,1.3404,1.33906,1.33596,1.33361,1.33385,1.32528,1.32066,1.31627,1.31506,1.31406,1.31558,1.31172,1.31442,1.30558,1.28718,1.25526,1.20078,1.14721,1.09739,1.05277,1.01882,0.98277,0.95086,0.92655,0.90371,0.88111,0.86042,0.84366,0.82735,0.81275,0.79706,0.78228,0.77135,0.76321,0.74818,0.74194,0.73151,0.72468,0.72051,0.71101,0.70435,0.69497,0.69474,0.68939,0.6884,0.67775,0.67487,0.67105,0.67071,0.66309,0.66079,0.65856,0.65464,0.65033,0.64935,0.64912,0.64157,0.64233,0.63824,0.64105,0.63243,0.63311,0.63381,0.6352,0.62963,0.62699,0.6317,0.62207,0.61892,0.62433,0.62086,0.61849,0.6218,0.61965,0.61666,0.61398,0.6185,0.61715,0.61449,0.61859,0.61054,0.60867,0.61004,0.61101,0.61111,0.6093,0.61018,0.6056,0.61177,0.60743,0.60993,0.60756,0.60739,0.60723,0.60647,0.60653,0.60782,0.60457,0.60548,0.60312,0.60659,0.60093,0.60676,0.60181,0.59801,0.60158,0.59926,0.60277,0.59876,0.59899,0.59512,0.59845,0.59327,0.59512,0.60075,0.60059,0.59947,0.59578,0.59786,0.59774,0.59464,0.6011,0.59932,0.59641,0.59687,0.59718,0.59138,0.59571,0.59445,0.59349,0.59512,0.60016,0.59713,0.59396,0.59665,0.59858,0.59726,0.59496,0.59307
Synth_Outdoor_NH3_55,NH3,50.0,1,0.60041,0.60537,0.61352,0.61819,0.63296,0.64208,0.65991,0.66751,0.68947,0.70293,0.71937,0.73956,0.7608,0.78442,0.80719,0.82764,0.85273,0.88232,0.90577,0.92729,0.9511,0.97594,1.00146,1.02109,1.04604,1.06476,1.09144,1.11285,1.13005,1.15433,1.1656,1.18223,1.20285,1.22066,1.23748,1.24679,1.26475,1.27553,1.28816,1.30316,1.31458,1.32071,1.33979,1.35067,1.35648,1.36944,1.37959,1.38839,1.39515,1.40301,1.41231,1.42247,1.4276,1.43141,1.43978,1.43559,1.44968,1.44579,1.45193,1.45205,1.45304,1.46004,1.4562,1.45791,1.45608,1.45612,1.4535,1.44804,1.45131,1.44476,1.4388,1.43794,1.43874,1.43287,1.42536,1.4206,1.41585,1.41697,1.40781,1.40294,1.3995,1.39258,1.3863,1.38131,1.37645,1.37127,1.36785,1.36094,1.35775,1.35115,1.34725,1.33793,1.34123,1.33583,1.33353,1.31996,1.32866,1.31936,1.31876,1.30962,1.30999,1.30208,1.29955,1.30239,1.29374,1.29146,1.28997,1.28604,1.28223,1.27993,1.28227,1.27344,1.27149,1.27107,1.26875,1.26653,1.26269,1.25583,1.26043,1.25127,1.25279,1.24783,1.25176,1.25398,1.24684,1.22786,1.19892,1.15347,1.10288,1.05705,1.01786,0.97836,0.95311,0.92661,0.90001,0.88242,0.8589,0.84167,0.82461,0.8102,0.79381,0.78048,0.7766,0.75999,0.74995,0.73814,0.73373,0.72445,0.72485,0.71678,0.70649,0.70823,0.69984,0.69172,0.68178,0.68954,0.67643,0.67211,0.67532,0.67563,0.66997,0.66509,0.66252,0.66068,0.65811,0.6547,0.65218,0.6498,0.6462,0.64561,0.64042,0.64284,0.63913,0.63745,0.63934,0.64113,0.63876,0.63141,0.63181,0.63561,0.62981,0.63079,0.63183,0.62721,0.62911,0.62475,0.62589,0.62751,0.62209,0.62656,0.62479,0.62566,0.62428,0.6266,0.623,0.62112,0.62205,0.62267,0.621,0.62059,0.61837,0.61812,0.61592,0.62345,0.61564,0.61671,0.61635,0.6201,0.61688,0.62048,0.61543,0.61757,0.61456,0.62179,0.61327,0.61682,0.61743,0.61668,0.61501,0.61498,0.61526,0.61462,0.61727,0.62024,0.61316,0.611,0.61409,0.62065,0.61207,0.61808,0.61807,0.61238,0.61509,0.61768,0.61261,0.61301,0.61201,0.61087,0.61171,0.6102,0.61328,0.61124,0.61369,0.60916,0.61384,0.61506,0.60795,0.61383,0.61602,0.60999
Synth_Outdoor_NH3_56,NH3,50.0,1,0.70213,0.70503,0.70991,0.7209,0.73346,0.74524,0.76069,0.77291,0.7931,0.80809,0.83172,0.85137,0.87458,0.90326,0.92752,0.95164,0.97348,1.00205,1.0329,1.05739,1.09006,1.11236,1.13855,1.16334,1.18993,1.21388,1.23978,1.26319,1.28076,1.3005,1.31952,1.34481,1.35953,1.37496,1.39861,1.42038,1.42988,1.44711,1.45978,1.4734,1.48964,1.49998,1.5143,1.52698,1.53663,1.55248,1.56076,1.57,1.58344,1.58942,1.60063,1.60876,1.61905,1.62442,1.62935,1.63697,1.64331,1.64538,1.64744,1.64687,1.64962,1.65301,1.65308,1.65445,1.65477,1.65529,1.6529,1.65305,1.65028,1.64282,1.64235,1.64064,1.6337,1.63365,1.63123,1.62545,1.61674,1.6157,1.60689,1.60021,1.5941,1.58937,1.58365,1.5795,1.5739,1.5678,1.56316,1.55921,1.5529,1.54145,1.53386,1.53817,1.52837,1.52742,1.52133,1.5158,1.51778,1.51461,1.50765,1.49905,1.50059,1.49936,1.49111,1.4917,1.48783,1.48618,1.48206,1.47637,1.47886,1.47251,1.46991,1.46467,1.46296,1.459,1.45818,1.46044,1.45037,1.44741,1.45272,1.44592,1.44209,1.44334,1.44141,1.44851,1.43724,1.4122,1.38229,1.32673,1.27436,1.21758,1.17473,1.13712,1.09918,1.06659,1.04201,1.01418,0.99829,0.97304,0.9531,0.93739,0.91793,0.90457,0.89687,0.88013,0.86807,0.8618,0.85398,0.84409,0.83671,0.82485,0.81624,0.81706,0.8065,0.80106,0.79977,0.79297,0.78818,0.78821,0.77722,0.77738,0.7717,0.76894,0.76898,0.76353,0.76087,0.75964,0.75362,0.75012,0.74743,0.74306,0.75117,0.74146,0.74193,0.74016,0.74006,0.73983,0.73851,0.73354,0.73332,0.73324,0.73075,0.7343,0.73049,0.7301,0.72896,0.72931,0.72597,0.72141,0.72483,0.72146,0.72105,0.72313,0.72408,0.72041,0.72051,0.72339,0.71917,0.72452,0.71889,0.71257,0.71838,0.71699,0.71883,0.71686,0.71443,0.71133,0.71351,0.71155,0.71187,0.71442,0.7168,0.71326,0.70899,0.71282,0.71443,0.70966,0.71059,0.7107,0.70846,0.71178,0.70962,0.71073,0.70725,0.70819,0.7109,0.70798,0.71308,0.70759,0.70898,0.71058,0.70454,0.70353,0.70395,0.71078,0.70613,0.71377,0.70586,0.70761,0.7109,0.71195,0.71199,0.70977,0.70922,0.70801,0.70838,0.70497,0.70422,0.70618,0.70569,0.70493
Synth_Outdoor_NH3_57,NH3,50.0,1,0.62493,0.63461,0.63596,0.64791,0.65787,0.66824,0.68729,0.70336,0.72521,0.74226,0.75884,0.78806,0.80967,0.83229,0.85537,0.87937,0.90726,0.93776,0.967,0.99359,1.01594,1.0416,1.07164,1.0932,1.12406,1.14772,1.17095,1.19119,1.2186,1.23725,1.25597,1.27095,1.29626,1.31807,1.33426,1.34466,1.35946,1.37688,1.38751,1.40458,1.41914,1.43331,1.44261,1.45457,1.46462,1.47621,1.48912,1.50195,1.51435,1.52052,1.53598,1.54032,1.54858,1.55351,1.55539,1.5691,1.57349,1.57509,1.57952,1.58353,1.58048,1.58445,1.5884,1.58312,1.58629,1.58117,1.58452,1.58173,1.57593,1.58056,1.573,1.56942,1.56814,1.56643,1.55677,1.55494,1.55119,1.54699,1.54074,1.53432,1.52798,1.52509,1.51704,1.50721,1.51036,1.5063,1.49289,1.49101,1.48973,1.48801,1.47759,1.4705,1.46684,1.466,1.45648,1.45183,1.44845,1.4431,1.44157,1.44114,1.43374,1.42825,1.42421,1.41724,1.41967,1.4136,1.40977,1.4147,1.40411,1.39823,1.39589,1.39672,1.39101,1.38407,1.38694,1.37999,1.38352,1.37889,1.37251,1.37432,1.36886,1.36812,1.36944,1.3671,1.35909,1.34104,1.30099,1.25221,1.19518,1.14303,1.10183,1.05583,1.02452,0.99742,0.96613,0.94258,0.91626,0.8995,0.87933,0.86521,0.85011,0.83934,0.82121,0.80855,0.79716,0.7856,0.77796,0.76768,0.76077,0.75619,0.74345,0.74236,0.73682,0.72766,0.71747,0.71642,0.71666,0.70915,0.70277,0.70028,0.70018,0.69615,0.6911,0.6879,0.68512,0.68125,0.68518,0.67805,0.67974,0.67846,0.67523,0.66986,0.67025,0.66757,0.66384,0.66544,0.66028,0.66486,0.65946,0.65993,0.659,0.65656,0.65765,0.654,0.65642,0.64997,0.65281,0.65652,0.64838,0.64844,0.65071,0.64918,0.64896,0.64869,0.64845,0.64906,0.64676,0.6446,0.64636,0.64893,0.64337,0.64079,0.64554,0.64205,0.63653,0.6437,0.63985,0.64062,0.64132,0.64062,0.64162,0.63846,0.64055,0.63834,0.64056,0.64,0.63587,0.64067,0.6364,0.63955,0.63824,0.64171,0.63636,0.63584,0.63648,0.63557,0.63815,0.63196,0.63322,0.63302,0.63793,0.63969,0.63501,0.63469,0.63514,0.63774,0.63242,0.63524,0.63699,0.63571,0.63485,0.6368,0.62746,0.63583,0.63243,0.62939,0.63516,0.63723,0.63337,0.63601
Synth_Outdoor_NH3_58,NH3,50.0,1,0.56658,0.57014,0.5759,0.58077,0.59486,0.60603,0.62748,0.63701,0.65459,0.67392,0.69226,0.7173,0.73357,0.75862,0.78017,0.80336,0.83031,0.85733,0.88227,0.9077,0.93198,0.96115,0.98318,1.01402,1.03681,1.05671,1.08268,1.10376,1.12764,1.15043,1.16158,1.18482,1.20155,1.22049,1.2356,1.24884,1.26489,1.27826,1.29709,1.30824,1.32638,1.33453,1.34532,1.35538,1.3662,1.37793,1.39328,1.404,1.40812,1.42299,1.42751,1.43664,1.44721,1.45168,1.45467,1.4588,1.46113,1.47011,1.47658,1.4791,1.48423,1.48617,1.48573,1.48421,1.48533,1.4847,1.47914,1.48271,1.47515,1.47069,1.46739,1.46131,1.4584,1.45179,1.44453,1.44148,1.43198,1.42909,1.42294,1.41681,1.41122,1.4007,1.39793,1.39327,1.38731,1.37834,1.37857,1.36792,1.36739,1.36108,1.35366,1.35541,1.34417,1.346,1.34309,1.3356,1.3372,1.32914,1.3263,1.32205,1.317,1.3154,1.31142,1.30116,1.30499,1.29387,1.29712,1.294,1.2851,1.28332,1.27814,1.27711,1.27365,1.27323,1.27147,1.26858,1.26052,1.25826,1.2517,1.25128,1.25325,1.25226,1.24737,1.25012,1.24376,1.22391,1.18708,1.14477,1.09042,1.03954,0.99861,0.96159,0.92868,0.90101,0.8754,0.85153,0.83079,0.81639,0.79647,0.77851,0.76652,0.75071,0.74236,0.72922,0.71777,0.70972,0.69597,0.68903,0.68141,0.67784,0.67541,0.6707,0.66118,0.65569,0.64512,0.64379,0.63901,0.63555,0.63304,0.62887,0.62192,0.62575,0.61837,0.61897,0.62104,0.6112,0.60493,0.60844,0.60992,0.61019,0.60047,0.60312,0.59913,0.59856,0.60399,0.59228,0.59536,0.59465,0.59505,0.59147,0.59095,0.58819,0.5889,0.58647,0.58801,0.58471,0.58578,0.58399,0.58613,0.58248,0.57751,0.58446,0.57844,0.57852,0.57812,0.58251,0.57319,0.58588,0.58019,0.57766,0.57654,0.577,0.57719,0.57709,0.57646,0.57494,0.57387,0.57367,0.57324,0.57625,0.57459,0.56546,0.57419,0.57279,0.57201,0.57087,0.57441,0.57374,0.56919,0.57191,0.56824,0.56702,0.56871,0.57226,0.57232,0.57105,0.57142,0.57074,0.56768,0.57022,0.57098,0.57073,0.57168,0.57032,0.56932,0.57102,0.56817,0.56592,0.5676,0.56606,0.56614,0.56735,0.56565,0.56684,0.56289,0.56818,0.56767,0.56565,0.56936,0.57008
Synth_Outdoor_NH3_59,NH3,50.0,1,0.36356,0.37089,0.37757,0.38532,0.39939,0.40823,0.42062,0.43017,0.45203,0.46391,0.48504,0.50467,0.52754,0.54193,0.55951,0.59007,0.61717,0.63919,0.66042,0.6828,0.71037,0.73035,0.75819,0.78206,0.80669,0.83358,0.84958,0.86853,0.89014,0.90528,0.9264,0.94441,0.96071,0.97854,0.99196,1.01253,1.02531,1.04029,1.05392,1.06863,1.08316,1.09144,1.10426,1.11724,1.12663,1.13945,1.15134,1.16481,1.17237,1.1806,1.18983,1.19435,1.20226,1.20723,1.21388,1.21661,1.21576,1.22454,1.23071,1.2313,1.23255,1.2335,1.23007,1.22889,1.22474,1.22303,1.22269,1.22135,1.21475,1.21007,1.20677,1.20339,1.19299,1.18524,1.18367,1.17579,1.17121,1.16554,1.15793,1.15534,1.14455,1.13614,1.12866,1.11645,1.1149,1.106,1.10247,1.09311,1.08702,1.08796,1.08185,1.07353,1.06826,1.06764,1.05602,1.05736,1.04557,1.04423,1.03724,1.03568,1.02939,1.02708,1.02451,1.01922,1.02098,1.01523,1.0135,1.00925,1.0028,1.00582,1.0095,1.0027,0.99789,0.99456,0.99265,0.99151,0.98506,0.98909,0.98696,0.98617,0.98486,0.98284,0.98769,0.98936,0.98021,0.96054,0.93034,0.89147,0.83585,0.78681,0.75168,0.71849,0.68947,0.66335,0.63852,0.62144,0.59438,0.57875,0.56461,0.54621,0.53662,0.52909,0.51385,0.50416,0.49105,0.48398,0.4766,0.46935,0.46653,0.45838,0.44832,0.44627,0.44185,0.43871,0.43541,0.42481,0.42146,0.41675,0.41595,0.41456,0.41292,0.40748,0.40424,0.40296,0.39817,0.40329,0.39197,0.39447,0.39724,0.39044,0.38827,0.38629,0.38522,0.38767,0.37732,0.3854,0.37679,0.37853,0.37699,0.37847,0.37198,0.37615,0.37911,0.36976,0.3728,0.36986,0.37178,0.37002,0.36766,0.36977,0.37238,0.36672,0.36839,0.36274,0.363,0.36601,0.368,0.36464,0.36245,0.36273,0.35915,0.36332,0.36356,0.35979,0.35934,0.36078,0.35863,0.35918,0.36424,0.35801,0.35738,0.35632,0.35945,0.35682,0.35533,0.35996,0.35991,0.35457,0.35115,0.35805,0.35353,0.35695,0.34979,0.35667,0.35116,0.35579,0.35378,0.35113,0.3523,0.35483,0.35319,0.35418,0.35746,0.34839,0.35612,0.35212,0.34939,0.34812,0.35082,0.35349,0.35079,0.35482,0.34735,0.35088,0.34771,0.35168,0.35292,0.34958,0.34405,0.35099
Synth_Outdoor_NH3_60,NH3,50.0,1,0.6369,0.63629,0.64741,0.65702,0.65949,0.67645,0.68741,0.70299,0.72011,0.73551,0.75389,0.77578,0.79426,0.81657,0.84424,0.86375,0.89303,0.91783,0.93808,0.96668,0.99742,1.01797,1.04497,1.07253,1.09798,1.11933,1.1416,1.16897,1.19123,1.21001,1.22767,1.24459,1.263,1.28417,1.30108,1.32016,1.33438,1.3447,1.36641,1.37627,1.39245,1.40833,1.42658,1.44282,1.44951,1.45996,1.47358,1.48561,1.4929,1.50752,1.51188,1.51974,1.52628,1.53079,1.53601,1.53563,1.53817,1.53833,1.54282,1.54347,1.54163,1.54281,1.53589,1.53408,1.5255,1.52245,1.51976,1.5143,1.50528,1.49939,1.48908,1.48507,1.48113,1.47316,1.46571,1.45733,1.45001,1.4412,1.4375,1.42974,1.42293,1.41351,1.40273,1.40435,1.39415,1.38714,1.38513,1.37664,1.3746,1.36792,1.36266,1.35228,1.35371,1.34655,1.3401,1.33628,1.32646,1.32705,1.31861,1.31323,1.30856,1.31136,1.30332,1.3051,1.29661,1.29071,1.28935,1.2928,1.28719,1.28458,1.28508,1.28477,1.285,1.28459,1.2789,1.27555,1.27715,1.27848,1.27525,1.27502,1.27779,1.27549,1.27834,1.27741,1.27101,1.24923,1.22103,1.17824,1.12199,1.07535,1.03427,1.00305,0.97483,0.94486,0.92229,0.90055,0.88409,0.86609,0.84808,0.83572,0.82061,0.80917,0.80292,0.79189,0.7759,0.77261,0.76462,0.75238,0.75052,0.74606,0.73364,0.72881,0.72866,0.72218,0.71857,0.71401,0.71038,0.7026,0.70527,0.70254,0.69619,0.69399,0.68776,0.69053,0.68848,0.68484,0.68583,0.68035,0.68086,0.67526,0.67619,0.67436,0.67397,0.67118,0.67053,0.67176,0.66748,0.6635,0.67089,0.66904,0.66145,0.66552,0.66174,0.66289,0.66223,0.66023,0.65823,0.65787,0.6567,0.65631,0.65767,0.65552,0.6585,0.66002,0.65438,0.65599,0.65618,0.65571,0.65434,0.65566,0.65463,0.65,0.65494,0.65468,0.65023,0.65198,0.65332,0.65083,0.65377,0.65677,0.64868,0.64696,0.65097,0.65184,0.64929,0.65332,0.64618,0.65109,0.64768,0.65333,0.65388,0.64684,0.64725,0.65064,0.6474,0.64812,0.64819,0.64321,0.64788,0.6461,0.64651,0.6513,0.64446,0.64954,0.64673,0.64665,0.64924,0.64806,0.6486,0.64957,0.64626,0.64552,0.6443,0.64492,0.65434,0.65014,0.6437,0.64383,0.64839,0.64861
